478
711
19 11 4 5 11 9 8 6 7 9 14 9 2 17 19 9 3 14 178 17 10 3 174 3 16 174 18 9 184 17 183 2 15 9 14 14 150 8 6 0 181 0 6 18 2 2 4 1 2 20 153 9 12 20 5 11 3 2 158 11 170 4 14 156 177 159 200 200 2 11 11 177 8 14 7 15 9 8 187 16 160 4 15 20 4 189 173 16 196 8 10 8 194 12 13 15 20 1 9 14 0 4 6 200 8 166 5 151 198 197 19 3 17 18 1 158 4 2 2 4 9 19 176 193 167 5 6 7 4 14 18 12 8 7 6 18 6 10 7 10 15 3 174 169 14 178 4 182 13 168 173 176 10 5 6 150 0 3 14 0 5 13 16 6 11 3 20 19 0 194 180 3 14 19 10 9 19 16 13 2 14 4 16 0 15 195 10 2 3 19 14 193 20 5 20 13 7 19 0 10 161 8 20 11 17 1 7 5 16 12 2 16 2 9 188 16 12 0 189 200 185 10 14 2 162 153 9 13 17 162 7 187 17 15 3 4 15 19 12 15 9 1 9 1 173 9 8 1 8 16 7 0 182 173 156 10 8 0 19 156 10 167 11 1 7 168 194 7 12 12 12 2 9 18 2 1 5 4 13 14 7 10 10 174 11 5 13 5 7 13 7 15 16 12 10 18 5 4 0 166 20 0 0 9 2 176 174 18 184 3 0 13 16 5 16 170 159 184 7 2 7 6 6 5 17 11 18 7 19 19 2 8 7 6 13 3 7 1 12 162 8 6 2 3 5 175 8 2 20 15 12 4 153 1 8 16 173 7 5 16 6 16 16 20 10 2 5 6 4 9 196 6 5 19 150 2 161 5 150 19 169 7 8 8 10 182 193 15 16 11 16 5 5 186 16 6 5 5 13 19 151 186 20 13 16 10 20 155 17 14 10 18 1 11 8 5 6 17 192 192 8 20 19 0 14 3 173 189 19 7 11 10 178 15 179 20 20 159 5 2 15 13 20 16 19 193 1 2 199 185 4 13 14 19 6 169 13 11 20 192 12 1 14 173 5 192 5 2 6 12 14 10 152 154 1 3 18 1 17 0 20 17 12 19 12 3 2 19 14 14 0 15 14 1 8 13 18 5 12 13 16 18 185 181 9 190 20 4 7 10 2 198 0 9 17 19 1 11 1 10 12 190 0 164 3 1 19 18 10 12 16 2 20 19 18 14 17 12 9 17 195 1 173 14 15 168 5 4 9 1 194 14 19 3 3 12 14 12 1 180 13 20 174 12 181 2 13 15 2 18 12 18 6 0 14 20 7 10 3 197 1 17 9 0 2 193 167 1 178 185 6 183 11 189 17 14 13 179 14 184 18 16 11 11 15 9 190 1 166 7 6 11 4 173 8 0 15 11 6 20 198 2 11 10 8 3 2 13 4 150 4 6 20 8 6 20 162 5 199 6 155 12 172 0 15 11 199 17 6 12 17 157 18 195 9 151 3 19 2 19 2 19 0 12 3 16 6 20 5 12 8 8 13 13 9 2 19 10 7 18 19 168 15 19 4 18 0 8 6 1 19 5 151 13 11 18 173 10 7 174 10 5 5 15 16 151 16 17 12 175 20
163
200 200 200 200 200 200 200 200 200 200 200 200 200 200 200 200 200 200 200 200 200 200 200 200 200 200 200 200 200 200 200 200 200 200 200 200 200 200 200 200 200 200 200 200 200 200 200 200 200 200 200 200 200 200 200 200 200 200 200 200 200 200 200 200 200 200 200 200 200 200 200 200 200 200 200 200 200 200 200 200 200 200 200 200 200 200 200 200 200 200 200 200 200 200 200 200 200 200 200 200 200 200 200 200 200 200 200 200 200 200 200 200 200 200 200 200 200 200 200 200 200 200 200 200 200 200 200 200 200 200 200 200 200 200 200 200 200 200 200 200 200 200 200 200 200 200 200 200 200 200 200 200 200 200 200 200 200 200 200 200 200 200 200
853
200 200 200 200 200 200 200 200 200 200 200 200 200 200 200 200 200 200 200 200 200 200 200 200 200 200 200 200 200 200 200 200 200 200 200 200 200 200 200 200 200 200 200 200 200 200 200 200 200 200 200 200 200 200 200 200 200 200 200 200 200 200 200 200 200 200 200 200 200 200 200 200 200 200 200 200 200 200 200 200 200 200 200 200 200 200 200 200 200 200 200 200 200 200 200 200 200 200 200 200 200 200 200 200 200 200 200 200 200 200 200 200 200 200 200 200 200 200 200 200 200 200 200 200 200 200 200 200 200 200 200 200 200 200 200 200 200 200 200 200 200 200 200 200 200 200 200 200 200 200 200 200 200 200 200 200 200 200 200 200 200 200 200 200 200 200 200 200 200 200 200 200 200 200 200 200 200 200 200 200 200 200 200 200 200 200 200 200 200 200 200 200 200 200 200 200 200 200 200 200 200 200 200 200 200 200 200 200 200 200 200 200 200 200 200 200 200 200 200 200 200 200 200 200 200 200 200 200 200 200 200 200 200 200 200 200 200 200 200 200 200 200 200 200 200 200 200 200 200 200 200 200 200 200 200 200 200 200 200 200 200 200 200 200 200 200 200 200 200 200 200 200 200 200 200 200 200 200 200 200 200 200 200 200 200 200 200 200 200 200 200 200 200 200 200 200 200 200 200 200 200 200 200 200 200 200 200 200 200 200 200 200 200 200 200 200 200 200 200 200 200 200 200 200 200 200 200 200 200 200 200 200 200 200 200 200 200 200 200 200 200 200 200 200 200 200 200 200 200 200 200 200 200 200 200 200 200 200 200 200 200 200 200 200 200 200 200 200 200 200 200 200 200 200 200 200 200 200 200 200 200 200 200 200 200 200 200 200 200 200 200 200 200 200 200 200 200 200 200 200 200 200 200 200 200 200 200 200 200 200 200 200 200 200 200 200 200 200 200 200 200 200 200 200 200 200 200 200 200 200 200 200 200 200 200 200 200 200 200 200 200 200 200 200 200 200 200 200 200 200 200 200 200 200 200 200 200 200 200 200 200 200 200 200 200 200 200 200 200 200 200 200 200 200 200 200 200 200 200 200 200 200 200 200 200 200 200 200 200 200 200 200 200 200 200 200 200 200 200 200 200 200 200 200 200 200 200 200 200 200 200 200 200 200 200 200 200 200 200 200 200 200 200 200 200 200 200 200 200 200 200 200 200 200 200 200 200 200 200 200 200 200 200 200 200 200 200 200 200 200 200 200 200 200 200 200 200 200 200 200 200 200 200 200 200 200 200 200 200 200 200 200 200 200 200 200 200 200 200 200 200 200 200 200 200 200 200 200 200 200 200 200 200 200 200 200 200 200 200 200 200 200 200 200 200 200 200 200 200 200 200 200 200 200 200 200 200 200 200 200 200 200 200 200 200 200 200 200 200 200 200 200 200 200 200 200 200 200 200 200 200 200 200 200 200 200 200 200 200 200 200 200 200 200 200 200 200 200 200 200 200 200 200 200 200 200 200 200 200 200 200 200 200 200 200 200 200 200 200 200 200 200 200 200 200 200 200 200 200 200 200 200 200 200 200 200 200 200 200 200 200 200 200 200 200 200 200 200 200 200 200 200 200 200 200 200 200 200 200 200 200 200 200 200 200 200 200 200 200 200 200 200 200 200 200 200 200 200 200 200 200 200 200 200 200 200 200 200 200 200 200 200 200 200 200 200 200 200 200 200 200 200 200 200 200 200 200 200 200 200 200 200 200 200 200 200 200 200 200 200 200 200 200 200 200 200 200 200 200 200 200 200 200 200 200 200 200 200 200 200 200 200 200 200 200 200 200 200 200 200 200 200 200 200 200 200 200 200 200 200 200 200 200 200 200 200 200 200 200 200 200 200 200 200 200 200 200 200 200 200 200 200 200 200 200 200 200 200 200 200 200 200 200
208
24 57 24 24 37 57 37 57 24 37 57 57 57 24 57 57 37 37 57 24 24 57 37 57 57 57 37 24 57 24 37 37 24 24 24 57 24 37 37 37 37 37 37 57 24 37 24 37 57 57 57 57 24 37 37 24 24 57 37 24 37 24 24 57 37 37 57 24 57 37 24 57 37 57 57 37 37 37 37 57 37 57 37 57 24 57 37 24 57 37 24 24 24 37 57 24 57 24 37 57 37 57 24 24 57 24 57 24 57 24 57 57 24 37 57 57 57 24 24 57 37 37 24 57 57 24 37 57 24 57 57 37 57 37 37 57 57 37 37 37 57 24 24 24 37 24 37 57 37 24 57 37 57 24 37 37 57 24 24 57 37 37 37 37 57 37 37 24 57 37 37 24 57 24 24 24 24 37 24 24 37 57 24 37 24 37 24 57 37 57 57 37 37 37 24 57 24 57 24 37 37 57 37 24 57 24 37 24
477
129 143 118 155 138 44 95 47 164 155 43 190 135 87 50 167 87 111 75 132 127 161 41 189 8 87 74 41 198 152 97 58 145 199 123 189 197 35 199 180 26 45 163 121 173 94 194 101 157 74 85 196 98 151 143 18 32 70 159 107 80 34 44 179 3 37 122 66 33 185 171 157 169 107 194 82 139 65 35 36 120 59 70 171 178 31 137 106 90 158 140 167 88 105 73 106 108 173 107 95 54 13 133 136 55 97 33 190 159 61 155 141 55 115 160 72 156 120 185 125 2 148 196 15 53 40 68 45 133 109 50 88 76 24 179 60 38 99 53 52 16 6 176 47 80 33 194 159 133 48 46 139 189 188 97 98 154 123 5 58 37 179 132 24 68 184 98 134 163 189 15 130 73 56 8 119 61 82 187 127 196 200 0 0 121 21 198 19 31 9 192 38 39 172 28 156 122 74 194 189 119 105 26 139 182 63 45 103 73 72 161 68 6 116 121 162 186 150 150 35 32 169 68 194 77 28 168 183 75 84 196 3 110 37 156 78 90 0 31 174 21 173 12 182 111 200 43 193 20 83 135 6 200 30 78 151 180 196 162 76 92 177 164 99 5 192 84 103 5 173 81 161 53 100 191 120 167 27 85 159 104 149 200 85 21 90 172 34 105 144 97 164 94 29 53 70 5 102 100 72 58 187 147 112 194 87 47 109 119 131 10 100 117 72 142 58 135 125 110 124 62 41 149 121 37 32 188 33 98 9 18 18 196 73 75 45 50 88 32 12 1 134 178 4 48 69 123 156 149 189 54 139 148 167 174 0 149 0 5 156 100 66 82 172 180 29 25 137 180 181 178 41 43 94 107 194 39 106 23 29 6 111 73 143 80 110 113 60 108 39 121 176 151 100 134 94 167 9 157 46 111 20 57 84 175 144 115 77 143 188 176 180 54 6 125 107 131 106 74 143 156 107 109 109 190 100 82 147 141 19 76 51 29 94 91 53 54 197 190 182 11 115 4 143 174 117 109 18 129 146 57 136 159 19 31 5 121 177 116 15 169 188 200 163 141 117 115 184 35 184 143 0 122 33 110 10 110
532
19 11 2 19 8 13 10 2 175 20 2 11 9 18 6 9 0 4 2 1 7 20 19 2 0 15 1 20 11 19 162 1 20 2 175 14 1 9 5 168 4 164 7 183 2 6 199 11 175 1 20 0 11 162 3 197 15 189 19 9 6 2 15 14 1 198 16 161 4 0 180 11 13 9 9 2 1 17 18 4 188 13 165 11 10 15 10 6 11 5 12 20 14 19 12 193 5 190 20 17 2 6 16 6 14 6 19 19 2 7 14 10 13 5 14 150 159 2 0 14 165 12 15 15 10 1 3 13 17 11 18 19 9 18 2 12 152 12 12 4 10 12 20 20 165 164 7 190 10 7 10 198 193 182 16 165 150 0 4 13 176 1 16 1 17 18 14 15 165 18 14 16 13 14 3 16 153 5 18 7 17 14 0 8 12 12 6 15 20 11 2 19 1 12 9 17 17 0 8 158 11 9 8 9 161 2 10 177 17 1 14 7 198 13 12 16 14 10 8 15 3 2 18 16 18 5 1 4 6 194 158 9 20 18 4 177 189 4 157 8 7 167 9 18 9 3 3 19 5 14 0 10 8 189 12 19 15 1 20 171 4 8 2 8 18 156 12 2 151 12 1 181 0 13 20 10 9 0 20 190 171 20 0 6 12 196 160 200 18 180 3 150 7 188 13 18 2 11 197 9 17 1 196 20 9 12 162 185 4 20 3 7 15 7 7 151 167 3 19 12 3 0 15 15 189 170 1 10 9 11 12 11 3 5 3 198 170 14 8 6 187 6 16 200 20 13 172 0 0 1 11 15 6 11 153 14 10 10 164 1 9 4 10 173 14 195 16 19 8 6 3 7 186 10 15 157 167 191 16 19 2 12 16 5 6 7 11 18 180 174 6 2 9 10 177 2 14 19 0 6 5 12 18 174 20 17 7 12 2 0 13 15 6 18 17 10 20 19 14 6 1 8 17 14 167 18 4 16 12 20 14 16 10 2 184 20 14 17 10 3 2 13 156 5 13 6 195 10 0 11 12 11 14 15 167 0 151 3 20 19 10 10 2 191 171 7 5 6 183 18 9 2 0 0 4 9 19 13 13 8 198 14 11 20 5 13 13 161 11 167 11 9 20 8 17 12 6 0 9 4 174 14 0 13 3 2 9 170 189 11 3 159 6 9 8 160 17 168 12 1 20 15 0 187 2 14 179 189 185 7 2 2
514
1 20 3 3 18 6 188 9 9 18 152 13 157 13 7 164 177 0 13 7 20 13 175 16 8 11 14 0 16 6 188 2 2 167 4 11 4 194 18 7 8 1 18 180 162 183 153 10 15 17 198 20 8 4 16 8 2 0 10 188 9 20 162 17 0 167 157 14 12 8 3 150 9 12 15 10 173 157 12 4 14 12 3 184 161 190 13 2 20 12 12 176 1 184 10 12 1 12 9 5 10 1 151 175 9 15 6 173 4 20 183 19 3 20 18 7 14 18 7 191 19 10 1 10 14 1 7 166 14 167 13 4 7 191 153 4 16 6 4 19 16 19 13 8 11 7 20 20 16 19 19 4 188 2 11 189 194 17 1 156 5 0 8 17 15 3 11 16 6 7 0 2 5 11 6 20 3 18 9 186 11 4 20 5 19 15 13 2 17 4 5 9 19 10 11 1 13 169 13 151 197 8 13 19 18 168 5 8 9 8 5 18 199 2 5 6 16 9 14 13 3 7 19 20 5 10 13 8 4 16 20 2 0 18 12 14 16 18 8 174 172 6 5 2 8 18 3 2 179 18 13 152 156 1 8 160 14 15 14 7 14 11 15 5 13 3 4 174 11 19 18 20 157 20 20 3 17 11 20 0 17 13 5 2 5 4 170 15 13 159 15 1 162 6 8 169 167 190 18 18 16 0 12 17 2 6 17 17 12 5 8 20 13 18 17 191 12 14 4 1 11 5 19 6 172 150 6 10 18 155 11 4 15 6 6 6 3 10 12 20 194 2 176 19 13 18 19 154 9 8 11 19 11 3 188 7 159 18 5 12 4 5 8 6 16 183 3 1 11 12 2 3 153 20 13 10 195 7 17 15 15 13 177 10 196 6 2 16 6 19 156 19 9 8 18 18 10 0 14 10 11 191 12 13 14 18 11 9 13 200 12 16 9 0 11 0 15 0 13 10 4 20 14 10 18 7 10 11 3 19 184 19 13 9 0 162 8 187 11 13 16 20 2 18 15 9 11 10 15 163 3 193 14 3 1 159 162 7 3 12 1 8 175 170 7 17 3 17 11 15 11 2 13 153 16 196 12 175 17 4 20 16 10 20 5 14 168 155 9 11 13 1 15 16 154 7 17 1 8 6 12 6 7 7 19 9 0 20 3 1 11 3 190 17
564
4 11 17 14 18 19 3 15 5 1 16 6 19 10 15 17 5 14 6 20 19 0 19 4 11 20 13 2 0 10 10 20 10 4 16 7 3 18 14 5 19 19 5 10 20 15 16 13 1 10 18 17 9 16 4 2 16 7 11 8 0 20 18 17 18 3 13 1 18 15 19 6 20 0 14 16 7 19 7 16 14 2 17 4 1 6 15 6 12 11 11 0 12 7 8 1 1 9 9 13 17 4 12 11 11 2 11 1 20 14 17 3 20 0 6 1 13 0 19 18 8 9 8 7 6 16 20 13 1 3 13 18 8 6 16 9 14 0 15 7 13 11 17 20 12 14 5 14 2 10 1 19 0 9 19 11 1 7 10 7 16 6 1 11 6 13 8 11 3 18 8 2 6 11 13 13 6 8 15 0 20 13 16 0 5 18 16 15 19 4 13 12 2 12 19 9 12 19 13 8 4 13 9 0 8 18 9 19 15 15 6 18 7 7 16 13 15 8 4 0 13 4 5 1 15 17 13 16 8 6 20 5 16 12 9 6 19 20 17 3 18 8 19 16 16 6 6 12 5 12 5 2 20 14 7 14 6 15 8 3 17 11 3 14 14 14 10 5 8 20 12 15 1 3 18 6 11 3 17 19 2 4 14 8 20 6 14 13 13 15 11 15 16 16 0 15 15 16 10 12 11 14 14 15 0 10 9 3 8 9 20 0 7 7 16 19 11 13 6 7 7 17 5 0 2 10 7 14 6 17 2 19 17 15 17 10 4 13 16 6 16 15 2 13 15 13 9 7 10 15 8 0 5 7 13 0 7 11 14 8 17 20 3 20 3 10 5 4 15 1 10 19 17 5 20 17 1 19 1 2 10 9 15 6 18 4 17 7 15 5 2 4 11 11 8 18 19 8 7 18 11 4 0 13 4 4 7 9 10 5 9 1 19 6 0 3 0 9 14 0 11 11 11 15 12 15 1 4 5 10 2 16 17 11 3 18 16 0 12 6 15 10 16 7 7 16 1 16 8 16 13 0 9 19 5 5 2 4 12 17 19 17 18 5 0 18 8 13 6 9 14 6 4 16 14 11 3 20 0 9 19 13 7 17 4 1 2 12 0 2 11 0 18 7 5 19 0 20 6 4 16 1 5 15 8 14 20 11 10 8 7 4 12 19 20 4 9 8 8 11 5 3 14 0 20 9 17 10 17 4 10 7 9 5 17 13 1 3 2 12 16 4 7 16 5 2 10 0 17 12 1 8 10 5 20 9 3 10 6 3 13 8 2 3
803
62 33 195 49 156 92 153 53 93 24 59 13 59 123 183 67 30 164 13 159 189 121 17 141 173 94 185 64 112 10 174 84 189 27 143 121 154 141 73 189 165 155 145 98 193 84 107 187 51 81 192 175 62 8 151 170 125 48 131 52 138 48 94 183 4 130 34 61 5 67 5 75 30 153 170 173 78 79 90 58 34 64 60 195 196 200 171 143 190 135 69 57 36 200 29 63 183 197 168 35 97 3 32 27 52 200 99 44 127 59 98 122 11 65 31 142 91 73 63 46 176 51 20 64 74 59 187 180 90 46 99 15 173 93 181 40 159 90 151 87 54 189 98 32 196 32 165 169 111 179 200 94 100 163 8 50 119 106 22 1 42 76 106 5 160 23 115 157 123 90 86 159 117 180 173 108 197 194 42 154 111 93 80 139 170 135 77 69 186 161 78 152 129 4 163 91 47 147 150 164 189 169 52 129 26 118 139 18 37 150 192 138 190 100 45 130 191 66 8 105 77 8 116 131 9 131 153 113 40 83 1 176 41 186 47 194 156 173 157 124 63 76 120 91 102 28 199 150 91 61 120 126 198 151 22 54 197 44 135 56 6 196 119 83 81 160 100 127 187 199 129 125 8 169 20 68 117 96 66 139 67 173 17 39 163 152 31 96 20 128 143 71 187 33 104 51 190 6 98 176 45 105 96 102 113 150 189 111 194 44 141 17 192 151 6 113 69 57 40 82 169 18 117 114 189 111 198 192 8 72 137 176 75 151 181 194 133 107 59 169 150 135 77 41 47 16 63 15 0 72 153 28 123 184 28 168 95 177 1 95 88 18 99 179 131 187 0 146 12 77 80 135 112 53 62 196 157 34 32 161 33 149 52 22 77 19 76 125 78 106 92 151 97 139 110 195 106 13 98 73 131 175 187 95 34 167 134 46 71 127 20 47 148 61 143 155 92 27 93 176 17 147 69 36 72 58 138 76 171 0 32 57 65 191 64 111 51 70 61 140 13 116 18 131 16 23 183 164 13 7 58 25 140 86 147 155 197 119 29 22 76 44 187 55 182 70 149 140 178 15 76 13 76 73 83 170 114 38 176 92 51 120 93 192 102 41 24 12 178 40 173 132 139 14 168 88 85 117 190 65 144 29 170 129 142 175 53 45 103 95 147 36 16 5 160 7 49 13 198 59 47 117 67 19 92 67 17 52 56 164 155 44 101 30 80 182 107 61 23 171 47 191 114 142 41 159 93 68 27 162 83 137 134 178 25 67 44 44 196 95 54 57 91 196 97 86 141 41 45 56 7 62 89 142 111 70 55 102 88 100 78 200 43 118 59 94 21 129 199 45 43 65 65 112 157 62 58 199 112 188 198 8 56 165 174 10 55 181 199 46 103 18 194 91 164 121 183 54 86 130 13 168 43 129 39 4 151 195 111 87 10 57 83 3 56 112 160 38 127 0 123 108 5 89 122 192 14 91 149 151 122 197 138 119 118 70 20 151 141 108 130 177 96 142 66 79 188 31 162 147 15 193 29 149 75 160 195 46 37 70 143 34 88 145 83 172 85 197 91 137 120 26 134 145 114 0 137 1 12 145 187 71 172 200 161 7 117 11 167 144 14 47 128 53 22 23 110 100 98 16 145 96 160 173 30 147 148 137 60 26 21 89 135 104 143 48 134 74 127 191 67 189 90 117 183 65 146 46 4 32 68 7 6 4 65 195 147 197 196 11 34 34 88 125 175 85 58 32 156 5 36 3 93 110 10 13 58 91 138 46 79 16 71 149 12 36 30 186 195 78 53 95 189 34 172 142 76 53 154 14 99 199 52
8
177 3 9 5 17 166 5 2
512
200 200 200 200 200 200 200 200 200 200 200 200 200 200 200 200 200 200 200 200 200 200 200 200 200 200 200 200 200 200 200 200 200 200 200 200 200 200 200 200 200 200 200 200 200 200 200 200 200 200 200 200 200 200 200 200 200 200 200 200 200 200 200 200 200 200 200 200 200 200 200 200 200 200 200 200 200 200 200 200 200 200 200 200 200 200 200 200 200 200 200 200 200 200 200 200 200 200 200 200 200 200 200 200 200 200 200 200 200 200 200 200 200 200 200 200 200 200 200 200 200 200 200 200 200 200 200 200 200 200 200 200 200 200 200 200 200 200 200 200 200 200 200 200 200 200 200 200 200 200 200 200 200 200 200 200 200 200 200 200 200 200 200 200 200 200 200 200 200 200 200 200 200 200 200 200 200 200 200 200 200 200 200 200 200 200 200 200 200 200 200 200 200 200 200 200 200 200 200 200 200 200 200 200 200 200 200 200 200 200 200 200 200 200 200 200 200 200 200 200 200 200 200 200 200 200 200 200 200 200 200 200 200 200 200 200 200 200 200 200 200 200 200 200 200 200 200 200 200 200 200 200 200 200 200 200 200 200 200 200 200 200 200 200 200 200 200 200 200 200 200 200 200 200 200 200 200 200 200 200 200 200 200 200 200 200 200 200 200 200 200 200 200 200 200 200 200 200 200 200 200 200 200 200 200 200 200 200 200 200 200 200 200 200 200 200 200 200 200 200 200 200 200 200 200 200 200 200 200 200 200 200 200 200 200 200 200 200 200 200 200 200 200 200 200 200 200 200 200 200 200 200 200 200 200 200 200 200 200 200 200 200 200 200 200 200 200 200 200 200 200 200 200 200 200 200 200 200 200 200 200 200 200 200 200 200 200 200 200 200 200 200 200 200 200 200 200 200 200 200 200 200 200 200 200 200 200 200 200 200 200 200 200 200 200 200 200 200 200 200 200 200 200 200 200 200 200 200 200 200 200 200 200 200 200 200 200 200 200 200 200 200 200 200 200 200 200 200 200 200 200 200 200 200 200 200 200 200 200 200 200 200 200 200 200 200 200 200 200 200 200 200 200 200 200 200 200 200 200 200 200 200 200 200 200 200 200 200 200 200 200 200 200 200 200 200 200 200 200 200 200 200 200 200 200 200 200 200 200 200 200 200
389
18 19 5 11 14 14 7 1 3 6 15 20 18 11 1 11 17 19 7 3 19 6 15 20 9 19 10 12 6 19 20 1 16 18 1 4 3 11 0 4 10 16 9 15 18 19 19 15 7 12 13 6 14 8 2 17 11 11 1 11 17 20 1 17 14 3 18 20 19 9 13 3 15 17 17 0 6 9 10 14 5 11 1 6 3 18 7 1 0 10 2 18 14 3 2 7 15 7 3 18 2 10 16 10 13 19 0 8 13 20 6 9 2 2 16 2 5 13 3 14 4 16 7 7 0 2 14 0 14 17 9 12 13 11 16 8 5 6 18 8 17 12 5 12 3 2 8 10 7 6 16 20 10 13 13 18 10 4 7 1 17 6 14 11 6 19 3 9 17 18 19 14 15 14 1 7 3 14 12 9 4 14 6 18 12 14 15 0 9 9 10 4 0 13 5 7 13 14 6 1 6 19 11 7 19 3 3 5 1 5 14 17 8 15 15 14 20 14 8 17 19 20 8 12 12 7 7 3 16 18 14 17 19 0 1 16 5 0 7 2 3 5 4 4 18 15 16 11 18 5 8 6 17 18 2 17 5 0 16 15 8 18 18 1 4 0 20 8 0 10 16 3 8 11 15 8 14 18 10 8 20 15 0 1 3 19 10 4 13 10 20 3 19 11 14 2 3 17 5 16 0 12 12 2 13 11 0 20 20 16 1 20 17 18 1 6 3 19 3 4 4 17 5 16 13 18 4 7 9 16 3 12 2 1 18 7 6 9 11 1 6 13 13 18 14 1 1 13 11 4 20 3 20 2 16 14 19 20 8 7 6 19 9 20 5 15 8 4 14 16 1 5 13 10 20 1 18 13 7 16 17 5 17 3 11 3 0 10 2
265
200 200 200 200 200 200 200 200 200 200 200 200 200 200 200 200 200 200 200 200 200 200 200 200 200 200 200 200 200 200 200 200 200 200 200 200 200 200 200 200 200 200 200 200 200 200 200 200 200 200 200 200 200 200 200 200 200 200 200 200 200 200 200 200 200 200 200 200 200 200 200 200 200 200 200 200 200 200 200 200 200 200 200 200 200 200 200 200 200 200 200 200 200 200 200 200 200 200 200 200 200 200 200 200 200 200 200 200 200 200 200 200 200 200 200 200 200 200 200 200 200 200 200 200 200 200 200 200 200 200 200 200 200 200 200 200 200 200 200 200 200 200 200 200 200 200 200 200 200 200 200 200 200 200 200 200 200 200 200 200 200 200 200 200 200 200 200 200 200 200 200 200 200 200 200 200 200 200 200 200 200 200 200 200 200 200 200 200 200 200 200 200 200 200 200 200 200 200 200 200 200 200 200 200 200 200 200 200 200 200 200 200 200 200 200 200 200 200 200 200 200 200 200 200 200 200 200 200 200 200 200 200 200 200 200 200 200 200 200 200 200 200 200 200 200 200 200 200 200 200 200 200 200 200 200 200 200 200 200 200 200 200 200 200 200
540
8 174 17 18 16 18 13 14 5 19 15 13 161 10 17 8 8 17 168 9 8 187 0 8 15 4 8 19 12 9 8 150 174 9 19 16 11 3 15 6 168 13 4 10 17 18 7 197 1 7 0 18 167 9 12 7 20 0 1 15 20 150 17 5 20 1 0 152 9 16 5 5 1 11 10 9 168 3 1 12 7 184 7 183 4 14 194 0 18 0 16 6 5 20 20 2 10 17 12 194 17 0 6 18 163 158 16 1 17 175 187 5 5 10 11 17 15 153 13 3 16 158 171 11 10 18 8 10 174 12 12 14 2 5 167 18 15 19 20 8 7 6 11 12 14 12 7 7 10 193 8 13 7 16 10 156 20 0 8 4 167 8 167 19 15 17 14 3 14 0 17 15 13 20 18 11 20 1 3 158 1 3 10 160 194 14 17 171 15 7 20 7 18 13 4 20 4 16 150 11 20 152 10 9 16 3 4 2 12 1 195 4 1 186 11 17 185 10 5 164 15 4 178 6 20 2 181 9 10 3 3 14 177 14 8 173 12 160 20 1 153 18 7 14 174 13 8 9 19 19 10 173 15 2 20 20 1 5 10 4 20 168 17 2 3 12 15 169 6 7 0 3 16 4 1 0 13 2 2 2 9 11 4 0 155 13 17 2 11 3 0 198 13 9 11 162 0 6 7 7 1 6 161 4 15 14 5 7 19 2 176 168 177 6 9 8 1 157 14 19 11 182 157 19 0 194 7 8 2 3 14 3 20 18 13 19 18 16 5 167 9 164 15 11 0 4 14 198 153 14 154 8 17 16 16 19 9 158 186 3 152 154 151 1 10 16 8 1 4 0 194 16 6 1 3 8 11 178 181 4 1 13 175 2 155 4 16 6 10 11 180 18 5 20 17 5 8 14 17 4 181 7 0 1 6 16 15 18 10 199 16 13 12 200 9 17 15 18 1 19 16 13 18 5 17 1 18 11 3 17 8 200 8 14 5 3 15 8 3 197 4 18 9 10 1 10 170 14 8 17 20 3 17 14 8 12 184 7 13 1 7 191 6 12 13 8 12 19 0 199 20 5 20 175 16 188 13 11 5 10 10 4 17 20 152 195 195 4 7 7 20 9 5 10 161 12 183 13 20 1 182 14 8 14 7 10 19 14 20 14 20 12 18 20 16 162 15 2 7 1 4 3 5 11 10 195 159 19 4 166 14 3 190 175 7 11 186 3 18 16
876
0 0 0 0 0 0 0 0 0 0 0 0 0 0 0 0 0 0 0 0 0 0 0 0 0 0 0 0 0 0 0 0 0 0 0 0 0 0 0 0 0 0 0 0 0 0 0 0 0 0 0 0 0 0 0 0 0 0 0 0 0 0 0 0 0 0 0 0 0 0 0 0 0 0 0 0 0 0 0 0 0 0 0 0 0 0 0 0 0 0 0 0 0 0 0 0 0 0 0 0 0 0 0 0 0 0 0 0 0 0 0 0 0 0 0 0 0 0 0 0 0 0 0 0 0 0 0 0 0 0 0 0 0 0 0 0 0 0 0 0 0 0 0 0 0 0 0 0 0 0 0 0 0 0 0 0 0 0 0 0 0 0 0 0 0 0 0 0 0 0 0 0 0 0 0 0 0 0 0 0 0 0 0 0 0 0 0 0 0 0 0 0 0 0 0 0 0 0 0 0 0 0 0 0 0 0 0 0 0 0 0 0 0 0 0 0 0 0 0 0 0 0 0 0 0 0 0 0 0 0 0 0 0 0 0 0 0 0 0 0 0 0 0 0 0 0 0 0 0 0 0 0 0 0 0 0 0 0 0 0 0 0 0 0 0 0 0 0 0 0 0 0 0 0 0 0 0 0 0 0 0 0 0 0 0 0 0 0 0 0 0 0 0 0 0 0 0 0 0 0 0 0 0 0 0 0 0 0 0 0 0 0 0 0 0 0 0 0 0 0 0 0 0 0 0 0 0 0 0 0 0 0 0 0 0 0 0 0 0 0 0 0 0 0 0 0 0 0 0 0 0 0 0 0 0 0 0 0 0 0 0 0 0 0 0 0 0 0 0 0 0 0 0 0 0 0 0 0 0 0 0 0 0 0 0 0 0 0 0 0 0 0 0 0 0 0 0 0 0 0 0 0 0 0 0 0 0 0 0 0 0 0 0 0 0 0 0 0 0 0 0 0 0 0 0 0 0 0 0 0 0 0 0 0 0 0 0 0 0 0 0 0 0 0 0 0 0 0 0 0 0 0 0 0 0 0 0 0 0 0 0 0 0 0 0 0 0 0 0 0 0 0 0 0 0 0 0 0 0 0 0 0 0 0 0 0 0 0 0 0 0 0 0 0 0 0 0 0 0 0 0 0 0 0 0 0 0 0 0 0 0 0 0 0 0 0 0 0 0 0 0 0 0 0 0 0 0 0 0 0 0 0 0 0 0 0 0 0 0 0 0 0 0 0 0 0 0 0 0 0 0 0 0 0 0 0 0 0 0 0 0 0 0 0 0 0 0 0 0 0 0 0 0 0 0 0 0 0 0 0 0 0 0 0 0 0 0 0 0 0 0 0 0 0 0 0 0 0 0 0 0 0 0 0 0 0 0 0 0 0 0 0 0 0 0 0 0 0 0 0 0 0 0 0 0 0 0 0 0 0 0 0 0 0 0 0 0 0 0 0 0 0 0 0 0 0 0 0 0 0 0 0 0 0 0 0 0 0 0 0 0 0 0 0 0 0 0 0 0 0 0 0 0 0 0 0 0 0 0 0 0 0 0 0 0 0 0 0 0 0 0 0 0 0 0 0 0 0 0 0 0 0 0 0 0 0 0 0 0 0 0 0 0 0 0 0 0 0 0 0 0 0 0 0 0 0 0 0 0 0 0 0 0 0 0 0 0 0 0 0 0 0 0 0 0 0 0 0 0 0 0 0 0 0 0 0 0 0 0 0 0 0 0 0 0 0 0 0 0 0 0 0 0 0 0 0 0 0 0 0 0 0 0 0 0 0 0 0 0 0 0 0 0 0 0 0 0 0 0 0 0 0 0 0 0 0 0 0 0 0 0 0 0 0 0 0 0 0 0 0 0 0 0 0 0 0 0 0 0 0 0 0 0 0 0 0 0 0 0 0 0 0 0 0 0 0 0 0 0 0 0 0 0 0 0 0 0 0 0 0 0 0 0 0 0 0 0 0 0 0 0 0 0 0 0 0
550
0 200 108 66 93 94 61 51 90 97 109 57 74 52 111 73 74 67 70 104 83 114 113 110 57 50 88 77 82 103 99 55 76 58 86 53 84 88 111 105 51 63 75 116 92 67 70 50 117 70 76 61 103 109 83 78 80 81 105 72 88 88 88 103 99 90 88 111 76 57 118 56 76 106 78 85 96 64 97 81 86 80 56 76 106 112 70 101 99 117 89 104 59 51 61 107 66 62 116 65 119 83 68 86 91 90 70 76 83 98 89 86 103 107 50 111 120 78 89 82 75 68 91 119 57 50 62 100 88 91 118 109 92 105 96 59 71 115 120 83 92 58 57 75 102 81 70 112 52 102 93 82 87 120 67 74 111 83 63 64 80 68 51 58 98 71 92 70 61 104 64 114 113 84 77 91 109 77 99 81 54 68 66 58 99 78 96 88 54 86 73 54 78 98 75 55 92 56 114 114 67 52 98 109 104 82 95 61 119 71 84 71 85 103 69 64 60 91 77 91 84 84 53 94 99 59 81 53 112 114 91 56 112 77 73 80 70 103 50 118 53 58 50 50 65 54 79 114 61 73 85 66 99 54 95 78 106 73 64 79 108 50 82 107 61 81 55 54 71 100 80 119 97 76 52 54 69 120 64 55 72 108 94 70 109 65 71 102 102 110 103 100 76 70 112 62 76 108 99 65 114 68 78 71 89 85 99 53 120 98 115 87 83 72 99 61 58 52 56 84 54 118 70 70 96 97 65 109 94 95 52 109 77 73 65 63 73 110 115 92 103 100 113 72 92 61 100 80 88 104 94 91 57 70 112 103 116 105 58 108 91 50 99 80 67 61 114 85 77 112 75 87 62 67 83 67 61 57 119 52 69 90 75 81 68 75 120 94 69 50 81 70 58 66 96 80 118 106 102 64 97 64 80 119 91 85 89 87 96 89 112 86 83 97 108 75 102 82 50 90 108 94 98 116 102 85 112 73 93 68 79 63 100 91 71 68 118 77 118 108 73 55 65 59 69 90 58 85 89 109 78 72 112 111 55 112 89 95 99 101 54 100 83 78 71 85 69 100 81 83 98 98 120 92 54 89 104 72 90 116 62 106 83 91 83 75 64 109 56 62 96 76 55 117 96 57 67 63 118 64 56 78 100 107 93 52 56 84 82 50 85 115 56 64 105 105 85 80 120 113 108 64 78 100 105 78 51 92 89 98 55 120 79 80 98 105 98 56 96 96 113 92 93 75 109 65 83 113 97 200
643
200 200 200 200 200 200 200 200 200 200 200 200 200 200 200 200 200 200 200 200 200 200 200 200 200 200 200 200 200 200 200 200 200 200 200 200 200 200 200 200 200 200 200 200 200 200 200 200 200 200 200 200 200 200 200 200 200 200 200 200 200 200 200 200 200 200 200 200 200 200 200 200 200 200 200 200 200 200 200 200 200 200 200 200 200 200 200 200 200 200 200 200 200 200 200 200 200 200 200 200 200 200 200 200 200 200 200 200 200 200 200 200 200 200 200 200 200 200 200 200 200 200 200 200 200 200 200 200 200 200 200 200 200 200 200 200 200 200 200 200 200 200 200 200 200 200 200 200 200 200 200 200 200 200 200 200 200 200 200 200 200 200 200 200 200 200 200 200 200 200 200 200 200 200 200 200 200 200 200 200 200 200 200 200 200 200 200 200 200 200 200 200 200 200 200 200 200 200 200 200 200 200 200 200 200 200 200 200 200 200 200 200 200 200 200 200 200 200 200 200 200 200 200 200 200 200 200 200 200 200 200 200 200 200 200 200 200 200 200 200 200 200 200 200 200 200 200 200 200 200 200 200 200 200 200 200 200 200 200 200 200 200 200 200 200 200 200 200 200 200 200 200 200 200 200 200 200 200 200 200 200 200 200 200 200 200 200 200 200 200 200 200 200 200 200 200 200 200 200 200 200 200 200 200 200 200 200 200 200 200 200 200 200 200 200 200 200 200 200 200 200 200 200 200 200 200 200 200 200 200 200 200 200 200 200 200 200 200 200 200 200 200 200 200 200 200 200 200 200 200 200 200 200 200 200 200 200 200 200 200 200 200 200 200 200 200 200 200 200 200 200 200 200 200 200 200 200 200 200 200 200 200 200 200 200 200 200 200 200 200 200 200 200 200 200 200 200 200 200 200 200 200 200 200 200 200 200 200 200 200 200 200 200 200 200 200 200 200 200 200 200 200 200 200 200 200 200 200 200 200 200 200 200 200 200 200 200 200 200 200 200 200 200 200 200 200 200 200 200 200 200 200 200 200 200 200 200 200 200 200 200 200 200 200 200 200 200 200 200 200 200 200 200 200 200 200 200 200 200 200 200 200 200 200 200 200 200 200 200 200 200 200 200 200 200 200 200 200 200 200 200 200 200 200 200 200 200 200 200 200 200 200 200 200 200 200 200 200 200 200 200 200 200 200 200 200 200 200 200 200 200 200 200 200 200 200 200 200 200 200 200 200 200 200 200 200 200 200 200 200 200 200 200 200 200 200 200 200 200 200 200 200 200 200 200 200 200 200 200 200 200 200 200 200 200 200 200 200 200 200 200 200 200 200 200 200 200 200 200 200 200 200 200 200 200 200 200 200 200 200 200 200 200 200 200 200 200 200 200 200 200 200 200 200 200 200 200 200 200 200 200 200 200 200 200 200 200 200 200 200 200 200 200 200 200 200 200 200 200 200 200 200 200
173
69 118 42 1 172 54 157 58 98 140 78 50 30 39 60 100 40 173 38 144 23 181 92 24 34 45 154 66 137 51 98 25 43 99 159 8 179 56 157 121 114 134 86 32 178 182 174 132 129 87 110 64 186 24 183 37 121 82 174 194 58 107 0 163 132 98 108 85 174 194 46 187 134 180 183 164 154 30 78 183 28 171 124 121 188 107 188 33 200 79 50 41 38 31 29 88 154 52 169 180 194 166 105 134 196 4 192 17 122 182 16 93 16 19 1 186 192 185 137 106 87 135 56 190 115 37 48 145 141 34 100 14 55 140 42 84 19 36 155 27 129 58 25 168 81 192 78 97 70 172 21 82 146 169 99 47 138 58 17 72 150 154 160 170 139 179 2 71 8 103 53 89 66
171
0 0 0 0 0 0 0 0 0 0 0 0 0 0 0 0 0 0 0 0 0 0 0 0 0 0 0 0 0 0 0 0 0 0 0 0 0 0 0 0 0 0 0 0 0 0 0 0 0 0 0 0 0 0 0 0 0 0 0 0 0 0 0 0 0 0 0 0 0 0 0 0 0 0 0 0 0 0 0 0 0 0 0 0 0 0 0 0 0 0 0 0 0 0 0 0 0 0 0 0 0 0 0 0 0 0 0 0 0 0 0 0 0 0 0 0 0 0 0 0 0 0 0 0 0 0 0 0 0 0 0 0 0 0 0 0 0 0 0 0 0 0 0 0 0 0 0 0 0 0 0 0 0 0 0 0 0 0 0 0 0 0 0 0 0 0 0 0 0 0 0
578
17 6 13 15 4 16 15 8 8 13 3 2 2 17 11 10 3 19 6 8 12 5 6 8 8 5 16 18 6 9 0 1 1 2 7 13 20 11 0 11 20 14 15 4 17 11 13 16 15 2 20 2 3 0 20 16 19 19 5 16 6 2 13 12 10 8 7 4 18 1 19 12 10 19 12 1 18 19 0 6 19 15 14 1 4 5 19 7 15 20 18 12 13 8 9 4 4 19 7 14 9 2 18 12 2 17 3 10 16 3 10 19 18 14 4 18 15 14 0 1 5 8 1 7 8 8 4 17 7 9 0 4 2 3 1 19 0 5 17 3 2 4 18 19 1 13 4 7 14 10 18 9 7 11 8 8 20 5 1 15 3 14 12 6 0 7 19 10 20 10 7 13 3 14 11 17 13 19 0 15 18 5 14 6 12 20 14 6 14 13 2 4 6 15 20 10 18 10 6 14 15 9 10 1 13 0 5 8 12 1 13 17 5 15 13 15 14 4 4 10 19 16 6 13 3 15 14 20 13 5 12 20 9 13 7 20 10 7 4 13 6 18 3 4 19 4 4 15 8 11 19 14 14 13 11 19 7 12 12 18 8 12 2 2 11 4 2 16 18 12 12 14 1 5 20 16 19 13 7 12 8 3 19 12 17 14 13 1 20 13 3 12 14 4 14 17 9 17 15 11 20 16 1 14 13 10 20 15 15 13 8 13 4 9 14 5 15 19 3 10 20 19 10 16 3 11 0 5 10 0 8 19 2 10 19 8 7 18 11 6 0 7 20 12 18 3 11 5 5 0 3 19 5 10 9 13 19 19 0 14 15 14 12 1 16 1 19 6 11 19 14 16 12 8 1 13 3 19 2 6 15 11 11 1 0 19 16 18 15 7 11 14 20 0 8 3 9 20 0 1 0 1 8 17 5 3 12 16 14 2 3 7 4 4 1 19 14 18 0 16 20 17 19 10 10 20 19 7 20 15 20 0 9 12 2 9 3 14 5 5 11 12 6 5 18 9 19 3 12 17 5 3 18 5 11 11 10 20 7 20 17 11 13 5 16 10 12 7 8 6 10 12 19 2 5 11 1 2 1 2 0 4 2 2 12 11 13 14 17 6 4 9 1 4 2 1 9 6 17 7 17 13 20 5 12 8 20 19 19 15 19 16 1 7 11 20 5 2 20 18 6 14 15 20 15 3 17 20 0 12 11 2 6 9 17 18 0 7 18 10 19 0 11 16 3 16 8 16 7 1 2 2 12 20 17 4 13 5 9 15 17 14 6 9 15 8 1 19 10 3 13 9 20 9 2 13 17 15
152
145 77 56 185 195 22 139 99 144 33 155 99 61 20 24 190 75 51 28 78 189 195 35 178 197 65 92 55 29 160 32 16 4 79 178 153 98 166 94 47 124 16 137 140 141 191 19 93 127 84 171 104 30 127 71 36 43 40 102 176 118 11 29 78 94 179 175 169 150 39 178 162 40 84 124 139 78 181 103 189 198 158 63 156 112 183 30 172 91 187 45 196 178 145 19 148 191 9 121 166 113 166 193 14 86 112 68 53 6 63 67 46 126 150 159 164 11 117 46 49 130 156 100 35 187 77 147 151 2 3 81 137 39 140 113 66 2 189 70 118 150 152 40 15 87 132 117 176 74 133 124 8
537
0 200 59 74 61 57 119 67 89 98 99 76 66 110 58 78 106 93 72 114 109 71 91 72 88 50 108 71 100 105 69 68 77 84 90 56 103 98 67 89 91 102 105 53 97 77 117 61 94 110 79 75 74 59 102 117 72 72 76 107 107 103 96 72 90 102 56 66 97 82 103 57 96 83 84 64 78 111 97 101 93 65 70 96 118 99 59 59 60 55 87 79 68 74 99 96 76 87 84 88 88 70 67 51 54 60 72 101 101 76 85 115 111 64 95 88 116 83 116 92 70 103 117 100 73 61 80 68 90 113 95 74 64 99 56 53 56 82 78 118 76 112 111 99 55 105 53 63 90 61 71 101 59 104 107 60 53 64 62 67 93 63 54 89 71 78 96 106 86 67 51 103 105 63 118 108 52 55 103 91 70 65 85 80 109 93 50 75 119 62 105 117 104 91 117 69 105 61 84 55 78 104 81 71 53 63 91 75 112 120 112 71 74 106 57 52 85 90 82 54 72 89 62 58 76 93 62 115 91 99 55 76 76 60 74 71 99 53 106 50 79 91 67 62 60 54 68 54 104 92 75 66 63 94 85 111 80 101 56 76 57 84 56 98 94 99 60 52 73 58 51 64 107 95 61 98 56 80 80 95 63 67 65 117 51 93 78 73 78 100 105 65 55 95 68 66 97 81 85 119 101 71 62 57 76 91 69 61 86 101 112 75 113 81 50 104 51 109 85 119 101 83 79 95 61 71 54 79 93 54 107 54 58 115 56 57 70 93 103 70 100 70 77 75 116 105 63 90 51 72 109 118 98 105 119 84 102 114 105 88 62 53 101 61 106 86 116 101 85 85 107 72 103 78 87 80 87 87 99 93 93 78 115 73 54 81 90 105 63 50 96 78 56 111 91 59 58 79 51 79 118 99 77 117 96 82 103 85 108 89 113 89 80 120 92 70 88 56 81 94 113 98 92 56 56 117 120 120 56 81 77 87 91 54 79 78 102 108 87 78 67 85 102 89 102 90 76 60 110 81 118 92 120 51 67 52 54 113 66 73 111 80 51 95 89 58 111 93 113 67 95 112 113 113 71 52 107 78 107 78 97 80 82 112 108 57 103 80 120 78 78 72 65 117 81 103 117 50 68 98 67 54 74 91 51 118 54 53 51 93 52 105 65 77 103 112 108 56 111 115 100 95 58 75 77 89 96 70 117 117 97 50 98 62 61 57 200
303
200 200 200 200 200 200 200 200 200 200 200 200 200 200 200 200 200 200 200 200 200 200 200 200 200 200 200 200 200 200 200 200 200 200 200 200 200 200 200 200 200 200 200 200 200 200 200 200 200 200 200 200 200 200 200 200 200 200 200 200 200 200 200 200 200 200 200 200 200 200 200 200 200 200 200 200 200 200 200 200 200 200 200 200 200 200 200 200 200 200 200 200 200 200 200 200 200 200 200 200 200 200 200 200 200 200 200 200 200 200 200 200 200 200 200 200 200 200 200 200 200 200 200 200 200 200 200 200 200 200 200 200 200 200 200 200 200 200 200 200 200 200 200 200 200 200 200 200 200 200 200 200 200 200 200 200 200 200 200 200 200 200 200 200 200 200 200 200 200 200 200 200 200 200 200 200 200 200 200 200 200 200 200 200 200 200 200 200 200 200 200 200 200 200 200 200 200 200 200 200 200 200 200 200 200 200 200 200 200 200 200 200 200 200 200 200 200 200 200 200 200 200 200 200 200 200 200 200 200 200 200 200 200 200 200 200 200 200 200 200 200 200 200 200 200 200 200 200 200 200 200 200 200 200 200 200 200 200 200 200 200 200 200 200 200 200 200 200 200 200 200 200 200 200 200 200 200 200 200 200 200 200 200 200 200 200 200 200 200 200 200 200 200 200 200 200 200 200 200 200 200 200 200
251
14 9 13 178 177 12 12 4 8 150 9 3 159 167 15 20 196 13 12 190 171 8 9 18 193 5 3 12 0 4 9 18 200 5 9 20 3 20 20 16 6 193 187 180 11 18 188 180 18 6 17 189 0 20 8 18 18 0 17 13 18 16 155 14 6 17 8 1 195 2 198 7 19 153 186 10 4 14 16 18 3 19 7 186 14 17 178 188 6 150 1 10 195 8 11 11 3 8 7 170 8 10 16 2 0 3 4 3 20 9 3 17 17 158 161 193 18 156 7 5 1 2 17 1 160 193 11 8 6 183 4 15 176 12 193 3 3 187 166 11 165 4 12 3 3 10 9 15 14 14 1 11 5 154 15 8 7 12 1 3 15 16 13 161 0 18 19 165 6 7 18 15 2 14 14 1 3 10 182 198 9 176 2 166 19 169 5 15 13 6 5 15 9 2 0 17 163 8 17 2 10 171 10 9 5 4 4 2 4 10 6 12 1 1 11 10 174 0 16 181 11 152 175 15 153 167 10 150 1 0 7 12 5 15 166 7 4 19 4 175 18 177 7 7 17 191 9 19 10 5 13
710
200 200 200 200 200 200 200 200 200 200 200 200 200 200 200 200 200 200 200 200 200 200 200 200 200 200 200 200 200 200 200 200 200 200 200 200 200 200 200 200 200 200 200 200 200 200 200 200 200 200 200 200 200 200 200 200 200 200 200 200 200 200 200 200 200 200 200 200 200 200 200 200 200 200 200 200 200 200 200 200 200 200 200 200 200 200 200 200 200 200 200 200 200 200 200 200 200 200 200 200 200 200 200 200 200 200 200 200 200 200 200 200 200 200 200 200 200 200 200 200 200 200 200 200 200 200 200 200 200 200 200 200 200 200 200 200 200 200 200 200 200 200 200 200 200 200 200 200 200 200 200 200 200 200 200 200 200 200 200 200 200 200 200 200 200 200 200 200 200 200 200 200 200 200 200 200 200 200 200 200 200 200 200 200 200 200 200 200 200 200 200 200 200 200 200 200 200 200 200 200 200 200 200 200 200 200 200 200 200 200 200 200 200 200 200 200 200 200 200 200 200 200 200 200 200 200 200 200 200 200 200 200 200 200 200 200 200 200 200 200 200 200 200 200 200 200 200 200 200 200 200 200 200 200 200 200 200 200 200 200 200 200 200 200 200 200 200 200 200 200 200 200 200 200 200 200 200 200 200 200 200 200 200 200 200 200 200 200 200 200 200 200 200 200 200 200 200 200 200 200 200 200 200 200 200 200 200 200 200 200 200 200 200 200 200 200 200 200 200 200 200 200 200 200 200 200 200 200 200 200 200 200 200 200 200 200 200 200 200 200 200 200 200 200 200 200 200 200 200 200 200 200 200 200 200 200 200 200 200 200 200 200 200 200 200 200 200 200 200 200 200 200 200 200 200 200 200 200 200 200 200 200 200 200 200 200 200 200 200 200 200 200 200 200 200 200 200 200 200 200 200 200 200 200 200 200 200 200 200 200 200 200 200 200 200 200 200 200 200 200 200 200 200 200 200 200 200 200 200 200 200 200 200 200 200 200 200 200 200 200 200 200 200 200 200 200 200 200 200 200 200 200 200 200 200 200 200 200 200 200 200 200 200 200 200 200 200 200 200 200 200 200 200 200 200 200 200 200 200 200 200 200 200 200 200 200 200 200 200 200 200 200 200 200 200 200 200 200 200 200 200 200 200 200 200 200 200 200 200 200 200 200 200 200 200 200 200 200 200 200 200 200 200 200 200 200 200 200 200 200 200 200 200 200 200 200 200 200 200 200 200 200 200 200 200 200 200 200 200 200 200 200 200 200 200 200 200 200 200 200 200 200 200 200 200 200 200 200 200 200 200 200 200 200 200 200 200 200 200 200 200 200 200 200 200 200 200 200 200 200 200 200 200 200 200 200 200 200 200 200 200 200 200 200 200 200 200 200 200 200 200 200 200 200 200 200 200 200 200 200 200 200 200 200 200 200 200 200 200 200 200 200 200 200 200 200 200 200 200 200 200 200 200 200 200 200 200 200 200 200 200 200 200 200 200 200 200 200 200 200 200 200 200 200 200 200 200 200 200 200 200 200 200 200 200 200 200 200 200 200 200 200 200 200 200 200 200 200 200 200 200 200 200 200 200 200 200 200 200 200 200 200 200 200 200 200 200 200 200 200
193
0 200 61 94 97 70 112 105 83 89 114 59 88 83 113 71 62 119 54 75 100 62 68 86 66 80 90 97 113 72 78 115 71 99 117 52 105 102 105 80 58 65 83 111 106 92 93 80 54 98 70 57 54 115 76 85 115 86 54 78 50 119 58 63 120 73 92 92 86 54 51 72 82 93 73 103 92 103 70 73 119 86 86 69 73 89 65 54 103 83 113 98 66 96 53 71 53 94 87 107 106 107 61 107 96 118 88 94 115 60 74 84 94 77 68 106 56 105 101 69 87 94 74 117 76 112 107 84 83 113 52 63 55 109 62 58 113 93 53 115 65 64 120 74 105 65 61 117 57 86 109 76 105 110 99 53 51 70 108 100 119 79 98 84 79 76 89 64 82 101 104 50 78 63 66 99 117 82 94 74 66 83 57 86 109 89 83 68 62 91 74 104 200
495
200 200 200 200 200 200 200 200 200 200 200 200 200 200 200 200 200 200 200 200 200 200 200 200 200 200 200 200 200 200 200 200 200 200 200 200 200 200 200 200 200 200 200 200 200 200 200 200 200 200 200 200 200 200 200 200 200 200 200 200 200 200 200 200 200 200 200 200 200 200 200 200 200 200 200 200 200 200 200 200 200 200 200 200 200 200 200 200 200 200 200 200 200 200 200 200 200 200 200 200 200 200 200 200 200 200 200 200 200 200 200 200 200 200 200 200 200 200 200 200 200 200 200 200 200 200 200 200 200 200 200 200 200 200 200 200 200 200 200 200 200 200 200 200 200 200 200 200 200 200 200 200 200 200 200 200 200 200 200 200 200 200 200 200 200 200 200 200 200 200 200 200 200 200 200 200 200 200 200 200 200 200 200 200 200 200 200 200 200 200 200 200 200 200 200 200 200 200 200 200 200 200 200 200 200 200 200 200 200 200 200 200 200 200 200 200 200 200 200 200 200 200 200 200 200 200 200 200 200 200 200 200 200 200 200 200 200 200 200 200 200 200 200 200 200 200 200 200 200 200 200 200 200 200 200 200 200 200 200 200 200 200 200 200 200 200 200 200 200 200 200 200 200 200 200 200 200 200 200 200 200 200 200 200 200 200 200 200 200 200 200 200 200 200 200 200 200 200 200 200 200 200 200 200 200 200 200 200 200 200 200 200 200 200 200 200 200 200 200 200 200 200 200 200 200 200 200 200 200 200 200 200 200 200 200 200 200 200 200 200 200 200 200 200 200 200 200 200 200 200 200 200 200 200 200 200 200 200 200 200 200 200 200 200 200 200 200 200 200 200 200 200 200 200 200 200 200 200 200 200 200 200 200 200 200 200 200 200 200 200 200 200 200 200 200 200 200 200 200 200 200 200 200 200 200 200 200 200 200 200 200 200 200 200 200 200 200 200 200 200 200 200 200 200 200 200 200 200 200 200 200 200 200 200 200 200 200 200 200 200 200 200 200 200 200 200 200 200 200 200 200 200 200 200 200 200 200 200 200 200 200 200 200 200 200 200 200 200 200 200 200 200 200 200 200 200 200 200 200 200 200 200 200 200 200 200 200 200 200 200 200 200 200 200 200
14
0 200 90 96 96 88 111 83 64 80 89 93 112 200
280
0 200 95 105 76 79 85 116 63 69 109 91 94 117 105 52 80 68 60 118 88 110 119 58 115 82 62 84 60 67 89 104 83 85 65 55 71 87 73 114 93 65 88 73 78 76 109 83 76 119 101 108 110 68 80 114 55 57 91 97 117 119 84 100 80 76 75 61 107 92 101 54 55 74 115 84 89 93 113 116 65 55 116 76 110 112 110 74 62 112 114 108 112 109 83 56 79 99 56 113 113 96 108 113 106 81 50 53 118 118 61 88 72 102 55 64 66 61 109 78 87 105 105 111 70 114 55 82 69 98 97 71 81 62 102 59 99 71 103 59 94 119 53 96 109 52 120 86 90 119 71 55 114 101 84 63 74 83 85 106 97 93 58 112 56 97 118 109 89 52 58 94 59 99 103 103 72 67 100 62 106 93 74 76 101 112 68 50 116 108 115 117 105 67 67 105 88 106 94 86 97 67 83 114 120 57 90 104 76 95 61 90 59 101 60 77 112 91 87 76 61 87 108 63 72 103 77 101 55 84 117 65 93 106 74 97 83 87 118 88 84 77 82 120 59 95 104 51 106 111 91 90 117 120 97 68 97 88 80 104 106 86 80 90 115 89 112 67 109 75 116 67 89 120 94 90 115 114 119 200
300
155 0 14 173 13 9 16 13 153 3 12 17 185 177 10 16 17 160 176 20 17 7 166 12 11 16 6 169 17 8 6 4 6 11 199 18 18 17 14 7 4 0 172 187 17 17 176 10 6 8 14 12 4 19 15 19 8 16 15 8 6 20 12 2 4 183 2 16 11 167 2 167 150 171 20 169 19 5 0 155 19 7 5 1 12 14 14 175 2 190 13 14 154 20 8 4 4 2 198 5 6 158 5 6 19 5 15 2 166 4 14 163 11 1 18 19 8 20 8 184 6 7 183 16 11 1 181 3 8 6 11 7 5 0 2 3 7 8 14 5 156 9 1 17 16 6 3 183 2 18 2 9 1 2 17 6 18 17 168 13 2 158 4 18 13 18 1 6 167 9 172 16 12 14 6 7 18 6 6 13 3 19 0 1 19 198 165 11 2 3 15 20 2 19 0 159 16 20 0 16 3 13 10 15 10 20 8 12 158 5 13 188 0 200 175 7 2 161 19 1 16 153 168 3 190 4 9 17 11 16 10 10 1 19 190 2 3 9 176 6 7 17 166 19 17 173 181 5 5 10 13 8 8 0 18 5 165 3 155 14 196 178 165 17 10 188 19 7 18 186 198 15 4 8 17 10 0 17 0 18 6 18 7 1 172 15 8 180 0 4 6 6 20 152 5 7 9 4 170 11
94
19 1 1 12 0 11 13 14 0 15 0 1 9 2 7 7 4 5 18 11 0 11 18 14 15 11 11 5 9 1 18 2 9 7 1 6 14 13 13 6 2 3 7 17 0 16 17 0 1 20 2 6 7 0 0 5 10 10 10 7 15 1 5 2 17 4 10 7 12 14 0 13 7 14 8 12 2 2 11 15 9 7 8 3 20 11 19 20 19 11 6 8 17 2
350
200 200 200 200 200 200 200 200 200 200 200 200 200 200 200 200 200 200 200 200 200 200 200 200 200 200 200 200 200 200 200 200 200 200 200 200 200 200 200 200 200 200 200 200 200 200 200 200 200 200 200 200 200 200 200 200 200 200 200 200 200 200 200 200 200 200 200 200 200 200 200 200 200 200 200 200 200 200 200 200 200 200 200 200 200 200 200 200 200 200 200 200 200 200 200 200 200 200 200 200 200 200 200 200 200 200 200 200 200 200 200 200 200 200 200 200 200 200 200 200 200 200 200 200 200 200 200 200 200 200 200 200 200 200 200 200 200 200 200 200 200 200 200 200 200 200 200 200 200 200 200 200 200 200 200 200 200 200 200 200 200 200 200 200 200 200 200 200 200 200 200 200 200 200 200 200 200 200 200 200 200 200 200 200 200 200 200 200 200 200 200 200 200 200 200 200 200 200 200 200 200 200 200 200 200 200 200 200 200 200 200 200 200 200 200 200 200 200 200 200 200 200 200 200 200 200 200 200 200 200 200 200 200 200 200 200 200 200 200 200 200 200 200 200 200 200 200 200 200 200 200 200 200 200 200 200 200 200 200 200 200 200 200 200 200 200 200 200 200 200 200 200 200 200 200 200 200 200 200 200 200 200 200 200 200 200 200 200 200 200 200 200 200 200 200 200 200 200 200 200 200 200 200 200 200 200 200 200 200 200 200 200 200 200 200 200 200 200 200 200 200 200 200 200 200 200 200 200 200 200 200 200 200 200 200 200 200 200 200 200 200 200 200 200 200 200 200 200 200 200
400
0 200 91 82 99 106 90 83 84 55 97 92 99 74 114 58 120 96 56 78 119 111 103 95 96 89 114 72 67 78 58 92 69 60 79 113 80 57 91 64 56 89 87 95 120 110 81 67 64 82 93 106 102 54 56 75 106 90 60 113 69 94 114 108 104 117 116 101 99 51 98 54 85 119 73 75 92 88 104 87 62 79 53 57 51 117 80 80 71 108 89 63 76 57 89 102 105 85 78 84 84 87 73 67 76 95 100 84 63 108 93 52 63 101 113 87 51 120 90 90 113 92 112 115 72 73 98 100 106 68 102 69 115 73 117 118 114 110 55 93 100 109 118 113 104 97 115 63 97 99 63 73 60 103 106 84 113 50 81 89 71 104 82 60 74 119 54 82 95 73 63 82 52 111 114 62 76 70 100 72 106 100 71 74 114 88 54 88 88 84 88 112 82 84 90 112 85 52 116 107 55 78 101 84 78 107 67 105 92 113 97 57 67 68 112 71 78 103 80 50 73 100 89 117 96 56 59 80 97 67 107 69 59 106 110 106 97 55 56 111 118 114 77 91 116 67 88 93 101 94 69 52 120 102 84 51 77 53 118 106 66 50 51 77 86 94 119 106 57 105 78 116 103 65 106 52 99 51 101 115 103 52 60 100 51 104 116 104 119 101 97 70 101 60 89 105 71 55 60 57 71 68 77 85 61 59 75 79 91 67 107 77 77 102 76 80 68 111 77 77 63 118 98 60 70 115 75 85 102 117 56 118 112 53 78 76 78 101 85 108 80 56 85 117 98 65 58 116 119 95 71 56 78 89 104 94 62 77 87 69 75 99 91 51 106 88 120 81 114 103 84 84 80 60 94 74 110 52 78 106 51 61 113 118 87 53 115 68 91 59 94 112 79 61 116 78 56 56 59 200
675
0 200 90 78 74 103 89 97 54 105 72 105 113 92 54 105 80 68 68 85 85 81 80 110 58 54 115 66 83 104 100 101 70 119 111 76 120 104 72 59 78 88 84 69 69 112 71 60 65 106 105 117 103 109 82 75 102 78 57 90 93 103 114 117 74 69 80 50 74 59 74 89 108 114 53 88 101 63 87 99 101 84 76 102 117 117 61 119 66 106 62 112 106 76 85 52 63 70 92 78 69 61 64 111 99 101 90 111 92 59 92 95 64 85 95 104 108 82 115 82 67 63 108 114 98 91 101 102 68 93 55 70 101 54 119 97 112 90 60 95 111 79 119 63 119 81 118 111 52 96 118 73 113 50 96 66 100 59 117 79 56 87 52 106 101 58 83 111 80 63 65 94 78 106 92 113 82 116 93 99 87 51 59 72 112 110 102 82 53 93 56 63 66 91 111 75 67 110 92 120 74 76 105 100 69 99 79 92 118 64 110 102 50 90 115 75 62 104 56 89 120 58 87 115 94 69 58 114 83 87 77 59 95 120 117 75 52 109 107 115 86 66 108 95 53 115 113 93 75 65 65 82 120 78 115 61 67 53 91 52 106 92 111 69 60 72 63 60 59 91 75 87 54 96 67 87 96 72 86 120 69 76 74 118 77 82 67 70 52 67 86 117 109 103 112 80 100 70 90 53 118 106 52 57 118 71 54 100 60 100 69 53 68 70 76 118 68 105 96 103 117 74 115 93 53 85 112 105 77 104 56 119 111 61 90 108 65 109 82 50 84 72 120 92 108 53 104 79 101 75 68 70 93 75 56 116 100 118 51 110 112 77 74 57 101 78 80 105 109 114 84 100 119 109 64 64 73 96 88 57 88 113 99 76 86 63 110 50 98 99 73 58 116 113 88 98 116 100 99 91 111 59 91 94 110 110 110 84 105 111 75 53 105 76 73 75 114 107 100 83 110 102 95 119 67 95 83 111 105 71 81 60 101 101 59 112 114 58 85 51 78 119 53 65 92 100 104 113 66 75 74 105 90 91 100 85 97 84 89 60 85 89 63 115 63 67 90 56 110 111 116 59 85 100 54 76 69 110 63 88 87 71 86 62 68 77 51 69 75 78 76 106 94 94 72 87 58 94 66 96 56 84 61 75 74 94 64 106 80 53 107 103 62 89 68 86 93 94 71 73 99 83 68 90 83 117 50 59 69 60 85 100 82 93 85 90 73 67 65 97 68 98 97 51 51 60 69 90 68 93 70 111 120 91 92 119 86 67 53 120 113 62 52 110 102 59 82 72 50 89 82 114 90 64 87 54 84 87 58 61 52 82 55 97 104 70 99 76 105 62 50 107 86 58 95 84 112 115 93 91 56 99 91 106 109 75 60 108 82 83 72 86 119 94 79 62 52 70 82 106 96 108 62 74 107 56 115 82 115 67 76 70 93 78 103 111 68 51 57 95 97 116 88 58 63 68 97 64 114 93 97 75 97 115 60 105 114 55 51 89 69 69 103 88 120 71 105 63 83 111 100 99 58 68 200
775
0 0 0 0 0 0 0 0 0 0 0 0 0 0 0 0 0 0 0 0 0 0 0 0 0 0 0 0 0 0 0 0 0 0 0 0 0 0 0 0 0 0 0 0 0 0 0 0 0 0 0 0 0 0 0 0 0 0 0 0 0 0 0 0 0 0 0 0 0 0 0 0 0 0 0 0 0 0 0 0 0 0 0 0 0 0 0 0 0 0 0 0 0 0 0 0 0 0 0 0 0 0 0 0 0 0 0 0 0 0 0 0 0 0 0 0 0 0 0 0 0 0 0 0 0 0 0 0 0 0 0 0 0 0 0 0 0 0 0 0 0 0 0 0 0 0 0 0 0 0 0 0 0 0 0 0 0 0 0 0 0 0 0 0 0 0 0 0 0 0 0 0 0 0 0 0 0 0 0 0 0 0 0 0 0 0 0 0 0 0 0 0 0 0 0 0 0 0 0 0 0 0 0 0 0 0 0 0 0 0 0 0 0 0 0 0 0 0 0 0 0 0 0 0 0 0 0 0 0 0 0 0 0 0 0 0 0 0 0 0 0 0 0 0 0 0 0 0 0 0 0 0 0 0 0 0 0 0 0 0 0 0 0 0 0 0 0 0 0 0 0 0 0 0 0 0 0 0 0 0 0 0 0 0 0 0 0 0 0 0 0 0 0 0 0 0 0 0 0 0 0 0 0 0 0 0 0 0 0 0 0 0 0 0 0 0 0 0 0 0 0 0 0 0 0 0 0 0 0 0 0 0 0 0 0 0 0 0 0 0 0 0 0 0 0 0 0 0 0 0 0 0 0 0 0 0 0 0 0 0 0 0 0 0 0 0 0 0 0 0 0 0 0 0 0 0 0 0 0 0 0 0 0 0 0 0 0 0 0 0 0 0 0 0 0 0 0 0 0 0 0 0 0 0 0 0 0 0 0 0 0 0 0 0 0 0 0 0 0 0 0 0 0 0 0 0 0 0 0 0 0 0 0 0 0 0 0 0 0 0 0 0 0 0 0 0 0 0 0 0 0 0 0 0 0 0 0 0 0 0 0 0 0 0 0 0 0 0 0 0 0 0 0 0 0 0 0 0 0 0 0 0 0 0 0 0 0 0 0 0 0 0 0 0 0 0 0 0 0 0 0 0 0 0 0 0 0 0 0 0 0 0 0 0 0 0 0 0 0 0 0 0 0 0 0 0 0 0 0 0 0 0 0 0 0 0 0 0 0 0 0 0 0 0 0 0 0 0 0 0 0 0 0 0 0 0 0 0 0 0 0 0 0 0 0 0 0 0 0 0 0 0 0 0 0 0 0 0 0 0 0 0 0 0 0 0 0 0 0 0 0 0 0 0 0 0 0 0 0 0 0 0 0 0 0 0 0 0 0 0 0 0 0 0 0 0 0 0 0 0 0 0 0 0 0 0 0 0 0 0 0 0 0 0 0 0 0 0 0 0 0 0 0 0 0 0 0 0 0 0 0 0 0 0 0 0 0 0 0 0 0 0 0 0 0 0 0 0 0 0 0 0 0 0 0 0 0 0 0 0 0 0 0 0 0 0 0 0 0 0 0 0 0 0 0 0 0 0 0 0 0 0 0 0 0 0 0 0 0 0 0 0 0 0 0 0 0 0 0 0 0 0 0 0 0 0 0 0 0 0 0 0 0 0 0 0 0 0 0 0 0 0 0 0 0 0 0 0 0 0 0 0 0 0 0 0 0 0 0 0 0 0 0 0 0 0 0 0 0 0 0 0 0 0 0
886
0 0 0 0 0 0 0 0 0 0 0 0 0 0 0 0 0 0 0 0 0 0 0 0 0 0 0 0 0 0 0 0 0 0 0 0 0 0 0 0 0 0 0 0 0 0 0 0 0 0 0 0 0 0 0 0 0 0 0 0 0 0 0 0 0 0 0 0 0 0 0 0 0 0 0 0 0 0 0 0 0 0 0 0 0 0 0 0 0 0 0 0 0 0 0 0 0 0 0 0 0 0 0 0 0 0 0 0 0 0 0 0 0 0 0 0 0 0 0 0 0 0 0 0 0 0 0 0 0 0 0 0 0 0 0 0 0 0 0 0 0 0 0 0 0 0 0 0 0 0 0 0 0 0 0 0 0 0 0 0 0 0 0 0 0 0 0 0 0 0 0 0 0 0 0 0 0 0 0 0 0 0 0 0 0 0 0 0 0 0 0 0 0 0 0 0 0 0 0 0 0 0 0 0 0 0 0 0 0 0 0 0 0 0 0 0 0 0 0 0 0 0 0 0 0 0 0 0 0 0 0 0 0 0 0 0 0 0 0 0 0 0 0 0 0 0 0 0 0 0 0 0 0 0 0 0 0 0 0 0 0 0 0 0 0 0 0 0 0 0 0 0 0 0 0 0 0 0 0 0 0 0 0 0 0 0 0 0 0 0 0 0 0 0 0 0 0 0 0 0 0 0 0 0 0 0 0 0 0 0 0 0 0 0 0 0 0 0 0 0 0 0 0 0 0 0 0 0 0 0 0 0 0 0 0 0 0 0 0 0 0 0 0 0 0 0 0 0 0 0 0 0 0 0 0 0 0 0 0 0 0 0 0 0 0 0 0 0 0 0 0 0 0 0 0 0 0 0 0 0 0 0 0 0 0 0 0 0 0 0 0 0 0 0 0 0 0 0 0 0 0 0 0 0 0 0 0 0 0 0 0 0 0 0 0 0 0 0 0 0 0 0 0 0 0 0 0 0 0 0 0 0 0 0 0 0 0 0 0 0 0 0 0 0 0 0 0 0 0 0 0 0 0 0 0 0 0 0 0 0 0 0 0 0 0 0 0 0 0 0 0 0 0 0 0 0 0 0 0 0 0 0 0 0 0 0 0 0 0 0 0 0 0 0 0 0 0 0 0 0 0 0 0 0 0 0 0 0 0 0 0 0 0 0 0 0 0 0 0 0 0 0 0 0 0 0 0 0 0 0 0 0 0 0 0 0 0 0 0 0 0 0 0 0 0 0 0 0 0 0 0 0 0 0 0 0 0 0 0 0 0 0 0 0 0 0 0 0 0 0 0 0 0 0 0 0 0 0 0 0 0 0 0 0 0 0 0 0 0 0 0 0 0 0 0 0 0 0 0 0 0 0 0 0 0 0 0 0 0 0 0 0 0 0 0 0 0 0 0 0 0 0 0 0 0 0 0 0 0 0 0 0 0 0 0 0 0 0 0 0 0 0 0 0 0 0 0 0 0 0 0 0 0 0 0 0 0 0 0 0 0 0 0 0 0 0 0 0 0 0 0 0 0 0 0 0 0 0 0 0 0 0 0 0 0 0 0 0 0 0 0 0 0 0 0 0 0 0 0 0 0 0 0 0 0 0 0 0 0 0 0 0 0 0 0 0 0 0 0 0 0 0 0 0 0 0 0 0 0 0 0 0 0 0 0 0 0 0 0 0 0 0 0 0 0 0 0 0 0 0 0 0 0 0 0 0 0 0 0 0 0 0 0 0 0 0 0 0 0 0 0 0 0 0 0 0 0 0 0 0 0 0 0 0 0 0 0 0 0 0 0 0 0 0 0 0 0 0 0 0 0 0 0 0 0 0 0 0 0 0 0 0 0 0 0 0 0 0 0 0 0 0 0 0 0 0 0 0 0 0 0 0 0 0 0 0 0 0 0 0 0 0 0 0 0 0 0 0 0 0 0 0 0 0 0 0 0 0 0 0 0 0 0 0 0 0 0 0 0 0 0 0 0 0 0 0 0 0 0 0 0 0 0 0 0 0
701
1 180 20 167 15 19 16 7 0 15 12 11 4 2 10 12 14 19 20 4 18 10 168 1 4 7 19 7 14 4 20 196 5 17 16 15 18 13 165 8 10 6 13 14 194 0 20 19 199 16 10 4 7 11 172 0 11 166 3 199 8 168 197 175 5 14 5 2 170 15 1 9 161 4 8 5 10 7 169 13 6 18 16 13 151 197 9 6 189 0 160 163 2 16 12 20 154 5 10 7 13 4 1 2 10 10 12 17 195 15 6 15 8 8 0 12 3 17 1 10 8 19 9 20 1 150 6 15 10 171 19 0 14 15 7 2 1 191 12 168 5 12 4 10 12 13 0 17 16 11 9 177 20 196 172 5 11 7 20 18 199 2 13 153 19 17 2 12 6 7 182 10 165 18 11 17 9 5 16 1 15 15 3 7 1 4 12 189 7 7 12 3 180 1 10 10 17 0 7 9 11 4 183 19 14 12 5 2 11 196 18 1 12 4 11 0 17 156 6 11 177 180 2 11 10 4 1 13 199 17 13 4 16 12 6 167 5 8 9 8 9 17 13 0 13 4 11 6 12 18 10 3 16 8 5 171 11 8 153 9 18 20 18 20 12 188 8 169 178 182 7 18 186 14 193 14 14 5 19 20 176 4 178 14 10 0 10 14 13 10 168 195 4 8 2 14 16 12 12 178 11 7 165 193 18 20 194 18 13 8 15 8 176 9 15 5 2 12 7 3 15 0 10 196 0 6 0 159 174 4 13 0 10 6 15 8 0 19 184 13 173 9 0 0 17 182 19 174 14 8 186 18 3 11 3 2 9 185 168 4 14 160 13 4 189 5 17 4 2 18 15 4 7 179 13 9 16 19 168 14 12 180 5 13 17 12 182 17 163 14 16 8 179 17 10 2 5 14 5 17 2 190 15 1 10 9 19 4 18 2 159 10 12 18 2 6 12 152 9 15 18 177 12 171 199 19 8 13 6 199 180 17 16 3 10 9 12 152 17 0 187 4 5 8 3 17 2 15 13 12 4 188 150 11 14 13 15 171 1 14 7 199 6 4 14 8 11 177 14 14 158 10 19 12 10 181 157 4 2 155 196 20 14 16 4 11 158 7 20 151 8 9 3 157 8 17 162 17 4 17 152 7 6 7 9 199 9 18 186 190 14 155 12 193 18 20 1 8 12 15 18 2 8 12 11 11 154 6 165 18 13 3 0 184 198 8 18 11 5 1 177 157 11 18 15 185 6 17 165 17 12 157 4 4 6 2 13 16 0 5 19 10 6 12 7 5 2 12 158 6 8 157 7 0 10 1 8 10 191 11 2 179 7 3 4 158 7 12 5 11 19 183 10 11 5 175 6 3 0 181 163 1 14 9 3 153 19 3 0 19 11 17 13 16 186 3 3 179 6 6 2 4 9 7 6 20 170 163 9 8 4 1 16 0 3 10 14 15 5 18 187 2 0 159 10 156 164 15 6 11 167 13 19 19 9 11 4 3 0 1 17 10 1 14 12 10 19 178 17 16 8 12 17 17 14 198 6 12 192 166 12 18 161 20 18 0 165 20 6 6 17 10 0 17 18 20 11 2 12 5 180
802
0 200 79 58 97 119 88 106 120 113 81 59 73 56 63 84 103 51 108 62 107 65 52 91 66 75 76 104 103 72 83 72 76 86 104 85 103 66 69 82 66 53 119 80 100 70 107 73 93 94 86 105 60 100 69 66 82 59 76 92 79 110 87 78 107 113 69 107 98 68 74 98 112 118 116 108 71 84 79 98 60 89 90 54 99 71 120 55 112 92 60 99 88 57 95 99 81 101 78 95 105 81 109 51 116 77 82 76 84 103 50 107 50 82 102 65 54 98 75 60 111 82 77 101 84 113 112 56 66 74 81 118 110 84 112 98 75 104 68 111 83 101 77 113 61 98 105 116 51 55 64 55 94 64 102 120 94 57 119 107 98 112 67 115 85 110 82 65 111 84 117 98 73 74 55 71 112 100 52 75 85 107 59 62 99 88 87 119 98 56 80 61 110 85 117 53 51 61 87 87 57 67 90 68 66 79 100 97 103 114 96 69 62 64 98 89 58 109 101 84 51 70 69 108 66 71 115 118 102 77 112 59 72 59 76 79 52 82 103 102 66 59 54 78 53 102 53 105 97 68 60 59 116 80 117 119 65 112 93 89 113 104 54 87 118 51 55 93 82 63 66 84 83 60 58 94 104 51 66 119 54 58 64 111 54 55 73 112 59 76 110 105 73 111 91 50 60 119 69 70 120 91 79 113 57 120 117 64 88 52 106 95 110 114 98 101 76 106 63 94 92 110 65 70 91 81 53 70 50 70 65 64 83 118 73 50 92 76 101 91 106 91 52 78 97 120 117 62 97 92 106 63 82 93 65 115 54 117 66 83 85 81 52 110 109 104 108 68 64 69 101 102 100 117 92 74 96 83 81 103 55 81 102 110 58 103 58 104 79 116 73 81 95 61 97 57 70 62 58 105 94 64 86 91 69 99 66 81 97 75 74 114 77 91 98 85 64 105 70 110 71 85 97 60 119 110 98 71 97 71 103 89 65 99 107 74 54 74 51 76 73 95 115 66 107 51 97 71 52 95 55 62 77 54 55 73 67 65 64 78 71 55 55 118 100 94 99 74 104 93 106 74 116 82 78 102 107 88 96 60 86 115 120 63 70 90 111 76 71 106 55 72 108 76 85 62 108 61 102 115 108 95 109 72 115 119 63 116 65 81 50 77 74 50 53 50 81 93 120 112 55 115 65 109 66 65 50 55 102 84 118 77 80 66 55 110 119 85 116 101 81 112 56 73 64 63 92 109 115 96 91 113 68 116 78 83 68 101 62 80 101 83 61 108 103 101 95 120 70 97 91 90 89 73 100 101 113 113 76 50 108 113 107 60 119 67 108 90 105 117 107 76 61 94 83 83 81 56 102 74 115 104 114 113 108 109 86 70 111 101 111 96 85 62 102 63 70 83 75 101 95 115 56 63 113 116 94 90 111 100 82 91 99 67 79 87 76 85 119 113 68 81 61 85 72 111 84 61 54 66 116 57 71 67 106 106 63 69 68 57 83 63 69 116 75 80 111 107 96 91 57 68 115 66 74 57 93 57 92 68 118 93 78 114 107 59 85 107 70 112 116 101 92 108 95 65 86 109 86 85 117 75 112 103 75 76 104 88 108 108 58 85 50 106 65 101 52 92 101 102 108 112 97 112 89 101 69 98 86 79 76 82 118 84 64 88 119 78 74 64 74 111 117 75 98 62 91 69 90 109 99 82 101 51 86 113 91 102 93 75 73 72 100 99 103 51 91 58 104 54 93 90 95 80 69 116 78 50 88 107 102 81 94 70 55 52 68 102 70 107 74 101 103 66 100 84 59 56 69 63 78 200
554
6 13 20 15 5 2 160 13 19 13 8 8 1 13 18 197 17 12 14 16 2 3 15 4 8 8 12 1 13 13 191 6 19 4 14 12 16 4 16 10 19 4 1 16 1 3 5 5 16 3 8 12 14 2 5 178 11 15 2 190 10 15 11 20 8 18 11 19 5 19 20 7 20 20 7 11 15 10 182 13 17 1 18 11 9 10 1 1 9 1 8 18 0 9 14 175 198 169 11 2 168 150 7 11 16 12 8 10 2 161 9 0 190 8 1 164 18 19 159 11 154 3 2 0 6 4 16 9 3 2 11 14 5 19 11 0 4 153 16 194 0 8 15 2 11 155 0 187 6 2 12 19 18 19 7 2 173 176 3 20 0 15 200 8 12 14 19 172 188 3 156 4 15 5 18 188 151 8 169 18 10 188 193 5 182 18 3 13 9 164 0 17 12 15 17 14 12 2 13 17 200 2 2 9 19 15 9 3 17 1 10 4 5 9 8 8 4 0 11 19 9 0 14 150 11 8 5 6 170 15 1 7 7 0 14 192 3 189 18 9 11 10 17 179 3 19 165 9 4 188 9 196 197 15 0 1 15 198 181 1 0 17 13 19 2 19 18 1 20 2 8 1 199 13 20 13 5 8 4 156 162 1 15 13 178 4 6 10 15 12 9 13 15 4 18 4 2 155 191 178 13 9 7 10 20 19 18 159 11 0 20 20 4 15 5 7 1 185 16 20 10 17 13 4 15 20 3 19 16 1 171 17 162 20 2 166 19 15 0 160 3 7 19 17 181 5 15 9 179 11 7 0 13 159 11 16 20 5 190 10 4 4 11 1 19 2 171 10 19 3 19 8 16 199 0 4 155 12 7 191 19 17 5 8 17 20 3 12 0 184 185 10 1 17 10 20 19 20 6 195 153 173 10 171 14 0 2 15 163 17 5 17 19 8 172 18 185 170 13 12 15 173 2 1 19 18 9 16 2 186 12 8 186 18 20 19 16 169 14 19 10 200 1 7 13 2 16 10 20 11 7 165 1 1 13 192 6 3 9 19 163 196 5 14 13 2 7 18 0 16 16 5 8 3 13 12 200 188 188 13 0 8 16 19 8 17 18 7 1 20 1 14 14 15 181 0 19 15 5 10 20 4 170 6 199 7 6 0 200 12 190 9 167 172 9 5 162 9 15 5 8 7 20 172 19 5 176 3 17 188 183 180 10 11 2 9 161 8 16 150 14 13 1 14 10 3 198 17 6 17 166 15 3 9
698
200 200 200 200 200 200 200 200 200 200 200 200 200 200 200 200 200 200 200 200 200 200 200 200 200 200 200 200 200 200 200 200 200 200 200 200 200 200 200 200 200 200 200 200 200 200 200 200 200 200 200 200 200 200 200 200 200 200 200 200 200 200 200 200 200 200 200 200 200 200 200 200 200 200 200 200 200 200 200 200 200 200 200 200 200 200 200 200 200 200 200 200 200 200 200 200 200 200 200 200 200 200 200 200 200 200 200 200 200 200 200 200 200 200 200 200 200 200 200 200 200 200 200 200 200 200 200 200 200 200 200 200 200 200 200 200 200 200 200 200 200 200 200 200 200 200 200 200 200 200 200 200 200 200 200 200 200 200 200 200 200 200 200 200 200 200 200 200 200 200 200 200 200 200 200 200 200 200 200 200 200 200 200 200 200 200 200 200 200 200 200 200 200 200 200 200 200 200 200 200 200 200 200 200 200 200 200 200 200 200 200 200 200 200 200 200 200 200 200 200 200 200 200 200 200 200 200 200 200 200 200 200 200 200 200 200 200 200 200 200 200 200 200 200 200 200 200 200 200 200 200 200 200 200 200 200 200 200 200 200 200 200 200 200 200 200 200 200 200 200 200 200 200 200 200 200 200 200 200 200 200 200 200 200 200 200 200 200 200 200 200 200 200 200 200 200 200 200 200 200 200 200 200 200 200 200 200 200 200 200 200 200 200 200 200 200 200 200 200 200 200 200 200 200 200 200 200 200 200 200 200 200 200 200 200 200 200 200 200 200 200 200 200 200 200 200 200 200 200 200 200 200 200 200 200 200 200 200 200 200 200 200 200 200 200 200 200 200 200 200 200 200 200 200 200 200 200 200 200 200 200 200 200 200 200 200 200 200 200 200 200 200 200 200 200 200 200 200 200 200 200 200 200 200 200 200 200 200 200 200 200 200 200 200 200 200 200 200 200 200 200 200 200 200 200 200 200 200 200 200 200 200 200 200 200 200 200 200 200 200 200 200 200 200 200 200 200 200 200 200 200 200 200 200 200 200 200 200 200 200 200 200 200 200 200 200 200 200 200 200 200 200 200 200 200 200 200 200 200 200 200 200 200 200 200 200 200 200 200 200 200 200 200 200 200 200 200 200 200 200 200 200 200 200 200 200 200 200 200 200 200 200 200 200 200 200 200 200 200 200 200 200 200 200 200 200 200 200 200 200 200 200 200 200 200 200 200 200 200 200 200 200 200 200 200 200 200 200 200 200 200 200 200 200 200 200 200 200 200 200 200 200 200 200 200 200 200 200 200 200 200 200 200 200 200 200 200 200 200 200 200 200 200 200 200 200 200 200 200 200 200 200 200 200 200 200 200 200 200 200 200 200 200 200 200 200 200 200 200 200 200 200 200 200 200 200 200 200 200 200 200 200 200 200 200 200 200 200 200 200 200 200 200 200 200 200 200 200 200 200 200 200 200 200 200 200 200 200 200 200 200 200 200 200 200 200 200 200 200 200 200 200 200 200 200 200 200 200 200 200 200 200 200 200 200 200 200 200 200 200 200 200 200 200 200 200 200 200 200 200 200 200 200 200 200 200 200 200
256
14 10 16 14 15 9 8 2 14 19 11 17 6 5 15 1 2 19 13 10 8 16 0 2 0 0 7 19 13 10 12 9 19 20 20 13 10 18 17 7 13 16 8 5 9 11 10 20 5 12 18 20 9 6 6 17 7 9 6 20 18 10 16 5 1 2 19 2 14 7 3 14 20 10 4 3 16 6 15 16 16 10 16 5 0 8 0 16 18 2 2 19 14 18 11 5 6 2 16 12 18 9 3 12 19 11 9 17 5 13 13 10 13 5 12 16 17 14 3 7 5 2 4 14 1 15 12 2 6 2 3 2 16 8 8 6 2 5 17 20 12 19 4 10 16 14 6 15 8 3 2 17 3 18 1 6 1 1 16 18 3 19 9 18 2 12 4 7 0 19 3 18 19 12 18 0 9 15 4 4 8 2 1 4 19 15 20 15 14 17 4 1 11 18 13 2 16 6 5 6 10 17 16 11 3 4 9 7 11 18 5 16 19 19 20 18 6 20 10 10 8 14 5 16 16 5 19 13 6 17 17 3 4 11 7 19 19 3 16 5 13 13 4 19 17 9 18 17 15 11 2 8 20 4 0 18
207
9 6 4 2 10 20 20 4 17 6 9 5 12 15 2 15 16 2 1 10 3 0 0 10 12 19 7 16 8 9 1 1 2 3 13 18 1 0 16 11 3 13 6 19 11 19 6 4 4 14 17 14 5 1 20 18 5 19 12 6 18 6 4 4 14 9 11 7 5 15 12 10 1 3 6 12 6 15 16 5 12 3 1 3 6 3 20 6 5 15 6 18 8 1 18 10 5 1 14 8 13 9 0 1 1 5 15 11 13 15 0 7 13 6 1 6 9 11 1 11 7 11 4 10 6 0 3 3 17 17 9 7 12 2 9 4 1 17 4 14 11 16 2 4 14 7 4 19 6 19 5 2 2 19 4 9 9 3 0 18 5 11 18 17 11 17 19 8 20 2 13 4 2 9 10 5 3 6 2 14 14 17 1 0 13 8 13 13 5 6 7 12 1 18 15 18 8 12 8 11 0 11 10 17 13 12 11
263
13 4 17 19 16 19 189 1 151 3 5 3 14 16 9 11 13 18 0 19 14 160 200 176 177 5 17 18 17 6 2 10 2 17 7 5 9 187 15 14 0 20 19 0 3 2 15 5 180 189 13 181 0 178 4 19 13 20 4 6 0 182 13 12 6 2 13 2 192 7 8 7 1 8 169 13 150 18 15 8 13 18 8 3 12 20 9 17 3 19 20 20 4 172 18 1 5 153 10 10 1 16 19 8 4 1 12 2 12 17 195 9 180 2 10 4 0 13 155 6 179 7 156 18 4 171 18 19 14 181 14 18 6 7 161 190 154 7 10 14 19 16 20 8 5 8 5 8 13 2 186 3 15 11 14 188 16 10 4 18 169 159 14 4 0 18 174 179 164 14 20 200 14 15 14 6 14 2 1 14 15 156 151 5 10 13 1 166 20 4 177 1 1 9 186 10 20 16 7 10 12 183 17 164 16 20 4 13 19 19 19 16 3 10 2 13 17 4 168 2 173 184 18 16 14 18 7 171 18 184 185 4 9 4 13 19 12 17 177 18 10 160 2 14 16 1 18 189 8 12 14 3 17 187 20 16 12 7 7 19 1 9 8
241
0 200 115 79 74 65 56 61 119 56 107 63 69 96 87 74 63 94 105 54 66 107 101 84 102 52 90 114 118 119 78 108 64 102 68 100 95 118 98 104 104 108 80 56 88 102 113 104 72 100 107 110 103 100 67 81 116 108 78 57 96 67 106 83 81 66 59 81 63 118 106 82 93 91 88 83 91 107 96 73 70 70 71 84 96 99 89 102 79 72 55 72 56 79 58 50 58 112 95 103 88 101 81 86 77 107 87 53 53 67 94 86 120 89 119 63 67 111 70 58 57 54 113 107 58 111 90 68 88 59 56 73 84 120 87 113 58 56 65 70 66 90 110 111 102 102 53 94 106 51 92 61 114 95 110 105 104 117 105 113 79 117 57 74 57 71 68 102 114 75 100 107 75 94 59 75 107 88 106 67 71 53 114 50 61 106 105 52 116 56 112 72 98 85 106 106 81 106 78 62 115 109 79 61 89 77 74 103 80 63 76 120 108 68 110 114 60 103 109 54 111 56 89 63 71 56 92 80 72 94 67 58 85 67 84 111 116 109 81 92 200
108
0 200 75 93 85 90 100 96 56 103 78 68 72 66 107 83 94 79 106 65 55 96 99 104 73 114 110 89 110 73 120 94 85 119 78 71 83 55 100 101 117 111 56 72 118 65 112 63 98 72 70 51 118 64 92 77 115 85 93 92 102 75 101 52 112 97 95 58 86 93 81 114 71 109 97 84 114 80 104 66 115 78 72 92 114 98 91 106 116 117 61 58 104 100 52 99 79 50 87 84 92 99 79 52 68 99 65 200
914
0 200 72 76 58 63 59 118 56 54 98 106 105 104 91 75 51 104 117 114 73 50 100 76 111 102 92 85 92 81 85 88 101 96 107 73 52 54 64 51 85 59 87 66 88 54 71 119 96 95 51 69 117 82 104 88 60 113 114 60 115 65 110 96 59 103 51 63 119 73 112 107 116 89 119 51 67 76 70 69 105 62 100 63 99 72 120 120 69 63 110 54 60 77 96 59 62 62 118 69 103 77 68 102 65 54 83 89 62 94 79 60 102 67 63 120 75 74 85 79 106 62 115 99 74 114 51 57 111 63 98 75 56 62 50 90 67 92 55 63 81 65 79 111 71 60 105 80 79 70 66 60 116 82 67 54 98 108 77 104 120 119 96 56 53 114 51 62 53 70 61 89 93 82 57 96 94 55 54 51 93 65 103 65 59 71 118 81 102 67 103 114 72 73 63 65 64 107 105 84 111 114 86 93 117 50 65 52 55 86 88 117 89 65 50 102 106 84 76 96 104 90 60 99 109 57 89 78 77 64 61 105 76 111 58 87 88 70 86 80 55 72 120 89 90 67 106 116 120 51 102 109 50 78 101 78 58 91 66 79 90 50 116 94 68 52 90 53 59 67 70 77 92 52 85 113 91 60 73 66 98 87 113 115 67 93 77 93 74 71 118 67 92 90 75 53 80 80 97 61 70 119 51 77 116 87 112 50 54 79 65 101 79 87 106 68 111 109 69 57 51 83 108 87 87 58 114 92 90 118 69 99 73 57 98 112 101 80 59 108 93 78 107 55 100 88 52 109 94 51 85 85 51 85 110 98 71 69 120 80 115 91 113 112 96 108 69 76 101 89 71 64 91 105 104 60 69 69 108 71 66 105 71 111 81 103 98 111 81 113 105 101 81 103 95 109 79 117 113 108 81 96 73 109 58 105 95 114 73 62 65 56 57 73 77 84 79 97 80 99 83 101 94 51 111 70 98 62 83 56 118 58 90 115 64 113 74 56 81 97 101 74 59 106 99 60 52 99 90 65 64 66 77 71 84 107 111 120 59 65 80 105 85 114 84 103 77 70 69 86 82 117 101 96 116 90 63 107 50 113 55 53 79 59 97 81 94 101 63 100 117 65 85 102 99 50 78 100 79 111 59 81 80 84 62 103 58 116 87 70 74 52 60 86 105 54 61 62 100 91 93 62 60 83 78 99 103 97 61 103 114 86 62 116 59 96 71 74 96 106 117 91 112 119 105 113 95 80 98 98 89 92 114 93 103 107 50 95 80 65 64 78 79 118 80 119 86 67 55 71 102 91 82 57 56 71 72 58 116 56 69 104 79 62 98 58 102 75 59 117 53 72 82 59 56 60 73 59 77 79 115 105 117 80 81 79 73 89 100 117 97 63 99 63 77 83 52 76 61 55 59 93 71 56 114 101 91 112 81 103 61 107 106 112 109 119 61 100 71 103 106 105 97 51 66 62 94 79 96 102 86 61 68 77 69 120 81 57 68 75 55 71 65 64 84 99 82 105 100 86 108 83 89 100 96 67 52 120 82 103 118 119 80 101 50 97 68 58 57 76 54 77 82 106 110 106 78 102 51 76 57 57 93 67 78 103 109 61 71 73 119 82 118 107 111 115 102 115 110 93 78 103 78 110 54 92 65 100 65 100 59 62 95 80 71 101 86 56 70 64 60 65 115 94 110 60 75 107 50 75 53 84 50 117 51 115 80 117 108 95 50 68 97 108 61 110 111 58 80 102 115 52 74 76 91 113 81 83 71 94 70 73 97 94 114 76 99 98 56 51 75 87 59 68 54 82 66 113 98 70 61 83 113 55 63 112 100 86 91 70 66 95 114 105 50 113 109 73 108 61 120 93 72 65 71 82 87 54 105 62 118 92 79 112 115 106 53 74 63 83 65 65 119 52 109 86 65 100 72 111 97 103 106 86 120 81 65 70 119 83 113 59 105 114 111 51 86 117 78 63 56 82 64 83 59 81 82 95 52 83 114 104 88 82 82 97 65 85 66 97 107 89 55 70 55 98 91 75 120 90 95 98 93 82 56 104 71 105 109 72 95 105 98 200
66
6 19 17 11 10 18 7 13 14 4 1 20 9 15 16 0 19 14 15 3 8 16 2 0 0 13 18 4 9 2 16 4 9 5 11 4 10 12 12 7 14 20 0 12 19 15 6 5 17 13 5 0 16 9 0 4 11 16 19 6 11 19 14 7 16 0
293
13 20 5 3 0 5 9 4 20 10 16 8 17 2 7 1 20 2 11 12 0 17 18 19 1 15 16 7 13 11 3 6 2 3 9 16 18 7 7 14 20 12 0 6 0 7 12 4 20 4 4 9 10 3 6 3 20 0 4 14 15 7 18 10 6 3 17 6 19 3 19 10 9 5 0 3 15 8 18 6 1 8 3 2 6 16 2 12 10 17 4 6 8 9 6 3 9 20 13 5 3 9 1 0 13 16 15 9 20 0 20 12 19 1 3 15 11 16 20 2 11 3 2 6 2 18 7 19 7 17 7 7 11 7 20 2 1 9 5 14 5 12 5 4 17 20 18 18 16 17 19 14 9 20 0 6 15 16 9 7 12 17 10 6 2 19 1 11 14 11 8 15 20 4 7 1 4 17 18 14 4 11 20 10 15 9 16 17 13 16 10 17 17 17 12 19 14 11 16 15 10 20 2 17 3 6 2 13 11 8 20 14 20 20 11 4 8 15 19 17 5 16 9 8 15 19 2 17 5 4 18 2 4 1 16 2 4 2 3 8 12 9 20 11 11 15 20 17 19 17 15 18 18 1 11 11 20 3 18 1 0 6 10 10 10 6 6 8 11 4 15 14 5 9 11 12 12 17 16 4 6 4 7 16 13 14 9 2 16 13 12 11 12
249
0 200 109 102 66 65 96 107 96 111 58 108 114 104 114 57 64 105 104 96 50 91 112 81 94 53 62 113 94 59 99 113 90 97 107 105 95 80 94 100 114 115 93 55 80 105 111 84 74 98 99 62 76 79 67 79 58 81 73 106 69 114 118 104 80 115 107 68 90 64 59 51 82 90 96 74 50 116 88 100 87 95 84 59 64 80 71 75 94 113 86 98 89 77 92 120 75 75 96 96 93 86 79 62 91 70 108 67 58 89 101 80 77 107 61 113 108 105 87 102 61 117 120 65 53 106 114 54 88 118 51 69 69 94 51 120 82 81 102 85 91 78 66 116 66 88 76 94 103 59 120 94 72 68 97 83 50 50 103 80 65 81 91 69 89 86 65 98 77 53 66 100 74 75 57 104 89 80 114 102 95 58 78 119 118 105 70 118 59 87 75 52 87 109 60 96 119 90 57 51 97 63 79 52 88 57 57 99 71 96 120 53 91 96 82 51 96 114 102 118 76 58 79 50 51 87 58 83 70 63 109 65 92 112 107 83 55 58 116 67 66 62 109 76 86 69 52 109 200
701
194 21 174 28 118 135 137 165 196 51 50 126 41 42 34 56 81 20 174 45 5 168 163 68 190 160 180 23 50 43 112 50 132 99 126 83 93 168 98 187 99 189 21 55 187 107 79 109 39 47 27 128 199 80 135 119 125 82 168 79 174 100 58 49 191 24 125 83 85 8 192 38 55 136 57 34 48 94 125 45 144 135 118 106 194 157 96 165 126 12 146 33 1 61 4 169 112 164 101 130 190 37 26 72 67 101 200 128 191 131 186 33 113 98 84 143 177 4 47 46 67 95 86 184 100 69 178 194 184 127 64 183 13 38 137 179 148 196 173 27 97 163 155 70 52 17 163 122 55 162 92 65 0 55 181 85 150 193 65 199 169 19 66 30 92 30 190 133 196 10 123 71 108 60 79 176 157 86 197 42 147 42 134 102 55 52 178 140 46 113 190 106 194 49 24 82 146 186 11 17 198 14 57 160 80 107 188 125 192 151 165 90 137 200 39 71 56 165 189 110 35 74 71 193 32 141 50 169 100 109 11 162 191 75 123 170 100 191 142 102 169 138 24 193 111 178 67 99 79 48 20 142 85 12 192 174 29 78 161 29 56 195 132 59 118 90 112 171 19 55 186 35 46 60 17 45 188 70 35 89 177 143 14 182 61 193 100 66 200 114 181 52 73 77 74 162 114 145 35 111 110 154 143 94 152 166 7 79 37 6 177 132 7 147 71 9 134 134 87 159 171 134 71 49 122 77 71 22 34 98 41 44 165 109 75 97 12 63 109 97 15 74 73 178 82 74 159 110 27 178 27 124 163 2 99 77 154 175 97 83 9 1 27 89 2 135 122 122 154 16 28 43 9 25 174 18 146 5 40 40 195 115 188 81 182 151 17 69 175 75 97 112 199 143 28 163 77 144 121 156 12 175 119 128 128 109 49 57 23 190 20 101 109 71 44 136 20 115 181 159 41 54 161 13 45 25 152 161 71 146 19 109 37 78 200 168 139 107 83 49 48 78 23 118 17 114 66 61 79 108 93 174 157 14 122 199 185 132 140 52 90 101 77 195 174 38 32 11 156 18 87 158 41 198 169 154 84 27 94 59 58 15 133 44 16 39 179 129 73 93 64 143 180 86 157 160 55 8 101 139 66 179 3 68 163 32 36 32 178 187 61 87 110 54 37 179 142 187 122 71 168 54 176 130 140 20 182 71 199 114 78 169 45 140 152 147 156 191 155 113 161 63 39 67 58 142 118 27 99 13 146 75 47 135 82 154 109 113 177 108 83 188 14 197 83 148 80 67 104 102 54 156 47 190 54 34 165 2 126 117 44 114 111 19 105 78 43 41 128 72 49 63 34 41 103 109 191 148 14 78 8 97 42 196 66 166 95 161 136 15 78 127 60 162 5 63 186 117 183 13 27 18 162 117 116 106 93 140 97 15 179 95 11 176 178 51 45 26 139 28 174 47 64 99 40 195 171 16 188 185 76 118 12 160 111 59 149 137 183 38 80 21 5 33 131 33 25 31 197 143 125 173 172 20 139 185 120 77 107 84 131 112 20 100 3 171 185 23 26 169 83 141 178 49 40 107 169 82 20 181 118
97
0 200 55 84 51 86 99 77 84 72 101 85 63 82 110 90 101 120 101 113 70 95 89 56 92 57 61 117 120 55 89 58 107 60 118 103 75 117 79 116 120 57 60 108 96 109 98 113 115 115 64 104 55 53 103 50 113 67 55 117 107 83 101 109 65 107 63 75 88 56 78 71 120 118 69 60 53 106 109 88 88 112 101 57 94 50 84 64 85 88 51 103 100 52 76 73 200
480
200 200 200 200 200 200 200 200 200 200 200 200 200 200 200 200 200 200 200 200 200 200 200 200 200 200 200 200 200 200 200 200 200 200 200 200 200 200 200 200 200 200 200 200 200 200 200 200 200 200 200 200 200 200 200 200 200 200 200 200 200 200 200 200 200 200 200 200 200 200 200 200 200 200 200 200 200 200 200 200 200 200 200 200 200 200 200 200 200 200 200 200 200 200 200 200 200 200 200 200 200 200 200 200 200 200 200 200 200 200 200 200 200 200 200 200 200 200 200 200 200 200 200 200 200 200 200 200 200 200 200 200 200 200 200 200 200 200 200 200 200 200 200 200 200 200 200 200 200 200 200 200 200 200 200 200 200 200 200 200 200 200 200 200 200 200 200 200 200 200 200 200 200 200 200 200 200 200 200 200 200 200 200 200 200 200 200 200 200 200 200 200 200 200 200 200 200 200 200 200 200 200 200 200 200 200 200 200 200 200 200 200 200 200 200 200 200 200 200 200 200 200 200 200 200 200 200 200 200 200 200 200 200 200 200 200 200 200 200 200 200 200 200 200 200 200 200 200 200 200 200 200 200 200 200 200 200 200 200 200 200 200 200 200 200 200 200 200 200 200 200 200 200 200 200 200 200 200 200 200 200 200 200 200 200 200 200 200 200 200 200 200 200 200 200 200 200 200 200 200 200 200 200 200 200 200 200 200 200 200 200 200 200 200 200 200 200 200 200 200 200 200 200 200 200 200 200 200 200 200 200 200 200 200 200 200 200 200 200 200 200 200 200 200 200 200 200 200 200 200 200 200 200 200 200 200 200 200 200 200 200 200 200 200 200 200 200 200 200 200 200 200 200 200 200 200 200 200 200 200 200 200 200 200 200 200 200 200 200 200 200 200 200 200 200 200 200 200 200 200 200 200 200 200 200 200 200 200 200 200 200 200 200 200 200 200 200 200 200 200 200 200 200 200 200 200 200 200 200 200 200 200 200 200 200 200 200 200 200 200 200 200 200 200 200 200 200 200 200 200 200 200 200 200 200 200 200 200 200 200 200 200 200 200 200 200 200 200 200 200 200 200 200 200 200 200 200 200 200 200
152
102 118 157 80 91 88 31 171 193 99 164 146 96 76 159 177 116 29 118 96 79 110 123 20 75 194 4 71 79 111 164 47 110 58 37 11 7 10 87 185 142 114 152 101 1 142 75 27 70 49 191 99 16 179 40 193 176 10 152 133 192 172 65 20 8 29 132 138 94 194 119 155 36 44 90 22 89 163 89 26 82 184 153 90 187 124 71 94 53 73 157 16 94 184 168 128 23 176 122 17 173 29 58 181 132 101 3 58 62 131 169 74 151 136 40 52 82 148 112 46 188 48 12 56 88 179 26 161 159 76 183 126 53 110 82 6 96 90 134 81 184 163 97 28 139 10 151 172 161 136 46 47
70
200 200 200 200 200 200 200 200 200 200 200 200 200 200 200 200 200 200 200 200 200 200 200 200 200 200 200 200 200 200 200 200 200 200 200 200 200 200 200 200 200 200 200 200 200 200 200 200 200 200 200 200 200 200 200 200 200 200 200 200 200 200 200 200 200 200 200 200 200 200
495
193 187 193 187 193 91 193 187 187 187 193 187 91 193 91 187 193 91 193 187 91 91 187 187 193 193 193 193 193 193 187 193 91 91 91 91 91 187 91 91 193 193 193 193 187 193 91 91 91 193 187 193 193 187 193 193 91 187 187 187 193 193 91 187 193 193 187 193 193 193 187 91 193 187 193 193 193 91 91 187 91 193 187 91 193 91 193 91 91 187 187 91 91 91 193 91 187 193 187 187 91 187 91 193 91 193 91 91 91 193 193 193 193 91 187 91 91 193 91 193 193 193 187 91 91 91 187 91 91 187 187 187 187 91 193 187 193 193 187 193 91 193 91 91 187 187 187 91 193 187 187 193 91 193 187 193 187 193 193 91 187 193 193 91 91 91 91 193 91 187 187 187 193 193 91 187 193 91 187 91 91 91 193 187 193 193 193 193 187 187 193 91 187 193 193 91 193 187 91 91 193 91 91 91 193 187 193 91 187 91 91 193 91 91 193 91 187 187 193 91 193 193 193 91 193 187 193 187 91 91 193 91 187 187 187 91 187 91 193 187 193 91 193 193 187 193 187 91 193 91 193 91 91 187 193 91 91 193 91 91 193 91 193 193 193 193 193 187 187 91 193 91 187 91 193 193 193 193 187 187 193 193 91 187 91 193 193 187 91 193 187 193 193 91 193 187 91 193 193 91 193 187 187 187 91 193 193 91 91 91 91 193 193 91 91 187 187 187 187 193 193 91 91 187 193 187 187 193 193 91 187 193 193 187 187 91 193 187 193 193 187 187 193 187 187 193 187 187 187 193 193 193 91 193 91 187 193 193 91 187 193 91 193 91 91 187 187 91 193 187 187 91 193 91 91 193 193 187 193 193 91 187 187 91 193 187 193 187 193 91 91 193 187 193 193 91 187 91 91 91 91 187 91 187 193 193 193 91 91 91 193 193 193 91 193 193 91 187 193 187 187 91 193 193 91 187 187 193 193 193 193 187 91 187 193 91 193 91 187 91 193 187 91 187 193 187 91 91 91 193 187 193 91 91 187 91 91 187 193 187 187 193 193 187 187 193 91 91 91 187 187 193 187 193 187 187 187 193 187 193 187 193 193 187 91 91 91 187 91 193 187 91 91 193 193
858
58 34 86 36 137 77 140 40 7 96 92 34 12 142 170 116 157 112 171 16 153 104 98 122 148 101 20 31 30 181 0 178 105 128 117 77 22 45 10 104 179 143 32 87 90 63 125 62 69 8 56 108 40 155 107 112 181 92 57 81 50 72 63 23 154 189 71 162 77 98 141 41 48 75 45 78 149 18 192 189 29 189 64 25 126 73 103 124 52 1 53 28 102 70 62 178 23 60 59 17 81 78 92 190 34 149 47 96 180 133 87 92 9 21 25 158 77 181 6 39 82 119 130 45 153 78 4 168 17 74 139 178 24 81 148 9 96 20 49 170 195 144 25 60 166 147 193 12 51 2 31 0 12 26 14 164 1 15 192 195 22 7 117 104 153 120 65 97 66 150 116 195 35 164 28 29 184 166 58 43 46 189 89 83 84 119 108 155 50 100 180 4 150 93 58 57 172 64 143 124 39 89 115 115 34 166 86 171 141 138 98 47 145 79 88 152 91 20 119 115 15 167 98 15 69 45 184 110 136 196 53 4 165 136 143 56 149 54 194 39 92 51 78 182 5 84 133 93 55 178 66 118 46 183 18 17 57 68 94 139 145 147 38 79 112 129 170 68 35 148 121 102 5 45 104 18 80 175 146 200 183 108 147 131 112 194 177 21 13 116 108 79 62 117 16 196 64 111 169 31 14 30 18 146 89 112 135 3 124 17 13 17 22 31 124 155 74 40 188 23 96 67 57 71 146 12 85 193 62 73 48 70 141 11 61 82 113 174 112 154 119 61 158 150 184 132 86 176 169 115 78 26 158 49 200 89 123 139 127 172 7 195 69 183 38 160 198 108 162 155 153 53 176 110 143 24 121 136 110 95 137 71 50 119 166 162 157 63 44 129 199 89 142 64 191 129 193 191 128 156 11 49 58 16 181 96 182 90 28 160 149 148 24 72 132 136 179 123 179 162 109 174 48 169 177 20 55 176 7 46 50 24 188 2 152 126 55 2 168 189 115 121 55 95 198 57 124 52 123 111 45 172 157 79 94 78 89 13 193 181 85 109 77 142 182 62 165 19 86 58 147 151 195 99 26 191 132 11 173 152 13 184 155 62 74 39 195 100 41 127 98 154 65 96 47 122 66 168 19 91 184 15 170 44 174 118 148 34 144 107 15 31 187 105 26 165 118 190 99 69 56 69 91 185 107 83 108 152 170 77 35 15 125 121 90 115 169 116 77 179 35 54 73 29 66 117 105 166 58 163 94 139 113 174 21 200 179 58 98 9 56 127 63 175 118 0 183 15 24 159 138 131 82 102 23 68 22 47 182 88 185 143 133 92 76 91 59 148 192 105 162 42 40 156 106 121 133 77 94 12 163 48 126 92 162 95 157 67 96 57 145 166 10 192 170 109 70 43 130 72 115 152 86 142 159 114 89 76 96 53 186 189 131 38 60 158 37 69 69 141 27 129 15 88 121 120 87 149 166 171 194 147 176 109 97 188 154 189 144 108 47 166 105 59 1 28 84 94 86 24 148 162 34 44 24 66 22 123 91 101 85 131 173 193 170 184 22 24 168 22 90 194 167 87 104 196 200 188 108 158 103 72 143 77 104 95 188 116 104 168 193 77 47 106 165 173 8 113 191 87 151 131 94 141 150 18 101 148 59 150 56 181 173 32 153 30 159 152 124 17 148 114 101 145 53 185 70 137 94 60 163 107 129 166 158 12 35 147 101 123 135 8 188 128 63 54 70 71 137 23 137 89 152 9 116 175 197 90 69 141 170 55 45 149 6 184 41 15 65 97 26 196 141 76 197 42 67 61 39 121 82 102 159 60 167 167 50 14 173 28 126 48 39 94 181 10 71 24 89 86 50 114 196 72 114 64 36 150 169 182 27 129 19 181 20 31 174 41 123 127 70 96 11 42 133 141 121 181 28 89 44 64 103 114 57 114 83 198
589
13 13 9 10 16 16 15 14 17 5 7 10 20 5 3 1 5 3 2 7 4 9 20 10 20 2 7 0 5 0 14 13 12 20 15 5 9 4 4 7 19 5 12 9 3 14 2 2 15 4 0 11 10 19 9 6 17 10 12 19 10 19 19 19 3 0 1 8 8 17 13 2 6 5 7 6 15 8 14 12 10 17 12 10 0 10 6 5 4 3 20 14 18 5 19 9 3 11 5 14 7 9 0 7 2 11 9 6 0 1 8 17 13 8 13 1 5 16 17 13 12 9 4 7 14 2 6 19 10 5 12 17 7 4 11 10 17 11 6 6 2 13 3 14 17 15 20 13 2 15 4 13 9 20 17 10 3 14 14 6 5 13 15 12 16 18 16 4 14 5 6 14 4 15 8 5 9 16 19 10 0 9 15 0 19 15 20 11 1 16 6 18 5 10 11 12 15 19 13 3 16 3 6 1 15 16 6 16 10 11 19 9 3 8 9 19 12 9 11 19 14 13 5 12 1 12 3 6 11 9 14 4 9 10 13 8 1 18 17 0 17 17 16 5 3 5 17 19 3 17 8 15 0 13 10 10 15 12 12 20 7 12 3 15 14 10 20 13 5 9 2 8 7 17 0 17 8 20 13 11 8 14 7 8 7 2 0 11 10 5 17 15 3 11 4 12 5 6 9 20 1 7 2 2 8 2 13 6 12 17 9 19 17 16 2 11 9 5 14 7 18 14 17 9 8 0 10 8 11 14 16 4 19 11 3 1 7 10 9 17 2 3 2 14 0 3 5 4 4 17 4 4 4 11 13 15 4 12 10 7 8 5 9 14 3 2 4 1 15 13 11 13 17 13 10 8 5 13 5 17 10 13 7 6 4 7 3 6 12 19 3 18 15 14 16 13 3 1 12 1 3 18 11 10 17 13 12 17 13 4 2 11 3 11 10 8 18 4 17 16 11 18 16 11 9 15 0 13 15 16 10 10 1 16 5 9 2 16 2 14 5 15 5 11 4 2 6 14 2 14 17 18 12 17 20 9 10 2 4 19 2 7 13 5 9 4 7 11 14 7 12 0 3 20 11 3 15 15 5 19 17 11 7 17 20 19 7 12 2 1 15 1 10 5 11 1 18 1 9 0 14 13 8 2 17 5 11 18 11 14 9 12 19 3 0 16 5 1 9 11 19 18 6 9 12 13 15 2 15 19 19 6 5 5 5 16 6 16 15 0 3 11 6 20 6 11 11 5 8 1 17 10 10 9 13 12 7 16 18 3 17 14 16 18 1 5 12 5 20 20 1 0 11 5 1 17 16 9 4 10 14 7 2 6 3 3 6 12 19
610
3 18 15 4 5 1 13 3 16 1 8 16 18 5 18 2 15 8 18 7 0 6 20 17 1 19 14 17 0 12 4 20 11 5 12 2 20 10 10 18 12 12 0 11 20 2 0 11 7 19 1 7 1 8 15 9 12 2 17 2 10 10 18 3 11 3 6 4 8 5 18 18 2 9 7 18 15 17 2 10 10 8 18 8 8 1 18 10 4 0 5 20 17 4 15 20 9 10 9 8 6 5 4 10 3 3 3 18 5 7 14 6 19 17 17 10 9 13 18 15 9 8 14 2 19 12 3 15 20 5 11 10 0 8 20 19 6 11 14 15 3 8 10 6 8 16 18 5 2 19 17 10 15 19 12 20 11 15 4 3 13 8 18 16 19 0 12 6 1 10 16 7 13 19 20 6 9 3 16 11 8 5 20 8 13 1 11 3 12 14 4 3 14 13 2 2 6 19 8 14 7 3 12 13 12 6 11 4 19 12 3 10 4 17 10 11 17 20 17 20 12 2 11 1 14 14 20 7 7 19 8 11 16 14 8 15 0 6 8 17 2 7 5 10 3 15 2 14 8 2 14 10 9 10 9 19 2 11 14 2 3 4 8 1 7 14 15 12 2 3 19 11 15 13 7 6 3 20 20 12 16 12 15 9 17 16 13 16 7 3 4 10 15 7 9 5 10 12 11 6 4 3 20 12 1 18 12 14 13 17 4 19 9 10 15 12 6 2 0 14 18 14 16 14 4 5 12 7 20 17 19 16 20 13 12 14 10 15 15 15 7 15 10 12 5 14 19 5 14 19 14 5 0 10 20 9 14 3 12 7 5 5 13 1 3 15 15 15 0 20 3 1 2 0 3 16 4 8 19 17 17 2 14 19 19 19 3 8 3 11 2 4 12 1 10 3 10 1 15 2 6 11 8 16 2 6 11 3 4 18 18 16 20 8 7 0 14 6 9 0 17 14 9 18 11 2 10 19 4 5 6 7 1 0 16 2 3 13 17 4 1 9 10 10 14 9 8 15 2 18 5 8 6 5 13 0 2 15 3 6 0 4 3 20 0 18 19 19 13 9 7 14 18 4 20 15 12 15 4 7 10 12 1 12 13 12 5 3 4 16 18 9 17 18 10 6 3 8 7 3 3 13 1 0 9 14 5 8 8 15 15 9 5 18 0 15 19 3 20 9 20 10 17 18 16 20 18 13 19 3 19 4 8 0 16 2 7 14 2 10 9 5 20 16 6 4 8 1 4 10 20 15 5 20 14 1 20 5 7 2 17 0 16 19 8 2 20 19 6 10 20 3 2 20 20 3 10 17 11 11 9 12 0 10 19 1 18 0 19 5 9 20 1 18 10 4 11 11 4 14 19 12 12 7 2 8 15 11 9 0
166
200 200 200 200 200 200 200 200 200 200 200 200 200 200 200 200 200 200 200 200 200 200 200 200 200 200 200 200 200 200 200 200 200 200 200 200 200 200 200 200 200 200 200 200 200 200 200 200 200 200 200 200 200 200 200 200 200 200 200 200 200 200 200 200 200 200 200 200 200 200 200 200 200 200 200 200 200 200 200 200 200 200 200 200 200 200 200 200 200 200 200 200 200 200 200 200 200 200 200 200 200 200 200 200 200 200 200 200 200 200 200 200 200 200 200 200 200 200 200 200 200 200 200 200 200 200 200 200 200 200 200 200 200 200 200 200 200 200 200 200 200 200 200 200 200 200 200 200 200 200 200 200 200 200 200 200 200 200 200 200 200 200 200 200 200 200
368
53 5 7 165 53 7 5 7 7 53 5 7 53 7 53 165 165 53 5 7 7 53 7 5 53 165 5 7 53 53 7 7 7 5 5 53 7 7 53 165 5 5 53 165 165 165 53 165 53 53 53 53 53 7 7 165 7 7 165 53 5 7 53 53 7 5 5 5 7 5 7 7 53 7 7 5 53 53 165 5 5 53 165 5 7 165 53 53 53 7 5 5 53 53 53 53 7 53 7 5 165 7 165 7 5 7 165 165 165 53 53 5 7 165 7 5 7 53 165 53 53 5 7 53 7 7 53 53 53 7 5 7 5 5 165 7 53 165 53 5 165 53 7 5 165 165 7 5 5 165 5 165 165 7 7 165 5 165 165 165 7 53 7 53 165 5 165 7 5 53 165 5 7 53 165 7 53 53 53 7 165 7 165 7 7 53 165 5 5 165 53 7 7 7 165 7 5 165 5 53 5 7 7 165 7 5 165 53 165 165 165 5 7 53 7 5 53 165 5 7 5 53 5 5 7 7 7 53 7 7 5 53 165 165 53 7 7 53 5 53 165 53 53 53 7 7 7 7 165 5 53 53 5 165 5 5 53 7 7 53 165 165 5 165 5 5 5 165 7 7 7 5 5 7 7 165 53 5 5 53 5 5 5 7 165 7 5 165 7 53 53 165 5 7 7 5 7 53 53 7 5 5 7 5 53 165 7 165 165 53 7 53 53 7 5 7 165 7 53 5 5 5 5 165 5 53 5 165 165 5 53 165 165 53 53 5 53 53 5 5 5 5 53 165 5 7 165 165 5 53 5 53 5 53 53 165 5 7 53 5 7 165 165 53 53 53 53 165
32
13 16 13 7 12 19 13 13 8 0 5 0 14 16 18 3 20 5 3 7 17 10 19 11 20 20 2 11 3 0 13 6
671
150 190 124 1 147 66 156 57 56 127 152 136 82 75 184 15 25 38 141 82 188 157 133 50 96 181 45 9 7 25 80 183 82 12 84 132 94 80 98 154 1 126 60 178 75 158 151 61 42 109 180 102 174 39 123 154 43 91 113 169 150 29 138 69 159 23 193 91 90 81 142 42 59 150 155 36 168 85 119 132 68 74 136 98 72 141 130 90 45 187 87 39 166 48 165 32 116 136 195 79 32 118 98 93 178 156 49 174 35 65 24 107 78 199 47 124 26 131 55 151 72 101 168 98 40 187 50 176 130 166 198 181 193 200 54 166 21 90 66 39 100 123 41 15 198 71 46 135 174 26 131 152 36 152 172 155 81 48 38 194 172 153 163 18 200 42 104 74 12 122 91 78 42 94 6 173 82 165 112 126 35 178 128 66 115 129 165 132 73 87 156 9 34 156 156 49 88 58 98 184 42 127 167 40 105 72 126 53 35 50 31 151 125 58 105 140 143 180 193 8 198 106 33 69 105 1 39 172 78 178 196 27 95 190 122 87 169 5 196 83 19 179 91 13 166 10 85 60 128 179 72 48 3 101 15 47 86 71 158 28 155 78 110 80 139 36 119 37 189 113 57 107 137 46 4 165 131 164 13 167 45 148 159 15 14 54 93 116 26 190 200 55 68 125 166 200 186 40 128 156 33 30 77 12 159 39 56 58 89 113 170 65 122 22 58 33 41 107 8 122 118 161 182 24 40 69 7 13 84 167 140 14 99 115 197 126 197 30 20 157 31 43 30 85 0 108 166 23 152 5 13 15 151 17 2 90 109 100 87 43 124 85 82 171 113 98 96 154 12 76 139 94 21 131 116 179 122 65 114 181 20 55 160 11 84 97 17 122 22 65 131 146 74 58 22 121 195 58 43 73 137 39 6 112 186 159 191 178 198 109 171 68 158 101 133 39 56 66 143 12 39 185 168 99 51 39 45 78 129 140 54 51 46 112 26 43 3 109 83 152 189 186 0 68 173 25 145 143 69 13 94 54 51 34 88 177 168 95 26 134 158 172 156 86 50 110 82 97 46 92 33 182 154 169 59 64 67 0 112 117 97 29 19 72 16 66 197 19 67 16 104 89 99 65 19 200 199 55 35 107 117 65 168 169 39 90 185 170 1 29 32 22 121 80 100 64 119 176 73 45 149 39 127 97 77 119 135 121 183 105 149 161 112 163 69 180 112 200 131 115 168 194 69 147 122 113 92 75 143 135 157 118 193 109 148 86 29 111 179 16 98 111 166 136 74 124 124 73 188 87 72 195 13 18 156 40 129 112 172 131 113 91 102 95 88 138 178 135 22 59 177 58 90 89 19 50 26 93 189 192 64 197 105 16 145 20 186 67 140 126 165 78 14 175 10 147 62 79 130 3 87 195 28 46 104 83 35 165 51 180 14 143 104 161 132 21 195 82 81 35 116 177 115 61 158 119 65 56 124 192 61 90 73 112 166 98 111 59 186 137 180 71 64 12 40 91 134 161 63 105 40
167
0 0 0 0 0 0 0 0 0 0 0 0 0 0 0 0 0 0 0 0 0 0 0 0 0 0 0 0 0 0 0 0 0 0 0 0 0 0 0 0 0 0 0 0 0 0 0 0 0 0 0 0 0 0 0 0 0 0 0 0 0 0 0 0 0 0 0 0 0 0 0 0 0 0 0 0 0 0 0 0 0 0 0 0 0 0 0 0 0 0 0 0 0 0 0 0 0 0 0 0 0 0 0 0 0 0 0 0 0 0 0 0 0 0 0 0 0 0 0 0 0 0 0 0 0 0 0 0 0 0 0 0 0 0 0 0 0 0 0 0 0 0 0 0 0 0 0 0 0 0 0 0 0 0 0 0 0 0 0 0 0 0 0 0 0 0 0
830
160 31 160 160 160 31 160 31 160 31 160 160 160 160 31 160 31 31 160 31 160 31 160 160 31 31 160 31 31 160 31 160 160 31 31 31 160 160 31 160 160 160 160 160 160 31 160 160 160 160 31 31 160 31 160 31 31 31 160 31 160 160 31 31 31 160 160 31 31 31 31 160 31 160 160 31 31 160 31 31 160 31 31 160 160 160 160 31 160 31 31 31 160 31 31 160 31 160 31 31 160 31 160 31 31 160 31 31 160 160 31 160 160 160 31 31 160 31 31 160 31 160 31 160 31 31 31 160 31 160 160 160 160 31 160 160 31 31 31 160 31 31 160 160 31 160 31 160 160 31 160 160 31 160 160 31 160 160 31 31 31 160 31 31 160 160 31 31 31 31 31 31 31 160 31 160 31 31 160 31 31 160 31 31 160 160 160 160 160 160 31 160 31 160 31 160 31 160 160 160 160 31 160 31 31 160 160 160 31 160 160 31 31 160 31 31 31 160 31 31 160 160 160 160 160 160 160 31 160 31 31 160 31 31 160 31 31 31 160 31 31 160 160 31 31 160 31 31 160 31 160 31 160 160 160 160 160 31 160 160 31 160 31 31 160 31 31 31 160 31 160 31 31 160 31 160 160 31 160 31 31 160 31 160 160 160 160 31 160 160 160 160 160 31 31 31 160 160 160 160 160 160 31 160 160 31 160 31 31 31 160 160 160 31 160 31 160 31 31 31 31 160 31 31 31 31 31 31 160 31 160 160 31 160 31 31 31 160 160 160 31 160 31 160 31 160 31 31 160 31 31 160 160 160 31 31 160 31 160 31 160 160 31 160 31 31 160 31 31 31 31 31 31 31 31 160 31 160 160 31 160 160 31 31 31 160 31 160 160 160 160 31 31 160 160 31 160 31 160 160 160 31 160 160 160 31 31 31 160 31 31 160 31 31 160 31 160 31 31 160 31 31 31 31 160 160 160 31 160 31 31 31 31 31 160 160 31 31 31 160 31 31 160 160 31 31 160 160 31 31 31 31 160 31 160 31 31 31 31 160 160 31 160 31 31 31 31 31 31 160 160 31 31 160 31 31 160 31 160 160 31 31 160 160 160 160 31 160 31 31 31 160 160 31 31 31 160 160 31 160 31 160 160 31 160 31 31 160 160 160 160 160 31 31 160 160 160 160 160 160 31 31 160 31 31 31 160 160 31 31 160 160 31 31 31 160 160 31 160 31 160 31 160 31 31 31 160 160 31 31 31 160 160 31 31 160 31 160 160 31 160 160 31 160 31 160 31 160 160 160 160 31 160 160 160 160 31 31 160 31 160 160 160 160 160 31 31 160 31 31 31 31 31 31 160 160 31 31 160 31 160 160 160 31 160 160 160 31 160 160 31 160 160 31 31 31 160 160 160 160 31 31 160 160 31 31 31 31 160 31 31 31 31 160 31 160 31 160 31 31 31 160 160 31 160 31 31 31 160 31 31 160 160 31 160 160 160 160 31 160 31 160 31 160 31 160 160 160 31 31 31 160 31 31 31 160 31 31 31 31 31 31 160 160 31 160 31 31 160 160 160 160 31 31 31 160 31 31 160 31 31 160 160 31 160 31 31 31 31 160 31 160 31 31 31 31 31 160 31 31 160 160 31 160 160 31 31 160 160 160 31 31 160 160 31 160 160 160 31 160 160 31 31 160 31 31 31 160 160 31 31 31 31 160 160 160 160 31 31 160 31 31 160 160 160 160 31 160 31 31 160 160 160 160 31 31 31 160 160 31 31 31 31 160 160 31 160 160 31 160 160 160 31 160 31 31 31 31 160 160 31 160 31 160 160 160 160 31 160 160 160 160 160 160 160 160 160 31 160 160 31 160 31 31 160 31 160 160 31 160
338
86 24 172 0 183 152 170 142 8 163 183 147 48 172 9 114 94 132 28 23 45 92 86 83 113 167 8 56 173 5 11 142 129 87 18 143 72 87 187 94 113 6 152 25 66 104 49 142 164 189 8 133 186 66 128 168 65 9 28 62 16 195 172 168 112 122 68 178 117 141 98 116 63 70 69 26 157 84 52 95 177 10 186 188 92 196 118 96 2 17 10 23 63 186 49 141 171 154 153 157 181 169 100 127 16 147 153 165 138 108 163 28 68 27 146 95 113 184 9 22 112 121 17 181 9 156 49 20 70 151 16 59 165 172 102 68 57 57 56 69 13 68 19 9 168 165 175 115 92 74 197 174 127 179 188 117 68 113 163 188 173 17 196 43 177 116 135 109 75 147 3 24 113 27 70 110 145 155 72 199 170 65 106 21 68 61 136 95 167 66 33 165 176 143 186 166 150 137 168 137 183 31 157 0 117 190 178 102 138 90 127 190 9 111 69 119 104 140 84 17 181 0 142 176 22 102 110 40 89 44 17 78 111 194 53 27 98 180 32 31 56 40 179 80 69 163 99 191 80 24 58 40 199 45 111 125 107 83 28 149 94 2 48 29 2 182 157 50 80 165 199 183 193 83 89 0 99 159 188 137 173 124 132 161 39 109 149 67 39 78 138 31 168 10 24 196 191 140 113 82 194 86 2 156 155 109 75 178 152 32 77 153 94 47 109 51 31 170 67 44 182 9 188 151 160 163 11 141 178 82 103 125 191 105 157 98 29 4
282
0 0 0 0 0 0 0 0 0 0 0 0 0 0 0 0 0 0 0 0 0 0 0 0 0 0 0 0 0 0 0 0 0 0 0 0 0 0 0 0 0 0 0 0 0 0 0 0 0 0 0 0 0 0 0 0 0 0 0 0 0 0 0 0 0 0 0 0 0 0 0 0 0 0 0 0 0 0 0 0 0 0 0 0 0 0 0 0 0 0 0 0 0 0 0 0 0 0 0 0 0 0 0 0 0 0 0 0 0 0 0 0 0 0 0 0 0 0 0 0 0 0 0 0 0 0 0 0 0 0 0 0 0 0 0 0 0 0 0 0 0 0 0 0 0 0 0 0 0 0 0 0 0 0 0 0 0 0 0 0 0 0 0 0 0 0 0 0 0 0 0 0 0 0 0 0 0 0 0 0 0 0 0 0 0 0 0 0 0 0 0 0 0 0 0 0 0 0 0 0 0 0 0 0 0 0 0 0 0 0 0 0 0 0 0 0 0 0 0 0 0 0 0 0 0 0 0 0 0 0 0 0 0 0 0 0 0 0 0 0 0 0 0 0 0 0 0 0 0 0 0 0 0 0 0 0 0 0 0 0 0 0 0 0 0 0 0 0 0 0 0 0 0 0 0 0 0 0 0 0 0 0
261
0 0 0 0 0 0 0 0 0 0 0 0 0 0 0 0 0 0 0 0 0 0 0 0 0 0 0 0 0 0 0 0 0 0 0 0 0 0 0 0 0 0 0 0 0 0 0 0 0 0 0 0 0 0 0 0 0 0 0 0 0 0 0 0 0 0 0 0 0 0 0 0 0 0 0 0 0 0 0 0 0 0 0 0 0 0 0 0 0 0 0 0 0 0 0 0 0 0 0 0 0 0 0 0 0 0 0 0 0 0 0 0 0 0 0 0 0 0 0 0 0 0 0 0 0 0 0 0 0 0 0 0 0 0 0 0 0 0 0 0 0 0 0 0 0 0 0 0 0 0 0 0 0 0 0 0 0 0 0 0 0 0 0 0 0 0 0 0 0 0 0 0 0 0 0 0 0 0 0 0 0 0 0 0 0 0 0 0 0 0 0 0 0 0 0 0 0 0 0 0 0 0 0 0 0 0 0 0 0 0 0 0 0 0 0 0 0 0 0 0 0 0 0 0 0 0 0 0 0 0 0 0 0 0 0 0 0 0 0 0 0 0 0 0 0 0 0 0 0 0 0 0 0 0 0 0 0 0 0 0 0
612
16 19 0 16 16 1 10 15 14 15 11 5 16 0 5 2 14 12 9 2 2 9 15 14 1 6 17 7 15 20 11 16 8 17 8 0 5 0 5 18 18 2 19 13 17 16 11 4 6 17 17 0 7 14 12 1 5 19 7 8 0 18 15 9 15 0 14 11 14 17 15 19 9 13 8 20 2 1 11 19 9 11 7 1 12 20 6 15 0 8 11 20 4 9 12 19 17 19 1 20 8 10 10 13 14 11 12 6 3 19 19 11 3 17 10 17 16 12 4 20 11 19 8 2 8 9 14 14 19 15 12 8 7 9 17 18 17 13 14 12 19 20 16 6 15 19 18 11 18 0 19 13 17 7 8 12 16 18 12 16 9 2 8 4 0 2 8 7 2 20 8 6 18 14 10 8 11 16 16 12 4 12 12 18 16 15 5 11 1 1 1 0 19 20 8 9 11 11 0 13 20 17 1 10 11 11 2 10 14 20 15 11 11 10 5 6 18 2 14 6 18 18 9 6 3 5 5 7 2 6 12 11 0 18 18 9 17 3 1 0 2 18 6 0 12 13 7 16 3 13 12 9 1 20 1 15 18 14 3 18 20 20 3 3 13 5 2 10 10 11 9 17 10 5 20 10 14 9 16 16 6 6 20 17 15 20 12 9 4 10 1 1 12 10 18 12 10 19 4 13 12 16 1 5 13 14 13 16 18 15 4 13 9 6 11 5 9 13 11 18 18 13 7 10 8 8 10 17 6 12 13 18 1 9 0 10 15 6 0 1 18 3 0 15 14 16 17 8 11 7 1 2 7 20 19 11 0 8 13 13 14 18 18 0 17 20 14 9 19 9 20 10 16 20 13 18 16 10 6 16 19 15 10 12 17 4 7 5 2 1 14 8 6 17 9 19 9 11 1 0 7 6 14 17 19 17 15 4 19 15 3 5 11 2 3 10 4 11 14 0 6 0 10 11 2 7 14 18 1 17 9 9 7 6 12 19 9 9 9 7 7 2 2 5 19 8 3 9 3 19 17 14 15 10 13 4 12 11 19 20 11 10 0 5 3 2 9 16 4 19 14 6 10 19 12 14 19 16 2 12 6 13 15 16 10 1 16 13 12 4 4 4 3 12 12 3 13 2 17 9 7 18 12 16 16 3 12 5 12 11 0 11 16 17 1 15 18 5 4 20 2 10 16 16 8 12 2 2 1 16 16 14 12 4 9 4 2 4 0 18 0 4 2 10 18 8 9 16 18 2 12 4 0 14 3 2 14 6 14 2 19 13 18 17 14 2 18 20 17 15 14 19 15 16 10 18 11 1 6 9 2 2 1 4 16 20 15 18 14 18 8 20 9 7 17 9 17 6 19 0 18 2 5 6 2 19 6 10 13 5 13 0
59
18 79 199 43 15 131 142 53 5 9 90 37 38 78 72 140 96 15 185 100 1 33 86 159 82 81 82 93 7 29 104 16 8 98 17 56 189 172 10 130 187 130 96 49 63 179 200 25 126 84 187 85 101 15 111 105 49 62 195
435
0 0 0 0 0 0 0 0 0 0 0 0 0 0 0 0 0 0 0 0 0 0 0 0 0 0 0 0 0 0 0 0 0 0 0 0 0 0 0 0 0 0 0 0 0 0 0 0 0 0 0 0 0 0 0 0 0 0 0 0 0 0 0 0 0 0 0 0 0 0 0 0 0 0 0 0 0 0 0 0 0 0 0 0 0 0 0 0 0 0 0 0 0 0 0 0 0 0 0 0 0 0 0 0 0 0 0 0 0 0 0 0 0 0 0 0 0 0 0 0 0 0 0 0 0 0 0 0 0 0 0 0 0 0 0 0 0 0 0 0 0 0 0 0 0 0 0 0 0 0 0 0 0 0 0 0 0 0 0 0 0 0 0 0 0 0 0 0 0 0 0 0 0 0 0 0 0 0 0 0 0 0 0 0 0 0 0 0 0 0 0 0 0 0 0 0 0 0 0 0 0 0 0 0 0 0 0 0 0 0 0 0 0 0 0 0 0 0 0 0 0 0 0 0 0 0 0 0 0 0 0 0 0 0 0 0 0 0 0 0 0 0 0 0 0 0 0 0 0 0 0 0 0 0 0 0 0 0 0 0 0 0 0 0 0 0 0 0 0 0 0 0 0 0 0 0 0 0 0 0 0 0 0 0 0 0 0 0 0 0 0 0 0 0 0 0 0 0 0 0 0 0 0 0 0 0 0 0 0 0 0 0 0 0 0 0 0 0 0 0 0 0 0 0 0 0 0 0 0 0 0 0 0 0 0 0 0 0 0 0 0 0 0 0 0 0 0 0 0 0 0 0 0 0 0 0 0 0 0 0 0 0 0 0 0 0 0 0 0 0 0 0 0 0 0 0 0 0 0 0 0 0 0 0 0 0 0 0 0 0 0 0 0 0 0 0 0 0 0 0 0 0 0 0 0 0 0 0 0 0 0 0 0 0 0 0 0 0 0 0 0 0 0 0 0 0 0 0 0 0 0 0 0 0 0
796
0 0 0 0 0 0 0 0 0 0 0 0 0 0 0 0 0 0 0 0 0 0 0 0 0 0 0 0 0 0 0 0 0 0 0 0 0 0 0 0 0 0 0 0 0 0 0 0 0 0 0 0 0 0 0 0 0 0 0 0 0 0 0 0 0 0 0 0 0 0 0 0 0 0 0 0 0 0 0 0 0 0 0 0 0 0 0 0 0 0 0 0 0 0 0 0 0 0 0 0 0 0 0 0 0 0 0 0 0 0 0 0 0 0 0 0 0 0 0 0 0 0 0 0 0 0 0 0 0 0 0 0 0 0 0 0 0 0 0 0 0 0 0 0 0 0 0 0 0 0 0 0 0 0 0 0 0 0 0 0 0 0 0 0 0 0 0 0 0 0 0 0 0 0 0 0 0 0 0 0 0 0 0 0 0 0 0 0 0 0 0 0 0 0 0 0 0 0 0 0 0 0 0 0 0 0 0 0 0 0 0 0 0 0 0 0 0 0 0 0 0 0 0 0 0 0 0 0 0 0 0 0 0 0 0 0 0 0 0 0 0 0 0 0 0 0 0 0 0 0 0 0 0 0 0 0 0 0 0 0 0 0 0 0 0 0 0 0 0 0 0 0 0 0 0 0 0 0 0 0 0 0 0 0 0 0 0 0 0 0 0 0 0 0 0 0 0 0 0 0 0 0 0 0 0 0 0 0 0 0 0 0 0 0 0 0 0 0 0 0 0 0 0 0 0 0 0 0 0 0 0 0 0 0 0 0 0 0 0 0 0 0 0 0 0 0 0 0 0 0 0 0 0 0 0 0 0 0 0 0 0 0 0 0 0 0 0 0 0 0 0 0 0 0 0 0 0 0 0 0 0 0 0 0 0 0 0 0 0 0 0 0 0 0 0 0 0 0 0 0 0 0 0 0 0 0 0 0 0 0 0 0 0 0 0 0 0 0 0 0 0 0 0 0 0 0 0 0 0 0 0 0 0 0 0 0 0 0 0 0 0 0 0 0 0 0 0 0 0 0 0 0 0 0 0 0 0 0 0 0 0 0 0 0 0 0 0 0 0 0 0 0 0 0 0 0 0 0 0 0 0 0 0 0 0 0 0 0 0 0 0 0 0 0 0 0 0 0 0 0 0 0 0 0 0 0 0 0 0 0 0 0 0 0 0 0 0 0 0 0 0 0 0 0 0 0 0 0 0 0 0 0 0 0 0 0 0 0 0 0 0 0 0 0 0 0 0 0 0 0 0 0 0 0 0 0 0 0 0 0 0 0 0 0 0 0 0 0 0 0 0 0 0 0 0 0 0 0 0 0 0 0 0 0 0 0 0 0 0 0 0 0 0 0 0 0 0 0 0 0 0 0 0 0 0 0 0 0 0 0 0 0 0 0 0 0 0 0 0 0 0 0 0 0 0 0 0 0 0 0 0 0 0 0 0 0 0 0 0 0 0 0 0 0 0 0 0 0 0 0 0 0 0 0 0 0 0 0 0 0 0 0 0 0 0 0 0 0 0 0 0 0 0 0 0 0 0 0 0 0 0 0 0 0 0 0 0 0 0 0 0 0 0 0 0 0 0 0 0 0 0 0 0 0 0 0 0 0 0 0 0 0 0 0 0 0 0 0 0 0 0 0 0 0 0 0 0 0 0 0 0 0 0 0 0 0 0 0 0 0 0 0 0 0 0 0 0 0 0 0 0 0 0 0 0 0 0 0 0 0 0 0 0 0 0 0 0 0 0 0 0 0 0 0 0 0 0 0 0 0 0 0 0 0 0 0 0 0 0 0 0 0 0 0 0 0
50
200 200 200 200 200 200 200 200 200 200 200 200 200 200 200 200 200 200 200 200 200 200 200 200 200 200 200 200 200 200 200 200 200 200 200 200 200 200 200 200 200 200 200 200 200 200 200 200 200 200
476
17 141 113 166 53 45 24 120 160 162 33 193 15 23 131 1 119 47 98 95 192 111 151 17 190 41 108 161 47 150 44 118 47 62 69 144 45 171 34 160 182 58 183 10 142 105 146 34 174 170 11 178 182 34 72 37 83 50 22 53 118 34 58 122 140 13 94 13 144 99 39 109 5 173 138 19 163 114 81 82 184 154 134 26 88 12 169 113 114 129 83 198 25 20 128 95 4 108 103 157 49 69 198 183 98 129 146 28 158 183 121 55 123 164 80 66 19 182 194 57 21 105 14 140 41 138 178 84 6 112 56 19 72 81 16 136 138 27 57 73 130 174 18 176 152 166 166 141 149 82 17 135 33 20 33 173 95 16 112 131 134 56 0 36 144 188 29 19 29 193 168 66 180 108 152 34 64 142 72 80 168 11 113 11 39 98 29 192 40 27 139 127 58 107 68 43 59 79 141 2 100 101 57 15 176 117 31 137 91 142 3 90 41 24 169 88 147 153 190 126 181 34 121 71 142 8 11 105 16 36 88 65 51 199 65 150 28 144 115 93 101 165 148 54 150 92 115 106 59 24 143 167 71 119 142 174 52 64 120 99 123 20 125 154 74 139 155 135 43 63 170 163 150 29 29 184 39 12 167 93 200 106 162 52 178 173 77 176 109 15 1 82 115 106 167 173 30 69 21 109 47 40 193 136 110 100 53 141 163 89 81 79 145 73 54 115 187 122 136 14 22 22 37 68 85 117 3 11 5 99 21 127 2 123 36 11 57 37 14 7 26 169 78 73 110 22 94 111 25 129 155 18 88 146 133 118 7 11 84 101 98 92 53 148 15 154 196 145 140 76 186 106 49 48 13 6 84 113 18 108 110 141 151 189 93 23 50 136 139 56 39 92 65 105 189 36 99 167 73 118 61 120 146 89 36 197 110 106 66 28 45 93 53 169 125 59 75 37 192 127 119 115 8 117 188 84 34 131 102 125 200 99 12 175 104 191 182 32 189 118 89 64 128 138 80 157 194 12 191 109 43 7 110 111 177 148 81 141 81 75 19 142 150 97 38 143 94 33 121 48 177 44 115 4 196 77
306
200 200 200 200 200 200 200 200 200 200 200 200 200 200 200 200 200 200 200 200 200 200 200 200 200 200 200 200 200 200 200 200 200 200 200 200 200 200 200 200 200 200 200 200 200 200 200 200 200 200 200 200 200 200 200 200 200 200 200 200 200 200 200 200 200 200 200 200 200 200 200 200 200 200 200 200 200 200 200 200 200 200 200 200 200 200 200 200 200 200 200 200 200 200 200 200 200 200 200 200 200 200 200 200 200 200 200 200 200 200 200 200 200 200 200 200 200 200 200 200 200 200 200 200 200 200 200 200 200 200 200 200 200 200 200 200 200 200 200 200 200 200 200 200 200 200 200 200 200 200 200 200 200 200 200 200 200 200 200 200 200 200 200 200 200 200 200 200 200 200 200 200 200 200 200 200 200 200 200 200 200 200 200 200 200 200 200 200 200 200 200 200 200 200 200 200 200 200 200 200 200 200 200 200 200 200 200 200 200 200 200 200 200 200 200 200 200 200 200 200 200 200 200 200 200 200 200 200 200 200 200 200 200 200 200 200 200 200 200 200 200 200 200 200 200 200 200 200 200 200 200 200 200 200 200 200 200 200 200 200 200 200 200 200 200 200 200 200 200 200 200 200 200 200 200 200 200 200 200 200 200 200 200 200 200 200 200 200 200 200 200 200 200 200 200 200 200 200 200 200 200 200 200 200 200 200
651
12 8 17 199 8 17 159 15 1 3 1 7 12 11 175 2 2 162 10 2 1 3 8 1 3 164 7 12 8 181 9 8 0 15 20 15 10 5 165 7 18 9 7 16 4 2 16 18 18 17 4 189 4 10 15 181 12 152 13 164 12 7 184 18 17 13 7 19 190 10 17 0 195 9 154 7 3 154 20 172 6 9 194 11 3 19 11 159 158 14 172 0 19 4 13 186 15 18 20 198 1 157 14 16 12 17 2 9 7 3 181 167 8 17 9 188 2 18 7 4 158 19 177 8 19 6 14 3 187 1 19 1 13 8 172 0 19 19 14 20 9 1 14 19 157 7 8 178 7 192 15 2 197 12 8 11 0 10 8 20 15 10 178 14 172 17 9 189 164 9 15 3 6 13 153 13 8 8 14 16 3 178 2 188 8 10 19 2 9 15 2 0 13 2 5 18 12 20 7 19 8 11 19 16 8 9 17 19 20 16 177 155 200 2 9 157 8 19 13 8 186 14 9 14 171 199 0 2 0 14 8 15 1 6 6 17 6 181 164 18 17 16 0 1 0 5 10 18 161 11 190 154 1 16 11 179 200 4 177 12 174 16 2 5 3 9 15 8 17 16 10 20 14 18 180 0 13 10 157 11 1 0 193 3 17 17 161 155 7 8 15 18 9 17 13 12 4 1 9 0 182 13 11 14 2 14 13 8 8 199 7 166 16 2 18 19 3 8 7 18 13 19 16 188 157 18 12 14 11 18 6 8 9 20 9 172 3 18 5 9 6 15 194 11 5 13 13 6 169 7 188 4 1 15 7 4 12 4 15 20 16 19 150 6 13 7 0 167 18 9 19 2 7 163 14 158 0 176 12 6 17 12 171 17 13 3 163 8 7 13 16 12 159 18 14 5 6 181 164 5 175 6 18 189 18 3 3 186 10 178 0 2 1 0 5 168 5 16 7 16 4 12 3 10 5 11 7 5 8 7 9 13 9 200 5 157 1 152 19 11 9 9 8 3 196 13 20 2 0 13 7 173 1 16 1 181 20 5 8 184 14 2 8 169 14 8 16 5 11 12 189 4 173 10 0 5 4 15 178 16 9 1 7 9 17 200 16 14 15 13 17 3 19 20 165 13 12 14 17 4 5 3 161 16 6 9 11 199 190 12 19 199 7 9 2 10 14 9 186 11 10 18 16 10 7 1 174 18 0 19 18 13 8 0 2 1 11 169 10 6 9 6 15 162 0 2 4 169 14 9 182 11 5 3 2 14 155 190 11 8 5 10 167 19 7 11 9 14 19 19 184 174 5 16 10 17 8 18 11 20 3 19 2 20 19 167 198 6 188 10 3 154 8 17 11 7 199 17 14 4 1 14 7 2 12 13 16 6 13 179 13 19 0 19 15 0 17 11 18 152 174 19 159 177 9 11 165 5 161 2 174 11 12 2 1 18 10 18 6 4 20 197 5 4 174 19 10 165 7 20 14
361
6 18 10 11 8 7 11 8 16 19 3 14 5 20 1 5 15 8 16 20 12 5 18 4 5 16 14 20 13 19 8 15 6 1 3 18 4 14 4 7 18 5 6 16 3 0 14 8 14 8 16 17 15 8 18 11 18 16 7 17 14 15 14 20 4 14 8 5 19 20 15 11 6 6 6 1 17 20 20 11 13 19 10 20 12 2 16 8 6 14 20 19 17 16 17 6 20 16 8 20 3 15 15 3 17 12 8 11 11 3 16 14 10 7 18 2 1 4 18 2 16 9 1 11 10 16 2 8 4 8 20 9 18 0 11 6 9 11 0 2 5 9 13 8 2 8 6 0 20 0 6 17 15 13 12 20 6 9 6 7 15 0 13 14 13 1 6 13 7 10 10 10 4 19 16 6 11 14 9 15 20 1 15 16 20 14 10 4 16 16 13 0 10 4 3 6 18 18 15 7 0 19 6 20 14 10 19 18 9 1 2 9 4 1 10 17 16 5 17 17 10 13 15 7 2 17 7 12 5 12 16 20 6 16 5 0 6 7 19 7 8 13 12 14 1 16 16 15 2 1 6 9 14 16 5 16 15 20 13 12 20 11 0 14 14 16 19 14 13 3 1 11 9 18 12 14 17 6 20 19 8 20 20 9 15 3 6 20 15 0 18 8 17 19 9 6 0 6 18 18 4 13 11 14 2 15 5 4 12 8 11 18 10 14 6 2 11 9 8 10 8 13 20 0 11 4 3 16 14 20 0 1 5 17 14 6 15 18 11 3 14 4 11 13 6 12 0 16 15 1 12 13 11 3 9 18 13 19 4 16 19
1000
101 39 145 101 145 121 121 101 101 145 145 121 39 121 121 121 39 145 121 101 39 121 121 39 145 101 101 145 101 39 39 101 39 121 121 145 101 39 145 39 121 39 101 39 101 39 39 121 39 121 145 145 101 39 145 121 121 145 101 121 39 145 145 145 121 101 39 145 121 145 121 39 101 39 145 145 101 101 145 101 39 145 121 39 121 101 121 39 145 39 101 145 101 121 101 121 101 39 101 121 121 145 145 101 39 121 145 101 39 145 39 145 121 101 121 101 101 145 145 121 39 39 121 145 121 39 39 39 121 121 121 101 101 145 101 145 121 39 39 145 101 121 39 101 121 101 121 101 145 101 145 121 121 39 145 101 121 145 145 145 39 145 145 121 121 145 121 101 121 39 121 39 145 101 39 39 145 39 145 121 39 145 121 145 121 145 39 121 145 121 145 145 121 121 39 145 121 39 39 121 101 101 145 121 101 101 145 101 101 39 101 39 121 121 121 101 39 39 145 145 121 121 145 121 101 39 121 101 121 145 145 121 39 101 39 39 101 121 145 101 101 39 101 39 39 101 121 39 121 39 145 39 121 121 101 101 121 101 39 121 121 121 121 39 101 101 121 101 145 145 121 121 101 39 39 39 101 39 121 101 39 121 121 101 121 101 39 101 121 145 101 121 39 39 39 121 101 121 39 39 121 39 145 39 101 145 145 145 101 101 145 39 145 145 145 145 121 39 39 121 101 101 121 121 39 101 145 101 121 145 121 145 39 145 39 145 145 101 121 121 101 121 39 145 145 121 101 101 121 145 101 39 101 121 121 101 145 145 39 101 39 145 121 101 101 121 121 39 101 101 39 39 145 39 39 145 101 145 121 101 39 121 39 39 101 121 101 121 145 39 101 39 145 145 145 145 121 39 121 145 121 121 121 39 145 39 101 39 145 101 101 145 121 145 145 121 39 39 39 101 39 101 39 101 121 39 39 101 39 145 39 39 145 121 101 145 145 101 145 121 39 121 101 101 145 145 121 145 145 121 39 145 39 39 39 101 121 121 121 145 101 101 101 39 145 101 101 145 39 39 121 121 39 101 101 121 39 121 101 145 39 121 121 145 101 39 121 39 121 101 145 145 101 121 145 145 121 101 145 39 145 39 121 101 145 101 145 101 145 145 101 145 145 121 121 121 39 101 39 145 101 101 101 145 121 101 121 121 101 101 101 101 121 145 101 121 121 39 101 39 101 145 101 39 121 145 145 39 145 121 121 145 39 145 145 101 121 39 145 121 121 145 121 121 145 101 145 121 121 145 145 121 145 145 145 101 145 121 39 101 101 145 121 121 101 39 39 121 101 39 39 39 39 39 101 39 121 145 145 121 145 39 145 39 145 39 121 145 121 145 145 39 101 101 39 145 39 101 145 101 145 145 145 145 121 101 121 39 121 101 145 145 39 39 101 145 145 121 145 39 101 121 121 121 121 39 39 121 145 121 121 121 145 101 39 101 145 101 121 39 39 121 121 121 145 145 121 145 101 39 121 145 101 145 121 121 121 121 39 101 39 145 145 39 145 101 101 145 145 39 145 121 121 121 101 121 121 101 39 121 145 145 121 101 145 121 121 101 145 121 39 101 121 39 39 39 101 121 145 39 101 39 101 39 39 39 145 101 39 145 39 121 121 39 145 101 121 145 39 101 39 145 39 39 39 121 145 145 39 121 121 145 145 145 39 101 39 121 101 101 145 145 145 39 39 39 121 101 101 121 145 39 39 101 39 145 121 121 145 101 145 101 101 101 39 121 145 121 121 101 145 121 145 101 101 101 145 39 101 39 121 39 39 101 121 39 121 39 121 145 39 121 101 121 101 101 121 39 145 121 121 121 145 121 101 101 39 145 39 39 121 121 145 101 101 39 101 101 121 121 121 101 101 145 101 101 145 101 121 145 121 145 145 101 121 101 39 121 101 39 101 121 145 145 101 39 39 145 101 101 121 39 39 121 101 101 39 101 39 145 145 39 121 145 39 145 145 145 121 121 145 101 145 121 145 145 39 145 121 145 121 39 101 101 101 101 121 39 101 101 39 101 101 39 145 39 145 39 145 101 145 39 39 39 145 121 121 121 121 39 121 101 121 101 39 39 39 145 121 121 145 39 121 145 39 121 145 145 145 101 145 39 39 121 39 101 101 39 121 39 101 145 39 39 121 39 39 121 145 101 121 121 145 39 145 121 39 121 121 39 39 101 39 145 101 145 145 101 101 145 101 121 121 145 121 39 121 121 121 101
661
28 175 152 12 171 82 191 62 192 18 195 174 98 74 98 132 134 49 2 43 2 193 68 130 162 119 26 36 193 18 93 135 81 116 129 5 8 7 49 191 48 143 193 199 46 124 120 157 92 109 28 64 40 4 126 6 16 103 141 1 95 196 196 200 123 82 78 162 123 48 163 183 91 58 121 46 133 70 53 58 20 94 7 74 189 67 93 143 122 148 99 171 8 197 81 174 26 56 9 95 183 193 32 188 45 42 69 88 176 133 47 92 78 78 78 182 78 85 190 172 34 91 199 64 44 155 39 171 91 36 9 45 71 71 120 16 45 179 124 138 78 113 72 19 3 113 172 87 47 64 98 95 124 129 82 195 82 99 87 60 129 29 113 121 157 180 11 106 189 87 169 22 169 134 35 161 114 72 114 159 185 142 23 33 168 49 141 0 118 58 9 116 126 94 60 121 0 17 101 197 197 62 185 121 25 193 24 170 44 81 136 159 19 156 40 166 141 48 59 79 71 120 88 148 56 96 127 154 127 39 83 44 81 186 98 92 159 154 130 161 101 150 15 35 63 95 29 89 170 147 158 126 119 129 74 163 134 93 48 54 14 166 28 171 95 128 117 152 152 17 139 200 179 20 37 133 66 182 54 31 166 148 154 2 130 16 147 184 100 117 175 3 180 105 189 163 15 84 41 192 73 119 115 158 101 97 31 49 129 15 171 177 52 138 93 153 183 123 53 44 13 43 193 21 143 31 149 86 191 21 34 183 149 130 25 10 58 93 88 84 120 43 137 134 147 104 168 62 132 54 161 108 140 74 94 122 170 200 9 175 30 120 151 59 160 39 190 43 105 10 170 168 91 134 45 83 160 184 103 180 59 51 119 200 126 27 152 131 155 189 53 166 18 60 162 82 165 138 8 6 124 77 114 162 130 108 66 16 34 145 58 162 179 93 104 140 35 78 165 107 174 26 73 81 86 32 131 1 163 34 135 105 116 158 112 74 21 143 110 197 96 25 54 105 173 168 166 48 60 121 189 88 113 93 48 197 54 174 140 147 170 190 178 181 78 27 95 94 71 103 75 187 24 170 74 102 185 134 190 180 52 144 25 55 191 123 71 65 19 183 23 23 190 102 99 71 0 165 40 109 103 81 94 37 105 90 10 38 135 42 32 160 58 150 5 98 103 76 54 178 178 109 105 189 124 187 69 29 84 158 191 63 77 5 145 125 87 65 8 193 194 28 144 69 80 47 92 149 28 200 58 135 65 77 67 100 143 5 114 76 135 76 126 144 46 25 138 90 58 197 175 6 25 146 65 147 52 113 63 81 199 4 45 186 136 156 7 56 117 77 170 186 32 189 191 50 99 121 163 11 124 126 104 119 131 36 26 167 103 192 150 156 183 194 179 19 138 195 151 82 180 66 135 148 172 179 164 111 119 28 131 142 181 136 30 47 175 8 102 177 128 69 101 13 113 106 50 23 95 2 140 86 99 160 90 22 112 44 130 142 45
709
0 200 69 66 119 93 105 80 106 102 89 109 70 52 60 70 83 57 87 70 52 72 69 53 98 106 58 111 66 119 91 118 95 117 52 96 83 51 109 120 65 76 111 115 66 83 64 64 108 53 76 69 65 100 102 88 101 101 62 95 97 111 62 53 109 60 100 84 78 92 117 102 91 75 86 88 95 61 89 99 57 87 84 55 115 69 99 101 63 118 120 68 70 63 96 63 70 103 80 80 86 103 72 108 107 64 86 69 112 93 96 53 62 96 104 107 115 94 109 83 95 70 66 59 96 53 116 97 50 74 97 118 89 67 96 69 72 79 115 58 71 104 88 56 86 102 117 88 56 104 50 117 58 64 83 119 85 56 90 101 62 93 104 99 107 75 96 68 71 74 63 71 110 58 65 50 86 91 80 86 99 80 84 84 85 90 90 78 120 89 107 117 95 94 83 80 117 79 69 106 100 54 67 74 79 85 73 112 54 59 111 106 109 102 66 100 105 69 117 85 98 112 60 90 53 66 58 106 91 90 101 63 109 101 78 115 63 74 114 94 82 83 116 72 57 53 63 56 66 105 113 117 77 55 112 94 82 112 103 61 61 71 78 116 117 105 111 78 117 107 102 105 61 68 74 92 93 75 62 113 89 103 74 116 88 86 50 70 50 77 69 91 98 88 120 69 56 61 91 95 55 68 90 59 119 110 83 78 72 105 78 70 106 83 62 99 97 104 58 82 78 118 116 75 80 65 70 120 92 67 72 61 52 115 82 71 62 72 52 98 70 103 95 72 61 53 115 83 100 62 81 99 118 54 55 92 52 83 69 89 80 89 52 72 102 119 101 119 64 51 79 50 87 90 116 97 71 55 67 94 102 100 60 78 52 96 60 84 104 87 102 96 62 60 109 103 80 111 72 111 99 59 56 117 111 84 112 97 83 61 66 94 111 73 83 97 114 64 96 84 72 103 68 87 118 72 104 83 53 71 72 65 51 101 53 75 90 65 119 90 120 105 89 69 93 87 62 105 91 69 50 55 113 70 85 68 77 54 102 68 89 97 87 119 82 51 86 107 53 117 120 104 118 113 109 110 52 62 64 60 71 72 87 68 55 78 88 104 116 102 89 64 84 89 86 98 110 107 114 82 85 83 81 104 82 84 87 101 75 52 103 56 72 101 58 100 74 101 71 64 119 99 108 86 68 104 76 98 93 119 55 101 100 74 107 93 115 94 94 70 119 61 61 91 75 62 53 93 88 67 81 56 104 72 90 100 62 64 72 51 65 86 107 120 62 87 106 118 115 114 112 114 77 70 111 114 54 100 64 74 87 77 51 79 101 78 81 105 58 94 120 117 105 54 91 86 73 63 70 54 62 65 106 69 69 101 83 85 89 59 100 102 89 53 57 89 108 62 102 102 110 113 66 92 101 93 51 95 64 100 67 70 89 111 76 66 102 81 78 99 52 50 51 75 54 92 119 50 100 109 120 94 115 93 55 96 95 87 56 93 100 84 65 50 97 99 54 53 60 106 60 56 111 102 110 103 118 93 85 100 80 89 58 78 52 73 97 111 107 106 104 86 87 86 67 79 119 77 116 112 107 101 69 81 108 118 82 118 200
651
150 150 150 41 150 99 41 41 41 41 99 99 99 99 150 73 41 73 73 73 99 150 73 41 41 41 150 73 41 150 41 150 150 99 150 99 73 99 41 73 73 41 150 41 150 73 150 150 41 73 41 99 41 41 73 150 41 41 150 150 99 41 99 73 99 41 73 73 99 150 99 150 73 41 41 41 41 41 150 99 73 41 41 73 150 73 150 150 73 99 150 41 150 73 99 150 150 73 150 150 41 150 150 99 99 73 41 41 41 99 73 150 41 41 73 99 150 73 150 150 99 150 41 73 41 99 73 99 150 73 99 73 99 73 150 99 150 99 150 73 73 73 99 99 73 73 73 41 150 73 150 73 150 99 73 41 99 41 73 150 73 150 41 41 73 73 150 41 41 99 73 41 41 150 99 99 41 73 41 150 41 150 99 73 41 99 150 99 41 73 150 41 73 99 150 73 150 41 99 73 99 41 73 150 73 73 73 99 41 150 150 99 73 150 150 41 73 99 41 99 41 41 99 73 73 73 99 41 150 150 99 99 99 99 73 73 41 41 99 41 41 99 73 73 150 150 73 41 41 41 41 150 150 41 73 99 73 41 99 150 150 41 73 150 41 73 73 41 150 150 41 99 150 150 73 73 99 99 99 150 99 41 99 41 150 150 99 99 150 41 99 73 99 99 41 41 150 99 99 73 73 150 41 99 99 73 150 41 73 73 41 41 150 99 41 150 73 150 99 73 99 150 41 150 99 99 150 99 41 73 41 99 150 150 41 41 41 41 41 150 150 99 150 73 99 99 99 99 150 73 150 41 73 99 99 41 73 41 150 73 150 150 150 41 150 99 73 41 73 99 150 41 99 41 150 73 73 99 150 73 99 73 41 73 41 150 41 73 41 73 99 99 99 99 150 73 73 73 41 73 150 73 73 150 99 41 150 41 73 150 99 99 73 41 73 150 99 41 150 150 73 150 41 41 73 99 73 99 99 150 99 150 41 150 73 41 99 99 41 41 73 41 150 150 73 73 73 73 41 99 99 73 150 150 99 150 73 99 99 41 99 73 73 41 41 41 99 150 150 73 99 41 150 41 73 99 150 150 73 73 99 99 73 41 73 73 73 150 73 99 99 99 41 73 150 73 150 150 99 99 41 99 99 41 99 150 73 99 150 73 150 73 150 99 41 150 150 99 99 73 73 41 150 73 73 41 99 99 41 41 99 41 41 150 73 73 99 150 150 41 150 99 41 73 73 73 41 73 99 99 41 73 73 99 99 150 99 41 41 99 41 41 41 41 41 99 73 99 41 150 150 99 41 73 41 41 150 73 99 150 41 99 150 73 99 41 73 150 73 41 150 41 150 99 99 73 73 41 41 73 41 41 73 150 150 150 73 41 99 41 73 99 99 150 41 99 73 99 41 41 73 99 41 99 99 99 73 99 150 99 73 41 73 150 41 99 41 99 150 73 73 150 150 41 73 150 150 41 150 73 150
946
10 14 0 2 10 6 0 18 17 12 2 12 20 4 5 18 18 20 11 15 20 10 11 5 13 1 11 7 8 2 5 0 16 17 3 13 8 8 16 7 8 20 0 7 0 17 14 8 16 2 12 11 2 10 7 10 18 19 4 10 5 10 11 6 11 0 5 20 17 18 20 13 14 15 16 19 19 19 4 18 7 2 10 10 11 3 0 3 9 9 13 20 12 14 18 9 20 2 5 1 7 0 8 11 5 11 12 16 9 6 0 1 9 0 20 11 9 20 19 4 9 2 1 6 6 12 15 20 13 20 12 5 10 19 14 17 4 6 8 10 19 18 19 0 1 4 15 16 17 3 2 19 11 7 14 11 4 14 18 14 1 19 13 6 16 12 17 16 3 10 2 2 13 15 4 9 17 19 2 7 2 13 14 10 20 7 11 13 12 4 18 8 17 7 9 3 9 3 2 1 6 6 12 7 13 13 4 20 4 3 11 19 8 4 4 1 0 1 20 14 8 20 0 6 7 2 20 17 9 20 6 8 15 20 15 9 16 6 2 10 0 15 11 11 18 7 12 18 1 20 15 13 14 1 15 7 2 6 16 5 14 19 6 2 18 0 2 1 18 11 10 16 10 9 19 0 13 5 0 17 13 6 3 11 19 6 6 13 7 1 16 15 7 5 7 18 6 0 11 2 8 5 17 6 4 4 13 14 12 11 6 9 20 11 2 17 4 12 12 11 1 10 10 4 12 8 1 14 3 5 17 12 10 17 10 0 1 8 17 5 11 17 17 16 5 19 1 3 3 16 15 1 3 16 15 11 1 16 1 11 16 19 10 13 14 7 7 2 18 11 9 9 0 7 15 7 10 19 8 8 19 19 2 15 7 11 3 1 7 6 14 9 14 14 12 15 20 14 7 2 16 2 7 9 18 16 1 14 4 20 13 14 9 20 16 10 17 5 18 5 19 0 17 7 6 6 12 1 1 11 0 6 17 17 8 17 9 18 3 20 11 5 13 12 7 17 11 12 7 2 12 7 16 3 16 18 18 20 3 16 18 20 12 10 3 1 0 1 3 11 10 4 18 8 19 9 12 9 7 4 20 18 11 20 3 8 16 9 6 16 16 1 5 3 18 6 18 1 20 20 14 20 4 7 20 19 5 8 4 9 8 19 4 13 2 15 7 6 6 10 14 17 6 8 1 12 7 15 11 1 13 1 0 18 19 0 2 18 17 2 19 17 0 0 12 13 19 5 4 18 6 20 2 7 1 1 1 16 17 1 18 4 11 15 12 7 5 20 10 10 9 12 13 2 14 14 10 0 0 19 1 6 3 10 14 5 9 18 15 4 10 10 15 5 15 3 1 8 19 17 2 3 2 13 10 19 5 3 20 12 13 7 7 8 15 16 17 1 15 5 4 10 6 11 10 13 4 10 17 5 12 14 7 15 0 17 12 9 17 0 2 1 10 1 2 3 8 14 20 3 5 11 11 17 2 18 18 17 5 8 2 3 4 12 18 18 13 11 11 15 19 4 7 3 8 2 11 10 14 10 11 16 6 6 14 18 18 13 3 15 9 3 20 2 14 16 14 9 2 17 12 17 3 16 17 8 9 18 10 8 6 12 17 8 0 4 10 16 10 15 8 19 17 2 3 9 14 11 2 17 15 15 1 14 18 0 10 8 1 14 11 6 1 19 8 15 9 6 3 3 15 11 0 19 17 13 15 1 3 8 7 5 13 11 3 16 20 7 2 2 7 8 6 17 20 1 16 12 17 0 15 6 1 9 8 19 13 15 4 7 20 20 19 6 16 3 3 7 15 5 2 6 19 3 13 19 16 8 15 7 16 9 20 19 9 5 17 1 17 7 6 0 13 1 19 20 20 4 1 1 1 4 13 19 5 4 2 12 1 0 13 0 15 17 7 17 14 15 6 6 8 15 16 5 2 18 0 3 14 20 10 12 3 20 9 19 5 18 13 4 11 14 3 1 11 13 8 16 15 15 10 1 13 17 5 1 9 20 1 2 6 14 14 9 5 3 1 11 16 1 16 19 10 9 9 17 8 17 10 2 11 8 10 15 13 17 18 11 14 18 7 2 11 8 15 3 14 18 9 13 20 10 11 8 15 18 18 4 16 16 20 17 4 11 12 12
173
12 7 3 10 13 8 7 1 14 4 16 4 18 18 17 12 19 19 10 6 17 1 4 10 14 20 17 10 1 19 20 7 14 20 18 16 17 12 16 14 18 19 6 0 7 20 8 14 5 10 9 10 9 16 4 15 1 8 12 7 12 16 18 10 9 4 1 18 9 15 16 15 14 15 9 2 18 16 4 14 16 2 4 18 9 8 0 20 13 14 5 12 1 15 2 13 16 4 12 7 3 12 2 16 5 19 9 13 20 6 2 14 0 11 17 7 17 19 20 2 11 4 19 16 9 7 15 3 0 15 2 0 4 9 17 5 10 2 10 13 10 18 2 18 14 2 8 4 18 6 10 20 3 15 20 7 19 16 17 4 6 7 16 10 0 15 7 20 20 7 1 7 12
55
11 2 16 14 13 13 4 7 8 6 6 13 6 19 8 19 10 17 10 11 5 18 6 6 2 13 19 7 11 17 13 7 5 16 14 17 0 19 12 19 9 8 3 2 9 2 20 7 13 4 10 8 13 17 4
500
0 0 0 0 0 0 0 0 0 0 0 0 0 0 0 0 0 0 0 0 0 0 0 0 0 0 0 0 0 0 0 0 0 0 0 0 0 0 0 0 0 0 0 0 0 0 0 0 0 0 0 0 0 0 0 0 0 0 0 0 0 0 0 0 0 0 0 0 0 0 0 0 0 0 0 0 0 0 0 0 0 0 0 0 0 0 0 0 0 0 0 0 0 0 0 0 0 0 0 0 0 0 0 0 0 0 0 0 0 0 0 0 0 0 0 0 0 0 0 0 0 0 0 0 0 0 0 0 0 0 0 0 0 0 0 0 0 0 0 0 0 0 0 0 0 0 0 0 0 0 0 0 0 0 0 0 0 0 0 0 0 0 0 0 0 0 0 0 0 0 0 0 0 0 0 0 0 0 0 0 0 0 0 0 0 0 0 0 0 0 0 0 0 0 0 0 0 0 0 0 0 0 0 0 0 0 0 0 0 0 0 0 0 0 0 0 0 0 0 0 0 0 0 0 0 0 0 0 0 0 0 0 0 0 0 0 0 0 0 0 0 0 0 0 0 0 0 0 0 0 0 0 0 0 0 0 0 0 0 0 0 0 0 0 0 0 0 0 0 0 0 0 0 0 0 0 0 0 0 0 0 0 0 0 0 0 0 0 0 0 0 0 0 0 0 0 0 0 0 0 0 0 0 0 0 0 0 0 0 0 0 0 0 0 0 0 0 0 0 0 0 0 0 0 0 0 0 0 0 0 0 0 0 0 0 0 0 0 0 0 0 0 0 0 0 0 0 0 0 0 0 0 0 0 0 0 0 0 0 0 0 0 0 0 0 0 0 0 0 0 0 0 0 0 0 0 0 0 0 0 0 0 0 0 0 0 0 0 0 0 0 0 0 0 0 0 0 0 0 0 0 0 0 0 0 0 0 0 0 0 0 0 0 0 0 0 0 0 0 0 0 0 0 0 0 0 0 0 0 0 0 0 0 0 0 0 0 0 0 0 0 0 0 0 0 0 0 0 0 0 0 0 0 0 0 0 0 0 0 0 0 0 0 0 0 0 0 0 0 0 0 0 0 0 0 0 0 0 0 0 0 0 0 0 0 0 0 0 0 0 0 0 0 0 0 0 0 0 0 0
439
200 200 200 200 200 200 200 200 200 200 200 200 200 200 200 200 200 200 200 200 200 200 200 200 200 200 200 200 200 200 200 200 200 200 200 200 200 200 200 200 200 200 200 200 200 200 200 200 200 200 200 200 200 200 200 200 200 200 200 200 200 200 200 200 200 200 200 200 200 200 200 200 200 200 200 200 200 200 200 200 200 200 200 200 200 200 200 200 200 200 200 200 200 200 200 200 200 200 200 200 200 200 200 200 200 200 200 200 200 200 200 200 200 200 200 200 200 200 200 200 200 200 200 200 200 200 200 200 200 200 200 200 200 200 200 200 200 200 200 200 200 200 200 200 200 200 200 200 200 200 200 200 200 200 200 200 200 200 200 200 200 200 200 200 200 200 200 200 200 200 200 200 200 200 200 200 200 200 200 200 200 200 200 200 200 200 200 200 200 200 200 200 200 200 200 200 200 200 200 200 200 200 200 200 200 200 200 200 200 200 200 200 200 200 200 200 200 200 200 200 200 200 200 200 200 200 200 200 200 200 200 200 200 200 200 200 200 200 200 200 200 200 200 200 200 200 200 200 200 200 200 200 200 200 200 200 200 200 200 200 200 200 200 200 200 200 200 200 200 200 200 200 200 200 200 200 200 200 200 200 200 200 200 200 200 200 200 200 200 200 200 200 200 200 200 200 200 200 200 200 200 200 200 200 200 200 200 200 200 200 200 200 200 200 200 200 200 200 200 200 200 200 200 200 200 200 200 200 200 200 200 200 200 200 200 200 200 200 200 200 200 200 200 200 200 200 200 200 200 200 200 200 200 200 200 200 200 200 200 200 200 200 200 200 200 200 200 200 200 200 200 200 200 200 200 200 200 200 200 200 200 200 200 200 200 200 200 200 200 200 200 200 200 200 200 200 200 200 200 200 200 200 200 200 200 200 200 200 200 200 200 200 200 200 200 200 200 200 200 200 200 200 200 200 200 200 200 200 200 200 200 200 200 200 200 200 200 200 200
672
44 18 52 25 64 22 64 122 124 58 53 25 158 64 121 126 5 10 48 160 134 190 80 26 166 195 193 28 60 64 164 21 199 53 87 173 121 97 7 119 67 64 101 88 106 109 55 12 147 99 36 100 13 123 170 104 22 156 89 60 127 95 154 74 107 9 22 195 161 146 172 162 64 129 29 138 96 17 172 166 93 163 125 55 195 23 136 60 72 49 183 178 154 132 77 192 76 95 57 198 146 10 178 56 169 153 81 70 175 62 103 3 190 198 167 17 129 47 50 109 129 11 186 43 44 158 110 66 131 116 56 75 166 92 55 31 78 49 198 42 116 115 33 137 155 153 169 107 93 147 110 48 149 14 181 9 198 166 3 51 8 80 43 62 24 190 70 35 157 27 126 165 107 8 3 175 87 190 62 59 111 199 124 125 97 35 185 88 88 84 20 115 188 150 27 178 107 1 136 165 123 44 93 6 143 88 30 17 26 174 103 21 1 189 82 134 166 62 12 64 128 64 57 23 111 158 70 119 19 79 192 189 161 62 169 79 9 165 167 177 87 94 24 113 112 148 42 139 24 173 132 76 117 7 180 89 149 22 167 45 171 45 49 46 108 122 169 56 177 46 143 166 58 105 93 14 118 88 33 152 58 105 166 76 154 167 34 115 109 158 6 74 69 75 60 137 148 173 137 149 20 129 8 135 191 53 150 152 38 161 50 116 193 138 8 191 132 71 149 6 77 129 120 57 186 119 74 50 164 138 113 110 199 65 175 115 72 15 196 147 110 156 198 49 11 85 164 39 158 37 116 20 179 113 74 173 74 9 123 198 30 178 74 61 49 190 139 21 179 185 160 36 76 18 153 35 78 24 1 17 81 2 100 112 166 184 110 63 136 54 64 162 165 117 40 133 148 112 144 137 174 68 10 164 20 109 132 147 123 25 32 92 15 183 100 186 54 12 20 107 175 101 23 40 158 7 53 7 181 99 183 200 32 88 89 20 184 78 92 178 190 1 7 6 185 153 115 43 137 166 30 25 33 199 119 95 70 42 151 31 153 102 36 164 170 163 122 176 99 186 147 11 118 4 180 162 62 98 103 122 184 149 122 99 129 88 105 44 35 130 45 9 93 12 137 112 104 1 18 181 150 115 110 132 200 30 24 97 27 0 190 144 150 166 178 101 146 22 73 96 104 64 164 146 83 184 34 12 33 131 123 138 141 67 113 27 63 25 153 46 102 64 58 177 86 15 184 171 193 150 173 188 157 150 78 196 109 16 157 46 56 193 56 0 41 109 48 178 30 68 162 160 163 63 104 14 143 180 78 87 84 147 10 22 3 47 153 108 7 126 62 109 193 154 23 178 164 185 50 162 80 115 5 22 0 55 9 167 42 82 68 106 174 175 71 30 144 169 59 52 31 69 78 3 10 77 5 104 141 73 187 18 92 153 199 17 87 183 46 41 28 118 147 153 88 135 172 60 60 84 162 165 27 135 96 63 143 170 27 183 58 129 123 21 164 24 86 119 127 171 39 186
147
0 0 0 0 0 0 0 0 0 0 0 0 0 0 0 0 0 0 0 0 0 0 0 0 0 0 0 0 0 0 0 0 0 0 0 0 0 0 0 0 0 0 0 0 0 0 0 0 0 0 0 0 0 0 0 0 0 0 0 0 0 0 0 0 0 0 0 0 0 0 0 0 0 0 0 0 0 0 0 0 0 0 0 0 0 0 0 0 0 0 0 0 0 0 0 0 0 0 0 0 0 0 0 0 0 0 0 0 0 0 0 0 0 0 0 0 0 0 0 0 0 0 0 0 0 0 0 0 0 0 0 0 0 0 0 0 0 0 0 0 0 0 0 0 0 0 0
863
200 200 200 200 200 200 200 200 200 200 200 200 200 200 200 200 200 200 200 200 200 200 200 200 200 200 200 200 200 200 200 200 200 200 200 200 200 200 200 200 200 200 200 200 200 200 200 200 200 200 200 200 200 200 200 200 200 200 200 200 200 200 200 200 200 200 200 200 200 200 200 200 200 200 200 200 200 200 200 200 200 200 200 200 200 200 200 200 200 200 200 200 200 200 200 200 200 200 200 200 200 200 200 200 200 200 200 200 200 200 200 200 200 200 200 200 200 200 200 200 200 200 200 200 200 200 200 200 200 200 200 200 200 200 200 200 200 200 200 200 200 200 200 200 200 200 200 200 200 200 200 200 200 200 200 200 200 200 200 200 200 200 200 200 200 200 200 200 200 200 200 200 200 200 200 200 200 200 200 200 200 200 200 200 200 200 200 200 200 200 200 200 200 200 200 200 200 200 200 200 200 200 200 200 200 200 200 200 200 200 200 200 200 200 200 200 200 200 200 200 200 200 200 200 200 200 200 200 200 200 200 200 200 200 200 200 200 200 200 200 200 200 200 200 200 200 200 200 200 200 200 200 200 200 200 200 200 200 200 200 200 200 200 200 200 200 200 200 200 200 200 200 200 200 200 200 200 200 200 200 200 200 200 200 200 200 200 200 200 200 200 200 200 200 200 200 200 200 200 200 200 200 200 200 200 200 200 200 200 200 200 200 200 200 200 200 200 200 200 200 200 200 200 200 200 200 200 200 200 200 200 200 200 200 200 200 200 200 200 200 200 200 200 200 200 200 200 200 200 200 200 200 200 200 200 200 200 200 200 200 200 200 200 200 200 200 200 200 200 200 200 200 200 200 200 200 200 200 200 200 200 200 200 200 200 200 200 200 200 200 200 200 200 200 200 200 200 200 200 200 200 200 200 200 200 200 200 200 200 200 200 200 200 200 200 200 200 200 200 200 200 200 200 200 200 200 200 200 200 200 200 200 200 200 200 200 200 200 200 200 200 200 200 200 200 200 200 200 200 200 200 200 200 200 200 200 200 200 200 200 200 200 200 200 200 200 200 200 200 200 200 200 200 200 200 200 200 200 200 200 200 200 200 200 200 200 200 200 200 200 200 200 200 200 200 200 200 200 200 200 200 200 200 200 200 200 200 200 200 200 200 200 200 200 200 200 200 200 200 200 200 200 200 200 200 200 200 200 200 200 200 200 200 200 200 200 200 200 200 200 200 200 200 200 200 200 200 200 200 200 200 200 200 200 200 200 200 200 200 200 200 200 200 200 200 200 200 200 200 200 200 200 200 200 200 200 200 200 200 200 200 200 200 200 200 200 200 200 200 200 200 200 200 200 200 200 200 200 200 200 200 200 200 200 200 200 200 200 200 200 200 200 200 200 200 200 200 200 200 200 200 200 200 200 200 200 200 200 200 200 200 200 200 200 200 200 200 200 200 200 200 200 200 200 200 200 200 200 200 200 200 200 200 200 200 200 200 200 200 200 200 200 200 200 200 200 200 200 200 200 200 200 200 200 200 200 200 200 200 200 200 200 200 200 200 200 200 200 200 200 200 200 200 200 200 200 200 200 200 200 200 200 200 200 200 200 200 200 200 200 200 200 200 200 200 200 200 200 200 200 200 200 200 200 200 200 200 200 200 200 200 200 200 200 200 200 200 200 200 200 200 200 200 200 200 200 200 200 200 200 200 200 200 200 200 200 200 200 200 200 200 200 200 200 200 200 200 200 200 200 200 200 200 200 200 200 200 200 200 200 200 200 200 200 200 200 200 200 200 200 200 200 200 200 200 200 200 200 200 200 200 200 200 200 200 200 200 200 200 200 200 200 200 200 200 200 200 200 200 200 200 200 200 200 200 200 200 200 200 200 200 200 200 200 200 200 200 200 200 200 200 200 200 200 200 200 200 200 200 200 200 200 200 200 200 200 200 200 200 200 200 200 200
806
13 15 162 199 157 0 17 3 5 11 17 9 197 4 1 6 196 163 167 7 179 0 173 8 2 0 156 173 11 17 9 7 8 16 19 3 9 197 9 18 15 15 13 0 183 19 3 14 18 7 9 11 1 12 11 198 4 10 13 7 6 16 195 6 11 160 6 150 13 16 20 11 19 20 19 4 7 14 0 178 3 12 19 12 8 14 199 3 16 4 13 200 15 166 13 8 2 200 15 4 14 196 179 19 17 16 13 19 6 10 4 20 4 12 16 5 193 150 160 13 15 14 150 5 8 2 18 17 15 15 9 174 0 16 15 19 20 2 3 3 9 5 14 4 0 20 9 19 8 184 3 13 7 3 2 3 9 16 8 11 2 16 2 3 9 183 7 4 1 6 5 13 11 15 157 2 6 5 160 0 175 1 14 7 18 12 4 1 9 18 2 151 200 13 11 6 1 19 9 7 19 8 7 15 15 12 2 19 13 12 17 2 170 14 6 19 12 3 0 13 15 193 155 3 170 194 10 9 161 11 10 200 20 8 4 13 19 19 16 11 6 4 6 9 166 16 7 14 18 2 165 4 174 13 4 20 172 150 3 13 20 9 11 198 174 17 11 18 19 19 1 153 198 4 193 11 3 10 13 175 180 10 0 15 5 6 4 169 15 10 20 12 15 179 0 15 150 15 15 11 6 167 16 20 19 166 17 189 12 6 6 157 170 180 3 12 4 19 20 16 0 181 10 6 12 12 13 3 6 193 15 163 18 16 1 19 184 14 7 13 2 18 167 14 9 163 10 166 161 2 18 16 175 17 17 1 169 17 18 11 2 13 9 13 12 7 12 9 16 5 185 1 14 6 180 14 3 10 16 175 4 176 196 16 188 15 8 19 16 15 11 20 10 6 9 169 0 167 1 174 19 11 6 4 171 18 3 186 172 7 0 15 18 12 12 155 9 7 14 3 6 0 9 7 18 18 17 16 195 13 18 2 170 2 6 18 9 0 185 14 6 17 5 12 7 11 13 0 11 5 10 173 194 12 20 9 4 16 13 5 14 10 14 5 5 14 4 4 14 4 3 15 6 153 5 20 2 16 10 13 13 193 3 19 5 3 157 16 4 9 14 5 8 14 11 199 20 15 13 11 12 13 7 7 3 18 1 172 199 18 15 151 16 1 3 172 170 2 18 0 2 20 14 17 166 176 3 180 8 11 14 7 17 16 15 6 196 20 17 16 179 1 198 19 10 4 14 10 18 12 6 182 17 16 150 168 5 19 20 16 0 4 12 5 16 13 6 196 7 192 171 1 7 12 12 15 14 5 198 15 19 10 17 13 18 12 20 173 17 3 13 16 8 11 13 15 10 169 9 18 15 6 13 14 13 197 2 18 12 3 1 11 17 4 8 20 6 7 3 8 20 16 1 20 11 16 11 20 12 9 5 18 166 16 15 1 197 1 12 18 153 1 0 184 20 16 19 17 2 15 1 16 0 11 183 1 155 11 19 3 7 17 17 4 20 16 3 0 20 19 0 15 10 0 2 15 5 14 9 20 11 12 199 11 9 0 13 13 17 9 0 20 157 18 7 175 11 166 7 10 2 164 15 2 3 16 13 2 1 17 15 16 199 5 3 151 10 5 3 170 174 192 7 9 20 4 14 6 18 13 2 17 9 2 6 14 1 17 17 4 153 15 12 0 159 17 20 15 13 20 18 7 18 5 15 8 16 6 184 5 14 15 14 14 9 19 9 12 180 17 10 6 20 9 176 18 173 3 16 8 5 198 155 14 12 19 195 6 20 20 16 5 0 6 19 16 12 8 3 9 13 2 12 4 15 15
257
200 200 200 200 200 200 200 200 200 200 200 200 200 200 200 200 200 200 200 200 200 200 200 200 200 200 200 200 200 200 200 200 200 200 200 200 200 200 200 200 200 200 200 200 200 200 200 200 200 200 200 200 200 200 200 200 200 200 200 200 200 200 200 200 200 200 200 200 200 200 200 200 200 200 200 200 200 200 200 200 200 200 200 200 200 200 200 200 200 200 200 200 200 200 200 200 200 200 200 200 200 200 200 200 200 200 200 200 200 200 200 200 200 200 200 200 200 200 200 200 200 200 200 200 200 200 200 200 200 200 200 200 200 200 200 200 200 200 200 200 200 200 200 200 200 200 200 200 200 200 200 200 200 200 200 200 200 200 200 200 200 200 200 200 200 200 200 200 200 200 200 200 200 200 200 200 200 200 200 200 200 200 200 200 200 200 200 200 200 200 200 200 200 200 200 200 200 200 200 200 200 200 200 200 200 200 200 200 200 200 200 200 200 200 200 200 200 200 200 200 200 200 200 200 200 200 200 200 200 200 200 200 200 200 200 200 200 200 200 200 200 200 200 200 200 200 200 200 200 200 200 200 200 200 200 200 200
161
10 17 13 19 9 14 0 12 4 6 8 10 4 8 15 14 16 14 9 5 3 16 18 12 17 13 7 5 11 19 13 14 15 0 0 8 18 20 12 9 3 10 6 1 3 3 4 16 15 14 8 14 15 10 20 4 3 11 19 16 8 17 17 4 20 14 15 8 16 3 14 5 4 14 20 12 16 1 18 16 7 2 0 7 15 8 0 5 17 8 4 19 11 15 15 2 14 16 18 15 3 13 17 1 10 0 1 20 3 20 16 20 5 16 7 13 1 0 3 17 12 4 17 0 7 18 16 6 1 6 0 3 17 2 3 9 11 20 10 3 2 12 4 2 6 6 0 4 11 9 19 7 18 16 19 14 15 10 0 11 5
929
16 11 17 10 10 15 18 16 4 11 12 17 0 12 0 12 18 20 9 8 17 4 0 19 6 15 14 1 19 16 0 17 7 15 8 6 11 12 18 4 0 16 7 13 18 18 1 0 1 11 17 9 6 18 14 1 15 18 19 15 12 9 2 14 13 11 8 12 2 17 19 16 8 19 2 10 19 13 10 7 2 2 2 4 12 16 14 16 6 10 11 12 15 7 18 6 15 20 1 16 17 17 18 12 4 16 9 15 6 15 4 7 3 1 19 10 13 11 7 16 12 9 10 20 17 18 17 18 13 13 6 15 6 14 8 12 14 16 0 18 10 11 13 6 15 20 17 14 13 17 15 20 14 4 13 12 7 3 11 2 3 13 19 6 3 6 6 14 13 1 6 18 1 9 5 5 6 15 3 12 7 5 14 18 10 14 7 11 11 11 1 9 1 6 6 8 2 19 2 2 17 2 16 0 8 12 2 18 4 1 11 4 18 14 9 14 5 17 19 9 20 3 20 18 14 4 1 6 12 6 7 8 10 6 12 17 1 17 10 7 3 0 12 8 10 20 14 7 3 8 16 7 15 19 16 0 11 19 13 0 3 2 7 19 16 11 7 1 6 17 16 16 2 7 6 6 5 3 6 7 12 12 0 19 7 5 4 1 15 2 11 14 2 15 2 15 4 9 12 1 9 14 14 16 3 0 20 20 9 2 11 0 4 15 12 7 18 3 18 17 18 10 2 18 17 20 18 17 20 7 7 9 13 6 6 20 13 20 2 0 5 19 18 9 7 12 10 3 7 10 3 7 19 15 17 2 2 13 9 17 4 13 1 12 14 1 9 11 20 20 15 18 16 0 20 13 14 8 13 10 13 6 1 11 16 8 13 11 5 14 11 18 8 17 18 12 19 2 4 0 16 9 13 13 4 11 15 7 12 5 9 13 1 13 7 16 18 16 9 6 7 12 15 8 9 14 17 20 13 3 9 20 1 5 17 13 12 17 14 6 19 20 11 0 19 5 3 9 2 19 5 16 11 12 3 2 3 11 5 17 0 6 19 10 15 11 8 18 20 9 15 19 3 4 10 9 17 19 10 17 13 1 19 0 8 6 2 10 17 16 20 1 5 2 0 4 8 2 15 13 5 9 1 16 17 7 0 18 16 19 16 4 0 1 5 16 3 0 18 16 18 11 11 17 17 4 13 4 10 7 9 13 6 9 20 3 19 1 6 18 14 3 11 3 15 6 7 9 3 2 11 17 14 1 16 4 6 7 11 1 11 13 3 19 2 0 8 7 20 18 1 9 2 16 8 10 14 10 0 9 9 14 12 19 3 7 14 19 8 0 8 4 16 7 19 0 0 1 1 8 4 0 8 3 14 2 7 7 20 7 13 7 0 10 9 15 16 12 19 18 14 4 13 7 12 5 11 6 4 9 19 19 8 7 18 6 9 17 0 18 20 1 5 15 3 20 18 18 9 0 1 7 16 14 0 5 6 3 15 18 6 16 13 16 4 7 19 15 12 1 14 4 2 9 1 3 19 13 16 5 8 0 20 19 3 16 4 17 4 9 6 0 9 17 9 11 5 13 16 18 16 19 10 5 5 18 12 2 20 0 15 1 14 13 11 9 20 15 20 3 19 12 14 1 20 6 0 17 6 1 7 2 13 1 1 20 20 8 2 3 1 14 17 20 8 0 8 17 9 17 3 7 1 1 14 18 5 20 15 4 4 11 13 1 7 11 9 19 14 2 9 14 11 5 6 17 17 7 12 13 11 14 0 16 7 12 7 10 18 2 10 6 9 15 8 6 3 7 6 1 20 20 13 5 17 16 18 20 14 20 2 11 19 8 12 10 12 9 17 7 5 8 14 2 6 19 15 18 7 9 20 0 8 8 20 6 9 16 7 5 14 3 11 16 3 14 6 15 3 4 2 3 5 2 8 2 9 1 15 2 11 7 5 13 0 2 14 1 7 0 5 15 12 9 0 17 4 19 20 13 14 13 17 12 12 7 1 10 10 19 20 14 17 12 13 17 10 4 14 19 12 17 13 15 6 2 17 15 19 15 0 0 6 0 20 15 3 9 4 19 15 20 18 13 20 19 5 7 14
33
200 200 200 200 200 200 200 200 200 200 200 200 200 200 200 200 200 200 200 200 200 200 200 200 200 200 200 200 200 200 200 200 200
137
0 0 0 0 0 0 0 0 0 0 0 0 0 0 0 0 0 0 0 0 0 0 0 0 0 0 0 0 0 0 0 0 0 0 0 0 0 0 0 0 0 0 0 0 0 0 0 0 0 0 0 0 0 0 0 0 0 0 0 0 0 0 0 0 0 0 0 0 0 0 0 0 0 0 0 0 0 0 0 0 0 0 0 0 0 0 0 0 0 0 0 0 0 0 0 0 0 0 0 0 0 0 0 0 0 0 0 0 0 0 0 0 0 0 0 0 0 0 0 0 0 0 0 0 0 0 0 0 0 0 0 0 0 0 0 0 0
147
0 0 0 0 0 0 0 0 0 0 0 0 0 0 0 0 0 0 0 0 0 0 0 0 0 0 0 0 0 0 0 0 0 0 0 0 0 0 0 0 0 0 0 0 0 0 0 0 0 0 0 0 0 0 0 0 0 0 0 0 0 0 0 0 0 0 0 0 0 0 0 0 0 0 0 0 0 0 0 0 0 0 0 0 0 0 0 0 0 0 0 0 0 0 0 0 0 0 0 0 0 0 0 0 0 0 0 0 0 0 0 0 0 0 0 0 0 0 0 0 0 0 0 0 0 0 0 0 0 0 0 0 0 0 0 0 0 0 0 0 0 0 0 0 0 0 0
784
0 0 6 11 9 2 17 8 19 1 18 2 15 17 6 13 6 8 0 10 18 10 13 20 9 16 18 16 10 4 16 3 16 20 16 16 18 17 20 5 7 2 17 1 19 8 17 12 6 15 4 6 3 11 13 2 3 9 12 5 15 11 9 8 9 8 5 17 8 19 12 8 19 16 19 20 14 15 13 5 14 19 20 14 7 18 5 10 7 13 16 13 14 9 1 2 3 7 4 4 5 2 16 18 7 13 1 8 0 10 7 16 7 5 5 3 2 13 11 3 2 18 12 1 2 20 5 20 17 0 7 3 15 5 20 6 18 7 1 2 7 6 7 18 7 2 14 15 5 3 11 14 15 11 3 8 9 1 6 14 0 0 17 4 9 11 9 20 3 13 10 1 0 8 10 10 11 2 2 19 5 4 4 19 14 19 14 10 1 14 15 19 16 3 3 17 14 10 15 6 10 12 20 10 15 11 6 11 6 9 7 0 6 0 1 12 2 16 20 3 11 15 0 14 15 17 17 1 6 1 5 8 17 4 14 0 9 9 19 9 20 1 3 7 16 17 16 16 2 20 15 10 7 1 2 15 15 14 4 12 12 19 14 8 5 3 5 2 20 2 9 8 3 10 3 4 3 18 13 14 5 18 17 15 3 15 2 0 9 20 2 11 19 20 1 1 10 0 15 20 17 1 15 6 16 6 14 4 9 0 17 2 12 17 18 10 7 13 15 19 10 15 2 5 18 12 18 15 12 12 5 4 8 6 3 3 11 1 5 15 0 9 6 15 5 15 20 1 12 20 0 9 7 18 19 17 17 13 10 16 11 14 18 13 10 2 11 4 4 18 19 11 17 3 8 8 8 14 8 17 9 1 7 19 1 17 4 16 19 16 4 15 18 20 13 4 13 1 7 14 11 19 7 9 17 16 15 16 19 10 9 18 13 16 15 9 3 4 6 16 3 18 11 6 14 0 15 9 17 6 16 11 11 3 18 2 13 18 17 10 9 10 19 10 6 3 18 18 7 11 18 6 16 0 11 16 10 7 19 12 18 20 16 1 14 7 18 7 12 15 1 16 3 3 2 2 0 11 5 4 3 16 12 18 16 18 17 13 13 18 0 18 4 5 11 10 8 12 3 2 15 4 18 20 2 6 12 4 5 5 7 0 11 13 18 4 4 7 17 14 0 1 18 8 8 13 2 18 7 9 18 1 15 17 6 0 18 3 1 11 12 9 13 6 2 9 1 10 16 5 14 3 9 2 9 0 7 4 1 13 8 6 7 18 16 17 18 0 5 10 11 8 11 7 9 8 19 6 17 0 20 9 17 9 13 8 14 19 12 12 13 14 0 14 1 7 8 10 3 19 10 4 10 10 8 5 9 4 10 5 1 15 15 2 16 11 13 14 15 1 8 1 18 16 12 19 19 18 17 6 3 3 12 3 4 0 1 3 19 1 4 1 19 11 15 0 10 1 7 19 20 16 17 9 1 10 0 18 18 18 4 0 16 12 7 12 14 18 4 19 9 16 13 5 1 10 0 4 10 2 5 16 2 18 13 2 9 9 3 4 16 8 20 18 14 16 11 14 20 0 20 14 17 13 2 4 5 15 2 19 16 10 6 11 7 3 1 12 13 12 7 0 2 20 8 15 10 20 11 0 14 4 11 4 7 3 9 20 7 5 17 4 16 10 19 17 8 17 7 7 16 11 7 16 18 5 0 17 17 4 0 13 8 20 8 9 16 4 13 6 2 14 8 18 8 20 5 15 19 15 2 4 20 6
360
0 200 67 77 76 51 96 117 87 88 98 115 76 116 54 112 102 109 83 117 108 101 102 67 95 115 93 87 72 120 99 74 56 111 52 63 68 83 110 105 95 113 120 115 116 107 92 109 61 68 116 68 56 65 62 65 66 85 111 54 117 118 101 93 104 64 93 94 83 58 113 92 119 52 83 76 102 66 119 115 56 71 102 88 72 59 114 112 57 90 69 57 106 74 111 89 63 54 114 74 110 54 94 102 116 77 95 87 89 86 55 98 120 87 67 99 100 60 68 65 120 53 91 63 106 112 72 50 95 116 68 95 64 106 104 103 77 55 99 50 86 93 56 72 77 68 62 70 92 72 101 120 117 94 57 78 110 61 70 63 51 68 67 114 106 104 54 93 113 87 67 115 110 109 67 52 65 64 87 68 102 56 88 66 104 98 80 69 88 64 87 84 57 54 95 61 78 118 53 112 113 71 95 106 77 74 111 81 103 62 75 52 69 91 95 88 89 51 101 118 50 85 89 55 91 93 57 54 76 118 83 70 58 97 50 71 107 70 86 71 108 102 55 77 61 68 108 116 112 57 81 89 110 93 82 76 66 103 118 58 64 57 116 55 67 86 50 114 93 118 113 120 50 71 67 64 106 90 104 58 73 106 73 90 106 92 105 108 63 73 52 65 94 114 82 87 86 118 84 100 97 118 99 64 86 70 64 101 85 76 94 90 88 53 89 58 114 94 103 85 55 69 82 81 52 74 77 119 81 87 115 101 68 101 112 53 94 81 104 76 105 63 61 91 64 114 64 63 86 60 113 50 94 59 79 99 81 89 53 200
587
1 143 143 1 1 143 1 1 1 1 1 143 143 1 1 143 143 1 143 143 1 1 143 1 1 1 143 143 1 143 1 1 1 1 143 143 143 1 1 1 143 1 1 1 1 143 1 1 143 1 1 1 1 1 1 1 143 143 1 1 143 1 1 143 1 1 1 1 143 1 143 1 143 1 1 143 1 1 143 1 1 1 1 143 1 143 143 1 143 1 143 1 143 1 143 1 1 1 1 1 143 143 1 1 143 143 143 1 143 1 1 1 143 1 143 143 1 1 1 1 1 1 1 1 1 1 1 1 143 143 1 1 1 1 1 143 143 143 1 143 1 1 143 1 143 1 143 1 143 1 143 1 1 143 143 1 1 143 1 1 1 143 1 1 1 1 143 1 143 1 1 1 1 1 143 1 1 1 1 143 1 143 1 1 1 1 1 1 143 1 1 1 143 1 1 1 1 1 1 1 1 1 1 1 1 143 1 1 1 143 143 1 143 1 1 143 1 143 1 143 1 1 1 1 1 1 1 1 143 143 1 1 143 1 1 143 143 1 143 1 1 143 1 143 1 1 1 1 1 1 143 1 143 143 143 1 143 1 143 143 143 1 143 1 143 1 143 1 143 143 1 1 1 143 143 1 1 143 1 1 1 143 1 1 1 1 1 1 1 1 1 1 1 143 143 1 1 1 1 1 143 1 143 143 1 143 1 1 1 143 1 1 1 143 1 1 143 143 1 143 1 143 1 1 1 1 143 1 1 1 1 1 1 1 143 1 143 1 1 143 1 143 143 1 143 1 1 143 143 1 1 143 1 1 1 1 143 143 1 143 1 1 143 1 1 1 1 1 1 1 1 143 1 1 1 1 1 1 1 1 1 1 1 1 143 1 1 1 1 1 143 143 1 143 143 1 143 1 143 143 143 143 1 143 1 1 1 143 143 1 1 143 1 1 1 143 143 143 143 1 1 143 1 143 143 1 1 1 1 1 143 1 1 1 1 1 143 1 1 143 143 1 1 1 1 143 143 1 143 143 143 143 1 143 143 143 1 1 1 1 143 143 1 1 143 143 1 1 143 1 1 1 1 1 1 1 143 1 1 1 143 143 143 143 1 143 143 1 1 1 143 1 1 1 1 1 143 143 1 1 1 143 143 1 1 1 1 143 1 1 143 143 1 143 1 143 143 1 143 1 1 1 1 143 143 1 143 143 143 1 1 1 143 1 1 1 1 1 1 143 1 143 1 143 1 1 1 1 1 1 143 1 1 1 1 1 1 1 1 143 143 1 1 1 1 143 143 1 1 1 143 1 143 143 1 1 143 1 143 1 1 1 1 1 1 143 1
913
0 200 87 54 91 66 61 100 113 93 120 109 56 99 73 53 104 64 71 66 71 76 55 108 104 113 110 67 77 67 60 101 68 111 119 80 70 58 85 53 60 117 115 55 74 100 114 59 109 57 97 102 86 108 98 54 75 85 93 102 78 114 110 99 50 109 116 101 77 74 112 103 93 69 115 111 89 109 60 52 77 64 56 88 66 69 115 104 72 56 81 96 57 117 52 59 103 86 94 99 120 85 120 100 68 65 94 102 77 110 111 51 102 87 120 86 115 74 117 50 104 87 114 61 120 109 112 98 82 117 67 78 65 93 68 53 90 52 50 68 87 118 85 59 97 90 82 77 67 71 58 112 53 51 59 50 86 58 79 117 76 89 64 81 56 114 57 89 61 104 90 111 64 111 67 77 101 99 95 105 84 66 52 96 65 119 77 112 74 77 112 61 74 60 67 82 64 98 116 60 54 90 115 69 77 120 62 90 72 95 92 66 60 106 64 89 96 108 115 66 81 100 95 64 77 53 74 82 112 104 115 80 98 50 58 79 108 119 100 101 96 117 52 84 51 67 68 62 105 74 111 96 57 116 67 108 82 116 51 87 66 79 110 102 103 115 51 108 52 78 66 68 81 120 114 57 99 111 90 67 85 94 76 86 87 88 105 52 58 60 68 111 52 84 102 68 51 90 100 103 55 51 64 101 72 104 66 73 105 99 56 117 70 120 58 93 112 105 110 61 54 69 52 116 119 87 86 105 64 61 116 106 56 108 116 66 97 56 89 105 78 74 98 85 61 63 78 59 96 79 104 56 120 106 80 71 72 56 56 83 55 65 89 104 77 91 105 71 50 119 107 118 92 76 75 100 105 92 70 116 94 103 64 94 76 101 86 112 85 58 106 108 62 90 114 56 67 100 109 105 102 65 93 71 67 63 84 120 66 70 56 56 56 80 60 63 106 55 109 111 95 115 80 58 56 68 113 76 98 96 54 119 117 77 117 65 82 82 56 107 109 98 51 119 85 102 98 69 81 50 52 70 103 105 118 87 117 108 84 68 99 76 61 110 82 106 119 89 66 111 94 69 117 88 54 74 87 91 73 82 66 119 58 116 63 109 86 110 106 67 66 83 88 59 74 117 97 72 115 52 65 109 77 102 97 92 72 108 88 80 62 54 83 98 107 75 67 119 57 112 56 71 87 111 51 84 98 89 99 105 64 62 69 92 56 92 107 73 62 105 87 98 119 61 71 72 55 64 91 90 112 50 92 83 53 96 96 75 56 51 69 120 76 80 114 113 70 104 55 57 54 77 90 98 56 94 110 118 50 89 52 91 67 94 83 75 70 92 102 92 64 90 80 72 72 106 79 112 81 105 78 76 75 102 93 106 65 93 100 117 89 91 67 59 73 97 83 85 50 95 102 69 68 107 89 114 52 103 112 118 67 120 71 88 62 52 103 51 59 72 85 80 84 92 97 64 79 115 91 89 115 105 84 113 77 87 72 93 87 64 89 106 72 71 86 104 52 118 81 117 52 51 97 81 69 82 66 89 89 53 53 94 69 94 56 70 115 58 53 95 92 120 102 65 101 60 115 117 112 94 111 107 51 54 50 52 50 71 86 76 98 69 90 71 108 97 81 62 86 107 89 54 110 110 102 108 77 74 98 114 101 95 96 76 54 57 112 106 50 66 110 111 55 65 50 107 87 107 73 67 74 54 120 60 90 105 51 86 113 74 107 109 120 78 89 104 59 115 69 94 90 81 64 120 88 64 59 92 70 106 54 90 57 110 93 83 84 114 57 84 102 96 69 59 50 99 84 61 94 51 56 65 114 67 109 70 83 68 84 87 111 120 91 86 56 120 96 86 60 53 72 114 100 106 74 64 119 85 109 103 84 119 88 89 67 99 120 120 98 113 104 67 73 52 97 118 109 64 76 108 120 98 73 113 69 54 117 58 62 85 118 56 101 111 79 112 70 55 113 65 70 88 79 80 108 106 68 81 68 109 55 102 80 113 51 65 63 112 95 54 91 86 68 103 78 88 74 99 57 58 81 90 58 86 56 69 111 114 104 106 87 87 200
36
8 12 14 14 18 5 5 14 15 3 5 19 14 18 18 2 19 9 9 7 10 19 8 17 4 18 15 9 20 4 16 9 0 11 18 1
750
0 200 98 57 56 99 53 102 94 83 53 101 82 59 95 53 58 82 89 115 80 113 94 105 110 57 88 88 54 64 89 82 71 102 117 106 110 118 56 99 114 55 58 69 75 64 78 69 119 54 55 80 69 76 100 69 114 77 56 119 118 56 115 117 58 117 93 89 119 113 53 86 94 103 86 57 86 119 74 101 111 114 59 106 82 101 96 74 108 55 86 66 94 88 108 81 112 62 97 58 106 51 111 62 76 67 93 69 96 116 70 119 69 111 59 113 90 55 70 94 93 97 79 71 94 106 69 50 86 69 116 88 77 90 74 79 99 117 116 65 57 99 116 78 102 59 60 51 102 55 88 75 63 115 79 93 85 99 64 57 95 112 108 91 80 54 57 101 66 96 90 90 51 79 74 86 54 118 115 99 78 51 50 88 88 102 84 57 115 87 92 56 90 92 84 95 88 72 79 109 104 92 51 89 118 66 101 74 91 72 114 72 84 97 62 75 92 69 74 85 65 78 83 96 99 94 87 52 77 68 76 106 73 50 71 95 65 57 105 80 74 98 82 81 83 102 84 94 60 61 85 78 110 94 52 56 55 118 78 107 52 57 72 104 50 117 106 53 112 104 56 117 119 97 82 77 66 105 98 116 75 97 91 57 109 50 63 100 114 61 72 108 50 73 102 106 57 120 112 81 116 70 77 119 69 107 80 86 113 85 98 117 82 73 79 54 77 95 69 67 68 86 117 63 50 57 85 86 105 53 72 69 82 56 63 50 83 89 53 105 71 86 96 52 120 72 52 102 88 70 101 112 60 76 60 106 87 118 59 116 102 116 81 117 74 114 60 112 84 55 91 72 55 61 97 51 59 68 111 83 109 113 97 116 104 104 77 58 70 114 68 114 119 72 50 114 52 101 57 73 50 77 91 110 104 52 81 65 110 75 82 94 116 65 70 79 103 115 88 83 78 96 96 92 112 112 60 73 83 83 120 90 112 90 64 90 97 117 98 52 62 100 105 92 109 112 90 111 98 117 97 52 50 107 110 94 90 105 73 66 104 51 67 60 84 112 88 109 55 51 82 118 99 99 92 90 52 70 62 67 115 82 81 78 98 75 64 110 119 67 119 53 108 74 62 51 57 95 89 115 74 50 95 112 119 80 108 90 63 89 94 77 108 61 89 91 120 84 68 93 81 76 104 52 103 62 70 53 58 69 53 73 92 69 114 67 51 70 67 76 110 109 53 113 58 55 86 68 59 66 104 63 52 64 98 86 120 99 119 56 71 103 63 59 102 63 115 108 98 56 59 110 59 71 92 116 60 114 56 59 111 55 116 64 94 93 107 91 96 52 68 61 103 105 67 118 87 70 55 95 77 109 104 85 68 62 103 82 113 98 61 69 60 102 65 79 95 58 105 50 73 111 115 59 73 58 107 95 92 111 62 59 95 68 74 69 51 58 77 74 63 83 55 65 87 55 60 58 63 66 78 92 118 78 70 98 68 81 87 91 91 101 50 63 97 90 78 94 98 82 62 86 58 118 95 84 63 73 74 78 76 52 80 75 78 76 86 58 110 82 108 91 78 115 82 86 50 105 113 110 62 63 112 53 118 93 63 56 61 51 79 91 73 78 79 99 89 84 73 118 81 69 68 85 108 89 93 98 91 63 105 75 89 73 61 98 109 63 83 71 117 84 95 98 110 79 93 93 118 200
520
0 0 0 0 0 0 0 0 0 0 0 0 0 0 0 0 0 0 0 0 0 0 0 0 0 0 0 0 0 0 0 0 0 0 0 0 0 0 0 0 0 0 0 0 0 0 0 0 0 0 0 0 0 0 0 0 0 0 0 0 0 0 0 0 0 0 0 0 0 0 0 0 0 0 0 0 0 0 0 0 0 0 0 0 0 0 0 0 0 0 0 0 0 0 0 0 0 0 0 0 0 0 0 0 0 0 0 0 0 0 0 0 0 0 0 0 0 0 0 0 0 0 0 0 0 0 0 0 0 0 0 0 0 0 0 0 0 0 0 0 0 0 0 0 0 0 0 0 0 0 0 0 0 0 0 0 0 0 0 0 0 0 0 0 0 0 0 0 0 0 0 0 0 0 0 0 0 0 0 0 0 0 0 0 0 0 0 0 0 0 0 0 0 0 0 0 0 0 0 0 0 0 0 0 0 0 0 0 0 0 0 0 0 0 0 0 0 0 0 0 0 0 0 0 0 0 0 0 0 0 0 0 0 0 0 0 0 0 0 0 0 0 0 0 0 0 0 0 0 0 0 0 0 0 0 0 0 0 0 0 0 0 0 0 0 0 0 0 0 0 0 0 0 0 0 0 0 0 0 0 0 0 0 0 0 0 0 0 0 0 0 0 0 0 0 0 0 0 0 0 0 0 0 0 0 0 0 0 0 0 0 0 0 0 0 0 0 0 0 0 0 0 0 0 0 0 0 0 0 0 0 0 0 0 0 0 0 0 0 0 0 0 0 0 0 0 0 0 0 0 0 0 0 0 0 0 0 0 0 0 0 0 0 0 0 0 0 0 0 0 0 0 0 0 0 0 0 0 0 0 0 0 0 0 0 0 0 0 0 0 0 0 0 0 0 0 0 0 0 0 0 0 0 0 0 0 0 0 0 0 0 0 0 0 0 0 0 0 0 0 0 0 0 0 0 0 0 0 0 0 0 0 0 0 0 0 0 0 0 0 0 0 0 0 0 0 0 0 0 0 0 0 0 0 0 0 0 0 0 0 0 0 0 0 0 0 0 0 0 0 0 0 0 0 0 0 0 0 0 0 0 0 0 0 0 0 0 0 0 0 0 0 0 0 0 0 0 0 0 0 0 0 0 0 0 0 0 0 0 0 0 0 0 0 0 0 0 0 0 0
803
12 18 18 4 9 5 9 0 19 12 3 7 15 3 3 9 1 16 20 15 18 9 2 7 20 2 20 3 5 12 17 0 3 17 13 16 14 2 12 15 18 14 9 17 15 13 8 4 9 14 14 14 9 1 11 15 17 11 3 14 4 16 11 15 15 7 13 14 12 7 6 8 12 9 7 5 13 12 11 2 1 6 4 1 9 19 7 5 8 0 9 0 4 1 20 18 7 14 13 11 19 6 2 3 18 3 17 17 18 4 6 3 9 1 15 20 14 1 3 1 12 13 13 7 10 17 15 14 7 9 2 20 17 4 19 4 0 15 18 16 11 7 15 7 15 12 0 18 8 3 13 10 10 3 1 2 19 8 8 13 14 7 17 17 10 8 8 17 3 9 15 12 7 8 2 17 19 2 20 9 8 14 17 0 2 0 14 5 18 1 2 0 19 19 4 5 2 6 8 15 5 16 9 3 10 9 3 7 6 8 10 9 15 4 10 6 12 18 11 15 4 3 16 4 3 14 9 0 5 1 8 0 17 18 13 17 15 18 0 19 1 13 18 4 2 7 19 12 8 16 4 3 3 2 12 3 9 17 3 13 16 13 10 7 15 12 8 15 15 18 3 6 6 14 8 14 13 14 6 20 6 19 16 2 20 15 13 8 9 8 16 17 12 10 14 1 17 13 6 20 18 18 11 10 13 14 6 9 15 4 12 4 5 10 13 17 9 11 0 16 9 7 14 17 1 20 13 6 11 4 12 4 8 18 9 19 10 10 9 5 3 12 19 9 9 12 17 12 2 8 8 1 16 0 20 20 3 19 14 17 4 3 3 0 13 5 1 1 19 19 15 7 20 5 1 20 6 3 3 0 16 11 2 1 18 4 1 7 9 12 11 1 6 7 19 7 11 14 11 8 4 20 20 6 20 0 0 16 19 16 10 14 19 18 3 10 8 1 12 6 15 19 7 20 13 8 16 9 20 8 5 11 0 7 3 3 2 1 3 12 1 13 5 12 8 18 2 9 12 13 12 3 9 16 6 5 7 13 1 4 9 8 15 17 16 11 9 3 7 0 13 13 4 6 19 6 7 18 19 15 13 19 18 1 14 16 2 8 13 13 20 5 7 0 15 14 0 20 6 15 20 7 9 16 3 1 12 7 12 2 0 13 17 3 19 0 7 17 15 3 5 19 19 13 9 3 9 14 16 6 19 2 17 3 7 14 10 1 19 7 4 20 6 13 12 9 15 10 0 8 5 0 8 11 16 2 18 11 3 14 7 18 8 18 3 8 8 3 17 15 20 18 1 2 3 14 9 1 18 13 20 4 2 14 8 17 1 13 3 15 10 19 19 12 19 13 5 15 5 9 8 8 1 16 16 5 10 6 9 1 18 11 8 20 15 1 5 15 9 6 7 0 19 3 1 17 13 15 5 1 19 13 11 17 1 10 19 8 18 1 13 10 0 1 2 15 6 19 6 4 10 16 5 16 6 0 20 14 0 9 11 5 15 8 13 3 9 1 5 0 19 2 14 5 13 6 7 1 5 4 11 15 4 18 10 1 12 3 1 8 14 20 20 2 19 0 5 12 3 2 9 9 11 7 17 3 11 17 8 9 1 2 10 2 19 10 6 0 18 9 20 16 13 0 19 14 9 15 17 2 20 17 18 14 20 8 19 5 5 19 14 15 18 13 1 1 8 10 12 3 1 6 3 4 19 8 9 1 2 6 20 14 11 0 19 5 15 19 16 18 2 17 15 13 8 0 5 20 17 1 7 18 6 20 7 16 0 2 19 15 12 15 15 3 19 14 10 9 19 12 2 5 0
561
0 0 0 0 0 0 0 0 0 0 0 0 0 0 0 0 0 0 0 0 0 0 0 0 0 0 0 0 0 0 0 0 0 0 0 0 0 0 0 0 0 0 0 0 0 0 0 0 0 0 0 0 0 0 0 0 0 0 0 0 0 0 0 0 0 0 0 0 0 0 0 0 0 0 0 0 0 0 0 0 0 0 0 0 0 0 0 0 0 0 0 0 0 0 0 0 0 0 0 0 0 0 0 0 0 0 0 0 0 0 0 0 0 0 0 0 0 0 0 0 0 0 0 0 0 0 0 0 0 0 0 0 0 0 0 0 0 0 0 0 0 0 0 0 0 0 0 0 0 0 0 0 0 0 0 0 0 0 0 0 0 0 0 0 0 0 0 0 0 0 0 0 0 0 0 0 0 0 0 0 0 0 0 0 0 0 0 0 0 0 0 0 0 0 0 0 0 0 0 0 0 0 0 0 0 0 0 0 0 0 0 0 0 0 0 0 0 0 0 0 0 0 0 0 0 0 0 0 0 0 0 0 0 0 0 0 0 0 0 0 0 0 0 0 0 0 0 0 0 0 0 0 0 0 0 0 0 0 0 0 0 0 0 0 0 0 0 0 0 0 0 0 0 0 0 0 0 0 0 0 0 0 0 0 0 0 0 0 0 0 0 0 0 0 0 0 0 0 0 0 0 0 0 0 0 0 0 0 0 0 0 0 0 0 0 0 0 0 0 0 0 0 0 0 0 0 0 0 0 0 0 0 0 0 0 0 0 0 0 0 0 0 0 0 0 0 0 0 0 0 0 0 0 0 0 0 0 0 0 0 0 0 0 0 0 0 0 0 0 0 0 0 0 0 0 0 0 0 0 0 0 0 0 0 0 0 0 0 0 0 0 0 0 0 0 0 0 0 0 0 0 0 0 0 0 0 0 0 0 0 0 0 0 0 0 0 0 0 0 0 0 0 0 0 0 0 0 0 0 0 0 0 0 0 0 0 0 0 0 0 0 0 0 0 0 0 0 0 0 0 0 0 0 0 0 0 0 0 0 0 0 0 0 0 0 0 0 0 0 0 0 0 0 0 0 0 0 0 0 0 0 0 0 0 0 0 0 0 0 0 0 0 0 0 0 0 0 0 0 0 0 0 0 0 0 0 0 0 0 0 0 0 0 0 0 0 0 0 0 0 0 0 0 0 0 0 0 0 0 0 0 0 0 0 0 0 0 0 0 0 0 0 0 0 0 0 0 0 0 0 0 0 0 0 0 0 0 0 0 0 0
874
200 200 200 200 200 200 200 200 200 200 200 200 200 200 200 200 200 200 200 200 200 200 200 200 200 200 200 200 200 200 200 200 200 200 200 200 200 200 200 200 200 200 200 200 200 200 200 200 200 200 200 200 200 200 200 200 200 200 200 200 200 200 200 200 200 200 200 200 200 200 200 200 200 200 200 200 200 200 200 200 200 200 200 200 200 200 200 200 200 200 200 200 200 200 200 200 200 200 200 200 200 200 200 200 200 200 200 200 200 200 200 200 200 200 200 200 200 200 200 200 200 200 200 200 200 200 200 200 200 200 200 200 200 200 200 200 200 200 200 200 200 200 200 200 200 200 200 200 200 200 200 200 200 200 200 200 200 200 200 200 200 200 200 200 200 200 200 200 200 200 200 200 200 200 200 200 200 200 200 200 200 200 200 200 200 200 200 200 200 200 200 200 200 200 200 200 200 200 200 200 200 200 200 200 200 200 200 200 200 200 200 200 200 200 200 200 200 200 200 200 200 200 200 200 200 200 200 200 200 200 200 200 200 200 200 200 200 200 200 200 200 200 200 200 200 200 200 200 200 200 200 200 200 200 200 200 200 200 200 200 200 200 200 200 200 200 200 200 200 200 200 200 200 200 200 200 200 200 200 200 200 200 200 200 200 200 200 200 200 200 200 200 200 200 200 200 200 200 200 200 200 200 200 200 200 200 200 200 200 200 200 200 200 200 200 200 200 200 200 200 200 200 200 200 200 200 200 200 200 200 200 200 200 200 200 200 200 200 200 200 200 200 200 200 200 200 200 200 200 200 200 200 200 200 200 200 200 200 200 200 200 200 200 200 200 200 200 200 200 200 200 200 200 200 200 200 200 200 200 200 200 200 200 200 200 200 200 200 200 200 200 200 200 200 200 200 200 200 200 200 200 200 200 200 200 200 200 200 200 200 200 200 200 200 200 200 200 200 200 200 200 200 200 200 200 200 200 200 200 200 200 200 200 200 200 200 200 200 200 200 200 200 200 200 200 200 200 200 200 200 200 200 200 200 200 200 200 200 200 200 200 200 200 200 200 200 200 200 200 200 200 200 200 200 200 200 200 200 200 200 200 200 200 200 200 200 200 200 200 200 200 200 200 200 200 200 200 200 200 200 200 200 200 200 200 200 200 200 200 200 200 200 200 200 200 200 200 200 200 200 200 200 200 200 200 200 200 200 200 200 200 200 200 200 200 200 200 200 200 200 200 200 200 200 200 200 200 200 200 200 200 200 200 200 200 200 200 200 200 200 200 200 200 200 200 200 200 200 200 200 200 200 200 200 200 200 200 200 200 200 200 200 200 200 200 200 200 200 200 200 200 200 200 200 200 200 200 200 200 200 200 200 200 200 200 200 200 200 200 200 200 200 200 200 200 200 200 200 200 200 200 200 200 200 200 200 200 200 200 200 200 200 200 200 200 200 200 200 200 200 200 200 200 200 200 200 200 200 200 200 200 200 200 200 200 200 200 200 200 200 200 200 200 200 200 200 200 200 200 200 200 200 200 200 200 200 200 200 200 200 200 200 200 200 200 200 200 200 200 200 200 200 200 200 200 200 200 200 200 200 200 200 200 200 200 200 200 200 200 200 200 200 200 200 200 200 200 200 200 200 200 200 200 200 200 200 200 200 200 200 200 200 200 200 200 200 200 200 200 200 200 200 200 200 200 200 200 200 200 200 200 200 200 200 200 200 200 200 200 200 200 200 200 200 200 200 200 200 200 200 200 200 200 200 200 200 200 200 200 200 200 200 200 200 200 200 200 200 200 200 200 200 200 200 200 200 200 200 200 200 200 200 200 200 200 200 200 200 200 200 200 200 200 200 200 200 200 200 200 200 200 200 200 200 200 200 200 200 200 200 200 200 200 200 200 200 200 200 200 200 200 200 200 200 200 200 200 200 200 200 200 200 200 200 200 200 200 200 200 200 200 200 200 200 200 200 200 200 200 200 200 200 200 200
9
0 0 0 0 0 0 0 0 0
655
0 200 91 116 111 72 80 62 55 56 56 65 116 98 105 104 118 69 57 112 104 100 97 84 80 111 108 63 59 109 101 98 112 79 56 110 103 74 119 105 92 102 79 71 116 108 112 105 104 50 114 118 63 63 86 99 108 88 67 108 88 65 86 109 91 100 82 85 110 105 93 103 112 91 92 113 63 69 110 101 73 93 94 92 112 64 101 83 117 70 114 100 76 58 99 66 112 96 103 93 100 71 118 114 71 105 95 74 68 51 92 74 101 112 110 66 118 102 67 110 110 51 95 112 51 91 99 111 73 53 62 83 55 116 92 60 55 95 86 73 116 97 78 105 117 55 101 67 87 81 115 101 75 50 72 103 75 75 64 70 100 112 107 65 86 111 83 65 50 75 51 56 90 52 53 77 56 74 68 92 104 50 76 119 66 119 101 78 108 118 68 72 109 89 109 72 69 110 51 96 75 69 71 79 65 73 114 75 118 79 75 111 86 103 58 66 51 71 52 53 93 107 62 118 101 72 108 92 86 61 87 73 88 110 62 114 84 96 82 82 101 69 98 81 60 103 112 106 55 110 85 82 108 115 75 57 97 78 93 62 94 113 64 65 71 59 100 101 51 84 109 113 112 76 107 120 73 77 66 107 94 103 58 94 99 62 70 83 88 67 52 84 76 66 106 70 105 93 85 91 106 56 69 61 63 73 75 89 111 114 91 96 72 87 74 86 111 91 86 95 73 88 58 111 118 109 116 66 85 68 114 104 64 101 73 85 68 120 120 101 100 59 111 112 107 57 69 66 70 97 78 62 89 94 75 77 102 84 61 50 115 106 108 90 82 95 106 68 55 56 93 68 50 70 55 107 76 77 70 102 108 87 76 96 109 108 96 106 110 70 76 76 116 57 82 100 67 70 100 56 117 54 54 71 60 60 75 98 100 95 75 91 108 72 71 84 119 75 88 60 115 59 92 85 52 54 96 92 112 87 68 116 57 57 105 79 73 97 94 57 80 103 63 101 85 79 66 119 102 108 68 70 98 94 92 70 118 75 98 89 74 75 119 119 84 109 88 104 67 83 81 66 59 84 81 84 52 71 120 114 89 92 85 79 62 51 54 112 64 55 83 54 59 55 100 73 70 102 97 118 74 75 78 71 102 57 118 87 64 63 90 103 103 105 58 102 78 95 70 77 54 51 71 80 115 57 51 85 87 59 109 101 85 70 77 114 91 85 111 109 80 86 53 105 83 80 86 94 113 68 72 65 116 113 108 117 99 118 119 65 85 74 105 70 104 118 100 93 104 94 120 95 62 55 61 99 61 107 96 72 71 89 55 98 98 119 68 95 76 91 69 110 62 65 75 52 66 92 117 97 100 83 60 83 67 56 79 99 78 68 58 104 89 119 54 50 82 103 53 95 64 92 97 52 60 94 75 87 119 89 80 75 104 87 62 62 69 109 75 80 120 69 73 84 114 86 112 60 51 97 112 99 118 85 200
22
10 15 2 183 8 17 159 8 14 9 5 11 10 7 14 11 153 2 180 18 7 153
247
0 200 60 75 119 94 113 108 74 115 79 61 104 58 112 120 91 75 107 94 98 68 71 66 76 70 77 74 99 99 73 56 104 91 117 80 77 95 84 53 77 72 78 79 113 101 71 83 82 56 51 76 106 67 109 72 114 68 60 61 110 120 90 100 101 114 106 73 80 78 96 104 86 62 66 89 78 114 92 59 119 115 81 73 101 52 86 59 53 90 72 100 94 102 105 116 87 63 95 50 64 101 54 108 97 112 97 84 59 72 96 112 91 61 58 110 84 76 68 80 104 113 73 82 106 115 53 51 86 93 61 89 110 104 58 64 115 63 83 118 95 59 95 54 111 106 50 103 91 87 95 94 51 69 64 107 64 83 120 87 114 50 85 69 102 101 106 89 52 84 92 66 67 66 60 58 100 78 69 99 62 85 104 80 92 97 80 105 70 58 62 58 113 103 76 53 117 80 64 57 93 118 72 119 68 74 64 82 81 55 72 98 86 68 116 118 96 90 82 58 103 57 65 81 57 70 102 54 68 105 53 104 95 113 52 92 112 110 89 66 93 73 87 92 68 107 200
375
0 200 82 109 72 80 80 88 102 70 80 99 76 66 61 81 76 66 59 104 110 90 99 78 91 64 71 63 108 61 109 50 92 116 77 71 56 107 76 54 85 86 105 59 88 58 109 104 55 80 116 97 96 86 60 83 95 53 110 67 99 107 52 95 67 76 51 57 64 57 103 58 82 61 62 82 81 90 114 111 51 68 93 98 90 73 88 93 115 71 72 116 83 96 110 52 106 91 98 64 107 61 55 107 95 55 117 87 93 110 117 89 80 51 109 67 109 71 84 74 100 104 68 94 107 101 50 70 72 89 100 117 66 90 115 106 61 67 50 96 84 87 66 77 83 53 54 79 65 107 101 67 51 118 58 85 64 101 68 103 87 81 90 109 98 101 82 51 101 85 118 74 52 115 92 61 104 93 63 64 116 111 104 84 93 56 110 97 114 80 94 67 58 102 51 100 72 55 55 101 60 57 71 74 107 65 60 79 84 52 67 103 60 98 93 79 108 95 114 101 52 116 102 81 75 120 119 105 57 62 62 119 81 111 112 81 83 85 64 60 65 72 75 74 55 113 111 53 104 91 117 51 98 69 88 99 79 73 96 106 90 115 91 102 93 115 104 61 55 94 74 58 72 63 73 77 107 83 102 108 87 113 110 112 95 69 104 105 93 96 56 119 61 64 92 86 51 94 115 112 100 69 112 120 68 97 63 112 50 110 116 53 83 89 84 77 91 87 118 75 92 57 100 73 66 111 117 65 93 52 98 69 72 60 106 65 57 61 96 96 107 97 110 89 77 61 75 63 77 116 96 120 72 110 85 111 53 62 84 72 91 64 96 118 99 101 109 110 109 118 72 85 117 111 200
996
45 81 111 155 158 71 24 132 89 91 195 17 95 155 132 90 122 193 145 10 74 9 72 4 53 128 196 48 128 135 53 118 132 167 149 122 171 199 11 102 89 45 109 83 6 148 151 97 28 78 158 107 122 0 146 130 69 143 30 112 127 179 162 30 47 103 150 13 194 40 191 50 74 4 136 130 184 10 41 158 193 141 106 182 171 43 144 18 23 53 155 56 55 152 150 175 162 83 60 86 61 172 176 144 88 130 192 61 7 133 24 60 159 109 152 150 143 75 70 175 130 199 62 58 177 1 185 120 35 149 82 87 44 31 23 192 22 133 61 190 158 155 69 177 68 192 79 192 184 36 64 59 18 67 83 194 17 181 98 116 187 172 196 102 6 142 36 73 36 32 7 156 94 109 57 83 94 182 169 39 100 87 45 11 133 49 194 122 104 175 80 103 11 55 160 27 117 105 137 55 54 147 0 2 94 103 82 113 7 114 75 47 12 119 95 26 84 144 78 190 145 116 123 178 83 33 86 199 20 104 81 186 79 135 44 13 54 111 21 68 96 128 69 82 58 130 135 19 170 149 65 127 83 61 103 45 34 74 95 60 131 197 188 57 59 88 158 8 121 177 108 75 81 132 177 176 35 91 111 107 76 55 195 145 151 58 143 16 65 172 93 60 174 71 85 192 169 155 174 183 193 0 98 199 13 147 94 153 77 186 28 104 122 154 102 158 151 147 151 13 11 143 82 125 94 80 98 1 101 175 57 59 48 167 187 54 94 111 85 128 162 7 161 39 163 39 41 38 53 104 46 57 28 193 200 170 187 3 106 183 8 53 98 103 69 25 143 139 27 57 61 115 63 107 52 58 60 8 56 53 92 170 116 95 169 22 137 193 25 136 122 101 188 136 22 43 112 107 90 154 140 188 184 3 107 18 90 11 12 1 12 49 52 122 195 15 169 33 142 191 104 19 30 115 66 94 45 161 90 51 39 200 149 139 167 112 31 92 158 190 186 14 182 60 73 47 86 126 71 127 12 148 23 101 96 80 70 81 22 9 130 89 153 70 168 168 35 162 3 113 113 59 104 121 137 174 137 24 53 27 169 49 171 54 108 5 12 31 77 184 50 122 148 159 143 1 26 69 168 189 21 24 42 97 133 27 63 158 185 193 190 44 90 79 100 187 116 122 13 86 152 47 89 121 66 123 62 158 168 0 163 126 176 187 46 59 74 199 89 155 65 53 49 114 69 121 27 66 6 171 134 113 129 1 10 73 65 137 108 50 80 153 11 37 139 134 178 140 54 104 20 11 112 175 55 104 162 160 145 137 25 175 141 196 147 57 76 153 198 112 110 43 161 96 67 180 191 58 5 134 149 187 43 134 66 96 9 57 128 160 9 174 76 139 67 97 110 44 112 121 58 4 166 5 110 187 94 159 64 120 31 42 78 145 49 126 150 115 77 52 91 44 28 160 127 106 76 45 123 26 58 65 78 107 139 198 84 121 189 195 153 166 47 157 11 2 110 143 120 177 133 11 108 184 112 82 187 66 181 192 106 95 4 131 6 160 111 104 185 17 108 129 70 11 187 136 116 15 91 81 191 127 73 143 174 5 195 38 5 13 158 163 112 35 176 80 32 58 88 57 125 70 7 90 190 136 176 86 130 56 105 45 129 108 127 14 2 55 142 178 23 164 111 189 62 131 157 139 46 89 93 164 143 179 71 5 36 57 1 8 26 84 52 176 121 156 116 175 99 48 65 78 60 27 47 18 108 152 58 179 32 151 192 0 28 37 12 197 9 64 149 170 10 119 54 183 199 177 165 184 92 77 178 133 109 116 140 170 157 42 191 130 64 159 85 137 119 180 69 76 45 116 63 6 63 3 63 78 54 0 147 10 148 59 78 111 192 49 119 161 35 57 33 190 61 78 50 77 88 35 2 101 166 130 26 93 104 156 6 176 178 60 85 171 122 99 185 126 176 22 139 188 111 97 43 122 141 174 6 65 178 187 154 5 86 67 138 160 109 15 35 95 19 114 95 99 152 92 131 189 85 188 82 109 38 57 86 21 159 164 192 108 61 125 70 147 124 98 12 85 75 17 151 15 86 45 188 142 59 60 165 159 172 191 189 115 137 185 6 164 137 172 39 192 108 149 116 57 78 146 75 116 41 15 13 142 31 115 113 140 140 164 10 72 144 105 71 121 143 68 118 26 154 169 45 36 67 128 118 162 200 113 121 194 15 45 89 97 152 160 142 6 121 14 60 30
929
30 77 106 29 88 153 146 200 191 28 70 151 183 20 116 108 77 104 146 198 196 6 140 180 155 199 143 181 36 137 135 171 13 62 194 71 198 93 48 73 181 94 150 160 59 119 172 186 10 167 102 164 150 82 50 178 53 165 32 95 191 132 101 124 118 184 189 101 8 68 155 35 127 176 173 17 129 44 47 88 79 71 146 103 62 99 184 178 4 190 195 35 18 138 177 144 147 49 60 108 61 175 61 160 191 50 35 1 154 70 178 14 194 120 162 150 92 3 90 174 196 139 45 146 35 9 3 178 107 49 143 136 3 169 17 36 103 61 89 147 195 2 179 16 141 125 134 34 80 58 36 140 122 53 98 38 124 0 70 39 78 191 79 37 23 6 151 199 160 125 88 35 193 23 155 33 48 106 114 72 60 84 189 6 199 92 137 19 121 123 25 84 5 92 78 38 63 107 62 106 114 94 191 177 119 53 23 101 140 138 49 190 159 85 46 147 129 64 138 130 121 131 4 146 106 100 166 196 160 93 131 18 29 34 128 94 179 76 189 96 156 123 179 95 177 21 162 123 93 193 147 0 23 16 153 157 184 38 165 197 63 80 160 149 148 35 151 48 163 61 94 179 141 157 59 177 171 50 4 104 85 98 104 5 193 59 127 59 64 48 179 65 110 14 190 47 19 107 150 38 8 137 97 41 18 21 176 17 170 2 54 107 120 13 33 81 102 161 94 19 14 95 95 3 31 18 47 119 180 100 99 152 171 12 35 46 19 11 85 113 67 50 90 19 87 57 189 72 30 60 160 195 120 189 124 81 197 85 154 101 135 10 155 65 31 81 174 15 17 48 156 135 38 196 0 145 138 34 10 126 134 126 190 125 152 86 178 124 65 24 54 21 127 92 14 193 95 166 18 19 173 134 71 134 145 148 48 45 118 71 140 134 118 56 120 68 110 143 180 104 186 34 67 67 179 196 126 144 113 29 157 20 155 58 133 28 36 156 148 115 79 118 36 138 104 36 60 134 113 80 194 46 88 38 184 2 169 150 197 185 89 124 63 151 95 183 77 115 137 88 152 138 159 153 28 113 144 121 61 29 117 130 38 158 36 170 181 149 95 57 41 134 167 62 33 180 114 39 58 59 174 155 66 75 48 35 79 116 46 31 190 162 129 54 110 21 161 160 16 159 195 109 80 47 46 82 177 189 76 197 23 182 29 93 42 88 166 194 23 67 8 103 109 68 78 95 64 64 115 143 156 84 113 102 113 103 153 138 20 198 57 125 5 65 130 12 55 54 9 112 43 81 181 5 45 70 49 162 83 52 110 30 150 124 192 42 106 102 35 156 73 23 171 138 80 107 78 96 35 4 174 88 180 27 109 147 48 116 190 91 82 121 182 152 140 3 162 176 127 197 95 5 96 1 68 148 78 82 193 28 150 12 22 80 158 95 170 171 17 108 101 70 125 1 175 176 17 60 162 164 132 82 121 19 89 166 16 42 61 131 52 174 190 151 175 195 116 192 187 4 8 75 168 146 75 58 107 140 170 187 106 94 85 145 156 172 25 3 108 24 108 195 97 3 40 94 133 20 36 167 103 156 4 151 99 35 0 178 142 19 190 125 150 153 197 95 90 41 177 116 5 124 118 133 16 71 80 159 69 164 80 124 190 119 120 122 84 184 89 151 179 158 97 177 58 193 181 134 126 41 53 24 174 148 73 142 22 98 140 92 148 130 26 109 189 101 106 127 161 115 126 135 3 170 52 95 110 9 106 179 52 29 195 147 73 102 113 195 127 55 77 69 197 104 116 71 134 179 58 101 114 193 94 89 162 92 194 191 85 121 113 37 116 124 41 130 30 14 134 103 185 173 13 1 98 51 67 12 37 111 153 148 6 77 197 117 176 77 198 158 125 185 177 178 197 124 129 47 192 58 62 133 93 134 184 74 30 156 147 182 148 13 105 117 144 115 175 20 176 94 104 8 84 165 158 82 52 115 39 110 145 46 122 190 73 18 171 191 52 111 87 97 167 51 27 90 162 52 66 25 14 149 5 168 127 158 132 111 68 76 68 156 65 172 50 81 3 86 120 63 82 120 104 18 105 49 100 102 36
295
0 0 0 0 0 0 0 0 0 0 0 0 0 0 0 0 0 0 0 0 0 0 0 0 0 0 0 0 0 0 0 0 0 0 0 0 0 0 0 0 0 0 0 0 0 0 0 0 0 0 0 0 0 0 0 0 0 0 0 0 0 0 0 0 0 0 0 0 0 0 0 0 0 0 0 0 0 0 0 0 0 0 0 0 0 0 0 0 0 0 0 0 0 0 0 0 0 0 0 0 0 0 0 0 0 0 0 0 0 0 0 0 0 0 0 0 0 0 0 0 0 0 0 0 0 0 0 0 0 0 0 0 0 0 0 0 0 0 0 0 0 0 0 0 0 0 0 0 0 0 0 0 0 0 0 0 0 0 0 0 0 0 0 0 0 0 0 0 0 0 0 0 0 0 0 0 0 0 0 0 0 0 0 0 0 0 0 0 0 0 0 0 0 0 0 0 0 0 0 0 0 0 0 0 0 0 0 0 0 0 0 0 0 0 0 0 0 0 0 0 0 0 0 0 0 0 0 0 0 0 0 0 0 0 0 0 0 0 0 0 0 0 0 0 0 0 0 0 0 0 0 0 0 0 0 0 0 0 0 0 0 0 0 0 0 0 0 0 0 0 0 0 0 0 0 0 0 0 0 0 0 0 0 0 0 0 0 0 0 0 0 0 0 0 0
851
160 16 3 19 12 2 7 20 20 19 8 160 18 9 3 19 12 175 3 17 155 15 12 9 12 0 9 173 16 13 152 20 17 8 15 18 18 18 16 7 6 9 176 181 3 6 163 6 7 14 167 3 12 11 9 10 196 7 17 5 13 18 14 17 6 9 1 10 20 17 193 11 1 20 7 3 166 6 12 3 12 1 17 178 6 17 2 16 9 12 169 151 15 20 11 19 190 19 0 9 17 16 12 175 192 1 151 6 195 15 7 3 2 18 20 8 10 171 15 20 16 17 18 160 9 160 17 1 12 15 13 7 17 18 20 0 10 15 20 0 14 20 7 179 194 173 154 15 5 17 1 180 3 0 17 9 159 5 6 0 2 4 20 18 150 13 19 0 10 20 11 162 11 5 18 1 195 184 184 14 3 170 10 12 20 11 6 3 9 17 8 19 19 5 20 10 2 17 1 188 197 8 161 16 19 157 17 8 198 15 7 15 13 3 8 174 11 6 154 12 194 9 12 19 7 15 7 179 176 8 12 9 16 1 6 151 0 0 2 20 4 8 20 19 167 4 193 2 19 4 0 9 9 153 190 162 156 4 8 7 11 13 18 1 14 194 10 6 18 12 12 8 12 16 15 8 11 194 2 177 155 13 6 0 3 18 2 14 5 198 16 19 2 11 19 4 7 5 0 7 1 18 173 19 1 14 167 18 14 16 6 4 165 15 17 17 5 12 11 168 0 190 165 18 0 19 19 4 13 13 5 3 171 6 185 161 4 8 3 185 13 9 20 177 16 13 186 13 185 11 18 1 12 11 1 12 3 17 10 200 6 9 5 14 18 16 164 14 184 2 182 4 6 1 191 193 12 16 162 9 191 8 12 176 8 11 9 6 169 4 20 19 2 10 158 13 2 7 1 190 16 185 2 20 1 3 8 15 20 164 173 12 5 8 172 14 15 200 194 9 18 200 1 11 16 8 14 0 20 174 7 19 4 11 8 19 20 8 0 7 6 162 17 12 11 11 3 196 2 20 10 1 186 17 7 18 17 15 16 188 192 162 2 12 17 184 17 156 168 9 2 194 6 15 4 174 15 15 9 19 2 4 190 3 3 5 7 8 4 163 185 12 19 165 162 18 179 199 20 19 158 12 11 4 7 8 14 6 10 9 177 162 16 13 180 16 1 5 20 15 15 176 16 16 177 3 1 193 10 14 19 6 8 162 2 8 7 3 9 185 14 20 1 13 186 16 11 9 183 12 6 5 20 13 16 17 13 13 9 15 18 9 13 7 18 14 18 17 14 1 8 20 7 16 12 14 7 19 16 5 20 163 8 7 13 20 4 159 172 5 14 5 6 2 4 173 7 16 189 19 160 16 6 17 2 170 6 18 14 17 14 1 13 10 14 19 5 5 194 189 1 6 13 4 183 5 2 196 164 16 20 13 10 17 0 174 6 7 6 16 16 159 9 1 8 8 9 13 16 16 11 6 5 13 13 161 153 9 17 13 16 20 4 2 5 3 12 12 20 4 152 17 15 177 12 19 7 2 174 12 156 5 20 5 4 19 169 0 20 17 16 16 9 9 12 170 15 8 2 6 1 168 12 3 14 3 16 1 1 2 173 163 159 19 1 191 16 12 2 20 0 16 163 4 7 177 1 15 9 2 179 13 180 14 2 13 13 152 16 1 6 5 15 18 171 8 155 16 14 14 2 172 16 12 1 1 12 10 1 15 161 164 150 13 17 1 193 14 186 14 5 3 6 3 8 17 9 11 17 5 15 172 10 6 3 5 19 163 19 198 18 19 4 0 13 159 7 8 15 8 1 191 15 4 14 9 3 20 7 17 14 168 189 150 16 6 19 191 18 11 20 6 3 10 165 9 13 11 15 13 16 16 7 16 178 16 19 1 6 14 9 154 11 4 4 15 8 2 8 17 6
410
10 4 16 9 13 14 2 16 1 3 6 0 3 17 5 0 2 16 4 5 14 1 13 16 7 7 18 17 5 5 9 17 0 2 6 19 9 5 14 9 11 17 9 7 13 11 16 18 8 19 6 13 19 18 4 20 15 1 16 3 4 4 13 13 3 12 10 3 17 8 15 16 3 9 19 15 17 15 14 2 12 20 7 6 0 5 6 20 15 6 1 2 1 1 18 0 5 20 7 8 16 16 17 14 2 3 11 18 4 9 11 16 8 4 1 3 15 2 20 6 20 6 10 4 13 5 8 7 5 3 11 13 9 20 11 1 4 10 6 17 15 17 17 18 2 15 19 9 7 13 20 5 17 2 11 15 16 12 8 19 6 17 12 20 3 2 6 16 18 10 0 6 17 8 15 8 11 15 19 11 7 5 0 2 0 14 16 15 19 14 15 12 1 9 2 11 8 16 2 13 18 6 11 0 12 18 16 11 1 16 20 19 12 11 13 2 12 6 3 4 18 17 4 0 7 6 14 18 7 13 17 2 8 16 16 7 4 10 2 5 6 2 12 3 2 5 4 14 9 16 11 18 14 0 14 9 1 3 20 0 17 17 9 11 0 5 1 20 8 6 7 20 8 12 13 17 20 11 17 5 8 0 1 11 16 7 18 16 3 8 6 17 4 2 10 20 19 0 13 11 11 2 14 14 14 2 19 11 20 19 15 7 4 8 19 8 3 16 10 17 11 10 16 10 1 16 0 11 3 12 1 7 5 7 11 9 5 1 15 20 13 2 9 1 17 20 16 7 14 10 8 15 10 12 12 9 17 10 17 2 9 9 14 20 15 16 6 14 14 3 14 16 17 14 15 0 20 7 1 4 10 13 7 12 2 2 8 10 0 14 12 3 17 18 2 17 14 17 2 7 1 8 6 14 2 3 20 2 6 10
538
200 200 200 200 200 200 200 200 200 200 200 200 200 200 200 200 200 200 200 200 200 200 200 200 200 200 200 200 200 200 200 200 200 200 200 200 200 200 200 200 200 200 200 200 200 200 200 200 200 200 200 200 200 200 200 200 200 200 200 200 200 200 200 200 200 200 200 200 200 200 200 200 200 200 200 200 200 200 200 200 200 200 200 200 200 200 200 200 200 200 200 200 200 200 200 200 200 200 200 200 200 200 200 200 200 200 200 200 200 200 200 200 200 200 200 200 200 200 200 200 200 200 200 200 200 200 200 200 200 200 200 200 200 200 200 200 200 200 200 200 200 200 200 200 200 200 200 200 200 200 200 200 200 200 200 200 200 200 200 200 200 200 200 200 200 200 200 200 200 200 200 200 200 200 200 200 200 200 200 200 200 200 200 200 200 200 200 200 200 200 200 200 200 200 200 200 200 200 200 200 200 200 200 200 200 200 200 200 200 200 200 200 200 200 200 200 200 200 200 200 200 200 200 200 200 200 200 200 200 200 200 200 200 200 200 200 200 200 200 200 200 200 200 200 200 200 200 200 200 200 200 200 200 200 200 200 200 200 200 200 200 200 200 200 200 200 200 200 200 200 200 200 200 200 200 200 200 200 200 200 200 200 200 200 200 200 200 200 200 200 200 200 200 200 200 200 200 200 200 200 200 200 200 200 200 200 200 200 200 200 200 200 200 200 200 200 200 200 200 200 200 200 200 200 200 200 200 200 200 200 200 200 200 200 200 200 200 200 200 200 200 200 200 200 200 200 200 200 200 200 200 200 200 200 200 200 200 200 200 200 200 200 200 200 200 200 200 200 200 200 200 200 200 200 200 200 200 200 200 200 200 200 200 200 200 200 200 200 200 200 200 200 200 200 200 200 200 200 200 200 200 200 200 200 200 200 200 200 200 200 200 200 200 200 200 200 200 200 200 200 200 200 200 200 200 200 200 200 200 200 200 200 200 200 200 200 200 200 200 200 200 200 200 200 200 200 200 200 200 200 200 200 200 200 200 200 200 200 200 200 200 200 200 200 200 200 200 200 200 200 200 200 200 200 200 200 200 200 200 200 200 200 200 200 200 200 200 200 200 200 200 200 200 200 200 200 200 200 200 200 200 200 200 200 200 200 200 200 200 200 200 200 200 200 200 200 200 200 200 200 200 200 200 200 200 200 200 200 200 200 200 200 200 200 200 200 200 200
476
0 200 55 101 116 107 90 105 73 105 58 107 52 91 94 106 106 55 87 91 58 84 95 100 120 87 112 65 60 75 120 62 99 68 112 105 86 111 112 94 54 112 55 70 98 107 103 104 88 99 51 83 92 100 114 93 100 66 83 58 100 108 75 79 97 54 90 105 75 74 94 56 94 53 92 66 64 95 107 75 72 78 120 90 102 81 52 82 70 110 54 111 97 110 64 59 74 88 86 81 95 87 117 113 60 111 86 59 86 87 52 80 68 75 71 72 92 56 74 60 81 69 95 118 86 83 117 64 79 112 92 67 56 115 110 99 95 109 56 109 89 113 106 50 65 118 55 89 57 97 50 110 59 75 100 104 53 70 84 103 76 104 90 118 77 94 73 110 81 102 60 102 102 117 95 67 81 56 53 108 76 101 111 66 75 81 72 61 70 94 73 83 64 83 57 88 87 64 57 73 115 100 71 95 105 63 67 107 117 72 88 70 59 100 98 74 52 61 50 119 55 113 66 66 101 79 55 84 120 93 87 74 66 81 77 103 94 104 83 102 82 105 89 59 108 54 118 62 55 99 73 107 55 103 76 69 113 96 58 50 51 92 60 105 69 55 82 59 80 95 52 80 120 101 61 76 104 94 113 102 105 79 53 89 78 98 107 83 88 72 114 63 71 86 112 87 70 74 61 76 50 64 105 90 114 54 59 52 75 116 58 53 64 58 97 116 72 71 109 71 115 109 102 57 96 57 99 67 57 115 51 76 61 112 85 99 95 65 71 97 86 113 110 102 73 62 88 105 116 72 102 76 97 87 100 113 54 59 81 82 119 104 70 112 106 99 108 67 98 77 114 110 58 115 62 68 71 102 91 113 114 116 54 52 83 61 111 75 101 52 114 53 68 61 102 104 114 78 104 88 85 63 69 85 50 77 105 73 101 63 109 98 76 99 91 63 97 61 74 101 79 103 61 86 77 95 97 105 52 97 104 80 114 78 95 73 55 79 66 77 58 111 111 106 119 57 75 115 58 69 96 97 80 94 87 52 104 72 62 70 77 68 90 120 113 108 60 97 55 120 63 91 61 67 61 200
456
0 0 0 0 0 0 0 0 0 0 0 0 0 0 0 0 0 0 0 0 0 0 0 0 0 0 0 0 0 0 0 0 0 0 0 0 0 0 0 0 0 0 0 0 0 0 0 0 0 0 0 0 0 0 0 0 0 0 0 0 0 0 0 0 0 0 0 0 0 0 0 0 0 0 0 0 0 0 0 0 0 0 0 0 0 0 0 0 0 0 0 0 0 0 0 0 0 0 0 0 0 0 0 0 0 0 0 0 0 0 0 0 0 0 0 0 0 0 0 0 0 0 0 0 0 0 0 0 0 0 0 0 0 0 0 0 0 0 0 0 0 0 0 0 0 0 0 0 0 0 0 0 0 0 0 0 0 0 0 0 0 0 0 0 0 0 0 0 0 0 0 0 0 0 0 0 0 0 0 0 0 0 0 0 0 0 0 0 0 0 0 0 0 0 0 0 0 0 0 0 0 0 0 0 0 0 0 0 0 0 0 0 0 0 0 0 0 0 0 0 0 0 0 0 0 0 0 0 0 0 0 0 0 0 0 0 0 0 0 0 0 0 0 0 0 0 0 0 0 0 0 0 0 0 0 0 0 0 0 0 0 0 0 0 0 0 0 0 0 0 0 0 0 0 0 0 0 0 0 0 0 0 0 0 0 0 0 0 0 0 0 0 0 0 0 0 0 0 0 0 0 0 0 0 0 0 0 0 0 0 0 0 0 0 0 0 0 0 0 0 0 0 0 0 0 0 0 0 0 0 0 0 0 0 0 0 0 0 0 0 0 0 0 0 0 0 0 0 0 0 0 0 0 0 0 0 0 0 0 0 0 0 0 0 0 0 0 0 0 0 0 0 0 0 0 0 0 0 0 0 0 0 0 0 0 0 0 0 0 0 0 0 0 0 0 0 0 0 0 0 0 0 0 0 0 0 0 0 0 0 0 0 0 0 0 0 0 0 0 0 0 0 0 0 0 0 0 0 0 0 0 0 0 0 0 0 0 0 0 0 0 0 0 0 0 0 0 0 0 0 0 0 0 0 0 0
42
0 0 0 0 0 0 0 0 0 0 0 0 0 0 0 0 0 0 0 0 0 0 0 0 0 0 0 0 0 0 0 0 0 0 0 0 0 0 0 0 0 0
462
75 138 156 138 156 22 199 22 199 75 199 156 199 22 156 156 156 22 75 22 138 22 199 22 199 156 199 156 199 22 199 156 199 75 138 138 199 138 138 156 138 156 138 199 22 75 199 199 75 199 138 22 156 199 22 156 75 138 156 199 22 138 199 75 22 156 156 199 199 156 75 75 138 156 22 199 22 156 75 156 199 199 22 199 22 199 138 199 75 199 199 138 199 199 199 199 22 156 156 75 75 156 199 138 138 75 75 138 75 22 75 138 156 75 199 156 22 138 75 75 75 199 156 156 22 22 75 75 75 75 22 156 199 199 199 199 22 75 22 138 156 138 199 75 75 156 22 138 199 156 75 199 199 138 22 22 156 199 22 75 75 22 199 75 138 22 75 22 156 199 156 75 75 138 138 156 22 156 156 199 199 199 22 199 156 138 138 138 138 156 22 156 156 156 22 138 22 138 156 199 156 22 22 199 156 199 22 199 138 199 22 75 22 75 156 22 75 138 138 199 199 22 22 156 22 75 22 156 138 138 138 156 22 156 75 22 199 199 138 22 138 22 22 75 22 199 199 156 199 22 156 22 138 75 22 138 156 22 156 22 75 22 138 22 138 156 199 75 22 138 156 22 22 156 156 156 22 138 22 156 138 156 199 199 138 156 138 199 156 156 138 199 156 156 22 199 138 199 138 199 199 156 156 156 22 22 75 22 199 22 75 22 199 138 22 75 75 138 199 75 75 138 199 22 138 199 138 156 75 156 75 22 138 22 138 22 199 75 22 138 22 199 75 199 199 156 22 156 199 75 199 138 75 138 75 22 156 156 199 75 22 156 199 199 75 75 138 199 75 75 22 75 75 199 138 22 75 75 156 199 199 75 138 75 22 22 22 156 22 22 156 22 199 22 22 199 138 199 138 156 75 22 138 75 22 75 138 75 199 22 138 199 199 22 156 199 75 156 75 199 199 199 138 156 75 75 199 22 138 75 156 75 75 138 22 22 199 22 156 75 199 138 75 138 138 199 199 75 75 199 75 75 138 138 75 22 75 156 156 22 199 156
879
0 200 54 113 75 63 85 58 69 72 82 98 60 96 87 96 102 113 55 79 57 64 120 73 104 54 78 59 72 71 106 78 108 66 54 66 89 72 82 78 109 79 111 55 75 70 110 65 113 95 85 60 103 87 106 106 112 91 100 117 114 115 103 75 65 105 94 112 87 53 65 67 117 111 100 53 77 76 61 69 52 99 55 89 120 80 74 64 111 91 73 95 55 103 108 69 93 60 117 58 96 89 94 65 61 88 116 65 107 87 68 55 94 55 113 73 73 51 78 112 63 88 79 87 109 71 62 78 93 55 93 63 61 104 56 99 59 111 109 53 98 105 110 73 100 111 92 112 94 102 105 67 96 69 54 112 117 88 73 82 93 119 50 69 77 88 106 97 95 79 110 80 111 52 104 99 110 119 106 63 116 66 68 104 78 107 72 82 110 82 51 95 86 57 110 108 87 71 62 79 94 69 104 74 51 51 114 73 78 111 74 106 71 68 61 67 88 76 76 97 104 119 82 82 100 111 82 89 90 66 66 83 94 83 90 56 55 81 57 75 52 97 72 73 69 71 68 65 77 75 80 70 52 96 61 114 57 70 56 60 59 87 76 111 51 77 103 104 120 107 54 74 72 50 115 99 118 75 84 102 96 63 120 86 98 73 118 85 113 91 108 84 64 66 68 61 116 86 63 63 88 71 58 115 107 77 93 102 69 88 52 116 66 99 111 101 68 50 109 109 53 86 86 68 59 90 107 63 104 50 85 90 60 92 71 100 79 105 115 81 84 113 92 50 65 118 55 88 94 54 52 111 61 67 80 70 88 115 93 76 70 59 57 63 118 119 82 101 116 52 80 81 98 75 89 62 81 51 67 50 90 115 88 88 67 56 113 107 107 110 73 74 107 103 118 75 117 54 99 115 54 108 106 82 120 88 98 88 113 60 66 81 58 98 79 73 65 79 78 67 109 97 59 71 73 81 51 77 64 98 91 89 51 90 95 57 54 73 86 71 80 58 65 72 110 63 65 102 109 113 79 54 98 52 80 78 65 67 112 68 70 51 97 73 120 75 70 72 110 93 61 77 112 73 100 79 81 83 98 97 70 104 53 57 101 115 119 80 90 96 59 62 73 115 63 85 63 102 80 109 120 60 68 111 93 118 51 66 112 53 53 107 66 71 61 94 97 95 59 95 92 118 60 117 78 117 88 88 115 116 119 96 59 110 64 79 98 93 84 104 71 81 55 110 60 88 81 89 54 91 71 90 87 74 70 113 64 111 84 57 96 97 52 98 80 54 61 107 82 90 78 82 81 54 80 109 114 78 69 91 58 102 71 119 84 80 66 89 92 113 92 50 83 53 62 73 96 99 82 68 69 95 66 55 75 112 109 66 104 55 79 87 70 120 59 112 88 82 95 95 117 103 91 104 64 109 94 120 114 80 63 66 73 88 67 96 92 73 68 93 92 86 116 114 71 88 103 95 101 108 76 108 54 57 83 119 108 87 76 95 53 119 106 72 87 100 100 116 116 51 75 83 97 88 53 79 63 82 75 74 66 56 76 83 72 74 50 54 61 61 95 58 105 79 107 67 116 91 112 85 102 112 74 105 91 117 69 101 112 82 90 73 94 82 56 64 100 54 95 62 116 69 88 62 64 55 89 97 112 94 76 97 67 69 108 63 86 101 79 87 96 92 57 111 65 69 113 54 104 66 118 70 51 76 56 75 58 75 58 55 56 54 73 109 54 99 85 60 74 64 57 85 64 97 84 72 52 60 100 80 56 80 51 56 76 50 61 80 75 71 113 108 69 51 89 112 99 88 55 61 53 119 98 75 53 87 111 111 84 117 88 92 50 101 113 61 107 63 64 50 51 70 59 65 94 77 61 56 89 120 74 105 82 62 92 97 71 62 93 64 113 58 101 108 104 52 54 89 92 84 62 114 100 99 112 85 110 59 118 89 80 81 67 73 103 88 79 61 103 93 55 53 115 93 111 60 111 102 200
363
0 200 60 77 52 73 93 56 106 100 54 79 50 85 87 114 56 100 101 89 97 84 70 101 107 68 108 66 79 67 79 62 71 63 69 114 90 85 92 73 68 92 59 91 66 70 72 104 71 100 92 67 116 88 92 85 102 101 79 66 95 114 111 105 116 100 65 114 115 77 89 104 90 61 58 99 84 76 76 60 67 86 118 91 106 62 98 67 72 110 95 55 83 108 58 98 74 74 108 109 101 104 73 92 79 73 113 67 80 118 61 70 67 84 117 58 94 85 117 85 67 70 55 84 69 68 116 84 92 105 115 83 98 116 91 99 90 88 113 68 73 87 69 114 93 80 92 117 79 108 109 68 80 101 86 110 120 81 79 113 116 56 50 97 82 113 69 97 94 111 118 69 59 103 103 69 120 53 110 100 82 92 96 105 50 100 89 54 83 86 88 117 50 60 74 102 74 110 119 98 67 91 119 93 111 58 111 84 75 102 53 73 64 61 56 60 62 112 79 100 70 91 102 80 60 65 76 79 107 85 109 80 53 94 120 92 104 104 119 102 83 109 81 102 76 111 50 57 59 67 95 118 67 74 75 112 95 84 84 117 67 85 62 52 67 83 76 86 65 116 64 104 118 90 78 112 89 86 84 85 99 87 50 108 79 62 61 70 68 53 64 112 115 52 89 67 79 108 61 89 69 57 78 86 79 93 80 67 117 74 110 97 65 101 100 108 90 83 109 60 106 109 106 85 75 110 71 67 106 72 119 98 70 102 95 79 112 66 113 53 111 114 77 52 86 52 86 118 55 114 102 75 58 84 110 109 80 74 51 52 104 68 200
372
101 108 96 148 58 200 195 163 176 26 168 148 111 134 103 146 14 158 39 122 89 48 110 175 14 61 128 120 190 137 92 49 103 76 115 189 120 87 34 49 199 15 99 184 137 48 113 197 100 41 78 41 29 72 184 111 193 130 81 37 198 69 194 9 83 119 37 88 102 40 43 194 135 17 158 160 157 184 153 13 183 52 81 95 169 114 6 116 20 168 17 119 128 197 76 64 154 69 98 30 59 166 185 77 179 95 4 161 51 96 62 106 192 16 23 27 173 102 151 73 95 100 46 138 72 36 161 115 115 17 193 0 191 76 103 43 137 132 84 97 14 116 98 113 164 4 65 131 7 46 163 144 112 89 178 128 152 167 179 17 74 143 39 123 58 121 117 47 182 81 72 73 65 59 75 62 26 53 135 196 152 188 118 109 42 181 184 176 151 183 151 188 69 89 126 151 195 57 156 144 127 148 167 180 21 11 12 41 27 87 9 171 55 29 29 89 70 164 182 2 72 91 47 107 46 72 148 141 48 46 182 191 188 109 158 156 118 121 60 146 40 165 11 19 25 132 88 30 166 179 16 143 128 98 34 101 101 23 134 151 18 103 105 164 35 84 44 40 78 32 191 80 116 98 174 76 6 172 156 3 155 49 91 88 62 80 71 109 93 42 178 122 140 134 7 194 66 62 197 28 111 113 72 79 179 44 81 181 132 197 167 73 7 136 170 7 192 177 35 120 184 88 166 24 169 124 152 70 195 20 138 4 179 191 24 108 7 129 93 85 164 86 160 98 15 7 30 47 113 112 130 29 40 145 173 103 77 183 123 148 91 93 74 73 106 144 64 60 54 143 64 168
311
78 16 78 78 16 16 174 174 16 16 174 174 16 174 16 78 78 78 78 174 78 78 78 174 174 174 16 174 16 174 174 174 16 16 174 16 16 78 16 78 174 16 78 78 16 78 16 16 16 78 16 174 16 78 174 78 16 174 174 174 174 174 174 16 174 78 174 16 78 174 16 16 16 16 174 174 16 78 78 16 78 16 174 16 16 16 174 16 78 78 16 174 16 174 16 174 174 78 174 174 174 174 78 16 174 16 78 174 16 174 174 174 78 174 78 78 78 16 16 174 78 174 174 16 78 16 174 78 16 174 78 78 78 174 174 78 174 16 16 174 174 16 78 174 174 78 78 174 16 174 78 78 78 78 78 174 16 78 16 16 78 174 16 16 174 16 174 16 174 78 174 78 16 174 16 16 16 174 16 78 16 174 174 16 174 78 174 16 78 78 174 16 16 78 78 174 78 174 16 16 16 16 78 78 174 16 16 16 78 78 174 78 78 174 174 78 174 16 16 174 78 174 78 174 78 78 174 174 16 78 16 78 16 16 78 174 174 78 16 78 16 78 174 78 174 78 16 16 174 78 174 16 16 78 78 16 78 78 78 78 78 174 78 174 174 174 16 16 174 174 174 16 174 78 78 174 16 78 78 78 16 16 16 78 174 174 16 16 174 16 174 174 78 174 78 174 78 174 78 16 16 78 16 174 78 174 16 174 174 78 78
363
18 19 15 15 19 9 9 18 10 17 1 5 14 19 7 2 19 0 11 2 5 16 18 9 4 3 11 13 0 8 3 9 9 12 20 6 10 14 13 2 18 3 18 10 12 14 17 12 16 2 16 20 19 19 1 10 6 20 20 0 14 16 0 19 11 12 19 4 4 8 9 6 15 18 13 3 9 1 9 20 12 18 6 6 1 15 20 12 15 11 15 16 5 12 2 15 17 17 10 11 19 18 10 14 0 8 11 7 18 10 15 19 17 18 0 6 6 12 0 6 13 12 10 11 1 7 18 10 14 0 10 13 5 2 2 7 2 11 15 14 7 3 19 8 12 2 20 9 8 9 10 9 15 9 14 19 5 1 19 8 13 11 8 8 14 3 1 10 3 20 6 9 5 4 0 20 19 9 17 4 4 7 7 8 14 15 20 14 13 8 14 15 19 11 3 8 0 4 10 2 11 11 7 5 20 17 12 6 16 13 14 1 2 3 15 0 16 5 19 17 20 4 13 10 2 5 16 9 7 14 0 6 5 4 16 2 16 13 0 7 20 1 10 14 2 8 8 14 19 13 5 1 6 6 14 13 2 4 5 10 9 6 15 8 0 19 16 5 11 13 0 5 20 3 7 8 13 8 6 4 12 0 4 6 9 18 18 8 13 18 17 11 6 16 8 5 3 14 4 7 12 15 18 20 17 15 19 16 6 13 3 3 7 14 6 13 15 2 13 17 5 14 8 15 11 0 5 5 10 11 3 4 12 17 12 16 19 3 4 13 0 11 8 2 13 10 2 19 8 5 17 20 11 15 4 18 16 14 19 13 8 10 5
359
53 178 53 53 142 142 53 142 142 53 53 171 178 142 171 178 171 178 171 178 53 178 178 171 178 171 171 142 142 53 178 142 178 53 171 142 178 178 53 53 171 53 171 171 53 178 178 171 53 53 53 142 178 53 142 171 178 171 178 142 142 178 171 171 171 53 142 178 53 142 171 171 171 53 171 171 171 171 53 171 171 178 171 53 53 53 142 142 178 53 53 142 171 53 178 171 142 178 171 53 178 142 178 178 142 171 178 171 171 178 171 178 178 142 142 53 142 53 142 178 53 53 178 53 178 178 171 53 53 53 142 171 178 142 53 171 178 171 53 142 178 171 171 178 171 142 171 142 178 178 53 171 178 142 142 178 178 53 53 142 53 178 171 171 53 178 142 142 53 53 178 171 171 171 171 53 53 142 53 142 171 142 142 142 53 53 178 171 53 178 178 53 171 53 142 171 171 171 53 53 53 53 178 178 178 142 142 142 53 171 53 53 53 178 53 171 53 171 171 171 53 53 53 171 178 53 142 53 178 171 178 142 53 142 171 178 142 142 142 178 171 178 142 53 142 171 171 178 178 178 178 142 142 142 178 53 178 171 178 142 171 178 53 142 53 142 142 178 178 142 178 142 171 171 53 178 171 142 142 171 178 178 178 142 171 53 171 171 142 171 142 171 171 171 171 178 171 142 178 178 142 142 142 53 53 142 178 53 142 178 171 171 53 178 142 171 142 178 142 178 142 171 142 53 53 53 178 142 178 142 178 178 178 142 171 53 171 171 171 178 53 171 142 53 142 178 171 171 53 178 178 178 178 178 171 178 53 142 178
739
2 17 8 2 11 14 16 4 19 5 9 4 3 13 9 14 14 2 11 16 2 9 5 10 12 9 2 14 1 4 9 15 1 2 14 7 18 14 12 4 14 12 2 8 2 12 1 5 16 18 18 1 8 10 14 5 1 18 6 10 19 9 10 13 19 20 8 18 9 6 11 10 19 14 20 5 5 12 10 12 0 5 2 9 15 2 15 18 17 3 13 19 6 15 2 2 11 5 0 11 20 1 17 20 13 8 5 10 6 6 3 14 1 3 4 20 1 14 18 4 1 5 14 5 13 20 5 7 11 14 1 1 11 6 13 17 16 1 13 20 2 11 10 3 6 14 16 11 17 15 8 9 1 20 12 20 20 14 5 10 3 14 20 18 15 4 13 12 10 12 5 18 9 2 19 6 18 20 0 12 5 9 9 16 14 16 2 20 3 12 2 7 16 18 6 0 3 4 1 14 16 10 6 9 15 14 4 3 17 8 0 16 8 5 17 19 18 11 15 4 4 0 7 6 16 12 3 14 6 16 19 17 16 7 11 11 0 10 2 20 1 0 13 4 8 13 15 6 15 1 12 12 8 1 8 4 19 14 20 17 9 7 0 17 1 8 2 13 13 5 1 19 7 2 14 15 19 13 19 6 7 1 10 12 7 12 20 15 2 7 20 8 19 15 10 11 1 0 8 7 17 11 8 15 0 2 11 17 2 11 8 12 15 1 8 6 19 0 13 20 4 10 12 15 15 11 18 20 15 9 2 20 15 6 11 8 3 14 12 20 20 0 2 5 19 18 3 10 8 0 6 11 15 10 16 19 13 3 3 2 8 5 8 11 18 19 9 18 20 19 15 14 6 14 10 19 2 10 2 11 17 19 10 14 0 12 14 20 13 14 18 7 12 10 17 6 15 18 19 17 19 19 15 17 20 7 15 2 0 10 3 1 17 13 2 14 2 10 5 1 6 12 11 18 6 7 20 4 19 3 15 0 17 7 17 15 15 12 1 6 13 1 2 20 19 2 0 19 12 11 1 14 7 19 3 14 5 10 0 17 9 2 17 2 6 0 19 0 5 17 10 17 4 4 3 0 7 17 0 2 5 9 0 2 7 19 9 19 11 11 3 7 14 16 18 12 16 18 12 12 16 16 8 8 17 15 1 17 20 18 18 11 7 11 15 6 14 6 3 7 11 10 3 12 5 16 2 1 20 16 15 19 16 18 17 2 5 17 0 2 2 2 1 0 20 5 3 20 14 14 7 17 7 4 12 6 20 4 13 12 2 7 3 11 1 12 7 15 6 8 19 18 16 14 11 9 18 12 15 7 16 13 17 12 20 2 12 0 17 18 10 8 19 10 14 6 1 6 6 6 15 10 8 10 8 17 4 10 0 2 16 16 8 14 0 11 13 20 7 0 16 18 18 9 8 5 17 9 15 3 1 14 13 13 15 5 3 1 16 15 4 8 17 6 17 1 1 0 11 11 4 11 3 14 3 9 13 20 4 4 16 9 5 18 15 19 3 7 3 8 2 5 11 0 13 19 6 14 15 1 11 5 13 16 11 8 4 13 20 15 3 6 20 11 11 6 11 4 19 19 19 10 5 4 13 18 8 20 3 4 9 12 11 20 1 10 0 15 10 4 0 14 15 18 13 11 18 10 17 16 3 1 12 3 16 20 16 5 13
32
3 2 15 2 18 6 4 17 1 20 4 10 5 14 18 14 4 6 6 19 8 7 17 2 7 5 8 4 0 3 17 3
943
0 200 89 64 50 107 52 114 86 63 54 94 105 56 109 74 115 113 112 92 74 111 102 79 52 110 50 73 114 102 119 99 91 113 64 66 56 99 98 82 76 69 78 112 114 120 88 81 66 111 68 103 63 50 60 104 51 120 114 116 115 95 73 118 50 53 73 64 100 113 99 69 110 70 54 109 64 105 95 57 112 92 74 93 67 81 89 61 76 51 61 94 113 117 101 94 60 71 111 90 106 86 74 82 116 118 89 117 119 108 70 100 53 66 77 81 84 113 97 93 99 69 91 118 107 108 90 118 75 89 93 103 77 69 78 92 117 57 74 98 94 90 91 69 95 59 76 98 119 119 115 105 95 82 65 110 53 52 120 98 77 57 88 84 58 105 51 87 58 73 102 60 82 56 79 119 99 120 71 107 80 61 61 119 107 82 66 85 99 66 55 85 104 53 74 114 88 111 87 95 65 86 111 100 99 112 92 116 83 111 89 102 85 58 102 57 113 107 56 88 72 97 105 63 93 77 76 101 79 59 67 65 94 113 120 96 58 85 84 118 51 84 72 103 95 112 56 66 71 62 59 81 113 120 72 91 87 104 56 112 68 64 70 76 70 89 73 85 57 58 50 69 101 87 73 102 98 106 85 62 107 92 50 113 60 52 83 88 99 116 55 63 105 114 69 54 65 108 84 116 68 94 73 86 101 51 71 115 77 64 50 91 115 66 75 111 50 102 80 60 83 84 107 93 73 106 73 90 112 108 50 80 81 116 106 56 78 89 96 70 79 60 92 64 93 116 111 96 51 93 66 50 63 64 59 75 70 110 89 102 96 63 107 58 104 102 82 107 55 91 53 101 102 106 83 55 72 75 92 100 96 55 76 119 115 86 98 50 83 120 93 50 109 57 102 110 65 58 103 70 55 107 106 89 60 64 89 85 74 50 80 63 108 69 110 107 78 50 64 73 117 101 99 88 72 71 118 56 120 88 57 57 84 104 103 79 78 52 94 118 89 90 76 65 106 104 99 80 58 103 92 97 88 75 102 113 85 81 58 115 76 90 116 72 110 73 55 89 81 95 96 116 101 95 119 61 67 56 114 73 74 55 89 91 86 59 61 62 84 54 64 75 71 100 118 116 89 92 72 99 100 103 116 61 52 74 116 57 76 118 120 84 79 67 115 85 66 52 118 100 57 74 79 111 118 51 65 85 64 63 115 71 101 55 109 109 68 50 77 102 86 60 104 117 76 53 75 111 86 108 100 108 55 55 64 78 116 87 112 75 116 50 96 119 105 58 116 84 78 106 64 68 65 58 105 106 118 102 84 120 109 89 76 104 55 57 116 81 85 99 51 81 93 73 59 59 75 74 114 59 107 73 58 116 75 62 82 59 83 51 79 105 88 84 84 74 120 52 118 84 70 81 73 96 57 60 56 120 53 94 51 87 75 116 53 81 88 59 120 117 84 88 99 120 111 90 107 81 74 50 87 79 95 62 52 82 82 56 75 75 115 96 119 61 68 75 76 62 95 111 92 66 60 57 64 53 112 85 115 75 105 101 89 83 113 61 117 100 114 88 104 90 95 81 117 82 67 116 53 92 89 72 100 102 92 113 95 113 61 51 66 119 89 68 74 98 60 90 87 55 83 99 54 60 79 88 66 66 102 90 113 117 97 72 50 115 111 55 117 66 51 66 60 94 78 104 91 101 81 96 105 101 64 65 100 63 120 95 118 70 66 53 63 106 85 99 90 69 88 116 76 110 70 63 112 63 55 100 57 98 51 54 85 112 71 59 77 86 73 77 54 108 102 54 96 78 53 98 95 74 74 59 120 83 110 75 83 54 58 96 91 85 120 66 87 110 112 53 110 112 100 93 83 112 118 74 109 95 91 115 59 106 55 114 71 101 119 97 119 90 54 80 84 72 54 50 84 106 59 100 92 104 83 81 71 55 55 102 56 113 62 109 81 111 102 57 99 75 104 85 64 91 62 71 68 100 79 69 109 94 94 111 103 72 112 56 59 60 117 103 75 77 53 59 57 89 96 114 61 102 65 114 112 74 113 71 110 93 69 92 59 111 78 112 102 112 91 99 55 117 95 61 99 108 120 65 84 79 86 69 81 112 118 102 93 52 53 72 108 62 65 75 200
889
0 0 0 0 0 0 0 0 0 0 0 0 0 0 0 0 0 0 0 0 0 0 0 0 0 0 0 0 0 0 0 0 0 0 0 0 0 0 0 0 0 0 0 0 0 0 0 0 0 0 0 0 0 0 0 0 0 0 0 0 0 0 0 0 0 0 0 0 0 0 0 0 0 0 0 0 0 0 0 0 0 0 0 0 0 0 0 0 0 0 0 0 0 0 0 0 0 0 0 0 0 0 0 0 0 0 0 0 0 0 0 0 0 0 0 0 0 0 0 0 0 0 0 0 0 0 0 0 0 0 0 0 0 0 0 0 0 0 0 0 0 0 0 0 0 0 0 0 0 0 0 0 0 0 0 0 0 0 0 0 0 0 0 0 0 0 0 0 0 0 0 0 0 0 0 0 0 0 0 0 0 0 0 0 0 0 0 0 0 0 0 0 0 0 0 0 0 0 0 0 0 0 0 0 0 0 0 0 0 0 0 0 0 0 0 0 0 0 0 0 0 0 0 0 0 0 0 0 0 0 0 0 0 0 0 0 0 0 0 0 0 0 0 0 0 0 0 0 0 0 0 0 0 0 0 0 0 0 0 0 0 0 0 0 0 0 0 0 0 0 0 0 0 0 0 0 0 0 0 0 0 0 0 0 0 0 0 0 0 0 0 0 0 0 0 0 0 0 0 0 0 0 0 0 0 0 0 0 0 0 0 0 0 0 0 0 0 0 0 0 0 0 0 0 0 0 0 0 0 0 0 0 0 0 0 0 0 0 0 0 0 0 0 0 0 0 0 0 0 0 0 0 0 0 0 0 0 0 0 0 0 0 0 0 0 0 0 0 0 0 0 0 0 0 0 0 0 0 0 0 0 0 0 0 0 0 0 0 0 0 0 0 0 0 0 0 0 0 0 0 0 0 0 0 0 0 0 0 0 0 0 0 0 0 0 0 0 0 0 0 0 0 0 0 0 0 0 0 0 0 0 0 0 0 0 0 0 0 0 0 0 0 0 0 0 0 0 0 0 0 0 0 0 0 0 0 0 0 0 0 0 0 0 0 0 0 0 0 0 0 0 0 0 0 0 0 0 0 0 0 0 0 0 0 0 0 0 0 0 0 0 0 0 0 0 0 0 0 0 0 0 0 0 0 0 0 0 0 0 0 0 0 0 0 0 0 0 0 0 0 0 0 0 0 0 0 0 0 0 0 0 0 0 0 0 0 0 0 0 0 0 0 0 0 0 0 0 0 0 0 0 0 0 0 0 0 0 0 0 0 0 0 0 0 0 0 0 0 0 0 0 0 0 0 0 0 0 0 0 0 0 0 0 0 0 0 0 0 0 0 0 0 0 0 0 0 0 0 0 0 0 0 0 0 0 0 0 0 0 0 0 0 0 0 0 0 0 0 0 0 0 0 0 0 0 0 0 0 0 0 0 0 0 0 0 0 0 0 0 0 0 0 0 0 0 0 0 0 0 0 0 0 0 0 0 0 0 0 0 0 0 0 0 0 0 0 0 0 0 0 0 0 0 0 0 0 0 0 0 0 0 0 0 0 0 0 0 0 0 0 0 0 0 0 0 0 0 0 0 0 0 0 0 0 0 0 0 0 0 0 0 0 0 0 0 0 0 0 0 0 0 0 0 0 0 0 0 0 0 0 0 0 0 0 0 0 0 0 0 0 0 0 0 0 0 0 0 0 0 0 0 0 0 0 0 0 0 0 0 0 0 0 0 0 0 0 0 0 0 0 0 0 0 0 0 0 0 0 0 0 0 0 0 0 0 0 0 0 0 0 0 0 0 0 0 0 0 0 0 0 0 0 0 0 0 0 0 0 0 0 0 0 0 0 0 0 0 0 0 0 0 0 0 0 0 0 0 0 0 0 0 0 0 0 0 0 0 0 0 0 0 0 0 0 0 0 0 0 0 0 0 0 0 0 0 0 0 0 0 0 0 0 0 0 0 0 0 0 0 0 0 0 0 0 0 0 0 0 0 0 0 0 0 0 0 0 0 0 0
413
0 0 0 0 0 0 0 0 0 0 0 0 0 0 0 0 0 0 0 0 0 0 0 0 0 0 0 0 0 0 0 0 0 0 0 0 0 0 0 0 0 0 0 0 0 0 0 0 0 0 0 0 0 0 0 0 0 0 0 0 0 0 0 0 0 0 0 0 0 0 0 0 0 0 0 0 0 0 0 0 0 0 0 0 0 0 0 0 0 0 0 0 0 0 0 0 0 0 0 0 0 0 0 0 0 0 0 0 0 0 0 0 0 0 0 0 0 0 0 0 0 0 0 0 0 0 0 0 0 0 0 0 0 0 0 0 0 0 0 0 0 0 0 0 0 0 0 0 0 0 0 0 0 0 0 0 0 0 0 0 0 0 0 0 0 0 0 0 0 0 0 0 0 0 0 0 0 0 0 0 0 0 0 0 0 0 0 0 0 0 0 0 0 0 0 0 0 0 0 0 0 0 0 0 0 0 0 0 0 0 0 0 0 0 0 0 0 0 0 0 0 0 0 0 0 0 0 0 0 0 0 0 0 0 0 0 0 0 0 0 0 0 0 0 0 0 0 0 0 0 0 0 0 0 0 0 0 0 0 0 0 0 0 0 0 0 0 0 0 0 0 0 0 0 0 0 0 0 0 0 0 0 0 0 0 0 0 0 0 0 0 0 0 0 0 0 0 0 0 0 0 0 0 0 0 0 0 0 0 0 0 0 0 0 0 0 0 0 0 0 0 0 0 0 0 0 0 0 0 0 0 0 0 0 0 0 0 0 0 0 0 0 0 0 0 0 0 0 0 0 0 0 0 0 0 0 0 0 0 0 0 0 0 0 0 0 0 0 0 0 0 0 0 0 0 0 0 0 0 0 0 0 0 0 0 0 0 0 0 0 0 0 0 0 0 0 0 0 0 0 0 0 0 0 0 0 0 0 0 0 0 0 0
178
0 200 88 53 81 103 66 81 107 102 75 69 76 105 59 90 93 86 65 73 62 114 66 56 73 83 67 79 104 75 65 86 51 80 57 56 86 102 112 51 83 113 96 87 107 85 116 52 61 98 60 97 55 89 120 120 108 67 98 102 120 92 103 95 98 72 117 51 106 102 102 64 79 114 66 76 106 94 66 80 84 112 60 60 97 51 62 63 70 55 65 118 106 55 76 64 65 58 85 53 71 84 91 75 103 56 96 61 57 69 66 51 71 80 117 72 119 91 85 78 110 70 97 72 119 113 93 91 50 85 113 59 120 64 79 79 90 96 111 56 57 114 76 80 104 95 82 117 79 113 106 69 60 92 108 53 100 82 95 84 63 60 66 70 99 75 119 72 116 65 58 95 109 52 80 61 63 200
934
0 0 0 0 0 0 0 0 0 0 0 0 0 0 0 0 0 0 0 0 0 0 0 0 0 0 0 0 0 0 0 0 0 0 0 0 0 0 0 0 0 0 0 0 0 0 0 0 0 0 0 0 0 0 0 0 0 0 0 0 0 0 0 0 0 0 0 0 0 0 0 0 0 0 0 0 0 0 0 0 0 0 0 0 0 0 0 0 0 0 0 0 0 0 0 0 0 0 0 0 0 0 0 0 0 0 0 0 0 0 0 0 0 0 0 0 0 0 0 0 0 0 0 0 0 0 0 0 0 0 0 0 0 0 0 0 0 0 0 0 0 0 0 0 0 0 0 0 0 0 0 0 0 0 0 0 0 0 0 0 0 0 0 0 0 0 0 0 0 0 0 0 0 0 0 0 0 0 0 0 0 0 0 0 0 0 0 0 0 0 0 0 0 0 0 0 0 0 0 0 0 0 0 0 0 0 0 0 0 0 0 0 0 0 0 0 0 0 0 0 0 0 0 0 0 0 0 0 0 0 0 0 0 0 0 0 0 0 0 0 0 0 0 0 0 0 0 0 0 0 0 0 0 0 0 0 0 0 0 0 0 0 0 0 0 0 0 0 0 0 0 0 0 0 0 0 0 0 0 0 0 0 0 0 0 0 0 0 0 0 0 0 0 0 0 0 0 0 0 0 0 0 0 0 0 0 0 0 0 0 0 0 0 0 0 0 0 0 0 0 0 0 0 0 0 0 0 0 0 0 0 0 0 0 0 0 0 0 0 0 0 0 0 0 0 0 0 0 0 0 0 0 0 0 0 0 0 0 0 0 0 0 0 0 0 0 0 0 0 0 0 0 0 0 0 0 0 0 0 0 0 0 0 0 0 0 0 0 0 0 0 0 0 0 0 0 0 0 0 0 0 0 0 0 0 0 0 0 0 0 0 0 0 0 0 0 0 0 0 0 0 0 0 0 0 0 0 0 0 0 0 0 0 0 0 0 0 0 0 0 0 0 0 0 0 0 0 0 0 0 0 0 0 0 0 0 0 0 0 0 0 0 0 0 0 0 0 0 0 0 0 0 0 0 0 0 0 0 0 0 0 0 0 0 0 0 0 0 0 0 0 0 0 0 0 0 0 0 0 0 0 0 0 0 0 0 0 0 0 0 0 0 0 0 0 0 0 0 0 0 0 0 0 0 0 0 0 0 0 0 0 0 0 0 0 0 0 0 0 0 0 0 0 0 0 0 0 0 0 0 0 0 0 0 0 0 0 0 0 0 0 0 0 0 0 0 0 0 0 0 0 0 0 0 0 0 0 0 0 0 0 0 0 0 0 0 0 0 0 0 0 0 0 0 0 0 0 0 0 0 0 0 0 0 0 0 0 0 0 0 0 0 0 0 0 0 0 0 0 0 0 0 0 0 0 0 0 0 0 0 0 0 0 0 0 0 0 0 0 0 0 0 0 0 0 0 0 0 0 0 0 0 0 0 0 0 0 0 0 0 0 0 0 0 0 0 0 0 0 0 0 0 0 0 0 0 0 0 0 0 0 0 0 0 0 0 0 0 0 0 0 0 0 0 0 0 0 0 0 0 0 0 0 0 0 0 0 0 0 0 0 0 0 0 0 0 0 0 0 0 0 0 0 0 0 0 0 0 0 0 0 0 0 0 0 0 0 0 0 0 0 0 0 0 0 0 0 0 0 0 0 0 0 0 0 0 0 0 0 0 0 0 0 0 0 0 0 0 0 0 0 0 0 0 0 0 0 0 0 0 0 0 0 0 0 0 0 0 0 0 0 0 0 0 0 0 0 0 0 0 0 0 0 0 0 0 0 0 0 0 0 0 0 0 0 0 0 0 0 0 0 0 0 0 0 0 0 0 0 0 0 0 0 0 0 0 0 0 0 0 0 0 0 0 0 0 0 0 0 0 0 0 0 0 0 0 0 0 0 0 0 0 0 0 0 0 0 0 0 0 0 0 0 0 0 0 0 0 0 0 0 0 0 0 0 0 0 0 0 0 0 0 0 0 0 0 0 0 0 0 0 0 0 0 0 0 0 0 0 0 0 0 0 0 0 0 0 0 0 0 0 0 0 0 0 0 0 0 0 0 0 0 0 0
128
18 1 0 8 13 13 18 0 15 14 1 12 1 1 16 11 16 4 19 10 12 20 3 17 18 5 12 9 6 8 10 19 7 13 9 7 2 11 14 16 5 9 12 8 0 10 14 7 7 17 11 14 19 4 17 19 0 1 19 20 12 6 2 14 17 4 16 4 12 15 16 11 8 12 10 3 16 5 19 5 12 10 10 1 10 11 13 6 2 17 14 1 0 6 5 5 15 9 12 11 7 5 11 16 0 19 6 17 8 15 20 6 16 6 6 17 18 0 11 7 6 4 6 13 15 14 18 6
447
200 200 200 200 200 200 200 200 200 200 200 200 200 200 200 200 200 200 200 200 200 200 200 200 200 200 200 200 200 200 200 200 200 200 200 200 200 200 200 200 200 200 200 200 200 200 200 200 200 200 200 200 200 200 200 200 200 200 200 200 200 200 200 200 200 200 200 200 200 200 200 200 200 200 200 200 200 200 200 200 200 200 200 200 200 200 200 200 200 200 200 200 200 200 200 200 200 200 200 200 200 200 200 200 200 200 200 200 200 200 200 200 200 200 200 200 200 200 200 200 200 200 200 200 200 200 200 200 200 200 200 200 200 200 200 200 200 200 200 200 200 200 200 200 200 200 200 200 200 200 200 200 200 200 200 200 200 200 200 200 200 200 200 200 200 200 200 200 200 200 200 200 200 200 200 200 200 200 200 200 200 200 200 200 200 200 200 200 200 200 200 200 200 200 200 200 200 200 200 200 200 200 200 200 200 200 200 200 200 200 200 200 200 200 200 200 200 200 200 200 200 200 200 200 200 200 200 200 200 200 200 200 200 200 200 200 200 200 200 200 200 200 200 200 200 200 200 200 200 200 200 200 200 200 200 200 200 200 200 200 200 200 200 200 200 200 200 200 200 200 200 200 200 200 200 200 200 200 200 200 200 200 200 200 200 200 200 200 200 200 200 200 200 200 200 200 200 200 200 200 200 200 200 200 200 200 200 200 200 200 200 200 200 200 200 200 200 200 200 200 200 200 200 200 200 200 200 200 200 200 200 200 200 200 200 200 200 200 200 200 200 200 200 200 200 200 200 200 200 200 200 200 200 200 200 200 200 200 200 200 200 200 200 200 200 200 200 200 200 200 200 200 200 200 200 200 200 200 200 200 200 200 200 200 200 200 200 200 200 200 200 200 200 200 200 200 200 200 200 200 200 200 200 200 200 200 200 200 200 200 200 200 200 200 200 200 200 200 200 200 200 200 200 200 200 200 200 200 200 200 200 200 200 200 200 200 200 200 200 200 200 200 200 200 200 200 200
667
59 184 184 76 59 184 59 59 184 59 59 59 76 59 76 76 76 59 59 76 59 184 76 59 59 184 59 184 76 59 76 76 184 59 76 76 59 59 76 59 59 184 76 184 59 76 59 76 184 184 184 59 184 76 59 76 76 184 76 59 76 59 184 184 184 76 59 59 184 184 76 184 59 184 76 184 184 59 59 76 76 76 184 59 184 59 76 76 76 59 184 59 184 76 59 59 59 184 184 76 59 76 59 184 184 184 184 184 59 59 59 59 76 59 184 76 59 184 76 59 59 184 59 76 184 76 76 184 184 59 76 184 59 76 59 76 76 184 59 59 184 59 76 59 184 76 184 59 76 184 76 59 76 76 76 76 59 76 184 59 59 59 184 184 184 184 76 76 59 59 76 184 184 184 76 184 184 184 184 76 59 59 59 59 76 184 76 184 76 59 76 76 76 59 59 76 184 184 76 184 184 184 59 76 76 184 59 184 184 59 76 76 76 76 59 59 184 59 59 76 59 76 59 76 184 76 184 59 184 184 59 76 184 59 76 59 59 184 76 76 184 59 59 184 76 184 59 184 59 76 76 59 59 59 59 76 76 76 59 184 184 76 76 76 184 184 184 59 76 184 59 59 76 59 59 76 76 59 59 184 59 184 184 76 184 76 59 184 76 59 59 59 184 76 59 76 59 184 76 59 76 184 76 184 76 184 59 76 76 59 76 59 184 184 184 76 76 59 59 59 59 76 184 184 76 76 59 76 76 59 59 76 76 76 184 184 59 76 184 184 76 59 59 184 76 184 59 59 184 59 76 184 184 76 59 76 76 76 184 184 184 76 76 76 76 76 184 184 184 76 59 76 184 59 59 76 184 184 76 59 59 59 76 76 76 76 184 76 184 184 76 59 184 59 184 59 76 59 76 59 184 184 184 59 184 59 59 184 76 59 76 184 59 59 184 76 76 76 76 76 184 59 184 76 76 59 76 184 184 59 76 184 76 76 76 76 76 76 59 184 59 76 59 184 184 76 76 59 59 184 184 76 76 59 184 76 59 59 59 59 59 76 59 184 59 59 184 76 184 76 184 184 59 59 59 184 76 76 59 184 59 59 59 184 184 59 59 184 59 59 76 76 184 76 59 59 59 76 59 59 59 184 59 184 76 184 59 76 59 184 59 59 184 184 76 76 184 184 184 184 59 59 76 59 59 59 59 184 76 184 184 184 59 184 76 59 184 76 184 59 59 184 59 76 59 59 59 59 59 59 59 59 76 76 59 59 184 76 184 59 76 76 184 59 184 76 76 184 184 59 59 184 76 76 76 76 59 184 59 184 59 59 59 76 59 184 184 59 76 59 76 59 76 59 59 76 184 59 184 184 76 76 59 184 184 184 76 76 184 184 76 184 59 184 59 76 59 59 76 59 184 184 59 59 184 59 76 184 59 184 59 59 184 76 59 59 59 184 184 76 184 59 184 59 59 76 59 76 76 184 59 76 184 59 76 76 184 59 76 76 184 59 76 76 59 184 76
849
1 0 10 176 1 14 12 193 0 185 166 180 10 0 11 175 17 1 200 8 16 197 14 13 4 0 16 13 175 152 5 9 16 6 11 18 9 152 5 9 18 13 16 11 12 15 186 10 11 186 19 19 197 0 19 20 11 1 16 8 14 1 1 152 7 20 3 11 19 20 20 6 184 3 2 199 159 5 18 3 16 7 13 4 12 19 186 16 0 12 4 184 14 9 2 15 12 20 0 184 12 6 5 193 15 186 9 15 168 5 16 2 0 19 175 13 9 10 171 0 7 9 6 3 1 188 192 20 198 14 0 20 5 16 4 10 18 2 10 8 200 17 11 1 2 3 7 1 13 1 18 155 20 9 17 18 3 1 1 15 184 13 1 11 7 12 17 186 20 1 16 19 19 12 186 177 172 5 0 17 6 17 18 9 172 0 187 8 9 12 18 14 189 172 2 16 3 156 187 200 4 13 8 11 17 8 166 5 198 188 178 0 11 4 5 15 195 7 18 168 3 4 167 13 185 13 11 7 5 11 5 185 8 178 17 15 14 156 5 16 11 14 193 17 1 2 15 9 5 13 4 162 0 172 18 4 19 20 8 13 14 0 19 180 17 14 20 0 12 18 175 11 168 1 10 172 18 189 2 193 20 182 13 19 10 1 185 7 4 156 196 9 0 190 9 20 19 188 18 15 8 152 18 9 170 1 8 17 8 5 8 8 163 20 12 174 7 15 6 161 18 19 177 4 0 179 14 13 10 152 7 3 6 18 13 17 9 7 7 8 8 13 175 18 7 14 10 199 8 18 153 12 13 0 185 184 12 10 4 6 2 11 1 8 3 19 166 15 13 158 9 18 5 7 199 182 4 13 16 16 9 19 11 0 19 156 6 10 11 1 17 17 15 4 0 14 11 19 2 11 5 17 15 15 4 0 9 18 15 15 4 0 20 10 7 6 181 9 17 9 15 164 7 3 162 166 4 6 156 194 8 163 181 13 3 4 166 189 15 15 6 10 179 19 13 177 3 18 176 4 12 6 12 19 12 18 12 12 11 11 6 187 2 19 153 0 11 190 1 15 172 188 1 9 11 150 2 156 2 8 168 150 17 10 0 18 10 14 3 11 4 19 14 17 16 17 162 16 16 6 9 18 13 182 183 10 12 3 1 9 3 15 18 8 16 189 10 18 15 6 1 150 160 9 182 2 9 20 14 10 1 9 4 7 1 195 3 16 13 5 3 154 12 8 15 12 20 5 2 9 12 13 6 16 2 10 179 6 20 173 175 10 8 16 18 14 6 8 6 17 11 4 178 165 6 1 192 10 13 6 0 173 13 14 16 8 12 167 1 15 20 182 5 4 169 2 19 15 4 4 12 7 1 157 1 159 16 8 15 20 176 11 18 197 160 18 4 7 15 19 17 157 19 14 188 13 14 9 5 20 20 10 5 14 11 1 8 19 7 8 19 13 17 13 13 17 11 179 3 7 5 5 15 15 13 11 17 19 6 170 4 199 150 4 185 5 170 177 166 20 19 194 184 8 7 2 0 4 20 19 19 165 15 193 157 6 159 13 16 1 17 15 4 2 187 9 17 5 17 2 5 13 19 14 20 15 8 20 14 176 16 151 163 169 7 20 9 9 1 18 16 17 154 9 14 10 163 11 11 3 155 16 13 6 11 4 155 19 6 17 10 17 197 20 15 18 151 12 5 5 8 4 7 18 9 19 8 7 8 179 19 8 12 158 16 11 9 3 1 178 2 11 14 2 163 9 3 5 3 17 5 1 192 10 14 18 14 177 19 3 19 4 2 5 159 5 18 15 2 17 9 19 13 155 20 0 6 2 13 16 198 15 164 9 16 0 19 12 8 14 8 15 19 15 17 0 8 6 11 10 12 12 11 17 17 179 12 13 9 18 17 20 9 18 200 16 11 1 18
16
157 154 7 7 16 19 7 1 5 196 13 15 194 192 182 1
936
200 200 200 200 200 200 200 200 200 200 200 200 200 200 200 200 200 200 200 200 200 200 200 200 200 200 200 200 200 200 200 200 200 200 200 200 200 200 200 200 200 200 200 200 200 200 200 200 200 200 200 200 200 200 200 200 200 200 200 200 200 200 200 200 200 200 200 200 200 200 200 200 200 200 200 200 200 200 200 200 200 200 200 200 200 200 200 200 200 200 200 200 200 200 200 200 200 200 200 200 200 200 200 200 200 200 200 200 200 200 200 200 200 200 200 200 200 200 200 200 200 200 200 200 200 200 200 200 200 200 200 200 200 200 200 200 200 200 200 200 200 200 200 200 200 200 200 200 200 200 200 200 200 200 200 200 200 200 200 200 200 200 200 200 200 200 200 200 200 200 200 200 200 200 200 200 200 200 200 200 200 200 200 200 200 200 200 200 200 200 200 200 200 200 200 200 200 200 200 200 200 200 200 200 200 200 200 200 200 200 200 200 200 200 200 200 200 200 200 200 200 200 200 200 200 200 200 200 200 200 200 200 200 200 200 200 200 200 200 200 200 200 200 200 200 200 200 200 200 200 200 200 200 200 200 200 200 200 200 200 200 200 200 200 200 200 200 200 200 200 200 200 200 200 200 200 200 200 200 200 200 200 200 200 200 200 200 200 200 200 200 200 200 200 200 200 200 200 200 200 200 200 200 200 200 200 200 200 200 200 200 200 200 200 200 200 200 200 200 200 200 200 200 200 200 200 200 200 200 200 200 200 200 200 200 200 200 200 200 200 200 200 200 200 200 200 200 200 200 200 200 200 200 200 200 200 200 200 200 200 200 200 200 200 200 200 200 200 200 200 200 200 200 200 200 200 200 200 200 200 200 200 200 200 200 200 200 200 200 200 200 200 200 200 200 200 200 200 200 200 200 200 200 200 200 200 200 200 200 200 200 200 200 200 200 200 200 200 200 200 200 200 200 200 200 200 200 200 200 200 200 200 200 200 200 200 200 200 200 200 200 200 200 200 200 200 200 200 200 200 200 200 200 200 200 200 200 200 200 200 200 200 200 200 200 200 200 200 200 200 200 200 200 200 200 200 200 200 200 200 200 200 200 200 200 200 200 200 200 200 200 200 200 200 200 200 200 200 200 200 200 200 200 200 200 200 200 200 200 200 200 200 200 200 200 200 200 200 200 200 200 200 200 200 200 200 200 200 200 200 200 200 200 200 200 200 200 200 200 200 200 200 200 200 200 200 200 200 200 200 200 200 200 200 200 200 200 200 200 200 200 200 200 200 200 200 200 200 200 200 200 200 200 200 200 200 200 200 200 200 200 200 200 200 200 200 200 200 200 200 200 200 200 200 200 200 200 200 200 200 200 200 200 200 200 200 200 200 200 200 200 200 200 200 200 200 200 200 200 200 200 200 200 200 200 200 200 200 200 200 200 200 200 200 200 200 200 200 200 200 200 200 200 200 200 200 200 200 200 200 200 200 200 200 200 200 200 200 200 200 200 200 200 200 200 200 200 200 200 200 200 200 200 200 200 200 200 200 200 200 200 200 200 200 200 200 200 200 200 200 200 200 200 200 200 200 200 200 200 200 200 200 200 200 200 200 200 200 200 200 200 200 200 200 200 200 200 200 200 200 200 200 200 200 200 200 200 200 200 200 200 200 200 200 200 200 200 200 200 200 200 200 200 200 200 200 200 200 200 200 200 200 200 200 200 200 200 200 200 200 200 200 200 200 200 200 200 200 200 200 200 200 200 200 200 200 200 200 200 200 200 200 200 200 200 200 200 200 200 200 200 200 200 200 200 200 200 200 200 200 200 200 200 200 200 200 200 200 200 200 200 200 200 200 200 200 200 200 200 200 200 200 200 200 200 200 200 200 200 200 200 200 200 200 200 200 200 200 200 200 200 200 200 200 200 200 200 200 200 200 200 200 200 200 200 200 200 200 200 200 200 200 200 200 200 200 200 200 200 200 200 200 200 200 200 200 200 200 200 200 200 200 200 200 200 200 200 200 200 200 200 200 200 200 200 200 200 200 200 200 200 200 200 200 200 200 200 200 200 200 200 200 200 200 200 200 200 200 200 200 200 200 200 200 200 200 200 200 200 200 200 200 200 200 200 200
559
200 200 200 200 200 200 200 200 200 200 200 200 200 200 200 200 200 200 200 200 200 200 200 200 200 200 200 200 200 200 200 200 200 200 200 200 200 200 200 200 200 200 200 200 200 200 200 200 200 200 200 200 200 200 200 200 200 200 200 200 200 200 200 200 200 200 200 200 200 200 200 200 200 200 200 200 200 200 200 200 200 200 200 200 200 200 200 200 200 200 200 200 200 200 200 200 200 200 200 200 200 200 200 200 200 200 200 200 200 200 200 200 200 200 200 200 200 200 200 200 200 200 200 200 200 200 200 200 200 200 200 200 200 200 200 200 200 200 200 200 200 200 200 200 200 200 200 200 200 200 200 200 200 200 200 200 200 200 200 200 200 200 200 200 200 200 200 200 200 200 200 200 200 200 200 200 200 200 200 200 200 200 200 200 200 200 200 200 200 200 200 200 200 200 200 200 200 200 200 200 200 200 200 200 200 200 200 200 200 200 200 200 200 200 200 200 200 200 200 200 200 200 200 200 200 200 200 200 200 200 200 200 200 200 200 200 200 200 200 200 200 200 200 200 200 200 200 200 200 200 200 200 200 200 200 200 200 200 200 200 200 200 200 200 200 200 200 200 200 200 200 200 200 200 200 200 200 200 200 200 200 200 200 200 200 200 200 200 200 200 200 200 200 200 200 200 200 200 200 200 200 200 200 200 200 200 200 200 200 200 200 200 200 200 200 200 200 200 200 200 200 200 200 200 200 200 200 200 200 200 200 200 200 200 200 200 200 200 200 200 200 200 200 200 200 200 200 200 200 200 200 200 200 200 200 200 200 200 200 200 200 200 200 200 200 200 200 200 200 200 200 200 200 200 200 200 200 200 200 200 200 200 200 200 200 200 200 200 200 200 200 200 200 200 200 200 200 200 200 200 200 200 200 200 200 200 200 200 200 200 200 200 200 200 200 200 200 200 200 200 200 200 200 200 200 200 200 200 200 200 200 200 200 200 200 200 200 200 200 200 200 200 200 200 200 200 200 200 200 200 200 200 200 200 200 200 200 200 200 200 200 200 200 200 200 200 200 200 200 200 200 200 200 200 200 200 200 200 200 200 200 200 200 200 200 200 200 200 200 200 200 200 200 200 200 200 200 200 200 200 200 200 200 200 200 200 200 200 200 200 200 200 200 200 200 200 200 200 200 200 200 200 200 200 200 200 200 200 200 200 200 200 200 200 200 200 200 200 200 200 200 200 200 200 200 200 200 200 200 200 200 200 200 200 200 200 200 200 200
286
0 0 0 0 0 0 0 0 0 0 0 0 0 0 0 0 0 0 0 0 0 0 0 0 0 0 0 0 0 0 0 0 0 0 0 0 0 0 0 0 0 0 0 0 0 0 0 0 0 0 0 0 0 0 0 0 0 0 0 0 0 0 0 0 0 0 0 0 0 0 0 0 0 0 0 0 0 0 0 0 0 0 0 0 0 0 0 0 0 0 0 0 0 0 0 0 0 0 0 0 0 0 0 0 0 0 0 0 0 0 0 0 0 0 0 0 0 0 0 0 0 0 0 0 0 0 0 0 0 0 0 0 0 0 0 0 0 0 0 0 0 0 0 0 0 0 0 0 0 0 0 0 0 0 0 0 0 0 0 0 0 0 0 0 0 0 0 0 0 0 0 0 0 0 0 0 0 0 0 0 0 0 0 0 0 0 0 0 0 0 0 0 0 0 0 0 0 0 0 0 0 0 0 0 0 0 0 0 0 0 0 0 0 0 0 0 0 0 0 0 0 0 0 0 0 0 0 0 0 0 0 0 0 0 0 0 0 0 0 0 0 0 0 0 0 0 0 0 0 0 0 0 0 0 0 0 0 0 0 0 0 0 0 0 0 0 0 0 0 0 0 0 0 0 0 0 0 0 0 0 0 0 0 0 0 0
336
54 89 93 188 116 24 150 69 61 29 39 183 199 49 112 90 172 1 127 128 151 59 42 18 21 165 125 105 60 87 61 199 90 39 15 112 8 162 166 64 34 10 160 168 156 118 126 47 42 111 192 83 42 105 53 1 45 38 128 0 169 157 169 43 17 22 14 191 191 25 167 98 33 116 3 183 30 200 143 69 169 197 32 161 98 126 8 39 108 133 150 8 15 150 77 154 96 23 44 8 15 42 127 62 115 182 131 181 169 92 172 180 88 58 29 109 101 155 8 189 160 164 173 124 90 179 166 144 109 103 36 9 74 50 57 185 124 159 4 43 37 86 109 39 149 179 132 110 148 174 74 197 193 87 189 134 111 140 200 44 116 25 62 121 50 113 151 54 88 49 125 108 165 134 192 16 180 86 145 178 53 112 154 36 140 200 119 103 127 171 69 165 62 105 185 84 154 6 114 22 181 129 157 44 69 163 165 200 197 144 109 193 38 43 100 134 46 3 20 121 118 172 20 153 172 17 162 163 3 22 118 64 156 188 8 24 39 172 191 61 52 3 53 105 32 61 16 85 152 2 70 54 149 64 163 177 115 80 92 60 106 29 105 14 105 173 39 41 163 101 157 153 50 40 193 150 56 106 197 163 82 104 172 17 33 136 144 113 145 39 62 44 163 6 113 42 30 117 177 176 29 173 63 102 141 187 181 63 55 60 10 135 103 56 168 116 171 39 74 59 41 34 87 7 173 167 175 0 115 172 29 190 30 38 139 140
177
0 200 76 116 58 108 90 96 103 112 50 115 52 117 54 50 103 88 82 63 82 67 90 71 51 77 60 116 59 103 98 66 66 107 65 97 119 120 88 87 98 74 92 57 82 80 54 103 117 50 71 104 54 70 56 103 115 69 86 117 107 91 102 104 65 71 65 77 105 108 105 102 58 62 74 112 87 51 105 65 98 62 108 86 62 71 57 119 58 66 84 54 116 118 53 98 114 112 112 91 99 103 57 52 70 66 54 69 64 116 110 82 98 110 79 104 89 100 110 103 59 95 96 50 111 108 85 68 50 77 113 92 66 77 119 110 120 118 52 61 51 87 54 58 97 65 99 85 101 101 91 61 62 84 83 86 73 60 91 74 59 63 112 118 76 71 71 74 71 112 112 67 63 78 102 110 200
582
7 12 9 191 8 4 10 185 7 14 6 3 16 5 5 18 4 12 14 3 14 1 13 10 17 19 4 16 7 2 8 1 155 185 6 1 7 8 5 11 12 5 182 12 182 9 1 14 181 156 10 176 6 11 15 3 13 7 18 15 8 1 9 187 169 182 11 196 7 18 168 162 18 6 16 9 13 11 7 166 2 9 3 3 17 18 10 160 13 20 10 2 7 17 3 197 0 14 2 1 11 165 5 188 172 20 17 7 5 3 1 189 20 0 18 157 13 7 160 0 10 2 18 2 2 16 189 158 5 0 173 164 12 7 4 5 197 20 172 16 12 6 4 15 2 12 3 6 197 19 19 20 173 0 11 0 11 17 10 20 8 11 7 13 8 167 14 13 186 174 3 16 2 14 20 9 1 7 166 6 19 14 6 15 5 12 189 159 11 183 10 187 2 185 7 11 187 9 19 2 6 5 5 180 20 167 1 187 10 18 170 5 160 13 2 10 1 20 4 177 5 177 19 2 1 16 16 15 19 11 13 8 7 185 13 13 14 9 16 166 2 15 10 1 14 3 4 3 17 2 5 12 11 5 0 13 4 6 5 15 19 18 5 173 13 16 11 160 2 1 2 194 153 13 18 2 0 18 8 154 10 15 11 11 1 11 15 10 17 8 19 15 7 6 19 14 9 11 6 16 12 151 3 5 181 19 18 14 11 12 19 2 1 155 4 20 15 17 6 3 20 2 4 14 184 1 15 0 20 2 9 15 3 8 5 10 180 2 151 17 6 2 152 16 14 14 178 152 193 10 20 5 12 156 0 4 17 8 9 6 178 170 5 20 9 187 1 180 158 1 10 18 13 183 15 1 175 11 198 6 13 150 8 18 0 178 2 153 14 17 0 12 5 198 159 153 9 161 194 18 14 15 155 9 171 9 12 8 12 16 183 181 16 185 192 162 20 5 8 150 8 19 189 20 187 12 9 1 6 13 10 17 153 7 19 4 11 154 19 3 3 2 188 11 20 5 19 9 10 18 182 20 18 182 15 16 17 5 9 15 12 3 14 160 194 9 19 7 175 19 15 2 7 4 9 20 18 19 4 17 7 2 1 8 8 15 12 173 12 5 5 177 9 15 194 10 7 1 7 12 2 9 13 11 17 6 17 179 156 3 0 14 4 0 6 173 14 6 18 14 164 10 2 162 10 13 6 13 185 0 5 2 0 1 6 168 10 19 12 1 13 172 13 5 10 20 163 14 158 197 15 20 18 153 0 13 179 4 6 0 11 18 196 183 8 15 2 13 6 174 6 6 13 189 6 165 18 10 12 9 190 179
742
0 200 111 78 114 111 109 110 75 107 68 55 109 92 106 107 83 90 112 64 117 99 66 81 115 60 96 63 80 108 119 54 80 68 73 75 52 93 69 58 65 78 77 54 104 60 79 57 69 85 110 84 96 75 96 52 71 54 57 72 115 119 54 102 53 74 64 76 51 107 73 67 116 70 98 119 116 55 70 52 72 106 72 69 105 110 95 63 69 72 59 100 62 90 66 82 104 51 91 75 117 111 53 66 62 66 82 76 76 88 71 85 84 71 71 117 101 58 60 68 70 112 106 116 108 58 92 95 52 58 100 110 120 118 95 90 54 93 84 74 107 111 66 113 99 72 76 74 94 72 119 84 101 100 101 111 57 58 99 52 95 58 108 66 58 71 52 58 99 91 59 51 109 64 54 65 65 57 72 116 55 80 105 52 111 109 56 58 55 64 110 118 114 57 120 115 71 89 70 119 97 107 71 94 105 75 89 57 109 83 69 52 102 62 85 84 113 75 58 105 50 51 75 85 119 62 72 62 102 101 90 82 105 73 53 87 64 101 88 95 69 99 63 106 96 77 55 102 50 65 116 100 91 93 76 115 78 115 58 65 114 107 66 77 79 78 71 95 92 114 110 84 79 71 95 85 96 119 78 105 57 83 59 100 63 74 93 94 50 88 86 92 110 110 80 118 102 78 75 109 93 99 85 113 69 120 59 66 101 79 91 66 106 97 107 61 99 105 56 51 53 60 84 119 115 100 70 77 98 91 85 108 114 88 77 77 91 113 101 62 54 62 52 112 99 107 111 56 88 59 119 81 65 60 64 70 83 109 79 104 74 60 102 59 64 77 89 80 97 109 54 111 64 71 68 50 100 109 59 65 96 51 61 76 82 102 63 102 103 92 105 103 119 118 70 97 71 101 76 57 117 106 99 59 60 91 61 89 74 78 52 107 50 112 51 80 53 115 113 75 87 102 92 103 110 110 110 56 62 75 76 116 73 113 69 70 110 97 92 72 74 62 76 66 86 88 99 81 104 107 81 65 51 72 109 115 94 78 89 72 60 58 60 66 91 96 64 109 53 75 60 64 84 65 52 65 53 103 76 68 109 106 68 53 72 112 85 62 64 102 95 83 117 111 59 76 80 106 82 71 102 72 91 89 66 101 72 55 120 55 94 54 104 57 107 101 100 95 112 71 119 79 101 115 87 87 97 120 67 110 80 61 97 89 56 53 59 79 117 94 105 86 106 79 54 105 74 78 63 92 100 84 68 53 90 103 52 76 86 82 92 50 104 85 92 94 100 79 92 70 100 65 95 55 94 88 74 52 73 106 74 114 60 78 72 112 72 102 116 69 82 71 69 70 51 96 51 115 87 51 52 61 72 79 104 105 119 80 90 115 70 97 116 110 56 115 111 112 78 61 118 81 57 119 66 90 87 80 87 68 94 74 60 115 73 66 82 67 110 61 67 103 89 60 85 71 88 90 78 93 119 70 52 102 53 69 53 95 88 77 66 105 87 79 113 62 89 62 102 81 118 108 84 92 119 54 77 109 57 111 75 103 51 77 113 97 99 101 71 99 111 94 104 101 103 73 82 56 95 107 59 97 68 78 67 53 113 58 111 61 82 119 109 67 80 115 89 75 111 116 88 68 54 112 58 116 116 96 74 54 57 103 103 117 106 107 70 85 79 63 72 200
115
131 88 131 22 22 22 88 88 131 88 88 45 88 22 45 88 88 88 22 88 22 88 88 22 22 45 131 88 88 22 22 88 45 45 45 88 45 22 45 88 131 22 131 88 131 45 45 22 88 22 131 22 88 22 131 131 88 131 22 131 131 22 22 22 88 88 131 45 88 45 131 45 45 88 88 88 88 22 22 131 45 45 88 88 22 45 88 22 45 131 45 22 22 22 45 88 88 88 45 45 22 45 22 45 88 131 45 45 131 88 22 131 45 88 45
994
200 200 200 200 200 200 200 200 200 200 200 200 200 200 200 200 200 200 200 200 200 200 200 200 200 200 200 200 200 200 200 200 200 200 200 200 200 200 200 200 200 200 200 200 200 200 200 200 200 200 200 200 200 200 200 200 200 200 200 200 200 200 200 200 200 200 200 200 200 200 200 200 200 200 200 200 200 200 200 200 200 200 200 200 200 200 200 200 200 200 200 200 200 200 200 200 200 200 200 200 200 200 200 200 200 200 200 200 200 200 200 200 200 200 200 200 200 200 200 200 200 200 200 200 200 200 200 200 200 200 200 200 200 200 200 200 200 200 200 200 200 200 200 200 200 200 200 200 200 200 200 200 200 200 200 200 200 200 200 200 200 200 200 200 200 200 200 200 200 200 200 200 200 200 200 200 200 200 200 200 200 200 200 200 200 200 200 200 200 200 200 200 200 200 200 200 200 200 200 200 200 200 200 200 200 200 200 200 200 200 200 200 200 200 200 200 200 200 200 200 200 200 200 200 200 200 200 200 200 200 200 200 200 200 200 200 200 200 200 200 200 200 200 200 200 200 200 200 200 200 200 200 200 200 200 200 200 200 200 200 200 200 200 200 200 200 200 200 200 200 200 200 200 200 200 200 200 200 200 200 200 200 200 200 200 200 200 200 200 200 200 200 200 200 200 200 200 200 200 200 200 200 200 200 200 200 200 200 200 200 200 200 200 200 200 200 200 200 200 200 200 200 200 200 200 200 200 200 200 200 200 200 200 200 200 200 200 200 200 200 200 200 200 200 200 200 200 200 200 200 200 200 200 200 200 200 200 200 200 200 200 200 200 200 200 200 200 200 200 200 200 200 200 200 200 200 200 200 200 200 200 200 200 200 200 200 200 200 200 200 200 200 200 200 200 200 200 200 200 200 200 200 200 200 200 200 200 200 200 200 200 200 200 200 200 200 200 200 200 200 200 200 200 200 200 200 200 200 200 200 200 200 200 200 200 200 200 200 200 200 200 200 200 200 200 200 200 200 200 200 200 200 200 200 200 200 200 200 200 200 200 200 200 200 200 200 200 200 200 200 200 200 200 200 200 200 200 200 200 200 200 200 200 200 200 200 200 200 200 200 200 200 200 200 200 200 200 200 200 200 200 200 200 200 200 200 200 200 200 200 200 200 200 200 200 200 200 200 200 200 200 200 200 200 200 200 200 200 200 200 200 200 200 200 200 200 200 200 200 200 200 200 200 200 200 200 200 200 200 200 200 200 200 200 200 200 200 200 200 200 200 200 200 200 200 200 200 200 200 200 200 200 200 200 200 200 200 200 200 200 200 200 200 200 200 200 200 200 200 200 200 200 200 200 200 200 200 200 200 200 200 200 200 200 200 200 200 200 200 200 200 200 200 200 200 200 200 200 200 200 200 200 200 200 200 200 200 200 200 200 200 200 200 200 200 200 200 200 200 200 200 200 200 200 200 200 200 200 200 200 200 200 200 200 200 200 200 200 200 200 200 200 200 200 200 200 200 200 200 200 200 200 200 200 200 200 200 200 200 200 200 200 200 200 200 200 200 200 200 200 200 200 200 200 200 200 200 200 200 200 200 200 200 200 200 200 200 200 200 200 200 200 200 200 200 200 200 200 200 200 200 200 200 200 200 200 200 200 200 200 200 200 200 200 200 200 200 200 200 200 200 200 200 200 200 200 200 200 200 200 200 200 200 200 200 200 200 200 200 200 200 200 200 200 200 200 200 200 200 200 200 200 200 200 200 200 200 200 200 200 200 200 200 200 200 200 200 200 200 200 200 200 200 200 200 200 200 200 200 200 200 200 200 200 200 200 200 200 200 200 200 200 200 200 200 200 200 200 200 200 200 200 200 200 200 200 200 200 200 200 200 200 200 200 200 200 200 200 200 200 200 200 200 200 200 200 200 200 200 200 200 200 200 200 200 200 200 200 200 200 200 200 200 200 200 200 200 200 200 200 200 200 200 200 200 200 200 200 200 200 200 200 200 200 200 200 200 200 200 200 200 200 200 200 200 200 200 200 200 200 200 200 200 200 200 200 200 200 200 200 200 200 200 200 200 200 200 200 200 200 200 200 200 200 200 200 200 200 200 200 200 200 200 200 200 200 200 200 200 200 200 200 200 200 200 200 200 200 200 200 200 200 200 200 200 200 200 200 200 200 200 200 200 200 200 200 200 200 200 200 200 200 200 200 200 200 200 200 200 200 200 200 200 200 200 200 200 200 200 200 200 200 200 200
831
17 20 14 8 2 9 3 9 16 19 16 17 19 15 18 7 13 16 12 9 13 11 8 15 20 0 19 17 3 16 19 5 4 14 14 19 4 4 0 17 9 16 9 2 6 1 17 8 8 9 6 12 7 5 2 7 6 4 3 14 1 19 1 9 13 11 19 10 7 15 10 16 8 14 13 11 9 14 4 1 1 8 3 10 18 18 15 17 17 15 3 12 3 1 5 16 18 13 4 13 5 12 1 13 7 2 7 7 10 12 3 8 14 18 7 13 11 17 9 2 1 18 16 17 0 11 12 14 8 14 10 13 17 17 9 14 16 20 6 18 7 4 3 5 13 12 2 18 10 20 11 10 5 6 4 4 3 9 1 10 19 17 15 19 20 15 16 16 5 14 1 16 14 0 6 10 8 20 19 19 20 6 8 2 1 9 0 13 11 7 2 7 9 11 10 15 8 15 0 9 2 0 7 10 0 5 6 3 2 6 13 10 15 8 16 5 3 11 10 1 15 7 9 9 1 20 12 10 1 8 5 20 0 1 0 14 19 10 1 17 6 11 14 12 2 17 2 5 12 9 14 8 5 2 20 7 15 18 4 5 16 1 19 5 13 4 20 20 7 13 17 0 11 14 5 18 13 1 3 3 4 1 6 1 11 19 16 11 3 3 4 13 14 11 10 15 3 16 7 8 14 16 14 15 7 20 1 20 2 0 14 4 9 13 13 7 11 10 9 7 10 6 0 14 5 20 18 3 7 13 19 17 15 12 6 19 8 3 4 19 3 2 18 2 0 10 0 5 8 18 4 5 5 16 19 19 11 18 20 0 8 0 6 3 16 7 19 8 19 19 18 18 6 8 14 20 5 4 12 12 3 9 6 2 11 17 6 16 12 7 4 15 6 6 4 1 4 7 19 19 10 5 9 20 8 9 6 15 16 12 6 15 9 19 8 1 2 16 15 16 2 15 19 8 7 3 14 17 17 4 1 11 5 4 9 7 16 20 6 8 3 11 4 11 11 9 19 18 20 12 7 3 13 13 14 1 1 20 15 13 7 1 15 3 18 1 17 18 20 6 12 12 14 9 17 9 0 3 16 0 18 8 1 12 20 4 11 1 5 19 19 12 5 11 18 19 6 2 14 2 8 6 8 15 15 12 13 11 7 11 10 7 17 20 5 8 0 12 14 9 9 15 15 14 3 18 10 7 3 20 1 8 19 7 20 6 17 8 11 20 8 3 13 8 17 4 7 14 0 3 16 10 11 5 8 14 15 4 15 15 4 6 15 6 5 19 17 15 12 1 20 17 19 5 3 8 7 18 0 4 3 7 17 3 19 4 12 8 12 18 13 8 0 15 7 6 10 10 1 10 5 2 14 1 1 7 7 6 20 17 11 6 2 19 1 15 6 7 0 0 19 12 13 8 15 17 9 6 17 14 1 4 0 2 10 17 11 0 4 0 6 11 6 14 20 4 3 15 4 12 6 3 13 1 14 13 15 6 13 15 17 1 20 20 7 1 19 9 11 18 3 17 9 9 15 15 1 5 6 6 8 11 2 12 3 15 20 18 0 15 12 5 6 14 5 16 12 20 6 6 2 8 2 4 20 5 9 17 16 20 13 16 14 16 18 16 18 1 13 12 3 1 14 17 12 16 8 14 18 7 19 17 9 1 13 8 13 16 7 14 6 12 17 7 8 9 7 6 8 17 4 15 5 6 12 2 14 16 2 14 1 5 14 6 14 11 8 6 12 16 8 11 4 14 15 17 4 3 14 20 20 18 8 19 20 15 0 17 14 14 2 18 13 0 0 4 9 3 12 18 12 13 7 9 4 6 15 11 2 1 7 10 11 4 5 5 5 2 17 2 9 1 3 12 15 8 14 9 8 19 16
659
169 0 19 17 17 9 3 18 5 11 18 14 163 12 6 162 2 198 190 18 4 19 5 6 7 15 185 3 13 178 18 19 1 16 19 7 1 166 13 15 6 166 12 8 169 2 16 11 6 197 20 1 3 10 177 5 192 4 14 194 11 182 9 151 14 1 14 9 2 12 14 7 7 12 17 4 5 13 1 13 10 5 9 172 9 2 15 0 2 12 17 8 170 2 5 9 16 14 15 11 2 3 4 1 16 168 5 3 11 11 7 2 10 6 7 0 178 15 19 0 3 20 3 10 2 20 5 7 9 11 3 2 13 4 20 151 16 1 4 14 10 10 4 19 5 9 16 0 6 6 17 181 7 192 7 5 5 20 15 9 192 5 16 12 1 2 195 4 9 18 16 16 16 165 161 2 8 14 15 20 7 191 8 20 0 166 19 11 4 11 9 19 0 181 7 8 163 7 5 13 183 1 10 5 11 16 19 10 2 14 16 14 5 13 160 169 12 7 7 11 4 2 4 19 13 151 9 17 14 10 7 190 12 14 7 8 9 19 18 17 7 7 174 20 0 151 190 6 5 19 13 11 16 15 15 14 18 12 196 2 4 20 19 1 18 17 10 8 199 18 186 12 180 185 186 3 0 9 12 2 193 19 4 5 174 187 6 17 194 18 1 11 9 10 167 12 11 14 8 15 13 18 0 17 15 13 18 6 4 2 0 189 9 5 179 12 12 154 12 19 9 19 20 7 12 5 3 6 0 3 159 196 7 172 18 9 1 16 10 14 7 11 9 177 195 172 168 6 0 7 1 7 0 182 15 18 0 16 15 10 4 6 6 4 3 13 16 3 171 15 18 7 1 3 19 6 20 11 16 160 11 11 7 3 18 16 177 1 5 15 6 4 7 0 18 16 7 8 12 8 19 18 12 5 159 20 20 157 173 154 19 6 2 11 8 189 5 5 8 15 4 182 17 13 1 20 191 158 8 20 181 3 186 15 168 5 6 186 4 2 15 1 192 0 199 11 17 6 8 187 0 12 10 6 15 9 2 5 6 20 161 20 12 0 9 13 154 11 176 1 4 6 3 155 163 175 18 16 6 194 12 9 15 170 1 16 7 188 188 14 9 18 8 17 6 179 2 7 17 6 17 188 160 20 10 15 5 174 16 156 179 20 1 4 7 11 9 15 14 19 20 16 5 160 1 4 14 171 8 14 6 2 8 2 11 1 16 7 12 20 174 10 163 17 198 3 19 20 5 10 184 14 20 19 11 16 167 19 19 6 9 17 5 18 19 12 20 16 9 18 169 16 9 12 173 13 6 0 17 5 0 190 15 0 6 184 4 16 12 5 1 19 169 11 16 20 19 20 8 2 0 5 180 19 2 7 182 0 17 173 156 9 20 150 15 8 159 19 5 16 8 8 154 0 19 12 1 2 2 5 181 13 197 2 1 20 1 19 19 9 0 11 3 2 166 1 9 11 3 20 190 4 17 9 19 9 15 2 14
510
10 199 4 165 18 1 193 10 154 3 4 11 12 8 5 6 17 1 8 2 1 11 6 18 6 13 20 16 179 11 16 11 17 9 13 3 191 9 1 16 197 5 10 3 0 11 9 14 11 20 8 3 15 18 8 0 193 4 10 9 2 4 17 178 7 8 11 9 10 1 11 8 17 7 198 11 0 17 19 10 19 191 15 19 14 185 19 15 10 13 6 189 14 158 7 156 9 12 0 5 3 9 4 191 1 15 1 20 10 156 0 189 17 12 1 15 11 9 19 18 0 160 154 193 11 5 3 159 0 14 0 10 20 19 15 20 7 176 12 14 15 189 9 14 6 163 4 193 10 158 8 0 3 17 9 17 11 1 1 2 187 9 9 166 18 6 12 12 18 156 15 0 4 19 4 14 3 7 163 19 3 15 7 200 6 6 20 154 1 18 11 0 6 10 5 199 1 19 15 12 15 10 155 8 17 155 0 1 155 0 16 16 4 5 158 1 0 13 12 16 9 12 0 13 16 1 11 10 7 183 20 15 195 15 6 3 6 6 160 12 20 20 5 12 181 15 7 8 17 164 8 178 157 5 6 18 17 184 10 14 195 12 14 176 8 8 16 17 11 6 170 17 5 3 4 0 177 19 13 172 11 3 162 5 13 178 174 10 15 19 5 17 10 9 11 18 180 189 13 6 19 13 10 18 18 2 160 13 178 9 196 2 12 156 1 4 185 8 14 2 1 190 12 10 3 155 6 159 189 154 4 1 162 166 4 17 157 11 17 12 1 14 189 13 15 0 178 176 2 3 10 18 152 17 17 7 2 14 14 7 164 155 13 154 4 11 5 9 11 2 5 10 17 16 20 4 152 6 10 200 17 159 10 11 17 17 1 14 2 1 8 176 6 10 20 169 10 16 2 12 191 6 5 12 0 4 191 7 9 6 13 13 17 12 17 2 6 6 15 154 18 18 18 5 8 15 11 0 20 13 10 18 19 5 11 17 197 3 2 12 9 8 19 178 154 3 6 10 6 12 2 8 2 16 11 15 9 152 16 6 12 18 9 173 0 15 6 10 18 12 4 11 1 194 167 20 0 179 8 14 12 1 184 16 179 4 11 5 159 1 20 14 4 9 19 0 18 2 2 10 151 1 19 17 192 1 17 9 10 19
218
0 200 65 88 88 59 96 57 100 89 84 115 120 68 67 90 104 118 116 50 62 114 84 87 56 67 103 55 58 73 62 51 82 112 104 52 97 77 73 83 82 87 81 69 65 75 96 74 56 109 101 83 75 54 80 103 91 106 120 99 83 76 117 120 110 116 91 103 80 50 75 62 102 61 89 67 60 114 54 77 87 63 107 112 93 114 60 66 59 70 103 84 119 55 116 117 109 77 70 119 116 90 119 74 67 88 57 109 74 50 103 106 83 50 57 85 120 90 98 80 67 55 86 64 54 108 104 108 118 67 112 88 57 77 114 59 50 105 96 61 118 74 55 82 53 114 72 119 102 82 86 86 113 51 84 109 117 60 119 62 106 74 112 85 72 105 68 59 66 57 114 102 92 105 106 80 61 63 57 67 76 101 120 66 79 83 100 79 88 100 74 66 78 71 75 83 87 54 119 100 55 83 65 51 73 56 96 101 85 111 91 92 86 76 73 103 60 200
545
200 200 200 200 200 200 200 200 200 200 200 200 200 200 200 200 200 200 200 200 200 200 200 200 200 200 200 200 200 200 200 200 200 200 200 200 200 200 200 200 200 200 200 200 200 200 200 200 200 200 200 200 200 200 200 200 200 200 200 200 200 200 200 200 200 200 200 200 200 200 200 200 200 200 200 200 200 200 200 200 200 200 200 200 200 200 200 200 200 200 200 200 200 200 200 200 200 200 200 200 200 200 200 200 200 200 200 200 200 200 200 200 200 200 200 200 200 200 200 200 200 200 200 200 200 200 200 200 200 200 200 200 200 200 200 200 200 200 200 200 200 200 200 200 200 200 200 200 200 200 200 200 200 200 200 200 200 200 200 200 200 200 200 200 200 200 200 200 200 200 200 200 200 200 200 200 200 200 200 200 200 200 200 200 200 200 200 200 200 200 200 200 200 200 200 200 200 200 200 200 200 200 200 200 200 200 200 200 200 200 200 200 200 200 200 200 200 200 200 200 200 200 200 200 200 200 200 200 200 200 200 200 200 200 200 200 200 200 200 200 200 200 200 200 200 200 200 200 200 200 200 200 200 200 200 200 200 200 200 200 200 200 200 200 200 200 200 200 200 200 200 200 200 200 200 200 200 200 200 200 200 200 200 200 200 200 200 200 200 200 200 200 200 200 200 200 200 200 200 200 200 200 200 200 200 200 200 200 200 200 200 200 200 200 200 200 200 200 200 200 200 200 200 200 200 200 200 200 200 200 200 200 200 200 200 200 200 200 200 200 200 200 200 200 200 200 200 200 200 200 200 200 200 200 200 200 200 200 200 200 200 200 200 200 200 200 200 200 200 200 200 200 200 200 200 200 200 200 200 200 200 200 200 200 200 200 200 200 200 200 200 200 200 200 200 200 200 200 200 200 200 200 200 200 200 200 200 200 200 200 200 200 200 200 200 200 200 200 200 200 200 200 200 200 200 200 200 200 200 200 200 200 200 200 200 200 200 200 200 200 200 200 200 200 200 200 200 200 200 200 200 200 200 200 200 200 200 200 200 200 200 200 200 200 200 200 200 200 200 200 200 200 200 200 200 200 200 200 200 200 200 200 200 200 200 200 200 200 200 200 200 200 200 200 200 200 200 200 200 200 200 200 200 200 200 200 200 200 200 200 200 200 200 200 200 200 200 200 200 200 200 200 200 200 200 200 200 200 200 200 200 200 200 200 200 200 200 200 200 200 200 200 200 200 200
349
0 200 52 99 90 52 55 119 90 86 84 119 116 113 54 115 98 101 83 110 115 101 90 65 99 62 61 80 67 50 74 94 103 93 114 97 51 69 115 76 61 79 76 67 69 110 104 74 81 104 106 93 81 117 116 91 70 69 98 69 120 103 91 82 54 119 115 57 66 113 54 68 85 69 120 103 112 55 94 51 56 68 57 96 71 65 63 54 82 53 81 103 76 98 97 113 112 57 85 105 83 93 85 88 114 77 115 56 63 110 71 62 86 61 100 86 72 97 79 62 62 65 99 75 53 118 95 70 82 80 69 97 54 110 118 84 100 51 105 105 69 75 110 74 79 112 72 52 89 100 87 79 111 107 70 96 61 76 92 108 87 79 117 112 79 66 70 79 75 93 55 67 96 90 88 111 79 52 68 103 65 97 58 51 79 94 80 61 70 112 102 53 50 118 120 98 53 120 106 82 101 96 95 94 92 72 118 105 99 60 83 73 96 52 108 98 62 111 55 57 102 110 53 66 98 76 97 96 60 74 57 89 71 109 95 68 77 116 119 92 93 84 117 98 66 83 84 117 56 50 83 115 85 118 74 75 56 72 71 100 85 51 58 101 66 51 100 57 95 112 74 111 64 113 112 100 54 93 68 74 102 78 93 116 58 99 118 78 59 85 72 116 96 60 95 84 64 51 95 107 67 105 107 98 74 60 113 72 89 60 94 97 91 81 52 61 94 96 67 65 102 67 109 51 72 68 82 84 58 79 52 77 53 94 104 97 88 120 105 77 63 94 52 69 66 71 114 105 200
619
12 9 19 154 8 18 154 4 162 7 19 7 172 14 13 2 18 17 5 2 15 15 8 4 11 17 11 6 7 17 6 10 9 10 159 4 3 19 16 179 1 9 15 3 6 19 12 9 14 11 9 1 154 170 167 1 16 4 0 8 20 4 185 13 6 16 174 20 163 13 2 9 6 165 16 20 10 8 3 17 20 10 3 177 2 188 161 7 10 15 14 9 2 177 17 9 9 16 8 18 17 19 162 10 180 10 10 14 14 4 188 4 2 7 14 194 2 7 20 15 180 8 3 8 9 185 1 16 3 7 16 176 20 5 9 1 1 11 5 20 1 11 168 12 6 5 10 18 16 0 5 0 8 16 10 165 15 181 12 4 15 14 7 1 3 9 167 167 4 0 20 6 20 8 10 173 8 12 193 3 0 16 9 1 2 20 15 18 13 192 3 12 158 8 13 16 19 3 1 16 1 11 14 2 9 3 10 158 154 12 2 4 15 15 1 178 171 6 8 191 7 178 2 12 13 180 182 11 11 13 9 3 162 7 20 14 13 9 17 19 14 4 16 4 0 11 1 13 13 7 16 5 8 1 19 1 2 0 3 8 17 18 4 7 3 1 19 5 156 17 8 6 0 4 12 20 11 165 158 6 5 12 11 10 13 7 10 2 14 18 2 5 12 4 9 2 0 12 5 10 3 18 4 163 10 8 11 13 7 10 10 19 12 3 13 2 18 7 9 13 7 9 179 186 15 4 5 4 3 8 2 191 8 5 150 15 1 6 199 11 175 5 13 11 187 0 5 1 2 163 20 16 169 4 198 18 14 1 16 20 8 15 185 4 18 2 7 8 15 0 187 2 6 193 195 20 11 1 12 19 3 157 191 13 163 20 16 20 9 13 10 18 14 157 12 18 15 18 1 17 10 17 14 10 4 3 19 4 16 7 11 1 166 8 6 15 3 15 5 5 11 10 1 19 15 6 5 164 10 20 9 182 6 20 16 14 5 18 10 17 15 14 14 13 18 11 10 5 4 13 0 2 2 169 3 1 19 6 182 19 189 190 6 20 4 17 4 169 16 16 4 19 1 4 11 20 182 2 17 166 6 197 2 5 10 2 15 12 178 179 2 7 158 0 13 8 19 167 6 175 17 16 199 174 5 20 15 5 195 1 177 188 13 9 10 11 10 17 168 11 20 17 4 10 3 20 7 4 19 14 1 10 4 6 7 20 154 186 1 15 4 15 12 17 11 1 5 10 1 14 0 15 196 7 9 14 167 170 153 168 183 5 3 196 1 4 18 153 2 10 192 10 175 8 16 9 11 1 14 9 13 4 19 6 11 198 4 188 13 6 6 4 14 2 4 19 159 19 10 8 14 3 18 3 8 16 7 0 7 9 8 19 13 153 15 17 185 155 161
767
2 6 5 14 10 3 19 15 20 11 8 17 9 10 12 12 5 5 16 7 10 14 10 11 8 2 3 3 7 10 19 13 4 10 8 19 1 6 9 19 9 14 17 0 14 11 3 10 0 1 0 7 20 3 11 20 8 3 5 16 13 19 1 1 16 14 7 1 4 4 16 14 0 5 2 8 16 19 20 0 6 5 7 4 7 20 12 16 1 20 20 8 20 20 8 11 2 13 7 7 0 17 20 2 6 17 13 2 11 16 20 11 6 20 13 5 17 9 12 17 0 4 1 4 1 14 5 0 18 16 14 0 2 10 2 17 14 12 11 5 3 17 14 19 8 17 9 10 6 9 4 8 8 13 9 7 4 5 20 14 3 19 0 7 16 0 4 20 11 15 15 6 18 5 15 6 13 2 8 9 16 4 9 17 15 13 12 10 11 19 12 10 16 15 15 9 19 7 8 0 13 9 14 15 19 16 19 0 12 15 18 11 7 9 19 8 7 7 12 0 9 5 9 4 1 14 19 9 20 1 14 1 19 14 17 7 17 3 4 2 12 8 15 3 16 8 20 16 18 17 11 11 11 3 7 16 11 2 0 20 15 8 13 11 2 17 14 19 15 12 7 10 5 3 3 8 4 7 0 11 8 11 5 18 10 16 13 14 17 10 14 18 15 17 15 9 3 8 0 15 14 20 4 14 5 9 17 8 14 15 20 10 17 1 12 20 9 20 11 9 1 0 15 7 12 2 8 6 1 2 5 10 1 1 16 7 12 10 2 10 0 2 1 1 2 13 1 14 5 11 0 18 5 16 10 6 4 1 5 2 15 14 0 7 7 8 12 4 13 1 15 11 2 6 1 6 17 19 8 9 13 20 1 11 14 4 9 19 14 0 7 6 16 7 20 5 8 16 9 19 1 9 7 20 13 6 3 14 12 7 13 2 17 15 3 10 19 15 2 14 17 2 12 9 15 10 15 15 13 5 9 14 0 5 0 16 14 6 4 17 20 11 11 12 5 11 12 7 20 19 19 13 19 5 15 12 11 14 13 8 7 12 10 8 0 19 13 9 20 6 1 18 15 12 6 9 7 11 0 3 1 0 13 19 4 5 19 14 7 18 11 3 20 19 7 3 0 6 9 2 19 1 7 18 11 5 13 17 17 6 9 17 16 17 5 13 19 19 1 7 2 6 8 11 20 19 8 13 4 6 10 1 11 8 5 11 14 7 4 12 4 2 17 16 1 19 0 0 17 11 0 12 15 6 6 13 14 8 3 5 20 14 9 9 19 5 5 8 2 12 11 14 0 9 3 17 18 6 5 12 7 17 19 9 11 0 13 11 11 11 13 6 11 4 7 7 11 16 8 0 9 19 16 12 7 0 16 17 7 2 15 19 17 18 13 13 17 8 9 7 18 11 7 2 16 0 6 13 11 4 9 19 17 8 17 11 14 20 13 10 10 8 8 18 1 0 12 12 2 20 15 20 3 3 7 2 12 2 7 3 3 16 1 4 12 19 1 19 0 7 7 11 10 14 15 1 10 7 15 8 2 19 10 18 4 12 10 14 6 15 9 7 13 11 2 8 18 18 16 3 2 20 1 2 1 14 17 11 8 19 11 1 17 18 0 1 18 16 18 11 6 9 17 8 10 10 2 11 10 6 12 8 19 11 6 4 17 12 18 5 5 4 15 3 6 15 9 11 10 15 16 15 5 14 12 0 12 8 3 15 13 16 3 4 3 9 4
450
200 200 200 200 200 200 200 200 200 200 200 200 200 200 200 200 200 200 200 200 200 200 200 200 200 200 200 200 200 200 200 200 200 200 200 200 200 200 200 200 200 200 200 200 200 200 200 200 200 200 200 200 200 200 200 200 200 200 200 200 200 200 200 200 200 200 200 200 200 200 200 200 200 200 200 200 200 200 200 200 200 200 200 200 200 200 200 200 200 200 200 200 200 200 200 200 200 200 200 200 200 200 200 200 200 200 200 200 200 200 200 200 200 200 200 200 200 200 200 200 200 200 200 200 200 200 200 200 200 200 200 200 200 200 200 200 200 200 200 200 200 200 200 200 200 200 200 200 200 200 200 200 200 200 200 200 200 200 200 200 200 200 200 200 200 200 200 200 200 200 200 200 200 200 200 200 200 200 200 200 200 200 200 200 200 200 200 200 200 200 200 200 200 200 200 200 200 200 200 200 200 200 200 200 200 200 200 200 200 200 200 200 200 200 200 200 200 200 200 200 200 200 200 200 200 200 200 200 200 200 200 200 200 200 200 200 200 200 200 200 200 200 200 200 200 200 200 200 200 200 200 200 200 200 200 200 200 200 200 200 200 200 200 200 200 200 200 200 200 200 200 200 200 200 200 200 200 200 200 200 200 200 200 200 200 200 200 200 200 200 200 200 200 200 200 200 200 200 200 200 200 200 200 200 200 200 200 200 200 200 200 200 200 200 200 200 200 200 200 200 200 200 200 200 200 200 200 200 200 200 200 200 200 200 200 200 200 200 200 200 200 200 200 200 200 200 200 200 200 200 200 200 200 200 200 200 200 200 200 200 200 200 200 200 200 200 200 200 200 200 200 200 200 200 200 200 200 200 200 200 200 200 200 200 200 200 200 200 200 200 200 200 200 200 200 200 200 200 200 200 200 200 200 200 200 200 200 200 200 200 200 200 200 200 200 200 200 200 200 200 200 200 200 200 200 200 200 200 200 200 200 200 200 200 200 200 200 200 200 200 200 200 200 200 200 200 200 200 200 200
107
0 0 0 0 0 0 0 0 0 0 0 0 0 0 0 0 0 0 0 0 0 0 0 0 0 0 0 0 0 0 0 0 0 0 0 0 0 0 0 0 0 0 0 0 0 0 0 0 0 0 0 0 0 0 0 0 0 0 0 0 0 0 0 0 0 0 0 0 0 0 0 0 0 0 0 0 0 0 0 0 0 0 0 0 0 0 0 0 0 0 0 0 0 0 0 0 0 0 0 0 0 0 0 0 0 0 0
872
13 15 12 17 18 20 1 3 1 9 7 10 19 9 0 6 13 17 5 16 12 19 0 18 18 19 6 20 6 8 6 11 16 7 10 15 11 9 1 3 3 2 9 6 19 7 8 15 12 15 13 18 6 12 20 20 14 20 12 16 7 5 19 7 4 15 19 9 1 4 5 4 14 5 12 7 14 12 18 14 10 20 1 8 17 12 9 13 3 17 16 14 8 16 8 10 2 9 17 2 8 0 14 14 15 19 5 8 13 11 9 19 8 9 19 13 0 20 3 15 11 11 0 19 11 5 10 5 19 7 5 9 12 20 1 0 3 2 1 3 5 17 6 15 18 0 16 7 7 3 13 20 6 3 11 18 16 8 17 7 18 0 20 15 4 8 19 1 7 6 2 6 17 14 4 9 14 11 3 8 6 3 15 17 14 0 14 3 9 8 8 1 9 10 5 2 16 16 16 7 8 18 17 2 12 5 7 10 7 5 6 11 1 19 5 4 20 6 11 17 1 17 12 0 6 17 18 5 10 9 6 4 4 6 12 8 6 18 6 9 18 5 7 9 16 9 8 14 1 5 19 10 7 12 20 16 7 11 18 18 5 4 15 1 0 5 7 9 2 15 16 11 8 9 1 1 9 18 19 1 19 8 20 14 0 5 2 0 15 18 13 7 17 8 5 19 17 18 17 11 7 8 4 17 18 1 13 11 9 15 2 15 8 0 15 15 20 1 18 2 13 7 3 8 7 16 0 17 17 16 9 17 13 11 17 8 5 18 4 16 14 0 14 16 19 11 7 13 1 20 3 16 12 4 4 14 6 8 11 1 13 13 17 15 12 8 1 17 10 8 7 7 8 9 6 13 4 12 15 5 18 6 5 6 6 12 19 9 3 10 16 2 7 9 7 7 12 16 1 10 11 4 7 6 19 13 15 7 14 3 20 0 12 4 4 4 16 4 11 17 2 6 4 0 9 12 6 20 18 2 0 6 1 7 2 3 18 0 10 0 8 4 9 20 19 4 4 16 0 18 2 3 11 7 12 12 9 8 7 13 14 5 20 13 6 7 10 5 9 9 14 18 0 7 13 4 0 0 2 1 10 4 17 5 6 17 6 0 15 4 7 17 11 2 3 15 16 19 5 12 5 10 2 0 16 1 11 13 5 2 0 17 9 18 6 5 2 16 9 19 1 4 8 13 3 4 8 18 18 2 5 5 18 17 18 1 17 17 1 15 1 20 20 19 5 19 19 14 5 19 3 5 7 2 16 4 4 10 11 3 20 19 3 16 20 8 18 3 6 18 15 14 5 10 4 6 20 6 16 6 20 4 11 1 2 9 18 2 15 3 1 17 17 16 7 6 1 20 15 5 7 15 4 0 17 8 13 12 20 3 11 12 6 7 16 13 5 8 4 4 12 9 3 4 18 17 2 13 13 11 20 9 1 18 8 18 8 0 5 9 8 7 2 0 8 3 15 0 5 20 8 0 3 15 12 13 10 20 1 8 4 8 20 6 1 11 10 20 5 0 2 2 7 8 16 9 16 0 10 11 7 11 0 9 6 12 18 17 15 6 15 14 1 13 14 1 15 18 1 7 2 6 11 16 7 7 0 16 8 2 19 14 2 13 16 16 11 12 7 4 17 7 3 4 5 10 5 12 4 3 17 12 11 1 15 10 3 1 19 10 0 7 14 8 14 7 15 17 7 13 15 18 7 7 4 18 8 13 16 8 0 10 10 5 3 6 15 0 12 13 14 11 10 8 16 10 11 10 17 12 13 17 9 15 10 6 18 2 11 1 19 18 9 12 14 1 7 12 1 19 16 9 11 5 7 10 2 18 12 16 8 0 9 1 10 17 15 5 6 12 4 13 9 16 19 17 6 10 9 6 15 19 6 19 20 20 8 5 2 5 16 1 1 7 0 13 12 14 11 6 7 15 3 2 15 19 4 14 14 6 19 19 15 5 14 3 11 3 15 0 16 5
119
200 200 200 200 200 200 200 200 200 200 200 200 200 200 200 200 200 200 200 200 200 200 200 200 200 200 200 200 200 200 200 200 200 200 200 200 200 200 200 200 200 200 200 200 200 200 200 200 200 200 200 200 200 200 200 200 200 200 200 200 200 200 200 200 200 200 200 200 200 200 200 200 200 200 200 200 200 200 200 200 200 200 200 200 200 200 200 200 200 200 200 200 200 200 200 200 200 200 200 200 200 200 200 200 200 200 200 200 200 200 200 200 200 200 200 200 200 200 200
709
13 200 16 5 19 191 180 14 17 16 189 7 3 9 19 0 14 0 18 183 9 9 20 1 1 153 8 164 0 6 3 11 179 5 20 17 20 5 5 186 9 14 5 11 171 11 15 189 198 15 6 0 0 17 15 199 150 17 8 18 17 20 17 17 7 12 16 12 12 7 195 7 2 8 185 17 19 0 7 164 12 152 0 9 17 19 17 153 15 1 0 0 0 1 6 180 9 9 169 5 7 5 7 6 17 15 153 14 188 17 8 5 16 0 189 173 3 1 4 14 7 5 10 175 14 13 12 176 12 10 2 1 20 19 2 16 175 9 152 18 7 5 150 177 17 1 151 0 11 160 12 15 20 20 0 20 19 182 16 10 154 161 16 13 4 6 4 196 2 150 10 11 175 187 167 1 4 10 188 3 188 20 19 8 16 7 16 173 9 16 18 6 10 13 6 3 158 14 18 7 8 5 16 7 5 19 7 2 178 12 2 10 14 4 13 7 13 2 15 159 17 8 5 193 17 195 11 6 17 5 156 3 10 166 192 187 19 17 189 20 9 19 6 16 179 158 3 8 4 12 2 7 8 11 4 19 8 3 154 4 18 1 200 0 17 194 8 6 13 192 16 14 0 14 18 19 7 15 14 180 168 16 19 1 18 174 0 184 1 17 0 12 14 10 19 16 12 150 16 19 18 13 179 7 3 11 17 17 168 14 180 193 16 9 1 9 18 5 176 14 13 171 7 14 195 1 164 18 12 19 6 8 16 1 14 13 0 2 161 10 11 7 2 17 181 17 1 9 8 19 3 4 12 13 2 0 17 1 20 2 156 17 5 2 4 3 1 14 10 16 175 12 199 19 8 15 3 7 5 13 0 16 19 10 1 175 198 18 11 17 18 14 15 0 6 168 13 181 17 16 182 12 162 10 8 4 12 1 10 160 17 5 10 8 4 15 5 2 8 195 12 5 4 15 13 4 11 3 17 193 2 7 164 180 6 162 19 19 4 3 13 19 5 18 179 195 20 18 3 183 13 173 10 18 19 16 10 20 3 5 5 17 11 8 150 7 15 20 198 17 200 159 18 9 12 11 2 16 0 2 5 160 177 171 0 178 3 20 17 10 20 13 187 193 18 163 5 8 4 180 175 151 6 3 19 11 20 3 158 7 150 197 18 2 157 6 154 18 0 7 0 163 11 15 168 1 1 176 164 18 0 5 2 192 10 6 7 173 12 5 10 6 6 18 16 10 192 16 17 193 18 2 175 18 18 13 6 14 17 3 156 17 3 17 16 11 13 18 15 174 9 18 1 155 11 11 157 11 5 20 183 167 0 14 164 1 3 161 8 9 11 8 12 11 0 12 187 6 19 5 14 167 3 16 16 17 6 4 183 19 10 19 156 13 14 15 16 10 10 0 7 6 14 18 14 165 7 6 2 14 10 4 20 13 19 19 2 2 6 18 20 11 16 8 158 14 7 10 3 16 6 6 14 20 9 5 195 5 16 153 6 180 7 3 151 17 19 5 5 6 17 2 17 16 17 5 2 15 181 166 1 1 16 2 17 5 16 169 17 0 18 161 0 12 12 6 20 16 2 3 3 0 7 15 197 178 4 188 197
993
198 20 14 15 2 193 199 1 20 5 15 13 15 4 20 13 8 175 12 5 18 11 4 195 12 13 11 178 18 2 11 16 11 4 160 12 184 15 174 16 164 183 5 15 10 171 8 198 17 12 8 12 8 183 7 1 4 3 6 7 19 186 7 2 2 15 15 14 16 152 2 14 188 3 2 16 19 17 8 11 1 14 8 0 4 2 6 11 14 13 1 18 17 18 16 16 157 17 173 20 10 12 17 20 16 8 177 11 3 162 10 7 1 9 2 11 4 1 19 180 1 180 2 5 19 7 9 167 166 18 2 163 5 0 10 153 13 6 177 154 16 6 200 1 187 154 14 170 19 1 15 20 5 0 16 20 184 6 3 17 13 11 193 1 11 171 10 12 155 180 8 8 19 6 182 8 3 15 178 188 2 13 16 11 151 200 12 13 5 10 0 175 20 179 4 19 152 3 4 16 5 19 17 178 3 9 161 155 4 161 15 14 198 18 165 19 3 5 11 12 4 175 14 170 5 192 7 162 158 1 8 11 158 1 17 13 7 19 1 3 14 18 171 18 173 15 9 19 3 15 159 12 5 18 188 14 9 12 8 9 158 2 6 12 17 156 7 8 188 6 14 13 0 13 12 155 182 20 2 161 5 0 16 12 7 16 12 16 19 12 4 20 19 6 20 7 14 15 3 2 16 5 8 13 5 176 12 9 13 190 193 20 1 16 2 7 3 12 17 3 11 11 10 154 193 20 12 2 11 10 3 14 2 2 7 6 4 3 16 16 183 12 10 170 9 1 160 18 181 2 190 14 3 19 7 182 15 13 11 8 14 7 9 20 14 16 20 18 7 19 1 15 15 8 20 6 13 1 6 157 16 11 15 4 3 9 8 14 15 5 16 18 176 18 2 188 0 6 192 7 150 17 195 14 8 2 15 11 186 156 164 8 10 10 12 6 10 12 183 196 150 153 17 8 4 196 13 5 11 15 168 2 189 199 14 5 6 16 0 4 4 3 2 185 19 17 5 12 19 19 14 1 19 0 0 9 19 0 152 13 18 5 156 8 17 4 173 7 9 11 2 20 18 12 6 20 18 4 0 19 12 6 175 20 3 1 20 6 2 1 16 14 18 184 18 2 12 2 185 18 158 9 4 4 14 6 13 0 16 18 7 4 14 14 5 198 8 13 20 13 0 16 0 161 5 6 17 11 172 8 2 13 195 18 158 7 17 17 15 185 173 18 14 18 18 7 16 17 15 9 12 4 19 20 5 164 11 13 18 11 14 20 1 11 17 2 199 2 10 8 10 11 12 3 13 6 10 182 18 13 1 7 10 16 14 20 9 1 6 0 13 174 153 20 3 3 13 10 9 1 194 3 8 20 20 8 14 15 182 11 20 6 17 20 6 152 14 161 5 20 193 13 9 0 17 14 3 200 10 171 156 0 2 194 9 13 11 4 6 14 167 1 14 18 11 10 1 15 15 6 156 1 196 4 5 9 2 163 4 154 2 0 12 0 2 174 15 188 14 19 15 4 20 13 2 18 10 6 15 0 0 20 174 15 13 12 17 15 14 17 10 168 12 9 20 7 159 171 1 3 159 8 8 3 15 18 14 2 13 12 17 3 2 168 18 9 7 0 1 7 20 164 3 19 19 19 15 10 158 4 5 180 10 6 20 8 180 12 5 6 158 17 2 13 19 8 5 12 4 10 153 13 153 8 1 6 17 1 17 152 177 9 10 14 3 17 6 2 150 12 5 19 2 19 7 196 8 3 20 181 10 186 5 170 17 14 6 18 8 20 18 8 9 15 165 186 0 187 13 4 9 169 4 1 12 160 12 8 8 157 6 19 9 20 16 198 2 20 5 9 11 16 11 170 11 20 5 6 18 17 18 11 14 5 151 14 9 184 155 157 200 2 13 16 17 3 13 3 181 4 19 187 164 172 5 3 0 4 187 10 18 20 13 15 14 14 19 197 20 7 0 8 8 6 8 10 194 11 169 17 9 190 11 166 14 2 7 159 1 13 15 11 16 186 13 4 4 0 18 17 4 15 14 10 7 5 18 8 8 4 18 0 4 184 20 15 19 15 5 3 19 16 193 20 8 171 16 9 179 12 4 9 161 160 0 11 13 198 12 18 20 0 19 17 7 197 3 16 3 9 0 12 19 10 184 2 20 200 20 8 18 5 5 2 11 171 8 17 3 150 17 6 6 0 6 11 1 10 153 5 12 13 3 185 197 3 5 184 13 182 5 15 18
597
11 1 1 2 8 168 18 193 11 16 14 9 13 20 16 5 11 162 178 16 14 5 185 4 8 0 5 182 8 10 4 9 4 191 161 17 11 19 7 12 178 9 11 179 2 8 0 2 163 6 178 155 1 16 6 17 13 4 12 20 5 9 9 1 4 5 5 9 7 4 173 169 5 8 1 19 15 156 1 8 2 4 9 3 1 0 5 4 3 3 172 0 7 150 166 1 12 10 9 3 9 16 20 1 19 6 16 11 8 175 187 7 18 20 18 173 168 12 17 15 0 165 19 12 169 18 2 196 13 20 6 10 177 18 5 4 20 9 15 16 20 18 18 18 199 9 194 14 18 10 11 4 0 6 4 2 5 10 153 13 158 14 3 1 18 18 157 18 10 1 13 2 19 4 4 166 192 14 17 8 8 3 3 18 6 15 14 4 7 160 152 9 8 13 180 15 184 20 20 180 4 19 11 198 7 152 164 18 11 6 4 4 0 13 20 6 17 166 14 165 6 11 3 17 3 18 19 190 184 11 0 0 0 187 165 17 2 17 19 0 5 0 15 1 6 179 15 184 3 160 9 5 18 6 5 6 5 7 192 1 14 14 18 10 2 14 19 1 5 13 15 14 0 8 11 13 166 14 5 153 19 8 18 155 155 169 2 5 5 12 10 12 9 20 12 4 16 157 11 9 162 187 185 8 8 10 1 17 151 7 4 160 15 19 164 9 15 190 20 6 8 16 20 1 10 9 168 1 185 195 19 161 165 20 15 168 18 9 14 15 4 12 7 20 0 189 17 7 13 10 3 8 9 191 11 9 12 16 11 20 6 167 172 0 160 151 12 10 172 1 17 13 158 18 3 4 190 14 157 196 6 2 7 0 15 10 7 6 6 7 14 15 19 4 170 20 2 1 12 13 0 12 178 4 6 14 2 14 19 1 10 19 17 11 8 5 20 20 168 7 161 6 5 5 194 2 180 18 7 15 17 8 1 3 4 7 3 9 1 12 4 176 14 19 18 19 12 15 163 182 17 17 0 3 18 2 19 17 19 3 10 9 6 19 152 168 165 20 2 182 155 15 9 14 6 14 8 19 150 15 7 16 4 18 181 17 9 10 2 9 20 19 9 9 17 1 6 10 16 10 1 163 11 10 5 7 18 195 188 19 7 179 191 173 17 5 15 168 7 152 163 166 10 4 11 1 16 151 188 189 15 0 184 11 1 3 156 18 5 7 191 4 177 162 15 0 12 9 15 168 8 0 18 162 4 18 2 5 9 10 0 6 20 152 199 5 154 19 13 13 8 1 14 175 20 4 179 15 11 20 4 6 11 16 167 16 17 9 175 19 12 5 18 2 168 14 8
961
16 3 4 14 158 168 13 2 16 14 16 13 2 171 165 20 177 7 13 153 8 11 15 19 13 10 16 16 5 3 19 4 18 2 19 170 4 173 3 0 11 13 1 0 188 191 189 12 17 9 186 16 5 7 9 169 6 18 6 15 14 3 177 154 162 3 17 1 7 6 9 13 2 178 11 0 191 18 5 6 4 18 15 5 17 14 16 4 10 13 14 7 9 3 195 11 3 14 7 153 16 18 10 14 10 1 20 4 10 8 1 13 19 16 1 200 176 12 17 8 198 17 176 3 10 5 18 11 13 0 6 159 9 200 20 9 11 17 4 9 7 18 7 4 13 13 13 18 15 11 13 5 7 182 174 19 16 3 1 189 9 169 0 1 15 191 13 5 4 9 11 4 164 12 2 7 9 20 180 171 14 156 20 19 20 18 3 8 156 8 189 18 16 192 13 19 2 11 13 7 6 2 7 2 166 19 2 16 20 5 0 20 172 181 11 4 19 1 12 0 14 4 0 1 7 7 13 20 15 12 0 16 0 7 8 10 12 193 19 13 6 180 4 17 7 10 10 0 4 17 178 2 9 6 0 4 185 7 199 4 197 17 6 20 15 184 4 19 10 3 15 0 0 20 196 20 20 9 8 195 0 16 9 8 161 11 10 1 11 11 2 7 1 7 9 20 10 198 11 11 9 9 0 13 15 13 2 158 173 2 7 20 14 14 15 12 153 17 0 12 0 14 8 1 12 0 13 8 2 19 13 154 182 184 1 16 2 18 15 165 11 13 167 4 1 4 17 2 7 6 7 1 17 3 10 18 178 10 1 19 10 18 5 182 7 171 4 193 13 0 14 14 17 19 199 154 0 6 2 16 15 20 4 156 19 4 9 11 5 195 0 4 12 8 15 18 13 1 7 6 5 17 4 14 15 14 8 8 1 4 12 9 18 170 3 14 13 7 0 9 17 7 9 1 162 4 19 164 0 9 19 184 19 0 151 15 10 5 18 1 164 19 10 20 20 5 0 172 178 8 9 18 0 174 15 1 18 18 14 16 18 159 14 14 197 7 1 171 4 164 5 3 7 0 18 0 152 1 196 13 12 169 14 14 10 163 157 15 182 13 18 0 1 198 3 14 11 2 17 183 10 14 9 9 6 8 185 20 168 13 0 16 6 15 17 11 11 7 0 155 13 199 14 18 2 3 14 4 19 2 19 12 10 1 19 176 15 193 180 19 13 16 5 11 9 11 20 172 12 169 9 20 10 5 6 186 17 20 4 5 192 15 7 19 165 13 196 15 153 13 14 18 14 11 5 9 169 14 7 12 4 197 17 19 14 186 3 193 7 8 182 3 19 14 12 12 3 154 6 154 5 175 4 0 2 18 12 14 190 14 9 20 19 17 7 18 14 5 6 20 5 19 171 15 12 185 2 18 20 19 167 167 6 7 7 1 13 0 194 14 7 20 12 8 184 14 20 12 15 4 12 16 17 20 12 10 7 18 5 5 5 19 2 10 14 0 14 176 5 1 19 16 11 11 11 5 8 12 5 20 11 8 0 15 18 7 6 2 173 16 4 17 165 16 15 8 4 20 6 14 13 19 2 12 17 5 2 13 4 9 18 20 17 179 10 16 19 20 13 163 195 18 162 6 0 2 15 5 19 2 12 12 5 191 17 11 17 13 1 16 17 9 12 11 11 14 12 4 13 188 166 190 15 4 13 151 157 18 17 192 15 187 8 5 200 9 13 2 7 12 4 18 17 10 4 11 15 18 189 6 17 7 16 8 12 6 170 0 14 17 178 2 168 182 17 11 11 19 7 20 11 10 182 11 173 163 8 15 5 4 16 8 15 181 13 0 15 15 15 4 19 181 12 11 182 2 10 13 2 2 168 2 1 151 3 15 0 3 1 4 196 190 15 3 2 4 17 9 172 13 8 19 12 16 14 15 194 8 1 166 7 4 14 2 8 12 0 1 157 3 180 7 157 0 167 9 7 9 5 13 19 197 6 15 17 0 7 15 9 5 182 186 187 16 11 15 155 3 16 175 1 17 180 3 14 20 19 1 3 17 1 16 20 12 8 18 193 14 168 163 188 20 14 3 19 8 164 7 2 9 196 4 2 11 6 15 4 9 11 176 163 15 175 9 172 19 15 20 0 17 164 2 14 1 169 174 200 191 17 11 20
305
0 11 151 7 6 0 188 182 9 18 172 9 4 12 8 5 5 4 12 15 16 199 9 12 19 2 12 180 200 151 14 15 1 6 161 196 184 12 171 20 11 160 2 8 15 18 165 1 19 20 183 3 6 7 6 11 19 2 13 1 9 194 11 9 14 11 19 5 20 165 15 0 165 7 15 0 8 13 11 18 19 0 8 6 10 2 3 4 17 159 14 0 9 8 10 193 9 10 4 1 15 14 16 11 181 20 10 13 16 18 154 12 8 160 18 13 195 14 151 176 16 8 1 9 15 168 3 13 15 17 2 4 171 11 14 13 18 12 10 186 7 13 171 8 7 4 13 158 154 12 13 5 177 3 6 13 15 3 11 7 172 0 12 11 190 15 3 5 18 9 180 1 14 6 9 19 13 19 4 8 9 4 186 0 183 158 6 1 13 186 0 8 2 18 14 17 13 0 13 4 14 20 193 2 164 8 178 188 8 5 12 14 0 17 200 12 162 20 4 20 2 11 8 14 5 19 10 20 4 19 9 15 7 153 156 5 158 6 10 6 5 4 20 13 4 9 3 8 1 183 8 163 13 186 16 157 6 177 172 16 9 7 12 17 160 13 9 9 171 2 19 2 15 197 5 13 8 10 12 15 12 182 15 0 5 182 3 3 19 5 12 4 10 196 11 12 2 3 20 17 9 4 7 19 184
175
164 44 131 162 192 45 131 198 2 129 188 47 200 113 121 8 128 25 17 44 2 169 147 130 158 33 50 127 118 105 151 156 6 153 140 162 26 189 94 176 77 3 42 107 180 172 168 91 25 131 37 166 130 92 6 173 38 178 81 21 148 28 200 125 74 40 162 38 24 85 69 133 188 118 122 56 138 79 127 174 171 139 26 52 27 18 171 47 17 149 97 95 53 183 141 173 139 38 184 43 20 93 145 103 149 42 98 96 47 111 184 12 176 174 148 106 188 128 132 106 87 180 165 31 20 159 116 86 122 154 133 92 37 1 60 125 134 130 168 75 83 184 145 130 174 125 7 32 95 176 166 11 103 162 174 116 18 181 64 60 79 135 11 136 59 176 131 127 165 122 151 79 46 152 200
616
15 14 7 3 6 15 14 8 6 16 14 5 11 8 0 0 16 2 18 6 9 14 10 12 12 14 8 16 14 14 12 10 4 8 4 9 11 5 5 1 4 15 9 2 1 9 7 2 0 0 20 3 5 7 8 9 1 14 9 17 15 16 20 12 2 12 17 14 8 0 19 8 11 10 13 14 17 13 14 3 14 12 0 18 5 10 4 11 20 9 19 14 11 0 7 5 4 4 19 20 7 11 6 11 5 20 3 18 19 4 15 12 4 18 8 14 8 14 0 8 8 10 14 3 17 1 5 8 4 7 12 14 3 0 8 16 15 7 17 1 20 4 14 5 7 4 1 5 11 20 7 9 12 20 9 10 7 8 4 4 18 18 18 1 3 5 2 13 4 5 7 0 7 7 14 16 1 15 15 3 10 17 7 8 1 11 1 0 16 16 4 9 19 19 3 14 20 5 8 0 0 7 9 8 8 17 12 14 2 11 15 1 15 20 2 15 2 13 5 18 4 4 13 2 6 3 17 18 0 1 0 14 7 19 16 17 15 1 5 17 1 10 9 19 1 13 13 16 15 13 5 9 16 5 5 5 20 15 0 3 7 3 20 13 18 4 9 11 19 3 14 14 12 8 16 10 6 8 7 18 15 19 16 13 12 4 4 4 6 15 13 10 8 4 2 6 7 14 16 4 13 17 17 9 18 9 8 13 17 7 10 13 11 5 10 4 4 18 1 14 17 7 12 14 11 20 8 2 2 20 17 4 15 8 2 1 3 13 3 16 17 18 19 19 9 13 15 13 8 11 3 19 3 18 15 1 9 13 18 0 17 5 0 20 14 4 11 10 1 15 1 12 6 15 5 9 5 11 5 4 6 8 16 19 5 5 3 15 1 19 18 20 18 14 6 16 20 9 3 1 20 11 5 7 6 16 15 6 9 7 8 6 0 20 16 16 8 9 10 7 4 5 2 20 19 20 0 10 4 20 9 8 9 6 8 5 16 1 18 7 8 19 6 17 7 12 3 1 6 0 14 8 10 12 19 17 14 4 7 18 13 0 5 20 4 3 3 7 14 6 12 10 18 15 16 4 8 15 1 1 11 13 14 5 11 11 6 17 4 11 20 19 6 10 6 20 9 6 18 20 15 5 0 15 11 9 15 16 4 1 15 14 2 2 3 20 20 13 5 19 20 3 7 18 14 3 2 17 13 7 19 15 17 7 12 10 3 4 19 2 2 6 8 18 2 16 3 14 12 14 15 14 13 0 18 9 19 15 2 11 6 11 1 14 2 17 6 3 9 2 14 4 12 15 6 19 0 2 15 10 2 11 4 1 1 11 17 2 7 1 19 0 5 1 12 4 18 8 0 10 12 11 14 5 20 10 20 17 13 13 0 1 13 8 2 17
426
0 0 0 0 0 0 0 0 0 0 0 0 0 0 0 0 0 0 0 0 0 0 0 0 0 0 0 0 0 0 0 0 0 0 0 0 0 0 0 0 0 0 0 0 0 0 0 0 0 0 0 0 0 0 0 0 0 0 0 0 0 0 0 0 0 0 0 0 0 0 0 0 0 0 0 0 0 0 0 0 0 0 0 0 0 0 0 0 0 0 0 0 0 0 0 0 0 0 0 0 0 0 0 0 0 0 0 0 0 0 0 0 0 0 0 0 0 0 0 0 0 0 0 0 0 0 0 0 0 0 0 0 0 0 0 0 0 0 0 0 0 0 0 0 0 0 0 0 0 0 0 0 0 0 0 0 0 0 0 0 0 0 0 0 0 0 0 0 0 0 0 0 0 0 0 0 0 0 0 0 0 0 0 0 0 0 0 0 0 0 0 0 0 0 0 0 0 0 0 0 0 0 0 0 0 0 0 0 0 0 0 0 0 0 0 0 0 0 0 0 0 0 0 0 0 0 0 0 0 0 0 0 0 0 0 0 0 0 0 0 0 0 0 0 0 0 0 0 0 0 0 0 0 0 0 0 0 0 0 0 0 0 0 0 0 0 0 0 0 0 0 0 0 0 0 0 0 0 0 0 0 0 0 0 0 0 0 0 0 0 0 0 0 0 0 0 0 0 0 0 0 0 0 0 0 0 0 0 0 0 0 0 0 0 0 0 0 0 0 0 0 0 0 0 0 0 0 0 0 0 0 0 0 0 0 0 0 0 0 0 0 0 0 0 0 0 0 0 0 0 0 0 0 0 0 0 0 0 0 0 0 0 0 0 0 0 0 0 0 0 0 0 0 0 0 0 0 0 0 0 0 0 0 0 0 0 0 0 0 0 0 0 0 0 0 0 0 0 0 0 0 0 0 0 0 0 0 0 0 0 0 0 0 0 0 0 0 0 0 0 0 0 0 0 0 0
963
0 200 94 104 66 86 71 120 73 76 64 64 72 56 92 57 109 65 93 96 107 112 105 110 93 109 63 88 101 87 106 119 62 74 79 92 78 68 59 73 115 104 55 58 88 105 63 115 81 77 52 110 63 106 103 99 114 69 98 101 111 98 81 107 101 98 78 98 103 87 54 81 117 102 97 99 120 88 54 88 98 90 86 88 62 80 109 60 106 53 51 117 111 120 64 102 53 56 104 116 81 96 60 86 96 104 62 64 111 78 53 82 61 64 89 50 94 90 78 78 92 113 101 80 60 75 86 93 71 60 72 109 53 115 91 116 93 69 92 71 61 53 94 104 101 118 55 54 98 111 74 113 76 117 64 61 112 84 54 55 90 93 57 84 52 81 120 107 74 92 55 89 110 93 88 113 51 75 78 72 64 111 94 52 92 80 81 75 79 86 84 111 85 60 105 77 63 67 83 84 55 120 108 78 72 54 100 103 66 67 72 99 74 103 59 94 91 120 58 78 93 101 104 101 72 86 104 76 53 106 52 69 60 64 81 114 61 94 110 55 108 78 65 84 84 117 87 85 97 71 118 107 112 118 79 89 111 93 54 94 86 96 71 63 82 71 75 56 119 95 109 64 72 67 110 61 57 75 61 91 84 96 94 58 65 65 72 66 83 120 102 109 111 107 78 82 95 59 71 118 89 90 105 111 53 85 72 55 63 57 107 79 112 56 72 60 106 78 80 50 60 81 95 73 99 52 81 58 111 118 115 100 82 113 115 78 68 113 54 95 83 53 79 115 79 51 102 70 50 61 120 89 94 115 99 54 88 117 77 79 92 56 74 60 110 68 84 116 103 60 73 107 92 69 95 88 79 103 108 77 116 71 74 104 92 67 85 108 85 113 57 50 79 83 91 97 113 117 92 88 106 113 97 68 96 83 72 102 62 110 55 93 74 84 120 59 82 76 54 88 109 62 59 103 107 65 59 89 52 82 119 110 82 92 60 84 88 78 77 109 97 105 77 65 66 90 72 118 92 87 58 66 104 53 92 79 67 84 64 105 59 60 81 57 111 72 91 68 90 104 116 82 119 62 93 85 116 115 103 97 74 69 96 115 96 103 102 75 97 91 51 62 71 89 74 71 78 88 77 66 54 104 85 105 90 91 57 112 115 101 65 101 120 101 95 60 103 102 120 111 106 78 96 53 65 61 74 73 105 53 74 78 52 113 83 54 89 55 53 90 110 52 100 111 82 101 113 73 111 72 119 64 78 92 83 64 90 50 117 59 94 90 120 109 78 104 109 87 62 95 57 69 82 92 82 66 65 109 116 109 109 106 66 105 103 58 114 90 109 82 94 67 72 100 67 79 89 67 74 96 90 83 86 94 59 92 56 56 75 71 56 103 105 96 53 88 115 107 53 115 107 107 92 57 83 104 72 103 111 55 101 61 98 103 55 68 62 108 119 65 103 63 59 97 59 85 119 61 88 50 80 58 107 90 56 79 54 110 91 118 63 88 97 54 51 63 98 56 86 74 90 84 107 69 80 99 116 63 110 109 75 77 76 108 59 79 109 55 69 66 104 94 50 67 106 118 73 115 101 97 77 62 78 92 116 61 116 58 68 83 95 120 114 101 96 56 77 59 89 57 86 117 72 118 60 92 76 117 95 109 68 102 96 115 105 69 70 117 50 117 114 76 60 103 112 88 51 57 90 118 61 117 103 92 110 78 68 86 102 95 76 55 76 85 91 66 80 98 102 75 71 50 92 58 110 100 81 99 97 115 82 79 59 109 50 80 57 65 63 53 51 88 107 107 97 98 63 50 91 107 70 76 108 83 96 113 95 60 88 55 103 63 65 111 55 58 55 88 98 81 83 61 96 113 66 69 64 73 115 58 87 75 80 84 91 90 98 76 77 102 108 77 118 54 93 110 102 83 94 64 102 89 84 105 50 60 94 76 88 106 104 71 68 61 62 59 68 113 51 115 71 111 54 70 108 87 118 74 80 68 88 82 76 89 105 80 51 74 106 113 62 85 105 102 92 79 101 55 89 70 95 111 74 62 62 80 91 86 83 82 110 112 86 78 96 70 102 61 71 64 106 117 108 101 93 111 65 57 96 108 100 66 89 56 97 115 73 97 83 54 63 92 52 104 50 67 107 68 119 71 110 77 107 116 66 117 73 86 96 59 95 61 200
10
23 153 121 71 99 153 145 4 16 134
47
148 86 7 181 93 140 42 154 102 152 138 139 59 126 85 26 38 184 139 194 134 176 37 128 20 163 162 126 27 82 192 4 31 116 136 57 105 176 136 187 160 123 175 39 67 127 185
385
3 8 17 13 4 4 19 14 8 13 13 0 11 20 189 7 5 14 20 20 0 5 187 178 7 158 2 11 8 151 6 13 20 8 183 14 19 10 3 14 20 4 3 18 8 20 1 155 159 10 5 12 20 20 2 20 183 6 9 8 13 1 16 7 1 8 1 157 13 195 12 3 15 8 0 18 7 2 18 18 17 6 193 5 20 182 14 13 18 188 0 13 4 4 198 14 190 186 19 12 16 2 7 1 17 1 13 15 19 4 16 16 13 6 19 0 3 150 9 196 18 18 6 14 5 14 10 15 19 14 3 192 8 20 11 20 19 4 3 6 6 4 10 13 15 184 0 11 10 0 11 20 16 150 15 0 198 16 15 1 0 183 6 20 14 18 13 19 1 9 19 6 3 16 19 3 6 182 8 167 187 0 20 14 18 18 8 4 1 4 10 156 1 5 6 8 155 11 3 13 178 5 3 14 9 189 20 198 11 11 155 17 10 5 11 166 16 6 7 14 150 2 10 17 16 0 3 195 5 5 13 169 15 7 8 19 0 170 16 8 11 13 12 172 2 15 4 1 0 10 15 8 18 19 1 17 10 15 11 20 3 13 4 1 18 3 10 18 4 14 164 20 16 181 156 185 14 11 200 179 12 19 10 3 8 5 183 18 18 183 7 10 0 12 10 19 0 8 2 17 198 17 14 20 6 6 4 194 150 3 3 160 171 153 171 17 153 3 177 19 12 17 10 11 14 9 14 15 1 18 2 10 1 7 8 20 9 178 8 8 3 9 1 199 1 14 0 2 20 2 4 3 18 8 162 6 12 17 165 189 7 173 9 18 7 197 181 4 19 10 181 15 197 166 192 19 11 199 11 15 2 0 2 14 3
566
61 2 11 118 166 68 43 135 22 163 66 48 140 61 135 57 144 116 168 135 167 112 34 10 145 123 76 80 170 192 159 95 123 135 162 112 198 110 100 65 71 178 187 125 102 163 179 79 24 182 96 42 128 53 77 39 53 163 100 25 52 160 80 25 160 74 161 28 142 196 79 126 119 170 97 20 64 54 163 73 102 21 45 183 130 35 119 195 33 179 79 173 19 67 13 47 46 31 114 44 161 95 42 166 31 126 172 193 20 10 189 140 59 8 151 169 113 84 115 82 64 82 21 105 82 3 68 134 5 133 125 181 13 89 186 144 135 124 196 148 25 139 170 52 132 118 52 103 53 15 200 0 144 7 175 37 120 179 148 180 150 178 127 56 166 45 97 190 143 3 197 193 105 111 89 84 175 51 176 46 21 85 64 50 52 1 70 170 122 117 63 37 61 17 123 152 18 79 167 139 155 123 136 197 4 141 30 124 199 175 21 0 78 145 162 164 128 33 108 167 167 196 197 43 33 140 197 166 60 167 11 129 65 141 74 8 32 74 196 107 176 26 151 93 101 196 101 130 33 167 82 84 9 42 33 90 162 63 92 169 196 80 47 53 147 94 36 107 50 121 57 120 52 189 182 46 143 102 29 62 8 155 134 180 155 84 106 34 50 193 164 149 74 175 45 68 45 91 82 52 31 139 154 75 108 44 9 118 171 86 182 160 45 145 88 102 179 86 177 142 53 166 149 70 17 91 37 7 154 41 43 185 66 183 199 40 122 165 163 141 65 143 143 155 111 23 198 86 170 23 194 71 122 44 174 3 112 101 76 81 90 180 108 175 169 182 58 95 74 94 126 184 166 185 162 178 39 34 134 154 11 43 64 41 179 73 133 100 101 79 74 34 11 45 110 196 185 25 152 187 110 17 164 43 78 183 132 43 200 135 110 134 63 128 138 35 119 12 15 53 66 167 132 89 69 49 31 63 130 90 117 1 120 11 151 102 138 67 121 141 87 147 105 200 138 18 64 50 2 155 134 121 41 174 24 48 200 90 10 53 46 26 192 101 136 64 95 163 171 111 160 1 26 99 150 95 111 193 120 170 46 21 156 104 182 148 24 31 190 15 72 16 28 99 176 21 26 109 120 85 34 99 77 170 80 184 186 43 97 159 41 107 75 35 86 29 61 196 63 109 60 160 5 10 132 102 169 11 110 50 61 3 103 137 26 81 155 150 82 138 43 27 104 147 59 95 23 122 32 40 181 5 148 151 123 173 27 189 148 88 123 167 198 27 32 180
472
20 15 6 6 6 4 17 5 15 18 6 8 17 9 2 0 10 13 10 19 7 3 18 12 15 16 10 3 17 12 11 17 8 5 2 13 1 15 2 15 7 3 8 1 13 7 15 20 17 12 7 14 10 17 0 20 5 7 15 15 12 16 3 8 5 12 5 11 5 15 15 6 9 18 13 8 15 17 8 13 11 14 5 6 10 16 6 10 1 4 1 20 5 1 0 6 11 2 5 14 15 8 20 2 0 16 8 12 8 4 17 16 17 20 0 12 3 20 15 19 16 17 10 20 10 20 17 6 15 10 3 10 20 15 10 20 17 6 19 6 1 6 15 2 7 19 2 17 10 7 0 6 16 11 12 19 15 19 19 1 15 7 11 11 3 12 8 20 20 14 18 3 20 14 14 10 7 1 14 3 0 1 10 7 19 2 10 9 3 17 4 1 10 3 2 11 20 3 12 14 19 7 5 8 14 0 20 13 9 12 3 4 2 19 7 20 2 16 16 0 8 14 10 15 5 19 18 17 4 11 2 1 15 19 0 11 19 9 13 19 10 19 17 9 7 3 7 14 4 1 4 16 17 7 8 17 12 2 12 2 9 20 1 14 7 0 3 16 2 3 20 14 16 3 15 4 5 18 16 17 18 9 6 10 17 5 16 10 13 17 2 8 1 16 6 1 6 15 0 5 16 0 9 1 20 11 20 9 0 1 13 3 15 20 19 5 18 8 16 17 7 3 1 15 20 2 7 13 19 19 12 18 11 3 9 11 8 1 11 1 12 19 13 4 1 15 9 14 8 18 8 20 10 7 8 10 8 5 20 19 10 11 13 5 18 0 12 17 17 11 11 10 14 12 0 4 19 6 7 13 9 7 8 8 20 16 8 12 6 13 11 14 7 9 20 12 16 1 19 1 20 8 9 10 12 6 3 19 0 5 0 11 12 16 18 10 3 20 9 17 0 18 15 4 19 6 18 7 7 19 13 2 12 12 0 6 4 8 2 15 20 1 17 15 10 16 6 15 18 5 4 0 11 12 3 7 12 12 18 16 0 12 17 5 1 16 15 0 8 12 7 6
477
83 136 109 178 82 72 90 170 142 6 93 149 77 100 173 171 129 48 97 181 131 163 45 152 177 92 190 44 139 104 151 180 78 42 163 103 47 140 103 153 95 11 108 15 1 123 87 80 40 66 18 49 132 159 181 178 140 191 144 19 27 135 42 76 115 53 51 48 28 32 101 190 47 21 11 151 75 98 70 76 147 128 15 67 94 183 61 36 30 71 55 147 82 83 77 191 54 115 125 138 9 193 129 87 0 4 114 158 2 53 15 150 179 107 138 40 30 66 185 81 60 184 134 133 188 130 115 140 165 85 182 135 97 30 3 0 69 89 85 102 74 95 196 73 152 144 113 8 38 134 151 56 31 11 93 32 154 11 57 133 109 121 117 179 44 21 177 58 164 43 1 41 186 110 135 11 49 118 147 126 24 7 102 78 129 46 51 192 94 132 92 68 106 106 160 89 78 134 28 147 55 119 44 142 186 85 7 83 151 113 155 122 50 197 115 165 35 20 167 72 93 133 83 14 12 194 13 35 67 63 25 200 108 133 69 68 131 107 0 2 142 102 8 176 165 180 32 16 99 84 149 138 124 122 93 145 0 3 158 184 134 73 6 42 150 190 175 85 114 191 96 57 157 117 56 196 23 136 116 29 92 136 48 95 117 192 74 42 102 62 105 74 28 177 54 45 88 135 190 91 8 114 193 79 4 145 181 199 5 24 80 54 172 34 113 167 73 142 42 66 195 165 59 54 52 100 132 170 163 68 155 174 186 39 63 3 111 150 128 180 182 36 76 55 138 34 63 53 17 2 57 167 122 178 51 107 2 165 61 54 9 159 4 184 68 117 23 96 179 64 68 124 46 54 54 191 199 70 21 181 153 153 83 180 147 104 192 9 15 175 155 163 181 195 82 166 195 167 82 94 58 86 81 193 167 47 28 103 121 133 0 100 46 191 76 155 8 130 142 11 83 10 137 163 188 191 0 116 112 53 61 20 127 77 145 52 187 102 193 193 3 40 82 74 2 48 28 180 6 165 11 54 26 10 118 199 192 135 111 186 50 109 129 37 68 195 102 167 194 104 29 193 28 120 47 97 103
475
62 98 166 110 155 190 110 98 155 155 62 166 62 190 62 190 62 110 98 110 62 190 110 98 110 155 110 110 110 110 166 62 155 166 98 62 190 190 110 155 155 98 166 166 110 155 98 110 166 62 62 110 190 98 62 98 110 190 166 166 166 62 62 155 166 62 98 98 190 110 155 155 98 98 110 98 62 155 110 166 62 62 110 190 190 155 166 110 98 166 98 110 62 62 155 98 62 62 166 166 155 190 155 62 190 110 190 190 110 166 110 155 62 98 190 166 110 190 190 155 190 110 155 166 62 98 155 166 110 166 62 110 98 110 110 62 98 155 98 62 62 166 155 155 62 98 110 62 110 190 110 98 190 190 190 190 155 98 98 62 62 98 190 62 62 166 190 62 110 62 190 110 110 98 98 190 62 110 166 98 62 110 110 62 62 190 155 155 155 98 190 62 166 62 166 98 155 110 155 110 190 98 166 98 62 110 155 98 190 190 98 166 166 190 62 155 190 110 155 110 155 166 155 98 98 98 166 190 155 110 166 110 166 110 166 155 190 166 98 155 190 155 62 166 110 166 62 62 110 62 155 190 155 98 98 190 166 155 166 110 166 190 155 166 62 155 62 190 62 166 98 98 62 62 155 110 190 98 166 166 190 98 62 62 166 98 62 110 155 166 62 98 62 62 110 110 190 155 62 155 155 166 98 155 98 98 155 62 155 166 155 190 62 166 62 190 166 62 190 110 98 155 166 190 110 166 190 190 166 110 62 190 166 166 62 110 98 110 155 190 110 190 155 62 110 98 155 155 110 62 110 110 98 166 155 155 190 155 110 155 190 166 98 110 190 155 98 98 190 110 190 62 166 166 110 62 98 155 166 110 166 190 155 166 62 155 110 190 190 155 98 190 155 62 155 110 110 98 62 190 62 155 166 155 98 98 190 110 166 98 98 110 190 155 62 190 62 190 190 98 166 62 155 190 155 98 110 98 110 110 166 190 62 190 110 62 110 190 98 110 166 155 190 62 155 166 166 155 110 110 110 110 155 155 155 110 190 155 155 62 62 166 110 62 98 190 166 155 190 110 62 190 190 166 166
788
182 200 165 45 142 40 6 178 6 120 65 191 193 1 1 54 58 188 28 28 38 7 20 153 53 144 95 52 124 198 148 126 107 73 3 101 79 179 39 153 30 28 165 68 79 192 85 99 19 63 6 1 62 59 35 139 189 57 126 72 4 106 25 72 179 120 55 119 105 129 14 8 129 152 127 53 154 85 79 90 62 23 12 19 178 191 198 58 51 136 7 67 32 100 43 30 92 182 170 184 121 89 16 145 135 106 161 74 17 28 48 12 53 156 80 172 138 177 96 63 66 68 92 108 47 143 12 200 139 48 32 95 89 42 40 178 13 62 141 43 24 167 100 156 187 116 86 39 95 153 54 98 143 174 132 12 25 54 160 64 29 197 17 114 56 139 177 59 14 129 128 119 41 55 79 12 50 103 196 139 128 1 143 189 161 110 162 127 151 84 35 169 143 193 124 18 14 89 152 69 157 122 14 182 82 146 121 93 171 94 136 138 37 71 189 47 28 5 151 46 158 102 31 76 140 75 0 50 165 102 99 23 138 136 118 131 57 89 184 164 23 116 181 128 74 28 119 132 23 9 55 135 66 32 133 21 79 118 8 99 87 102 191 108 8 111 124 185 49 114 33 175 79 22 195 108 146 124 142 25 137 111 117 28 168 123 140 158 32 21 140 53 125 57 119 112 125 90 163 150 188 35 80 131 129 117 191 18 12 102 103 44 31 112 84 194 17 39 179 94 79 10 124 55 35 40 146 165 136 161 122 169 101 181 71 144 180 26 109 50 189 72 115 78 185 184 2 192 176 4 126 19 81 93 112 161 98 196 143 173 138 55 156 102 83 65 172 138 106 123 183 173 150 98 105 37 102 165 43 84 25 23 23 96 58 35 5 125 92 74 142 82 173 42 25 184 174 185 181 34 128 178 62 178 168 47 150 106 134 33 150 191 195 185 119 51 9 43 140 156 82 23 167 29 199 166 64 28 200 116 1 152 4 41 165 139 122 84 75 98 32 193 82 141 167 39 118 128 116 127 69 113 16 162 92 1 6 15 103 98 47 76 79 18 94 73 106 144 60 148 71 170 13 87 151 129 134 119 182 198 81 63 86 76 39 0 6 29 32 190 196 143 20 52 139 58 144 35 172 62 48 31 42 98 174 194 173 183 143 106 151 46 18 103 11 44 14 147 72 139 50 161 61 74 158 46 42 28 180 112 47 16 26 148 95 128 6 108 102 4 137 103 196 118 159 75 174 48 40 184 140 175 89 41 174 96 37 18 89 108 155 131 148 115 98 72 145 41 66 163 14 151 107 2 28 114 27 125 86 183 122 36 50 22 198 108 176 109 57 35 86 137 0 62 67 55 6 15 198 7 35 185 194 54 194 145 14 12 8 96 181 84 184 176 62 1 108 124 83 94 183 7 11 15 144 3 123 145 8 164 7 103 42 98 33 196 175 81 55 190 186 191 171 108 24 158 88 186 193 93 178 73 153 168 82 129 24 72 47 5 151 150 159 84 191 70 82 186 179 194 32 138 22 178 18 144 130 21 68 100 187 19 109 184 175 161 114 77 124 142 108 5 198 75 165 120 16 88 81 99 86 106 79 46 78 160 75 103 85 164 62 47 185 24 145 174 29 1 17 114 42 24 177 154 198 200 175 117 92 175 196 47 100 144 170 102 94 95 189 170 12 24 134 136 129 131 52 102 127 36 198 17 142 158 82 23 74 84 101 70 133 161 9 33 49 90 23 172 153 25 121 6 6 24 176 58 7 180 140 171 66 67 87 141 105 21 60 65
192
0 200 104 91 69 62 81 107 92 91 98 107 71 120 101 111 104 62 61 84 112 53 90 51 54 64 66 57 116 93 99 106 90 102 118 120 71 70 105 79 91 78 120 114 87 59 55 96 86 89 59 53 67 61 64 84 79 63 95 64 58 93 79 77 55 54 95 117 78 106 74 105 64 90 106 115 119 74 70 98 65 77 52 112 69 111 69 93 106 67 52 58 83 114 120 89 98 71 73 65 94 72 87 108 100 110 66 98 74 58 64 111 93 71 115 52 118 63 73 66 56 87 113 114 63 88 76 51 50 86 71 52 103 81 112 94 81 120 79 99 100 93 84 75 80 109 90 92 64 66 66 108 83 64 81 102 105 104 118 59 65 69 113 74 93 86 52 59 58 63 99 71 116 102 73 94 90 82 100 98 94 66 55 62 53 67 81 92 69 74 96 200
107
152 152 196 47 154 196 152 196 97 47 47 154 47 97 154 97 47 196 196 47 196 97 196 154 196 47 97 97 152 97 97 47 196 196 196 97 152 152 152 97 152 152 97 97 196 154 152 152 152 154 47 196 47 47 154 97 47 196 152 152 97 196 152 97 152 152 97 154 97 47 154 196 152 152 154 196 152 196 154 196 154 154 97 154 154 152 152 196 97 154 47 97 152 154 152 97 196 47 154 196 196 154 152 97 152 196 154
175
0 200 106 119 104 50 73 109 87 82 98 103 62 93 69 75 90 71 108 61 120 64 83 52 61 85 109 54 113 86 98 72 59 72 59 97 95 114 53 82 86 69 79 120 63 60 116 95 80 61 78 92 102 56 78 54 79 68 77 96 66 66 113 76 106 57 69 93 59 89 91 98 72 54 53 77 91 76 109 60 64 101 93 107 94 96 94 109 93 61 95 113 83 113 103 70 64 110 67 113 118 76 78 54 91 113 109 107 100 80 94 60 75 113 75 90 74 73 57 85 84 94 60 113 72 111 97 117 54 80 120 115 69 63 91 87 107 51 82 92 118 53 118 58 67 67 68 116 75 111 94 75 78 60 68 62 58 72 88 94 110 111 111 97 59 85 81 61 92 91 89 66 113 69 200
219
2 13 2 6 2 1 6 17 20 19 20 17 8 11 10 7 5 20 4 13 20 4 2 15 13 18 7 0 8 5 12 10 10 12 12 16 17 15 1 4 0 18 10 4 19 1 3 19 18 7 12 18 2 6 19 18 15 11 6 2 0 8 7 4 9 10 17 0 5 6 15 12 14 15 8 10 19 1 4 15 8 4 2 3 2 13 12 2 9 7 19 13 7 0 20 8 2 7 11 6 17 9 12 10 18 10 7 18 19 4 0 18 2 11 13 12 18 20 1 17 9 5 8 4 18 3 5 9 0 18 7 14 18 16 0 12 1 1 12 9 12 6 16 18 14 10 2 13 9 20 6 11 6 10 0 19 5 11 8 14 8 8 17 3 16 20 14 3 12 14 10 19 2 13 14 17 9 13 12 10 0 13 2 17 16 13 3 18 3 18 8 19 0 18 6 16 9 18 14 13 13 18 16 3 4 12 17 14 12 13 0 15 7 14 14 9 15 6 18
377
76 136 46 181 173 186 69 99 184 87 95 161 109 25 75 107 6 161 59 138 54 27 181 82 152 187 129 80 42 175 69 74 94 115 190 142 54 181 7 186 64 117 129 118 73 135 7 4 88 168 94 129 191 115 46 200 87 16 189 41 22 180 195 69 92 178 115 198 181 18 152 134 121 166 143 136 190 50 9 110 27 141 73 192 159 103 169 32 192 15 37 69 15 152 35 72 152 90 186 199 195 153 145 94 17 180 36 113 183 182 35 73 171 157 98 121 179 112 159 37 55 162 82 144 133 144 190 155 133 116 39 10 163 100 148 62 102 161 60 168 35 95 86 42 161 11 91 139 5 111 51 41 196 171 123 175 19 178 114 124 86 117 171 77 195 174 120 93 101 23 70 83 54 184 122 105 151 84 118 35 130 168 144 111 151 9 39 25 5 190 125 86 134 191 113 101 40 76 69 95 35 34 183 13 153 9 189 141 183 7 138 4 82 71 197 125 169 71 26 93 193 117 146 119 185 70 28 44 60 125 136 80 70 11 146 40 88 159 82 148 196 73 23 35 15 134 176 14 30 171 86 104 130 29 100 134 38 135 17 108 119 88 164 18 164 184 200 48 132 56 180 28 179 111 160 62 187 79 191 86 23 23 44 187 74 104 31 129 200 9 103 102 110 117 103 29 50 20 5 173 176 99 51 33 129 108 88 43 105 194 8 56 23 200 102 92 131 131 42 73 183 85 70 18 70 54 102 143 42 52 25 10 10 178 6 64 19 111 44 134 115 92 91 119 120 129 62 86 76 57 196 95 37 68 22 120 165 20 102 72 78 144 179 32 13 194 171 61 163 16 188 5 146 186 58 48 156
180
125 81 111 14 73 33 108 95 156 167 12 50 54 79 188 169 66 7 22 15 171 57 17 44 158 81 197 96 54 87 15 112 53 85 80 130 90 122 105 176 185 57 153 199 144 13 75 158 178 135 140 144 40 20 140 177 119 173 177 126 144 161 131 86 167 92 90 59 137 138 175 167 181 188 71 119 139 98 48 41 74 160 89 124 72 105 39 16 109 88 161 75 66 129 118 63 185 191 173 179 53 159 185 142 63 166 128 73 41 43 57 128 129 12 8 25 158 197 33 137 175 21 12 141 14 45 39 174 71 36 34 73 134 11 177 145 118 117 140 18 88 188 153 12 51 186 156 5 195 11 65 26 135 190 104 198 174 193 112 44 36 43 163 96 82 82 97 24 146 87 33 29 137 176 31 170 1 179 200 45
925
179 122 122 122 122 179 179 122 179 122 179 122 179 179 179 122 179 122 122 122 122 179 179 122 122 122 122 179 122 122 179 122 179 122 179 122 122 179 179 122 179 122 179 122 179 122 179 122 179 122 179 179 179 179 179 122 122 122 179 179 122 122 179 179 122 122 122 179 179 179 122 122 122 179 122 122 122 122 179 122 122 179 122 179 179 179 179 122 179 179 179 122 179 179 122 179 179 122 122 179 179 179 179 179 122 179 122 122 122 179 179 179 122 179 179 122 179 179 179 122 179 122 179 122 122 179 122 179 179 122 122 122 179 122 179 122 179 179 122 179 179 122 122 179 122 122 179 122 122 179 122 122 179 122 122 122 122 122 122 179 179 179 122 122 122 179 122 122 122 179 179 179 179 122 122 179 122 179 122 122 122 179 179 122 122 179 179 122 179 122 179 179 122 122 179 122 122 122 179 179 179 179 122 122 179 179 179 179 179 122 179 122 179 179 179 122 122 122 122 122 122 122 179 179 179 179 122 179 122 122 122 179 179 179 179 122 122 179 122 179 179 122 179 179 179 179 122 179 179 122 122 179 179 122 122 179 179 179 122 179 179 122 122 179 122 179 179 122 179 179 179 179 179 179 179 179 179 122 179 179 179 122 179 122 122 179 179 122 122 179 122 179 179 179 179 122 179 179 179 122 122 179 122 122 122 122 179 179 122 179 122 122 179 122 179 179 179 122 122 179 122 179 122 179 179 179 122 122 179 179 122 179 122 122 179 122 179 179 122 179 122 122 179 179 179 179 179 179 179 179 122 122 122 179 179 122 179 179 179 122 122 122 179 122 122 122 122 179 179 122 122 179 122 179 122 122 122 179 122 179 122 122 122 179 122 179 179 179 179 122 122 122 179 179 122 179 179 122 122 179 179 179 122 179 122 122 122 179 122 179 179 179 179 179 122 179 179 179 122 179 122 179 122 122 179 122 122 179 122 122 122 179 179 179 122 179 122 122 122 122 179 179 122 179 179 122 179 122 179 179 179 122 122 122 122 122 179 179 179 122 179 179 179 122 179 179 179 179 122 179 122 122 122 122 122 122 179 179 179 122 122 179 122 179 179 122 122 179 122 122 179 179 179 179 179 179 179 122 179 179 179 179 179 179 122 122 179 122 179 122 179 179 122 179 179 179 179 122 122 179 122 122 122 122 179 179 122 179 122 179 122 122 122 179 122 179 122 179 179 179 122 179 122 179 122 122 122 122 122 122 179 179 179 179 179 179 122 179 179 122 122 122 122 122 179 122 179 122 179 122 179 179 122 122 122 179 179 122 179 122 122 122 122 122 122 122 179 122 122 179 179 122 179 122 179 179 122 179 179 122 122 122 122 179 122 122 179 179 179 122 179 179 122 122 122 179 122 179 179 122 179 122 122 122 122 122 179 179 179 122 179 122 122 122 122 179 122 179 122 179 122 122 122 179 179 122 179 122 179 179 122 122 122 179 122 179 179 122 179 179 179 122 122 179 122 179 122 122 122 179 122 122 122 179 122 179 179 179 179 122 179 179 122 179 122 179 179 179 122 179 179 179 122 122 179 122 179 122 122 122 179 179 122 122 179 179 122 179 122 179 122 179 179 122 179 122 122 179 122 179 179 122 122 179 179 179 122 179 122 179 122 122 179 122 179 122 179 122 179 179 122 122 122 122 122 179 179 122 122 122 179 179 122 179 122 179 179 122 179 179 122 179 122 122 122 122 179 122 122 122 179 122 122 179 122 122 122 179 179 122 122 179 122 122 179 179 179 122 179 122 179 179 122 122 122 179 122 179 179 179 179 179 122 179 179 179 122 179 122 179 122 179 122 179 179 179 179 122 122 179 122 122 122 122 122 179 122 179 122 122 179 122 179 122 122 179 179 179 179 179 179 179 122 179 122 122 179 179 122 122 122 122 122 122 122 179 122 179 122 179 122 122 122 122 179 179 122 122 122 122 122 122 122 179 179 122 122 122 122 179 122 122 122 179 122 179 179 122 179 179 179 179 122 179 179 179 179 122 179 122 122 122 122 179 179 179 122 122 122 122 122 122 179 122 179 122 179 122 122 122 179 179 179 179 122
823
17 7 15 9 154 6 179 20 14 186 197 20 1 19 19 191 16 5 10 19 11 188 14 13 13 4 1 17 7 20 194 20 1 11 19 192 171 14 199 4 9 15 185 15 4 5 175 19 1 10 173 14 194 1 193 160 13 9 3 6 1 19 189 17 16 20 2 19 159 2 175 17 7 8 8 3 3 1 19 19 9 3 161 11 20 16 3 16 13 0 11 14 0 0 2 1 15 5 14 9 0 12 11 193 15 3 17 2 13 175 3 20 1 18 191 2 2 174 192 6 16 0 7 17 20 17 12 179 173 192 20 8 4 5 10 5 2 7 4 1 175 19 10 6 9 17 5 186 193 18 1 1 12 6 17 182 164 18 156 9 12 19 16 10 17 2 17 11 7 10 15 13 3 2 14 2 173 6 16 19 3 184 15 20 0 13 157 5 12 20 9 15 1 153 175 169 18 10 2 190 12 18 19 12 3 199 178 1 12 12 8 10 19 20 18 0 3 16 176 13 19 3 178 9 16 9 14 154 9 19 20 2 5 13 6 8 17 14 8 0 195 14 171 17 13 3 1 7 155 188 11 15 1 3 7 171 150 5 6 20 9 4 13 151 0 199 11 3 11 4 163 9 185 15 198 151 13 198 13 198 1 9 175 0 10 10 4 6 13 15 0 197 192 166 11 15 8 16 7 6 163 14 11 16 1 5 18 20 2 4 10 1 150 17 0 15 6 13 1 178 1 17 13 18 2 4 9 11 8 13 2 16 2 13 5 6 17 17 11 13 166 0 4 172 169 1 185 20 20 16 2 12 18 9 173 6 3 15 174 182 5 8 11 196 19 7 5 8 5 18 178 9 4 17 11 7 17 5 13 153 20 13 5 1 198 176 9 12 0 13 6 17 8 3 11 4 4 166 169 5 12 4 18 164 15 9 1 1 16 15 18 14 5 7 199 7 197 1 16 13 8 14 3 197 16 8 17 16 17 186 179 12 9 20 10 17 15 10 19 183 14 1 7 6 14 11 16 20 164 19 9 11 0 2 1 11 20 20 4 19 5 154 13 195 19 161 5 9 8 20 15 181 176 9 0 9 17 13 10 198 10 9 172 6 9 14 2 15 12 153 9 19 199 17 11 2 20 10 4 0 4 12 167 176 182 4 158 9 17 5 198 5 173 18 5 16 19 8 0 168 17 19 9 0 9 10 155 6 10 4 13 7 1 13 19 194 4 6 16 11 156 17 16 17 20 186 14 19 4 9 3 1 17 198 13 15 5 16 9 167 14 183 11 163 7 5 14 3 15 4 15 16 13 18 0 19 175 8 15 10 20 17 3 3 10 19 14 3 198 190 11 1 0 163 9 3 20 169 5 11 12 193 163 10 7 15 0 15 11 6 14 0 177 13 8 5 13 15 2 13 174 18 20 13 18 159 17 2 19 4 3 195 4 5 199 188 15 5 16 15 8 167 16 17 6 12 3 168 14 189 8 8 9 8 13 4 11 5 198 16 17 198 13 189 16 0 17 17 1 4 4 14 15 176 15 19 3 4 15 2 16 12 4 6 0 13 15 12 7 161 18 178 2 11 1 14 175 168 158 20 2 151 1 7 7 18 11 16 15 14 2 11 11 0 199 160 12 5 188 14 7 10 7 157 6 13 3 9 177 7 154 11 5 6 16 16 9 9 170 14 154 14 10 199 15 12 8 16 20 2 6 12 4 11 7 2 172 3 9 185 18 4 18 9 162 195 9 16 8 1 6 190 17 8 19 12 197 8 5 7 182 8 14 8 13 19 5 2 7 4 15 165 198 20 3 19 179 10 199 15 19 19 17 13 8 2 9 13 155 12 5 9 10 16 15 8 6 16 13 11 16 183 15
467
200 200 200 200 200 200 200 200 200 200 200 200 200 200 200 200 200 200 200 200 200 200 200 200 200 200 200 200 200 200 200 200 200 200 200 200 200 200 200 200 200 200 200 200 200 200 200 200 200 200 200 200 200 200 200 200 200 200 200 200 200 200 200 200 200 200 200 200 200 200 200 200 200 200 200 200 200 200 200 200 200 200 200 200 200 200 200 200 200 200 200 200 200 200 200 200 200 200 200 200 200 200 200 200 200 200 200 200 200 200 200 200 200 200 200 200 200 200 200 200 200 200 200 200 200 200 200 200 200 200 200 200 200 200 200 200 200 200 200 200 200 200 200 200 200 200 200 200 200 200 200 200 200 200 200 200 200 200 200 200 200 200 200 200 200 200 200 200 200 200 200 200 200 200 200 200 200 200 200 200 200 200 200 200 200 200 200 200 200 200 200 200 200 200 200 200 200 200 200 200 200 200 200 200 200 200 200 200 200 200 200 200 200 200 200 200 200 200 200 200 200 200 200 200 200 200 200 200 200 200 200 200 200 200 200 200 200 200 200 200 200 200 200 200 200 200 200 200 200 200 200 200 200 200 200 200 200 200 200 200 200 200 200 200 200 200 200 200 200 200 200 200 200 200 200 200 200 200 200 200 200 200 200 200 200 200 200 200 200 200 200 200 200 200 200 200 200 200 200 200 200 200 200 200 200 200 200 200 200 200 200 200 200 200 200 200 200 200 200 200 200 200 200 200 200 200 200 200 200 200 200 200 200 200 200 200 200 200 200 200 200 200 200 200 200 200 200 200 200 200 200 200 200 200 200 200 200 200 200 200 200 200 200 200 200 200 200 200 200 200 200 200 200 200 200 200 200 200 200 200 200 200 200 200 200 200 200 200 200 200 200 200 200 200 200 200 200 200 200 200 200 200 200 200 200 200 200 200 200 200 200 200 200 200 200 200 200 200 200 200 200 200 200 200 200 200 200 200 200 200 200 200 200 200 200 200 200 200 200 200 200 200 200 200 200 200 200 200 200 200 200 200 200 200 200 200 200 200 200 200 200 200 200 200 200 200 200
67
19 19 177 19 19 177 177 19 177 19 19 177 19 19 177 19 19 177 19 19 19 177 19 177 19 19 177 19 177 19 19 19 177 19 177 177 177 177 177 19 177 19 19 177 19 19 177 19 177 19 19 177 177 19 19 177 19 177 177 177 19 177 177 19 177 177 177
919
121 125 61 123 194 5 125 150 70 146 176 83 94 129 73 143 123 72 77 111 180 33 58 168 144 132 131 137 49 191 17 178 65 30 153 182 189 38 108 67 148 139 154 111 168 87 54 23 41 140 195 187 195 146 65 185 57 182 182 121 61 183 44 46 176 162 23 105 62 109 80 79 140 127 190 23 62 67 102 1 121 7 91 188 89 61 175 106 181 167 147 34 117 8 44 55 128 88 31 142 92 108 19 14 85 112 9 134 21 35 50 20 164 87 120 13 92 141 125 158 176 178 146 39 42 31 180 77 61 168 125 22 21 0 85 26 198 73 100 23 176 88 195 76 181 107 164 116 170 87 105 78 145 130 90 52 61 184 104 18 142 103 101 181 74 146 118 81 9 56 160 16 58 40 178 175 133 14 179 181 70 141 87 63 13 125 26 78 57 157 81 76 197 49 105 145 184 105 27 67 153 136 194 44 41 83 60 84 1 25 198 89 97 38 109 114 92 194 123 144 170 171 160 125 55 32 74 134 48 71 51 84 179 4 163 126 168 174 177 110 183 170 90 167 185 65 183 156 78 20 200 152 52 199 5 191 76 157 39 200 197 49 138 2 196 193 157 30 172 168 161 170 26 69 136 109 54 121 171 146 187 38 77 140 37 99 177 146 150 15 141 120 86 112 185 12 157 56 124 3 41 75 73 192 101 156 85 186 11 69 54 164 59 13 117 141 67 150 134 172 138 57 151 133 106 39 78 2 179 72 152 166 142 4 34 197 164 196 96 175 29 20 91 60 38 161 186 137 20 15 152 14 10 49 78 50 44 148 9 197 23 118 107 177 123 100 96 91 183 111 157 175 94 9 178 159 60 83 106 38 88 61 28 152 36 22 190 158 117 10 61 128 160 85 72 140 8 66 143 159 15 85 123 95 96 140 70 137 70 147 1 1 63 39 154 129 189 90 147 190 160 189 148 187 123 113 137 35 171 0 25 90 40 87 129 44 48 66 1 163 141 163 90 72 141 66 151 157 173 99 24 69 5 182 73 46 151 191 133 68 145 37 139 163 5 172 32 13 137 86 52 22 91 101 19 21 2 136 73 9 29 112 98 13 135 196 2 40 87 150 157 159 33 175 11 156 77 179 151 56 121 91 135 27 125 161 19 170 75 95 62 20 123 86 62 121 7 182 173 31 131 11 11 107 98 157 134 11 198 68 0 21 47 59 185 153 46 168 30 136 40 29 107 13 14 63 82 32 68 39 25 134 0 80 42 13 79 151 169 81 142 94 29 108 21 150 135 174 137 129 52 92 82 146 89 144 18 84 191 78 116 118 0 106 132 97 90 139 167 151 160 181 64 144 2 44 62 55 153 10 42 10 90 27 57 164 79 97 194 149 152 68 163 27 190 168 142 152 185 56 169 23 34 67 84 75 12 124 45 174 110 67 153 106 92 27 126 148 176 73 170 11 1 91 200 126 27 114 176 183 42 109 103 0 188 153 47 194 166 193 74 5 200 2 43 63 58 196 1 142 69 187 12 123 65 31 21 128 49 15 194 119 150 178 7 138 14 147 61 103 99 179 93 24 162 94 11 42 8 81 9 51 150 138 154 180 150 199 87 166 143 70 87 145 185 184 38 158 103 16 167 186 115 61 62 67 192 10 131 68 105 42 146 200 4 53 129 55 14 129 16 16 116 56 34 95 33 8 176 69 119 90 53 173 48 73 134 169 181 62 84 151 47 109 155 162 6 34 82 43 146 23 181 169 79 20 127 88 198 66 85 135 159 100 181 141 177 19 130 140 189 89 150 63 137 75 113 107 109 87 63 172 132 0 59 197 36 19 45 68 7 85 41 100 162 167 170 126 37 182 142 61 133 162 25 71 65 125 163 171 94 121 147 86 93 168 56 5 166 84 182 182 14 153 67 140 181 96 102 52 168 147 14 57 94 52 184 125 187 168 31 31 196 85 195 170 181 103 41 22 114 180 189 67 168 176 173 130 51 123 109 26 20 77 118 40 109 125 188 30 61 24 166 138 60 10 186 23 136 188 151 117 114 125 4 198 85 178 124 140 95 161 87 170 84 168 160 14 52
33
72 191 22 126 65 194 92 198 86 79 110 141 116 84 63 101 196 3 132 109 184 5 87 3 170 123 19 177 156 177 106 102 78
669
0 0 0 0 0 0 0 0 0 0 0 0 0 0 0 0 0 0 0 0 0 0 0 0 0 0 0 0 0 0 0 0 0 0 0 0 0 0 0 0 0 0 0 0 0 0 0 0 0 0 0 0 0 0 0 0 0 0 0 0 0 0 0 0 0 0 0 0 0 0 0 0 0 0 0 0 0 0 0 0 0 0 0 0 0 0 0 0 0 0 0 0 0 0 0 0 0 0 0 0 0 0 0 0 0 0 0 0 0 0 0 0 0 0 0 0 0 0 0 0 0 0 0 0 0 0 0 0 0 0 0 0 0 0 0 0 0 0 0 0 0 0 0 0 0 0 0 0 0 0 0 0 0 0 0 0 0 0 0 0 0 0 0 0 0 0 0 0 0 0 0 0 0 0 0 0 0 0 0 0 0 0 0 0 0 0 0 0 0 0 0 0 0 0 0 0 0 0 0 0 0 0 0 0 0 0 0 0 0 0 0 0 0 0 0 0 0 0 0 0 0 0 0 0 0 0 0 0 0 0 0 0 0 0 0 0 0 0 0 0 0 0 0 0 0 0 0 0 0 0 0 0 0 0 0 0 0 0 0 0 0 0 0 0 0 0 0 0 0 0 0 0 0 0 0 0 0 0 0 0 0 0 0 0 0 0 0 0 0 0 0 0 0 0 0 0 0 0 0 0 0 0 0 0 0 0 0 0 0 0 0 0 0 0 0 0 0 0 0 0 0 0 0 0 0 0 0 0 0 0 0 0 0 0 0 0 0 0 0 0 0 0 0 0 0 0 0 0 0 0 0 0 0 0 0 0 0 0 0 0 0 0 0 0 0 0 0 0 0 0 0 0 0 0 0 0 0 0 0 0 0 0 0 0 0 0 0 0 0 0 0 0 0 0 0 0 0 0 0 0 0 0 0 0 0 0 0 0 0 0 0 0 0 0 0 0 0 0 0 0 0 0 0 0 0 0 0 0 0 0 0 0 0 0 0 0 0 0 0 0 0 0 0 0 0 0 0 0 0 0 0 0 0 0 0 0 0 0 0 0 0 0 0 0 0 0 0 0 0 0 0 0 0 0 0 0 0 0 0 0 0 0 0 0 0 0 0 0 0 0 0 0 0 0 0 0 0 0 0 0 0 0 0 0 0 0 0 0 0 0 0 0 0 0 0 0 0 0 0 0 0 0 0 0 0 0 0 0 0 0 0 0 0 0 0 0 0 0 0 0 0 0 0 0 0 0 0 0 0 0 0 0 0 0 0 0 0 0 0 0 0 0 0 0 0 0 0 0 0 0 0 0 0 0 0 0 0 0 0 0 0 0 0 0 0 0 0 0 0 0 0 0 0 0 0 0 0 0 0 0 0 0 0 0 0 0 0 0 0 0 0 0 0 0 0 0 0 0 0 0 0 0 0 0 0 0 0 0 0 0 0 0 0 0 0 0 0 0 0 0 0 0 0 0 0 0 0 0 0 0 0 0 0 0 0 0 0 0 0 0 0 0 0 0 0 0 0 0 0
21
19 154 12 3 4 8 4 164 18 20 2 159 9 7 5 13 12 198 16 17 4
705
165 86 122 32 60 86 102 190 164 69 195 25 135 127 87 1 96 86 102 69 115 108 166 90 171 67 139 140 167 199 165 175 160 42 132 20 17 170 179 14 163 126 135 3 162 139 181 63 156 12 37 69 151 71 173 82 135 100 75 33 20 52 180 91 195 133 68 7 198 77 149 72 169 49 66 95 26 105 37 155 17 0 133 198 13 172 141 74 192 116 157 4 78 109 125 146 195 83 10 176 148 158 187 97 27 166 14 35 154 63 38 7 24 21 126 56 129 75 195 118 148 74 179 62 6 18 73 198 78 157 20 40 161 101 31 93 44 191 114 68 38 3 144 58 26 57 153 181 44 35 62 167 100 98 44 160 115 153 2 176 29 102 114 65 51 3 153 115 69 179 168 108 95 74 99 66 162 37 91 69 184 54 199 4 19 111 2 35 100 85 66 152 178 172 146 160 11 76 80 73 22 120 57 67 20 32 191 3 52 42 8 54 176 137 188 195 24 48 80 117 60 198 15 145 57 23 185 54 197 59 72 130 114 140 116 107 76 109 155 192 138 8 100 62 67 99 138 66 107 57 40 51 62 150 83 96 182 14 131 27 114 60 164 1 151 81 55 157 149 47 59 42 197 67 35 5 18 64 143 20 113 5 125 8 75 95 146 51 184 123 172 26 143 50 35 114 21 121 15 66 63 183 7 94 136 154 127 40 14 57 90 57 32 76 79 30 123 0 54 110 163 187 58 64 52 34 165 200 175 17 35 141 141 7 197 132 124 171 128 12 93 33 157 43 45 165 100 156 198 8 126 71 158 188 182 36 15 185 1 12 9 175 120 28 160 155 136 184 176 121 68 60 40 37 200 71 169 29 128 106 97 182 100 181 32 70 196 102 49 82 47 0 46 180 112 169 37 183 175 198 165 69 140 120 6 163 86 67 35 76 143 149 74 135 109 179 166 96 23 44 133 188 109 15 130 179 121 180 195 198 107 169 16 112 137 120 87 198 72 154 37 128 120 148 120 154 161 112 157 107 25 132 14 79 20 86 137 196 38 124 95 147 64 187 110 103 178 40 11 145 52 29 156 136 179 139 127 33 128 164 117 28 26 68 115 48 67 66 173 4 9 169 67 87 98 115 157 98 103 110 130 160 156 15 114 180 120 68 25 173 55 137 153 68 47 40 150 160 160 70 52 115 43 180 157 10 49 24 83 165 154 3 99 114 188 143 86 33 36 125 125 24 101 120 171 87 122 114 30 17 155 166 9 127 29 121 1 31 192 20 112 52 166 75 152 27 169 49 113 35 37 24 24 73 38 26 148 185 164 35 41 142 12 149 31 177 198 67 153 124 194 132 154 76 110 62 113 136 178 177 119 179 50 63 105 54 106 39 4 7 42 153 59 166 169 86 155 166 123 21 178 141 26 86 121 169 45 164 91 136 165 124 124 52 97 56 76 78 137 163 117 199 149 68 108 147 157 58 150 189 66 182 27 34 2 38 182 108 23 178 46 110 157 27 75 18 150 29 91 58 6 100 125 169 15 195 195 124 176 111 74 79 33 149 52 30 138 149 175 65 81 106 59 53 60 177 160 28 180 148 102 22 180 173 115
962
172 1 10 10 11 176 7 154 8 18 4 18 12 8 152 171 8 182 179 20 16 10 153 2 11 192 6 8 20 8 14 20 19 200 2 12 180 11 20 6 158 177 10 184 13 8 177 0 0 12 8 11 150 19 10 16 5 2 158 160 20 15 13 14 18 19 7 14 14 18 13 152 4 16 3 2 4 20 15 160 11 17 12 156 5 194 8 6 10 17 169 14 11 6 16 6 11 16 0 175 160 15 9 20 18 165 153 170 157 1 2 181 157 5 2 3 16 7 9 19 6 5 4 8 178 10 18 1 16 0 0 13 4 2 150 10 6 195 5 8 14 9 7 8 4 18 171 197 8 4 4 5 19 10 189 16 4 11 19 10 11 1 7 0 13 10 1 9 176 18 8 8 190 11 20 0 18 18 6 20 14 19 8 20 0 0 152 19 4 3 19 11 16 13 16 12 9 20 5 2 7 170 6 153 9 0 155 5 186 12 175 10 1 7 13 11 18 19 3 17 164 0 17 7 6 11 181 17 8 19 176 12 4 20 17 11 1 9 14 162 10 19 20 2 2 7 199 10 11 19 4 18 17 162 154 9 14 9 15 12 0 14 168 17 9 12 11 17 9 5 19 150 17 19 160 5 15 173 9 152 13 12 0 0 151 7 14 5 8 6 20 20 0 16 10 0 3 18 9 15 9 1 5 170 167 14 200 9 13 5 154 151 165 195 176 9 150 9 7 11 1 183 7 3 14 19 181 10 0 13 188 5 12 11 170 165 13 19 8 1 0 4 180 9 19 5 16 11 2 6 7 7 0 12 15 1 8 10 5 12 12 10 1 12 7 9 8 152 15 2 0 16 6 186 4 19 14 175 8 17 9 19 6 167 13 1 12 2 3 18 5 19 12 14 183 13 196 9 4 17 14 156 10 6 11 8 2 4 179 20 4 13 188 0 19 8 14 2 164 0 6 0 5 8 11 172 6 15 199 173 17 194 10 192 14 18 6 189 20 16 18 155 9 4 1 16 16 177 15 3 15 6 11 13 19 20 16 2 5 174 9 175 175 16 4 3 8 13 8 11 16 8 18 2 12 8 5 14 14 4 168 9 14 184 12 20 18 20 166 5 10 16 20 1 15 20 10 192 1 10 11 20 158 2 196 191 0 9 175 9 11 2 0 13 13 7 14 10 19 12 12 174 165 162 0 16 16 156 14 4 2 15 14 8 194 3 13 150 2 17 17 13 174 1 10 3 3 6 8 15 13 17 8 8 17 14 166 7 6 0 14 7 1 19 14 162 14 200 7 170 173 5 14 173 19 4 18 6 13 5 163 3 13 18 15 16 7 3 18 20 5 14 6 16 13 194 6 10 186 7 12 8 2 3 16 180 0 10 3 15 14 14 197 9 168 7 9 11 3 14 9 14 4 1 1 187 152 17 170 14 18 3 1 5 18 6 20 190 14 3 12 0 6 7 194 13 1 0 11 162 4 20 8 2 8 180 7 7 4 14 16 14 8 192 8 10 11 12 4 10 3 151 157 19 1 9 157 7 8 7 8 13 5 11 165 18 9 15 20 2 18 14 13 13 19 19 6 10 10 180 16 4 19 14 187 4 2 0 18 18 1 3 18 166 181 16 19 2 11 6 4 156 9 1 15 13 0 20 15 16 3 153 8 14 12 11 14 159 18 1 0 2 3 5 8 0 4 159 20 20 9 16 4 5 15 8 13 8 17 9 175 7 10 18 161 2 5 16 190 0 4 15 7 12 12 150 195 151 161 151 6 12 8 10 8 7 4 15 176 19 7 18 8 4 15 7 150 1 0 3 14 20 1 16 17 165 5 15 1 17 5 198 17 20 9 19 2 6 9 18 13 0 180 16 11 0 16 17 4 4 7 18 12 185 5 173 0 9 5 6 8 10 164 5 154 2 9 196 9 18 7 20 18 7 8 0 8 3 190 9 20 3 1 6 4 0 9 0 19 14 14 157 9 5 8 17 4 177 169 19 153 2 7 177 11 10 6 156 4 8 12 7 3 4 1 13 10 5 0 13 7 183 5 16 16 20 9 1 1 1 18 170 17 7 14 19 16 12 15 8 20 2 10 13 4 4 1 5 12 6 11 1 157 4 6 11 158 16 152 5 16 10 1 19 16 7 17 178 17 14 6 12 167 19 178 11 8 7 18 6 0 14
21
189 7 158 194 45 103 143 69 62 110 11 140 52 107 154 87 109 94 117 14 154
356
0 200 52 120 116 102 102 51 119 76 98 102 108 70 83 115 112 65 101 58 111 53 110 70 115 58 73 97 57 53 112 110 111 55 77 50 80 78 76 79 104 90 67 78 100 65 86 113 79 56 116 111 67 74 90 114 87 94 59 54 80 54 76 95 52 114 112 105 88 52 62 84 95 115 92 66 90 97 107 118 84 112 81 65 74 117 95 61 98 106 110 105 93 112 60 74 111 116 117 68 117 94 50 91 113 86 83 113 81 69 104 99 110 67 104 75 118 97 84 64 84 104 112 108 115 64 116 54 90 116 101 101 65 76 98 53 50 60 93 90 112 65 85 93 61 91 101 110 81 90 91 67 92 96 106 92 60 88 86 120 89 104 69 91 64 56 88 72 52 74 84 87 114 85 62 62 77 71 119 120 74 53 71 115 89 71 91 64 85 118 74 96 104 54 106 79 78 61 113 93 116 119 105 85 63 86 56 107 113 93 64 60 60 71 91 120 50 73 63 114 119 92 85 63 75 113 67 111 77 61 108 80 117 82 81 117 89 100 111 53 109 109 112 52 104 113 70 104 113 51 95 120 105 57 89 78 66 57 92 114 66 61 51 78 75 53 92 104 76 63 114 111 99 114 51 105 119 85 90 111 62 120 86 60 54 106 87 106 84 62 79 78 112 114 117 54 75 56 85 117 120 107 106 96 90 98 59 76 110 112 103 82 93 115 53 117 66 75 53 81 103 117 62 93 108 88 77 76 95 93 100 112 96 80 64 61 77 86 93 100 67 104 62 79 73 104 111 112 103 82 120 107 84 60 54 200
308
1 11 1 10 18 190 13 190 17 16 15 15 14 19 7 153 0 176 200 8 1 199 10 161 11 153 15 165 3 3 18 11 14 15 17 11 13 3 165 152 161 9 2 196 18 20 10 13 11 193 10 174 17 6 9 9 8 9 176 11 15 14 17 13 19 5 18 4 14 160 7 7 16 0 2 185 2 189 6 10 4 17 154 6 11 8 167 17 1 8 15 6 19 3 16 10 18 156 13 10 161 14 3 8 196 20 163 5 3 161 2 164 14 16 177 17 1 3 4 9 3 191 16 19 16 5 1 183 14 18 20 1 20 169 17 0 154 2 17 1 2 9 154 186 8 18 20 11 159 7 18 17 4 14 18 15 10 156 7 18 17 12 16 188 20 13 12 19 2 0 0 7 7 9 7 187 1 166 13 15 0 6 12 11 200 13 15 2 19 16 199 7 8 15 10 14 8 150 9 5 12 20 20 172 169 12 11 3 0 3 20 18 20 0 10 10 13 17 185 3 15 18 180 188 20 10 198 8 18 5 167 197 14 14 12 0 19 6 20 19 18 15 11 16 171 0 4 19 193 189 18 13 2 16 4 16 3 5 13 1 16 13 2 8 17 5 3 155 14 1 7 195 9 7 16 6 3 11 19 11 20 1 17 17 19 16 19 7 2 10 16 14 13 12 19 14 13 2 2 17 14 178 7 12 2 20 6 165
888
5 197 23 71 11 138 82 13 5 17 92 103 181 74 119 104 142 115 124 86 36 14 1 183 179 105 124 9 81 140 74 183 195 18 108 72 150 39 36 19 40 4 82 172 28 118 79 7 83 43 177 198 18 55 165 68 118 55 9 114 185 37 18 5 173 66 108 67 48 62 122 153 59 65 60 176 21 149 64 55 73 134 113 173 43 2 175 34 176 81 74 135 191 189 153 86 100 13 157 159 72 66 78 44 98 108 127 89 35 197 194 119 33 138 131 131 35 120 48 41 146 28 68 44 13 174 100 174 47 79 3 18 147 26 59 46 108 196 65 197 182 143 159 169 5 103 129 140 133 91 168 90 130 168 169 98 47 31 105 51 146 194 69 105 193 92 126 63 38 175 22 16 34 37 63 163 18 84 37 4 131 74 171 137 14 182 127 16 10 117 31 21 74 76 21 38 134 153 184 194 121 74 15 55 57 196 120 129 175 85 60 110 117 166 30 129 182 156 79 167 158 38 191 54 193 172 191 10 35 195 7 69 148 176 106 1 73 164 62 83 106 121 104 148 61 62 97 53 58 68 112 18 16 1 178 137 115 158 27 11 15 71 121 75 162 41 103 190 123 150 14 91 111 7 81 4 179 124 101 150 48 180 107 0 148 76 80 161 2 38 61 138 25 129 11 39 23 108 38 186 115 107 179 130 157 43 67 119 139 141 33 101 159 191 11 92 69 28 7 178 103 6 121 85 182 16 75 109 179 175 17 89 67 170 200 145 151 199 30 126 68 27 172 97 81 98 116 126 92 55 101 194 112 189 13 173 123 179 197 98 177 28 115 116 61 1 31 65 117 51 98 169 168 71 34 36 85 120 195 137 119 64 133 121 173 142 111 33 198 159 180 126 116 175 120 20 149 136 26 199 45 26 156 115 83 148 156 189 36 56 7 94 90 44 53 139 62 18 160 122 191 192 62 117 1 53 87 90 147 100 91 138 60 178 173 175 146 30 64 121 29 4 160 148 44 16 90 99 139 10 176 60 116 164 13 180 163 13 79 85 96 200 176 55 45 67 159 55 116 18 82 106 84 138 162 183 189 3 46 88 61 149 103 111 73 8 19 173 7 182 112 103 120 3 58 109 137 138 48 82 114 167 36 23 89 22 97 134 154 107 199 1 87 148 20 142 153 97 97 176 168 162 0 66 148 186 51 4 29 29 124 166 3 25 200 100 41 6 162 167 107 3 21 68 76 2 67 142 142 14 79 187 76 89 170 35 190 155 73 35 19 31 87 136 198 102 12 84 84 186 106 22 164 118 39 20 30 130 199 29 110 147 65 32 176 64 32 132 98 60 129 101 12 37 28 115 192 53 100 76 189 15 52 0 12 185 119 55 198 93 25 84 70 33 96 49 130 58 57 118 92 138 106 118 146 13 71 48 58 64 139 9 71 5 156 169 87 97 25 13 78 151 175 79 70 63 186 54 154 118 7 2 14 2 194 64 3 102 143 185 84 183 166 50 122 189 117 151 34 170 82 28 151 11 72 149 133 80 122 22 143 20 134 50 35 142 140 129 143 178 167 103 188 175 124 120 54 119 183 178 78 170 176 154 134 18 171 128 130 195 31 124 59 98 167 151 140 54 90 145 26 102 55 113 81 6 65 11 173 95 127 163 149 149 196 95 40 156 157 171 32 16 81 117 188 115 25 15 132 189 66 106 83 74 142 24 96 15 93 47 156 93 125 122 138 106 98 196 114 1 188 44 23 141 51 131 123 149 45 105 154 119 66 98 40 91 196 77 86 180 52 16 92 34 41 100 33 169 199 107 40 77 170 192 183 192 40 193 186 160 116 182 168 181 194 28 181 48 101 78 145 56 159 169 161 103 145 75 196 200 35 78 96 44 119 39 80 95 21 108 191 187 189 184 4 51 86 44 50 178 124 33 162 58 145 59 18 195 175 128 44 76 175 174 70 93 86 100 110 177 177 40 160 116 65 157 191 195 126 35 59 27 122 142 139 108 0 94
190
184 157 28 142 68 94 5 87 84 99 165 8 175 37 118 43 162 31 21 104 183 50 168 148 137 51 197 119 142 119 36 3 193 51 94 32 73 1 22 33 146 15 85 0 104 60 101 51 22 150 15 136 58 120 49 21 154 112 165 187 126 113 90 2 49 160 162 46 165 176 16 115 157 193 195 144 38 87 71 144 66 175 187 145 97 97 94 111 1 74 45 86 161 115 32 49 165 42 24 124 140 15 55 153 62 154 49 43 157 178 141 199 127 135 153 175 82 74 156 11 173 21 119 28 70 177 81 144 47 94 97 111 182 166 26 72 33 137 150 84 172 198 125 62 195 2 133 118 64 168 154 68 151 168 68 109 138 5 24 138 44 27 168 178 88 89 50 96 112 120 66 150 71 11 35 175 145 178 171 67 80 115 128 41 183 183 21 174 7 185
340
0 200 79 65 73 119 64 60 96 89 111 108 88 79 107 68 102 83 106 59 51 61 107 120 113 65 119 93 87 83 70 109 77 57 81 76 63 51 107 67 102 97 81 96 54 89 64 56 104 50 81 111 66 60 85 94 110 58 52 102 67 110 62 52 111 73 96 99 82 71 60 98 116 104 120 88 94 110 70 50 89 104 78 72 51 92 109 97 79 101 103 67 99 64 117 58 56 120 83 63 95 63 54 114 118 55 56 112 80 92 108 111 97 84 74 105 119 68 96 85 68 83 97 84 79 106 96 105 102 85 118 92 105 85 75 111 80 107 81 61 85 84 88 111 72 109 86 112 85 120 75 78 64 111 111 93 113 97 76 52 75 61 92 74 70 116 92 59 65 87 56 83 96 62 92 76 57 87 65 98 79 88 103 79 118 115 82 59 63 94 99 80 99 54 73 104 61 61 95 59 102 120 96 56 90 89 72 68 99 76 102 68 54 61 113 117 66 111 93 52 91 53 111 64 62 78 53 97 101 60 115 74 118 55 83 113 94 104 79 119 71 120 89 71 114 54 112 88 56 87 116 118 62 100 107 57 60 102 66 68 73 66 116 54 72 117 115 108 67 111 101 113 52 55 92 69 76 70 83 56 103 73 69 56 83 84 68 105 95 55 58 105 59 111 104 80 79 69 54 98 94 117 62 113 89 80 75 116 77 70 98 67 91 62 59 106 80 61 79 80 109 96 81 51 66 70 84 57 115 114 101 84 102 118 75 118 116 70 106 200
407
79 152 146 121 100 132 42 78 95 17 114 69 52 115 200 12 27 118 200 4 6 105 3 141 186 174 121 70 191 69 110 153 30 162 72 72 51 13 78 53 183 20 189 161 195 80 81 118 82 43 153 134 14 131 60 58 179 162 80 122 197 193 149 5 116 174 128 118 120 5 132 16 2 137 183 108 161 37 30 102 99 44 121 12 98 187 151 139 139 15 169 70 77 77 182 139 17 142 96 166 175 79 182 103 55 92 34 89 184 21 174 132 49 36 106 111 115 71 31 8 147 15 131 12 154 170 75 34 195 11 30 97 47 183 150 10 52 91 64 163 176 34 107 177 74 54 85 54 16 76 91 85 51 69 198 61 171 119 194 195 55 78 25 85 97 134 143 119 122 55 80 121 55 130 186 10 168 58 126 147 192 11 7 68 190 103 71 15 100 58 86 188 32 12 161 140 76 84 191 110 187 10 142 125 99 177 99 196 90 132 113 130 187 5 183 146 37 1 143 174 61 92 126 193 174 162 187 18 129 25 173 156 45 73 48 45 118 62 16 0 12 131 96 95 129 175 19 119 3 152 30 10 47 71 104 149 168 177 45 69 48 103 142 140 189 86 164 128 8 28 30 97 102 79 159 177 72 182 16 76 154 100 100 151 22 141 27 7 131 20 173 199 104 12 96 167 187 47 141 109 93 12 49 10 65 48 76 185 41 187 118 65 50 39 73 183 114 50 144 151 127 129 141 26 173 105 106 51 88 122 46 43 67 46 76 50 52 167 23 18 74 35 143 187 79 3 24 124 76 169 108 187 190 86 26 158 109 115 150 153 168 17 83 13 50 188 149 67 67 134 146 58 122 54 195 60 85 12 108 60 16 16 105 21 163 180 148 60 4 15 30 112 21 121 191 134 93 13 30 175 74 21 181 23 100 192 147
471
18 15 3 5 9 12 1 3 12 7 7 6 12 7 15 10 16 18 11 7 5 6 3 4 10 2 5 2 14 20 20 20 19 8 16 10 4 13 9 17 4 11 17 7 3 7 12 2 11 2 10 1 10 2 16 19 6 14 9 18 8 0 12 2 6 11 2 14 5 18 14 17 16 2 12 15 7 4 7 13 3 5 4 9 7 6 5 15 5 5 15 11 7 8 16 17 19 14 19 16 2 8 20 2 17 15 12 10 11 3 12 1 14 10 5 8 4 19 19 18 4 10 14 15 0 1 13 1 16 19 16 11 6 2 5 19 1 1 7 2 16 14 6 15 17 5 15 15 4 1 4 3 6 6 17 3 1 9 8 7 14 11 14 0 2 1 14 15 6 14 16 5 2 4 6 7 11 11 15 17 6 3 0 19 18 20 17 15 0 4 16 8 20 12 18 13 13 4 20 19 10 2 5 15 3 0 4 10 4 3 18 12 13 11 11 17 6 19 4 6 20 3 20 12 17 12 6 19 8 14 7 11 12 6 12 20 17 2 13 15 15 4 10 8 2 20 12 0 0 15 7 12 12 17 12 13 4 19 2 17 12 12 15 15 14 14 12 5 15 5 12 2 18 4 6 17 19 19 6 9 9 13 0 7 18 16 4 4 11 0 8 12 8 18 15 13 5 17 9 2 16 6 5 5 4 0 13 15 5 15 5 2 16 18 12 10 11 10 20 18 9 0 17 7 12 11 0 3 3 6 2 17 15 8 3 20 17 17 9 12 17 14 8 15 18 10 17 4 15 7 14 20 19 6 0 9 19 16 15 2 11 6 13 10 11 15 8 9 5 12 6 19 4 17 1 0 3 8 2 6 18 8 7 12 2 2 19 14 17 17 19 6 14 1 3 6 6 12 18 4 2 1 6 13 20 14 18 10 20 16 14 3 12 20 18 10 3 14 0 13 12 2 10 9 18 9 9 0 15 20 11 0 3 13 18 2 20 12 3 15 10 13 16 11 3 18 6 20 17 4 20 6 20 0 7 7 3 14 20 0 1 4 9 6 17 0 16 10 0 17 3
183
0 200 55 87 115 101 59 103 66 60 119 114 87 83 108 111 75 113 65 95 103 95 105 84 91 116 98 95 79 91 97 101 112 107 79 101 100 87 64 116 114 53 92 93 82 117 67 76 51 78 87 54 112 94 88 118 62 54 103 119 90 102 90 93 103 118 106 86 62 79 84 51 64 88 110 94 111 114 90 57 54 111 101 85 110 81 119 56 85 88 64 52 82 69 106 71 77 64 66 65 50 59 100 84 109 100 110 86 99 97 54 112 94 89 110 90 86 68 110 54 96 110 88 67 106 75 105 111 83 81 76 107 52 115 61 111 72 74 86 63 108 92 96 118 103 101 114 51 72 93 81 64 59 82 54 95 112 60 76 86 90 85 101 83 75 62 118 104 73 107 114 109 94 98 119 56 97 93 102 83 103 120 200
557
0 0 0 0 0 0 0 0 0 0 0 0 0 0 0 0 0 0 0 0 0 0 0 0 0 0 0 0 0 0 0 0 0 0 0 0 0 0 0 0 0 0 0 0 0 0 0 0 0 0 0 0 0 0 0 0 0 0 0 0 0 0 0 0 0 0 0 0 0 0 0 0 0 0 0 0 0 0 0 0 0 0 0 0 0 0 0 0 0 0 0 0 0 0 0 0 0 0 0 0 0 0 0 0 0 0 0 0 0 0 0 0 0 0 0 0 0 0 0 0 0 0 0 0 0 0 0 0 0 0 0 0 0 0 0 0 0 0 0 0 0 0 0 0 0 0 0 0 0 0 0 0 0 0 0 0 0 0 0 0 0 0 0 0 0 0 0 0 0 0 0 0 0 0 0 0 0 0 0 0 0 0 0 0 0 0 0 0 0 0 0 0 0 0 0 0 0 0 0 0 0 0 0 0 0 0 0 0 0 0 0 0 0 0 0 0 0 0 0 0 0 0 0 0 0 0 0 0 0 0 0 0 0 0 0 0 0 0 0 0 0 0 0 0 0 0 0 0 0 0 0 0 0 0 0 0 0 0 0 0 0 0 0 0 0 0 0 0 0 0 0 0 0 0 0 0 0 0 0 0 0 0 0 0 0 0 0 0 0 0 0 0 0 0 0 0 0 0 0 0 0 0 0 0 0 0 0 0 0 0 0 0 0 0 0 0 0 0 0 0 0 0 0 0 0 0 0 0 0 0 0 0 0 0 0 0 0 0 0 0 0 0 0 0 0 0 0 0 0 0 0 0 0 0 0 0 0 0 0 0 0 0 0 0 0 0 0 0 0 0 0 0 0 0 0 0 0 0 0 0 0 0 0 0 0 0 0 0 0 0 0 0 0 0 0 0 0 0 0 0 0 0 0 0 0 0 0 0 0 0 0 0 0 0 0 0 0 0 0 0 0 0 0 0 0 0 0 0 0 0 0 0 0 0 0 0 0 0 0 0 0 0 0 0 0 0 0 0 0 0 0 0 0 0 0 0 0 0 0 0 0 0 0 0 0 0 0 0 0 0 0 0 0 0 0 0 0 0 0 0 0 0 0 0 0 0 0 0 0 0 0 0 0 0 0 0 0 0 0 0 0 0 0 0 0 0 0 0 0 0 0 0 0 0 0 0 0 0 0 0 0 0 0 0 0 0 0 0 0 0 0 0 0 0 0 0 0 0 0 0 0 0 0 0 0 0 0 0 0 0 0 0 0 0 0 0 0
915
152 97 110 161 115 60 87 155 3 66 7 88 8 17 31 140 110 145 1 48 130 182 98 118 103 132 112 135 193 67 24 184 169 193 107 38 136 130 144 34 159 11 84 198 62 5 179 20 181 15 124 75 72 36 42 169 42 164 92 134 119 23 192 120 186 23 35 70 56 158 56 73 100 104 97 169 147 77 54 180 175 53 43 147 123 130 12 98 152 176 85 73 64 157 89 54 102 90 136 199 93 111 102 150 14 22 114 132 139 56 129 66 63 19 73 175 47 2 112 157 81 65 165 36 199 91 101 132 115 71 55 74 82 131 190 87 199 14 165 51 85 64 138 135 170 98 35 178 193 89 126 109 44 180 194 156 166 187 55 42 104 45 102 104 9 33 125 114 13 152 52 38 167 2 74 140 46 188 72 18 34 147 123 190 77 132 8 9 66 81 26 117 183 173 199 162 180 160 175 167 195 58 100 155 52 46 130 199 1 165 191 142 113 197 82 80 154 24 173 178 2 118 89 63 61 194 91 12 19 39 14 157 8 182 21 33 20 174 166 70 98 43 142 29 30 98 22 127 57 107 119 182 68 74 100 58 130 84 120 55 188 14 7 96 191 126 169 171 163 108 86 134 192 176 30 52 174 0 176 58 154 4 169 197 165 60 113 123 79 38 60 99 107 184 188 196 15 148 187 111 129 41 175 54 34 183 138 180 160 172 193 124 106 62 158 192 130 84 154 99 66 200 159 102 152 167 189 184 173 51 143 180 126 63 45 9 132 3 187 179 72 80 65 185 104 28 24 147 192 145 103 81 143 190 71 146 173 93 174 64 19 114 128 79 123 5 171 85 188 154 1 121 0 140 50 191 24 57 140 5 167 62 48 47 117 149 199 183 0 176 77 48 181 44 113 46 171 34 103 41 139 106 95 72 36 60 129 74 195 193 46 72 101 85 35 152 93 112 63 177 96 50 144 81 76 200 90 199 74 169 176 190 122 8 66 36 154 30 117 48 158 42 1 75 9 60 53 112 108 185 13 35 62 140 115 78 81 181 197 47 31 38 55 119 132 132 45 110 188 136 32 35 113 181 74 184 53 126 24 84 124 31 126 26 196 18 41 0 5 179 142 101 133 77 120 136 96 147 184 17 172 175 31 61 67 135 102 19 15 163 47 177 145 169 172 195 10 123 107 149 132 119 126 15 111 24 196 171 175 72 21 181 24 15 19 79 10 65 114 52 153 72 100 150 190 170 81 146 33 151 40 79 86 44 167 196 158 57 156 92 63 145 104 172 121 113 9 42 39 56 131 70 34 62 98 80 14 118 63 9 125 199 162 113 11 181 118 90 55 102 15 113 112 140 184 126 90 107 8 83 189 66 98 21 85 63 141 100 47 98 170 142 188 178 5 196 181 27 29 198 118 44 80 100 125 58 138 127 196 58 60 8 13 32 16 108 53 179 97 195 139 29 154 166 99 111 143 116 15 179 102 63 61 172 156 9 165 151 177 134 37 160 85 53 146 199 59 114 18 171 79 82 124 176 71 27 190 42 69 170 169 178 179 139 35 3 72 64 123 125 58 46 195 178 120 188 106 139 148 65 13 55 55 28 61 125 17 26 198 142 151 79 166 40 159 56 159 121 29 104 60 49 149 128 11 28 194 39 84 35 153 140 150 173 23 115 18 86 133 133 26 64 61 71 116 8 46 169 166 36 48 57 38 54 127 126 149 48 5 15 56 110 0 107 100 28 35 58 167 166 127 56 50 133 110 138 38 123 122 12 131 96 23 133 70 3 38 128 171 40 66 132 64 169 97 162 121 105 84 191 44 53 127 106 135 46 110 131 12 33 140 5 28 127 33 183 164 5 21 78 32 45 194 114 189 186 165 1 184 179 24 161 200 32 38 153 147 159 22 138 157 63 22 111 61 34 47 132 37 23 3 27 196 122 141 194 93 157 89 162 27 98 36 162 96 169 93 176 73 47 20 142 191 143 41 1 199 162 123 139 115 179 108 28 69 199 160 19 58 1 6 45 72 119 35 158 124 23 103 183 89 193 29 136 172 93 186 168 124 76 135 83 175 76 57
418
36 1 171 108 34 148 174 38 141 24 81 143 30 110 24 30 87 30 96 3 89 161 45 114 46 124 119 187 6 117 77 8 117 146 146 91 92 190 149 167 179 17 76 25 148 42 86 60 112 87 62 83 4 120 54 82 66 178 42 60 73 123 7 78 197 157 123 138 130 16 36 151 88 61 7 90 148 58 13 133 28 116 114 113 123 97 183 26 111 133 42 99 63 18 148 99 86 131 179 61 123 58 144 65 29 140 13 40 72 147 103 74 22 134 181 63 196 126 150 177 82 172 169 14 110 131 126 146 130 35 3 34 141 14 78 144 81 152 68 68 78 193 113 23 58 73 66 116 39 143 100 128 134 123 160 83 7 172 187 193 158 96 92 171 194 112 153 171 131 27 194 186 189 77 40 180 13 101 186 193 171 121 181 45 193 112 200 194 72 113 35 190 46 69 158 181 47 121 110 197 31 158 4 133 124 88 34 28 32 79 132 18 54 163 193 175 105 168 180 153 10 88 128 62 117 15 164 178 8 24 197 101 127 141 193 66 52 43 7 84 49 9 137 45 21 63 17 8 187 115 195 152 64 180 160 38 80 164 193 35 20 100 119 196 54 27 91 168 15 116 150 77 166 199 135 26 31 41 113 180 116 100 31 152 105 6 15 103 46 144 123 120 38 98 71 130 88 16 20 0 112 95 38 85 133 94 153 88 21 49 119 71 189 49 194 172 154 20 119 60 199 84 109 7 16 92 14 21 81 186 25 91 90 92 28 33 138 1 21 115 156 175 180 193 81 27 78 44 120 125 48 81 192 85 155 134 15 137 50 143 76 58 155 117 13 117 4 150 57 186 115 98 90 15 92 38 107 68 125 181 155 118 143 71 21 141 142 3 171 177 40 174 59 179 187 17 119 42 73 40 7 119 11 160 135 105 130 103 85 126 112 70 8 130 161 182 84 120
168
200 200 200 200 200 200 200 200 200 200 200 200 200 200 200 200 200 200 200 200 200 200 200 200 200 200 200 200 200 200 200 200 200 200 200 200 200 200 200 200 200 200 200 200 200 200 200 200 200 200 200 200 200 200 200 200 200 200 200 200 200 200 200 200 200 200 200 200 200 200 200 200 200 200 200 200 200 200 200 200 200 200 200 200 200 200 200 200 200 200 200 200 200 200 200 200 200 200 200 200 200 200 200 200 200 200 200 200 200 200 200 200 200 200 200 200 200 200 200 200 200 200 200 200 200 200 200 200 200 200 200 200 200 200 200 200 200 200 200 200 200 200 200 200 200 200 200 200 200 200 200 200 200 200 200 200 200 200 200 200 200 200 200 200 200 200 200 200
525
8 2 7 1 14 14 17 17 19 6 0 20 20 18 17 18 0 9 9 16 4 15 13 7 18 16 5 19 0 8 10 11 11 2 0 6 15 8 10 10 14 9 19 17 17 1 5 5 3 9 4 10 5 7 4 4 1 12 2 9 0 11 6 19 1 18 9 16 4 16 15 15 8 7 8 13 16 1 9 1 15 4 9 5 2 15 12 2 12 20 20 20 15 10 6 5 5 8 1 15 15 13 13 2 17 2 18 4 7 17 9 14 15 1 4 20 9 5 17 11 11 13 0 20 9 4 7 0 7 11 13 4 3 4 10 11 4 6 17 5 20 16 19 6 15 2 18 3 17 13 18 12 4 0 9 17 0 18 1 6 2 8 1 11 17 5 18 4 10 5 15 12 8 2 15 14 10 9 6 16 3 0 6 3 1 14 15 15 18 1 9 19 7 4 3 8 8 1 11 18 16 12 14 14 7 18 19 1 11 9 12 15 10 19 16 10 19 20 9 1 4 9 12 14 12 5 12 6 11 9 18 7 2 14 20 16 5 20 15 10 15 13 1 20 10 3 5 16 17 15 6 7 9 13 20 2 2 5 10 9 8 4 9 11 2 19 4 18 16 15 15 12 7 4 6 15 1 6 3 8 4 11 20 1 2 6 6 17 16 11 2 18 0 10 5 0 13 20 4 20 14 16 9 15 14 20 15 17 2 5 8 16 12 11 15 9 5 9 6 7 20 3 12 3 17 11 10 11 6 14 15 11 13 5 18 6 10 20 13 9 5 8 0 16 16 0 6 0 19 11 6 2 6 8 8 6 15 10 18 7 1 16 16 20 9 20 2 2 9 8 8 12 13 9 0 9 8 9 8 4 13 2 10 8 12 11 10 5 10 4 12 6 6 13 2 14 5 12 18 7 18 0 3 5 3 14 13 4 0 0 0 14 5 3 15 5 5 2 16 3 11 16 16 18 0 1 16 7 13 10 3 2 2 13 0 4 7 9 15 12 15 8 5 13 17 14 7 2 5 2 1 2 19 8 9 6 17 12 8 8 9 8 2 12 3 7 2 7 14 7 20 19 2 9 6 4 10 1 4 13 8 17 10 7 6 10 15 19 16 2 5 16 2 18 17 19 15 17 3 12 19 7 20 17 3 13 10 18 9 1 4 13 20 8 8 3 14 19 9 14 11 15 18 7 10
11
38 75 99 54 175 169 189 62 52 2 153
355
0 0 0 0 0 0 0 0 0 0 0 0 0 0 0 0 0 0 0 0 0 0 0 0 0 0 0 0 0 0 0 0 0 0 0 0 0 0 0 0 0 0 0 0 0 0 0 0 0 0 0 0 0 0 0 0 0 0 0 0 0 0 0 0 0 0 0 0 0 0 0 0 0 0 0 0 0 0 0 0 0 0 0 0 0 0 0 0 0 0 0 0 0 0 0 0 0 0 0 0 0 0 0 0 0 0 0 0 0 0 0 0 0 0 0 0 0 0 0 0 0 0 0 0 0 0 0 0 0 0 0 0 0 0 0 0 0 0 0 0 0 0 0 0 0 0 0 0 0 0 0 0 0 0 0 0 0 0 0 0 0 0 0 0 0 0 0 0 0 0 0 0 0 0 0 0 0 0 0 0 0 0 0 0 0 0 0 0 0 0 0 0 0 0 0 0 0 0 0 0 0 0 0 0 0 0 0 0 0 0 0 0 0 0 0 0 0 0 0 0 0 0 0 0 0 0 0 0 0 0 0 0 0 0 0 0 0 0 0 0 0 0 0 0 0 0 0 0 0 0 0 0 0 0 0 0 0 0 0 0 0 0 0 0 0 0 0 0 0 0 0 0 0 0 0 0 0 0 0 0 0 0 0 0 0 0 0 0 0 0 0 0 0 0 0 0 0 0 0 0 0 0 0 0 0 0 0 0 0 0 0 0 0 0 0 0 0 0 0 0 0 0 0 0 0 0 0 0 0 0 0 0 0 0 0 0 0 0 0 0 0 0 0 0 0 0 0 0 0 0 0 0 0 0 0
71
17 0 20 13 5 4 6 19 16 158 4 1 10 6 181 172 17 8 14 11 17 12 2 15 6 199 151 12 20 13 162 179 185 16 5 7 161 5 161 175 8 171 15 17 15 180 19 1 14 19 3 171 173 17 12 4 4 18 19 3 195 8 12 182 9 18 164 8 4 9 183
1
0
641
200 200 200 200 200 200 200 200 200 200 200 200 200 200 200 200 200 200 200 200 200 200 200 200 200 200 200 200 200 200 200 200 200 200 200 200 200 200 200 200 200 200 200 200 200 200 200 200 200 200 200 200 200 200 200 200 200 200 200 200 200 200 200 200 200 200 200 200 200 200 200 200 200 200 200 200 200 200 200 200 200 200 200 200 200 200 200 200 200 200 200 200 200 200 200 200 200 200 200 200 200 200 200 200 200 200 200 200 200 200 200 200 200 200 200 200 200 200 200 200 200 200 200 200 200 200 200 200 200 200 200 200 200 200 200 200 200 200 200 200 200 200 200 200 200 200 200 200 200 200 200 200 200 200 200 200 200 200 200 200 200 200 200 200 200 200 200 200 200 200 200 200 200 200 200 200 200 200 200 200 200 200 200 200 200 200 200 200 200 200 200 200 200 200 200 200 200 200 200 200 200 200 200 200 200 200 200 200 200 200 200 200 200 200 200 200 200 200 200 200 200 200 200 200 200 200 200 200 200 200 200 200 200 200 200 200 200 200 200 200 200 200 200 200 200 200 200 200 200 200 200 200 200 200 200 200 200 200 200 200 200 200 200 200 200 200 200 200 200 200 200 200 200 200 200 200 200 200 200 200 200 200 200 200 200 200 200 200 200 200 200 200 200 200 200 200 200 200 200 200 200 200 200 200 200 200 200 200 200 200 200 200 200 200 200 200 200 200 200 200 200 200 200 200 200 200 200 200 200 200 200 200 200 200 200 200 200 200 200 200 200 200 200 200 200 200 200 200 200 200 200 200 200 200 200 200 200 200 200 200 200 200 200 200 200 200 200 200 200 200 200 200 200 200 200 200 200 200 200 200 200 200 200 200 200 200 200 200 200 200 200 200 200 200 200 200 200 200 200 200 200 200 200 200 200 200 200 200 200 200 200 200 200 200 200 200 200 200 200 200 200 200 200 200 200 200 200 200 200 200 200 200 200 200 200 200 200 200 200 200 200 200 200 200 200 200 200 200 200 200 200 200 200 200 200 200 200 200 200 200 200 200 200 200 200 200 200 200 200 200 200 200 200 200 200 200 200 200 200 200 200 200 200 200 200 200 200 200 200 200 200 200 200 200 200 200 200 200 200 200 200 200 200 200 200 200 200 200 200 200 200 200 200 200 200 200 200 200 200 200 200 200 200 200 200 200 200 200 200 200 200 200 200 200 200 200 200 200 200 200 200 200 200 200 200 200 200 200 200 200 200 200 200 200 200 200 200 200 200 200 200 200 200 200 200 200 200 200 200 200 200 200 200 200 200 200 200 200 200 200 200 200 200 200 200 200 200 200 200 200 200 200 200 200 200 200 200 200 200 200 200 200 200 200 200 200 200 200 200 200 200 200 200 200 200 200 200 200 200 200 200 200 200 200 200 200 200 200 200 200 200 200 200 200 200 200 200 200 200 200 200
773
103 189 103 96 189 96 96 96 189 189 96 103 189 96 96 103 189 189 96 96 189 96 189 103 189 103 103 103 103 96 103 103 103 189 103 189 189 96 189 189 96 96 96 96 103 103 103 189 103 189 189 96 189 103 103 96 96 189 189 189 103 189 189 189 103 103 96 103 103 103 189 103 103 96 96 189 103 103 103 189 189 96 96 189 103 103 189 96 96 189 189 189 189 189 96 189 103 189 96 189 96 103 189 189 189 96 103 103 189 96 189 189 96 103 189 103 103 103 103 189 189 103 96 103 189 103 96 96 96 189 189 103 189 189 103 96 189 96 103 103 103 96 189 189 103 103 96 189 96 189 189 103 103 103 96 96 189 96 103 189 103 103 189 103 189 189 96 96 189 189 96 96 189 103 103 96 189 189 103 96 103 96 189 96 103 189 103 103 189 96 96 189 103 96 96 189 189 96 96 96 103 189 189 96 103 189 103 96 189 96 189 96 189 103 96 189 96 103 96 96 103 103 189 103 96 189 189 189 103 189 96 103 189 103 103 96 96 103 189 103 103 103 96 189 103 96 103 103 103 103 96 103 96 96 103 103 189 103 189 103 96 189 96 103 189 103 96 96 96 103 96 96 96 189 189 189 103 189 103 103 189 189 103 96 103 96 96 189 96 96 96 103 96 189 103 96 96 96 96 189 189 189 189 103 189 189 189 96 189 103 96 189 96 189 189 103 96 96 189 189 189 189 96 189 96 189 189 189 96 189 189 96 103 103 103 103 103 103 103 189 96 103 96 103 189 96 103 103 96 103 103 96 103 189 103 103 103 96 103 103 103 103 96 103 103 103 103 96 189 96 96 103 96 96 189 189 103 103 96 96 96 189 189 96 103 189 103 103 189 96 103 103 189 103 103 189 189 189 189 96 103 189 96 189 103 189 189 96 189 103 103 103 96 189 103 103 189 96 103 103 103 189 103 96 96 189 189 96 103 103 103 189 96 103 96 189 103 189 96 189 189 189 189 103 103 96 189 189 189 189 96 96 103 103 96 103 189 96 189 103 96 96 103 189 96 96 103 189 96 189 189 96 96 103 189 103 189 96 96 96 103 103 103 96 96 103 96 96 96 103 103 189 96 96 103 103 96 189 103 103 189 96 103 189 96 103 189 96 189 189 189 103 96 189 96 96 103 103 96 103 189 103 189 96 96 189 189 96 103 96 103 189 103 96 103 103 189 103 103 189 189 189 103 103 96 103 96 96 96 103 103 103 103 189 96 96 103 189 103 189 96 96 189 96 103 103 189 96 103 189 103 189 96 96 96 96 96 96 189 189 189 96 103 189 103 96 189 103 189 96 103 103 96 103 103 96 189 96 189 103 96 189 96 103 103 189 103 189 103 103 189 189 103 189 96 96 96 96 103 103 96 96 189 103 96 103 96 189 103 96 96 103 189 96 96 103 103 103 103 103 189 189 96 96 103 189 189 96 103 189 96 189 103 96 96 103 189 96 96 189 96 96 103 189 189 103 189 96 103 96 189 103 103 96 189 189 189 103 189 96 103 96 189 96 96 103 96 96 103 189 96 103 189 96 103 189 189 189 103 96 103 103 96 189 189 189 96 189 96 103 103 103 189 103 103 103 96 189 189 96 96 103 96 189 103 96 103 103 96 189 96 103 96 103 189 189 96 189 189 189 103 189 189 103 96 103 96 189 96 189 189 96 189 103 96 96 189 189 103 96 189 96 96 96 189 189 103 103 103 96 103 103 96
384
0 0 0 0 0 0 0 0 0 0 0 0 0 0 0 0 0 0 0 0 0 0 0 0 0 0 0 0 0 0 0 0 0 0 0 0 0 0 0 0 0 0 0 0 0 0 0 0 0 0 0 0 0 0 0 0 0 0 0 0 0 0 0 0 0 0 0 0 0 0 0 0 0 0 0 0 0 0 0 0 0 0 0 0 0 0 0 0 0 0 0 0 0 0 0 0 0 0 0 0 0 0 0 0 0 0 0 0 0 0 0 0 0 0 0 0 0 0 0 0 0 0 0 0 0 0 0 0 0 0 0 0 0 0 0 0 0 0 0 0 0 0 0 0 0 0 0 0 0 0 0 0 0 0 0 0 0 0 0 0 0 0 0 0 0 0 0 0 0 0 0 0 0 0 0 0 0 0 0 0 0 0 0 0 0 0 0 0 0 0 0 0 0 0 0 0 0 0 0 0 0 0 0 0 0 0 0 0 0 0 0 0 0 0 0 0 0 0 0 0 0 0 0 0 0 0 0 0 0 0 0 0 0 0 0 0 0 0 0 0 0 0 0 0 0 0 0 0 0 0 0 0 0 0 0 0 0 0 0 0 0 0 0 0 0 0 0 0 0 0 0 0 0 0 0 0 0 0 0 0 0 0 0 0 0 0 0 0 0 0 0 0 0 0 0 0 0 0 0 0 0 0 0 0 0 0 0 0 0 0 0 0 0 0 0 0 0 0 0 0 0 0 0 0 0 0 0 0 0 0 0 0 0 0 0 0 0 0 0 0 0 0 0 0 0 0 0 0 0 0 0 0 0 0 0 0 0 0 0 0 0 0 0 0 0 0 0 0 0 0 0 0 0 0 0 0 0 0 0 0 0 0 0 0
51
0 0 0 0 0 0 0 0 0 0 0 0 0 0 0 0 0 0 0 0 0 0 0 0 0 0 0 0 0 0 0 0 0 0 0 0 0 0 0 0 0 0 0 0 0 0 0 0 0 0 0
955
143 3 11 143 59 59 3 143 143 143 11 59 3 45 59 3 143 143 45 3 3 11 59 143 59 3 45 11 11 3 143 3 59 11 11 45 3 11 3 143 45 3 11 143 3 3 11 59 143 59 45 11 143 59 11 59 3 3 3 45 59 143 3 45 143 11 3 59 59 143 3 11 11 59 3 11 45 11 59 45 143 59 11 3 59 143 143 45 11 11 59 143 143 11 59 143 59 143 3 45 3 3 45 143 143 59 59 45 59 45 45 3 11 11 11 59 45 59 45 3 59 3 59 11 45 45 59 45 11 3 59 59 59 45 143 11 143 11 11 143 143 45 45 59 3 143 11 143 45 45 11 59 45 11 59 143 59 11 11 11 143 45 45 45 143 45 45 45 143 143 59 3 45 59 45 143 3 59 3 59 11 3 45 11 45 59 3 59 59 11 59 3 11 11 59 143 3 59 11 11 59 59 59 45 45 11 45 59 3 45 11 59 59 45 3 3 3 11 11 59 3 59 45 3 45 143 3 11 45 143 3 45 143 143 45 45 143 143 11 59 45 59 11 3 45 11 59 59 143 143 59 3 11 3 45 45 59 143 11 11 45 45 45 143 59 59 143 45 59 11 45 11 45 143 3 143 45 59 11 59 143 45 11 11 11 59 45 45 59 11 143 59 11 11 143 3 11 59 143 143 45 45 45 11 45 11 143 3 143 3 3 45 3 45 59 11 59 11 143 143 59 143 143 45 59 11 143 59 11 143 3 3 143 143 59 143 3 59 143 59 45 3 11 11 45 59 59 59 11 143 45 11 59 3 11 143 11 3 3 3 11 59 11 3 143 45 143 45 143 11 3 45 11 59 3 143 143 11 3 143 45 59 45 45 3 11 59 143 45 3 143 11 143 45 143 3 3 45 45 143 143 11 11 59 59 45 59 143 45 59 45 3 45 143 45 45 59 143 45 45 143 11 143 59 45 3 59 3 11 45 59 3 11 45 11 11 59 45 11 45 3 59 3 45 143 11 11 11 45 45 59 3 143 3 11 143 3 143 45 59 45 59 143 3 11 3 3 143 45 3 143 59 11 45 45 143 45 3 3 11 3 143 143 59 59 143 3 143 3 143 3 143 59 143 11 45 11 3 143 59 143 11 45 143 59 59 45 143 143 11 59 3 143 3 45 3 59 11 143 45 3 59 3 143 11 45 143 11 59 143 45 3 59 3 59 59 3 11 143 3 11 59 143 143 59 59 59 11 45 3 11 143 143 143 3 11 143 143 59 11 3 143 59 143 3 143 59 143 3 59 45 45 59 45 3 3 45 45 59 59 45 59 143 59 3 45 3 45 3 143 59 11 59 3 45 11 45 59 143 59 45 45 11 59 59 3 11 143 45 59 45 3 143 143 143 59 59 45 59 143 3 45 59 45 59 45 3 59 59 45 143 11 45 3 3 45 143 3 45 11 143 59 45 11 59 59 143 11 11 143 11 59 11 59 11 143 11 45 11 59 143 3 45 59 3 45 59 143 11 3 3 45 143 3 3 143 45 3 143 59 3 45 59 11 11 59 59 45 3 59 59 3 143 143 59 143 11 11 59 143 45 59 45 143 59 45 11 59 11 45 143 143 11 143 143 59 3 45 143 3 143 59 11 45 59 45 45 59 143 11 3 3 3 11 45 59 11 45 3 3 45 143 11 11 143 3 3 3 11 11 143 3 11 11 143 143 45 59 3 59 11 45 11 3 3 59 45 3 143 45 143 45 143 59 59 3 11 143 11 11 143 143 3 11 11 143 11 59 3 143 3 143 45 143 143 59 11 59 45 3 59 59 45 59 59 45 143 59 3 59 59 3 59 45 59 59 11 59 45 3 45 11 11 45 59 59 59 11 3 143 11 3 59 3 59 59 59 11 11 59 45 45 11 59 59 143 3 59 143 11 143 11 45 11 3 3 143 3 3 143 11 45 59 59 45 3 59 3 3 11 11 59 143 3 143 143 45 45 3 3 3 59 11 11 11 59 143 11 3 11 3 3 11 3 45 45 45 143 143 143 143 3 143 11 143 3 11 143 45 59 3 143 3 143 11 143 45 3 11 143 45 3 143 143 3 143 3 45 59 3 59 45 59 59 11 143 3 11 3 59 45 11 45 11 59 59 45 11 11 59 45 3 59 59 143
774
200 200 200 200 200 200 200 200 200 200 200 200 200 200 200 200 200 200 200 200 200 200 200 200 200 200 200 200 200 200 200 200 200 200 200 200 200 200 200 200 200 200 200 200 200 200 200 200 200 200 200 200 200 200 200 200 200 200 200 200 200 200 200 200 200 200 200 200 200 200 200 200 200 200 200 200 200 200 200 200 200 200 200 200 200 200 200 200 200 200 200 200 200 200 200 200 200 200 200 200 200 200 200 200 200 200 200 200 200 200 200 200 200 200 200 200 200 200 200 200 200 200 200 200 200 200 200 200 200 200 200 200 200 200 200 200 200 200 200 200 200 200 200 200 200 200 200 200 200 200 200 200 200 200 200 200 200 200 200 200 200 200 200 200 200 200 200 200 200 200 200 200 200 200 200 200 200 200 200 200 200 200 200 200 200 200 200 200 200 200 200 200 200 200 200 200 200 200 200 200 200 200 200 200 200 200 200 200 200 200 200 200 200 200 200 200 200 200 200 200 200 200 200 200 200 200 200 200 200 200 200 200 200 200 200 200 200 200 200 200 200 200 200 200 200 200 200 200 200 200 200 200 200 200 200 200 200 200 200 200 200 200 200 200 200 200 200 200 200 200 200 200 200 200 200 200 200 200 200 200 200 200 200 200 200 200 200 200 200 200 200 200 200 200 200 200 200 200 200 200 200 200 200 200 200 200 200 200 200 200 200 200 200 200 200 200 200 200 200 200 200 200 200 200 200 200 200 200 200 200 200 200 200 200 200 200 200 200 200 200 200 200 200 200 200 200 200 200 200 200 200 200 200 200 200 200 200 200 200 200 200 200 200 200 200 200 200 200 200 200 200 200 200 200 200 200 200 200 200 200 200 200 200 200 200 200 200 200 200 200 200 200 200 200 200 200 200 200 200 200 200 200 200 200 200 200 200 200 200 200 200 200 200 200 200 200 200 200 200 200 200 200 200 200 200 200 200 200 200 200 200 200 200 200 200 200 200 200 200 200 200 200 200 200 200 200 200 200 200 200 200 200 200 200 200 200 200 200 200 200 200 200 200 200 200 200 200 200 200 200 200 200 200 200 200 200 200 200 200 200 200 200 200 200 200 200 200 200 200 200 200 200 200 200 200 200 200 200 200 200 200 200 200 200 200 200 200 200 200 200 200 200 200 200 200 200 200 200 200 200 200 200 200 200 200 200 200 200 200 200 200 200 200 200 200 200 200 200 200 200 200 200 200 200 200 200 200 200 200 200 200 200 200 200 200 200 200 200 200 200 200 200 200 200 200 200 200 200 200 200 200 200 200 200 200 200 200 200 200 200 200 200 200 200 200 200 200 200 200 200 200 200 200 200 200 200 200 200 200 200 200 200 200 200 200 200 200 200 200 200 200 200 200 200 200 200 200 200 200 200 200 200 200 200 200 200 200 200 200 200 200 200 200 200 200 200 200 200 200 200 200 200 200 200 200 200 200 200 200 200 200 200 200 200 200 200 200 200 200 200 200 200 200 200 200 200 200 200 200 200 200 200 200 200 200 200 200 200 200 200 200 200 200 200 200 200 200 200 200 200 200 200 200 200 200 200 200 200 200 200 200 200 200 200 200 200 200 200 200 200 200 200 200 200 200 200 200 200 200 200 200 200 200 200 200 200 200 200 200 200 200 200 200 200 200 200 200 200 200 200 200 200 200 200 200 200 200 200 200 200 200 200 200 200 200 200 200 200 200 200 200 200 200 200 200 200 200 200 200 200 200 200 200 200
321
0 0 0 0 0 0 0 0 0 0 0 0 0 0 0 0 0 0 0 0 0 0 0 0 0 0 0 0 0 0 0 0 0 0 0 0 0 0 0 0 0 0 0 0 0 0 0 0 0 0 0 0 0 0 0 0 0 0 0 0 0 0 0 0 0 0 0 0 0 0 0 0 0 0 0 0 0 0 0 0 0 0 0 0 0 0 0 0 0 0 0 0 0 0 0 0 0 0 0 0 0 0 0 0 0 0 0 0 0 0 0 0 0 0 0 0 0 0 0 0 0 0 0 0 0 0 0 0 0 0 0 0 0 0 0 0 0 0 0 0 0 0 0 0 0 0 0 0 0 0 0 0 0 0 0 0 0 0 0 0 0 0 0 0 0 0 0 0 0 0 0 0 0 0 0 0 0 0 0 0 0 0 0 0 0 0 0 0 0 0 0 0 0 0 0 0 0 0 0 0 0 0 0 0 0 0 0 0 0 0 0 0 0 0 0 0 0 0 0 0 0 0 0 0 0 0 0 0 0 0 0 0 0 0 0 0 0 0 0 0 0 0 0 0 0 0 0 0 0 0 0 0 0 0 0 0 0 0 0 0 0 0 0 0 0 0 0 0 0 0 0 0 0 0 0 0 0 0 0 0 0 0 0 0 0 0 0 0 0 0 0 0 0 0 0 0 0 0 0 0 0 0 0 0 0 0 0 0 0 0 0 0 0 0 0 0 0 0 0 0 0
418
0 200 78 63 60 72 99 84 72 111 113 71 68 80 101 59 83 59 90 110 63 106 57 74 107 118 105 117 67 105 115 90 79 111 67 96 54 95 120 51 111 66 74 75 56 120 96 67 113 52 60 106 65 53 96 93 105 87 110 109 75 57 88 119 113 77 69 70 87 109 91 68 76 61 71 64 94 52 106 68 51 51 92 87 114 69 68 74 88 62 97 109 95 74 105 109 85 59 82 79 58 78 64 85 71 108 69 114 91 68 100 53 93 97 108 52 115 84 70 68 116 111 95 51 66 60 93 75 60 98 94 119 102 110 63 113 67 84 80 52 68 102 74 96 114 92 117 77 55 89 104 75 74 72 120 118 83 76 87 57 117 75 110 116 116 74 100 115 73 85 111 115 102 79 71 74 80 89 114 74 71 96 53 93 53 60 62 84 51 66 50 60 116 76 50 118 52 87 55 73 88 65 119 70 59 53 67 71 70 89 94 91 53 101 75 54 85 96 105 96 63 68 55 115 52 72 89 102 72 56 116 118 52 103 62 80 59 108 51 67 93 83 58 85 93 54 84 71 114 81 86 79 112 100 54 100 76 82 68 113 105 70 109 98 97 99 93 95 68 64 115 84 78 92 79 103 67 117 100 84 88 89 108 79 79 56 70 55 62 108 120 89 119 68 111 86 69 90 106 84 76 112 55 120 81 102 60 91 113 51 52 82 50 105 108 112 65 109 86 111 110 109 117 94 111 120 89 51 99 96 115 114 63 103 116 112 61 95 95 62 106 104 113 118 105 58 99 78 110 83 110 104 67 70 80 97 119 97 90 113 95 83 76 74 90 76 89 99 119 116 106 88 112 106 114 109 56 62 93 106 77 109 76 111 117 120 53 80 86 110 57 77 91 82 50 92 120 92 120 106 108 119 52 63 88 59 64 81 56 105 117 82 75 63 63 111 95 200
147
18 16 6 12 7 4 2 0 5 8 6 17 1 1 2 1 11 9 10 163 2 19 9 188 3 11 170 1 12 164 13 20 9 11 14 8 1 14 17 156 3 11 8 19 197 15 8 2 16 20 19 157 20 185 5 16 13 190 12 1 151 2 178 6 157 12 0 19 183 5 16 19 17 12 159 2 0 183 13 19 160 9 163 192 0 17 2 1 0 4 12 3 2 182 2 1 6 17 2 7 173 3 185 10 18 4 178 16 189 11 6 172 0 12 5 1 199 13 6 7 13 1 178 151 2 163 16 1 0 172 167 18 1 1 8 13 196 1 5 1 14 3 8 6 6 189 2
38
85 85 132 132 18 153 85 18 18 18 132 132 85 18 18 18 85 153 132 132 18 153 132 132 85 153 85 153 18 153 153 153 132 153 85 18 85 18
765
0 11 20 18 6 7 11 5 171 8 16 152 169 14 3 3 13 19 16 19 1 192 191 3 9 17 14 17 164 13 187 16 10 17 0 20 10 14 14 0 14 10 19 1 15 151 17 6 17 12 173 172 20 8 9 17 158 19 7 13 0 1 5 7 16 13 20 0 10 9 11 7 162 155 3 3 0 16 161 9 1 10 17 11 160 177 9 6 3 10 9 0 15 14 6 9 156 3 11 197 15 14 17 12 10 17 2 17 150 1 4 18 7 3 10 174 2 2 19 15 12 20 5 11 185 17 15 15 8 12 6 11 6 19 2 11 20 167 20 14 8 8 14 19 9 7 17 18 0 19 12 16 1 18 20 17 160 10 158 12 11 5 17 7 11 170 3 1 0 17 4 8 16 180 8 178 158 6 8 11 12 17 0 13 3 15 1 1 12 7 180 182 12 180 189 0 20 7 20 174 4 10 8 7 0 15 17 10 10 20 162 9 12 3 3 10 10 173 2 11 13 160 15 166 16 20 14 16 12 8 158 7 9 19 0 195 20 0 15 159 18 14 172 5 175 11 1 4 1 169 17 12 10 14 12 3 3 178 0 17 7 20 14 0 2 2 7 8 6 187 15 16 7 3 0 18 5 195 5 4 5 170 17 15 4 15 13 11 174 19 15 6 16 154 13 19 19 189 3 14 174 1 12 4 178 11 8 191 0 3 1 9 19 16 159 19 1 176 8 7 19 2 16 16 4 160 9 15 20 12 16 161 8 9 20 13 1 14 159 14 20 16 166 9 13 9 13 3 9 179 6 12 2 9 7 0 20 160 11 14 15 11 20 1 157 175 3 20 162 5 17 12 20 4 15 16 17 17 9 7 2 190 4 16 0 189 174 172 15 182 14 186 12 17 15 2 0 13 177 2 18 7 4 6 11 7 1 191 8 18 17 19 17 3 154 193 2 3 161 153 0 3 18 4 15 189 11 13 172 16 189 0 9 196 16 1 8 10 0 7 14 12 19 18 171 2 0 0 8 13 17 13 19 6 9 19 17 8 0 173 11 181 19 10 10 5 169 167 169 15 18 152 5 12 12 170 154 11 0 14 17 19 10 17 7 157 187 166 7 160 0 17 12 7 9 19 19 3 20 13 16 17 10 178 6 12 12 10 15 166 18 10 14 181 8 20 12 158 15 2 10 182 5 151 9 163 0 20 2 0 199 16 19 18 13 16 3 18 20 2 13 12 15 13 12 184 17 3 1 13 193 19 16 12 7 17 6 9 7 6 4 0 8 159 19 12 10 4 1 192 1 15 9 19 2 0 13 152 17 170 1 11 11 153 170 4 3 188 18 151 6 2 0 3 197 19 187 0 10 6 7 2 20 4 12 7 0 14 3 4 11 12 161 176 15 20 6 3 2 19 17 17 167 1 0 19 9 2 10 4 168 191 19 9 16 1 4 162 0 158 13 6 13 11 6 8 8 188 3 186 10 12 14 2 152 3 3 10 11 9 13 4 166 16 11 186 1 11 11 6 1 13 4 8 19 14 12 11 19 16 17 10 1 11 18 9 192 0 10 11 7 4 6 14 9 2 9 180 14 11 18 193 7 17 6 14 3 19 189 185 10 6 152 0 8 19 6 15 3 7 19 18 20 16 20 4 160 3 12 164 14 20 1 6 19 4 20 171 189 186 0 191 0 13 165 6 8 19 2 20 2 9 10 18 14 10 10 20 16 13 192 2 161 19 6
655
2 11 12 16 20 18 11 2 3 6 16 17 17 17 16 0 17 3 0 18 0 8 14 12 11 11 8 17 4 19 5 19 11 0 4 19 7 2 0 16 14 19 4 9 3 10 17 13 6 13 11 7 9 3 9 18 13 13 2 4 4 5 16 18 8 19 9 2 15 1 1 17 16 13 5 15 19 0 19 5 9 5 11 16 16 1 19 20 4 14 14 10 11 20 7 0 8 1 15 7 14 3 3 20 11 7 7 9 20 16 10 2 12 20 14 8 2 3 6 2 13 19 18 20 10 11 14 3 2 11 19 12 5 20 12 20 2 4 8 1 2 6 4 12 4 19 5 14 7 2 6 20 11 3 20 4 3 13 18 20 10 4 10 5 10 7 11 8 8 14 17 9 1 3 16 19 8 15 20 17 11 7 17 19 6 4 2 20 7 18 14 12 10 10 12 4 16 7 20 14 14 10 14 16 5 17 9 11 3 1 6 9 16 12 3 0 15 20 15 2 2 2 1 4 14 0 18 14 12 4 14 12 19 19 2 3 19 9 18 6 11 10 4 3 7 3 6 15 0 18 7 18 12 4 2 1 8 3 10 4 10 15 6 0 3 16 2 18 19 16 5 14 4 19 13 19 0 14 3 4 7 8 5 5 16 10 16 12 0 3 15 8 10 15 20 8 8 3 6 19 20 7 20 14 17 1 18 18 17 19 6 0 8 0 15 12 5 10 13 13 14 19 15 13 0 4 2 1 9 20 0 1 12 0 3 16 15 0 0 18 16 1 3 2 12 10 17 18 13 1 15 4 1 8 1 2 16 12 7 3 1 11 11 14 18 9 3 4 0 15 12 13 17 17 14 2 4 3 20 12 5 16 1 1 15 11 0 11 1 13 11 12 7 11 4 7 17 6 7 4 3 20 9 2 2 15 16 16 3 10 11 13 4 12 17 0 18 10 8 1 18 13 11 4 14 18 17 10 6 17 1 4 19 12 9 10 2 18 2 2 17 19 2 11 13 16 9 2 11 8 13 12 10 2 18 5 8 8 13 20 16 18 18 4 17 0 13 9 3 10 8 4 13 17 9 14 1 9 18 20 0 1 1 4 1 3 13 18 6 13 17 4 10 14 15 2 15 8 12 9 10 17 5 5 0 4 17 9 12 5 6 7 8 19 17 20 4 16 1 13 18 3 11 13 16 1 17 18 10 8 7 15 11 4 12 17 8 2 13 19 8 4 7 19 10 8 2 7 5 20 14 18 3 14 12 19 20 9 6 13 6 0 6 13 7 20 12 16 1 3 20 9 2 3 11 12 7 18 1 12 18 9 3 16 12 6 5 8 8 20 7 15 0 18 17 0 18 1 7 4 6 13 18 15 14 19 14 7 18 7 9 11 10 8 8 19 12 19 15 5 11 0 10 11 12 2 12 9 4 1 3 19 1 0 2 2 4 20 11 19 19 12 0 2 0 18 10 18 19 4 5 19 10 12 17
869
62 60 154 154 60 154 74 60 74 74 60 112 60 112 62 154 60 60 62 112 62 112 154 74 62 62 154 62 154 112 60 60 112 74 60 154 60 74 154 60 112 60 154 154 154 154 74 112 74 62 112 60 112 112 62 60 60 62 74 154 74 74 112 154 60 74 60 112 112 74 154 74 112 60 62 154 112 74 62 154 60 60 154 60 62 62 60 154 154 74 112 60 74 74 62 112 74 62 62 74 60 60 154 74 74 74 74 60 60 62 154 60 154 112 112 62 74 74 60 112 60 112 74 62 154 112 74 74 62 112 74 62 154 112 62 112 62 154 62 112 74 62 112 60 60 62 154 62 112 112 62 74 62 62 112 112 154 60 62 112 154 60 112 154 60 154 62 62 112 154 60 154 60 60 154 154 112 62 60 60 74 74 74 154 62 60 74 74 62 62 112 74 60 154 74 62 60 62 74 60 154 154 112 112 60 74 74 74 60 74 74 60 112 74 60 154 154 112 74 60 62 112 154 154 74 112 112 112 60 60 112 112 154 154 74 62 112 112 74 154 74 62 154 112 154 154 74 60 112 74 62 62 74 154 74 154 62 60 62 154 112 60 154 154 74 154 154 62 62 60 112 74 62 112 154 74 62 112 154 154 60 112 60 60 62 154 62 60 62 60 62 112 60 60 154 74 62 112 62 62 112 74 60 60 60 112 154 154 112 112 60 74 154 62 62 154 112 154 112 74 112 62 74 62 112 154 62 74 74 154 62 62 112 74 154 74 74 154 112 74 74 60 112 60 154 74 112 60 74 74 74 154 74 154 62 74 154 112 112 62 62 74 74 62 74 60 112 74 60 112 60 74 154 74 62 112 112 62 62 112 62 154 74 112 60 74 60 74 62 60 112 74 62 112 74 62 112 112 154 74 154 74 154 62 74 62 60 60 62 112 62 74 112 154 60 112 60 112 74 112 112 74 154 74 74 62 154 62 62 154 62 154 74 74 154 60 60 62 62 112 154 154 74 62 112 74 74 154 62 154 112 74 112 60 62 62 112 112 60 154 60 112 62 62 112 60 60 74 62 112 60 112 112 74 60 60 154 154 62 62 60 62 62 154 154 60 60 154 62 60 60 60 74 154 60 112 154 60 74 112 62 62 62 62 112 60 60 74 74 74 60 62 62 154 60 60 74 74 154 112 74 112 154 60 62 154 62 60 154 112 60 62 62 60 74 154 74 112 154 154 62 154 62 154 62 154 154 154 62 62 62 62 154 112 74 74 74 60 112 112 60 74 112 112 62 112 60 60 60 154 112 74 74 112 74 154 62 60 74 74 62 62 112 74 62 112 74 74 112 74 60 74 74 112 74 60 112 74 62 60 62 74 74 74 154 154 74 112 112 154 74 74 112 74 60 62 154 74 62 60 112 112 62 60 74 62 74 62 62 112 60 154 60 112 154 112 62 62 60 60 112 112 60 154 74 60 60 112 154 154 62 62 112 60 112 154 60 62 112 60 62 112 112 112 154 60 62 60 74 62 62 112 74 60 74 60 74 74 74 60 62 74 154 74 62 154 74 112 154 154 60 154 62 60 60 62 112 62 112 154 60 112 112 112 62 154 62 112 62 74 60 154 74 112 74 60 112 154 74 74 60 62 60 62 154 154 74 112 112 74 62 62 62 74 74 154 74 60 112 154 112 112 112 74 62 62 154 112 62 112 112 74 154 60 112 154 112 112 74 60 62 74 74 62 60 112 154 74 62 62 62 62 62 74 60 62 112 112 74 60 60 74 74 112 62 62 62 62 74 62 60 112 154 112 60 62 74 112 154 74 60 60 60 74 74 62 60 112 154 112 62 112 60 62 112 154 62 74 62 154 112 112 62 112 74 112 154 154 62 112 62 112 74 74 62 62 112 60 60 74 60 154 74 62 74 154 154 112 62 62 60 112 62 154 112 62 62 74 112 62 112 74 154 74 62 62 112 154 74
587
10 6 15 2 8 0 18 3 1 20 20 11 14 8 11 8 12 10 19 2 12 4 19 13 0 16 5 17 12 4 12 5 2 1 0 10 18 0 8 5 16 8 18 9 8 7 15 10 17 18 13 9 12 10 16 6 11 6 12 15 13 1 4 19 17 15 20 12 7 17 17 10 15 17 14 5 6 3 3 0 16 13 2 2 0 3 9 7 14 7 0 3 19 17 17 8 20 5 5 19 0 9 17 19 0 18 2 9 19 14 18 2 4 1 9 14 18 4 20 16 14 13 18 8 16 10 5 14 19 17 12 17 10 5 20 16 4 2 4 13 6 0 19 8 5 1 7 8 2 15 16 8 2 3 14 0 13 9 4 10 6 17 4 19 14 7 17 14 9 14 20 14 6 8 6 9 14 6 2 8 7 13 5 8 4 5 5 0 0 13 19 7 20 9 15 18 11 19 10 17 2 9 17 6 7 15 3 8 15 4 15 11 17 3 14 4 19 11 1 10 3 10 5 0 10 4 13 4 17 8 11 15 4 14 2 7 0 15 2 1 1 9 11 0 3 9 8 12 11 19 9 19 20 9 18 2 17 14 15 3 19 20 2 4 2 2 7 0 6 4 20 3 16 1 13 16 19 12 3 1 20 18 4 0 9 9 5 19 7 6 16 15 17 11 14 16 12 9 14 14 7 3 7 9 9 6 19 14 9 20 11 19 7 4 9 1 7 15 7 11 16 17 1 20 10 10 14 2 0 4 11 0 16 20 13 1 5 0 14 7 17 8 5 17 0 7 13 18 2 2 6 11 18 15 10 20 11 17 1 14 4 6 20 3 8 2 18 19 17 15 17 17 3 19 11 3 2 8 5 9 18 13 1 3 5 18 0 15 4 11 2 9 4 3 7 18 15 6 15 11 3 16 8 2 18 7 15 11 8 20 13 20 2 12 12 11 4 15 9 3 16 5 0 0 17 5 14 11 2 8 12 15 7 17 15 1 3 5 15 3 19 5 14 19 7 5 5 0 14 9 13 13 6 15 4 4 2 13 12 9 16 14 4 5 19 7 18 12 7 7 16 12 4 3 7 20 20 9 17 5 11 5 4 8 16 15 12 14 4 11 15 16 12 10 12 3 3 5 1 5 4 12 20 15 11 0 0 10 6 13 19 9 17 17 20 14 7 2 11 18 11 3 14 17 11 9 20 8 0 18 8 0 0 12 1 13 20 9 18 14 15 2 17 6 20 0 9 1 14 1 1 0 9 1 5 9 8 11 5 11 0 4 16 6 9 7 9 2 12 6 16 0 2 8 19 18 14 12 0 10 13 9 14 7 15 7 2
803
0 0 0 0 0 0 0 0 0 0 0 0 0 0 0 0 0 0 0 0 0 0 0 0 0 0 0 0 0 0 0 0 0 0 0 0 0 0 0 0 0 0 0 0 0 0 0 0 0 0 0 0 0 0 0 0 0 0 0 0 0 0 0 0 0 0 0 0 0 0 0 0 0 0 0 0 0 0 0 0 0 0 0 0 0 0 0 0 0 0 0 0 0 0 0 0 0 0 0 0 0 0 0 0 0 0 0 0 0 0 0 0 0 0 0 0 0 0 0 0 0 0 0 0 0 0 0 0 0 0 0 0 0 0 0 0 0 0 0 0 0 0 0 0 0 0 0 0 0 0 0 0 0 0 0 0 0 0 0 0 0 0 0 0 0 0 0 0 0 0 0 0 0 0 0 0 0 0 0 0 0 0 0 0 0 0 0 0 0 0 0 0 0 0 0 0 0 0 0 0 0 0 0 0 0 0 0 0 0 0 0 0 0 0 0 0 0 0 0 0 0 0 0 0 0 0 0 0 0 0 0 0 0 0 0 0 0 0 0 0 0 0 0 0 0 0 0 0 0 0 0 0 0 0 0 0 0 0 0 0 0 0 0 0 0 0 0 0 0 0 0 0 0 0 0 0 0 0 0 0 0 0 0 0 0 0 0 0 0 0 0 0 0 0 0 0 0 0 0 0 0 0 0 0 0 0 0 0 0 0 0 0 0 0 0 0 0 0 0 0 0 0 0 0 0 0 0 0 0 0 0 0 0 0 0 0 0 0 0 0 0 0 0 0 0 0 0 0 0 0 0 0 0 0 0 0 0 0 0 0 0 0 0 0 0 0 0 0 0 0 0 0 0 0 0 0 0 0 0 0 0 0 0 0 0 0 0 0 0 0 0 0 0 0 0 0 0 0 0 0 0 0 0 0 0 0 0 0 0 0 0 0 0 0 0 0 0 0 0 0 0 0 0 0 0 0 0 0 0 0 0 0 0 0 0 0 0 0 0 0 0 0 0 0 0 0 0 0 0 0 0 0 0 0 0 0 0 0 0 0 0 0 0 0 0 0 0 0 0 0 0 0 0 0 0 0 0 0 0 0 0 0 0 0 0 0 0 0 0 0 0 0 0 0 0 0 0 0 0 0 0 0 0 0 0 0 0 0 0 0 0 0 0 0 0 0 0 0 0 0 0 0 0 0 0 0 0 0 0 0 0 0 0 0 0 0 0 0 0 0 0 0 0 0 0 0 0 0 0 0 0 0 0 0 0 0 0 0 0 0 0 0 0 0 0 0 0 0 0 0 0 0 0 0 0 0 0 0 0 0 0 0 0 0 0 0 0 0 0 0 0 0 0 0 0 0 0 0 0 0 0 0 0 0 0 0 0 0 0 0 0 0 0 0 0 0 0 0 0 0 0 0 0 0 0 0 0 0 0 0 0 0 0 0 0 0 0 0 0 0 0 0 0 0 0 0 0 0 0 0 0 0 0 0 0 0 0 0 0 0 0 0 0 0 0 0 0 0 0 0 0 0 0 0 0 0 0 0 0 0 0 0 0 0 0 0 0 0 0 0 0 0 0 0 0 0 0 0 0 0 0 0 0 0 0 0 0 0 0 0 0 0 0 0 0 0 0 0 0 0 0 0 0 0 0 0 0 0 0 0 0 0 0 0 0 0 0 0 0 0 0 0 0 0 0 0 0 0 0 0 0 0 0 0 0 0 0 0 0 0 0 0 0 0 0 0 0 0 0 0 0 0 0 0 0 0 0 0 0 0 0 0 0 0 0 0 0 0 0 0 0 0 0 0 0 0 0 0 0 0 0 0 0
695
200 200 200 200 200 200 200 200 200 200 200 200 200 200 200 200 200 200 200 200 200 200 200 200 200 200 200 200 200 200 200 200 200 200 200 200 200 200 200 200 200 200 200 200 200 200 200 200 200 200 200 200 200 200 200 200 200 200 200 200 200 200 200 200 200 200 200 200 200 200 200 200 200 200 200 200 200 200 200 200 200 200 200 200 200 200 200 200 200 200 200 200 200 200 200 200 200 200 200 200 200 200 200 200 200 200 200 200 200 200 200 200 200 200 200 200 200 200 200 200 200 200 200 200 200 200 200 200 200 200 200 200 200 200 200 200 200 200 200 200 200 200 200 200 200 200 200 200 200 200 200 200 200 200 200 200 200 200 200 200 200 200 200 200 200 200 200 200 200 200 200 200 200 200 200 200 200 200 200 200 200 200 200 200 200 200 200 200 200 200 200 200 200 200 200 200 200 200 200 200 200 200 200 200 200 200 200 200 200 200 200 200 200 200 200 200 200 200 200 200 200 200 200 200 200 200 200 200 200 200 200 200 200 200 200 200 200 200 200 200 200 200 200 200 200 200 200 200 200 200 200 200 200 200 200 200 200 200 200 200 200 200 200 200 200 200 200 200 200 200 200 200 200 200 200 200 200 200 200 200 200 200 200 200 200 200 200 200 200 200 200 200 200 200 200 200 200 200 200 200 200 200 200 200 200 200 200 200 200 200 200 200 200 200 200 200 200 200 200 200 200 200 200 200 200 200 200 200 200 200 200 200 200 200 200 200 200 200 200 200 200 200 200 200 200 200 200 200 200 200 200 200 200 200 200 200 200 200 200 200 200 200 200 200 200 200 200 200 200 200 200 200 200 200 200 200 200 200 200 200 200 200 200 200 200 200 200 200 200 200 200 200 200 200 200 200 200 200 200 200 200 200 200 200 200 200 200 200 200 200 200 200 200 200 200 200 200 200 200 200 200 200 200 200 200 200 200 200 200 200 200 200 200 200 200 200 200 200 200 200 200 200 200 200 200 200 200 200 200 200 200 200 200 200 200 200 200 200 200 200 200 200 200 200 200 200 200 200 200 200 200 200 200 200 200 200 200 200 200 200 200 200 200 200 200 200 200 200 200 200 200 200 200 200 200 200 200 200 200 200 200 200 200 200 200 200 200 200 200 200 200 200 200 200 200 200 200 200 200 200 200 200 200 200 200 200 200 200 200 200 200 200 200 200 200 200 200 200 200 200 200 200 200 200 200 200 200 200 200 200 200 200 200 200 200 200 200 200 200 200 200 200 200 200 200 200 200 200 200 200 200 200 200 200 200 200 200 200 200 200 200 200 200 200 200 200 200 200 200 200 200 200 200 200 200 200 200 200 200 200 200 200 200 200 200 200 200 200 200 200 200 200 200 200 200 200 200 200 200 200 200 200 200 200 200 200 200 200 200 200 200 200 200 200 200 200 200 200 200 200 200 200 200 200 200 200 200 200 200 200 200 200 200 200 200 200 200 200 200 200 200 200 200 200 200 200 200 200 200 200 200 200 200 200 200 200 200 200 200 200 200 200 200 200 200 200 200 200 200 200 200 200 200 200 200
205
173 46 115 150 13 78 64 109 8 64 157 101 157 151 185 39 194 152 149 96 113 102 150 35 16 108 158 30 123 131 124 36 35 36 141 145 22 178 39 77 38 53 109 50 171 122 57 67 63 183 14 134 24 127 129 28 7 150 170 131 137 167 19 122 80 17 137 174 88 182 24 55 63 66 68 49 103 147 111 71 143 98 132 140 44 6 197 97 159 33 85 1 140 132 117 186 99 29 113 160 163 166 198 140 111 121 96 14 151 107 145 194 7 189 21 21 30 178 152 126 173 39 79 144 25 80 187 99 79 118 17 113 51 55 171 21 21 26 83 56 53 116 104 120 139 14 171 124 174 163 52 14 64 31 25 60 198 139 17 97 164 31 153 89 116 162 157 139 81 136 12 60 67 165 43 55 48 162 192 131 146 89 170 138 186 190 73 78 92 27 50 83 42 197 74 54 76 33 187 34 19 58 55 145 197
62
27 7 7 196 27 27 196 196 7 7 196 196 27 27 7 7 196 196 27 7 27 196 27 196 27 27 27 27 196 27 7 27 27 7 196 7 196 196 27 196 196 27 7 7 196 196 27 27 27 7 7 27 196 7 7 27 196 7 27 27 27 196
447
0 200 91 97 98 82 70 66 110 90 55 110 50 100 114 59 56 102 110 84 55 88 94 84 107 99 87 95 95 111 83 91 68 115 97 106 117 59 50 103 66 118 109 90 88 67 100 89 72 113 87 69 111 75 74 82 72 95 80 56 52 110 81 87 81 109 72 72 80 90 100 87 64 114 69 84 98 63 67 77 55 65 71 53 87 97 68 53 87 78 52 55 77 108 51 100 90 80 95 89 73 74 59 93 88 71 101 115 75 59 103 105 98 77 91 111 75 54 58 78 119 87 106 64 66 115 91 73 59 57 70 74 87 77 111 91 108 64 85 55 65 94 113 59 52 82 78 50 76 89 65 116 113 74 50 107 83 120 101 60 102 89 79 53 66 98 80 66 115 93 92 73 89 86 101 88 115 112 83 50 99 117 112 91 61 54 88 103 119 50 66 115 99 82 87 118 69 51 59 85 64 67 93 76 104 103 67 97 117 55 80 102 113 110 88 81 60 63 97 55 61 72 114 85 115 86 115 101 94 66 71 101 119 97 106 95 69 50 85 72 61 116 68 110 114 78 58 76 92 75 105 72 58 61 71 101 61 82 50 101 80 83 115 67 56 80 102 85 54 120 92 62 89 50 67 117 100 60 89 105 74 101 76 117 105 88 90 84 66 120 93 107 82 85 55 62 103 116 81 68 78 78 119 117 70 106 102 76 92 67 65 83 119 53 100 85 51 112 111 51 69 97 88 78 105 91 105 82 100 76 60 74 84 91 79 89 74 117 85 75 64 61 106 119 98 113 108 62 64 115 74 116 92 92 100 55 116 90 59 112 119 88 79 76 74 62 93 109 117 118 110 66 72 120 83 120 66 84 106 114 119 87 95 96 64 55 120 70 101 78 112 104 89 83 53 86 95 78 54 69 63 83 90 61 70 90 69 103 55 88 77 59 53 92 102 102 113 118 69 118 83 82 101 90 73 61 84 52 81 108 116 116 113 59 92 62 50 72 98 92 67 62 83 108 53 74 200
306
0 0 0 0 0 0 0 0 0 0 0 0 0 0 0 0 0 0 0 0 0 0 0 0 0 0 0 0 0 0 0 0 0 0 0 0 0 0 0 0 0 0 0 0 0 0 0 0 0 0 0 0 0 0 0 0 0 0 0 0 0 0 0 0 0 0 0 0 0 0 0 0 0 0 0 0 0 0 0 0 0 0 0 0 0 0 0 0 0 0 0 0 0 0 0 0 0 0 0 0 0 0 0 0 0 0 0 0 0 0 0 0 0 0 0 0 0 0 0 0 0 0 0 0 0 0 0 0 0 0 0 0 0 0 0 0 0 0 0 0 0 0 0 0 0 0 0 0 0 0 0 0 0 0 0 0 0 0 0 0 0 0 0 0 0 0 0 0 0 0 0 0 0 0 0 0 0 0 0 0 0 0 0 0 0 0 0 0 0 0 0 0 0 0 0 0 0 0 0 0 0 0 0 0 0 0 0 0 0 0 0 0 0 0 0 0 0 0 0 0 0 0 0 0 0 0 0 0 0 0 0 0 0 0 0 0 0 0 0 0 0 0 0 0 0 0 0 0 0 0 0 0 0 0 0 0 0 0 0 0 0 0 0 0 0 0 0 0 0 0 0 0 0 0 0 0 0 0 0 0 0 0 0 0 0 0 0 0 0 0 0 0 0 0 0 0 0 0 0 0 0 0 0 0 0 0
727
200 200 200 200 200 200 200 200 200 200 200 200 200 200 200 200 200 200 200 200 200 200 200 200 200 200 200 200 200 200 200 200 200 200 200 200 200 200 200 200 200 200 200 200 200 200 200 200 200 200 200 200 200 200 200 200 200 200 200 200 200 200 200 200 200 200 200 200 200 200 200 200 200 200 200 200 200 200 200 200 200 200 200 200 200 200 200 200 200 200 200 200 200 200 200 200 200 200 200 200 200 200 200 200 200 200 200 200 200 200 200 200 200 200 200 200 200 200 200 200 200 200 200 200 200 200 200 200 200 200 200 200 200 200 200 200 200 200 200 200 200 200 200 200 200 200 200 200 200 200 200 200 200 200 200 200 200 200 200 200 200 200 200 200 200 200 200 200 200 200 200 200 200 200 200 200 200 200 200 200 200 200 200 200 200 200 200 200 200 200 200 200 200 200 200 200 200 200 200 200 200 200 200 200 200 200 200 200 200 200 200 200 200 200 200 200 200 200 200 200 200 200 200 200 200 200 200 200 200 200 200 200 200 200 200 200 200 200 200 200 200 200 200 200 200 200 200 200 200 200 200 200 200 200 200 200 200 200 200 200 200 200 200 200 200 200 200 200 200 200 200 200 200 200 200 200 200 200 200 200 200 200 200 200 200 200 200 200 200 200 200 200 200 200 200 200 200 200 200 200 200 200 200 200 200 200 200 200 200 200 200 200 200 200 200 200 200 200 200 200 200 200 200 200 200 200 200 200 200 200 200 200 200 200 200 200 200 200 200 200 200 200 200 200 200 200 200 200 200 200 200 200 200 200 200 200 200 200 200 200 200 200 200 200 200 200 200 200 200 200 200 200 200 200 200 200 200 200 200 200 200 200 200 200 200 200 200 200 200 200 200 200 200 200 200 200 200 200 200 200 200 200 200 200 200 200 200 200 200 200 200 200 200 200 200 200 200 200 200 200 200 200 200 200 200 200 200 200 200 200 200 200 200 200 200 200 200 200 200 200 200 200 200 200 200 200 200 200 200 200 200 200 200 200 200 200 200 200 200 200 200 200 200 200 200 200 200 200 200 200 200 200 200 200 200 200 200 200 200 200 200 200 200 200 200 200 200 200 200 200 200 200 200 200 200 200 200 200 200 200 200 200 200 200 200 200 200 200 200 200 200 200 200 200 200 200 200 200 200 200 200 200 200 200 200 200 200 200 200 200 200 200 200 200 200 200 200 200 200 200 200 200 200 200 200 200 200 200 200 200 200 200 200 200 200 200 200 200 200 200 200 200 200 200 200 200 200 200 200 200 200 200 200 200 200 200 200 200 200 200 200 200 200 200 200 200 200 200 200 200 200 200 200 200 200 200 200 200 200 200 200 200 200 200 200 200 200 200 200 200 200 200 200 200 200 200 200 200 200 200 200 200 200 200 200 200 200 200 200 200 200 200 200 200 200 200 200 200 200 200 200 200 200 200 200 200 200 200 200 200 200 200 200 200 200 200 200 200 200 200 200 200 200 200 200 200 200 200 200 200 200 200 200 200 200 200 200 200 200 200 200 200 200 200 200 200 200 200 200 200 200 200 200 200 200 200 200 200 200 200 200 200 200 200 200 200 200 200 200 200 200 200 200 200 200 200 200 200 200 200 200 200 200 200 200 200 200
463
16 16 18 10 13 177 15 2 5 5 10 182 20 2 4 162 13 4 4 5 1 15 16 12 6 3 12 9 1 12 12 12 200 3 186 5 173 16 11 10 12 168 9 17 18 16 174 4 20 6 196 197 10 11 2 20 9 2 7 15 0 4 7 3 18 12 18 7 197 4 10 9 14 14 20 8 12 6 196 16 19 14 10 6 193 3 6 178 2 3 11 20 0 1 1 3 13 5 195 16 160 16 11 16 11 11 9 15 0 3 197 19 19 4 7 12 5 4 11 8 17 16 9 5 8 179 15 159 175 0 197 197 150 187 20 18 190 153 17 10 170 190 12 11 200 20 179 9 155 0 11 16 3 187 200 3 16 3 2 186 14 8 9 14 11 2 16 7 4 16 3 19 2 14 8 13 10 192 3 0 9 16 10 155 9 2 8 190 18 19 15 2 172 6 163 0 5 14 186 20 19 17 12 12 7 11 8 1 5 6 158 15 10 4 12 153 13 6 13 12 164 156 16 11 170 11 5 5 9 191 167 1 7 19 11 0 186 0 19 185 181 20 1 19 1 15 0 172 4 176 15 0 154 200 13 20 2 1 17 1 4 16 13 7 185 192 2 167 19 10 151 177 3 12 15 171 16 18 17 9 171 152 16 17 15 5 20 198 13 1 16 20 167 160 152 5 9 15 9 12 150 19 150 3 2 156 164 18 16 20 166 9 5 14 9 7 8 4 1 11 3 13 8 14 13 150 15 8 8 10 189 164 180 0 14 20 4 17 199 170 13 12 13 14 1 18 152 6 20 1 9 1 6 0 0 19 13 157 13 8 195 6 1 16 0 187 13 13 1 7 19 2 10 167 153 13 11 4 178 19 159 3 175 4 152 158 9 11 15 178 1 5 3 9 173 15 7 14 12 1 3 16 177 167 19 0 15 4 3 0 3 7 17 15 2 168 8 15 18 18 4 14 13 12 181 10 2 16 5 20 5 16 15 200 183 155 185 3 12 16 19 166 7 0 163 5 3 3 10 18 4 12 1 2 13 16 11 2 13 20 13 16 17
23
13 7 16 3 12 7 18 7 16 16 18 12 20 17 6 17 6 5 13 5 173 14 18
544
200 200 200 200 200 200 200 200 200 200 200 200 200 200 200 200 200 200 200 200 200 200 200 200 200 200 200 200 200 200 200 200 200 200 200 200 200 200 200 200 200 200 200 200 200 200 200 200 200 200 200 200 200 200 200 200 200 200 200 200 200 200 200 200 200 200 200 200 200 200 200 200 200 200 200 200 200 200 200 200 200 200 200 200 200 200 200 200 200 200 200 200 200 200 200 200 200 200 200 200 200 200 200 200 200 200 200 200 200 200 200 200 200 200 200 200 200 200 200 200 200 200 200 200 200 200 200 200 200 200 200 200 200 200 200 200 200 200 200 200 200 200 200 200 200 200 200 200 200 200 200 200 200 200 200 200 200 200 200 200 200 200 200 200 200 200 200 200 200 200 200 200 200 200 200 200 200 200 200 200 200 200 200 200 200 200 200 200 200 200 200 200 200 200 200 200 200 200 200 200 200 200 200 200 200 200 200 200 200 200 200 200 200 200 200 200 200 200 200 200 200 200 200 200 200 200 200 200 200 200 200 200 200 200 200 200 200 200 200 200 200 200 200 200 200 200 200 200 200 200 200 200 200 200 200 200 200 200 200 200 200 200 200 200 200 200 200 200 200 200 200 200 200 200 200 200 200 200 200 200 200 200 200 200 200 200 200 200 200 200 200 200 200 200 200 200 200 200 200 200 200 200 200 200 200 200 200 200 200 200 200 200 200 200 200 200 200 200 200 200 200 200 200 200 200 200 200 200 200 200 200 200 200 200 200 200 200 200 200 200 200 200 200 200 200 200 200 200 200 200 200 200 200 200 200 200 200 200 200 200 200 200 200 200 200 200 200 200 200 200 200 200 200 200 200 200 200 200 200 200 200 200 200 200 200 200 200 200 200 200 200 200 200 200 200 200 200 200 200 200 200 200 200 200 200 200 200 200 200 200 200 200 200 200 200 200 200 200 200 200 200 200 200 200 200 200 200 200 200 200 200 200 200 200 200 200 200 200 200 200 200 200 200 200 200 200 200 200 200 200 200 200 200 200 200 200 200 200 200 200 200 200 200 200 200 200 200 200 200 200 200 200 200 200 200 200 200 200 200 200 200 200 200 200 200 200 200 200 200 200 200 200 200 200 200 200 200 200 200 200 200 200 200 200 200 200 200 200 200 200 200 200 200 200 200 200 200 200 200 200 200 200 200 200 200 200 200 200 200 200 200 200 200 200 200 200 200 200 200 200 200 200 200 200
77
200 200 200 200 200 200 200 200 200 200 200 200 200 200 200 200 200 200 200 200 200 200 200 200 200 200 200 200 200 200 200 200 200 200 200 200 200 200 200 200 200 200 200 200 200 200 200 200 200 200 200 200 200 200 200 200 200 200 200 200 200 200 200 200 200 200 200 200 200 200 200 200 200 200 200 200 200
267
61 93 136 169 41 170 27 4 149 4 57 46 194 1 194 102 152 42 82 89 159 191 199 84 180 175 13 178 155 90 48 193 185 183 69 66 22 126 29 200 192 177 136 105 117 187 188 10 146 13 188 16 78 173 116 179 33 76 42 7 174 106 127 5 189 55 1 81 115 95 50 64 125 38 93 175 36 193 1 182 40 104 195 19 114 88 155 199 151 74 148 17 77 62 138 79 180 146 188 71 41 190 142 152 158 178 36 25 16 160 1 182 200 171 35 84 143 20 143 103 164 7 108 9 131 41 32 140 40 105 148 108 190 67 28 189 4 164 107 48 132 67 146 130 148 34 43 55 171 57 199 120 112 56 129 27 44 142 12 194 164 152 0 123 158 19 111 87 116 12 150 0 101 0 160 179 22 59 199 40 100 70 129 80 128 42 87 73 181 24 28 57 15 149 13 108 4 5 6 72 116 108 7 159 92 195 29 11 55 163 88 60 179 145 128 147 34 65 79 149 99 50 184 67 189 186 164 174 139 97 152 48 200 101 140 81 115 114 61 84 34 152 27 181 45 105 24 160 36 8 148 4 49 168 129 151 113 41 12 167 116 16 135 6 128 134 191
418
11 16 9 5 9 19 2 11 6 4 11 11 19 7 0 15 5 17 19 18 4 0 8 18 16 17 10 20 14 4 12 4 5 16 15 20 12 1 16 19 15 2 6 14 14 2 5 15 1 11 13 20 11 7 19 19 12 18 1 14 10 1 5 3 0 5 9 2 10 5 0 20 19 13 15 20 3 6 10 10 13 7 6 17 6 6 13 11 19 0 15 15 12 16 15 15 6 0 5 4 17 5 7 1 7 16 9 14 2 2 3 7 16 9 3 15 16 9 12 6 11 3 14 16 18 13 19 14 20 12 1 1 12 16 3 11 11 6 3 10 13 0 3 17 8 3 9 4 19 9 10 7 13 11 16 5 9 17 13 9 15 13 20 8 9 7 13 0 6 6 4 7 15 15 20 12 20 5 15 9 4 19 0 15 6 4 11 20 13 13 3 15 6 14 1 14 6 13 16 8 17 0 14 7 8 17 13 4 17 15 2 10 2 16 14 16 9 18 17 9 19 9 2 2 11 16 12 19 17 20 1 12 16 11 5 0 7 0 2 2 7 7 7 3 0 18 4 9 18 18 4 1 2 20 1 13 3 1 13 10 9 6 3 20 14 11 11 0 11 13 19 3 16 14 5 14 8 18 6 15 17 9 18 4 19 4 4 11 9 19 16 7 0 11 5 4 17 20 19 17 18 6 5 17 10 13 17 11 10 19 14 5 14 20 5 4 17 19 5 14 7 12 10 6 9 5 2 2 0 9 1 12 9 20 11 9 6 14 10 8 15 16 2 19 18 3 5 6 18 6 15 8 15 12 2 6 20 2 10 16 2 11 20 11 13 3 1 9 10 18 19 15 3 18 10 9 3 18 1 3 16 12 4 14 6 9 16 11 12 19 15 9 19 10 8 13 19 17 10 4 19 15 8 11 18 14 13 7 17 15 0 14 3 5 15 12 6 8
764
66 3 67 90 73 20 42 9 28 119 61 180 12 120 15 145 158 6 28 164 177 99 10 66 5 152 121 43 42 186 198 153 52 163 144 163 34 10 184 62 27 191 131 89 42 59 16 63 37 31 63 102 90 124 92 16 18 99 122 21 197 148 89 78 8 90 155 106 181 100 50 91 148 66 33 54 62 29 26 191 54 183 94 35 71 18 50 63 101 82 119 114 166 55 44 179 125 17 167 45 152 8 147 88 6 40 118 97 71 125 142 174 122 73 122 61 155 163 189 158 61 43 127 19 143 199 59 196 75 145 106 117 144 150 150 35 134 95 66 172 5 161 149 93 3 95 129 71 55 80 91 195 92 170 156 174 62 183 34 173 26 91 9 153 76 124 141 188 180 166 49 44 49 68 58 85 1 96 148 104 102 54 105 189 123 59 105 82 63 117 56 68 109 161 8 186 144 195 173 181 53 65 27 38 178 52 183 79 13 183 116 71 198 188 161 56 4 146 142 49 124 30 129 68 90 171 132 110 197 82 127 149 28 176 100 16 51 82 125 78 170 119 131 89 16 141 80 198 30 36 142 4 64 102 162 73 127 90 48 111 112 162 117 155 107 17 91 84 3 126 47 125 8 143 172 131 136 33 61 166 134 129 131 69 103 141 146 15 102 46 169 79 76 25 81 136 183 172 132 187 174 29 15 126 156 123 101 54 59 104 17 1 11 74 95 157 118 165 145 113 95 143 111 122 98 131 162 172 48 136 21 110 87 83 69 187 119 89 42 51 98 89 159 61 77 105 171 101 167 10 132 190 36 51 1 143 73 128 188 34 39 16 111 10 39 85 194 180 160 35 73 119 188 159 193 163 0 196 45 73 179 153 101 105 187 191 30 194 184 115 126 178 163 58 88 114 34 65 19 84 73 116 56 44 54 100 186 176 143 36 179 62 127 176 144 192 116 73 110 93 49 133 32 167 197 37 20 103 185 17 116 37 155 139 88 192 14 31 107 119 125 144 156 141 80 143 171 106 174 102 155 154 98 34 3 48 120 82 84 192 80 168 82 161 30 21 76 102 69 59 93 69 13 34 152 72 131 134 47 108 131 24 162 154 66 187 191 80 108 34 173 11 95 28 170 10 145 173 123 124 75 165 161 35 185 139 120 13 63 159 175 71 182 114 100 118 164 181 4 195 113 198 123 105 24 75 120 8 61 142 85 193 124 108 15 114 75 185 16 46 72 181 146 112 145 74 127 2 86 12 91 118 83 141 57 181 29 88 168 49 120 87 53 77 50 119 190 19 133 24 47 53 125 17 125 110 168 110 56 162 189 121 28 7 81 35 49 81 42 79 88 2 130 117 93 150 177 190 85 14 34 57 135 11 123 197 26 125 159 186 117 191 18 60 6 43 26 93 79 101 182 32 159 121 47 63 105 71 75 168 96 11 42 177 133 22 151 3 32 164 76 69 1 90 88 78 142 113 160 151 35 42 200 166 96 93 179 39 90 137 199 145 2 157 102 180 19 100 119 89 100 134 110 111 151 120 122 200 27 57 161 40 156 175 194 11 14 165 162 81 111 147 67 37 48 98 92 68 49 169 60 12 143 170 24 149 49 137 139 107 140 70 110 186 139 161 55 170 43 34 0 196 14 55 109 75 29 130 167 112 195 126 105 134 46 29 22 9 70 71 198 73 30 152 135 62 196 165 143 37 139 169 80 82 23 118 106 74 192 117 82 93 58 52
476
175 175 188 175 24 24 175 10 188 175 188 10 112 194 112 24 175 175 188 194 24 112 112 10 194 10 194 188 10 10 188 24 194 10 175 194 188 112 188 10 112 175 10 24 112 188 10 188 10 175 175 175 175 24 175 194 10 188 24 24 194 10 175 175 194 188 175 175 175 24 24 175 10 175 194 112 24 10 112 112 10 24 175 24 112 188 175 24 175 188 10 112 188 24 194 10 112 188 188 188 175 112 112 10 112 10 194 10 24 10 112 10 188 194 175 175 188 188 24 112 10 112 188 10 10 24 10 112 175 188 10 175 112 194 112 10 175 194 175 175 194 10 112 175 112 24 10 10 175 24 10 188 194 112 112 24 24 188 112 175 10 10 188 175 194 112 175 194 194 24 175 175 10 112 188 10 175 194 188 175 188 175 24 10 175 194 10 194 112 24 112 24 10 112 175 175 10 24 188 24 188 188 112 188 112 112 10 194 112 194 194 24 188 112 194 10 24 24 112 10 10 175 112 24 10 10 24 175 24 194 24 10 10 188 10 194 194 188 175 10 112 10 112 112 112 194 188 10 112 24 175 188 10 10 188 194 188 10 175 175 24 112 10 112 194 194 194 10 10 24 194 112 112 194 188 188 24 10 175 10 175 10 175 10 112 175 188 112 10 24 188 112 175 194 112 10 194 175 194 112 10 175 24 175 112 175 175 10 24 10 112 194 194 194 175 24 10 10 24 112 188 24 175 112 194 10 10 24 10 188 10 188 112 24 194 24 175 194 10 194 188 175 10 175 175 175 175 175 24 10 10 24 24 194 188 24 10 10 10 112 175 188 175 24 188 10 24 112 175 175 188 194 194 188 24 175 10 194 175 112 24 24 194 194 24 112 194 10 194 10 10 194 10 175 10 194 112 188 24 10 188 188 10 188 10 188 112 194 10 188 112 194 188 112 24 188 24 10 188 24 194 10 188 10 175 10 175 112 175 10 24 188 24 24 188 10 188 112 24 112 188 24 10 188 188 175 24 10 175 175 194 175 175 10 188 194 112 194 10 10 24 112 175 175 188 188 175 10 10 24 188 112 188 188 194 112
890
71 135 124 123 66 5 57 146 148 96 15 74 107 6 185 11 133 67 89 118 50 35 107 61 6 1 71 110 52 108 45 144 111 82 162 10 113 128 162 109 50 108 56 188 191 143 117 67 18 97 125 110 188 5 63 164 77 88 96 45 197 169 140 30 22 104 76 194 116 34 55 105 30 70 149 97 71 105 84 136 58 7 79 44 142 66 195 72 72 36 170 164 80 121 132 131 176 82 127 101 183 155 186 29 128 21 162 82 155 86 173 70 198 93 76 113 48 95 84 137 43 141 146 104 29 41 173 125 88 71 158 200 190 51 124 165 132 44 116 101 24 41 121 55 13 19 38 97 136 92 125 192 191 14 94 17 91 89 73 136 24 181 55 17 119 98 182 63 60 101 14 190 190 107 86 121 31 198 147 199 177 100 50 165 106 26 49 190 105 121 148 186 68 59 87 108 16 36 68 183 94 175 52 19 183 122 133 175 91 182 187 121 44 107 159 130 104 194 128 107 74 9 142 5 119 3 59 151 39 131 34 157 102 146 47 190 196 8 81 186 62 47 180 51 4 183 34 173 135 191 143 182 189 42 122 151 102 12 114 146 115 142 139 42 170 195 165 198 179 151 181 143 159 20 95 96 104 154 138 144 0 149 184 172 50 46 23 109 105 13 136 187 89 70 42 134 35 105 132 190 184 12 88 40 105 102 178 119 7 11 59 187 64 2 190 158 192 126 60 79 153 176 90 41 132 154 92 189 54 8 164 134 63 149 3 57 141 39 89 37 124 185 106 191 157 66 157 198 130 49 0 198 191 38 105 26 187 180 98 152 24 200 64 117 25 169 189 186 78 137 187 142 95 74 18 163 40 47 127 119 65 53 5 98 80 85 53 32 44 78 56 187 25 169 1 8 115 114 98 71 119 77 15 37 75 97 160 24 198 181 83 6 20 96 77 31 191 125 196 175 184 4 137 20 30 96 193 1 107 188 157 100 73 81 192 31 138 17 3 120 109 199 158 169 164 164 115 106 137 115 81 17 104 115 17 138 116 6 193 39 35 4 47 176 14 142 199 40 55 71 121 92 12 4 136 8 161 78 144 170 40 50 51 69 71 40 127 182 32 134 61 31 1 7 69 193 107 33 45 12 115 163 144 34 17 35 113 15 87 152 131 46 11 35 118 200 40 175 14 63 145 117 49 133 185 178 182 69 117 87 152 40 14 81 34 167 146 104 19 72 141 9 142 4 190 43 152 120 184 130 53 61 161 172 58 142 44 183 25 133 116 162 88 29 7 124 99 193 197 136 85 142 131 175 12 55 12 124 177 198 197 17 122 8 97 68 19 21 164 156 162 131 110 42 16 140 99 148 51 22 169 123 132 126 129 144 62 200 89 21 119 79 180 138 39 10 101 87 105 159 151 52 190 162 17 122 91 100 54 115 56 50 56 140 138 161 83 0 137 142 60 196 141 78 14 0 54 146 103 75 92 92 59 9 29 172 133 96 38 186 185 145 194 141 78 134 60 165 117 115 168 120 39 31 160 134 14 72 159 132 123 86 147 157 7 109 158 105 21 159 65 53 137 129 116 196 98 132 18 171 80 155 39 88 4 46 178 64 156 53 156 171 70 131 163 175 13 182 85 19 44 17 38 170 122 45 62 200 86 27 93 43 166 157 150 53 10 58 80 15 55 175 66 21 74 106 93 87 117 134 73 13 59 106 66 137 123 51 138 69 135 138 68 132 192 38 157 82 105 125 157 75 112 158 51 138 7 85 173 149 66 122 104 99 70 17 67 160 103 123 155 16 111 42 2 54 44 162 92 29 115 65 191 104 138 46 150 188 35 73 57 173 35 165 147 33 14 35 23 134 168 188 71 18 46 112 30 51 98 144 99 142 138 126 185 104 61 192 78 82 41 165 145 151 151 183 72 70 121 100 88 137 183 186 185 77 191 48 24 58 57 3 170 124 143 105 26 94 5 10 112 112 179 126 102 33 126 43 196 195 47 41 82 174 105 112 18 180 108 61
535
39 93 79 180 159 85 54 173 38 81 45 107 153 115 104 118 125 125 56 105 80 177 191 136 30 65 89 45 135 175 84 42 99 74 26 85 173 132 65 143 21 70 93 11 109 37 72 131 51 155 144 61 99 101 27 166 136 187 167 194 38 100 137 105 197 67 33 191 43 173 178 110 106 47 176 64 60 110 65 21 183 16 121 184 155 157 67 17 178 133 160 191 97 147 191 103 52 75 155 28 8 107 22 90 29 60 45 18 185 41 51 78 105 72 45 5 98 162 69 31 5 165 102 178 8 184 121 160 3 161 137 168 124 156 130 34 92 90 127 74 110 185 37 50 94 73 168 67 115 28 108 21 145 95 89 154 72 194 178 183 199 69 185 194 58 66 36 154 36 139 180 136 134 62 108 149 85 89 141 17 172 58 85 77 61 64 23 182 110 127 37 53 34 3 121 136 13 58 66 59 125 45 178 154 62 166 20 2 159 22 110 180 86 27 67 41 178 45 172 139 32 58 187 99 109 167 77 110 21 88 66 198 82 149 106 141 141 113 15 108 40 49 133 70 111 177 171 152 198 196 122 90 73 106 151 112 166 163 56 124 192 34 0 94 117 56 135 104 89 0 164 94 157 120 160 131 125 139 25 152 172 129 45 181 137 64 9 154 173 181 82 93 172 164 21 131 7 110 42 139 47 153 103 158 176 37 74 109 159 119 131 66 25 192 118 185 168 126 145 83 6 23 57 35 86 104 29 26 62 126 163 197 123 165 108 83 55 24 49 105 109 70 9 183 55 11 61 63 97 62 70 95 37 117 24 151 32 104 162 181 182 75 176 41 139 31 52 120 124 48 46 117 44 199 63 71 78 89 160 154 94 108 198 76 177 192 69 20 134 141 117 43 170 107 149 193 65 124 64 11 31 87 48 52 98 30 94 63 66 18 180 2 89 86 26 169 170 51 128 159 101 184 184 89 122 154 13 119 87 178 110 87 99 14 75 180 184 109 158 102 46 28 198 65 44 172 57 2 188 49 106 176 74 77 187 19 147 46 78 3 141 58 163 134 23 175 76 59 100 139 10 47 56 7 118 11 38 67 184 33 7 79 61 50 13 200 73 51 92 119 17 12 98 125 76 81 153 113 163 124 9 9 67 172 154 172 58 123 178 102 68 48 6 10 187 130 187 16 45 164 41 189 110 39 176 87 113 79 45 191 110 176 86 97 104
882
7 18 7 20 10 4 7 10 19 4 2 11 3 1 1 13 2 16 11 20 0 8 12 7 17 5 2 3 12 18 6 14 5 17 13 15 12 5 12 0 0 13 17 2 0 5 18 14 19 13 10 20 6 20 16 11 4 18 1 16 15 7 12 11 8 7 17 7 14 13 10 13 15 4 18 13 2 3 8 5 9 1 17 4 6 15 0 2 12 6 9 14 19 15 10 18 6 5 2 16 17 7 1 5 14 20 9 18 4 18 13 20 5 2 15 5 2 5 1 1 16 15 4 3 5 17 16 0 18 14 18 10 9 8 9 11 18 3 14 7 20 5 8 4 20 1 15 3 6 6 17 8 6 10 20 5 3 19 8 1 6 2 5 1 14 9 5 16 9 8 7 19 4 7 0 17 16 14 10 1 16 17 5 18 2 4 11 1 14 8 18 16 5 9 1 17 16 15 10 1 3 7 12 18 14 10 11 9 8 11 8 19 19 1 18 19 9 2 18 4 0 7 19 6 10 14 13 7 18 13 7 8 16 2 2 2 5 15 12 19 7 3 18 1 14 2 15 20 12 12 11 13 15 20 10 13 7 18 4 16 0 7 0 13 10 0 11 12 12 9 0 8 14 16 7 5 5 19 3 7 9 16 18 5 16 13 9 2 14 18 1 14 15 8 20 8 7 18 10 16 12 13 15 11 16 4 20 19 9 7 18 16 15 11 16 11 10 11 15 0 13 2 4 2 2 12 2 2 12 16 2 3 13 8 18 2 20 10 1 5 12 17 4 6 5 1 2 6 16 5 13 12 11 7 5 1 2 0 2 8 10 1 12 15 10 13 10 9 2 7 2 17 20 12 2 1 18 9 5 2 0 3 3 17 17 8 17 7 10 13 0 16 4 1 16 5 10 17 11 15 10 15 12 19 14 16 5 19 13 11 11 18 4 13 7 6 11 4 17 17 1 9 10 0 7 18 3 6 4 10 2 5 15 18 2 7 17 4 0 15 4 11 15 8 18 12 0 5 5 1 18 4 7 6 7 4 4 1 9 19 10 15 0 1 7 14 5 14 0 5 16 15 5 6 3 3 10 6 15 0 8 1 8 18 14 11 1 7 1 20 19 4 11 1 2 17 16 5 5 8 8 12 17 19 9 1 3 2 0 11 7 8 1 13 10 12 6 12 6 8 11 14 16 4 10 0 13 3 17 4 14 13 10 16 9 13 20 15 19 14 2 17 8 14 20 7 4 5 1 3 14 18 16 9 6 12 0 11 17 3 20 15 11 8 17 5 7 19 4 19 2 6 20 17 20 15 18 9 11 16 7 14 16 2 19 12 18 4 8 7 4 17 7 1 1 15 0 20 2 1 19 19 9 10 9 16 6 6 19 11 1 8 10 5 16 8 3 11 18 3 12 3 7 7 9 12 1 12 1 20 12 15 11 17 7 16 14 20 4 0 11 11 10 12 14 3 1 12 2 11 11 13 20 3 7 8 16 11 19 15 10 11 18 6 19 2 1 7 0 10 9 16 1 0 12 17 11 18 10 15 20 19 19 0 17 1 18 17 2 20 14 20 15 19 10 14 14 18 12 20 9 1 11 10 20 16 2 3 10 9 4 18 19 2 8 5 9 20 19 20 4 0 18 16 11 4 9 13 6 17 19 4 18 12 20 6 9 3 15 4 18 0 8 1 10 15 14 11 18 9 8 15 12 10 18 6 4 11 12 5 17 18 19 6 8 7 15 20 18 14 2 20 10 6 11 0 9 0 13 14 11 16 17 2 14 10 8 0 15 15 10 15 9 4 8 18 10 14 5 2 2 14 17 16 19 15 5 5 8 14 14 3 18 15 15 19 5 1 7 1 4 20 14 15 8 2 3 6 5 2 11 0 3 15 13 5 19 13 6 14 11 12 5 5 5 0 1 17 4 11 8 19 10 10 8 14 12 20 2 7 10 15 11 1 16 13 7 11 15 11 14 11 20 13 12 16 17 8 12 4 15 2
527
200 200 200 200 200 200 200 200 200 200 200 200 200 200 200 200 200 200 200 200 200 200 200 200 200 200 200 200 200 200 200 200 200 200 200 200 200 200 200 200 200 200 200 200 200 200 200 200 200 200 200 200 200 200 200 200 200 200 200 200 200 200 200 200 200 200 200 200 200 200 200 200 200 200 200 200 200 200 200 200 200 200 200 200 200 200 200 200 200 200 200 200 200 200 200 200 200 200 200 200 200 200 200 200 200 200 200 200 200 200 200 200 200 200 200 200 200 200 200 200 200 200 200 200 200 200 200 200 200 200 200 200 200 200 200 200 200 200 200 200 200 200 200 200 200 200 200 200 200 200 200 200 200 200 200 200 200 200 200 200 200 200 200 200 200 200 200 200 200 200 200 200 200 200 200 200 200 200 200 200 200 200 200 200 200 200 200 200 200 200 200 200 200 200 200 200 200 200 200 200 200 200 200 200 200 200 200 200 200 200 200 200 200 200 200 200 200 200 200 200 200 200 200 200 200 200 200 200 200 200 200 200 200 200 200 200 200 200 200 200 200 200 200 200 200 200 200 200 200 200 200 200 200 200 200 200 200 200 200 200 200 200 200 200 200 200 200 200 200 200 200 200 200 200 200 200 200 200 200 200 200 200 200 200 200 200 200 200 200 200 200 200 200 200 200 200 200 200 200 200 200 200 200 200 200 200 200 200 200 200 200 200 200 200 200 200 200 200 200 200 200 200 200 200 200 200 200 200 200 200 200 200 200 200 200 200 200 200 200 200 200 200 200 200 200 200 200 200 200 200 200 200 200 200 200 200 200 200 200 200 200 200 200 200 200 200 200 200 200 200 200 200 200 200 200 200 200 200 200 200 200 200 200 200 200 200 200 200 200 200 200 200 200 200 200 200 200 200 200 200 200 200 200 200 200 200 200 200 200 200 200 200 200 200 200 200 200 200 200 200 200 200 200 200 200 200 200 200 200 200 200 200 200 200 200 200 200 200 200 200 200 200 200 200 200 200 200 200 200 200 200 200 200 200 200 200 200 200 200 200 200 200 200 200 200 200 200 200 200 200 200 200 200 200 200 200 200 200 200 200 200 200 200 200 200 200 200 200 200 200 200 200 200 200 200 200 200 200 200 200 200 200 200 200 200 200 200 200 200 200 200 200 200 200 200 200 200 200 200 200 200 200 200 200 200 200 200
190
1 188 11 12 3 174 156 20 1 198 158 16 1 17 12 19 195 2 174 1 164 19 0 18 17 10 192 17 156 4 7 152 8 6 2 7 20 20 2 159 167 18 19 2 9 12 165 19 20 199 4 10 179 12 7 10 10 10 155 20 4 11 17 11 13 12 7 184 11 3 17 15 175 12 16 18 13 12 17 13 19 19 10 12 18 17 11 2 12 4 4 185 12 2 2 13 11 196 20 7 150 17 4 12 155 7 198 6 4 16 1 1 155 0 152 16 11 9 154 7 182 7 9 175 4 20 5 3 1 16 18 12 20 9 16 8 2 14 16 16 195 8 9 16 192 151 7 11 13 161 19 14 18 19 9 189 18 1 17 17 6 14 158 17 14 6 10 19 7 2 18 11 20 6 3 3 15 6 1 13 7 20 18 0 14 6 11 197 191 0
197
2 174 8 11 15 173 152 1 18 150 6 15 185 161 13 2 17 11 8 7 10 183 6 5 13 16 189 156 5 11 6 13 16 8 19 4 1 19 16 11 155 12 166 7 3 0 11 10 14 11 20 8 194 19 193 15 15 16 17 185 15 2 3 4 173 8 0 1 158 13 165 0 11 0 9 8 17 4 15 16 159 14 10 1 9 7 196 20 4 1 7 1 177 8 8 5 17 18 171 4 17 17 186 13 4 2 4 194 12 11 20 0 173 6 2 2 7 8 186 4 8 11 5 5 0 15 3 18 0 7 8 12 15 1 13 20 9 13 6 175 3 18 177 14 20 17 5 19 7 1 6 170 160 0 12 4 12 11 174 9 1 159 2 14 186 17 160 19 4 6 186 188 17 3 172 4 14 183 15 13 14 13 151 2 158 7 184 14 17 3 8 13 13 7 166 18 7
774
200 200 200 200 200 200 200 200 200 200 200 200 200 200 200 200 200 200 200 200 200 200 200 200 200 200 200 200 200 200 200 200 200 200 200 200 200 200 200 200 200 200 200 200 200 200 200 200 200 200 200 200 200 200 200 200 200 200 200 200 200 200 200 200 200 200 200 200 200 200 200 200 200 200 200 200 200 200 200 200 200 200 200 200 200 200 200 200 200 200 200 200 200 200 200 200 200 200 200 200 200 200 200 200 200 200 200 200 200 200 200 200 200 200 200 200 200 200 200 200 200 200 200 200 200 200 200 200 200 200 200 200 200 200 200 200 200 200 200 200 200 200 200 200 200 200 200 200 200 200 200 200 200 200 200 200 200 200 200 200 200 200 200 200 200 200 200 200 200 200 200 200 200 200 200 200 200 200 200 200 200 200 200 200 200 200 200 200 200 200 200 200 200 200 200 200 200 200 200 200 200 200 200 200 200 200 200 200 200 200 200 200 200 200 200 200 200 200 200 200 200 200 200 200 200 200 200 200 200 200 200 200 200 200 200 200 200 200 200 200 200 200 200 200 200 200 200 200 200 200 200 200 200 200 200 200 200 200 200 200 200 200 200 200 200 200 200 200 200 200 200 200 200 200 200 200 200 200 200 200 200 200 200 200 200 200 200 200 200 200 200 200 200 200 200 200 200 200 200 200 200 200 200 200 200 200 200 200 200 200 200 200 200 200 200 200 200 200 200 200 200 200 200 200 200 200 200 200 200 200 200 200 200 200 200 200 200 200 200 200 200 200 200 200 200 200 200 200 200 200 200 200 200 200 200 200 200 200 200 200 200 200 200 200 200 200 200 200 200 200 200 200 200 200 200 200 200 200 200 200 200 200 200 200 200 200 200 200 200 200 200 200 200 200 200 200 200 200 200 200 200 200 200 200 200 200 200 200 200 200 200 200 200 200 200 200 200 200 200 200 200 200 200 200 200 200 200 200 200 200 200 200 200 200 200 200 200 200 200 200 200 200 200 200 200 200 200 200 200 200 200 200 200 200 200 200 200 200 200 200 200 200 200 200 200 200 200 200 200 200 200 200 200 200 200 200 200 200 200 200 200 200 200 200 200 200 200 200 200 200 200 200 200 200 200 200 200 200 200 200 200 200 200 200 200 200 200 200 200 200 200 200 200 200 200 200 200 200 200 200 200 200 200 200 200 200 200 200 200 200 200 200 200 200 200 200 200 200 200 200 200 200 200 200 200 200 200 200 200 200 200 200 200 200 200 200 200 200 200 200 200 200 200 200 200 200 200 200 200 200 200 200 200 200 200 200 200 200 200 200 200 200 200 200 200 200 200 200 200 200 200 200 200 200 200 200 200 200 200 200 200 200 200 200 200 200 200 200 200 200 200 200 200 200 200 200 200 200 200 200 200 200 200 200 200 200 200 200 200 200 200 200 200 200 200 200 200 200 200 200 200 200 200 200 200 200 200 200 200 200 200 200 200 200 200 200 200 200 200 200 200 200 200 200 200 200 200 200 200 200 200 200 200 200 200 200 200 200 200 200 200 200 200 200 200 200 200 200 200 200 200 200 200 200 200 200 200 200 200 200 200 200 200 200 200 200 200 200 200 200 200 200 200 200 200 200 200 200 200 200 200 200 200 200 200 200 200 200 200 200 200 200 200 200 200 200 200 200 200 200 200 200 200 200 200 200 200 200 200 200 200 200 200 200 200 200 200 200 200 200 200 200 200 200 200 200 200 200 200 200 200 200 200 200
427
2 15 10 7 17 11 184 15 14 14 0 1 3 194 20 20 14 11 8 4 11 14 185 18 16 14 8 3 13 9 0 20 10 5 2 4 17 5 2 16 11 6 19 5 13 12 14 194 4 0 3 2 152 12 3 183 17 20 191 7 12 14 154 8 185 183 14 150 14 16 170 14 6 6 19 5 188 185 4 12 192 10 196 4 177 6 183 9 11 7 16 167 153 0 161 182 12 4 19 175 10 199 12 0 176 13 1 17 1 15 17 0 187 12 18 11 159 19 18 181 8 20 18 2 4 13 11 15 15 1 18 4 4 19 19 14 9 8 17 2 9 164 4 167 8 1 17 15 14 11 6 167 152 6 7 12 5 3 15 20 9 1 2 12 178 150 196 5 180 5 8 13 19 5 8 13 5 10 13 17 7 12 0 12 3 19 157 188 3 183 7 0 14 3 4 20 3 1 8 16 11 0 165 1 156 11 16 2 10 15 4 17 20 14 2 2 8 5 3 18 16 13 16 10 186 159 191 10 174 5 14 3 3 15 18 175 14 14 176 13 1 7 179 184 195 19 200 20 3 18 7 16 12 9 155 20 19 173 4 8 5 0 11 18 2 3 20 178 16 156 15 7 0 19 180 151 20 7 11 6 2 18 14 7 17 16 1 5 10 174 13 10 166 190 18 9 11 14 18 173 8 12 195 12 3 150 9 3 20 13 181 1 20 0 4 199 0 14 10 15 9 12 160 12 13 20 1 13 187 9 8 13 8 5 20 18 16 8 17 14 166 2 9 5 180 8 10 11 1 7 14 19 4 11 163 179 7 10 20 14 14 9 3 14 175 1 15 3 6 16 7 19 15 186 195 15 6 15 20 19 10 6 17 19 0 9 0 2 9 191 18 14 2 15 18 0 14 185 7 8 18 3 19 9 179 16 190 15 161 17 155 2 11 14 20 8 160 20 15 163 188 4 1 5 182 15 184
447
86 86 142 63 142 142 86 82 142 82 63 142 63 86 142 86 82 86 142 86 63 63 82 142 82 82 86 63 86 82 82 142 142 63 82 63 63 86 82 63 142 142 86 142 142 82 82 63 142 142 82 82 63 142 63 142 142 86 86 142 63 63 86 82 86 142 86 142 63 82 142 63 63 86 82 142 142 86 63 142 82 86 86 142 82 63 86 86 82 82 63 142 142 142 142 63 142 82 86 82 63 86 82 63 63 86 86 86 86 82 142 82 142 142 142 142 142 86 86 82 86 142 142 86 142 63 63 63 142 86 82 86 63 82 63 142 86 63 142 142 86 63 142 82 86 142 82 86 142 82 86 82 142 142 82 86 63 82 82 82 142 63 63 142 142 86 142 82 82 142 82 142 86 82 82 86 142 86 142 142 142 82 86 63 86 142 82 86 82 82 86 86 142 82 86 142 82 86 86 63 142 82 63 63 86 86 86 63 142 63 63 63 142 142 86 86 142 142 63 63 86 82 86 86 86 82 63 63 82 63 142 82 82 82 82 82 142 86 142 142 82 63 142 63 86 82 86 82 63 86 82 86 82 142 63 63 82 63 82 142 86 142 63 82 82 63 142 142 63 63 82 82 86 82 142 63 82 86 142 86 63 63 82 142 142 63 63 86 142 142 142 82 86 86 86 86 82 86 86 86 142 86 86 142 82 82 86 86 82 82 82 63 82 63 86 63 82 82 142 82 63 63 63 63 86 86 63 82 63 63 86 86 82 63 63 142 63 86 142 82 86 63 86 142 86 63 82 142 142 86 63 142 82 142 63 86 63 82 142 142 142 142 142 86 82 63 86 63 142 63 63 63 86 63 82 86 86 82 63 142 63 63 142 63 63 63 86 142 82 82 86 142 142 142 142 86 86 82 142 142 82 63 82 82 142 142 82 82 86 63 142 142 142 142 86 63 63 63 63 86 142 82 86 82 142 82 63 86 142 63 63 142 86 142 82 142 86 82 82 82 82 82 86 82 86 86 63
175
105 171 101 32 193 14 54 195 75 179 171 179 139 49 26 34 126 174 118 153 116 95 193 99 22 54 98 100 131 86 190 120 187 160 90 16 55 97 118 181 178 179 81 153 142 184 80 136 115 181 189 59 32 138 125 44 136 41 145 189 110 189 85 133 152 36 137 45 126 109 70 0 195 54 2 30 23 151 4 184 62 195 154 116 189 70 128 195 72 71 79 160 87 181 179 94 115 56 16 5 106 117 182 35 85 154 187 160 133 15 6 174 74 200 32 63 14 62 196 25 196 193 129 97 133 169 180 90 62 68 198 141 173 161 107 176 152 80 85 49 128 31 56 40 168 147 47 114 12 151 112 31 134 196 64 140 182 104 21 55 113 60 140 84 107 31 8 27 112 108 49 163 28 193 191
930
162 0 9 8 170 14 12 3 171 169 10 17 18 5 13 9 185 14 0 16 5 170 3 17 2 171 2 6 1 157 4 197 6 5 20 15 15 9 16 11 8 19 15 9 2 5 9 195 20 194 189 2 9 18 16 156 13 8 6 2 1 14 15 6 180 4 3 158 164 20 10 4 15 153 7 0 7 10 20 3 159 17 189 11 167 0 187 5 14 13 166 20 7 15 19 1 9 165 17 191 182 199 0 7 12 9 3 6 3 1 9 15 198 16 19 158 11 163 17 176 199 153 20 11 5 15 0 16 182 4 6 6 1 2 18 11 16 16 13 3 20 10 17 7 152 185 18 3 159 8 7 1 16 15 7 0 10 17 184 188 162 12 18 177 8 12 1 10 12 1 160 166 19 0 180 16 18 6 177 159 2 194 8 20 1 7 19 11 10 10 159 1 14 158 19 19 11 175 165 169 10 7 8 16 3 9 0 7 173 14 179 15 14 8 185 153 199 19 13 5 13 169 152 6 7 8 17 174 7 0 4 177 12 11 14 0 7 17 12 13 18 5 8 19 7 160 13 192 17 156 4 14 3 1 15 19 17 194 0 13 15 18 9 14 18 13 1 16 14 5 11 6 8 16 5 7 16 14 197 2 7 19 156 16 9 20 16 3 163 16 16 15 2 6 9 0 162 13 3 9 3 197 9 14 150 18 9 10 13 9 15 10 200 10 4 20 1 12 9 7 193 10 19 17 4 6 10 18 5 1 15 10 158 160 4 181 5 188 13 168 16 16 20 173 151 2 10 18 9 152 12 15 196 7 8 0 9 15 10 10 189 13 20 11 7 19 1 183 5 9 1 185 20 7 5 13 18 1 2 7 0 20 4 9 187 16 7 187 15 15 9 14 20 15 20 14 14 19 5 7 1 16 16 10 7 8 17 3 17 7 9 6 19 11 6 3 16 5 162 186 12 7 7 10 5 167 1 15 10 7 16 0 6 14 5 20 2 7 5 19 171 157 20 17 8 171 178 10 18 174 4 16 10 18 10 16 3 8 1 18 3 19 6 16 14 0 4 12 8 9 12 20 16 15 190 8 184 12 12 160 8 6 16 4 2 11 166 11 14 11 20 12 1 174 1 4 156 1 15 11 170 162 5 20 16 9 15 7 2 1 154 195 198 19 17 6 16 159 10 13 11 0 186 167 4 161 188 178 4 11 13 19 18 2 12 2 5 183 20 3 186 181 15 17 196 7 18 1 187 15 0 1 12 11 9 9 11 10 161 19 8 9 0 3 153 8 3 8 189 12 6 18 181 199 14 161 12 176 2 9 183 19 0 5 9 1 0 19 2 20 163 164 4 173 179 3 19 4 15 161 18 9 6 1 6 4 186 10 6 162 167 8 20 168 6 8 17 150 8 8 14 4 13 7 0 7 153 7 3 17 151 174 10 1 20 11 18 182 3 5 11 2 15 167 1 162 19 170 156 5 4 152 2 192 1 15 170 19 191 13 17 17 1 17 4 10 187 192 15 11 189 11 165 9 13 19 177 173 13 7 14 10 2 18 1 171 11 168 2 195 1 6 13 2 17 18 9 167 15 0 15 11 8 9 11 2 10 20 1 155 158 13 12 0 1 13 9 9 14 15 18 4 11 5 179 20 3 16 0 4 193 18 14 3 16 4 16 0 17 192 5 2 13 2 14 159 12 7 3 8 20 18 16 11 1 11 12 14 4 19 17 15 3 10 10 20 11 150 5 6 5 12 10 198 151 4 4 14 2 2 12 154 4 15 20 184 6 13 0 15 5 159 19 158 154 1 8 177 20 20 162 164 13 19 18 0 11 2 9 15 10 11 152 15 3 10 11 17 20 17 15 2 172 14 2 178 182 183 12 189 0 161 8 9 7 180 2 17 10 7 17 156 182 20 6 20 13 4 12 10 156 6 20 190 2 15 7 4 0 11 6 15 19 15 15 5 15 18 14 18 182 18 16 20 3 10 13 17 165 175 7 7 200 19 170 15 160 15 5 2 191 19 3 20 20 13 9 14 17 9 17 6 15 17 6 20 15 174 173 16 4 15 13 0 0 15 4 19 172 5 4 9 1 0 14 20 155 20 14 7
936
20 4 4 8 7 2 178 190 168 185 8 172 5 176 0 0 157 155 6 157 14 179 174 4 14 4 6 165 162 2 12 8 14 191 17 189 8 15 13 3 19 17 172 2 195 12 10 186 16 182 3 7 0 10 1 192 8 2 11 11 0 1 4 8 19 10 4 178 6 20 17 12 15 0 1 12 13 5 171 4 7 14 20 20 11 170 3 1 4 4 3 168 188 10 0 156 4 158 8 14 179 6 8 19 19 5 17 0 20 20 171 2 19 9 184 4 2 19 15 17 15 7 154 6 19 18 20 20 9 18 0 4 12 12 11 11 199 17 6 20 15 17 188 20 3 1 12 10 20 7 20 180 8 7 12 165 13 0 0 18 9 19 3 6 0 198 19 13 14 0 14 17 18 15 5 10 19 6 20 2 14 10 1 6 1 5 15 1 9 9 13 12 1 12 1 18 16 2 20 15 13 16 170 18 0 20 166 2 4 176 4 193 5 17 9 19 2 3 16 9 3 6 2 0 4 10 16 13 10 194 16 10 6 167 9 16 15 4 160 9 2 13 4 3 10 15 191 20 173 19 19 1 15 8 19 15 6 197 171 6 3 158 12 188 14 6 6 186 17 14 3 15 175 198 19 18 2 155 189 188 18 162 18 16 186 1 11 7 183 14 187 7 18 20 8 3 20 8 0 9 18 15 161 199 0 13 19 167 200 163 13 189 171 155 4 9 198 6 14 5 6 6 153 17 15 5 157 16 12 186 15 10 3 11 164 18 2 19 13 8 17 6 4 17 190 11 191 9 13 7 7 20 166 6 168 168 8 9 18 10 14 183 2 13 17 18 9 165 18 0 8 0 175 2 15 8 20 157 18 172 1 19 0 16 0 5 18 20 11 7 11 185 6 168 177 11 17 10 158 5 10 153 185 3 6 2 187 18 10 12 20 13 10 150 186 16 0 3 8 16 12 180 3 192 19 198 7 15 7 13 5 9 0 8 6 15 19 3 18 191 4 20 13 171 172 19 9 10 9 17 7 11 163 7 4 1 8 1 3 13 178 7 13 169 0 10 20 188 5 9 8 7 164 0 176 10 199 2 200 166 5 188 20 0 3 1 9 0 0 5 16 170 18 1 154 198 5 14 13 5 6 4 8 18 9 183 17 6 158 8 5 11 13 14 8 5 8 2 10 13 19 18 12 160 200 6 3 3 154 17 10 19 14 0 7 5 1 18 6 177 178 5 18 5 190 19 8 3 9 11 9 3 159 20 15 8 18 15 166 13 176 2 11 17 6 190 1 17 16 19 192 14 13 13 192 6 17 15 12 15 18 4 14 7 6 5 3 11 17 6 3 156 153 16 1 11 1 3 5 14 186 17 4 17 2 20 151 4 4 14 5 0 15 4 10 5 18 4 2 5 192 0 15 4 11 1 152 7 20 0 172 18 174 3 20 17 164 19 5 8 18 11 0 8 157 18 4 10 185 164 0 19 16 1 3 17 14 7 18 12 6 8 12 8 183 13 3 175 15 10 160 12 17 17 157 196 14 7 11 20 7 167 200 185 12 11 5 159 12 9 2 13 10 20 156 13 20 2 188 14 181 15 15 184 5 16 1 19 4 4 18 3 7 4 16 2 6 7 5 4 12 9 12 8 14 3 14 5 0 157 19 19 12 185 0 1 1 192 189 0 165 20 4 194 2 9 11 16 152 15 15 198 6 160 2 8 15 162 20 12 6 16 1 153 13 6 5 11 189 6 2 16 5 18 182 7 18 168 156 13 182 15 6 6 194 7 19 167 189 191 16 16 6 8 4 3 169 5 12 13 6 5 11 4 8 13 19 10 0 20 12 182 6 2 16 176 187 9 18 3 7 12 19 174 11 165 12 19 11 189 180 3 170 16 2 1 20 18 1 19 7 14 199 169 5 190 8 6 19 1 189 9 19 13 19 16 0 8 9 0 20 16 7 0 14 16 197 13 6 10 11 11 13 7 158 6 162 18 10 7 16 18 11 12 5 17 2 17 164 15 180 9 8 158 10 10 160 15 18 6 185 168 14 1 14 18 197 176 0 18 170 9 0 4 157 0 8 2 0 17 152 13 180 1 10 5 182 10 198 18 5 157 17 151 10 15
79
5 107 104 5 104 104 104 107 5 5 107 104 107 107 104 5 104 104 104 107 5 104 107 5 104 104 104 107 104 107 104 5 104 107 5 107 5 107 5 107 107 104 5 5 5 5 104 104 104 5 104 104 5 104 107 104 104 104 107 104 5 104 104 107 5 104 107 5 5 107 107 104 107 107 104 107 107 104 104
53
0 0 0 0 0 0 0 0 0 0 0 0 0 0 0 0 0 0 0 0 0 0 0 0 0 0 0 0 0 0 0 0 0 0 0 0 0 0 0 0 0 0 0 0 0 0 0 0 0 0 0 0 0
377
115 115 52 172 115 61 164 52 163 163 163 115 115 61 61 115 52 115 172 52 163 61 52 164 164 163 61 163 61 115 52 52 172 115 115 163 164 52 52 115 115 172 61 164 52 163 163 163 164 163 52 164 115 163 52 164 163 172 163 115 164 164 115 52 52 164 163 163 52 52 163 163 164 115 52 172 164 61 52 52 163 52 61 52 115 172 164 172 115 164 115 52 164 61 163 164 163 164 61 163 61 164 115 164 61 172 61 61 172 172 52 52 164 172 172 115 172 115 61 164 163 172 61 61 115 172 172 61 52 61 61 164 115 52 115 163 163 163 172 163 163 61 163 172 163 164 172 115 61 61 164 172 52 61 163 52 61 164 61 61 61 52 115 115 52 52 61 163 52 164 164 172 163 115 172 172 164 163 115 115 52 172 172 52 164 163 61 52 163 61 163 61 163 163 164 52 172 52 52 52 52 163 172 163 52 115 115 164 52 163 61 172 172 115 164 163 164 172 163 52 164 172 164 164 163 61 115 164 61 52 172 52 164 52 163 164 164 172 172 61 172 164 172 172 115 61 52 163 61 163 172 52 115 115 164 115 163 115 164 172 115 164 52 172 164 172 61 61 163 172 61 164 172 115 52 52 164 52 172 52 172 52 52 164 52 61 164 172 115 115 164 52 172 115 61 172 172 163 61 172 163 52 164 163 61 115 52 164 115 52 52 163 52 61 61 172 52 61 172 172 115 163 163 163 172 172 163 61 52 164 61 164 164 115 115 115 52 61 61 61 172 52 61 52 61 164 52 172 61 52 172 115 163 52 61 163 172 164 163 163 52 163 164 52 172 164 172 115 172 172 115 61 164 52 52 172 61
77
166 5 6 4 4 191 10 10 5 175 19 163 1 13 9 8 193 184 13 3 16 3 7 8 0 7 7 174 20 13 18 1 11 5 17 8 0 15 197 3 19 17 183 195 13 162 195 158 159 192 11 18 1 20 7 166 177 2 14 15 11 13 9 15 3 13 1 2 196 1 179 15 1 7 2 5 3
418
0 0 17 7 7 13 9 7 10 3 18 6 17 2 13 14 3 6 4 10 18 18 19 13 7 3 6 18 4 8 15 0 12 2 9 19 14 13 7 9 2 15 14 17 2 18 0 18 6 8 19 0 14 7 18 6 10 19 10 8 2 14 12 14 19 2 18 4 17 15 7 13 1 11 8 20 1 9 0 2 16 11 6 13 3 13 0 18 11 11 16 2 16 18 2 7 2 5 11 10 10 19 15 3 2 1 11 11 19 20 12 15 15 19 5 4 5 8 20 16 10 14 17 18 20 1 18 0 6 17 18 16 18 5 18 10 2 7 19 20 16 5 7 3 14 10 14 2 0 1 6 5 0 12 9 8 7 5 13 12 2 5 16 6 16 9 1 12 7 5 7 0 6 3 9 19 8 16 9 18 10 12 2 4 4 13 6 12 1 19 0 6 12 19 17 1 11 3 13 16 4 18 13 10 1 13 10 15 4 17 18 0 20 1 11 9 4 15 7 3 14 15 13 1 1 15 7 7 0 12 8 2 15 1 0 14 17 5 4 8 2 20 14 20 14 16 15 1 16 4 12 6 10 9 10 9 13 19 12 12 6 15 14 18 1 0 7 5 19 16 4 5 16 3 1 13 15 12 13 0 19 6 11 16 17 4 12 14 12 2 10 7 14 13 18 4 10 15 8 6 11 13 6 10 19 0 14 7 16 0 2 3 14 1 7 0 16 6 20 3 17 19 13 17 14 3 13 10 7 0 6 16 13 5 10 13 9 2 19 1 16 2 19 12 18 9 15 13 14 9 7 19 8 17 11 6 0 1 20 5 15 6 7 20 19 8 5 11 13 7 18 19 6 13 7 3 7 8 3 20 11 11 0 7 1 10 17 11 17 11 14 1 0 5 12 18 18 10 16 1 17 4 16 15 4 19 10 0 14 3 17 3 12 4 10 18 11 12
860
132 132 38 24 3 38 24 38 38 3 132 3 3 38 3 24 132 3 132 38 38 132 24 3 24 3 3 38 38 3 38 132 132 3 3 3 24 38 38 3 132 24 38 38 132 3 24 24 24 24 24 3 3 24 3 38 24 3 38 24 132 24 3 24 38 38 38 3 3 24 3 38 3 38 132 24 132 3 38 38 3 132 38 24 24 132 38 3 38 24 3 3 38 38 38 24 38 24 3 3 132 38 3 3 3 3 132 38 3 38 38 3 24 24 132 24 3 3 3 38 24 24 132 38 132 24 24 24 38 24 24 24 24 38 3 38 3 24 24 24 3 3 24 3 3 24 132 3 3 132 24 24 3 3 3 3 38 38 24 3 38 132 132 3 132 132 38 3 3 132 38 3 38 24 24 24 3 24 132 3 24 132 38 38 3 24 3 24 132 38 24 38 38 132 3 38 3 24 3 132 24 3 3 132 38 3 24 132 38 38 24 132 24 3 132 38 132 24 132 24 132 24 38 132 24 24 3 132 132 3 132 24 132 3 132 132 132 3 24 38 38 132 3 24 132 132 3 132 38 38 3 132 38 3 38 3 132 38 132 3 24 132 24 3 3 24 3 24 3 24 3 3 24 132 38 38 38 38 24 132 3 3 132 24 3 132 3 3 132 3 24 24 3 38 3 3 3 24 3 132 38 38 132 24 38 38 3 24 132 38 132 3 24 24 24 38 24 24 38 38 132 24 3 132 3 132 132 132 3 24 24 3 3 24 24 3 3 38 3 38 24 3 38 38 24 3 3 132 38 24 3 3 3 38 132 132 24 132 3 38 3 38 38 132 24 3 24 3 3 3 38 24 132 38 3 132 24 3 38 3 3 38 3 24 3 3 24 132 132 38 24 24 3 24 38 132 24 38 38 3 132 132 3 132 38 38 24 24 3 3 132 132 24 132 3 38 24 38 3 132 24 38 38 24 38 24 132 3 3 24 24 38 24 3 38 132 24 132 3 132 24 24 132 38 24 24 3 3 3 132 132 38 132 132 38 3 3 3 24 132 3 24 24 132 38 3 132 3 24 38 24 38 132 132 3 3 3 132 38 132 132 3 132 24 38 24 132 132 24 38 24 24 3 38 132 132 24 38 24 24 24 132 24 132 3 132 132 132 132 38 132 38 38 132 24 38 3 24 132 132 3 132 3 132 3 132 38 24 132 132 24 3 38 132 38 3 24 132 24 24 38 3 132 132 38 132 24 132 132 132 132 132 132 38 3 38 3 38 38 132 24 3 132 24 132 24 3 132 132 3 132 24 132 132 38 3 3 3 132 3 3 24 132 38 24 38 38 38 24 24 3 3 3 3 24 3 3 132 24 3 38 38 24 38 24 24 24 3 38 24 38 38 24 132 24 132 3 24 132 24 3 3 24 132 3 3 132 24 3 132 132 38 132 3 132 3 38 24 38 24 38 3 24 132 24 3 132 38 3 132 3 3 3 24 38 38 24 38 132 38 24 3 132 3 3 24 132 132 3 132 3 38 24 24 38 3 3 38 24 24 132 24 38 3 132 132 3 24 24 24 3 24 24 132 38 132 24 38 3 3 132 24 24 3 132 38 132 24 38 24 3 38 38 38 38 38 132 3 3 3 38 132 3 132 3 132 3 24 38 24 3 3 132 3 3 132 3 38 24 38 3 3 132 38 24 24 38 38 132 38 38 132 3 3 38 3 132 132 38 38 24 38 132 132 132 3 38 3 38 3 38 3 132 3 132 132 24 132 24 24 38 24 38 3 3 3 132 24 24 3 3 132 38 38 132 38 132 132 132 38 3 132 132 38 132 24 132 3 132 38 3 3 3 132 38 24 132 24 3 132 132 24 132 24 24 3 3 3 132 38 24 3 38 38 132 38 38 3 24 132 132 24 132 132 3 3 3 3 3 132 24 38 38 38 132 3 132 38 132 3
839
17 161 3 156 7 10 2 5 7 9 173 176 151 2 194 0 5 14 2 183 19 10 14 9 13 3 173 0 15 13 3 17 13 15 188 2 8 17 11 7 2 176 1 14 6 4 5 188 18 4 0 15 16 20 182 16 189 1 12 20 8 20 151 18 0 11 193 18 13 7 14 11 2 11 10 178 19 3 13 16 7 17 179 200 10 1 5 16 18 1 8 176 6 192 5 3 163 7 1 4 0 11 4 12 20 169 2 3 10 5 14 12 187 0 17 14 186 4 174 20 7 17 19 163 5 178 4 2 9 12 20 3 11 20 8 19 173 1 196 9 1 20 190 17 158 3 2 17 16 5 6 6 13 16 12 17 1 14 17 16 20 0 11 19 12 14 155 20 9 7 7 6 9 179 19 18 181 11 5 12 10 164 0 9 13 0 18 6 8 1 20 0 20 7 11 17 183 10 7 11 19 5 2 15 12 16 20 5 7 11 16 9 7 2 2 7 4 17 19 12 4 18 0 11 195 13 176 154 0 8 161 189 197 10 10 0 179 6 0 3 11 0 187 12 10 14 0 0 8 0 4 5 155 20 8 6 191 6 5 4 5 20 0 6 7 18 14 20 9 159 168 10 1 200 13 3 11 16 10 12 154 18 5 1 11 19 2 154 3 10 4 1 164 2 1 1 2 14 4 5 6 184 182 4 14 187 2 8 159 193 9 0 16 19 150 9 4 12 161 8 15 7 18 15 3 19 4 0 5 13 175 14 5 181 153 2 8 2 10 186 4 14 17 5 17 16 197 3 9 2 183 160 18 1 11 5 16 11 8 188 12 0 12 1 6 11 5 163 14 10 6 199 11 180 9 3 16 19 15 9 3 182 18 6 7 152 194 13 152 20 0 168 18 7 165 183 176 150 7 5 3 16 3 14 0 15 9 165 16 4 8 12 6 2 171 196 159 158 183 16 16 181 183 6 4 13 4 12 11 1 19 18 16 5 14 12 12 159 2 6 0 17 11 186 15 15 155 199 8 4 188 199 1 14 13 150 6 153 9 12 8 180 3 1 0 200 185 16 8 16 20 20 186 1 16 1 3 6 167 6 9 186 20 3 11 10 20 18 11 14 3 2 9 16 152 3 177 172 0 4 3 152 5 7 8 194 14 7 155 0 16 15 19 16 188 11 19 5 20 3 157 15 14 13 17 18 19 5 0 6 15 153 14 193 16 15 11 0 12 4 19 185 5 4 20 15 13 16 13 2 5 2 20 11 5 10 182 1 10 168 10 159 15 17 20 174 167 11 16 10 16 8 15 157 9 13 14 20 1 14 15 174 0 14 0 19 166 3 10 3 20 187 18 11 2 16 0 16 9 155 189 10 16 4 7 6 158 6 20 9 157 1 19 4 18 3 7 191 13 160 172 182 10 13 151 12 164 152 0 1 3 19 15 16 9 2 18 0 19 11 3 19 168 6 7 5 184 13 6 11 20 18 153 194 8 0 12 5 193 178 10 19 171 6 15 18 5 8 192 186 8 199 2 10 1 14 0 9 12 10 1 17 15 9 19 13 176 17 158 16 168 196 1 0 18 14 2 9 18 10 181 3 0 9 10 161 12 20 171 174 14 11 18 13 18 16 155 157 16 12 5 177 179 0 15 6 19 157 3 8 13 193 10 7 11 9 184 174 19 5 9 19 4 168 12 14 19 4 13 17 2 196 5 17 2 15 14 4 13 11 165 12 9 19 2 11 2 8 10 6 9 18 196 2 11 8 182 1 17 14 12 150 2 168 20 20 0 18 10 17 8 20 5 4 18 14 15 10 1 7 199 167 13 152 5 8 10 9 166 14 11 17 4 15 166 6 9 151 178 194 11 5 11 14 168 17 173 15 190 184 7 18 3 8 13 13 184 19 8
789
0 200 50 58 116 50 86 96 114 88 89 79 63 53 100 55 107 68 97 67 62 107 88 77 67 53 59 116 50 82 51 105 65 59 102 98 81 108 69 82 54 101 56 58 102 118 99 55 93 57 71 119 82 112 106 117 92 108 83 86 62 63 61 91 53 95 67 116 110 72 120 72 86 115 120 87 101 93 96 57 86 99 120 95 54 89 55 67 56 98 64 84 97 107 111 83 84 114 119 91 61 67 62 70 74 107 53 104 50 59 103 50 69 99 108 118 68 98 75 62 102 71 96 54 92 54 65 57 62 68 106 109 77 77 118 116 73 114 60 75 94 65 50 119 98 105 91 106 101 91 63 79 64 98 120 85 58 108 59 108 99 99 50 115 110 75 94 114 79 74 55 63 66 102 58 119 93 58 108 97 110 63 89 87 84 70 80 81 70 87 100 93 65 119 64 82 112 89 57 72 62 103 111 65 70 53 117 63 100 78 120 103 86 87 117 50 113 70 74 115 58 89 54 56 114 120 56 79 96 77 80 61 95 72 63 84 113 62 94 82 100 58 80 102 87 54 88 97 107 50 73 82 56 66 75 76 96 75 82 98 115 63 77 87 98 111 106 54 82 53 67 75 111 108 69 99 113 75 77 98 89 64 99 64 108 51 51 73 68 61 68 101 72 61 56 88 67 118 71 102 65 108 109 50 81 92 55 51 115 75 87 61 110 57 66 64 108 110 106 99 80 119 99 114 107 103 78 98 75 74 58 68 89 66 108 58 55 104 57 116 101 52 114 116 115 73 105 62 101 64 118 104 115 51 115 64 77 83 53 54 52 77 55 56 69 116 63 78 120 59 85 84 113 63 106 80 79 76 69 56 102 115 96 87 80 97 82 83 50 61 72 109 110 85 76 90 50 108 111 87 66 94 59 120 76 97 59 116 106 112 79 106 100 77 105 81 110 120 110 50 109 63 87 57 76 63 54 115 90 108 120 68 105 107 60 97 120 72 70 101 61 64 89 109 106 111 113 75 57 62 65 80 51 110 89 110 51 75 68 101 72 72 86 85 79 99 98 120 68 88 115 109 50 72 117 72 77 103 99 77 90 95 70 85 76 63 118 96 75 106 50 72 99 72 76 119 102 66 107 56 50 95 104 53 117 89 58 84 92 92 85 88 111 62 84 80 96 89 85 82 74 104 69 100 81 56 50 80 94 56 61 58 72 115 73 106 111 115 76 104 94 69 74 84 63 70 71 119 116 101 80 64 97 115 83 98 82 112 75 114 120 59 118 76 77 81 50 70 55 112 101 73 115 103 66 120 58 79 70 107 71 86 100 112 92 89 113 81 81 90 92 56 82 52 70 87 97 116 91 55 74 68 99 75 70 84 80 111 119 81 83 95 54 83 72 63 118 109 54 102 74 60 67 97 95 88 82 51 87 118 70 89 65 58 58 90 57 72 120 76 119 82 82 104 99 119 70 61 69 54 99 63 93 116 89 68 103 77 89 98 91 82 119 93 114 97 84 119 52 113 56 60 86 88 98 102 54 72 52 101 113 116 120 55 97 120 71 108 101 91 102 119 111 87 98 112 100 98 83 58 82 51 95 52 64 103 56 80 100 105 84 90 66 93 75 117 87 100 88 66 102 95 73 116 52 57 92 93 100 93 67 61 100 110 86 107 91 119 110 92 61 100 74 108 58 117 59 67 80 112 73 63 51 117 91 81 113 101 56 67 87 56 69 105 111 59 61 50 65 83 91 108 118 55 77 54 108 118 119 87 87 82 63 58 74 51 97 67 200
392
0 200 56 108 100 99 65 99 94 67 110 87 80 90 57 77 87 98 100 55 72 95 94 75 91 102 97 71 106 100 103 119 117 50 81 100 55 103 53 59 78 111 83 65 83 105 66 53 102 107 99 85 80 67 117 98 83 115 55 55 106 70 107 111 118 102 70 109 107 104 56 113 84 105 74 115 72 116 91 73 78 79 86 103 71 96 109 56 110 97 63 61 55 81 84 109 109 70 67 62 92 110 118 71 97 62 61 110 78 58 67 78 85 95 102 58 73 60 67 64 69 113 93 116 105 58 58 106 104 55 90 62 66 91 104 59 65 94 63 69 91 77 84 88 101 65 92 104 98 99 63 82 103 103 78 71 95 85 75 67 69 62 60 68 103 77 69 110 79 79 84 116 61 56 70 103 113 99 89 85 99 105 111 118 71 87 69 96 107 75 84 56 109 116 118 106 68 115 55 113 81 106 72 112 84 103 112 118 64 108 80 116 55 57 50 89 119 64 84 63 90 100 69 79 99 71 97 57 72 92 101 66 91 112 62 55 104 115 113 98 72 107 88 88 66 108 66 76 98 53 99 109 112 100 110 94 53 120 100 69 93 108 69 80 65 74 106 59 101 59 106 101 76 72 91 67 63 55 67 51 78 55 92 98 62 91 81 96 88 60 73 61 102 64 111 88 81 111 102 88 114 54 58 52 84 54 91 81 61 81 81 99 94 83 93 95 63 92 113 79 88 89 108 88 96 70 70 72 90 97 58 77 60 77 111 105 79 108 98 53 116 102 101 117 50 109 90 68 116 85 76 111 62 100 112 117 71 90 100 95 61 63 90 95 61 68 64 80 98 120 87 59 114 66 97 53 120 76 80 101 52 120 67 87 112 67 91 120 81 113 114 200
148
8 9 17 4 0 1 3 7 14 197 11 14 4 8 189 0 4 182 181 19 6 152 5 16 19 175 0 10 19 11 188 12 185 8 18 182 20 17 187 20 18 14 196 161 10 4 15 7 6 6 9 153 171 14 4 6 14 8 0 10 20 16 4 9 20 2 161 18 12 7 193 13 15 1 12 19 7 15 15 1 170 12 14 179 168 1 16 198 10 0 18 0 12 191 13 13 4 183 0 16 14 184 8 18 155 150 11 20 6 19 0 7 11 187 12 12 8 0 0 180 10 10 167 4 0 1 19 12 2 17 16 2 178 6 19 0 188 16 161 15 3 8 167 19 2 5 4 13
997
0 0 0 0 0 0 0 0 0 0 0 0 0 0 0 0 0 0 0 0 0 0 0 0 0 0 0 0 0 0 0 0 0 0 0 0 0 0 0 0 0 0 0 0 0 0 0 0 0 0 0 0 0 0 0 0 0 0 0 0 0 0 0 0 0 0 0 0 0 0 0 0 0 0 0 0 0 0 0 0 0 0 0 0 0 0 0 0 0 0 0 0 0 0 0 0 0 0 0 0 0 0 0 0 0 0 0 0 0 0 0 0 0 0 0 0 0 0 0 0 0 0 0 0 0 0 0 0 0 0 0 0 0 0 0 0 0 0 0 0 0 0 0 0 0 0 0 0 0 0 0 0 0 0 0 0 0 0 0 0 0 0 0 0 0 0 0 0 0 0 0 0 0 0 0 0 0 0 0 0 0 0 0 0 0 0 0 0 0 0 0 0 0 0 0 0 0 0 0 0 0 0 0 0 0 0 0 0 0 0 0 0 0 0 0 0 0 0 0 0 0 0 0 0 0 0 0 0 0 0 0 0 0 0 0 0 0 0 0 0 0 0 0 0 0 0 0 0 0 0 0 0 0 0 0 0 0 0 0 0 0 0 0 0 0 0 0 0 0 0 0 0 0 0 0 0 0 0 0 0 0 0 0 0 0 0 0 0 0 0 0 0 0 0 0 0 0 0 0 0 0 0 0 0 0 0 0 0 0 0 0 0 0 0 0 0 0 0 0 0 0 0 0 0 0 0 0 0 0 0 0 0 0 0 0 0 0 0 0 0 0 0 0 0 0 0 0 0 0 0 0 0 0 0 0 0 0 0 0 0 0 0 0 0 0 0 0 0 0 0 0 0 0 0 0 0 0 0 0 0 0 0 0 0 0 0 0 0 0 0 0 0 0 0 0 0 0 0 0 0 0 0 0 0 0 0 0 0 0 0 0 0 0 0 0 0 0 0 0 0 0 0 0 0 0 0 0 0 0 0 0 0 0 0 0 0 0 0 0 0 0 0 0 0 0 0 0 0 0 0 0 0 0 0 0 0 0 0 0 0 0 0 0 0 0 0 0 0 0 0 0 0 0 0 0 0 0 0 0 0 0 0 0 0 0 0 0 0 0 0 0 0 0 0 0 0 0 0 0 0 0 0 0 0 0 0 0 0 0 0 0 0 0 0 0 0 0 0 0 0 0 0 0 0 0 0 0 0 0 0 0 0 0 0 0 0 0 0 0 0 0 0 0 0 0 0 0 0 0 0 0 0 0 0 0 0 0 0 0 0 0 0 0 0 0 0 0 0 0 0 0 0 0 0 0 0 0 0 0 0 0 0 0 0 0 0 0 0 0 0 0 0 0 0 0 0 0 0 0 0 0 0 0 0 0 0 0 0 0 0 0 0 0 0 0 0 0 0 0 0 0 0 0 0 0 0 0 0 0 0 0 0 0 0 0 0 0 0 0 0 0 0 0 0 0 0 0 0 0 0 0 0 0 0 0 0 0 0 0 0 0 0 0 0 0 0 0 0 0 0 0 0 0 0 0 0 0 0 0 0 0 0 0 0 0 0 0 0 0 0 0 0 0 0 0 0 0 0 0 0 0 0 0 0 0 0 0 0 0 0 0 0 0 0 0 0 0 0 0 0 0 0 0 0 0 0 0 0 0 0 0 0 0 0 0 0 0 0 0 0 0 0 0 0 0 0 0 0 0 0 0 0 0 0 0 0 0 0 0 0 0 0 0 0 0 0 0 0 0 0 0 0 0 0 0 0 0 0 0 0 0 0 0 0 0 0 0 0 0 0 0 0 0 0 0 0 0 0 0 0 0 0 0 0 0 0 0 0 0 0 0 0 0 0 0 0 0 0 0 0 0 0 0 0 0 0 0 0 0 0 0 0 0 0 0 0 0 0 0 0 0 0 0 0 0 0 0 0 0 0 0 0 0 0 0 0 0 0 0 0 0 0 0 0 0 0 0 0 0 0 0 0 0 0 0 0 0 0 0 0 0 0 0 0 0 0 0 0 0 0 0 0 0 0 0 0 0 0 0 0 0 0 0 0 0 0 0 0 0 0 0 0 0 0 0 0 0 0 0 0 0 0 0 0 0 0 0 0 0 0 0 0 0 0 0 0 0 0 0 0 0 0 0 0 0 0 0 0 0 0 0 0 0 0 0 0 0 0 0 0 0 0 0 0 0 0 0 0 0 0 0 0 0 0 0 0 0 0 0 0 0 0 0 0 0 0 0 0 0 0 0 0 0 0 0 0 0
73
200 200 200 200 200 200 200 200 200 200 200 200 200 200 200 200 200 200 200 200 200 200 200 200 200 200 200 200 200 200 200 200 200 200 200 200 200 200 200 200 200 200 200 200 200 200 200 200 200 200 200 200 200 200 200 200 200 200 200 200 200 200 200 200 200 200 200 200 200 200 200 200 200
383
1 15 3 12 9 10 191 13 15 11 154 16 14 193 7 20 19 20 172 195 194 18 159 14 190 153 153 11 20 7 18 169 174 8 7 6 5 171 3 162 20 4 155 187 192 6 165 166 8 18 17 10 13 0 12 20 19 6 16 6 16 0 0 3 199 8 6 12 8 3 6 14 178 8 3 151 9 6 2 4 20 16 13 166 160 184 175 12 8 155 182 186 153 18 3 177 161 164 4 0 4 16 10 13 19 5 2 17 13 150 0 13 188 19 19 7 18 196 11 196 20 19 6 6 4 10 16 16 8 198 6 163 8 11 14 6 10 10 15 8 3 4 1 1 8 14 7 2 6 6 0 4 18 197 2 10 5 20 3 0 11 14 9 9 154 0 170 16 16 14 185 11 8 11 14 14 8 3 4 17 16 11 20 4 200 13 8 8 17 6 12 20 170 5 13 4 16 19 18 0 9 6 0 12 155 9 10 0 16 17 167 194 3 12 167 172 1 1 3 20 6 9 7 0 2 14 164 14 14 4 12 7 13 11 161 7 4 9 7 10 18 6 4 15 6 20 10 20 14 5 166 5 194 15 11 0 15 20 1 18 6 5 11 7 191 18 5 6 154 1 13 10 161 7 2 2 11 13 13 3 7 9 4 4 18 9 16 17 168 188 6 17 5 3 9 11 196 7 10 20 3 10 9 156 0 19 16 1 13 12 18 18 6 9 3 14 3 168 162 168 172 16 10 15 199 197 8 15 6 7 16 180 14 184 178 4 6 5 15 18 152 3 184 19 162 20 19 190 17 2 7 183 15 1 14 8 15 153 15 4 7 2 1 7 18 10 17 4 3 13 4 16 9 7 19 3 18 2 13 3 12 13 4
260
0 200 55 70 64 99 80 74 95 60 89 67 55 70 80 74 57 112 74 64 69 109 90 101 99 114 87 89 95 82 59 88 52 64 107 90 72 57 97 87 118 93 107 120 60 89 73 103 88 86 67 82 102 101 110 63 51 78 92 77 100 90 85 68 54 100 105 55 106 112 59 119 89 107 118 72 110 73 82 66 79 119 92 85 88 77 67 70 113 85 111 52 119 93 77 110 113 55 117 66 89 117 67 120 108 109 112 64 107 91 76 120 73 59 106 117 55 103 86 55 62 89 81 53 106 117 120 69 69 80 83 67 55 114 101 112 74 82 84 53 117 106 114 100 67 84 61 101 103 84 92 108 74 59 87 105 86 101 58 115 77 58 112 68 52 69 83 115 112 76 96 110 53 105 91 75 111 120 100 59 100 55 106 109 78 76 71 74 52 54 112 69 97 72 112 85 92 67 82 104 52 92 57 78 67 61 81 96 75 108 117 54 83 60 97 54 101 115 115 69 87 62 76 82 61 118 105 105 88 105 117 76 84 81 59 74 69 84 82 52 114 101 50 92 92 67 110 91 101 59 98 62 69 109 73 74 96 72 109 200
853
12 8 3 17 11 14 13 18 160 13 163 175 167 12 0 13 18 6 9 11 192 5 16 5 18 11 18 6 12 14 6 8 12 189 1 4 10 15 0 18 14 181 10 3 10 17 9 0 11 18 1 3 8 151 174 16 6 10 14 10 15 7 5 3 190 155 8 9 4 16 19 9 187 20 170 9 2 16 15 12 14 5 18 13 2 15 14 16 1 16 11 16 2 17 14 154 198 6 12 11 16 2 16 4 1 13 0 2 184 3 2 11 186 6 11 14 14 19 19 1 6 5 18 7 13 6 153 182 17 15 7 7 173 11 168 0 20 13 2 151 176 19 153 3 9 15 159 195 10 1 15 18 13 17 4 3 160 2 13 171 6 8 3 12 167 18 0 8 1 190 161 1 16 5 13 6 9 3 170 15 0 3 0 181 163 153 192 18 165 20 11 12 9 16 177 10 166 13 3 5 1 189 8 11 20 13 7 9 8 175 19 18 172 20 13 9 6 15 8 6 2 151 176 15 162 4 3 2 13 154 189 15 15 156 166 13 0 154 10 1 5 15 20 181 198 6 171 8 9 9 19 9 16 177 15 173 6 2 3 15 5 9 179 5 8 151 15 13 8 12 4 17 19 10 16 12 14 18 18 6 16 158 186 18 183 12 11 195 18 6 19 161 187 5 12 1 16 16 12 152 193 20 6 18 1 0 5 0 8 193 16 166 7 15 12 13 13 17 3 12 2 4 7 16 17 191 11 19 13 0 11 19 7 11 19 198 14 8 15 8 4 17 177 8 14 168 9 16 13 9 1 11 16 4 14 3 7 16 155 16 18 171 186 13 10 19 4 10 6 193 19 11 164 20 20 20 6 7 20 7 14 12 174 6 166 10 0 16 2 8 11 4 13 13 17 4 4 15 15 15 20 20 6 4 15 12 153 0 20 2 14 11 195 11 5 9 152 20 12 5 195 13 18 153 173 157 8 6 16 5 20 16 9 6 9 4 20 193 186 192 10 17 0 20 4 8 195 12 186 160 16 5 167 14 10 14 14 153 19 12 20 18 5 158 12 19 10 20 15 4 191 10 191 18 16 181 6 0 8 183 18 17 14 1 17 4 199 169 197 15 0 163 4 9 8 193 7 10 4 0 185 18 152 10 16 7 2 20 8 3 7 10 18 1 14 16 20 11 184 10 15 10 7 18 19 183 158 0 18 198 19 3 13 166 12 4 11 8 195 18 192 9 182 18 19 0 8 6 3 5 19 183 16 1 13 17 1 10 12 15 2 151 8 9 13 7 5 15 0 17 155 5 9 8 8 18 17 179 20 4 173 8 193 18 4 0 13 10 3 7 171 5 17 16 16 15 5 9 198 17 158 179 12 7 11 171 152 14 17 6 12 9 1 15 4 183 13 4 4 4 162 1 10 16 3 17 2 17 9 181 178 7 18 13 9 152 11 4 12 12 16 196 19 189 16 156 9 178 9 6 178 7 9 14 16 180 16 10 187 9 12 169 11 20 2 20 15 1 12 16 0 12 10 14 198 192 14 173 4 19 2 7 176 15 4 10 16 3 160 1 194 170 1 3 1 197 18 16 18 194 158 16 184 1 152 19 5 11 10 0 15 172 5 167 12 10 188 1 3 172 16 8 10 20 2 14 1 19 8 7 14 17 5 1 173 8 154 3 0 12 16 4 12 0 16 18 158 20 12 191 7 2 5 11 169 17 9 14 163 2 8 3 4 5 3 2 2 18 0 0 187 10 16 16 11 10 186 1 0 188 157 9 6 7 168 11 4 200 195 169 13 187 193 20 17 3 8 8 16 15 15 20 15 11 2 8 4 20 164 16 1 183 9 10 4 19 9 182 1 9 2 17 18 17 8 168 18 14 161 200 13 3 20 10 178 8 197 5 11 11 19 152 3 14 6 18 18 9 18 13 9 8 4
258
69 79 79 69 79 118 111 69 69 111 79 69 79 118 111 79 111 69 111 118 79 118 111 79 118 118 79 69 111 118 79 118 69 118 111 79 69 111 69 69 79 79 118 79 118 118 79 79 79 118 111 79 69 118 111 79 79 111 118 118 118 79 111 111 111 79 118 79 79 69 111 79 69 118 118 69 118 69 118 79 79 118 118 79 79 79 79 118 118 118 111 79 79 79 118 118 69 69 69 79 111 111 111 79 118 111 69 118 79 79 69 111 79 111 118 79 118 118 79 79 118 69 118 118 69 118 118 79 118 69 79 111 111 79 111 111 111 118 118 118 79 111 79 118 118 118 79 118 111 118 111 111 69 111 118 69 111 69 69 79 69 118 79 118 118 79 69 69 118 79 69 79 118 111 118 69 79 111 69 118 118 111 111 111 69 111 111 111 111 79 79 111 79 79 111 118 111 69 118 118 69 111 79 69 111 118 69 79 118 69 111 118 111 111 118 111 69 111 79 79 118 69 118 111 111 111 118 118 118 79 69 111 111 118 111 69 69 69 118 111 79 118 118 79 79 118 118 79 69 111 111 118 79 118 118 111 79 69
164
21 190 132 120 115 192 104 4 98 129 38 188 158 37 140 76 97 104 162 108 18 106 62 45 66 156 62 25 110 178 171 50 83 148 12 147 56 125 163 109 198 121 162 99 89 69 173 1 141 139 168 186 184 176 137 119 89 147 127 96 74 62 105 104 198 15 93 121 88 63 110 35 101 163 24 167 2 121 41 190 55 62 94 44 97 98 125 61 146 88 163 180 174 17 79 1 195 145 190 111 179 15 39 26 57 74 140 186 126 14 158 77 146 31 8 170 65 118 51 34 134 172 19 73 3 166 1 180 156 88 184 95 55 30 100 104 0 198 187 44 12 107 77 27 89 141 62 161 193 58 59 169 1 163 65 168 149 41 120 180 22 17 51 104
255
0 200 99 102 55 82 115 96 85 90 116 99 87 89 72 84 66 71 104 106 81 51 98 61 103 81 95 93 52 98 79 89 107 52 63 103 86 82 51 65 83 85 61 70 94 118 97 53 113 97 100 61 113 71 110 100 117 112 116 56 60 111 104 118 75 102 96 93 114 73 84 83 113 52 86 53 58 63 56 63 118 120 73 55 119 86 71 89 84 108 60 92 59 67 83 68 104 75 99 61 97 99 89 69 53 100 86 65 76 54 79 109 103 58 66 58 77 100 60 57 117 105 109 76 113 96 107 117 63 112 70 59 115 64 113 71 83 51 76 120 83 117 84 98 78 51 70 58 71 115 107 113 116 105 106 81 72 79 57 71 116 82 69 80 64 92 75 93 72 52 55 70 70 120 67 105 53 65 76 56 81 53 83 115 68 63 68 115 106 115 88 118 60 93 72 63 57 77 50 58 68 81 88 107 74 117 108 59 84 73 91 96 62 93 77 87 52 75 69 87 51 67 64 103 55 115 54 65 71 108 97 77 94 95 112 63 53 57 102 67 89 71 83 60 95 88 55 100 72 75 96 61 56 76 200
178
180 10 10 121 121 121 84 54 121 121 121 180 84 84 84 84 121 180 54 10 54 84 180 54 10 121 10 180 54 10 180 84 54 84 54 10 121 180 180 121 10 10 121 54 180 180 10 54 10 84 121 84 10 10 10 180 180 121 180 84 121 121 180 84 84 84 180 121 84 84 10 84 10 121 54 180 84 10 84 10 10 180 121 10 180 84 54 10 84 54 54 10 10 84 10 10 10 10 121 121 121 180 10 180 121 180 180 10 84 121 84 54 10 121 10 84 10 54 84 84 121 180 10 10 54 121 10 54 180 84 54 180 10 121 180 10 54 54 54 84 54 10 180 84 180 54 54 121 121 10 84 10 54 54 10 121 10 10 84 121 84 121 10 54 84 121 54 84 180 121 54 54 54 180 10 10 84 180
85
0 200 72 100 57 50 105 119 101 53 93 106 101 100 58 51 56 53 82 95 58 106 82 115 54 84 102 65 65 68 73 55 91 56 120 78 99 66 77 56 104 115 109 108 109 64 111 87 72 88 69 52 51 88 61 108 119 120 108 86 106 116 96 98 54 94 106 116 71 116 76 105 99 51 60 86 57 109 101 73 60 120 91 56 200
143
136 17 22 117 152 185 87 177 19 129 87 94 11 87 171 21 91 129 4 145 136 11 149 195 200 143 94 6 139 68 151 39 24 71 74 149 148 158 180 193 30 79 30 182 19 137 32 138 13 120 98 67 72 200 77 68 0 175 22 159 144 67 136 190 169 57 171 129 188 68 72 48 188 32 77 40 121 169 33 65 38 164 137 37 175 47 87 16 65 28 101 82 124 56 153 44 96 26 63 187 110 8 197 92 194 6 4 63 200 41 158 23 104 65 112 64 47 38 27 179 144 113 70 125 67 177 167 189 77 89 159 186 124 114 70 59 32 184 17 42 86 17 13
744
155 46 112 94 173 76 82 36 169 50 156 121 154 95 169 169 58 29 19 173 146 133 82 136 154 172 69 190 84 151 188 41 14 125 39 199 172 40 130 10 81 19 58 61 40 41 129 8 83 193 122 81 118 164 38 68 27 2 107 63 16 117 49 15 175 126 156 143 105 43 33 49 0 29 114 104 124 95 44 33 171 114 56 190 17 96 23 130 82 65 22 112 160 137 108 174 44 163 27 42 55 130 78 125 103 147 6 51 30 50 73 77 5 150 47 89 200 27 12 181 92 113 138 127 8 98 18 107 81 106 102 19 185 33 46 47 135 155 129 125 13 177 116 3 135 126 138 142 11 62 178 94 65 148 103 87 35 181 173 32 101 194 85 51 122 143 189 17 118 196 150 43 75 53 123 13 12 135 103 66 29 134 164 94 142 84 156 78 2 192 114 113 36 90 141 0 99 125 50 182 100 140 50 162 189 75 71 174 171 184 154 169 14 23 19 71 96 130 90 127 114 62 94 185 116 194 61 38 50 5 30 114 77 82 122 79 181 170 38 81 81 145 143 19 175 140 179 6 183 48 137 198 92 50 72 194 105 91 160 127 108 13 134 107 171 62 170 199 108 14 118 161 83 15 39 43 22 124 199 178 78 109 147 127 110 107 50 64 143 90 164 13 102 12 65 11 14 88 158 143 6 67 108 161 111 32 4 183 70 52 108 61 81 98 172 81 69 156 25 91 69 6 79 14 47 79 178 152 196 168 138 129 84 172 40 100 93 143 79 63 57 176 183 64 83 30 55 120 113 95 116 40 32 81 3 22 70 30 109 5 61 28 89 168 62 110 102 57 122 5 192 176 199 41 22 69 75 58 176 126 154 127 173 65 20 50 24 200 158 164 65 149 175 143 33 107 188 155 26 47 179 50 126 166 43 41 146 116 8 118 176 140 98 97 75 179 27 108 22 79 109 18 105 122 99 123 18 177 135 55 94 43 135 140 86 32 192 187 137 47 160 108 103 179 7 183 0 77 19 113 11 195 61 65 37 139 143 87 88 68 12 79 131 0 166 58 107 154 153 24 66 147 7 162 104 189 50 190 89 30 49 30 104 153 97 40 172 181 99 13 29 178 146 121 88 53 133 60 93 198 80 169 121 12 75 102 122 176 165 38 128 3 192 88 87 150 33 28 114 6 71 46 106 117 114 186 33 134 72 68 120 8 84 185 186 46 139 190 119 155 88 136 91 144 74 123 145 93 187 152 188 30 156 36 29 28 7 135 78 158 129 158 187 160 166 41 158 18 4 138 61 38 161 177 74 61 50 53 154 156 129 143 81 189 100 188 170 165 136 95 111 120 69 142 130 197 72 171 194 140 32 160 31 129 128 172 23 51 103 165 131 179 103 100 116 1 176 169 148 78 110 192 97 37 1 76 14 115 36 189 192 116 153 66 38 15 151 120 147 19 174 141 105 0 16 148 161 3 147 164 10 37 23 51 28 93 3 30 125 143 115 96 159 23 7 131 0 184 74 164 96 182 142 82 55 175 128 184 14 97 120 77 130 54 135 178 4 167 18 152 48 3 199 162 118 105 38 21 25 117 165 134 62 84 66 9 7 181 84 18 200 43 174 162 115 159 68 166 174 48 97 33 55 116 40 56 76 164 87 167 178 161 100 151 166 155 99 27 105 89 105 157 30 55
780
6 8 5 6 2 7 9 20 7 10 5 5 18 3 0 2 12 17 8 18 7 14 10 14 19 2 12 11 6 14 18 19 18 2 18 3 7 16 19 18 15 13 1 17 20 1 6 1 19 10 1 18 9 7 6 12 9 12 15 9 17 10 14 2 12 3 11 4 9 11 16 18 4 5 2 19 0 10 6 0 1 16 6 2 12 17 17 0 4 8 7 1 11 2 4 5 18 17 11 19 20 0 16 12 15 20 18 19 15 3 1 6 12 4 18 6 16 13 11 1 5 10 10 12 4 12 9 0 0 3 0 9 17 13 11 16 0 12 18 9 8 9 0 14 1 11 0 7 11 6 3 15 7 14 4 3 20 1 20 7 11 1 20 20 5 4 20 4 4 9 1 4 9 9 10 20 4 17 20 4 17 10 19 6 2 12 14 14 15 1 12 1 3 8 5 16 5 14 19 19 10 5 4 7 19 3 17 4 18 16 7 11 17 8 12 10 15 14 0 3 12 10 18 4 20 8 2 7 13 14 9 20 18 6 11 11 7 6 5 9 20 3 19 2 13 7 3 7 1 11 8 6 16 20 7 10 15 10 9 2 20 3 4 19 12 3 4 13 19 6 4 12 11 10 19 12 2 5 5 18 11 2 9 3 20 20 18 8 6 14 15 6 16 13 13 13 19 13 17 12 4 0 19 7 15 1 11 17 19 0 6 4 9 16 2 3 5 7 0 18 15 6 6 18 11 16 13 0 15 1 14 10 18 15 8 1 10 16 5 9 20 20 3 20 18 6 19 13 20 16 19 3 0 0 16 14 17 9 13 1 0 12 20 20 7 2 20 9 12 13 17 13 17 19 14 4 3 10 3 0 15 8 18 2 11 9 14 11 0 10 5 19 19 16 4 3 2 17 9 14 11 10 8 9 10 8 20 5 11 3 9 3 6 12 15 2 16 14 17 19 4 1 11 16 19 5 19 4 0 20 4 6 4 19 15 1 7 12 8 18 15 18 20 20 6 8 20 3 13 16 16 5 13 0 19 17 9 2 12 9 15 9 19 17 9 1 4 5 1 4 20 6 11 12 0 4 18 17 19 1 20 10 7 6 19 14 0 1 12 2 0 16 10 6 19 5 17 16 10 11 12 2 3 1 18 19 11 9 16 14 1 12 2 14 11 10 17 13 11 13 8 2 18 18 13 4 6 19 13 10 10 2 17 20 20 6 2 11 17 10 5 18 14 3 5 13 5 14 17 17 4 2 9 2 19 3 20 5 0 10 0 17 3 11 14 2 12 20 18 20 5 10 13 2 5 1 12 8 3 1 8 15 10 3 3 3 11 11 0 8 13 18 10 10 3 8 8 6 2 15 8 13 15 4 10 6 14 4 11 10 2 2 19 10 1 19 12 15 20 9 4 8 6 19 2 10 10 18 15 4 9 5 11 12 17 9 9 4 11 5 3 14 8 4 2 1 13 3 16 7 15 8 17 5 4 10 7 9 9 16 6 1 18 18 16 1 13 2 11 12 11 7 17 1 14 10 0 3 1 13 15 12 12 20 4 12 10 0 15 0 19 5 13 4 5 15 2 14 20 10 20 10 7 11 20 3 7 4 3 12 19 1 7 1 6 10 11 16 20 17 12 0 11 14 16 15 3 9 16 18 16 10 0 6 12 9 14 7 20 0 11 5 10 18 6 5 12 10 7 2 13 18 7 9 11 8 4 13 11 9 10 6 3 8 14 19 20 14 10 20 9 19 0 7 5 12 5 9 4 5
250
2 20 17 19 6 9 6 17 12 15 14 15 3 19 4 4 7 7 11 19 16 0 0 5 16 16 20 5 14 18 7 1 16 17 16 17 1 12 4 15 1 7 10 3 20 8 14 5 3 10 12 11 7 19 5 2 19 11 3 19 8 0 5 4 12 13 1 10 19 8 15 11 16 13 15 11 18 5 9 17 16 10 15 7 5 1 20 9 17 7 10 6 13 3 0 14 9 11 15 14 11 7 17 7 6 15 4 2 6 5 10 20 17 8 15 12 7 0 1 18 11 13 7 13 13 3 3 20 20 12 17 3 3 11 10 17 10 1 15 7 1 9 7 8 20 19 8 20 5 18 14 3 15 12 5 7 14 16 12 17 14 17 0 4 19 9 17 17 14 20 20 19 4 1 3 2 9 2 7 4 1 18 16 4 7 12 1 8 19 18 6 18 5 15 17 3 6 1 6 9 8 2 17 11 17 10 5 1 10 8 15 10 12 12 18 8 5 16 16 9 5 8 0 16 8 13 16 15 0 4 5 1 20 14 6 10 6 9 17 5 3 13 20 19 1 3 14 1 14 0
798
20 17 10 16 1 3 0 5 5 13 2 10 7 3 8 5 8 8 16 3 0 13 12 6 10 3 18 9 20 7 20 9 18 15 14 20 12 6 15 1 11 19 13 12 0 13 19 5 14 16 17 11 17 11 2 13 7 3 14 13 17 13 13 13 8 15 2 17 0 7 17 11 5 14 13 9 4 9 11 6 16 12 11 13 7 1 17 1 0 17 2 20 8 13 0 0 13 15 19 9 3 17 8 3 14 15 8 11 9 20 12 3 1 7 4 19 19 19 4 18 8 17 4 2 5 13 15 4 1 5 5 3 9 7 11 16 4 2 19 1 5 0 5 14 17 16 1 6 2 11 13 19 16 3 16 10 8 13 6 6 16 8 17 7 11 10 12 4 15 12 18 17 16 1 15 7 5 1 1 18 7 3 1 13 0 11 15 18 10 6 14 2 12 5 0 16 5 16 0 1 17 14 3 12 1 12 8 7 18 19 10 10 15 14 7 2 17 19 3 15 7 2 2 20 15 1 2 6 5 8 7 7 15 1 3 18 1 4 2 16 1 10 12 18 7 8 16 7 8 11 13 14 17 7 15 7 0 6 7 4 9 1 2 20 2 11 3 18 6 9 11 12 2 8 1 2 19 8 8 12 14 20 16 6 11 6 20 8 2 11 2 16 4 1 19 15 3 20 16 2 6 18 10 9 4 11 17 14 6 16 0 9 2 7 16 8 4 2 16 13 0 1 7 2 2 1 14 5 7 6 18 10 5 16 2 19 19 8 6 11 8 3 9 0 15 14 7 3 4 10 2 15 15 16 4 1 3 14 20 8 12 0 0 4 13 6 18 3 0 17 14 0 10 13 7 14 7 7 16 15 0 9 18 14 15 14 0 9 17 5 15 18 15 18 12 18 5 20 6 14 17 3 1 9 12 5 2 7 0 0 19 6 3 13 16 19 1 14 15 11 0 10 12 14 17 15 19 2 9 1 5 4 12 16 20 5 10 15 20 7 8 18 12 11 5 19 16 15 17 3 5 11 10 2 14 20 17 20 0 10 1 2 18 10 5 11 6 14 7 11 0 18 0 13 8 4 9 9 1 4 7 16 1 20 6 0 1 14 13 10 17 19 9 5 2 4 4 19 4 1 8 7 7 7 12 17 6 10 2 18 7 8 16 16 10 13 10 4 20 3 13 7 4 6 10 2 14 12 7 6 0 6 10 10 10 13 10 4 1 11 5 12 11 9 14 20 12 17 19 17 10 1 5 3 15 14 8 10 15 19 15 16 19 0 20 3 5 8 15 6 19 10 20 19 3 17 13 19 14 17 18 15 2 6 15 20 13 10 9 3 16 3 8 9 11 20 20 19 17 14 14 4 15 12 1 4 6 4 20 2 12 17 5 19 18 14 6 19 20 20 17 3 3 11 15 12 5 15 7 11 11 7 12 12 5 11 4 0 1 10 8 10 18 12 16 10 19 12 10 6 16 7 2 1 7 9 16 3 12 5 1 6 17 3 4 10 18 15 2 6 13 7 10 9 7 10 8 14 9 7 11 3 13 16 4 13 7 17 6 1 9 16 9 3 1 9 20 9 3 5 8 16 0 2 10 16 8 12 3 20 11 0 2 8 18 1 17 20 15 7 17 0 15 7 2 10 18 20 0 6 12 2 6 5 0 15 16 7 8 18 13 18 15 10 1 19 1 3 1 6 13 2 1 16 19 14 15 18 0 8 15 0 5 8 18 14 1 8 5 9 20 14 16 20 2 7 17 14 11 15 9 13 0 12 12 2 3 17 2 16 19 7 1 9 0 7 11 1
906
33 4 100 90 190 34 116 163 61 45 127 192 101 196 189 91 19 3 76 64 10 196 36 97 41 25 73 95 39 173 187 46 128 8 179 81 142 171 39 194 175 176 128 195 194 95 156 130 48 94 72 29 20 61 171 6 190 101 26 54 82 129 21 124 158 83 177 111 41 6 196 99 23 131 136 17 152 72 28 124 187 19 155 102 180 132 95 83 28 123 91 87 128 1 115 187 62 0 162 192 143 131 77 50 187 146 49 44 200 117 82 73 32 139 186 101 106 194 132 104 40 141 147 69 108 187 101 118 180 62 120 119 7 36 87 103 65 173 50 148 32 0 140 9 10 150 41 72 174 54 122 33 9 170 167 13 112 57 28 171 45 181 182 9 27 69 83 191 71 154 54 176 12 75 156 85 196 17 166 73 121 193 200 185 193 76 116 132 166 171 146 114 85 28 68 99 13 150 73 4 200 59 30 175 11 145 174 108 109 54 12 95 121 19 137 190 171 192 193 179 178 161 62 74 198 26 66 112 157 82 79 59 108 20 193 59 36 43 181 60 140 182 93 170 159 119 35 199 127 199 114 149 49 131 12 181 45 108 136 133 66 103 35 137 90 138 174 160 72 155 178 52 35 25 101 170 167 64 48 185 83 172 114 145 141 118 178 128 191 26 152 102 66 193 156 29 142 66 152 174 65 163 85 172 91 148 47 125 160 33 29 34 31 2 137 16 83 155 93 44 175 96 149 46 187 96 107 61 51 0 156 107 176 4 160 194 119 105 86 124 82 106 17 73 190 162 14 100 98 30 151 190 151 109 150 138 141 71 142 114 74 119 191 84 161 184 10 74 162 174 47 150 122 191 131 139 50 119 83 157 140 161 28 67 158 40 185 60 129 3 55 130 20 152 90 131 200 25 80 193 63 50 18 75 148 26 150 190 93 37 83 196 103 32 59 18 114 50 191 86 34 129 173 55 163 143 30 28 199 181 33 50 123 154 177 178 191 102 59 138 15 155 174 12 131 77 88 4 200 40 150 15 34 124 199 124 134 2 27 161 83 42 14 54 38 136 195 182 189 97 38 21 29 65 80 14 164 17 147 16 119 80 153 111 67 153 154 60 173 112 86 154 21 155 53 181 63 23 27 153 25 189 44 140 44 170 14 99 123 175 164 1 93 102 64 167 92 200 166 22 89 189 131 101 82 101 169 114 174 36 178 146 177 130 153 181 25 24 92 180 163 34 97 119 55 43 106 178 7 167 128 175 199 106 67 62 132 46 70 27 46 15 180 141 56 146 174 142 153 110 32 91 191 75 111 188 155 200 154 149 182 114 113 122 135 140 78 61 103 45 157 82 95 8 67 67 15 45 63 179 40 151 65 45 66 64 160 98 7 183 167 23 141 143 146 156 31 6 23 125 142 87 110 191 130 3 178 141 42 104 106 97 179 66 183 188 81 134 18 56 181 139 28 0 29 197 11 65 49 140 34 22 171 150 129 84 39 69 118 2 35 140 41 119 67 143 12 126 95 84 139 105 36 156 58 0 44 89 4 0 110 128 44 10 151 41 84 162 174 187 150 63 182 60 25 125 128 158 29 183 196 23 22 54 38 43 8 90 114 196 102 166 178 198 153 111 32 180 0 76 50 161 129 148 194 78 145 184 133 133 44 39 93 146 39 140 124 131 126 69 150 29 109 88 50 46 70 112 154 42 40 188 114 160 144 37 191 149 70 154 101 144 200 161 66 130 79 63 73 187 73 68 11 98 113 26 16 83 57 179 19 95 175 7 159 22 60 148 62 81 0 68 5 115 93 97 8 120 98 59 31 27 31 152 189 0 190 93 141 145 46 120 109 55 2 146 119 53 58 91 167 149 82 51 49 11 184 37 77 189 118 105 56 163 79 162 118 171 19 51 182 141 107 169 48 146 2 42 112 169 100 22 124 60 148 100 24 119 177 45 8 65 166 19 123 161 95 68 104 111 105 71 6 106 61 189 88 31 77 154 54 147 127 53 1 0 115 112 95 78 140 64 9 180 183 148 125 160 61 35 91 140 157 179 101 72
911
200 200 200 200 200 200 200 200 200 200 200 200 200 200 200 200 200 200 200 200 200 200 200 200 200 200 200 200 200 200 200 200 200 200 200 200 200 200 200 200 200 200 200 200 200 200 200 200 200 200 200 200 200 200 200 200 200 200 200 200 200 200 200 200 200 200 200 200 200 200 200 200 200 200 200 200 200 200 200 200 200 200 200 200 200 200 200 200 200 200 200 200 200 200 200 200 200 200 200 200 200 200 200 200 200 200 200 200 200 200 200 200 200 200 200 200 200 200 200 200 200 200 200 200 200 200 200 200 200 200 200 200 200 200 200 200 200 200 200 200 200 200 200 200 200 200 200 200 200 200 200 200 200 200 200 200 200 200 200 200 200 200 200 200 200 200 200 200 200 200 200 200 200 200 200 200 200 200 200 200 200 200 200 200 200 200 200 200 200 200 200 200 200 200 200 200 200 200 200 200 200 200 200 200 200 200 200 200 200 200 200 200 200 200 200 200 200 200 200 200 200 200 200 200 200 200 200 200 200 200 200 200 200 200 200 200 200 200 200 200 200 200 200 200 200 200 200 200 200 200 200 200 200 200 200 200 200 200 200 200 200 200 200 200 200 200 200 200 200 200 200 200 200 200 200 200 200 200 200 200 200 200 200 200 200 200 200 200 200 200 200 200 200 200 200 200 200 200 200 200 200 200 200 200 200 200 200 200 200 200 200 200 200 200 200 200 200 200 200 200 200 200 200 200 200 200 200 200 200 200 200 200 200 200 200 200 200 200 200 200 200 200 200 200 200 200 200 200 200 200 200 200 200 200 200 200 200 200 200 200 200 200 200 200 200 200 200 200 200 200 200 200 200 200 200 200 200 200 200 200 200 200 200 200 200 200 200 200 200 200 200 200 200 200 200 200 200 200 200 200 200 200 200 200 200 200 200 200 200 200 200 200 200 200 200 200 200 200 200 200 200 200 200 200 200 200 200 200 200 200 200 200 200 200 200 200 200 200 200 200 200 200 200 200 200 200 200 200 200 200 200 200 200 200 200 200 200 200 200 200 200 200 200 200 200 200 200 200 200 200 200 200 200 200 200 200 200 200 200 200 200 200 200 200 200 200 200 200 200 200 200 200 200 200 200 200 200 200 200 200 200 200 200 200 200 200 200 200 200 200 200 200 200 200 200 200 200 200 200 200 200 200 200 200 200 200 200 200 200 200 200 200 200 200 200 200 200 200 200 200 200 200 200 200 200 200 200 200 200 200 200 200 200 200 200 200 200 200 200 200 200 200 200 200 200 200 200 200 200 200 200 200 200 200 200 200 200 200 200 200 200 200 200 200 200 200 200 200 200 200 200 200 200 200 200 200 200 200 200 200 200 200 200 200 200 200 200 200 200 200 200 200 200 200 200 200 200 200 200 200 200 200 200 200 200 200 200 200 200 200 200 200 200 200 200 200 200 200 200 200 200 200 200 200 200 200 200 200 200 200 200 200 200 200 200 200 200 200 200 200 200 200 200 200 200 200 200 200 200 200 200 200 200 200 200 200 200 200 200 200 200 200 200 200 200 200 200 200 200 200 200 200 200 200 200 200 200 200 200 200 200 200 200 200 200 200 200 200 200 200 200 200 200 200 200 200 200 200 200 200 200 200 200 200 200 200 200 200 200 200 200 200 200 200 200 200 200 200 200 200 200 200 200 200 200 200 200 200 200 200 200 200 200 200 200 200 200 200 200 200 200 200 200 200 200 200 200 200 200 200 200 200 200 200 200 200 200 200 200 200 200 200 200 200 200 200 200 200 200 200 200 200 200 200 200 200 200 200 200 200 200 200 200 200 200 200 200 200 200 200 200 200 200 200 200 200 200 200 200 200 200 200 200 200 200 200 200 200 200 200 200 200 200 200 200 200 200 200 200 200 200 200 200 200 200 200 200 200 200 200 200 200 200 200 200 200 200 200 200 200 200 200 200 200 200 200 200 200 200 200 200 200 200 200 200 200 200 200 200 200 200 200 200 200 200 200 200 200 200 200 200 200 200 200 200 200 200 200 200 200 200 200 200 200 200 200 200 200 200 200 200
954
106 174 130 34 35 107 111 165 152 89 156 186 110 104 78 38 149 130 125 91 177 104 110 102 16 93 4 196 189 20 148 188 54 48 88 135 65 120 118 172 87 3 198 126 12 32 136 198 43 10 43 99 82 165 116 107 28 38 174 102 6 174 88 37 110 46 112 173 199 14 192 173 164 145 37 54 82 133 135 67 34 47 128 136 132 38 23 16 86 62 159 160 44 102 37 86 132 148 49 72 200 176 91 115 116 10 15 67 121 102 45 172 131 167 46 138 16 145 80 155 125 103 127 9 63 88 22 36 50 97 22 46 93 127 169 6 199 92 147 42 51 58 83 89 32 93 9 46 173 60 187 196 177 200 105 110 106 193 2 124 91 97 196 16 3 91 125 98 184 158 117 22 130 175 135 20 93 57 1 196 3 111 71 156 156 16 61 36 60 1 151 27 76 95 110 6 151 96 20 141 196 112 161 171 26 166 43 83 37 153 44 141 182 77 191 88 181 179 90 59 114 24 189 43 31 92 39 184 112 1 58 42 7 136 56 145 74 193 128 44 122 178 29 91 18 89 195 182 182 18 62 18 73 0 93 184 152 147 173 74 184 138 91 46 177 115 199 108 43 184 58 120 131 137 32 34 16 64 105 110 177 24 164 197 88 66 152 7 86 199 72 90 194 189 143 199 198 163 107 65 79 145 86 62 16 24 42 25 9 151 111 104 146 72 97 143 119 140 96 152 92 126 139 61 78 54 168 102 157 117 121 25 14 88 138 150 36 25 17 73 111 25 111 168 85 176 57 57 111 138 82 28 30 119 117 14 69 158 124 114 148 66 44 170 114 38 60 101 16 13 155 29 24 74 2 145 173 132 148 66 197 46 170 134 23 162 69 189 149 144 46 2 50 112 92 32 183 76 172 145 179 129 129 192 75 131 20 181 25 182 154 183 17 49 41 194 132 9 150 200 24 93 141 183 24 139 195 163 90 132 110 31 192 85 23 132 133 23 128 30 178 127 49 23 55 87 144 150 20 134 167 102 38 42 14 161 152 191 143 162 72 112 77 154 170 53 127 50 158 141 105 20 152 24 161 133 136 161 49 193 166 181 158 61 44 90 79 37 139 132 94 44 112 113 68 80 191 102 167 122 15 57 143 169 26 186 183 5 150 174 61 9 68 119 42 174 186 145 7 93 93 48 180 168 198 40 182 51 145 97 39 54 69 122 190 105 176 64 168 175 76 78 162 97 25 101 74 47 78 53 118 97 151 78 49 108 46 96 160 15 166 109 81 70 152 82 177 161 40 125 157 194 138 26 11 158 157 94 139 185 78 162 159 170 27 195 1 137 173 20 191 165 172 43 14 178 106 82 34 161 32 83 94 129 129 146 104 156 126 6 79 153 133 156 54 70 149 94 1 40 91 13 62 93 87 76 174 83 72 155 163 0 46 183 26 152 200 180 171 97 83 195 171 81 147 191 167 127 68 94 92 71 87 94 73 145 79 171 150 125 100 162 190 55 186 192 103 13 15 165 43 141 126 159 82 87 20 53 113 145 102 169 29 98 129 155 84 180 95 14 81 49 135 6 31 178 53 161 172 66 187 105 141 143 126 71 65 27 135 89 14 96 110 44 177 62 28 108 156 110 105 10 144 1 45 163 185 173 181 119 30 178 94 177 136 30 73 147 54 5 64 119 31 200 175 198 15 199 63 104 96 128 191 138 44 141 5 27 19 143 85 21 4 40 136 119 78 118 75 74 3 12 46 111 179 166 116 44 51 97 129 30 111 104 191 139 68 31 171 126 101 190 4 28 175 123 183 35 104 175 179 22 95 192 189 148 162 88 116 61 85 177 23 190 59 121 123 21 180 143 19 20 82 117 38 152 20 30 91 116 63 40 155 128 114 97 131 70 169 152 52 14 68 162 97 153 174 193 62 41 128 20 61 24 99 119 28 10 32 121 14 191 75 121 110 197 92 70 25 163 86 137 65 78 182 102 98 151 154 52 175 169 128 161 23 169 156 32 6 107 46 105 47 77 69 199 145 72 44 198 117 197 48 145 50 175 32 120 118 13 104 154 146 20 90 60 11 10 79 163 71 148 96 77 142 141 10 143 157 17 98 177 49 49 114 99 70 186 74 17 15 42 137 4 54 67 3 73 0 198 160 127 12 196
277
0 200 115 73 92 60 111 91 54 53 99 99 82 86 91 114 58 84 60 103 105 60 115 81 105 87 57 70 118 50 92 74 81 57 84 104 91 96 88 67 101 68 84 54 66 82 92 81 56 93 80 52 72 97 113 82 56 52 51 98 116 88 95 90 94 86 87 103 58 107 64 77 60 101 73 67 59 77 62 91 56 50 60 85 51 90 98 100 63 98 85 96 80 117 112 101 56 98 120 117 119 58 76 59 60 85 66 56 96 57 77 88 58 113 56 51 94 93 98 79 83 56 80 119 111 119 81 71 105 104 73 114 105 108 119 92 66 95 100 103 116 107 97 71 55 90 68 109 82 99 104 114 75 58 118 115 86 58 109 113 111 80 52 56 95 78 84 102 62 76 79 71 115 97 57 97 113 87 85 66 78 93 70 75 63 55 97 93 109 85 54 89 84 87 118 115 71 59 78 58 98 69 65 100 96 64 110 76 55 66 120 51 66 78 72 73 119 97 87 99 94 99 78 86 57 69 102 108 119 111 97 110 66 54 81 57 81 108 83 100 97 73 71 104 59 98 118 108 95 56 75 81 64 57 117 101 119 110 95 93 83 79 95 112 84 92 67 58 98 98 86 105 117 103 66 103 200
576
6 167 2 167 2 15 6 0 0 18 3 17 9 9 20 18 175 8 179 20 2 0 15 184 11 11 13 194 0 5 185 10 16 3 2 10 17 155 1 14 9 12 10 176 16 1 15 177 11 15 5 12 20 6 161 6 17 12 15 14 19 192 17 1 182 6 164 20 17 16 13 15 12 1 171 20 2 5 3 5 4 19 18 12 12 200 20 20 10 155 17 16 10 175 8 197 2 19 7 15 6 17 182 8 1 4 200 7 159 5 1 13 191 16 11 175 17 170 8 1 7 5 0 156 14 12 8 12 8 0 16 18 11 12 14 20 199 16 14 150 9 173 167 1 4 0 2 4 4 1 6 4 13 185 13 6 17 18 173 152 20 8 19 0 17 12 5 11 8 3 197 15 17 2 0 159 2 19 11 16 20 160 2 2 1 4 18 9 157 16 12 187 0 3 13 6 8 151 6 15 1 7 19 9 6 19 4 6 166 6 20 179 15 12 17 20 0 11 8 162 1 20 16 13 3 3 16 7 198 11 19 196 16 14 10 6 13 5 0 9 8 4 3 12 3 0 184 1 2 5 1 8 13 4 196 17 14 168 4 20 198 0 162 159 3 12 3 2 186 5 9 198 16 175 15 185 157 13 172 13 19 11 7 20 18 8 1 189 4 19 17 2 7 2 4 13 9 13 6 187 1 176 14 152 10 12 1 16 6 193 15 16 13 20 18 1 0 12 0 16 7 166 19 164 19 11 3 0 14 14 17 14 14 14 13 14 8 171 11 0 14 12 185 0 18 8 5 11 172 6 11 15 0 5 19 5 172 4 16 0 181 2 159 16 20 20 1 4 18 10 193 0 188 11 14 7 17 12 14 6 7 13 17 19 157 1 19 172 6 17 165 5 1 193 12 4 3 20 169 6 13 9 6 15 17 14 3 0 20 7 183 19 18 13 167 3 185 14 6 15 20 196 11 14 1 180 4 187 9 16 2 4 184 3 20 15 4 14 4 0 167 20 2 6 11 0 7 191 174 13 2 2 163 11 6 15 13 6 17 162 16 165 189 10 189 179 13 19 189 197 18 5 12 18 17 15 187 19 14 20 192 2 14 1 12 11 169 3 2 3 8 1 15 6 3 187 181 1 11 20 18 15 20 10 153 13 193 12 18 15 11 7 9 153 6 17 170 18 14 158 18 178 179 13 5 4 11 16 14 5 5 15 19 7 198 16 14 13 17 159 7 12 6 13 183 10 195 12 14 19 4 0 17 9 192 8 193 10 13 18 9 150 0 17 178 5 20 1 169 16 161 20 10 2 12 156
628
200 200 200 200 200 200 200 200 200 200 200 200 200 200 200 200 200 200 200 200 200 200 200 200 200 200 200 200 200 200 200 200 200 200 200 200 200 200 200 200 200 200 200 200 200 200 200 200 200 200 200 200 200 200 200 200 200 200 200 200 200 200 200 200 200 200 200 200 200 200 200 200 200 200 200 200 200 200 200 200 200 200 200 200 200 200 200 200 200 200 200 200 200 200 200 200 200 200 200 200 200 200 200 200 200 200 200 200 200 200 200 200 200 200 200 200 200 200 200 200 200 200 200 200 200 200 200 200 200 200 200 200 200 200 200 200 200 200 200 200 200 200 200 200 200 200 200 200 200 200 200 200 200 200 200 200 200 200 200 200 200 200 200 200 200 200 200 200 200 200 200 200 200 200 200 200 200 200 200 200 200 200 200 200 200 200 200 200 200 200 200 200 200 200 200 200 200 200 200 200 200 200 200 200 200 200 200 200 200 200 200 200 200 200 200 200 200 200 200 200 200 200 200 200 200 200 200 200 200 200 200 200 200 200 200 200 200 200 200 200 200 200 200 200 200 200 200 200 200 200 200 200 200 200 200 200 200 200 200 200 200 200 200 200 200 200 200 200 200 200 200 200 200 200 200 200 200 200 200 200 200 200 200 200 200 200 200 200 200 200 200 200 200 200 200 200 200 200 200 200 200 200 200 200 200 200 200 200 200 200 200 200 200 200 200 200 200 200 200 200 200 200 200 200 200 200 200 200 200 200 200 200 200 200 200 200 200 200 200 200 200 200 200 200 200 200 200 200 200 200 200 200 200 200 200 200 200 200 200 200 200 200 200 200 200 200 200 200 200 200 200 200 200 200 200 200 200 200 200 200 200 200 200 200 200 200 200 200 200 200 200 200 200 200 200 200 200 200 200 200 200 200 200 200 200 200 200 200 200 200 200 200 200 200 200 200 200 200 200 200 200 200 200 200 200 200 200 200 200 200 200 200 200 200 200 200 200 200 200 200 200 200 200 200 200 200 200 200 200 200 200 200 200 200 200 200 200 200 200 200 200 200 200 200 200 200 200 200 200 200 200 200 200 200 200 200 200 200 200 200 200 200 200 200 200 200 200 200 200 200 200 200 200 200 200 200 200 200 200 200 200 200 200 200 200 200 200 200 200 200 200 200 200 200 200 200 200 200 200 200 200 200 200 200 200 200 200 200 200 200 200 200 200 200 200 200 200 200 200 200 200 200 200 200 200 200 200 200 200 200 200 200 200 200 200 200 200 200 200 200 200 200 200 200 200 200 200 200 200 200 200 200 200 200 200 200 200 200 200 200 200 200 200 200 200 200 200 200 200 200 200 200 200 200 200 200 200 200 200 200 200 200 200 200 200 200 200 200 200 200 200 200 200 200 200 200 200 200 200 200 200 200 200 200 200 200 200 200
758
0 200 84 89 84 53 78 61 102 69 91 113 108 103 89 93 97 57 115 91 98 74 59 81 65 69 109 55 108 110 99 94 92 106 58 55 51 87 94 78 119 59 70 99 50 79 89 69 61 72 59 112 69 86 64 69 96 109 103 89 58 79 86 67 68 54 58 81 87 70 115 79 66 99 110 63 105 77 63 66 70 102 53 85 95 100 53 99 75 101 61 69 110 97 62 90 71 66 72 98 106 97 86 119 64 50 110 95 106 87 97 70 103 76 79 118 118 73 93 118 105 102 98 83 66 67 110 64 90 64 68 70 66 54 80 113 95 68 77 96 117 64 74 91 98 53 116 95 119 63 82 119 72 62 64 117 68 101 65 105 119 112 59 96 111 92 76 59 81 58 105 80 93 87 76 76 68 90 115 102 50 85 56 113 51 73 109 61 103 60 77 79 78 74 118 71 68 80 114 66 93 87 69 89 71 61 105 85 96 55 72 56 86 77 61 57 108 107 77 88 73 87 63 62 89 53 58 100 55 71 95 97 59 59 76 96 53 90 95 93 60 119 64 73 94 69 116 102 64 92 64 52 82 116 119 72 60 80 91 81 58 112 70 66 58 91 90 62 114 113 67 106 119 83 120 54 75 72 117 53 83 81 95 101 116 115 85 93 56 105 79 116 59 71 98 115 118 101 93 51 70 105 50 70 51 96 54 120 67 119 120 64 106 86 64 82 94 84 114 112 66 77 77 101 96 61 118 106 94 108 87 110 72 72 86 120 76 77 94 97 103 56 70 71 71 83 99 72 54 110 87 91 110 90 119 53 73 118 97 67 70 91 66 100 61 109 67 108 107 71 104 116 61 105 63 108 65 99 106 80 119 104 101 81 120 104 71 65 95 74 111 97 75 81 100 67 103 92 101 116 79 51 83 59 119 80 75 104 90 92 51 53 113 57 91 98 64 75 118 97 102 65 111 51 57 76 105 59 77 92 77 102 59 56 91 87 87 91 112 109 75 72 111 84 71 111 69 117 95 112 85 79 89 99 79 108 117 79 114 110 118 105 62 116 111 73 81 78 69 80 61 52 55 116 54 75 75 80 51 90 82 119 105 93 99 77 75 108 92 90 100 89 111 106 94 51 110 91 107 61 103 118 83 67 105 99 89 73 52 80 52 65 51 108 77 61 75 99 60 103 76 115 74 72 97 58 105 120 116 100 110 101 111 98 112 66 98 107 67 72 106 68 89 113 75 56 110 103 105 91 111 107 101 120 95 74 75 120 100 90 103 114 100 83 81 76 74 65 120 117 90 77 87 88 53 98 116 86 80 56 116 75 90 67 120 103 63 113 108 104 97 118 105 116 107 68 109 86 88 89 94 86 58 68 85 63 78 57 81 71 53 104 98 105 67 114 79 101 112 80 107 105 57 74 55 60 103 94 110 96 118 106 54 93 115 117 89 92 77 73 70 51 60 81 86 56 78 71 81 120 69 59 66 107 77 94 65 82 101 103 55 94 93 67 88 105 119 108 79 97 62 52 81 52 67 85 105 54 120 79 85 56 105 83 62 77 83 91 58 97 109 105 120 97 102 102 110 90 68 94 102 87 58 81 64 52 104 70 88 57 115 83 111 104 89 61 71 106 119 85 118 96 64 83 87 82 85 86 90 101 118 71 118 96 59 118 106 64 63 92 71 80 52 54 95 108 97 114 112 120 116 106 84 92 114 72 59 200
713
5 7 13 20 4 5 8 7 18 15 2 11 0 9 9 3 18 14 16 18 14 11 6 2 4 10 12 18 10 1 8 14 5 8 10 16 14 18 5 11 6 6 8 13 4 9 8 15 5 19 18 6 3 18 1 11 15 0 0 9 0 5 9 4 20 1 19 11 6 16 16 11 13 8 7 14 12 1 19 5 7 17 9 4 19 5 7 5 0 17 0 4 17 8 2 18 9 19 15 8 2 19 7 14 12 1 14 10 6 13 6 14 3 2 3 17 7 12 15 1 14 12 20 18 16 8 10 12 7 8 18 8 9 14 17 18 3 2 3 19 13 9 16 16 15 18 7 16 19 18 12 17 15 9 11 19 1 20 11 1 3 19 8 4 15 19 8 13 1 8 17 9 3 14 20 4 11 12 14 4 5 0 17 8 11 19 7 8 17 13 4 3 14 18 14 16 12 7 5 5 19 10 6 6 1 6 5 4 4 3 16 16 11 10 13 2 10 12 11 1 17 12 9 16 12 9 15 14 20 14 9 7 0 6 1 8 16 15 18 16 3 4 14 13 15 3 12 0 9 18 1 14 11 5 7 14 3 0 10 12 3 3 1 6 3 12 1 9 15 16 7 1 3 9 10 7 6 6 16 1 1 18 13 2 8 16 6 19 3 7 11 11 9 6 9 19 2 10 7 8 13 4 4 6 17 8 7 19 11 12 11 5 3 12 12 1 6 3 4 6 0 17 12 15 13 18 10 6 12 19 3 19 19 2 0 6 7 4 11 15 12 11 8 9 10 6 14 12 5 2 5 14 9 4 19 14 17 5 6 0 14 2 1 6 7 1 18 3 16 6 1 6 1 1 12 19 0 12 8 11 11 5 0 17 17 11 15 11 11 13 2 1 17 2 6 16 0 9 20 9 16 13 3 13 12 20 13 14 8 7 11 17 9 10 7 4 2 16 15 1 5 8 16 16 14 16 2 3 11 10 16 3 6 19 7 9 8 6 16 0 11 10 20 1 6 0 0 15 10 11 3 13 3 4 18 15 15 9 18 17 13 18 11 20 7 14 16 10 5 18 11 16 11 2 2 0 12 19 16 10 14 0 11 2 0 8 16 6 2 16 1 0 4 19 17 20 3 12 2 13 3 18 9 11 9 19 10 11 10 14 12 9 19 9 19 17 0 16 9 19 16 13 9 2 5 1 8 15 4 13 1 0 2 13 0 2 0 10 1 14 8 18 10 7 8 6 5 8 12 9 5 20 9 11 1 15 1 19 5 13 15 1 10 5 11 12 11 16 11 0 20 20 20 20 1 4 4 11 2 10 18 8 19 6 6 14 17 2 6 12 18 4 2 20 4 19 11 4 8 20 7 18 6 13 6 5 9 18 19 19 3 11 3 3 12 12 5 2 10 9 16 19 13 9 4 2 3 18 14 4 5 8 1 8 1 9 12 19 2 7 19 13 14 3 14 4 10 2 8 4 11 0 16 3 20 3 18 9 12 20 18 5 1 18 7 7 9 19 6 20 17 15 16 2 10 15 11 9 1 1 18 0 10 14 0 11 16 13 13 5 18 5 17 4 12 15 6 10 10 17 5 15 2 14 7 15 11 18 1 14 2 18 2
360
200 200 200 200 200 200 200 200 200 200 200 200 200 200 200 200 200 200 200 200 200 200 200 200 200 200 200 200 200 200 200 200 200 200 200 200 200 200 200 200 200 200 200 200 200 200 200 200 200 200 200 200 200 200 200 200 200 200 200 200 200 200 200 200 200 200 200 200 200 200 200 200 200 200 200 200 200 200 200 200 200 200 200 200 200 200 200 200 200 200 200 200 200 200 200 200 200 200 200 200 200 200 200 200 200 200 200 200 200 200 200 200 200 200 200 200 200 200 200 200 200 200 200 200 200 200 200 200 200 200 200 200 200 200 200 200 200 200 200 200 200 200 200 200 200 200 200 200 200 200 200 200 200 200 200 200 200 200 200 200 200 200 200 200 200 200 200 200 200 200 200 200 200 200 200 200 200 200 200 200 200 200 200 200 200 200 200 200 200 200 200 200 200 200 200 200 200 200 200 200 200 200 200 200 200 200 200 200 200 200 200 200 200 200 200 200 200 200 200 200 200 200 200 200 200 200 200 200 200 200 200 200 200 200 200 200 200 200 200 200 200 200 200 200 200 200 200 200 200 200 200 200 200 200 200 200 200 200 200 200 200 200 200 200 200 200 200 200 200 200 200 200 200 200 200 200 200 200 200 200 200 200 200 200 200 200 200 200 200 200 200 200 200 200 200 200 200 200 200 200 200 200 200 200 200 200 200 200 200 200 200 200 200 200 200 200 200 200 200 200 200 200 200 200 200 200 200 200 200 200 200 200 200 200 200 200 200 200 200 200 200 200 200 200 200 200 200 200 200 200 200 200 200 200 200 200 200 200 200 200
261
0 0 0 0 0 0 0 0 0 0 0 0 0 0 0 0 0 0 0 0 0 0 0 0 0 0 0 0 0 0 0 0 0 0 0 0 0 0 0 0 0 0 0 0 0 0 0 0 0 0 0 0 0 0 0 0 0 0 0 0 0 0 0 0 0 0 0 0 0 0 0 0 0 0 0 0 0 0 0 0 0 0 0 0 0 0 0 0 0 0 0 0 0 0 0 0 0 0 0 0 0 0 0 0 0 0 0 0 0 0 0 0 0 0 0 0 0 0 0 0 0 0 0 0 0 0 0 0 0 0 0 0 0 0 0 0 0 0 0 0 0 0 0 0 0 0 0 0 0 0 0 0 0 0 0 0 0 0 0 0 0 0 0 0 0 0 0 0 0 0 0 0 0 0 0 0 0 0 0 0 0 0 0 0 0 0 0 0 0 0 0 0 0 0 0 0 0 0 0 0 0 0 0 0 0 0 0 0 0 0 0 0 0 0 0 0 0 0 0 0 0 0 0 0 0 0 0 0 0 0 0 0 0 0 0 0 0 0 0 0 0 0 0 0 0 0 0 0 0 0 0 0 0 0 0 0 0 0 0 0 0
343
0 0 0 0 0 0 0 0 0 0 0 0 0 0 0 0 0 0 0 0 0 0 0 0 0 0 0 0 0 0 0 0 0 0 0 0 0 0 0 0 0 0 0 0 0 0 0 0 0 0 0 0 0 0 0 0 0 0 0 0 0 0 0 0 0 0 0 0 0 0 0 0 0 0 0 0 0 0 0 0 0 0 0 0 0 0 0 0 0 0 0 0 0 0 0 0 0 0 0 0 0 0 0 0 0 0 0 0 0 0 0 0 0 0 0 0 0 0 0 0 0 0 0 0 0 0 0 0 0 0 0 0 0 0 0 0 0 0 0 0 0 0 0 0 0 0 0 0 0 0 0 0 0 0 0 0 0 0 0 0 0 0 0 0 0 0 0 0 0 0 0 0 0 0 0 0 0 0 0 0 0 0 0 0 0 0 0 0 0 0 0 0 0 0 0 0 0 0 0 0 0 0 0 0 0 0 0 0 0 0 0 0 0 0 0 0 0 0 0 0 0 0 0 0 0 0 0 0 0 0 0 0 0 0 0 0 0 0 0 0 0 0 0 0 0 0 0 0 0 0 0 0 0 0 0 0 0 0 0 0 0 0 0 0 0 0 0 0 0 0 0 0 0 0 0 0 0 0 0 0 0 0 0 0 0 0 0 0 0 0 0 0 0 0 0 0 0 0 0 0 0 0 0 0 0 0 0 0 0 0 0 0 0 0 0 0 0 0 0 0 0 0 0 0 0 0 0 0 0 0 0 0 0 0 0 0 0 0 0 0 0 0 0
830
1 113 113 1 1 113 113 1 113 113 113 113 1 1 113 113 113 113 113 1 1 113 113 113 113 1 113 113 113 1 113 113 1 1 1 1 113 113 113 113 113 113 113 1 113 113 113 1 113 1 1 113 1 1 1 113 1 1 113 113 113 1 1 1 113 1 113 113 1 1 113 1 113 113 1 1 113 1 1 113 1 113 1 113 113 1 1 1 1 1 113 1 1 113 1 113 1 1 113 1 1 113 113 113 113 113 113 113 113 1 1 113 113 113 1 113 1 113 1 113 113 1 1 1 113 113 113 113 113 1 1 1 1 1 1 113 113 1 1 113 1 1 1 113 1 1 113 113 113 113 113 113 1 1 1 1 113 1 1 113 1 113 1 1 1 1 1 113 1 1 1 1 113 113 113 1 1 1 113 1 113 1 113 113 1 113 113 113 113 113 1 113 113 113 113 1 113 113 1 113 1 1 1 1 1 1 113 113 1 113 113 1 113 113 113 113 1 1 1 1 1 1 1 1 1 113 1 113 113 1 1 113 1 113 113 1 113 113 1 113 113 113 113 1 1 113 113 1 1 113 113 113 113 113 1 1 1 1 1 1 113 113 113 113 1 113 1 113 113 113 113 1 113 113 113 113 1 1 1 1 113 1 1 113 113 1 1 1 1 1 113 113 1 1 113 1 113 1 1 113 1 1 113 113 1 113 1 113 113 1 113 1 1 1 1 113 113 113 1 113 113 113 1 1 1 113 113 1 1 1 113 1 113 113 1 113 113 1 113 1 113 1 1 113 1 1 1 113 113 1 113 113 113 113 113 1 1 1 113 113 113 113 113 113 1 1 113 113 113 113 113 1 113 113 113 113 1 1 113 1 113 113 113 1 113 1 1 1 1 1 113 113 1 113 1 1 1 113 1 113 113 1 113 113 1 113 113 113 113 1 1 113 1 1 1 1 113 113 113 1 113 1 113 113 113 113 113 113 1 1 113 113 1 113 113 113 1 1 1 1 113 1 113 1 113 1 1 113 113 1 113 113 113 113 1 1 113 113 113 1 113 113 1 1 113 1 1 113 113 1 1 113 113 113 113 113 113 1 113 113 1 1 1 113 113 113 113 113 1 113 113 1 113 113 1 1 113 1 113 1 113 1 1 1 113 113 113 1 1 113 113 1 113 113 113 113 1 113 1 1 113 113 1 1 1 1 113 1 113 113 1 1 1 113 113 1 1 1 113 1 113 1 1 1 1 1 1 1 1 1 1 113 113 113 1 113 1 113 113 1 1 113 1 113 113 113 113 1 1 113 1 1 113 1 1 113 113 1 1 1 1 1 113 1 113 113 113 113 1 113 1 113 113 1 1 113 113 1 1 113 1 113 1 1 1 113 113 113 113 113 113 1 1 113 1 1 113 1 113 1 1 113 113 113 1 1 113 113 113 1 113 113 1 113 1 1 113 1 1 1 1 1 113 113 113 113 1 113 1 1 113 1 1 113 113 1 1 1 1 1 113 1 113 113 1 113 1 1 113 1 1 1 1 113 1 1 1 1 113 113 1 1 113 1 1 113 1 1 1 113 1 113 1 113 1 113 113 1 1 1 113 1 113 1 1 113 113 113 1 113 1 1 1 1 113 113 1 1 113 113 113 1 1 113 1 1 113 1 113 113 113 113 113 1 113 1 113 1 113 113 1 1 113 113 113 1 1 1 113 113 1 1 1 113 1 1 1 1 1 1 113 1 113 113 1 1 1 1 113 113 1 1 1 113 113 1 113 113 1 113 113 113 1 113 113 1 1 113 113 1 1 1 1 1 1 113 113 1 1 1 113 113 113 1 1 113 113 113 1 1 113 113 113 1 1 113 1 113 1 1 113 113 1 1 1 113 1 1 113 113
14
200 200 200 200 200 200 200 200 200 200 200 200 200 200
985
165 165 130 134 130 105 130 165 134 134 105 77 77 105 105 77 77 130 134 130 130 165 134 130 105 77 130 77 77 130 134 165 105 105 130 105 77 134 130 130 165 130 134 105 130 77 105 77 77 105 105 134 165 130 105 105 130 130 105 77 77 105 130 130 134 134 77 134 134 77 134 77 165 105 130 77 130 105 130 165 105 105 77 165 134 165 165 130 130 77 134 130 105 77 105 165 130 77 77 130 165 77 130 165 130 134 77 77 77 130 165 130 77 134 165 130 165 165 165 130 165 77 165 77 134 130 130 105 77 165 77 165 165 165 130 134 105 105 130 77 165 165 105 105 134 134 130 77 134 134 130 105 134 77 105 77 105 134 105 130 77 165 105 105 134 130 77 134 165 77 134 165 134 105 105 130 130 77 165 165 105 130 165 134 165 77 77 77 165 165 105 77 134 130 105 77 77 130 130 165 134 134 165 165 77 130 134 105 130 105 130 105 105 130 105 130 77 134 134 77 165 130 165 105 130 77 105 77 77 105 77 130 130 77 130 77 130 77 77 77 130 130 130 165 165 105 105 165 105 77 77 165 77 77 105 134 105 130 134 165 134 130 77 130 134 134 134 77 165 165 165 165 105 77 165 105 165 134 77 105 105 134 165 77 105 105 105 165 77 134 165 130 77 134 130 105 165 77 165 77 165 130 134 105 165 165 105 134 130 105 105 130 165 105 105 165 105 77 77 134 77 165 77 130 105 130 130 105 105 77 130 130 134 77 165 77 165 77 130 130 134 130 77 134 165 105 77 77 130 77 77 130 130 165 165 134 165 130 130 130 165 130 105 105 105 165 130 134 77 105 165 77 130 77 134 130 130 134 130 105 130 134 130 134 105 130 165 77 77 130 105 130 134 105 77 105 130 130 165 105 105 130 165 130 105 130 77 165 134 165 130 77 134 77 105 165 165 130 105 105 105 77 165 165 105 105 130 130 134 77 77 130 77 134 134 77 77 165 134 165 105 130 130 77 105 134 130 105 165 165 134 77 130 130 130 165 105 77 130 77 77 165 134 130 134 77 134 134 130 134 165 105 165 105 134 105 105 134 77 165 165 77 77 77 105 130 130 105 105 165 134 134 77 130 130 105 165 130 134 134 77 105 77 130 77 134 130 134 165 77 134 77 134 130 130 165 130 130 105 105 77 130 130 134 77 77 77 105 165 134 134 105 77 134 165 165 105 77 105 165 77 105 165 165 105 165 165 130 165 165 165 134 77 105 134 130 105 130 165 134 134 130 77 77 134 77 134 77 134 77 105 130 130 134 134 130 105 165 130 77 165 105 134 105 105 77 130 165 134 130 77 134 134 134 134 130 105 130 130 77 105 134 130 134 130 77 134 130 130 105 165 105 134 130 77 134 130 165 165 105 105 165 77 130 134 77 105 165 165 77 105 77 105 134 165 77 105 130 105 130 105 130 130 105 77 105 77 165 77 165 165 130 130 105 165 134 134 77 165 165 134 165 134 165 134 77 105 130 105 165 134 134 134 105 134 130 105 105 130 105 130 165 77 165 130 105 105 130 165 130 105 130 77 130 105 77 77 105 105 77 130 130 105 130 105 165 105 130 130 105 130 134 105 105 130 134 105 165 77 105 77 134 134 105 77 165 134 165 77 134 165 134 134 130 165 165 77 134 130 77 134 77 134 165 165 77 165 130 134 130 165 130 130 77 130 130 165 77 130 105 105 165 77 130 130 77 105 134 130 105 130 134 77 165 105 105 105 77 77 105 165 105 105 105 134 134 165 165 134 77 134 165 134 134 77 77 105 130 165 130 105 130 77 134 165 134 105 165 134 130 134 77 130 105 134 134 165 105 165 77 105 105 105 134 134 165 105 134 130 105 134 105 134 105 130 130 165 134 134 165 134 130 105 165 130 105 134 165 134 105 165 77 130 105 165 105 130 130 105 77 130 130 165 165 134 130 134 130 77 77 105 130 105 105 130 105 134 134 77 165 165 77 134 165 130 130 105 130 105 134 105 165 130 165 165 77 105 134 105 77 77 77 105 130 165 134 134 165 165 130 105 165 134 105 134 165 77 130 105 77 165 130 77 105 165 134 134 77 134 105 77 165 134 130 165 105 77 105 130 130 165 134 134 130 130 165 165 77 165 77 130 165 77 165 134 77 105 77 165 105 77 130 130 105 165 165 77 130 105 77 130 165 77 165 105 165 77 134 130 165 134 130 134 165 130
412
105 103 9 105 183 58 9 9 58 103 183 183 103 105 58 183 9 58 9 183 103 105 103 9 183 183 58 183 103 105 103 103 105 9 58 183 58 183 183 9 58 9 58 9 105 183 9 58 105 58 9 9 183 183 105 105 58 105 58 9 9 103 9 103 183 58 9 58 105 183 105 183 105 9 103 9 103 103 183 9 58 183 103 103 183 183 9 183 183 103 103 58 105 105 103 58 9 9 183 183 183 103 9 103 105 58 105 183 9 105 103 9 103 103 9 58 58 58 183 183 58 58 105 9 9 183 9 103 58 103 103 103 58 183 58 105 9 9 105 105 9 183 105 183 105 103 183 105 58 183 103 58 9 9 183 183 105 9 103 105 105 105 9 58 105 9 58 103 105 58 58 9 183 103 103 105 105 105 103 103 105 58 9 183 183 183 105 9 103 105 103 9 105 58 58 9 9 105 58 9 105 183 9 183 103 183 58 183 105 183 103 103 103 183 183 103 105 9 183 183 183 58 9 105 58 105 9 9 58 105 103 103 105 105 105 58 9 105 9 183 105 9 58 58 105 9 105 58 103 9 105 103 58 103 183 105 103 183 105 58 103 103 58 58 9 58 105 103 183 183 105 183 183 105 9 9 103 103 9 103 105 103 9 58 105 105 9 105 183 58 103 103 58 9 58 183 9 105 103 105 103 105 9 58 183 103 103 105 58 58 9 9 103 103 103 9 103 103 183 58 103 183 103 9 103 183 9 9 183 183 58 9 103 105 105 105 58 183 9 183 9 58 9 105 9 58 9 58 9 103 58 183 103 183 105 103 9 58 183 183 58 105 58 103 9 103 58 183 9 183 183 183 183 183 58 9 58 58 183 58 58 58 103 103 58 9 183 58 103 105 103 103 9 105 103 183 58 58 105 105 9 9 9 105 9 103 103 183 58 183 105 103
724
0 200 63 67 78 52 67 109 66 102 104 83 87 71 113 106 119 102 52 108 89 61 79 113 60 68 86 105 83 112 120 81 119 107 66 100 107 89 79 53 90 62 58 90 88 50 91 68 92 50 67 92 105 60 53 100 70 54 105 102 80 51 74 117 96 52 79 79 95 93 112 109 80 99 80 118 90 89 68 88 114 87 69 101 59 73 57 57 59 110 111 82 119 87 93 114 95 118 85 112 63 79 91 91 85 89 103 55 50 61 116 104 111 74 109 55 59 63 113 53 97 73 118 90 78 81 79 116 86 79 94 89 71 112 58 86 87 85 71 86 72 74 52 108 50 65 120 80 72 97 89 89 115 51 116 120 52 72 113 61 85 101 60 101 114 90 94 67 79 95 94 68 87 100 75 112 55 117 82 66 87 66 104 53 120 116 113 61 52 61 72 55 77 83 82 66 64 78 99 83 74 71 93 88 103 113 84 100 93 118 93 72 51 53 116 60 76 67 100 117 92 72 52 86 92 61 88 89 91 94 74 85 64 70 69 77 88 77 61 113 56 102 58 108 116 99 87 93 114 100 108 82 70 89 77 56 110 61 114 120 103 50 78 69 59 67 52 93 99 117 79 52 80 75 119 89 107 53 103 104 65 78 97 103 53 98 88 56 110 114 82 62 89 94 110 105 120 69 68 75 56 54 100 87 62 68 68 63 57 66 113 108 96 83 54 63 116 62 105 90 73 90 68 89 100 63 77 113 103 60 117 93 72 88 115 77 65 79 63 106 112 117 78 76 100 85 99 115 77 96 72 116 75 73 74 80 112 51 99 78 115 61 59 81 96 97 80 67 54 66 74 94 60 72 51 112 66 50 93 58 98 95 95 106 78 57 83 93 96 65 78 73 68 99 64 79 76 76 102 108 57 63 109 81 120 120 120 112 111 117 82 89 104 93 50 96 55 102 73 112 118 68 107 62 90 87 76 113 101 97 90 74 102 77 90 116 74 81 113 96 114 88 52 55 89 59 85 103 76 56 119 71 102 75 51 102 89 95 80 99 71 64 86 54 102 54 109 95 102 88 86 62 119 67 102 85 114 105 53 91 75 110 85 71 77 104 58 101 86 88 56 97 115 102 117 70 66 55 114 81 88 85 65 97 54 68 52 54 99 79 118 65 87 77 100 114 65 83 70 70 84 66 81 89 100 92 69 84 74 75 93 85 79 77 81 57 68 101 102 81 109 82 96 105 111 108 71 102 55 105 72 67 105 73 60 118 57 59 73 99 64 53 55 86 74 105 54 55 116 61 71 77 57 50 60 112 102 99 99 88 95 86 80 62 58 90 110 73 67 98 111 65 97 70 62 63 72 86 113 102 89 120 75 93 84 107 92 58 67 118 63 81 113 103 54 82 69 97 69 79 66 64 86 87 87 92 83 92 120 101 61 96 100 91 98 119 88 69 109 97 72 103 100 98 61 62 53 92 110 96 71 78 101 104 80 81 88 60 75 109 103 110 96 50 112 79 116 116 73 86 113 93 82 55 58 91 75 115 91 70 59 97 106 93 64 69 91 62 91 61 53 69 62 63 78 86 60 77 92 78 78 65 81 83 87 120 80 114 115 57 103 85 116 62 59 98 77 103 107 107 91 112 78 200
664
0 0 0 0 0 0 0 0 0 0 0 0 0 0 0 0 0 0 0 0 0 0 0 0 0 0 0 0 0 0 0 0 0 0 0 0 0 0 0 0 0 0 0 0 0 0 0 0 0 0 0 0 0 0 0 0 0 0 0 0 0 0 0 0 0 0 0 0 0 0 0 0 0 0 0 0 0 0 0 0 0 0 0 0 0 0 0 0 0 0 0 0 0 0 0 0 0 0 0 0 0 0 0 0 0 0 0 0 0 0 0 0 0 0 0 0 0 0 0 0 0 0 0 0 0 0 0 0 0 0 0 0 0 0 0 0 0 0 0 0 0 0 0 0 0 0 0 0 0 0 0 0 0 0 0 0 0 0 0 0 0 0 0 0 0 0 0 0 0 0 0 0 0 0 0 0 0 0 0 0 0 0 0 0 0 0 0 0 0 0 0 0 0 0 0 0 0 0 0 0 0 0 0 0 0 0 0 0 0 0 0 0 0 0 0 0 0 0 0 0 0 0 0 0 0 0 0 0 0 0 0 0 0 0 0 0 0 0 0 0 0 0 0 0 0 0 0 0 0 0 0 0 0 0 0 0 0 0 0 0 0 0 0 0 0 0 0 0 0 0 0 0 0 0 0 0 0 0 0 0 0 0 0 0 0 0 0 0 0 0 0 0 0 0 0 0 0 0 0 0 0 0 0 0 0 0 0 0 0 0 0 0 0 0 0 0 0 0 0 0 0 0 0 0 0 0 0 0 0 0 0 0 0 0 0 0 0 0 0 0 0 0 0 0 0 0 0 0 0 0 0 0 0 0 0 0 0 0 0 0 0 0 0 0 0 0 0 0 0 0 0 0 0 0 0 0 0 0 0 0 0 0 0 0 0 0 0 0 0 0 0 0 0 0 0 0 0 0 0 0 0 0 0 0 0 0 0 0 0 0 0 0 0 0 0 0 0 0 0 0 0 0 0 0 0 0 0 0 0 0 0 0 0 0 0 0 0 0 0 0 0 0 0 0 0 0 0 0 0 0 0 0 0 0 0 0 0 0 0 0 0 0 0 0 0 0 0 0 0 0 0 0 0 0 0 0 0 0 0 0 0 0 0 0 0 0 0 0 0 0 0 0 0 0 0 0 0 0 0 0 0 0 0 0 0 0 0 0 0 0 0 0 0 0 0 0 0 0 0 0 0 0 0 0 0 0 0 0 0 0 0 0 0 0 0 0 0 0 0 0 0 0 0 0 0 0 0 0 0 0 0 0 0 0 0 0 0 0 0 0 0 0 0 0 0 0 0 0 0 0 0 0 0 0 0 0 0 0 0 0 0 0 0 0 0 0 0 0 0 0 0 0 0 0 0 0 0 0 0 0 0 0 0 0 0 0 0 0 0 0 0 0 0 0 0 0 0 0 0 0 0 0 0 0 0 0 0 0 0 0 0 0 0 0 0 0 0 0 0 0 0 0 0 0 0 0 0 0 0 0 0 0 0 0 0 0 0 0 0 0 0 0 0 0
194
99 166 157 200 104 93 98 121 55 25 180 121 199 182 125 169 36 89 125 113 186 1 16 152 26 172 149 169 26 36 173 134 146 160 109 116 190 131 108 173 195 24 198 101 1 122 99 46 106 104 13 113 117 22 7 172 41 22 196 146 188 174 47 38 191 26 175 119 180 164 187 96 3 181 195 153 163 109 117 135 63 0 191 165 129 151 4 154 23 197 199 102 146 11 138 17 39 129 176 187 86 150 128 31 4 38 55 95 116 100 144 151 124 61 160 200 64 113 59 78 140 1 111 197 98 75 88 135 117 9 143 57 198 77 91 194 103 27 11 128 57 78 183 87 95 166 32 71 53 28 178 62 97 137 37 62 187 101 137 51 149 149 170 10 9 57 123 82 9 16 93 148 106 12 183 81 73 144 197 81 173 56 172 187 189 108 4 159 105 184 15 109 140 151
389
200 200 200 200 200 200 200 200 200 200 200 200 200 200 200 200 200 200 200 200 200 200 200 200 200 200 200 200 200 200 200 200 200 200 200 200 200 200 200 200 200 200 200 200 200 200 200 200 200 200 200 200 200 200 200 200 200 200 200 200 200 200 200 200 200 200 200 200 200 200 200 200 200 200 200 200 200 200 200 200 200 200 200 200 200 200 200 200 200 200 200 200 200 200 200 200 200 200 200 200 200 200 200 200 200 200 200 200 200 200 200 200 200 200 200 200 200 200 200 200 200 200 200 200 200 200 200 200 200 200 200 200 200 200 200 200 200 200 200 200 200 200 200 200 200 200 200 200 200 200 200 200 200 200 200 200 200 200 200 200 200 200 200 200 200 200 200 200 200 200 200 200 200 200 200 200 200 200 200 200 200 200 200 200 200 200 200 200 200 200 200 200 200 200 200 200 200 200 200 200 200 200 200 200 200 200 200 200 200 200 200 200 200 200 200 200 200 200 200 200 200 200 200 200 200 200 200 200 200 200 200 200 200 200 200 200 200 200 200 200 200 200 200 200 200 200 200 200 200 200 200 200 200 200 200 200 200 200 200 200 200 200 200 200 200 200 200 200 200 200 200 200 200 200 200 200 200 200 200 200 200 200 200 200 200 200 200 200 200 200 200 200 200 200 200 200 200 200 200 200 200 200 200 200 200 200 200 200 200 200 200 200 200 200 200 200 200 200 200 200 200 200 200 200 200 200 200 200 200 200 200 200 200 200 200 200 200 200 200 200 200 200 200 200 200 200 200 200 200 200 200 200 200 200 200 200 200 200 200 200 200 200 200 200 200 200 200 200 200 200 200 200 200 200 200 200 200 200 200 200 200 200 200 200 200 200 200 200 200
41
84 56 27 27 56 27 44 84 56 84 138 138 27 56 138 56 56 27 44 138 84 44 138 138 84 56 56 44 138 44 84 56 44 44 138 27 56 84 56 84 138
574
0 200 58 110 94 89 88 54 107 103 66 64 63 68 87 117 61 102 119 100 54 82 107 118 91 116 59 109 102 103 99 69 96 68 91 93 95 97 80 90 51 73 90 91 64 55 97 67 57 53 53 115 60 113 50 115 51 101 85 94 97 117 91 99 113 69 81 65 77 68 64 94 58 74 65 118 118 77 113 56 74 51 94 71 119 98 94 77 71 89 71 96 101 77 100 108 87 82 72 62 51 115 99 114 75 78 66 79 61 97 104 82 96 75 72 87 73 112 117 81 67 85 75 104 66 66 102 101 106 89 110 81 87 56 55 73 103 82 88 116 53 95 84 64 107 81 58 103 68 105 88 95 50 111 64 68 107 76 110 75 112 92 108 113 69 74 82 72 74 99 60 93 68 108 51 114 89 63 60 117 51 105 92 91 64 107 97 80 102 108 107 99 80 117 109 81 62 71 56 50 98 91 68 117 88 70 118 72 95 93 50 50 117 120 67 111 59 52 109 71 95 111 97 51 83 110 116 55 115 72 94 55 54 95 120 56 107 114 55 90 98 58 81 94 89 118 79 82 118 95 56 51 57 75 77 84 113 95 61 65 78 69 64 56 114 103 69 98 62 50 55 54 99 119 78 62 68 102 53 116 98 90 101 114 74 67 117 73 102 120 97 86 110 90 96 110 96 83 105 86 87 85 81 65 88 53 66 71 98 65 108 71 101 99 115 63 81 84 114 117 60 119 65 100 51 60 52 93 55 86 110 53 89 119 111 71 67 97 111 91 58 91 60 79 64 82 66 66 94 119 109 59 92 105 108 55 80 82 104 99 64 85 117 112 73 85 83 86 82 119 107 74 104 118 102 76 58 76 118 68 50 94 88 61 97 90 102 101 69 107 115 93 82 79 118 113 101 51 72 118 68 85 74 55 104 98 64 97 106 78 70 84 80 72 79 60 89 75 79 75 104 105 78 106 69 51 95 94 86 106 104 97 55 94 61 101 93 83 75 116 88 67 63 95 111 73 101 76 93 98 78 68 87 59 64 53 92 63 101 114 65 88 101 85 67 99 55 102 116 104 95 119 77 69 83 50 112 57 78 120 98 114 117 93 91 94 107 99 77 81 108 94 97 114 65 103 55 56 94 52 55 95 107 84 97 88 51 78 93 100 87 60 118 118 51 57 86 105 117 86 104 50 73 108 62 102 113 113 92 100 51 86 69 92 119 104 58 79 66 57 85 74 103 63 101 63 69 94 88 91 50 86 78 79 65 97 109 81 64 88 74 76 114 64 61 62 105 68 76 51 69 95 77 200
190
12 192 11 11 10 20 180 7 13 10 0 17 8 16 4 12 15 2 0 16 10 8 18 18 8 9 2 2 12 13 165 6 156 19 11 6 154 14 5 160 20 3 155 17 1 20 171 18 7 10 188 17 191 18 17 198 14 16 170 2 16 9 3 3 18 15 5 14 6 3 0 0 0 10 199 6 12 19 194 15 4 0 19 17 197 1 10 8 178 19 9 4 10 0 152 19 18 12 20 11 7 0 155 16 15 150 16 12 1 6 161 1 174 168 13 1 9 14 194 20 14 19 196 14 12 11 154 19 20 176 164 191 0 8 161 9 6 153 20 156 18 18 186 11 181 176 20 11 184 8 10 18 187 2 11 13 13 20 1 192 18 8 9 6 18 5 15 16 6 19 2 5 156 2 14 19 4 179 179 192 13 17 16 13 16 15 2 11 3 176
711
0 0 0 0 0 0 0 0 0 0 0 0 0 0 0 0 0 0 0 0 0 0 0 0 0 0 0 0 0 0 0 0 0 0 0 0 0 0 0 0 0 0 0 0 0 0 0 0 0 0 0 0 0 0 0 0 0 0 0 0 0 0 0 0 0 0 0 0 0 0 0 0 0 0 0 0 0 0 0 0 0 0 0 0 0 0 0 0 0 0 0 0 0 0 0 0 0 0 0 0 0 0 0 0 0 0 0 0 0 0 0 0 0 0 0 0 0 0 0 0 0 0 0 0 0 0 0 0 0 0 0 0 0 0 0 0 0 0 0 0 0 0 0 0 0 0 0 0 0 0 0 0 0 0 0 0 0 0 0 0 0 0 0 0 0 0 0 0 0 0 0 0 0 0 0 0 0 0 0 0 0 0 0 0 0 0 0 0 0 0 0 0 0 0 0 0 0 0 0 0 0 0 0 0 0 0 0 0 0 0 0 0 0 0 0 0 0 0 0 0 0 0 0 0 0 0 0 0 0 0 0 0 0 0 0 0 0 0 0 0 0 0 0 0 0 0 0 0 0 0 0 0 0 0 0 0 0 0 0 0 0 0 0 0 0 0 0 0 0 0 0 0 0 0 0 0 0 0 0 0 0 0 0 0 0 0 0 0 0 0 0 0 0 0 0 0 0 0 0 0 0 0 0 0 0 0 0 0 0 0 0 0 0 0 0 0 0 0 0 0 0 0 0 0 0 0 0 0 0 0 0 0 0 0 0 0 0 0 0 0 0 0 0 0 0 0 0 0 0 0 0 0 0 0 0 0 0 0 0 0 0 0 0 0 0 0 0 0 0 0 0 0 0 0 0 0 0 0 0 0 0 0 0 0 0 0 0 0 0 0 0 0 0 0 0 0 0 0 0 0 0 0 0 0 0 0 0 0 0 0 0 0 0 0 0 0 0 0 0 0 0 0 0 0 0 0 0 0 0 0 0 0 0 0 0 0 0 0 0 0 0 0 0 0 0 0 0 0 0 0 0 0 0 0 0 0 0 0 0 0 0 0 0 0 0 0 0 0 0 0 0 0 0 0 0 0 0 0 0 0 0 0 0 0 0 0 0 0 0 0 0 0 0 0 0 0 0 0 0 0 0 0 0 0 0 0 0 0 0 0 0 0 0 0 0 0 0 0 0 0 0 0 0 0 0 0 0 0 0 0 0 0 0 0 0 0 0 0 0 0 0 0 0 0 0 0 0 0 0 0 0 0 0 0 0 0 0 0 0 0 0 0 0 0 0 0 0 0 0 0 0 0 0 0 0 0 0 0 0 0 0 0 0 0 0 0 0 0 0 0 0 0 0 0 0 0 0 0 0 0 0 0 0 0 0 0 0 0 0 0 0 0 0 0 0 0 0 0 0 0 0 0 0 0 0 0 0 0 0 0 0 0 0 0 0 0 0 0 0 0 0 0 0 0 0 0 0 0 0 0 0 0 0 0 0 0 0 0 0 0 0 0 0 0 0 0 0 0 0 0 0 0 0 0 0 0 0 0 0 0 0 0 0 0 0 0 0 0 0 0 0 0 0 0 0 0 0 0 0 0 0 0 0 0 0 0 0 0 0 0 0
567
37 37 37 37 151 37 37 37 37 151 37 151 151 37 37 37 151 151 37 37 37 37 37 37 37 151 151 37 151 37 151 37 37 37 37 37 37 37 151 151 151 151 151 37 151 151 37 37 151 151 37 37 151 151 37 37 151 37 37 151 37 151 37 151 37 37 37 37 151 37 37 151 37 37 37 37 37 151 37 37 37 151 37 151 151 37 151 37 37 37 151 151 37 151 37 151 151 37 151 151 37 37 151 37 37 151 151 37 37 151 37 151 151 151 151 151 151 151 151 37 151 151 37 37 37 151 151 151 151 151 151 37 37 37 151 151 37 151 151 37 37 151 151 151 37 37 151 37 37 151 37 151 37 151 151 151 151 37 37 37 151 37 37 151 37 151 37 37 37 151 151 151 37 151 151 37 37 37 37 151 37 37 37 37 151 37 151 151 151 151 37 151 37 151 37 37 151 151 151 151 37 151 151 151 151 151 37 151 37 151 37 37 37 37 37 37 37 151 37 37 151 151 151 151 37 37 151 37 37 37 151 37 37 37 151 37 37 151 37 37 151 37 37 151 37 151 151 151 151 37 37 151 151 37 37 151 37 151 151 151 37 37 151 37 151 151 37 151 151 37 37 151 151 151 151 37 37 37 37 37 37 151 151 151 151 37 151 151 151 151 37 151 37 151 151 37 37 151 151 37 151 37 151 151 37 37 37 151 151 151 151 151 151 151 151 151 37 37 37 37 151 37 37 151 37 37 151 151 37 37 151 37 37 37 37 151 37 151 151 151 37 37 37 151 151 151 37 37 151 151 37 37 37 37 37 151 37 37 151 37 151 37 151 151 37 151 37 151 37 37 151 151 151 37 37 37 37 37 37 151 37 37 37 37 151 37 37 37 37 151 37 151 151 151 37 37 151 37 37 151 151 151 151 37 151 37 37 151 151 151 151 37 37 37 151 151 37 151 151 37 37 151 151 37 151 37 151 37 37 37 151 151 37 151 37 151 151 37 37 37 37 151 37 151 37 151 37 37 37 37 37 37 151 151 37 37 37 151 37 37 151 37 151 151 151 151 37 151 37 37 151 37 151 151 37 37 37 151 37 37 151 151 37 151 37 151 151 37 37 151 151 37 37 37 37 37 37 37 151 151 37 37 151 37 37 151 37 151 151 151 151 37 37 151 151 37 151 151 37 37 151 37 151 37 37 37 37 37 37 37 37 151 151 37 37 37 151 37 37 151 37 37 151 151 151 151 37 37 151 151 37 151 37 37 151 151 151 37 37 151 151 151 37 151 151 151 151
787
57 19 57 57 19 19 19 57 19 57 19 19 19 57 57 19 57 19 19 57 19 57 19 57 19 19 57 57 57 19 19 19 19 57 57 19 19 57 19 19 57 19 19 57 57 19 57 57 19 57 19 57 57 19 57 19 19 19 19 19 19 57 57 57 19 19 57 57 57 57 19 57 57 19 19 57 19 57 19 19 19 19 57 19 19 19 57 57 19 19 19 57 19 57 57 19 57 19 19 19 19 19 19 57 57 19 57 19 57 19 57 57 57 57 57 19 57 57 19 19 57 57 19 19 19 57 19 57 19 57 19 57 19 19 19 57 57 19 19 57 57 19 57 19 57 57 57 19 19 57 57 57 57 57 57 57 57 57 19 19 57 19 57 57 57 57 57 19 57 19 57 19 57 57 19 57 19 19 19 57 57 19 19 19 19 19 19 19 19 57 57 19 57 19 19 57 57 57 57 19 57 57 19 19 19 57 19 19 57 19 19 57 19 57 19 57 19 57 19 57 19 19 19 57 57 57 19 19 19 57 57 19 57 57 19 19 57 19 19 57 57 57 19 57 57 57 57 57 57 19 19 19 57 19 57 57 19 57 57 57 19 19 19 57 19 57 57 19 19 57 19 57 57 57 57 57 57 57 19 19 19 19 57 19 19 19 57 57 57 57 57 57 57 57 19 57 19 19 57 19 19 57 19 19 57 57 19 57 57 19 19 57 57 19 19 57 19 57 19 57 19 19 19 19 19 57 57 57 19 19 19 19 19 19 57 57 57 57 19 19 57 19 19 19 57 19 19 19 57 19 57 57 19 57 19 57 19 19 19 57 57 57 19 57 57 19 19 19 57 57 57 19 57 57 19 19 19 57 19 57 19 57 57 57 57 19 57 19 19 19 57 19 19 57 57 19 57 19 57 57 57 57 19 19 57 57 57 57 57 19 57 19 19 57 57 19 19 57 57 57 57 19 19 57 57 19 19 57 57 57 57 57 19 19 57 19 19 19 57 19 57 57 19 57 19 57 57 19 19 19 19 57 57 19 19 19 19 19 19 57 57 19 19 19 57 57 57 19 57 19 57 19 19 19 19 19 57 57 57 19 19 19 19 57 57 19 19 19 19 19 19 57 57 19 57 57 19 19 57 57 19 19 19 57 57 19 57 19 19 57 57 57 19 57 57 57 57 19 19 19 57 19 19 57 19 19 57 19 57 57 57 19 19 57 19 19 57 57 19 19 57 57 57 19 19 57 57 57 57 57 19 19 57 57 19 19 19 19 57 19 57 57 19 19 19 57 19 57 19 19 57 57 57 19 57 57 19 57 57 19 19 19 19 19 57 57 19 19 19 19 57 57 19 57 57 19 19 57 57 57 19 19 57 57 19 57 57 57 57 19 19 57 57 57 19 19 19 57 57 57 19 57 57 19 57 19 19 57 19 57 57 57 19 57 57 19 57 19 19 57 57 57 19 19 57 57 19 19 19 19 19 19 57 19 57 19 19 57 57 57 57 57 57 19 57 57 19 57 19 57 57 57 19 57 57 19 19 19 19 19 57 57 19 57 57 57 57 57 57 57 57 19 57 19 19 57 19 57 57 19 19 19 57 57 57 19 57 19 57 57 19 57 57 19 57 57 19 57 57 19 57 57 57 19 57 19 57 57 57 19 57 19 57 57 57 57 19 19 19 19 57 19 57 19 57 19 57 19 57 57 19 57 19 19 57 19 19 19 19 19 57 19 19 57 19 57 19 57 57 57 19 19 19 19 19 19 57 19 57 19 19 57 57 19 19 19 57
268
0 200 62 95 84 50 68 60 115 113 56 60 51 86 111 78 87 95 92 88 86 83 77 68 117 57 55 104 94 107 84 99 117 95 67 61 84 63 52 64 81 106 92 50 66 105 92 111 108 75 80 60 115 64 69 52 103 55 67 71 65 58 86 65 52 107 100 65 78 82 78 91 104 103 89 111 61 58 71 107 97 119 54 60 95 89 61 87 62 111 103 77 94 53 98 57 116 84 92 79 98 73 84 70 58 91 57 99 63 101 70 54 78 84 94 64 82 60 80 81 116 103 69 113 103 66 56 110 71 60 78 67 110 108 89 98 69 94 80 65 100 65 79 69 109 86 100 50 70 85 92 79 118 70 94 61 116 97 82 93 85 100 62 120 72 93 116 105 120 63 98 77 52 116 57 55 60 66 53 113 85 75 79 107 81 71 52 92 100 113 105 120 119 69 58 81 116 87 81 97 80 51 111 56 101 111 88 77 59 84 111 69 72 103 107 73 65 118 60 95 56 86 50 67 112 57 113 57 113 108 56 75 79 68 79 80 89 105 87 51 92 79 57 80 79 113 72 70 120 67 109 55 66 54 90 59 87 92 85 62 115 63 112 85 78 64 113 200
365
11 19 8 4 7 13 9 12 17 20 4 10 14 1 20 17 18 12 1 1 15 4 13 12 16 9 3 19 5 6 11 7 16 0 10 4 9 11 11 11 2 15 5 20 12 7 17 6 13 15 15 18 2 4 5 7 13 12 10 15 13 11 10 20 14 17 16 6 16 5 19 11 6 9 4 6 10 5 6 19 17 17 10 1 1 18 10 4 8 8 11 15 5 20 13 8 6 8 10 6 5 17 11 9 5 4 20 16 15 9 11 5 8 12 1 3 2 4 0 11 9 5 18 0 17 3 0 9 20 20 19 7 4 5 1 12 12 3 18 1 17 7 13 15 8 3 16 13 8 10 10 4 18 0 10 1 2 17 12 11 18 8 18 12 18 14 17 19 11 2 4 20 19 16 12 17 5 12 0 4 6 2 5 12 14 16 6 17 12 2 11 8 2 4 17 0 15 3 18 0 18 3 4 7 13 17 1 20 8 9 19 7 11 0 11 2 12 16 3 9 11 16 2 17 8 6 15 1 11 20 20 9 1 5 12 0 4 10 15 1 19 13 12 3 6 12 16 11 3 8 14 8 13 5 0 10 13 4 4 20 5 8 5 18 18 19 17 13 9 9 19 3 20 19 12 3 6 3 7 4 9 6 4 9 6 5 0 11 3 10 2 13 5 9 1 15 4 13 1 10 0 8 11 11 13 8 11 5 6 11 0 7 9 9 2 14 2 10 13 19 10 18 3 16 15 5 17 18 3 14 20 18 14 8 1 16 7 5 4 7 12 2 11 14 17 11 16 6 20 6 2 0 14 9 11 15 5 14 8 11 15 13 2 5 12
842
9 12 15 13 11 17 1 5 8 2 176 7 14 17 7 187 5 181 13 17 15 169 16 150 8 3 2 9 14 2 181 7 18 155 182 0 8 0 0 1 11 8 19 176 16 183 4 6 18 19 1 17 168 19 14 8 196 18 3 155 17 151 11 15 16 15 162 186 19 16 168 18 17 194 2 18 5 177 19 10 20 5 2 19 5 195 17 11 16 6 7 0 190 9 4 2 12 5 16 11 7 4 19 20 20 4 3 198 193 177 1 161 5 18 13 162 5 20 160 2 8 9 17 4 8 4 195 196 0 4 200 9 6 17 7 4 7 9 16 13 10 13 18 181 183 1 4 18 3 16 16 14 6 1 16 18 10 13 176 12 18 15 166 0 4 18 15 1 20 17 14 6 18 20 173 6 19 178 2 17 7 1 17 154 2 6 18 18 2 17 20 198 12 12 14 20 155 12 154 10 17 20 2 6 13 151 14 19 14 20 1 20 10 12 8 0 16 0 5 19 0 151 193 19 2 1 174 1 3 4 3 14 14 3 12 14 158 163 8 9 15 169 10 15 6 13 8 162 196 20 14 190 2 4 14 8 18 2 6 19 3 9 16 179 3 12 3 8 155 9 191 19 0 18 13 190 20 14 8 3 14 0 174 8 150 0 192 15 5 4 151 14 198 1 0 19 178 1 3 3 16 4 20 0 17 4 156 4 14 20 17 11 6 14 4 16 16 1 188 7 193 13 161 4 12 151 19 4 179 197 14 3 11 10 158 6 164 19 5 7 157 187 20 10 4 7 1 15 11 9 152 8 168 19 6 15 16 164 14 16 194 0 3 8 1 8 10 15 9 20 8 155 10 4 192 12 11 156 20 14 5 163 15 156 18 13 19 189 17 18 14 3 2 11 16 155 192 171 5 9 2 5 13 5 8 200 195 18 15 2 17 3 14 17 197 164 10 2 188 15 12 12 197 5 14 199 197 18 15 7 10 18 194 171 19 19 174 7 3 170 19 5 5 165 9 0 150 17 7 14 14 14 15 6 20 9 19 15 6 170 13 13 0 12 10 20 160 20 160 167 13 16 18 11 5 2 7 5 3 9 176 156 15 8 20 185 12 3 20 10 20 16 18 9 16 15 12 11 0 183 199 5 13 17 0 7 162 6 2 1 14 11 1 2 172 17 5 17 2 19 7 2 168 180 7 4 7 6 2 3 9 14 18 4 191 18 14 9 2 4 9 185 7 2 9 11 10 154 19 7 5 179 14 7 10 2 0 9 170 12 13 8 15 185 12 3 15 6 18 3 9 191 15 156 195 11 13 3 18 15 175 0 20 0 174 151 20 20 14 9 5 14 2 3 18 173 11 14 19 4 9 1 14 11 20 193 13 16 1 19 11 10 11 3 4 11 179 200 9 4 8 7 7 6 1 0 174 1 12 1 18 2 1 189 0 16 4 9 19 185 9 14 9 193 177 12 17 20 9 13 10 0 170 193 15 2 1 19 193 8 5 6 1 1 15 6 10 15 1 1 1 15 180 20 20 20 1 5 20 14 1 12 14 1 17 11 13 173 8 2 6 188 197 15 4 0 16 4 15 150 4 6 9 1 15 14 15 5 8 6 4 188 170 9 5 171 8 17 14 164 12 187 11 15 12 5 6 9 11 1 19 8 174 10 10 6 5 12 162 11 16 169 11 4 7 0 13 2 156 3 14 5 7 20 15 17 160 5 12 11 9 179 17 9 2 14 8 15 13 5 8 184 1 10 1 9 10 0 15 12 0 169 2 13 5 8 1 18 13 4 1 14 15 4 189 20 154 2 13 9 8 20 6 6 1 14 8 18 174 16 3 151 3 5 13 181 5 18 169 157 163 190 2 16 4 197 16 16 199 165 154 9 9 191 6 7 160 176 193 0 8 196
223
0 0 0 0 0 0 0 0 0 0 0 0 0 0 0 0 0 0 0 0 0 0 0 0 0 0 0 0 0 0 0 0 0 0 0 0 0 0 0 0 0 0 0 0 0 0 0 0 0 0 0 0 0 0 0 0 0 0 0 0 0 0 0 0 0 0 0 0 0 0 0 0 0 0 0 0 0 0 0 0 0 0 0 0 0 0 0 0 0 0 0 0 0 0 0 0 0 0 0 0 0 0 0 0 0 0 0 0 0 0 0 0 0 0 0 0 0 0 0 0 0 0 0 0 0 0 0 0 0 0 0 0 0 0 0 0 0 0 0 0 0 0 0 0 0 0 0 0 0 0 0 0 0 0 0 0 0 0 0 0 0 0 0 0 0 0 0 0 0 0 0 0 0 0 0 0 0 0 0 0 0 0 0 0 0 0 0 0 0 0 0 0 0 0 0 0 0 0 0 0 0 0 0 0 0 0 0 0 0 0 0 0 0 0 0 0 0 0 0 0 0 0 0
355
12 7 10 8 9 9 16 11 8 4 12 14 9 19 14 17 5 11 5 19 11 7 3 5 18 18 7 14 8 1 8 9 5 2 12 20 7 16 15 2 5 3 5 9 20 16 14 9 4 7 15 20 10 5 2 20 19 2 16 9 11 8 3 0 3 20 5 9 18 14 18 1 18 17 20 10 8 15 20 12 20 5 5 15 10 20 5 10 13 11 3 19 15 6 10 19 8 6 15 19 2 10 12 9 7 9 19 3 11 5 15 5 11 8 6 13 13 5 11 11 4 19 10 6 15 12 14 13 6 7 4 16 7 20 11 12 7 8 18 19 4 20 12 11 1 7 4 5 11 19 3 16 17 12 5 16 9 7 18 6 4 5 19 7 16 16 1 12 14 19 10 14 3 15 3 15 8 0 18 5 13 19 20 12 6 15 11 0 8 6 9 6 10 12 18 6 11 12 14 13 3 11 8 10 5 4 3 13 8 18 1 1 15 15 17 1 1 2 8 11 6 19 3 9 17 12 6 14 13 12 18 20 4 7 12 8 4 9 13 9 19 17 10 0 17 1 17 10 13 15 18 4 20 8 12 16 3 9 14 8 3 13 10 10 3 1 20 17 7 0 11 13 15 4 13 8 6 15 12 17 3 20 20 10 11 1 10 2 5 11 12 1 5 16 4 12 2 18 4 3 3 14 20 10 19 10 7 1 2 8 18 11 18 10 1 20 7 6 3 0 18 7 0 8 0 15 15 17 2 4 13 11 5 7 5 6 10 4 3 16 18 18 13 16 1 14 18 9 9 5 16 4 9 1 4
207
200 200 200 200 200 200 200 200 200 200 200 200 200 200 200 200 200 200 200 200 200 200 200 200 200 200 200 200 200 200 200 200 200 200 200 200 200 200 200 200 200 200 200 200 200 200 200 200 200 200 200 200 200 200 200 200 200 200 200 200 200 200 200 200 200 200 200 200 200 200 200 200 200 200 200 200 200 200 200 200 200 200 200 200 200 200 200 200 200 200 200 200 200 200 200 200 200 200 200 200 200 200 200 200 200 200 200 200 200 200 200 200 200 200 200 200 200 200 200 200 200 200 200 200 200 200 200 200 200 200 200 200 200 200 200 200 200 200 200 200 200 200 200 200 200 200 200 200 200 200 200 200 200 200 200 200 200 200 200 200 200 200 200 200 200 200 200 200 200 200 200 200 200 200 200 200 200 200 200 200 200 200 200 200 200 200 200 200 200 200 200 200 200 200 200 200 200 200 200 200 200 200 200 200 200 200 200
888
5 12 17 194 20 200 1 12 12 4 199 180 2 177 6 18 18 13 15 12 8 20 163 20 2 0 2 11 18 6 4 158 182 0 0 8 174 18 4 10 17 14 4 12 18 3 6 16 162 0 170 18 173 191 15 171 16 17 13 7 15 3 200 189 4 182 10 170 3 4 7 15 19 177 11 18 10 18 8 20 171 9 9 6 16 15 189 0 10 6 2 5 191 9 200 5 4 1 7 3 13 15 10 1 13 184 14 13 1 185 180 8 6 173 10 12 17 13 14 0 11 5 182 9 8 6 4 5 11 2 195 12 1 11 14 10 155 2 15 19 20 19 10 20 7 0 167 159 18 12 200 16 12 196 190 12 11 12 16 2 1 20 16 18 8 4 8 2 16 166 8 15 16 19 150 1 1 3 9 1 6 200 19 1 19 11 0 168 12 13 8 4 16 0 12 11 5 20 7 13 181 14 175 158 15 4 19 150 192 18 9 17 11 8 1 17 1 5 155 12 18 12 153 13 154 3 8 152 2 5 160 2 0 8 16 16 168 16 20 178 18 20 19 14 4 180 4 159 10 2 16 9 17 16 12 1 167 19 19 17 18 3 8 200 20 11 11 179 18 7 0 14 1 181 10 5 12 12 14 1 4 3 17 182 190 20 10 5 194 17 2 3 4 5 11 11 8 0 0 15 18 6 0 168 5 189 17 200 18 10 13 20 16 4 15 2 9 14 11 1 3 1 195 20 2 9 153 20 20 183 17 19 6 10 10 14 14 2 3 7 15 13 12 151 150 0 0 171 7 18 16 20 12 1 20 11 159 1 13 161 0 7 15 18 11 2 152 9 7 14 6 9 6 9 188 14 16 168 20 14 11 20 6 17 11 189 3 13 11 7 0 192 10 17 198 174 9 5 17 2 156 3 17 9 4 177 18 197 12 4 3 2 19 10 9 10 16 15 196 15 1 11 7 2 12 7 0 14 16 9 5 167 14 167 3 1 20 173 4 165 13 5 153 1 5 169 3 4 199 7 4 8 20 19 173 1 5 181 165 17 162 191 5 10 6 168 9 2 9 16 187 9 170 6 2 11 1 8 7 18 8 17 9 18 6 7 19 2 15 9 14 15 9 9 163 7 12 18 14 19 197 18 11 8 7 17 10 2 1 153 169 18 4 10 1 167 10 20 16 3 17 0 188 16 6 4 181 161 19 5 199 7 2 3 6 16 12 14 17 20 4 3 18 14 1 12 0 2 188 159 9 18 9 12 14 13 9 2 20 12 4 15 8 20 4 10 15 153 12 12 2 1 14 20 17 6 17 169 1 4 161 6 17 19 15 152 12 0 9 18 5 9 4 8 20 152 174 167 175 10 1 17 11 180 4 7 4 14 15 13 10 13 151 4 4 17 2 1 5 9 5 6 15 13 14 9 167 14 10 8 20 4 4 3 19 14 8 0 5 16 12 10 1 3 18 16 13 157 8 14 200 197 9 193 20 2 5 20 2 19 8 177 11 5 10 11 12 15 3 17 196 10 14 171 8 195 18 5 5 165 5 7 167 10 17 19 5 171 19 18 14 9 12 16 1 152 4 5 10 11 8 10 171 190 13 197 166 181 180 16 8 1 1 19 191 11 15 5 18 11 8 10 3 1 6 12 5 14 181 3 0 7 19 3 15 184 9 158 1 20 3 5 5 13 17 16 4 5 14 188 4 17 6 13 18 158 163 10 10 17 14 12 14 166 19 10 178 7 10 4 172 7 15 0 7 188 20 171 160 7 17 12 7 8 7 178 5 12 11 0 168 20 13 17 8 8 1 20 179 13 17 15 19 16 4 4 9 2 161 3 13 10 186 154 2 6 8 11 17 7 10 154 1 14 6 200 180 18 4 179 16 183 5 19 166 3 18 182 17 168 8 10 160 164 2 6 18 4 10 13 14 13 15 0 166 12 5 19 18 3 172 19 15 4 11 10 10 7 166 11 19 20 13 14 3 4 20 7 16 6 3 14 3 20 20 20 18 1
392
0 200 53 116 82 93 87 107 83 100 77 56 73 59 108 93 104 65 109 51 55 74 102 72 95 109 69 96 71 114 119 54 65 87 72 78 114 82 103 72 66 91 116 102 50 62 89 103 77 117 62 92 90 63 119 117 57 85 85 62 97 68 91 66 119 99 72 114 84 114 54 72 90 54 70 86 99 71 58 90 120 54 108 117 112 104 51 100 91 87 95 102 85 120 111 72 99 51 99 105 95 68 97 95 101 105 73 78 98 64 73 68 104 73 101 56 92 108 64 87 74 105 96 81 74 90 106 102 94 63 105 50 96 107 93 94 65 94 67 72 119 94 71 89 66 54 94 108 92 60 94 113 86 114 117 89 105 95 50 82 88 83 105 71 90 99 58 55 88 66 115 120 62 67 85 61 53 72 81 67 54 86 77 71 115 108 119 88 114 107 61 90 75 91 57 50 84 95 59 58 99 93 118 110 94 73 114 113 89 114 102 99 105 73 116 99 120 110 107 80 106 74 84 120 62 119 53 83 101 51 109 52 74 51 78 76 87 119 116 99 107 87 69 81 54 107 96 110 76 97 58 70 118 110 91 102 99 69 55 57 98 104 117 66 54 60 64 91 53 64 93 100 103 66 118 84 90 58 102 72 89 107 74 96 63 85 108 117 98 92 95 80 88 50 120 75 116 73 70 118 74 86 98 88 51 54 55 76 57 112 57 67 72 102 111 96 117 101 110 116 86 120 73 89 106 98 80 71 120 62 63 59 85 67 117 118 51 85 110 59 103 59 62 100 102 91 63 79 54 92 75 50 71 84 108 110 88 120 64 96 68 86 51 119 114 63 95 57 98 104 94 66 63 96 85 102 100 66 54 106 61 71 76 73 86 61 52 55 109 84 108 200
1000
8 0 12 4 1 16 12 4 6 16 1 20 3 15 9 9 19 17 20 9 7 10 19 12 8 1 18 7 11 13 0 18 12 4 19 7 11 19 10 13 5 1 4 10 4 6 14 10 1 5 12 5 11 18 9 18 0 13 19 14 18 14 20 0 18 8 12 19 18 2 5 7 15 1 20 6 8 20 19 16 4 2 18 9 14 6 12 15 9 11 7 4 10 18 4 14 6 18 11 2 0 15 17 15 9 2 9 9 16 4 19 5 6 14 15 15 4 13 15 20 12 13 14 9 0 5 11 16 3 5 19 17 9 3 12 0 12 11 10 16 6 20 1 5 18 16 6 18 7 8 18 17 6 6 9 1 17 1 3 13 8 8 1 13 20 0 11 6 2 6 8 18 0 10 0 17 3 10 5 13 17 10 6 0 7 19 12 19 0 14 9 20 8 6 4 19 12 13 20 18 18 5 5 9 0 7 1 0 17 14 3 13 5 13 9 5 15 10 11 13 0 3 8 14 9 4 4 16 5 3 17 7 8 12 15 1 19 19 18 15 1 18 20 11 17 17 15 14 7 16 8 19 16 10 15 10 17 7 13 17 15 17 7 9 16 2 7 4 19 4 0 6 15 11 1 15 18 10 20 9 0 15 3 10 10 7 11 5 5 13 11 5 14 3 13 3 10 20 12 3 12 8 16 7 4 20 16 16 2 12 12 18 2 19 0 15 0 3 19 11 15 3 0 11 20 0 10 7 8 5 17 15 10 19 13 17 2 7 10 6 20 3 1 17 18 10 13 3 4 7 18 17 7 15 3 18 4 13 16 18 14 10 19 4 3 10 6 13 8 16 14 13 1 20 15 7 7 9 5 6 3 11 18 0 5 4 3 15 10 15 3 18 2 2 6 20 13 11 5 6 10 14 2 4 10 10 20 1 13 16 15 10 11 12 4 16 12 11 16 0 11 16 13 1 16 8 9 14 17 0 6 9 20 14 1 11 11 0 5 0 5 10 7 14 1 10 14 14 1 0 10 16 16 20 0 12 9 18 10 18 20 11 12 8 3 5 11 8 17 1 1 17 0 9 2 10 4 15 11 15 20 20 0 8 18 17 1 1 4 16 2 12 9 7 19 2 10 20 12 8 11 9 14 3 11 17 15 17 2 7 17 20 14 16 6 16 9 14 20 9 8 16 18 14 3 5 0 11 7 19 16 2 16 10 0 15 9 11 16 10 18 4 16 3 8 4 20 1 5 3 15 17 17 14 1 8 7 10 11 6 19 16 7 4 15 7 14 20 9 0 3 15 15 4 18 1 4 7 2 11 19 15 3 0 5 10 20 2 16 2 4 5 0 3 13 7 19 7 0 2 7 13 10 4 17 19 7 4 10 7 7 9 11 7 19 0 8 1 9 9 10 7 18 12 13 11 12 1 5 3 17 9 15 14 2 3 11 15 5 6 5 2 19 6 7 20 18 16 7 1 14 11 12 18 11 1 13 8 17 16 8 5 4 18 18 0 4 9 7 17 12 1 17 4 6 13 17 17 17 13 19 3 3 9 6 3 10 0 16 3 2 13 12 11 15 16 10 3 10 8 11 0 2 11 19 20 0 18 9 11 12 15 18 14 8 11 4 14 11 18 11 9 18 10 13 10 10 9 8 12 12 15 8 6 16 4 4 14 19 13 16 12 1 12 10 18 8 15 16 2 16 20 17 10 0 6 4 10 0 2 16 9 17 0 9 10 20 19 7 16 14 1 1 4 15 14 16 10 10 18 8 20 2 13 0 19 10 4 10 6 0 7 1 20 0 10 1 4 12 19 1 3 4 2 6 8 19 7 10 17 14 17 14 11 11 6 7 20 8 3 5 2 11 0 7 14 4 18 15 11 9 4 13 14 15 4 13 16 7 17 2 5 6 1 4 13 4 3 2 17 8 17 7 15 18 18 8 17 13 3 19 16 8 17 14 5 16 14 19 4 5 14 7 2 19 2 12 4 15 12 12 0 20 19 17 4 6 10 13 7 14 16 14 8 10 6 17 17 15 15 11 15 10 20 6 16 7 20 17 14 2 9 1 20 20 17 0 10 6 12 16 15 0 13 9 8 19 14 2 17 16 2 20 1 20 20 3 8 1 9 3 20 14 12 8 12 6 18 15 6 4 6 14 4 6 20 5 13 14 17 12 20 16 4 1 10 13 5 5 7 0 3 11 2 15 4 5 16 9 1 8 17 19 7 16 9 3 4 6 13 13 13 15 11 16 17 15 14 3 15
51
194 165 165 32 98 98 194 194 194 194 194 194 32 165 194 121 98 194 165 98 165 98 121 165 32 32 98 165 194 165 121 98 165 32 98 121 98 98 165 32 165 121 121 32 165 194 194 32 98 194 121
924
0 200 87 69 94 103 84 53 82 58 99 120 87 90 65 79 113 93 61 114 101 59 66 73 77 71 106 94 94 90 88 62 101 85 62 74 115 115 93 114 117 120 80 71 112 117 68 119 61 82 106 96 88 83 89 73 97 117 79 62 102 110 78 60 83 59 104 58 95 83 52 113 84 60 54 67 50 72 82 63 67 74 113 91 90 50 109 79 62 104 59 96 104 53 58 116 71 75 91 57 105 88 103 82 116 112 78 50 76 83 91 108 74 104 54 68 104 117 67 106 51 53 79 79 109 60 92 108 107 114 66 99 109 51 62 74 77 116 78 50 72 54 55 112 64 58 88 96 76 87 64 89 100 60 86 51 76 77 110 71 77 66 96 100 97 89 51 72 77 107 108 72 119 82 96 68 78 93 103 103 77 77 111 93 99 86 77 81 58 72 93 99 72 82 97 87 55 110 119 117 50 102 92 72 50 98 111 78 112 85 66 84 63 52 67 68 51 55 85 65 62 110 105 76 106 85 105 61 106 65 111 102 57 102 65 120 78 116 94 90 68 81 52 73 58 100 78 51 67 114 97 87 82 110 90 70 88 117 61 55 65 82 53 109 119 91 98 99 80 90 109 73 104 92 63 60 88 68 114 120 100 67 70 116 57 104 66 67 60 65 88 95 108 93 92 102 100 60 102 66 113 69 66 85 104 65 101 69 109 84 82 107 79 115 112 70 108 111 78 74 58 51 102 106 51 70 74 117 76 95 78 85 103 83 58 92 81 63 66 100 79 82 65 107 84 116 106 83 70 89 77 51 68 95 83 94 117 93 93 69 100 107 80 96 99 111 90 76 51 82 90 116 110 50 53 95 67 90 55 70 105 91 119 60 117 53 66 92 59 65 98 60 78 68 120 120 115 50 77 112 89 67 55 80 117 86 116 91 52 116 50 111 81 93 63 54 110 79 84 120 113 58 90 64 65 109 85 57 72 100 117 51 55 110 69 72 115 110 105 56 106 87 65 67 56 61 82 118 110 53 54 102 55 95 89 113 90 88 82 54 113 89 56 100 108 63 76 109 70 74 86 70 114 77 67 99 86 81 118 67 114 84 109 72 50 106 58 69 90 80 99 54 75 80 57 63 100 114 83 77 57 57 108 69 109 74 101 59 61 116 100 110 82 92 58 76 60 89 86 120 89 92 89 118 57 77 63 84 119 117 109 82 57 81 82 88 75 119 110 86 108 84 90 90 106 60 105 89 111 99 107 74 120 75 99 99 73 101 108 101 53 88 89 114 105 67 64 74 87 52 108 109 75 61 94 118 70 110 95 96 96 100 57 90 109 55 104 87 101 94 69 55 73 116 103 109 112 86 74 106 89 101 104 82 87 56 115 61 66 84 120 77 73 116 76 117 99 88 113 79 64 68 85 112 105 97 95 91 94 98 97 69 58 83 78 53 105 73 83 73 103 94 62 70 67 69 54 98 91 53 118 71 54 85 67 64 106 70 79 119 100 85 108 63 72 113 55 50 56 59 90 66 59 105 116 55 88 108 98 80 90 81 102 57 88 100 92 109 78 53 99 68 62 119 66 50 86 108 64 61 58 63 59 99 115 50 60 74 63 105 81 64 72 50 72 60 112 99 85 112 89 106 73 67 71 108 82 117 67 115 86 58 116 61 72 120 62 120 60 107 77 69 101 60 113 53 81 62 107 88 59 68 95 101 63 78 58 84 73 55 116 97 91 84 62 67 51 89 82 95 106 69 79 106 61 55 66 114 73 73 77 68 89 69 58 97 77 103 97 84 110 89 54 111 106 55 85 111 70 110 61 111 72 60 64 57 100 61 105 87 72 51 90 100 86 98 110 89 75 68 75 111 64 91 99 111 87 86 52 77 55 76 104 51 106 80 83 80 74 57 109 73 52 85 65 103 65 81 54 94 62 82 112 89 88 115 71 102 114 56 101 120 74 90 52 55 97 101 84 105 73 59 72 70 116 109 106 108 86 104 66 93 95 58 109 75 118 53 52 80 84 113 67 53 92 57 83 108 112 113 113 67 83 104 120 58 53 78 114 86 77 77 98 112 106 86 109 90 70 118 100 69 69 200
225
112 70 167 65 93 184 190 43 49 142 154 35 164 181 184 1 68 92 104 157 197 130 168 186 99 161 78 109 141 108 156 105 174 13 129 188 98 138 112 49 49 121 8 13 87 96 194 109 108 172 6 108 184 37 102 84 197 178 124 106 147 192 185 140 5 122 53 96 149 170 182 67 168 34 177 103 123 19 73 193 55 50 20 52 159 186 150 81 80 155 150 154 130 164 97 30 30 56 32 155 124 186 60 163 106 134 193 42 199 152 20 191 154 139 199 123 115 54 111 2 91 20 65 41 25 46 53 154 15 181 185 160 91 137 21 67 117 130 1 102 170 134 177 62 3 184 185 189 58 174 2 64 142 131 58 173 56 110 84 124 163 59 171 160 34 139 92 40 10 44 198 52 16 165 49 197 113 160 135 191 165 26 120 180 49 150 146 84 149 176 103 25 161 78 84 113 182 107 30 122 77 116 22 48 130 193 26 130 135 178 162 80 8 40 161 19 51 71 75 182 198 150 30 128 176
762
0 200 66 94 114 93 57 69 53 94 119 103 82 110 61 50 99 98 87 68 112 74 58 71 58 88 61 105 103 99 99 60 50 54 65 87 82 76 119 81 89 103 72 117 101 98 53 52 58 87 100 68 81 50 92 52 99 118 61 53 88 93 58 104 58 87 77 110 51 101 110 103 97 114 81 66 69 107 85 100 114 90 112 116 94 51 76 99 70 61 75 84 95 75 74 67 111 87 90 95 59 73 78 74 51 69 80 89 116 72 92 116 111 67 84 61 112 52 62 86 67 93 103 72 73 52 91 68 83 88 109 75 56 76 70 78 120 113 51 98 84 118 69 67 58 118 85 82 56 55 85 55 67 54 76 111 119 55 63 98 100 74 116 56 114 86 90 61 50 54 91 110 79 119 75 68 51 55 82 82 69 87 51 115 70 63 59 104 115 98 116 91 120 92 84 54 83 55 88 67 83 73 69 77 89 120 103 80 56 61 57 90 117 77 112 111 52 56 94 68 60 80 72 102 75 66 55 67 54 93 52 88 103 84 62 101 80 99 76 56 111 83 72 66 75 51 94 118 81 77 118 63 76 102 88 85 119 58 120 115 113 60 85 68 96 113 71 69 114 114 50 104 101 68 71 105 96 91 79 81 67 91 87 72 93 68 68 92 118 88 72 101 120 106 90 81 54 92 113 76 92 61 56 62 110 118 110 97 89 100 60 98 97 100 89 99 82 96 60 68 61 61 92 77 85 69 80 107 79 95 61 93 85 98 50 116 110 105 61 74 78 76 50 118 106 112 118 66 72 101 92 63 110 104 54 97 86 76 62 70 112 100 67 57 90 63 64 73 71 117 75 84 100 74 90 83 73 114 119 74 113 101 67 112 65 113 67 103 118 75 108 120 57 110 60 81 63 97 88 85 62 108 116 66 113 113 99 63 50 119 51 105 91 63 109 90 100 105 89 75 112 107 71 76 112 73 67 106 101 113 95 69 119 112 103 70 118 58 85 88 56 73 88 89 73 98 70 96 51 86 87 92 56 83 79 108 91 117 61 116 67 113 74 51 102 57 110 116 76 56 99 82 95 114 107 88 65 61 79 66 58 113 56 70 53 95 118 114 66 109 86 109 62 69 91 90 111 79 99 82 87 50 117 113 106 89 55 97 69 69 79 51 75 75 67 61 120 112 120 63 65 73 78 92 88 89 56 85 117 108 111 63 72 62 104 107 59 82 119 68 88 60 67 108 86 77 58 65 70 83 98 120 116 82 65 57 91 63 71 109 104 61 118 65 101 94 116 59 107 112 58 72 115 103 106 72 85 99 81 104 73 62 66 114 98 68 73 55 82 87 86 64 55 68 57 63 53 94 51 73 105 60 77 113 118 52 95 115 89 88 99 76 79 109 50 51 111 51 51 81 71 85 118 72 110 69 113 115 100 119 63 52 110 89 120 102 86 109 51 116 51 53 119 68 89 98 64 82 52 105 112 115 89 88 103 68 104 103 60 53 62 60 106 82 91 81 80 71 67 80 116 107 120 71 53 107 84 100 81 62 89 95 77 90 88 84 59 91 94 87 118 70 75 113 103 58 87 79 70 79 119 71 69 67 118 77 112 68 82 115 57 101 118 90 68 61 52 69 75 112 117 61 71 67 97 62 72 67 58 64 65 99 114 106 60 100 99 50 92 91 51 120 118 83 84 71 85 80 84 71 62 116 102 110 57 95 70 94 63 62 65 200
108
23 73 90 137 32 153 25 180 51 83 120 58 47 100 43 79 63 4 18 111 146 120 125 135 155 143 51 56 114 73 175 14 126 153 198 133 165 107 94 71 48 128 140 26 158 34 113 52 67 155 68 156 163 50 8 144 112 112 179 12 188 63 129 63 75 112 167 3 157 110 29 149 45 115 35 199 75 98 140 59 69 188 186 93 7 111 95 33 2 79 143 49 187 15 28 90 135 58 172 194 152 152 198 196 73 159 5 59
241
0 145 193 47 113 188 182 85 150 157 83 163 27 20 78 193 183 17 158 148 199 163 5 6 8 128 158 93 173 96 63 31 177 177 164 166 20 199 12 145 115 199 154 77 104 87 143 73 86 125 186 65 118 160 138 193 155 74 134 30 68 128 62 178 27 100 84 95 107 132 145 4 158 176 58 126 45 141 40 37 182 195 105 23 42 38 44 192 103 72 15 186 111 66 194 14 76 77 196 53 55 22 148 180 30 52 133 85 188 3 160 81 0 38 138 94 137 23 95 11 45 156 180 77 31 52 116 195 103 101 100 198 19 111 9 108 143 6 76 93 35 142 29 85 169 199 156 134 0 195 185 86 87 68 123 188 7 151 138 161 133 183 169 181 98 141 29 1 135 124 59 103 29 174 170 44 16 2 18 101 27 125 5 132 30 167 159 68 169 55 160 2 126 173 150 134 182 98 62 75 161 110 52 103 147 93 163 86 104 43 106 83 106 87 11 45 134 13 89 46 173 174 12 85 156 86 172 120 129 26 28 30 110 179 45 36 145 185 5 170 155
445
188 188 89 89 188 85 188 89 85 188 26 89 26 89 188 85 26 85 85 188 188 26 85 89 188 26 188 85 85 89 85 85 89 89 89 26 26 89 89 26 85 85 26 188 26 85 26 89 89 188 89 85 89 85 89 26 89 26 26 26 26 26 188 188 188 188 26 85 188 188 89 85 188 89 26 188 188 188 89 188 26 85 26 85 188 188 188 26 85 89 26 26 26 26 89 188 26 89 85 89 188 188 85 188 188 89 89 85 26 85 188 188 85 188 26 89 85 26 89 188 89 85 26 26 26 188 26 26 26 89 188 85 188 188 26 85 188 188 26 89 89 85 188 26 26 85 188 188 85 85 89 89 26 26 26 85 89 85 85 85 89 85 85 26 26 89 89 188 188 85 26 85 188 89 188 89 89 188 188 26 188 26 85 188 85 26 26 89 89 188 89 26 85 89 188 26 188 85 188 26 85 85 26 89 188 26 26 85 85 188 188 188 85 89 188 85 26 188 89 89 85 26 89 89 188 188 26 26 89 26 85 85 89 89 89 26 188 188 89 85 26 89 89 26 26 89 26 26 89 26 188 89 89 85 26 85 188 85 85 188 188 26 89 89 188 85 26 89 85 89 89 89 89 26 89 188 188 89 188 26 89 26 85 85 89 26 89 26 89 26 85 85 188 26 89 188 26 188 26 26 26 85 89 85 89 89 188 89 85 26 85 26 89 188 26 26 26 85 85 188 26 85 85 188 26 26 89 89 26 89 89 26 89 85 85 188 89 85 89 26 89 188 26 26 85 89 188 188 188 89 85 85 188 89 188 188 85 188 188 188 188 85 85 89 188 188 26 85 26 85 89 85 85 89 26 26 188 188 188 85 89 188 89 89 26 85 85 89 89 89 26 188 188 188 188 89 89 89 85 89 85 85 188 188 26 26 188 188 188 26 85 188 85 188 26 85 89 188 89 188 26 85 85 85 26 26 89 85 89 85 26 89 26 188 85 85 89 89 26 85 89 188 85 85 89
522
184 108 85 122 108 129 102 93 185 154 126 195 172 62 143 139 99 61 5 128 34 199 181 23 155 78 90 30 133 134 72 73 71 78 140 105 189 78 200 182 197 92 159 55 169 160 43 77 51 90 163 5 199 43 143 138 158 54 173 23 199 98 43 158 94 76 117 184 50 166 141 198 58 117 197 2 162 132 111 93 99 111 65 80 80 132 80 169 75 32 153 105 176 85 190 24 150 112 58 129 112 88 56 108 111 135 9 116 169 137 47 184 73 149 198 118 129 67 190 21 45 108 41 105 95 194 172 103 148 98 25 20 171 69 80 34 28 187 16 9 119 72 82 160 7 176 89 66 26 177 90 14 26 125 106 113 87 50 33 67 145 84 30 166 167 65 182 126 22 188 52 41 61 121 103 85 176 16 61 107 31 115 125 76 16 184 192 105 12 191 37 144 67 34 41 114 155 171 108 168 11 81 89 90 111 28 4 17 176 47 103 52 135 98 46 194 106 142 124 2 107 113 50 146 64 32 127 156 35 162 45 145 21 189 199 199 106 117 94 67 53 53 175 134 138 41 179 46 151 73 52 167 124 187 16 57 109 76 74 39 100 52 148 145 118 11 68 83 55 39 14 28 197 157 131 124 194 130 2 120 4 181 173 43 43 7 160 40 106 76 108 105 115 85 175 66 168 105 121 179 4 70 48 70 140 37 47 123 165 196 155 151 38 53 75 156 35 31 113 57 48 60 168 109 47 7 151 144 9 77 74 180 34 63 200 172 156 138 40 161 124 99 125 97 144 146 194 68 106 118 58 19 158 62 90 105 35 128 50 152 178 77 29 3 150 124 72 118 27 131 70 93 72 30 7 176 149 22 196 141 101 132 125 111 56 66 31 194 98 38 185 115 75 34 121 29 141 197 171 154 133 35 58 107 172 120 125 165 176 83 70 70 135 38 98 145 151 182 105 44 179 136 94 36 136 37 104 47 178 85 62 64 92 87 50 18 131 21 2 169 130 103 182 194 190 48 32 52 73 109 178 168 23 34 141 192 24 16 19 82 186 6 195 92 17 44 85 95 141 128 53 52 51 86 54 175 109 122 148 20 142 51 83 108 193 0 124 97 110 184 142 4 41 11 116 46 98 145 194 159 26 184 70 113 106 75 162 75 137 196 194 134 28 86 89 134 101 23 52 143 52 46
944
0 200 100 106 111 112 86 104 85 62 91 88 104 107 64 93 105 63 52 94 54 102 60 98 115 89 109 85 105 106 114 80 92 118 97 92 107 68 69 105 79 96 108 116 76 61 66 76 79 98 76 109 106 108 104 95 76 56 56 107 71 69 73 97 87 73 86 67 73 89 96 119 119 88 70 102 68 52 85 57 108 55 74 82 63 66 113 93 116 98 120 75 76 73 82 95 84 60 54 70 56 73 96 73 120 54 114 118 94 102 115 99 70 61 77 66 52 63 101 115 54 100 108 119 71 114 75 108 64 81 82 53 116 97 110 81 101 55 60 112 50 92 75 76 61 112 104 78 59 62 118 109 65 98 108 56 50 110 107 75 103 67 73 86 64 94 86 103 113 56 79 65 92 75 117 69 93 55 104 92 73 90 102 75 53 78 79 117 102 67 65 102 91 120 75 85 53 110 110 63 116 62 63 59 91 77 98 109 118 60 53 70 54 76 50 70 75 81 57 66 105 83 84 81 87 117 73 114 75 112 81 55 54 97 106 103 84 104 117 77 64 93 82 58 99 90 71 106 91 59 70 52 96 56 116 58 106 79 73 52 73 84 107 104 82 76 80 51 76 90 116 81 72 117 67 73 91 58 85 115 95 93 86 60 57 52 85 60 114 72 78 97 58 88 95 98 114 50 54 114 98 120 93 61 120 112 77 55 53 76 102 80 96 99 91 82 109 74 85 86 112 111 71 55 116 106 89 88 107 86 109 100 100 95 54 92 54 120 71 60 61 84 52 54 112 116 104 67 73 74 64 101 109 114 103 75 73 68 86 87 114 96 68 68 76 110 104 101 89 56 75 56 57 55 61 56 73 74 94 105 107 64 88 115 86 97 111 53 116 52 52 102 52 114 53 83 65 120 51 85 91 76 103 70 109 113 77 109 51 95 64 70 72 65 67 104 109 86 99 101 111 96 89 99 119 66 93 91 112 71 74 56 94 81 103 103 113 78 96 65 67 120 105 113 58 83 97 105 59 96 62 50 92 55 78 108 102 112 106 109 88 78 66 80 58 53 88 57 104 87 72 71 94 69 114 78 53 105 57 77 104 60 93 83 66 107 116 96 53 58 115 53 83 87 58 68 114 81 100 102 91 73 102 83 119 58 78 107 56 61 66 67 104 86 107 119 74 64 66 95 58 85 83 110 57 64 66 62 119 57 69 88 57 116 95 59 111 66 63 82 120 79 89 110 117 80 63 120 118 113 91 102 62 51 85 95 54 52 51 87 92 102 92 83 65 113 66 78 116 77 95 79 97 62 86 103 99 72 64 93 71 86 51 105 71 56 74 51 82 95 91 77 72 68 106 107 108 102 75 80 51 104 58 100 103 112 81 78 64 52 99 52 120 117 109 54 62 98 116 88 119 83 55 75 91 57 51 65 60 109 110 61 72 67 101 74 114 75 53 69 61 108 73 119 108 120 87 82 79 51 50 104 73 92 67 73 64 80 115 115 79 115 78 90 52 81 62 58 114 114 98 118 77 101 80 92 103 76 61 56 75 90 64 66 80 77 101 65 87 77 120 117 109 87 114 65 65 100 63 115 79 73 99 81 85 117 119 66 107 119 73 105 52 107 57 69 68 62 74 92 111 98 52 62 89 68 111 97 50 84 75 80 58 96 88 52 88 114 120 80 120 89 67 69 61 100 54 107 88 95 58 78 117 83 69 60 113 57 94 90 56 64 50 58 118 101 98 68 81 75 116 89 103 57 86 92 77 112 77 111 66 113 115 87 87 68 56 97 112 79 77 117 80 94 87 91 90 91 98 76 93 70 117 67 94 90 56 120 59 64 86 106 86 51 100 83 109 115 67 114 95 66 117 66 94 60 61 58 107 56 120 106 50 113 74 57 109 76 65 67 85 106 115 50 74 96 89 64 59 55 71 50 102 55 94 90 51 56 116 60 75 77 110 104 113 91 110 111 66 93 83 102 105 114 73 69 62 93 62 119 85 65 106 107 109 58 85 84 115 70 86 53 110 120 84 101 98 81 119 99 62 56 65 78 76 117 94 80 92 82 68 104 62 74 93 107 65 106 51 103 62 92 117 94 109 72 70 70 68 61 53 117 83 81 93 53 96 64 106 57 97 117 58 200
926
0 0 0 0 0 0 0 0 0 0 0 0 0 0 0 0 0 0 0 0 0 0 0 0 0 0 0 0 0 0 0 0 0 0 0 0 0 0 0 0 0 0 0 0 0 0 0 0 0 0 0 0 0 0 0 0 0 0 0 0 0 0 0 0 0 0 0 0 0 0 0 0 0 0 0 0 0 0 0 0 0 0 0 0 0 0 0 0 0 0 0 0 0 0 0 0 0 0 0 0 0 0 0 0 0 0 0 0 0 0 0 0 0 0 0 0 0 0 0 0 0 0 0 0 0 0 0 0 0 0 0 0 0 0 0 0 0 0 0 0 0 0 0 0 0 0 0 0 0 0 0 0 0 0 0 0 0 0 0 0 0 0 0 0 0 0 0 0 0 0 0 0 0 0 0 0 0 0 0 0 0 0 0 0 0 0 0 0 0 0 0 0 0 0 0 0 0 0 0 0 0 0 0 0 0 0 0 0 0 0 0 0 0 0 0 0 0 0 0 0 0 0 0 0 0 0 0 0 0 0 0 0 0 0 0 0 0 0 0 0 0 0 0 0 0 0 0 0 0 0 0 0 0 0 0 0 0 0 0 0 0 0 0 0 0 0 0 0 0 0 0 0 0 0 0 0 0 0 0 0 0 0 0 0 0 0 0 0 0 0 0 0 0 0 0 0 0 0 0 0 0 0 0 0 0 0 0 0 0 0 0 0 0 0 0 0 0 0 0 0 0 0 0 0 0 0 0 0 0 0 0 0 0 0 0 0 0 0 0 0 0 0 0 0 0 0 0 0 0 0 0 0 0 0 0 0 0 0 0 0 0 0 0 0 0 0 0 0 0 0 0 0 0 0 0 0 0 0 0 0 0 0 0 0 0 0 0 0 0 0 0 0 0 0 0 0 0 0 0 0 0 0 0 0 0 0 0 0 0 0 0 0 0 0 0 0 0 0 0 0 0 0 0 0 0 0 0 0 0 0 0 0 0 0 0 0 0 0 0 0 0 0 0 0 0 0 0 0 0 0 0 0 0 0 0 0 0 0 0 0 0 0 0 0 0 0 0 0 0 0 0 0 0 0 0 0 0 0 0 0 0 0 0 0 0 0 0 0 0 0 0 0 0 0 0 0 0 0 0 0 0 0 0 0 0 0 0 0 0 0 0 0 0 0 0 0 0 0 0 0 0 0 0 0 0 0 0 0 0 0 0 0 0 0 0 0 0 0 0 0 0 0 0 0 0 0 0 0 0 0 0 0 0 0 0 0 0 0 0 0 0 0 0 0 0 0 0 0 0 0 0 0 0 0 0 0 0 0 0 0 0 0 0 0 0 0 0 0 0 0 0 0 0 0 0 0 0 0 0 0 0 0 0 0 0 0 0 0 0 0 0 0 0 0 0 0 0 0 0 0 0 0 0 0 0 0 0 0 0 0 0 0 0 0 0 0 0 0 0 0 0 0 0 0 0 0 0 0 0 0 0 0 0 0 0 0 0 0 0 0 0 0 0 0 0 0 0 0 0 0 0 0 0 0 0 0 0 0 0 0 0 0 0 0 0 0 0 0 0 0 0 0 0 0 0 0 0 0 0 0 0 0 0 0 0 0 0 0 0 0 0 0 0 0 0 0 0 0 0 0 0 0 0 0 0 0 0 0 0 0 0 0 0 0 0 0 0 0 0 0 0 0 0 0 0 0 0 0 0 0 0 0 0 0 0 0 0 0 0 0 0 0 0 0 0 0 0 0 0 0 0 0 0 0 0 0 0 0 0 0 0 0 0 0 0 0 0 0 0 0 0 0 0 0 0 0 0 0 0 0 0 0 0 0 0 0 0 0 0 0 0 0 0 0 0 0 0 0 0 0 0 0 0 0 0 0 0 0 0 0 0 0 0 0 0 0 0 0 0 0 0 0 0 0 0 0 0 0 0 0 0 0 0 0 0 0 0 0 0 0 0 0 0 0 0 0 0 0 0 0 0 0 0 0 0 0 0 0 0 0 0 0 0 0 0 0 0 0 0 0 0 0 0 0 0 0 0 0 0 0 0 0 0 0 0 0 0 0 0 0 0 0 0 0 0 0 0 0 0 0 0 0 0 0 0 0
542
200 200 200 200 200 200 200 200 200 200 200 200 200 200 200 200 200 200 200 200 200 200 200 200 200 200 200 200 200 200 200 200 200 200 200 200 200 200 200 200 200 200 200 200 200 200 200 200 200 200 200 200 200 200 200 200 200 200 200 200 200 200 200 200 200 200 200 200 200 200 200 200 200 200 200 200 200 200 200 200 200 200 200 200 200 200 200 200 200 200 200 200 200 200 200 200 200 200 200 200 200 200 200 200 200 200 200 200 200 200 200 200 200 200 200 200 200 200 200 200 200 200 200 200 200 200 200 200 200 200 200 200 200 200 200 200 200 200 200 200 200 200 200 200 200 200 200 200 200 200 200 200 200 200 200 200 200 200 200 200 200 200 200 200 200 200 200 200 200 200 200 200 200 200 200 200 200 200 200 200 200 200 200 200 200 200 200 200 200 200 200 200 200 200 200 200 200 200 200 200 200 200 200 200 200 200 200 200 200 200 200 200 200 200 200 200 200 200 200 200 200 200 200 200 200 200 200 200 200 200 200 200 200 200 200 200 200 200 200 200 200 200 200 200 200 200 200 200 200 200 200 200 200 200 200 200 200 200 200 200 200 200 200 200 200 200 200 200 200 200 200 200 200 200 200 200 200 200 200 200 200 200 200 200 200 200 200 200 200 200 200 200 200 200 200 200 200 200 200 200 200 200 200 200 200 200 200 200 200 200 200 200 200 200 200 200 200 200 200 200 200 200 200 200 200 200 200 200 200 200 200 200 200 200 200 200 200 200 200 200 200 200 200 200 200 200 200 200 200 200 200 200 200 200 200 200 200 200 200 200 200 200 200 200 200 200 200 200 200 200 200 200 200 200 200 200 200 200 200 200 200 200 200 200 200 200 200 200 200 200 200 200 200 200 200 200 200 200 200 200 200 200 200 200 200 200 200 200 200 200 200 200 200 200 200 200 200 200 200 200 200 200 200 200 200 200 200 200 200 200 200 200 200 200 200 200 200 200 200 200 200 200 200 200 200 200 200 200 200 200 200 200 200 200 200 200 200 200 200 200 200 200 200 200 200 200 200 200 200 200 200 200 200 200 200 200 200 200 200 200 200 200 200 200 200 200 200 200 200 200 200 200 200 200 200 200 200 200 200 200 200 200 200 200 200 200 200 200 200 200 200 200 200 200 200 200 200 200 200 200 200 200 200 200 200 200 200 200 200 200 200 200 200 200 200 200 200 200 200 200 200 200
159
167 45 147 135 145 175 25 4 125 133 40 92 140 10 28 78 96 33 142 22 10 10 147 171 72 136 40 92 94 198 170 130 118 80 21 2 67 144 21 45 80 192 44 144 143 196 142 64 124 58 124 87 192 179 57 20 53 133 151 36 149 89 24 80 26 0 114 100 121 197 122 78 58 107 92 96 65 23 3 97 151 40 132 97 54 60 45 166 21 200 16 37 108 53 62 53 192 146 28 0 37 97 54 145 109 135 113 156 63 52 59 100 166 33 10 1 40 1 139 152 35 6 111 92 33 159 145 33 21 124 123 122 37 187 14 167 9 21 113 158 195 146 60 19 23 21 70 60 31 100 16 21 49 82 17 121 92 11 78
580
200 200 200 200 200 200 200 200 200 200 200 200 200 200 200 200 200 200 200 200 200 200 200 200 200 200 200 200 200 200 200 200 200 200 200 200 200 200 200 200 200 200 200 200 200 200 200 200 200 200 200 200 200 200 200 200 200 200 200 200 200 200 200 200 200 200 200 200 200 200 200 200 200 200 200 200 200 200 200 200 200 200 200 200 200 200 200 200 200 200 200 200 200 200 200 200 200 200 200 200 200 200 200 200 200 200 200 200 200 200 200 200 200 200 200 200 200 200 200 200 200 200 200 200 200 200 200 200 200 200 200 200 200 200 200 200 200 200 200 200 200 200 200 200 200 200 200 200 200 200 200 200 200 200 200 200 200 200 200 200 200 200 200 200 200 200 200 200 200 200 200 200 200 200 200 200 200 200 200 200 200 200 200 200 200 200 200 200 200 200 200 200 200 200 200 200 200 200 200 200 200 200 200 200 200 200 200 200 200 200 200 200 200 200 200 200 200 200 200 200 200 200 200 200 200 200 200 200 200 200 200 200 200 200 200 200 200 200 200 200 200 200 200 200 200 200 200 200 200 200 200 200 200 200 200 200 200 200 200 200 200 200 200 200 200 200 200 200 200 200 200 200 200 200 200 200 200 200 200 200 200 200 200 200 200 200 200 200 200 200 200 200 200 200 200 200 200 200 200 200 200 200 200 200 200 200 200 200 200 200 200 200 200 200 200 200 200 200 200 200 200 200 200 200 200 200 200 200 200 200 200 200 200 200 200 200 200 200 200 200 200 200 200 200 200 200 200 200 200 200 200 200 200 200 200 200 200 200 200 200 200 200 200 200 200 200 200 200 200 200 200 200 200 200 200 200 200 200 200 200 200 200 200 200 200 200 200 200 200 200 200 200 200 200 200 200 200 200 200 200 200 200 200 200 200 200 200 200 200 200 200 200 200 200 200 200 200 200 200 200 200 200 200 200 200 200 200 200 200 200 200 200 200 200 200 200 200 200 200 200 200 200 200 200 200 200 200 200 200 200 200 200 200 200 200 200 200 200 200 200 200 200 200 200 200 200 200 200 200 200 200 200 200 200 200 200 200 200 200 200 200 200 200 200 200 200 200 200 200 200 200 200 200 200 200 200 200 200 200 200 200 200 200 200 200 200 200 200 200 200 200 200 200 200 200 200 200 200 200 200 200 200 200 200 200 200 200 200 200 200 200 200 200 200 200 200 200 200 200 200 200 200 200 200 200 200 200 200 200 200 200 200 200 200 200 200 200 200 200 200 200 200 200 200 200 200 200 200 200 200 200 200 200 200 200 200 200 200 200 200
959
200 200 200 200 200 200 200 200 200 200 200 200 200 200 200 200 200 200 200 200 200 200 200 200 200 200 200 200 200 200 200 200 200 200 200 200 200 200 200 200 200 200 200 200 200 200 200 200 200 200 200 200 200 200 200 200 200 200 200 200 200 200 200 200 200 200 200 200 200 200 200 200 200 200 200 200 200 200 200 200 200 200 200 200 200 200 200 200 200 200 200 200 200 200 200 200 200 200 200 200 200 200 200 200 200 200 200 200 200 200 200 200 200 200 200 200 200 200 200 200 200 200 200 200 200 200 200 200 200 200 200 200 200 200 200 200 200 200 200 200 200 200 200 200 200 200 200 200 200 200 200 200 200 200 200 200 200 200 200 200 200 200 200 200 200 200 200 200 200 200 200 200 200 200 200 200 200 200 200 200 200 200 200 200 200 200 200 200 200 200 200 200 200 200 200 200 200 200 200 200 200 200 200 200 200 200 200 200 200 200 200 200 200 200 200 200 200 200 200 200 200 200 200 200 200 200 200 200 200 200 200 200 200 200 200 200 200 200 200 200 200 200 200 200 200 200 200 200 200 200 200 200 200 200 200 200 200 200 200 200 200 200 200 200 200 200 200 200 200 200 200 200 200 200 200 200 200 200 200 200 200 200 200 200 200 200 200 200 200 200 200 200 200 200 200 200 200 200 200 200 200 200 200 200 200 200 200 200 200 200 200 200 200 200 200 200 200 200 200 200 200 200 200 200 200 200 200 200 200 200 200 200 200 200 200 200 200 200 200 200 200 200 200 200 200 200 200 200 200 200 200 200 200 200 200 200 200 200 200 200 200 200 200 200 200 200 200 200 200 200 200 200 200 200 200 200 200 200 200 200 200 200 200 200 200 200 200 200 200 200 200 200 200 200 200 200 200 200 200 200 200 200 200 200 200 200 200 200 200 200 200 200 200 200 200 200 200 200 200 200 200 200 200 200 200 200 200 200 200 200 200 200 200 200 200 200 200 200 200 200 200 200 200 200 200 200 200 200 200 200 200 200 200 200 200 200 200 200 200 200 200 200 200 200 200 200 200 200 200 200 200 200 200 200 200 200 200 200 200 200 200 200 200 200 200 200 200 200 200 200 200 200 200 200 200 200 200 200 200 200 200 200 200 200 200 200 200 200 200 200 200 200 200 200 200 200 200 200 200 200 200 200 200 200 200 200 200 200 200 200 200 200 200 200 200 200 200 200 200 200 200 200 200 200 200 200 200 200 200 200 200 200 200 200 200 200 200 200 200 200 200 200 200 200 200 200 200 200 200 200 200 200 200 200 200 200 200 200 200 200 200 200 200 200 200 200 200 200 200 200 200 200 200 200 200 200 200 200 200 200 200 200 200 200 200 200 200 200 200 200 200 200 200 200 200 200 200 200 200 200 200 200 200 200 200 200 200 200 200 200 200 200 200 200 200 200 200 200 200 200 200 200 200 200 200 200 200 200 200 200 200 200 200 200 200 200 200 200 200 200 200 200 200 200 200 200 200 200 200 200 200 200 200 200 200 200 200 200 200 200 200 200 200 200 200 200 200 200 200 200 200 200 200 200 200 200 200 200 200 200 200 200 200 200 200 200 200 200 200 200 200 200 200 200 200 200 200 200 200 200 200 200 200 200 200 200 200 200 200 200 200 200 200 200 200 200 200 200 200 200 200 200 200 200 200 200 200 200 200 200 200 200 200 200 200 200 200 200 200 200 200 200 200 200 200 200 200 200 200 200 200 200 200 200 200 200 200 200 200 200 200 200 200 200 200 200 200 200 200 200 200 200 200 200 200 200 200 200 200 200 200 200 200 200 200 200 200 200 200 200 200 200 200 200 200 200 200 200 200 200 200 200 200 200 200 200 200 200 200 200 200 200 200 200 200 200 200 200 200 200 200 200 200 200 200 200 200 200 200 200 200 200 200 200 200 200 200 200 200 200 200 200 200 200 200 200 200 200 200 200 200 200 200 200 200 200 200 200 200 200 200 200 200 200 200 200 200 200 200 200 200 200 200 200 200 200 200 200 200 200 200 200 200 200 200 200 200 200 200 200 200 200 200 200 200 200 200 200 200 200 200 200 200 200 200 200 200 200 200 200 200 200 200 200 200 200 200 200 200 200 200 200 200 200 200 200 200 200 200 200 200 200 200 200 200 200 200 200 200
845
0 200 94 64 64 117 93 94 103 87 75 63 55 71 56 99 102 57 70 83 98 84 61 84 66 107 104 104 65 82 110 118 117 51 62 95 63 50 118 104 90 75 103 79 79 120 111 73 107 73 61 82 72 84 105 106 61 73 76 51 120 50 72 98 97 52 88 84 81 72 105 57 78 101 73 112 99 91 67 102 107 93 78 58 114 77 63 60 66 120 112 69 105 117 51 105 51 70 53 54 94 100 99 77 72 115 105 108 114 58 95 110 55 87 105 50 99 105 89 92 92 109 103 56 54 119 85 56 115 72 81 119 72 57 97 71 120 109 110 75 104 115 92 62 64 77 81 72 97 107 55 63 59 98 99 98 99 81 63 61 65 107 102 72 102 96 85 90 94 83 78 100 81 96 94 73 107 84 54 96 53 56 120 64 74 73 94 61 60 96 111 68 90 50 106 68 55 83 66 52 104 86 119 51 84 101 61 55 65 79 55 105 70 67 72 112 112 89 83 70 82 53 91 62 92 96 78 94 98 106 71 113 66 120 60 115 109 68 115 99 102 103 110 73 101 62 95 54 110 102 104 77 114 52 51 103 62 77 97 87 68 82 59 62 96 85 112 56 92 79 50 102 120 117 91 89 114 92 114 94 84 58 75 86 54 108 88 105 81 66 89 87 118 97 83 69 94 86 108 57 53 107 88 91 77 103 64 54 84 113 51 57 111 86 118 87 68 79 85 95 102 116 84 105 64 52 74 62 64 101 77 118 113 59 67 105 50 110 118 85 50 53 93 114 94 109 82 101 55 116 116 67 88 95 98 79 95 115 89 65 89 61 80 90 84 91 55 73 64 89 53 103 55 58 118 117 120 116 56 75 53 107 91 71 61 102 80 108 55 109 53 111 69 94 56 53 58 77 71 100 59 69 113 59 98 80 81 117 118 72 120 54 83 56 78 119 81 55 86 76 73 100 118 108 59 75 113 111 73 59 99 92 65 54 58 101 67 71 78 77 105 56 113 87 74 113 73 86 63 119 91 106 52 60 59 68 56 108 52 59 74 92 105 82 68 59 58 57 86 101 64 54 62 105 78 60 56 59 63 102 81 93 116 85 50 99 106 82 91 56 88 82 115 112 79 90 55 91 54 98 72 83 65 59 96 62 110 92 119 106 86 80 111 88 51 114 86 95 66 62 51 98 76 58 110 95 71 103 53 111 115 107 75 96 53 62 95 74 114 68 104 50 73 62 91 102 86 114 62 72 112 92 75 58 106 91 115 90 89 87 119 85 112 68 109 104 67 64 71 83 112 82 58 82 84 60 51 115 66 52 89 94 94 115 107 81 50 106 101 91 74 113 93 86 51 113 104 74 54 105 75 114 69 50 82 70 71 85 80 66 71 74 87 62 111 57 103 117 93 93 107 80 99 99 108 97 64 97 96 61 85 81 115 66 88 105 80 73 90 105 52 69 57 80 71 57 51 59 118 105 113 117 59 77 72 59 61 64 86 94 84 107 70 58 56 63 83 99 59 99 103 106 98 108 76 109 111 72 78 70 72 75 71 99 107 100 89 54 80 82 86 100 79 57 114 60 60 95 53 116 72 99 93 108 93 89 63 103 93 94 63 105 83 99 100 96 56 115 119 119 67 53 102 84 89 111 94 108 96 57 77 93 111 116 72 110 120 105 51 102 79 107 85 79 75 51 84 73 100 91 107 50 99 92 68 120 91 86 120 106 96 89 55 69 91 78 100 116 79 54 98 80 93 71 57 117 95 71 93 101 64 106 79 89 83 64 76 71 98 120 59 82 75 77 83 89 116 67 109 94 117 54 99 109 55 54 117 98 118 76 91 64 76 53 81 60 75 111 64 103 84 99 105 77 114 101 69 111 96 53 60 78 113 68 93 100 117 118 96 91 118 86 83 95 200
889
0 200 83 56 72 73 104 84 94 74 95 63 92 54 66 52 91 98 68 93 89 93 52 81 90 77 118 61 100 57 63 90 66 119 51 108 80 98 61 97 108 85 90 116 112 88 87 77 95 97 53 75 104 103 114 118 81 67 83 102 57 96 86 118 107 76 65 69 88 79 106 65 119 88 118 88 71 77 76 95 53 77 73 85 62 109 77 90 95 73 73 78 88 54 113 97 58 93 101 103 84 117 56 56 69 71 75 84 61 81 95 75 68 95 85 76 114 101 87 55 58 91 100 72 53 53 65 108 106 52 87 87 66 90 101 52 57 54 119 103 78 63 101 118 99 88 63 83 73 66 52 120 65 79 117 91 107 57 67 96 115 108 75 116 55 112 83 89 73 119 52 106 59 104 79 78 78 79 70 84 104 57 92 62 97 116 105 98 92 96 64 64 114 57 82 111 110 64 52 55 68 53 53 73 51 95 63 73 79 63 77 103 65 51 57 62 108 86 97 66 67 81 63 76 72 106 51 74 75 67 105 76 112 84 55 99 85 104 67 82 66 58 111 104 63 89 87 66 117 118 94 111 72 97 64 109 112 89 52 55 70 101 99 64 107 53 81 89 67 81 82 64 113 56 62 79 73 95 57 72 77 105 99 115 105 90 87 89 79 113 106 65 82 61 95 66 62 84 81 61 90 96 53 98 101 117 92 64 94 78 81 56 118 99 86 101 54 57 70 76 113 101 53 80 60 67 73 56 73 91 66 86 82 75 96 92 102 73 115 93 92 65 96 77 107 65 56 74 114 62 87 75 72 117 64 119 94 89 75 57 84 55 95 50 61 80 73 113 75 119 61 57 81 111 112 54 51 86 52 98 112 66 88 81 62 86 88 87 105 107 83 61 82 83 81 106 105 117 116 74 102 98 78 93 113 62 51 98 66 113 63 101 103 108 75 71 66 118 74 100 115 100 73 98 60 72 71 87 82 69 67 64 115 86 57 108 64 85 83 52 116 100 83 109 97 86 96 114 56 117 118 104 64 100 61 74 89 81 112 119 75 92 100 72 60 90 54 61 67 113 102 116 66 90 116 86 71 92 55 76 67 74 112 84 62 62 119 57 65 115 116 95 69 88 62 67 77 62 75 107 96 73 118 71 81 71 98 95 119 110 111 67 110 71 120 103 99 89 50 68 90 82 92 88 92 76 70 74 85 65 98 70 86 77 117 79 115 72 88 112 100 62 102 84 70 91 74 98 54 104 103 53 95 119 63 112 87 80 118 116 113 106 70 106 93 110 55 83 60 62 69 53 60 55 103 66 85 57 55 105 110 102 86 69 85 90 110 96 71 104 106 75 111 59 76 92 106 53 56 118 67 79 70 110 91 106 116 103 59 107 107 53 112 80 99 94 110 117 93 54 54 113 80 106 71 100 110 67 52 53 51 52 65 110 90 100 101 116 120 98 104 71 98 101 101 109 108 84 101 64 94 55 103 66 100 62 71 93 106 54 86 58 115 89 111 83 98 113 85 108 60 76 54 112 58 74 84 56 90 108 54 82 119 113 71 93 72 113 108 101 69 99 100 52 86 119 120 70 84 90 103 92 80 102 80 88 77 115 51 105 90 113 106 108 78 57 51 87 111 91 50 80 119 117 52 83 86 95 79 107 53 86 93 82 120 117 76 115 96 91 87 63 109 98 105 96 76 110 97 69 106 81 86 94 95 97 67 79 106 112 117 63 64 50 51 56 57 85 115 57 98 108 110 84 75 65 105 102 63 69 113 120 66 51 52 86 96 91 53 102 106 113 71 73 52 64 67 98 68 87 110 113 104 72 99 105 111 50 76 85 104 95 61 55 118 51 109 99 72 116 120 87 97 86 68 110 51 55 91 80 99 111 54 68 93 61 59 70 76 72 77 65 62 69 72 112 84 54 51 105 89 82 101 67 97 115 75 97 55 103 62 97 81 97 103 105 87 65 97 96 52 57 81 86 103 99 91 68 105 64 71 53 52 89 94 98 65 80 200
75
41 158 22 187 22 158 22 187 22 22 158 22 187 22 22 41 158 158 187 187 22 187 22 187 158 22 187 41 158 187 158 22 187 158 158 22 41 22 22 22 22 187 41 158 22 158 22 158 158 158 158 187 187 158 22 41 22 158 158 22 187 41 41 187 22 187 187 22 22 41 22 22 187 158 158
334
0 200 95 78 96 57 57 56 58 79 59 75 53 96 82 84 68 78 109 67 64 85 69 116 106 93 64 110 82 52 110 70 65 92 85 118 83 64 52 94 113 88 119 67 59 54 119 96 83 109 75 86 52 103 93 84 111 95 91 52 81 75 110 89 53 60 94 84 95 97 120 98 115 116 81 83 71 70 67 65 93 115 93 61 54 67 119 88 92 53 52 99 77 67 94 58 66 89 73 69 55 69 57 93 58 104 82 90 81 67 66 116 82 112 113 85 112 51 74 78 95 59 58 100 72 92 89 55 82 104 68 92 114 53 79 68 88 82 104 86 108 68 81 112 58 80 88 72 69 89 69 101 59 66 55 107 77 50 77 53 110 104 57 111 120 105 77 66 86 60 100 54 106 61 60 72 58 98 73 116 71 68 116 65 76 118 72 68 65 83 83 101 79 103 66 113 104 74 101 84 115 68 67 64 76 107 119 118 100 107 95 103 106 83 56 79 120 100 68 53 56 112 112 66 88 68 103 86 91 69 103 68 77 119 110 57 102 77 80 57 61 78 98 69 120 95 57 91 52 105 50 103 112 73 75 78 68 106 90 73 102 64 106 115 75 101 117 105 107 62 117 73 71 55 92 87 99 80 65 74 67 67 53 71 76 72 80 120 76 65 61 115 120 82 57 109 77 58 73 76 60 82 58 67 120 104 54 98 101 68 108 84 80 68 80 114 58 77 81 115 96 71 79 103 80 96 54 77 87 73 101 71 99 200
693
0 15 19 13 7 17 13 6 179 170 7 0 8 18 0 157 3 14 20 15 14 6 18 2 2 5 17 4 9 189 17 178 7 5 4 150 20 12 14 5 7 19 17 0 8 9 10 7 163 17 17 12 12 7 191 157 14 7 12 188 8 11 20 6 4 2 189 15 3 13 1 193 16 150 6 11 7 11 12 14 8 5 11 175 3 4 8 11 6 195 20 15 12 200 12 7 11 155 2 200 167 14 151 14 197 12 17 6 13 12 9 16 20 15 156 18 158 0 16 158 13 10 190 20 8 15 12 5 17 14 18 9 14 17 9 3 168 198 8 3 12 183 5 11 8 1 13 4 157 164 8 19 14 151 196 187 19 17 5 183 4 155 163 6 169 18 2 13 189 19 194 14 163 7 158 188 161 6 3 0 1 1 10 152 15 14 2 1 10 13 19 0 17 10 15 199 17 10 12 155 9 3 5 5 11 6 151 7 3 4 19 14 11 192 15 16 2 19 19 4 8 13 175 170 7 0 8 183 7 8 4 5 3 168 17 7 170 17 13 20 182 0 9 9 10 199 9 171 2 17 185 7 9 186 14 9 6 1 4 176 4 14 20 18 6 18 14 15 18 16 9 150 9 5 9 1 7 186 8 10 1 153 4 176 9 0 2 15 6 3 11 172 0 19 16 0 2 0 161 159 190 20 0 160 9 0 7 16 20 16 10 200 20 4 4 1 7 16 16 7 3 17 8 177 11 163 8 13 11 13 14 9 15 176 11 9 187 0 14 177 18 20 176 10 7 15 9 9 15 197 11 11 13 14 15 9 13 1 199 151 166 16 164 1 8 2 0 7 8 184 0 15 15 8 172 179 164 8 197 19 2 15 7 5 20 20 8 14 4 19 200 13 10 151 164 7 14 18 163 9 1 193 3 199 16 16 187 6 175 175 10 180 156 8 0 173 5 20 2 14 2 3 9 189 20 14 20 20 7 13 15 169 17 18 13 4 11 14 184 13 17 0 164 4 7 8 193 16 20 10 20 20 18 10 9 6 10 15 19 10 171 9 150 17 189 1 20 10 6 20 172 14 5 11 2 196 0 10 11 5 16 179 11 3 7 18 16 8 0 19 3 2 17 3 13 12 162 10 179 6 8 2 16 12 12 1 171 15 13 15 6 189 2 9 152 11 174 0 152 189 172 11 193 9 1 13 17 16 17 193 155 19 2 1 18 12 19 10 8 182 186 15 5 14 0 1 4 15 179 20 9 5 8 11 16 12 11 9 7 15 7 16 18 5 7 153 168 11 8 14 189 166 3 20 6 2 20 177 4 3 2 0 174 4 19 12 8 199 9 170 14 12 187 11 8 2 174 6 192 11 167 3 7 1 10 181 13 12 7 190 175 181 15 11 176 170 1 2 11 12 20 19 6 14 5 4 5 11 8 150 20 10 14 184 14 195 13 8 15 156 20 18 5 0 198 2 14 18 15 20 3 5 4 1 9 195 1 0 9 11 1 10 153 5 179 12 19 11 20 9 10 0 11 9 0 181 175 20 1 156 7 192 19 14 20 7 20 12 164 15 13 17 9
85
87 194 63 179 186 192 136 119 123 82 22 130 91 68 64 145 35 100 81 27 149 76 56 189 44 83 18 24 194 194 120 185 2 34 68 184 91 0 22 154 195 51 131 172 47 56 119 76 114 39 135 170 163 162 172 145 67 137 85 3 95 156 200 110 81 31 117 180 13 72 42 156 104 155 106 139 120 143 28 47 139 139 98 17 45
620
4 85 85 85 4 85 4 4 4 4 85 4 4 85 85 4 85 85 4 85 85 4 85 85 85 4 4 4 4 4 4 4 85 4 85 85 85 4 4 4 85 4 4 85 85 85 85 85 4 85 85 4 4 4 85 85 4 85 4 4 4 4 85 85 85 4 4 4 4 4 4 4 85 4 85 85 85 85 85 85 85 85 4 85 4 85 4 85 4 85 85 4 85 4 85 85 85 85 4 85 4 85 85 4 85 85 85 4 4 85 85 85 85 85 4 85 85 85 85 85 85 85 85 85 85 4 85 85 4 85 85 85 4 85 85 4 85 85 4 4 4 85 85 4 85 85 85 4 4 4 85 85 85 85 4 85 4 85 4 4 85 4 85 85 4 85 85 4 4 4 85 85 4 85 85 85 85 85 4 4 4 4 85 85 85 4 85 4 4 85 4 4 85 4 85 4 85 85 4 85 85 4 4 85 85 85 85 4 4 85 4 4 4 85 4 4 85 85 85 4 85 4 85 85 85 85 85 85 85 4 4 85 4 4 85 85 4 85 4 4 85 85 4 85 4 85 4 85 85 4 4 85 4 4 85 4 4 4 4 4 4 4 85 4 4 4 85 4 4 85 85 85 4 85 4 4 4 85 85 4 4 4 85 4 4 4 85 4 4 85 4 85 4 4 85 4 4 85 4 85 85 4 85 85 4 4 4 4 4 4 4 4 85 85 85 85 4 85 85 4 4 85 85 4 4 4 85 85 4 85 4 85 85 85 4 85 85 4 4 85 85 85 4 4 85 4 85 4 85 4 4 85 85 85 4 4 85 85 85 85 4 4 4 85 4 85 85 4 4 4 4 4 85 85 4 4 85 4 4 4 85 85 85 4 4 85 4 85 85 4 4 85 4 4 85 4 4 4 85 4 85 85 85 85 85 4 85 85 85 85 85 4 4 4 4 85 4 4 4 4 4 85 4 85 4 85 85 4 85 4 4 4 4 4 85 4 4 4 4 85 4 4 85 85 85 85 4 4 4 4 4 85 85 85 85 4 4 85 4 4 85 4 4 4 85 4 4 4 4 4 85 85 85 4 4 4 85 85 4 85 85 4 85 4 85 85 85 4 4 85 4 85 85 4 85 85 4 4 85 4 4 4 4 85 85 85 85 85 85 4 4 85 85 85 85 85 85 85 85 85 85 4 4 85 4 4 85 85 4 85 85 85 85 85 85 85 85 85 4 85 4 85 4 4 4 4 4 4 4 85 4 85 85 85 4 85 85 85 4 4 4 85 4 4 4 4 85 4 4 4 85 4 85 4 4 85 85 85 4 85 85 85 85 4 4 4 4 4 4 85 85 4 4 85 4 4 4 4 85 85 85 85 4 4 85 4 85 4 85 4 85 85 4 4 85 4 4 85 85 85
897
0 0 0 0 0 0 0 0 0 0 0 0 0 0 0 0 0 0 0 0 0 0 0 0 0 0 0 0 0 0 0 0 0 0 0 0 0 0 0 0 0 0 0 0 0 0 0 0 0 0 0 0 0 0 0 0 0 0 0 0 0 0 0 0 0 0 0 0 0 0 0 0 0 0 0 0 0 0 0 0 0 0 0 0 0 0 0 0 0 0 0 0 0 0 0 0 0 0 0 0 0 0 0 0 0 0 0 0 0 0 0 0 0 0 0 0 0 0 0 0 0 0 0 0 0 0 0 0 0 0 0 0 0 0 0 0 0 0 0 0 0 0 0 0 0 0 0 0 0 0 0 0 0 0 0 0 0 0 0 0 0 0 0 0 0 0 0 0 0 0 0 0 0 0 0 0 0 0 0 0 0 0 0 0 0 0 0 0 0 0 0 0 0 0 0 0 0 0 0 0 0 0 0 0 0 0 0 0 0 0 0 0 0 0 0 0 0 0 0 0 0 0 0 0 0 0 0 0 0 0 0 0 0 0 0 0 0 0 0 0 0 0 0 0 0 0 0 0 0 0 0 0 0 0 0 0 0 0 0 0 0 0 0 0 0 0 0 0 0 0 0 0 0 0 0 0 0 0 0 0 0 0 0 0 0 0 0 0 0 0 0 0 0 0 0 0 0 0 0 0 0 0 0 0 0 0 0 0 0 0 0 0 0 0 0 0 0 0 0 0 0 0 0 0 0 0 0 0 0 0 0 0 0 0 0 0 0 0 0 0 0 0 0 0 0 0 0 0 0 0 0 0 0 0 0 0 0 0 0 0 0 0 0 0 0 0 0 0 0 0 0 0 0 0 0 0 0 0 0 0 0 0 0 0 0 0 0 0 0 0 0 0 0 0 0 0 0 0 0 0 0 0 0 0 0 0 0 0 0 0 0 0 0 0 0 0 0 0 0 0 0 0 0 0 0 0 0 0 0 0 0 0 0 0 0 0 0 0 0 0 0 0 0 0 0 0 0 0 0 0 0 0 0 0 0 0 0 0 0 0 0 0 0 0 0 0 0 0 0 0 0 0 0 0 0 0 0 0 0 0 0 0 0 0 0 0 0 0 0 0 0 0 0 0 0 0 0 0 0 0 0 0 0 0 0 0 0 0 0 0 0 0 0 0 0 0 0 0 0 0 0 0 0 0 0 0 0 0 0 0 0 0 0 0 0 0 0 0 0 0 0 0 0 0 0 0 0 0 0 0 0 0 0 0 0 0 0 0 0 0 0 0 0 0 0 0 0 0 0 0 0 0 0 0 0 0 0 0 0 0 0 0 0 0 0 0 0 0 0 0 0 0 0 0 0 0 0 0 0 0 0 0 0 0 0 0 0 0 0 0 0 0 0 0 0 0 0 0 0 0 0 0 0 0 0 0 0 0 0 0 0 0 0 0 0 0 0 0 0 0 0 0 0 0 0 0 0 0 0 0 0 0 0 0 0 0 0 0 0 0 0 0 0 0 0 0 0 0 0 0 0 0 0 0 0 0 0 0 0 0 0 0 0 0 0 0 0 0 0 0 0 0 0 0 0 0 0 0 0 0 0 0 0 0 0 0 0 0 0 0 0 0 0 0 0 0 0 0 0 0 0 0 0 0 0 0 0 0 0 0 0 0 0 0 0 0 0 0 0 0 0 0 0 0 0 0 0 0 0 0 0 0 0 0 0 0 0 0 0 0 0 0 0 0 0 0 0 0 0 0 0 0 0 0 0 0 0 0 0 0 0 0 0 0 0 0 0 0 0 0 0 0 0 0 0 0 0 0 0 0 0 0 0 0 0 0 0 0 0 0 0 0 0 0 0 0 0 0 0 0 0 0 0 0 0 0 0 0 0 0 0 0 0 0 0 0 0 0 0 0 0 0 0 0 0 0 0 0 0 0 0 0 0 0 0 0 0 0 0 0 0 0 0 0 0 0 0 0 0 0 0 0 0 0 0 0 0 0 0 0 0 0 0 0 0 0 0 0 0 0 0 0 0 0 0 0 0
227
28 40 194 193 23 76 181 68 11 11 17 96 1 5 35 71 27 178 107 182 46 82 185 157 7 98 8 31 183 145 172 70 121 86 113 26 142 25 136 10 193 159 137 133 61 98 184 134 57 21 12 132 47 114 145 80 8 84 7 35 18 145 146 45 55 38 86 148 54 149 111 197 52 195 108 199 127 191 99 192 122 52 119 163 150 150 14 151 113 105 188 72 52 40 50 31 54 117 2 122 74 69 5 10 193 142 69 1 16 57 97 68 81 128 163 89 158 175 123 56 8 92 102 111 7 198 61 104 7 195 160 100 107 2 140 77 186 64 171 159 163 104 18 9 127 58 95 189 190 70 136 68 125 49 40 57 89 74 9 179 109 168 106 198 130 109 172 76 95 171 71 139 35 184 43 142 78 91 46 58 20 34 186 16 30 198 75 131 113 194 44 95 55 72 166 76 71 12 107 75 189 124 49 181 185 151 53 18 76 55 85 143 103 95 0 112 123 100 59 71 135 173 187 190 174 176 87
479
197 151 21 104 109 175 152 8 139 200 117 63 133 23 121 58 94 57 193 189 111 57 130 43 48 83 186 188 106 143 28 2 102 11 1 147 149 49 74 26 12 192 115 10 64 12 109 42 25 183 20 58 40 163 37 35 192 27 86 81 100 105 17 55 170 80 177 140 39 163 107 28 10 6 181 113 132 88 123 53 77 168 79 111 144 160 20 116 1 62 21 54 134 147 178 196 146 147 75 37 190 34 18 166 104 147 151 108 141 172 40 94 96 81 49 159 42 53 153 45 117 185 121 105 148 13 183 109 59 123 64 20 29 94 50 169 200 151 54 133 110 158 189 147 105 101 65 49 160 100 154 47 138 131 131 67 103 123 18 96 192 87 10 46 44 12 132 3 146 71 89 165 52 132 102 100 155 121 108 73 31 61 95 52 128 111 84 24 194 155 92 142 187 42 15 160 185 18 88 199 36 191 43 120 155 144 151 154 46 74 132 145 120 15 95 24 104 172 103 83 58 171 89 137 27 178 184 68 32 129 103 122 172 132 97 53 148 113 55 6 126 84 98 175 160 125 193 65 166 90 165 22 27 4 147 175 31 178 142 47 154 60 73 119 131 79 28 168 135 99 105 85 5 111 47 33 169 27 135 124 111 130 20 63 187 89 153 199 93 179 85 41 185 58 30 84 62 57 186 194 101 149 180 150 91 128 37 81 2 9 116 3 145 32 125 74 73 45 162 82 118 36 43 67 114 37 196 120 183 132 84 100 106 121 36 129 35 18 180 20 136 76 21 105 24 35 13 198 169 16 48 197 4 171 164 42 29 105 179 71 184 182 8 77 122 110 190 138 2 44 142 54 166 96 190 51 3 97 16 44 31 57 33 176 105 84 143 140 156 148 115 145 36 197 133 148 18 152 4 64 45 73 1 52 194 17 53 23 177 200 109 87 3 60 155 46 148 188 83 21 57 7 124 132 169 1 83 145 136 65 75 148 130 117 180 108 141 98 73 180 63 47 102 6 40 44 136 141 81 123 90 65 16 106 81 18 103 128 200 104 34 79 113 145 77 27 186 167 39 94 168 150 168 158 1 129 102 121 77
608
111 17 17 133 17 39 39 133 111 133 133 39 18 111 39 39 17 39 39 18 39 17 133 39 18 111 18 39 17 111 111 39 111 133 133 133 17 133 133 39 18 17 111 17 111 17 39 133 18 133 17 133 133 18 18 133 18 133 17 133 133 39 111 133 18 17 39 17 18 111 133 18 18 133 17 17 111 18 18 18 18 111 111 18 18 18 111 39 17 39 133 39 39 111 17 18 133 18 39 133 18 17 18 111 17 39 18 111 111 18 18 111 111 17 111 18 39 39 17 18 18 18 17 39 111 133 111 111 39 111 111 133 17 133 39 18 133 17 39 39 17 17 39 18 18 17 133 111 18 17 17 18 133 39 18 18 39 17 133 133 133 111 133 111 17 39 17 18 17 133 133 18 18 18 111 133 39 133 39 39 17 111 133 111 18 133 133 39 133 133 133 111 111 39 18 18 17 133 111 18 39 39 111 18 111 39 133 111 17 111 39 133 18 133 18 17 39 39 133 17 18 133 111 111 18 17 133 39 18 133 111 17 39 18 111 111 18 17 39 18 17 18 133 111 39 17 17 111 18 18 111 17 133 18 17 39 111 133 17 18 39 133 111 39 18 17 39 39 17 39 17 111 17 17 111 133 18 18 17 39 133 17 18 18 18 18 17 39 39 17 133 111 133 39 18 111 17 133 111 18 39 17 17 18 111 18 111 111 17 18 133 133 111 111 111 17 39 133 17 17 111 18 39 133 133 17 18 111 39 111 39 17 18 111 17 17 39 39 39 17 133 39 39 111 111 133 133 18 17 17 17 39 18 111 111 39 18 39 111 17 17 39 39 18 17 133 133 18 111 17 18 133 133 18 39 133 39 39 39 17 18 133 133 133 133 17 39 133 18 111 39 18 18 39 17 17 133 111 17 39 39 17 39 18 18 39 111 17 39 17 18 18 18 39 18 39 133 111 39 39 17 18 39 39 18 133 39 133 111 18 18 39 39 18 18 39 18 18 17 133 133 39 39 39 39 17 133 39 18 17 39 39 17 17 133 133 18 17 111 111 17 17 133 17 17 18 133 18 111 18 17 39 39 133 39 17 18 17 17 133 111 17 39 133 17 39 133 133 39 39 39 39 133 39 17 18 133 133 17 18 39 133 18 18 39 18 39 18 18 18 18 39 39 18 133 111 18 111 17 18 18 111 17 133 133 111 17 133 17 17 39 111 133 133 111 17 133 17 111 111 39 133 39 111 39 39 111 39 111 17 111 18 17 17 18 17 17 133 17 18 18 133 111 133 111 17 17 18 17 111 39 17 39 133 39 111 111 18 111 133 133 18 133 133 17 18 18 111 17 18 111 39 39 18 133 111 18 39 111 111 18 17 133 133 17 133 17 133
931
7 16 13 9 6 4 18 19 0 2 14 3 19 17 5 9 14 14 6 3 15 17 5 13 1 17 16 19 9 15 12 19 4 12 5 5 5 9 4 18 18 2 17 17 1 18 17 10 16 17 6 5 8 3 14 12 9 6 15 17 9 4 19 18 6 4 3 20 20 7 14 15 12 14 5 15 0 2 6 0 2 2 1 6 16 13 7 20 6 2 19 19 1 6 14 1 19 19 13 9 11 15 18 7 17 6 17 0 10 15 18 17 13 7 7 0 0 14 9 14 10 6 0 10 15 0 10 17 17 15 2 6 4 19 1 18 18 3 19 3 20 2 11 18 5 6 18 20 4 19 9 20 13 7 3 12 10 0 11 7 5 9 6 6 20 4 19 11 19 7 8 0 11 18 10 17 5 11 2 11 8 6 10 11 8 14 3 12 0 6 6 3 6 5 6 20 15 19 6 11 10 0 8 16 3 3 14 8 6 19 9 12 8 15 18 18 13 2 17 17 0 2 2 5 14 1 7 2 0 14 10 1 9 10 5 7 15 6 5 19 18 7 9 2 2 19 3 15 11 16 6 1 9 0 14 3 8 16 11 14 17 14 2 10 6 1 20 14 4 10 0 1 17 1 16 3 17 3 15 1 18 2 4 6 1 6 17 7 9 15 19 15 14 6 16 17 3 0 19 20 17 8 15 11 4 1 14 17 17 16 8 0 11 20 6 6 19 10 9 3 2 9 5 14 11 10 18 13 3 12 16 12 8 13 0 14 1 20 5 3 16 1 8 1 10 8 1 11 20 13 9 2 18 10 8 6 16 9 6 17 7 4 0 11 0 19 9 15 7 10 7 9 1 5 0 2 19 6 5 7 18 6 1 6 0 1 7 5 3 2 7 17 1 11 5 11 7 15 11 0 17 5 5 5 12 1 14 10 2 13 0 5 17 5 5 20 2 0 5 20 17 12 1 12 19 6 18 3 2 3 3 8 18 17 5 7 10 2 15 10 12 11 5 14 7 19 15 11 2 17 4 18 17 10 4 16 4 1 3 14 18 13 19 13 10 11 19 13 4 4 6 19 1 5 19 6 5 16 16 4 16 10 14 19 7 11 13 15 6 3 16 7 20 9 20 3 8 9 5 19 20 11 6 17 14 17 8 8 3 2 5 16 19 7 1 18 17 16 19 16 10 17 10 9 9 6 11 12 14 2 14 3 5 14 19 8 1 1 16 20 15 0 12 11 3 11 19 9 20 19 18 19 1 12 19 0 20 7 13 9 6 7 5 15 13 0 15 14 11 17 13 3 16 1 16 1 12 2 10 4 12 12 0 19 16 10 15 18 8 2 19 16 11 13 13 15 7 19 18 17 14 15 13 3 7 17 14 14 20 9 7 4 2 14 11 11 19 9 13 20 18 11 1 5 5 9 17 5 11 10 15 2 6 3 6 17 11 6 1 16 3 14 17 9 1 0 16 4 15 13 0 16 17 3 19 4 19 6 15 2 0 1 6 8 14 12 6 14 3 9 16 5 3 1 6 19 4 6 10 6 15 17 10 14 7 19 20 1 8 19 3 12 19 5 12 0 14 1 2 15 8 3 12 7 19 5 12 9 15 11 17 20 3 19 17 0 1 8 11 7 19 12 13 4 12 19 4 9 20 1 0 15 20 13 10 3 9 16 15 6 10 6 8 2 13 17 2 6 5 3 15 4 2 3 10 11 15 1 1 10 13 9 16 13 20 16 11 6 16 5 17 13 20 15 3 2 3 3 6 16 8 2 19 12 11 15 0 7 14 11 17 14 8 6 7 14 20 20 14 7 4 2 3 5 11 3 7 5 6 16 18 0 17 18 0 5 10 3 9 17 7 2 19 20 20 11 10 9 19 4 5 8 9 2 8 11 2 3 5 1 12 14 4 3 8 18 14 12 3 11 16 3 10 5 11 10 2 11 7 3 16 6 18 3 10 5 5 12 13 7 4 11 19 8 1 10 8 5 15 9 13 2 14 10 1 12 17 7 1 10 3 5 20 19 1 19 20 5 19 8 16 20 18 9 14 6 14 18 9 1 4 7 17 16 14 0 17 19 11 20 15 9 3 17 3 13 0 20 7 17 17
993
169 123 148 169 100 188 188 123 188 188 100 188 123 148 123 100 148 169 169 100 188 188 188 123 123 188 100 100 148 123 100 169 100 148 188 123 123 148 148 123 123 148 100 100 169 100 169 169 100 169 123 188 169 169 188 148 169 169 169 148 123 188 148 100 100 188 169 100 123 148 148 148 100 148 100 148 188 100 123 123 100 100 100 148 123 188 188 169 188 123 188 188 188 148 148 188 123 148 169 188 169 169 100 123 123 188 148 148 188 100 123 123 169 100 169 100 188 169 169 123 100 100 100 188 123 123 188 148 100 188 100 148 169 148 123 169 169 100 148 188 100 188 148 188 188 188 169 169 169 169 169 100 100 100 100 188 188 188 188 148 169 169 148 123 188 100 188 169 100 188 100 100 148 148 188 169 123 188 169 188 169 188 169 100 100 148 148 123 169 148 123 100 188 169 100 169 188 100 148 148 100 148 100 169 100 123 188 100 188 100 188 123 188 100 148 100 148 148 100 188 148 123 148 100 100 169 148 188 148 123 169 123 100 148 169 148 123 100 188 100 169 100 123 100 148 123 188 188 123 123 123 188 148 123 148 123 123 100 123 169 123 100 148 169 100 148 100 100 188 169 100 188 188 188 148 188 100 100 100 188 100 169 148 188 100 123 188 188 148 169 148 100 169 123 148 188 148 123 169 100 188 148 148 123 169 148 123 100 148 100 169 123 169 100 148 169 188 148 169 123 148 123 188 100 188 169 100 169 100 148 169 100 123 169 169 148 148 123 169 100 148 123 100 100 188 188 188 123 123 123 188 169 100 100 188 188 148 148 123 100 169 169 123 169 169 123 169 148 123 169 188 148 123 169 148 169 188 148 148 123 148 169 123 148 169 188 169 123 169 100 123 148 169 169 100 123 123 148 169 148 188 100 123 123 169 100 148 100 169 148 123 188 148 169 169 100 188 100 123 100 169 100 100 148 100 148 123 123 100 123 123 123 123 148 188 100 123 188 148 188 123 123 123 148 123 100 100 188 188 100 148 123 123 148 188 123 123 169 100 123 100 123 123 100 188 123 100 169 123 188 148 169 100 100 100 169 188 188 123 123 188 188 100 169 100 123 188 188 148 188 100 148 100 188 169 123 100 188 123 148 148 123 100 123 188 123 188 100 123 100 123 100 100 148 100 169 169 169 123 169 123 188 100 148 123 169 148 100 169 169 169 123 100 188 100 148 188 100 188 169 188 148 100 100 148 148 148 100 123 169 123 100 100 148 100 100 100 148 169 188 169 100 123 123 169 188 188 100 123 100 123 148 148 100 188 100 188 100 100 188 100 188 169 188 100 123 188 123 169 169 123 148 169 169 169 148 148 148 169 123 169 169 123 100 100 148 188 123 148 148 148 188 100 100 148 100 169 188 123 169 100 100 123 123 188 188 123 100 148 148 188 148 148 100 169 100 100 100 169 188 169 123 148 169 123 188 188 169 123 148 123 100 148 100 100 188 188 100 148 169 100 148 123 148 148 188 123 169 100 169 188 100 148 169 123 188 100 148 148 148 169 100 169 123 188 123 148 123 148 169 188 188 148 169 169 169 169 169 169 148 148 123 123 123 188 123 169 148 148 100 123 123 123 169 123 123 169 169 148 148 169 169 169 100 148 169 169 188 123 169 100 169 100 169 188 123 148 100 100 100 188 123 169 188 123 123 188 100 148 169 100 169 100 188 100 100 169 169 169 169 100 148 169 188 148 188 169 188 169 188 148 148 148 123 188 123 148 100 100 188 148 100 169 100 169 169 148 148 100 148 123 148 169 148 100 188 100 169 100 188 148 169 100 188 123 148 148 169 188 148 188 123 169 148 123 100 169 148 188 100 100 123 100 169 123 188 123 169 148 123 148 169 100 188 148 123 169 188 123 148 169 169 100 100 169 148 123 100 123 169 123 148 188 100 169 188 169 188 188 188 148 123 188 148 100 148 188 100 123 188 123 100 100 148 169 188 169 100 188 123 123 123 123 148 169 169 123 100 148 188 169 123 148 148 188 123 100 188 100 123 123 100 100 100 169 148 188 188 100 169 188 123 188 100 169 169 188 169 123 148 123 188 123 100 123 123 100 169 148 100 169 148 148 100 169 188 188 169 148 148 148 188 123 188 148 123 123 148 123 100 148 169 148 169 188 188 148 148 188 188 100 188 169 188 148 123 100 148 148 148 123 148 188 188 123 123 169 148 148 100 169 148 123 148 123 148 100 100 169 188 188 100 148
869
0 0 0 0 0 0 0 0 0 0 0 0 0 0 0 0 0 0 0 0 0 0 0 0 0 0 0 0 0 0 0 0 0 0 0 0 0 0 0 0 0 0 0 0 0 0 0 0 0 0 0 0 0 0 0 0 0 0 0 0 0 0 0 0 0 0 0 0 0 0 0 0 0 0 0 0 0 0 0 0 0 0 0 0 0 0 0 0 0 0 0 0 0 0 0 0 0 0 0 0 0 0 0 0 0 0 0 0 0 0 0 0 0 0 0 0 0 0 0 0 0 0 0 0 0 0 0 0 0 0 0 0 0 0 0 0 0 0 0 0 0 0 0 0 0 0 0 0 0 0 0 0 0 0 0 0 0 0 0 0 0 0 0 0 0 0 0 0 0 0 0 0 0 0 0 0 0 0 0 0 0 0 0 0 0 0 0 0 0 0 0 0 0 0 0 0 0 0 0 0 0 0 0 0 0 0 0 0 0 0 0 0 0 0 0 0 0 0 0 0 0 0 0 0 0 0 0 0 0 0 0 0 0 0 0 0 0 0 0 0 0 0 0 0 0 0 0 0 0 0 0 0 0 0 0 0 0 0 0 0 0 0 0 0 0 0 0 0 0 0 0 0 0 0 0 0 0 0 0 0 0 0 0 0 0 0 0 0 0 0 0 0 0 0 0 0 0 0 0 0 0 0 0 0 0 0 0 0 0 0 0 0 0 0 0 0 0 0 0 0 0 0 0 0 0 0 0 0 0 0 0 0 0 0 0 0 0 0 0 0 0 0 0 0 0 0 0 0 0 0 0 0 0 0 0 0 0 0 0 0 0 0 0 0 0 0 0 0 0 0 0 0 0 0 0 0 0 0 0 0 0 0 0 0 0 0 0 0 0 0 0 0 0 0 0 0 0 0 0 0 0 0 0 0 0 0 0 0 0 0 0 0 0 0 0 0 0 0 0 0 0 0 0 0 0 0 0 0 0 0 0 0 0 0 0 0 0 0 0 0 0 0 0 0 0 0 0 0 0 0 0 0 0 0 0 0 0 0 0 0 0 0 0 0 0 0 0 0 0 0 0 0 0 0 0 0 0 0 0 0 0 0 0 0 0 0 0 0 0 0 0 0 0 0 0 0 0 0 0 0 0 0 0 0 0 0 0 0 0 0 0 0 0 0 0 0 0 0 0 0 0 0 0 0 0 0 0 0 0 0 0 0 0 0 0 0 0 0 0 0 0 0 0 0 0 0 0 0 0 0 0 0 0 0 0 0 0 0 0 0 0 0 0 0 0 0 0 0 0 0 0 0 0 0 0 0 0 0 0 0 0 0 0 0 0 0 0 0 0 0 0 0 0 0 0 0 0 0 0 0 0 0 0 0 0 0 0 0 0 0 0 0 0 0 0 0 0 0 0 0 0 0 0 0 0 0 0 0 0 0 0 0 0 0 0 0 0 0 0 0 0 0 0 0 0 0 0 0 0 0 0 0 0 0 0 0 0 0 0 0 0 0 0 0 0 0 0 0 0 0 0 0 0 0 0 0 0 0 0 0 0 0 0 0 0 0 0 0 0 0 0 0 0 0 0 0 0 0 0 0 0 0 0 0 0 0 0 0 0 0 0 0 0 0 0 0 0 0 0 0 0 0 0 0 0 0 0 0 0 0 0 0 0 0 0 0 0 0 0 0 0 0 0 0 0 0 0 0 0 0 0 0 0 0 0 0 0 0 0 0 0 0 0 0 0 0 0 0 0 0 0 0 0 0 0 0 0 0 0 0 0 0 0 0 0 0 0 0 0 0 0 0 0 0 0 0 0 0 0 0 0 0 0 0 0 0 0 0 0 0 0 0 0 0 0 0 0 0 0 0 0 0 0 0 0 0 0 0 0 0 0 0 0 0 0 0 0 0 0 0 0 0 0 0 0 0 0 0 0 0 0 0 0 0 0 0 0 0 0 0 0 0 0 0 0 0 0 0 0
223
200 200 200 200 200 200 200 200 200 200 200 200 200 200 200 200 200 200 200 200 200 200 200 200 200 200 200 200 200 200 200 200 200 200 200 200 200 200 200 200 200 200 200 200 200 200 200 200 200 200 200 200 200 200 200 200 200 200 200 200 200 200 200 200 200 200 200 200 200 200 200 200 200 200 200 200 200 200 200 200 200 200 200 200 200 200 200 200 200 200 200 200 200 200 200 200 200 200 200 200 200 200 200 200 200 200 200 200 200 200 200 200 200 200 200 200 200 200 200 200 200 200 200 200 200 200 200 200 200 200 200 200 200 200 200 200 200 200 200 200 200 200 200 200 200 200 200 200 200 200 200 200 200 200 200 200 200 200 200 200 200 200 200 200 200 200 200 200 200 200 200 200 200 200 200 200 200 200 200 200 200 200 200 200 200 200 200 200 200 200 200 200 200 200 200 200 200 200 200 200 200 200 200 200 200 200 200 200 200 200 200 200 200 200 200 200 200 200 200 200 200 200 200
239
0 200 102 108 75 93 51 80 111 80 118 70 58 55 71 103 109 104 80 90 58 111 115 54 74 68 89 50 68 109 89 106 70 110 108 65 90 113 82 53 99 86 117 62 73 120 59 103 86 82 120 64 86 95 68 52 77 118 113 112 98 83 89 86 86 53 111 86 104 79 53 89 50 63 115 88 91 96 63 86 103 74 76 67 87 110 58 73 97 55 118 67 101 96 111 98 59 63 91 56 91 69 60 83 108 63 73 59 114 92 68 107 74 58 119 61 83 70 109 54 62 63 84 53 58 96 118 67 69 71 120 120 103 82 76 116 105 95 57 59 103 50 78 53 90 62 91 95 58 86 107 63 64 59 118 55 95 109 100 81 55 86 100 118 88 56 61 98 86 109 54 78 70 112 78 99 117 74 71 107 86 66 86 113 96 62 119 71 51 56 80 114 115 94 116 52 107 71 78 52 78 118 91 51 77 111 62 96 67 94 90 50 98 79 96 109 101 118 66 91 105 95 100 82 74 82 113 106 69 82 69 106 64 107 58 75 106 66 200
870
5 11 13 20 9 12 12 17 1 20 0 13 14 17 12 2 11 18 1 4 20 17 11 20 0 11 8 20 7 2 19 1 13 0 6 8 14 1 16 4 15 11 3 5 7 18 12 7 17 18 17 7 10 18 16 7 3 19 18 8 16 14 0 2 2 15 12 4 20 11 11 7 5 11 3 13 10 2 4 14 3 2 16 8 10 16 10 13 14 6 19 16 8 20 17 2 11 8 7 15 8 4 4 10 16 8 18 2 11 10 4 20 16 3 19 12 14 0 11 15 20 6 5 16 20 19 9 18 5 9 16 6 1 19 20 6 16 10 15 10 19 6 20 19 2 7 3 12 3 15 11 15 14 15 6 1 3 6 15 11 16 3 6 20 4 17 3 20 5 8 15 19 17 3 15 14 14 13 9 12 1 11 3 7 9 15 19 18 5 8 13 1 8 5 2 16 14 4 4 7 5 12 18 12 3 11 1 1 6 12 15 19 15 1 12 11 3 2 2 11 18 8 14 4 20 6 10 16 0 8 3 1 15 15 7 6 5 11 9 1 11 16 5 5 2 7 9 17 8 19 3 10 11 12 10 9 13 0 16 19 2 12 9 3 4 8 7 1 4 1 19 2 17 3 17 2 4 9 17 20 18 9 7 19 13 16 10 10 2 17 15 1 3 10 1 0 20 8 2 0 0 1 0 9 18 14 20 10 6 6 16 3 17 2 2 18 7 18 7 15 2 18 8 18 11 4 2 5 3 16 17 8 1 1 4 11 4 5 17 3 1 3 18 7 8 9 14 10 4 1 0 12 10 19 2 3 19 6 6 3 4 18 7 9 18 20 4 19 11 10 12 7 16 6 13 7 14 15 1 0 12 6 6 1 13 13 1 14 1 5 13 16 6 4 7 6 6 7 9 11 20 3 9 1 6 20 19 11 16 18 5 7 14 16 20 18 3 18 11 2 7 12 4 20 15 15 7 10 20 16 18 8 3 7 3 6 4 10 15 16 10 18 17 20 20 0 7 16 10 16 6 14 2 16 4 1 20 16 15 12 6 18 7 11 12 15 5 6 2 7 11 0 15 9 19 6 13 20 16 17 4 13 7 14 20 16 9 14 6 13 17 11 2 10 4 8 5 5 10 5 1 9 6 9 20 15 17 14 17 16 3 9 9 18 13 2 1 17 1 15 9 19 20 0 3 12 7 2 15 8 14 17 18 3 7 3 8 10 9 3 9 17 8 13 10 12 12 7 9 19 9 3 11 4 12 17 18 19 1 5 9 17 19 3 13 20 14 20 19 3 18 3 8 1 9 15 14 17 0 10 16 13 7 0 13 14 2 5 20 0 2 18 11 16 7 18 18 11 2 0 19 12 10 17 14 7 5 6 13 5 2 10 12 17 13 14 11 20 17 18 17 20 20 4 3 2 19 19 9 17 11 1 7 14 19 7 4 4 17 8 7 7 4 6 18 15 7 2 5 5 14 12 0 0 0 9 12 18 11 15 16 7 3 10 1 11 6 12 1 8 4 0 17 0 1 11 12 2 17 2 5 4 7 8 13 7 8 3 9 2 20 18 17 15 19 2 11 17 19 20 15 8 5 16 5 1 15 3 16 20 2 20 12 10 6 9 19 11 9 2 12 5 7 11 13 20 8 1 18 5 3 11 20 17 9 12 13 1 11 10 4 0 5 18 10 6 10 7 0 13 14 2 3 6 9 0 13 0 1 8 6 1 19 10 6 16 0 1 18 7 13 4 17 8 16 20 5 19 2 16 0 6 17 7 19 8 4 16 10 16 2 6 7 8 19 6 18 7 1 20 0 12 1 2 11 3 14 0 16 10 13 19 9 15 16 11 6 1 18 13 4 7 2 19 14 12 0 9 17 14 11 7 16 2 18 8 14 12 8 19 4 8 0 19 11 16 0 19 1 2 0 13 19 7 3 16 20 1 18 14 18 17 20 0 11 11 5 12 3 11
17
200 200 200 200 200 200 200 200 200 200 200 200 200 200 200 200 200
570
0 0 0 0 0 0 0 0 0 0 0 0 0 0 0 0 0 0 0 0 0 0 0 0 0 0 0 0 0 0 0 0 0 0 0 0 0 0 0 0 0 0 0 0 0 0 0 0 0 0 0 0 0 0 0 0 0 0 0 0 0 0 0 0 0 0 0 0 0 0 0 0 0 0 0 0 0 0 0 0 0 0 0 0 0 0 0 0 0 0 0 0 0 0 0 0 0 0 0 0 0 0 0 0 0 0 0 0 0 0 0 0 0 0 0 0 0 0 0 0 0 0 0 0 0 0 0 0 0 0 0 0 0 0 0 0 0 0 0 0 0 0 0 0 0 0 0 0 0 0 0 0 0 0 0 0 0 0 0 0 0 0 0 0 0 0 0 0 0 0 0 0 0 0 0 0 0 0 0 0 0 0 0 0 0 0 0 0 0 0 0 0 0 0 0 0 0 0 0 0 0 0 0 0 0 0 0 0 0 0 0 0 0 0 0 0 0 0 0 0 0 0 0 0 0 0 0 0 0 0 0 0 0 0 0 0 0 0 0 0 0 0 0 0 0 0 0 0 0 0 0 0 0 0 0 0 0 0 0 0 0 0 0 0 0 0 0 0 0 0 0 0 0 0 0 0 0 0 0 0 0 0 0 0 0 0 0 0 0 0 0 0 0 0 0 0 0 0 0 0 0 0 0 0 0 0 0 0 0 0 0 0 0 0 0 0 0 0 0 0 0 0 0 0 0 0 0 0 0 0 0 0 0 0 0 0 0 0 0 0 0 0 0 0 0 0 0 0 0 0 0 0 0 0 0 0 0 0 0 0 0 0 0 0 0 0 0 0 0 0 0 0 0 0 0 0 0 0 0 0 0 0 0 0 0 0 0 0 0 0 0 0 0 0 0 0 0 0 0 0 0 0 0 0 0 0 0 0 0 0 0 0 0 0 0 0 0 0 0 0 0 0 0 0 0 0 0 0 0 0 0 0 0 0 0 0 0 0 0 0 0 0 0 0 0 0 0 0 0 0 0 0 0 0 0 0 0 0 0 0 0 0 0 0 0 0 0 0 0 0 0 0 0 0 0 0 0 0 0 0 0 0 0 0 0 0 0 0 0 0 0 0 0 0 0 0 0 0 0 0 0 0 0 0 0 0 0 0 0 0 0 0 0 0 0 0 0 0 0 0 0 0 0 0 0 0 0 0 0 0 0 0 0 0 0 0 0 0 0 0 0 0 0 0 0 0 0 0 0 0 0 0 0 0 0 0 0 0 0 0 0 0 0 0 0 0 0 0 0 0
829
0 0 0 0 0 0 0 0 0 0 0 0 0 0 0 0 0 0 0 0 0 0 0 0 0 0 0 0 0 0 0 0 0 0 0 0 0 0 0 0 0 0 0 0 0 0 0 0 0 0 0 0 0 0 0 0 0 0 0 0 0 0 0 0 0 0 0 0 0 0 0 0 0 0 0 0 0 0 0 0 0 0 0 0 0 0 0 0 0 0 0 0 0 0 0 0 0 0 0 0 0 0 0 0 0 0 0 0 0 0 0 0 0 0 0 0 0 0 0 0 0 0 0 0 0 0 0 0 0 0 0 0 0 0 0 0 0 0 0 0 0 0 0 0 0 0 0 0 0 0 0 0 0 0 0 0 0 0 0 0 0 0 0 0 0 0 0 0 0 0 0 0 0 0 0 0 0 0 0 0 0 0 0 0 0 0 0 0 0 0 0 0 0 0 0 0 0 0 0 0 0 0 0 0 0 0 0 0 0 0 0 0 0 0 0 0 0 0 0 0 0 0 0 0 0 0 0 0 0 0 0 0 0 0 0 0 0 0 0 0 0 0 0 0 0 0 0 0 0 0 0 0 0 0 0 0 0 0 0 0 0 0 0 0 0 0 0 0 0 0 0 0 0 0 0 0 0 0 0 0 0 0 0 0 0 0 0 0 0 0 0 0 0 0 0 0 0 0 0 0 0 0 0 0 0 0 0 0 0 0 0 0 0 0 0 0 0 0 0 0 0 0 0 0 0 0 0 0 0 0 0 0 0 0 0 0 0 0 0 0 0 0 0 0 0 0 0 0 0 0 0 0 0 0 0 0 0 0 0 0 0 0 0 0 0 0 0 0 0 0 0 0 0 0 0 0 0 0 0 0 0 0 0 0 0 0 0 0 0 0 0 0 0 0 0 0 0 0 0 0 0 0 0 0 0 0 0 0 0 0 0 0 0 0 0 0 0 0 0 0 0 0 0 0 0 0 0 0 0 0 0 0 0 0 0 0 0 0 0 0 0 0 0 0 0 0 0 0 0 0 0 0 0 0 0 0 0 0 0 0 0 0 0 0 0 0 0 0 0 0 0 0 0 0 0 0 0 0 0 0 0 0 0 0 0 0 0 0 0 0 0 0 0 0 0 0 0 0 0 0 0 0 0 0 0 0 0 0 0 0 0 0 0 0 0 0 0 0 0 0 0 0 0 0 0 0 0 0 0 0 0 0 0 0 0 0 0 0 0 0 0 0 0 0 0 0 0 0 0 0 0 0 0 0 0 0 0 0 0 0 0 0 0 0 0 0 0 0 0 0 0 0 0 0 0 0 0 0 0 0 0 0 0 0 0 0 0 0 0 0 0 0 0 0 0 0 0 0 0 0 0 0 0 0 0 0 0 0 0 0 0 0 0 0 0 0 0 0 0 0 0 0 0 0 0 0 0 0 0 0 0 0 0 0 0 0 0 0 0 0 0 0 0 0 0 0 0 0 0 0 0 0 0 0 0 0 0 0 0 0 0 0 0 0 0 0 0 0 0 0 0 0 0 0 0 0 0 0 0 0 0 0 0 0 0 0 0 0 0 0 0 0 0 0 0 0 0 0 0 0 0 0 0 0 0 0 0 0 0 0 0 0 0 0 0 0 0 0 0 0 0 0 0 0 0 0 0 0 0 0 0 0 0 0 0 0 0 0 0 0 0 0 0 0 0 0 0 0 0 0 0 0 0 0 0 0 0 0 0 0 0 0 0 0 0 0 0 0 0 0 0 0 0 0 0 0 0 0 0 0 0 0 0 0 0 0 0 0 0 0 0 0 0 0 0 0 0 0 0 0 0 0 0 0 0 0 0 0 0 0 0 0 0 0 0 0 0 0 0 0 0 0 0 0 0 0 0 0 0
543
37 32 2 32 37 37 2 37 32 2 2 37 2 37 32 32 32 37 37 32 37 32 32 37 2 32 37 2 2 32 2 37 2 2 37 2 2 32 37 2 32 32 2 32 37 32 2 37 2 2 32 32 37 2 2 2 2 37 37 37 37 37 2 32 2 32 32 32 32 2 32 37 32 37 2 2 32 32 32 37 2 2 2 2 32 2 2 2 32 32 32 37 32 32 37 32 37 37 2 2 2 2 32 32 32 32 2 32 2 37 37 32 37 2 2 37 37 32 37 32 37 32 37 2 2 32 2 37 37 2 32 37 2 2 2 32 2 2 37 32 2 2 37 2 32 37 2 37 37 2 32 37 37 2 32 37 37 2 32 2 2 2 32 2 37 37 32 32 37 32 37 2 32 2 37 37 2 2 37 37 2 37 37 2 32 2 2 2 32 32 2 32 37 2 2 32 32 32 32 32 2 37 37 37 37 37 37 2 2 32 2 32 2 37 32 2 37 37 37 32 32 32 2 37 32 37 2 37 37 37 32 37 32 2 2 2 37 37 37 32 37 37 2 32 37 37 37 37 32 37 37 32 37 32 2 37 32 2 37 2 2 37 2 2 37 2 32 2 2 2 37 32 2 32 2 2 2 2 37 32 2 37 37 2 32 2 2 32 2 32 2 37 37 32 32 37 37 32 2 2 2 32 32 2 2 37 2 32 32 37 37 32 2 32 2 2 37 37 2 37 2 37 2 2 32 37 32 37 2 37 32 2 32 37 2 37 2 2 37 37 2 37 37 2 37 2 2 37 2 32 32 37 2 37 2 2 2 32 37 37 32 32 37 2 32 32 2 37 37 37 32 32 37 2 37 32 2 32 37 2 32 37 32 32 32 2 2 2 2 37 37 2 32 32 32 32 2 2 37 32 32 32 37 37 2 37 37 37 32 32 32 32 2 37 2 37 2 32 37 37 37 2 2 2 2 32 37 2 37 2 37 37 2 37 32 2 32 37 32 37 37 2 37 32 32 2 2 32 37 2 37 37 37 37 2 32 37 32 32 37 2 37 2 32 2 2 2 37 2 32 2 2 2 32 32 37 2 32 2 37 32 37 32 2 37 32 37 32 37 2 32 2 37 2 37 32 37 2 37 2 2 2 37 2 37 37 2 32 2 2 37 37 2 32 32 32 2 32 32 32 37 37 32 37 2 37 32 37 32 2 32 2 37 37 37 37 32 37 37 37 2 37 32
976
200 200 200 200 200 200 200 200 200 200 200 200 200 200 200 200 200 200 200 200 200 200 200 200 200 200 200 200 200 200 200 200 200 200 200 200 200 200 200 200 200 200 200 200 200 200 200 200 200 200 200 200 200 200 200 200 200 200 200 200 200 200 200 200 200 200 200 200 200 200 200 200 200 200 200 200 200 200 200 200 200 200 200 200 200 200 200 200 200 200 200 200 200 200 200 200 200 200 200 200 200 200 200 200 200 200 200 200 200 200 200 200 200 200 200 200 200 200 200 200 200 200 200 200 200 200 200 200 200 200 200 200 200 200 200 200 200 200 200 200 200 200 200 200 200 200 200 200 200 200 200 200 200 200 200 200 200 200 200 200 200 200 200 200 200 200 200 200 200 200 200 200 200 200 200 200 200 200 200 200 200 200 200 200 200 200 200 200 200 200 200 200 200 200 200 200 200 200 200 200 200 200 200 200 200 200 200 200 200 200 200 200 200 200 200 200 200 200 200 200 200 200 200 200 200 200 200 200 200 200 200 200 200 200 200 200 200 200 200 200 200 200 200 200 200 200 200 200 200 200 200 200 200 200 200 200 200 200 200 200 200 200 200 200 200 200 200 200 200 200 200 200 200 200 200 200 200 200 200 200 200 200 200 200 200 200 200 200 200 200 200 200 200 200 200 200 200 200 200 200 200 200 200 200 200 200 200 200 200 200 200 200 200 200 200 200 200 200 200 200 200 200 200 200 200 200 200 200 200 200 200 200 200 200 200 200 200 200 200 200 200 200 200 200 200 200 200 200 200 200 200 200 200 200 200 200 200 200 200 200 200 200 200 200 200 200 200 200 200 200 200 200 200 200 200 200 200 200 200 200 200 200 200 200 200 200 200 200 200 200 200 200 200 200 200 200 200 200 200 200 200 200 200 200 200 200 200 200 200 200 200 200 200 200 200 200 200 200 200 200 200 200 200 200 200 200 200 200 200 200 200 200 200 200 200 200 200 200 200 200 200 200 200 200 200 200 200 200 200 200 200 200 200 200 200 200 200 200 200 200 200 200 200 200 200 200 200 200 200 200 200 200 200 200 200 200 200 200 200 200 200 200 200 200 200 200 200 200 200 200 200 200 200 200 200 200 200 200 200 200 200 200 200 200 200 200 200 200 200 200 200 200 200 200 200 200 200 200 200 200 200 200 200 200 200 200 200 200 200 200 200 200 200 200 200 200 200 200 200 200 200 200 200 200 200 200 200 200 200 200 200 200 200 200 200 200 200 200 200 200 200 200 200 200 200 200 200 200 200 200 200 200 200 200 200 200 200 200 200 200 200 200 200 200 200 200 200 200 200 200 200 200 200 200 200 200 200 200 200 200 200 200 200 200 200 200 200 200 200 200 200 200 200 200 200 200 200 200 200 200 200 200 200 200 200 200 200 200 200 200 200 200 200 200 200 200 200 200 200 200 200 200 200 200 200 200 200 200 200 200 200 200 200 200 200 200 200 200 200 200 200 200 200 200 200 200 200 200 200 200 200 200 200 200 200 200 200 200 200 200 200 200 200 200 200 200 200 200 200 200 200 200 200 200 200 200 200 200 200 200 200 200 200 200 200 200 200 200 200 200 200 200 200 200 200 200 200 200 200 200 200 200 200 200 200 200 200 200 200 200 200 200 200 200 200 200 200 200 200 200 200 200 200 200 200 200 200 200 200 200 200 200 200 200 200 200 200 200 200 200 200 200 200 200 200 200 200 200 200 200 200 200 200 200 200 200 200 200 200 200 200 200 200 200 200 200 200 200 200 200 200 200 200 200 200 200 200 200 200 200 200 200 200 200 200 200 200 200 200 200 200 200 200 200 200 200 200 200 200 200 200 200 200 200 200 200 200 200 200 200 200 200 200 200 200 200 200 200 200 200 200 200 200 200 200 200 200 200 200 200 200 200 200 200 200 200 200 200 200 200 200 200 200 200 200 200 200 200 200 200 200 200 200 200 200 200 200 200 200 200 200 200 200 200 200 200 200 200 200 200 200 200 200 200 200 200 200 200 200 200 200 200 200 200 200 200 200 200 200 200 200 200 200 200 200 200 200 200 200 200 200 200 200 200 200 200 200 200 200 200 200 200 200 200 200 200 200 200 200 200 200 200 200 200 200 200 200 200 200 200 200 200 200 200 200 200 200 200 200 200 200 200 200 200 200 200 200 200 200 200 200 200 200 200 200 200
436
133 90 153 175 172 112 107 94 63 120 128 158 68 52 58 101 99 2 138 40 145 107 15 59 84 172 101 130 63 165 115 168 20 43 104 182 19 146 142 67 153 79 41 58 108 198 166 37 78 119 1 118 133 50 178 185 135 50 20 157 129 52 95 60 190 123 186 134 23 87 113 181 1 90 25 84 69 112 52 189 161 153 104 141 148 87 113 79 65 65 32 140 149 190 16 158 17 107 76 14 149 36 170 27 123 47 39 45 84 72 71 158 40 23 105 39 93 43 177 68 66 180 102 120 98 161 46 124 172 24 146 13 49 4 70 67 115 61 199 189 24 168 3 6 82 27 40 57 13 164 137 133 199 163 55 77 172 41 152 33 143 34 169 194 135 104 60 34 89 100 199 85 45 14 18 135 73 179 175 95 109 157 187 51 149 111 182 118 182 157 180 96 51 182 49 137 180 53 182 143 116 40 57 174 168 157 47 149 158 16 151 132 122 97 80 194 52 199 72 192 96 153 194 172 34 69 104 198 46 92 71 185 100 56 124 93 61 106 170 150 46 98 24 168 132 155 42 165 43 146 193 5 192 117 161 148 59 90 30 156 0 33 155 0 196 180 121 9 162 119 22 106 150 92 34 51 192 50 44 135 102 134 33 131 96 26 2 71 82 163 87 175 191 123 36 131 138 18 68 184 63 145 32 195 124 177 81 190 169 169 130 4 14 41 3 82 45 69 195 155 170 131 174 187 97 62 190 42 133 9 164 71 76 56 81 197 76 160 37 194 36 11 50 154 93 135 186 12 173 172 73 18 29 106 6 140 197 156 125 52 3 135 183 94 65 73 76 182 97 95 64 190 165 6 177 81 23 172 131 164 143 144 49 147 64 111 153 115 8 74 156 51 123 156 137 187 111 46 156 19 137 91 163 67 78 29 10 158 123 69 182 55 44 167 102 200 105 189 18 29 31 179 117 157 200 53 90 12 6 144 66 58 188 177 75 197
866
17 16 3 19 5 194 12 170 167 161 8 8 2 20 177 12 198 1 7 2 18 20 14 1 5 2 9 164 11 196 11 196 166 5 12 152 2 12 198 16 20 12 187 15 19 7 9 10 18 10 12 0 6 185 17 194 16 19 171 16 11 0 167 151 195 7 12 4 154 11 164 19 5 10 5 1 12 0 4 4 12 5 12 171 8 4 168 12 19 187 3 19 162 18 3 170 9 4 11 6 2 198 13 10 7 19 5 159 186 17 0 7 3 3 15 4 164 13 11 17 19 20 7 4 12 172 7 1 7 3 11 14 3 192 5 14 182 10 8 3 5 4 18 10 8 16 186 11 8 4 20 7 13 12 180 15 15 14 19 159 7 5 8 2 6 12 20 18 168 3 7 17 6 12 2 19 177 7 199 12 4 5 11 7 20 15 12 9 19 17 14 16 16 18 169 4 169 18 17 16 0 2 4 12 9 196 193 184 16 7 196 4 193 15 2 18 14 4 182 3 19 7 3 195 3 0 16 4 5 4 200 20 154 4 9 20 197 2 11 2 186 1 20 12 3 15 18 192 18 18 15 17 11 194 192 13 8 180 12 191 2 10 12 186 14 17 19 10 195 5 6 157 13 4 6 5 182 193 10 165 195 191 6 4 15 0 10 4 186 13 11 177 170 2 168 153 15 195 7 1 20 17 17 9 11 13 4 17 192 10 10 3 182 8 14 16 1 18 18 3 19 20 14 156 19 192 192 161 18 169 8 4 4 18 13 17 4 4 20 3 14 2 154 15 14 0 6 19 14 9 18 18 0 14 0 12 9 161 20 4 13 0 8 5 18 4 17 8 16 174 6 14 10 17 13 10 0 10 5 1 193 3 175 7 14 6 2 1 18 11 18 12 14 152 169 2 19 7 20 8 15 13 10 193 14 10 19 152 14 17 5 3 18 14 13 2 15 4 16 166 166 18 1 5 15 18 5 12 180 15 13 0 12 7 15 0 14 189 12 7 6 14 18 16 7 7 5 175 13 18 17 7 198 0 15 178 16 193 150 1 15 15 11 2 9 13 167 17 159 2 13 196 19 13 15 10 5 14 150 8 167 5 14 13 181 2 166 4 150 13 17 8 11 11 13 16 1 6 1 2 11 20 3 1 168 8 0 13 15 6 6 6 156 185 5 191 10 18 174 196 173 1 16 170 1 6 14 20 6 200 190 20 12 15 19 13 168 151 4 18 154 3 16 16 5 0 6 19 10 2 4 20 16 5 20 3 9 18 3 150 14 12 7 7 9 6 12 193 4 196 11 2 152 199 17 12 8 19 20 19 13 200 7 186 3 20 12 19 6 11 13 5 0 185 6 169 8 10 18 17 8 1 2 157 2 194 0 177 15 20 17 20 15 16 2 2 158 196 12 0 4 186 175 9 19 7 10 19 166 1 7 6 156 7 0 163 12 5 13 18 11 180 8 193 14 190 195 199 14 6 19 6 11 11 17 20 19 161 20 13 20 2 2 16 179 157 168 2 10 7 4 5 2 2 195 18 5 4 5 12 17 11 6 163 187 192 17 9 12 9 16 18 15 14 7 5 13 13 4 17 200 17 14 11 6 2 1 5 192 20 17 19 8 4 5 18 162 1 19 8 18 3 18 1 17 17 15 192 15 7 9 198 12 7 196 19 8 18 10 179 2 11 6 17 17 187 17 13 0 7 4 18 2 14 10 1 18 18 150 176 173 10 4 6 3 7 151 13 16 1 9 2 6 11 10 0 16 7 189 8 10 7 12 2 5 2 19 171 13 14 8 6 151 173 181 16 5 11 7 14 7 181 16 17 167 2 4 183 17 2 14 13 2 10 6 160 14 159 18 4 7 184 185 1 3 178 1 12 15 160 4 8 2 20 173 4 13 186 17 5 14 4 11 176 14 5 1 7 11 13 15 6 10 2 17 6 14 151 6 160 18 1 161 18 17 14
532
15 15 20 11 4 8 14 1 6 19 20 3 15 16 13 6 6 15 14 15 7 7 9 8 6 9 16 14 6 17 7 3 0 11 14 15 16 6 16 15 13 6 19 8 15 12 16 2 16 1 6 0 8 5 11 2 6 9 17 10 6 18 15 18 4 0 4 13 0 8 10 14 12 3 0 18 9 9 9 20 3 4 4 14 8 17 1 17 0 4 10 4 1 3 10 12 11 20 4 9 3 2 13 6 8 4 5 16 13 16 10 2 6 4 0 20 11 8 16 16 16 3 7 11 10 4 19 12 9 3 18 17 2 4 19 1 13 2 0 4 3 19 10 16 17 9 20 9 11 15 19 4 2 5 16 2 6 7 8 16 1 18 4 11 18 1 13 20 12 7 4 9 12 18 15 0 9 16 18 3 0 5 13 19 16 12 11 9 4 10 15 19 11 20 9 17 16 14 16 15 7 2 20 1 9 20 7 2 18 15 16 10 4 20 14 18 14 2 1 11 15 7 12 20 1 19 20 14 19 4 10 6 0 19 19 18 9 6 3 14 17 1 9 2 9 1 3 15 19 1 4 2 16 8 15 0 10 16 8 10 11 14 6 12 3 15 16 7 10 12 1 3 20 1 3 16 19 11 16 13 14 11 2 8 12 12 5 15 0 7 11 3 18 16 13 8 8 2 0 7 6 13 1 20 10 20 2 8 19 18 18 8 6 4 17 0 7 15 7 16 18 13 6 3 19 1 18 16 0 7 12 1 16 11 15 19 14 8 19 7 15 10 18 4 6 13 4 1 5 11 11 5 19 6 1 2 20 14 18 3 7 3 11 19 18 4 9 5 0 4 8 19 8 20 3 0 3 3 6 16 17 20 18 11 9 18 5 7 9 8 4 17 1 17 19 6 13 11 6 8 1 12 5 5 17 11 12 2 15 17 11 3 14 3 9 3 13 17 1 5 1 16 17 15 6 18 16 18 9 16 13 13 15 1 9 13 0 17 10 3 1 11 18 7 13 2 2 14 8 3 4 11 1 12 13 9 5 13 4 8 3 16 5 18 16 15 16 6 1 1 19 18 7 4 2 8 4 7 3 18 19 9 6 2 19 3 7 15 17 10 9 7 6 5 10 13 0 12 8 20 3 17 2 13 2 14 8 19 17 17 9 0 14 14 3 12 8 17 11 8 10 7 12 16 8 3 2 17 8 0 14 8
517
16 4 17 9 20 17 2 15 20 12 10 7 6 10 16 4 10 18 10 7 17 12 6 8 5 1 18 4 11 1 19 7 8 8 2 2 17 8 18 17 14 19 18 2 3 20 19 10 15 7 6 8 15 16 7 7 0 20 7 8 1 8 1 0 11 9 17 20 3 16 15 6 9 19 16 6 16 6 5 8 1 7 18 18 19 5 20 15 15 13 3 14 0 20 10 17 3 18 9 6 18 17 7 15 11 0 9 17 10 20 4 1 18 11 8 12 12 7 18 20 11 19 16 19 5 18 7 16 7 2 9 17 12 6 4 0 19 15 4 15 11 20 19 19 10 18 11 8 7 17 12 18 18 12 15 9 18 4 13 12 13 17 0 5 3 11 10 13 13 8 15 8 4 7 14 0 12 1 15 17 5 1 4 7 13 7 1 0 20 15 9 20 12 3 6 14 1 13 13 8 20 1 12 8 10 1 7 4 20 20 9 7 12 3 5 11 17 4 1 3 9 3 8 3 18 3 3 0 3 16 10 2 10 11 13 4 9 3 1 19 5 17 10 10 0 6 8 20 10 8 8 4 16 2 6 11 20 8 0 4 0 3 15 0 11 2 6 20 1 7 19 18 13 13 13 5 4 12 20 18 5 4 9 3 8 7 6 19 14 16 14 9 19 10 1 0 4 13 13 18 2 10 19 12 9 15 10 7 18 4 16 17 3 5 19 10 8 5 13 3 19 19 16 0 13 11 2 11 14 0 2 4 12 14 13 7 1 16 16 4 10 3 7 18 11 8 17 15 8 14 13 2 5 11 9 1 13 4 8 11 17 19 13 8 7 17 6 10 11 7 14 2 7 13 15 4 2 5 9 19 14 18 10 5 14 11 20 1 8 0 0 15 5 20 1 9 8 5 1 13 1 18 0 5 16 15 12 3 0 14 0 0 4 17 5 0 6 16 4 13 10 11 2 12 17 16 18 2 0 18 1 15 16 18 3 14 18 13 7 10 9 14 10 10 16 0 9 12 15 9 12 12 3 11 3 5 12 3 5 12 18 19 19 7 5 9 14 9 5 5 1 7 4 3 20 0 8 3 17 1 14 10 16 18 16 8 2 7 2 15 14 3 9 6 2 4 15 20 14 18 17 3 2 5 13 13 19 12 7 13 10 1 20 0 12 12 0
148
200 200 200 200 200 200 200 200 200 200 200 200 200 200 200 200 200 200 200 200 200 200 200 200 200 200 200 200 200 200 200 200 200 200 200 200 200 200 200 200 200 200 200 200 200 200 200 200 200 200 200 200 200 200 200 200 200 200 200 200 200 200 200 200 200 200 200 200 200 200 200 200 200 200 200 200 200 200 200 200 200 200 200 200 200 200 200 200 200 200 200 200 200 200 200 200 200 200 200 200 200 200 200 200 200 200 200 200 200 200 200 200 200 200 200 200 200 200 200 200 200 200 200 200 200 200 200 200 200 200 200 200 200 200 200 200 200 200 200 200 200 200 200 200 200 200 200 200
519
0 200 68 51 98 108 80 108 109 96 83 68 72 98 85 51 116 60 88 59 74 59 78 80 82 97 110 52 85 51 79 98 66 70 54 120 62 120 101 111 95 109 57 87 95 77 75 97 70 113 70 67 80 109 91 61 89 59 76 114 78 67 71 110 62 65 113 56 59 64 71 82 64 59 62 115 62 73 96 91 83 50 72 84 59 106 68 80 120 115 68 82 69 81 52 87 92 94 106 71 85 103 87 55 81 84 85 56 119 59 58 104 95 67 108 117 80 68 115 112 76 59 96 110 107 85 87 86 85 117 103 84 112 97 51 74 85 63 53 63 65 71 111 73 114 87 73 80 87 75 111 53 88 58 91 64 116 116 94 118 73 94 75 95 81 68 67 103 70 81 118 103 116 85 98 115 75 91 103 62 75 103 106 91 51 55 115 95 86 112 100 92 79 80 86 100 72 66 72 97 61 67 77 91 90 84 99 68 86 59 89 63 110 81 71 70 70 78 96 52 70 65 64 60 81 64 112 50 100 66 51 89 62 76 84 111 103 98 62 79 113 109 76 54 70 66 109 56 53 70 74 112 55 116 115 101 99 97 67 104 99 119 75 57 78 64 91 78 113 98 117 50 60 110 91 104 53 96 93 68 111 109 79 96 119 103 95 115 68 114 112 75 90 87 113 109 56 113 84 120 77 81 55 90 104 62 82 61 115 115 58 103 90 53 111 62 96 54 88 99 113 76 78 90 105 110 80 85 64 71 101 101 98 117 57 81 74 115 75 86 98 115 75 108 120 90 82 66 107 112 52 55 69 98 76 58 116 115 107 103 91 74 108 104 88 82 111 77 65 52 110 60 84 102 72 63 79 72 76 115 81 94 66 103 73 88 54 56 61 111 65 74 114 90 99 115 92 59 112 53 73 61 115 105 113 85 50 69 105 75 108 97 58 112 110 81 109 102 74 108 74 72 56 58 57 78 112 84 100 50 54 87 98 95 57 83 60 110 83 101 81 73 72 71 84 87 97 75 97 119 111 120 102 56 65 113 91 66 78 84 77 53 82 92 76 75 60 80 95 85 91 107 114 86 69 71 90 57 56 107 109 77 105 88 55 79 67 113 83 51 71 95 70 107 113 66 88 55 66 91 102 60 94 50 106 60 100 114 77 116 112 50 71 85 78 71 84 82 200
303
0 200 77 89 110 97 57 85 111 100 109 119 87 64 98 60 72 95 100 112 82 98 62 57 81 118 64 118 107 76 92 83 91 61 59 74 116 67 89 56 119 103 62 50 74 79 114 97 101 112 106 75 100 90 85 87 100 110 60 90 114 60 114 93 97 61 102 74 65 58 87 86 85 102 67 59 68 81 76 96 64 108 76 70 96 67 61 120 68 70 60 111 75 69 59 77 90 83 107 56 120 76 120 59 62 68 116 83 83 100 76 61 61 59 68 101 53 80 71 108 54 102 68 120 81 90 104 90 105 119 56 50 73 64 55 89 60 74 119 96 90 114 62 98 106 74 118 55 111 51 56 76 102 100 55 69 73 119 109 70 104 60 56 64 112 59 58 56 86 53 70 81 110 105 75 95 105 82 55 58 76 62 93 99 108 88 111 68 95 81 94 68 117 83 65 97 83 74 77 108 108 59 120 58 110 96 92 62 108 119 120 69 66 80 98 76 82 103 76 81 101 100 67 69 90 77 77 53 94 104 65 56 87 70 79 80 79 87 118 85 67 118 82 62 55 95 120 104 96 60 68 80 66 61 70 55 100 68 67 94 58 118 101 69 54 64 89 59 89 55 92 52 77 101 105 90 84 63 75 76 91 79 67 70 116 97 101 115 103 53 88 96 74 119 106 91 110 100 60 106 51 69 200
447
190 72 165 75 186 162 21 116 112 23 102 143 18 54 106 42 163 40 128 82 75 95 34 185 177 147 135 103 122 89 10 157 49 188 122 117 2 179 5 148 30 200 48 0 135 7 51 38 146 173 163 157 111 56 35 185 175 15 66 172 76 117 80 156 132 191 64 166 155 16 122 18 39 56 0 183 133 121 182 9 85 1 53 92 127 193 96 173 158 138 100 144 145 59 71 48 98 91 11 0 83 152 145 61 64 135 101 103 99 109 14 187 87 3 178 143 96 32 61 146 180 66 135 0 171 1 3 103 194 55 146 170 92 190 98 110 5 187 200 169 147 49 44 8 147 54 87 77 149 165 148 110 38 22 53 192 173 33 93 157 122 146 25 134 187 163 141 151 174 112 175 124 54 4 149 15 18 10 137 53 127 2 130 112 114 59 76 8 100 130 110 90 184 80 110 127 188 42 32 7 99 154 189 84 150 54 124 130 197 146 152 180 187 130 54 46 172 35 27 2 1 75 165 160 85 146 81 172 14 143 114 85 126 193 200 51 121 52 122 155 46 25 69 126 169 92 98 17 4 130 82 73 173 9 193 150 105 152 28 106 32 184 200 76 173 180 179 44 120 13 127 126 132 119 13 14 163 156 69 61 82 172 119 50 58 18 139 8 126 94 143 20 157 60 93 127 195 194 62 84 99 162 144 47 29 71 46 116 63 105 39 34 32 162 150 130 86 151 167 9 9 194 16 160 62 154 42 3 114 51 192 99 124 187 47 126 183 130 110 174 182 105 170 64 101 11 177 156 189 172 75 197 31 100 59 45 180 194 15 15 189 189 58 129 126 169 168 54 80 197 1 198 194 86 38 89 54 122 188 75 16 13 51 176 184 38 112 19 7 13 11 179 148 86 159 7 14 106 103 35 90 191 28 14 184 113 56 54 127 33 143 165 16 17 99 70 104 77 86 17 161 78 128 143 80 23 56 70 199 103 26 127 126 193 39 93 86 58 138 32 96 143 34 163 135 128 51
832
0 0 0 0 0 0 0 0 0 0 0 0 0 0 0 0 0 0 0 0 0 0 0 0 0 0 0 0 0 0 0 0 0 0 0 0 0 0 0 0 0 0 0 0 0 0 0 0 0 0 0 0 0 0 0 0 0 0 0 0 0 0 0 0 0 0 0 0 0 0 0 0 0 0 0 0 0 0 0 0 0 0 0 0 0 0 0 0 0 0 0 0 0 0 0 0 0 0 0 0 0 0 0 0 0 0 0 0 0 0 0 0 0 0 0 0 0 0 0 0 0 0 0 0 0 0 0 0 0 0 0 0 0 0 0 0 0 0 0 0 0 0 0 0 0 0 0 0 0 0 0 0 0 0 0 0 0 0 0 0 0 0 0 0 0 0 0 0 0 0 0 0 0 0 0 0 0 0 0 0 0 0 0 0 0 0 0 0 0 0 0 0 0 0 0 0 0 0 0 0 0 0 0 0 0 0 0 0 0 0 0 0 0 0 0 0 0 0 0 0 0 0 0 0 0 0 0 0 0 0 0 0 0 0 0 0 0 0 0 0 0 0 0 0 0 0 0 0 0 0 0 0 0 0 0 0 0 0 0 0 0 0 0 0 0 0 0 0 0 0 0 0 0 0 0 0 0 0 0 0 0 0 0 0 0 0 0 0 0 0 0 0 0 0 0 0 0 0 0 0 0 0 0 0 0 0 0 0 0 0 0 0 0 0 0 0 0 0 0 0 0 0 0 0 0 0 0 0 0 0 0 0 0 0 0 0 0 0 0 0 0 0 0 0 0 0 0 0 0 0 0 0 0 0 0 0 0 0 0 0 0 0 0 0 0 0 0 0 0 0 0 0 0 0 0 0 0 0 0 0 0 0 0 0 0 0 0 0 0 0 0 0 0 0 0 0 0 0 0 0 0 0 0 0 0 0 0 0 0 0 0 0 0 0 0 0 0 0 0 0 0 0 0 0 0 0 0 0 0 0 0 0 0 0 0 0 0 0 0 0 0 0 0 0 0 0 0 0 0 0 0 0 0 0 0 0 0 0 0 0 0 0 0 0 0 0 0 0 0 0 0 0 0 0 0 0 0 0 0 0 0 0 0 0 0 0 0 0 0 0 0 0 0 0 0 0 0 0 0 0 0 0 0 0 0 0 0 0 0 0 0 0 0 0 0 0 0 0 0 0 0 0 0 0 0 0 0 0 0 0 0 0 0 0 0 0 0 0 0 0 0 0 0 0 0 0 0 0 0 0 0 0 0 0 0 0 0 0 0 0 0 0 0 0 0 0 0 0 0 0 0 0 0 0 0 0 0 0 0 0 0 0 0 0 0 0 0 0 0 0 0 0 0 0 0 0 0 0 0 0 0 0 0 0 0 0 0 0 0 0 0 0 0 0 0 0 0 0 0 0 0 0 0 0 0 0 0 0 0 0 0 0 0 0 0 0 0 0 0 0 0 0 0 0 0 0 0 0 0 0 0 0 0 0 0 0 0 0 0 0 0 0 0 0 0 0 0 0 0 0 0 0 0 0 0 0 0 0 0 0 0 0 0 0 0 0 0 0 0 0 0 0 0 0 0 0 0 0 0 0 0 0 0 0 0 0 0 0 0 0 0 0 0 0 0 0 0 0 0 0 0 0 0 0 0 0 0 0 0 0 0 0 0 0 0 0 0 0 0 0 0 0 0 0 0 0 0 0 0 0 0 0 0 0 0 0 0 0 0 0 0 0 0 0 0 0 0 0 0 0 0 0 0 0 0 0 0 0 0 0 0 0 0 0 0 0 0 0 0 0 0 0 0 0 0 0 0 0 0 0 0 0 0 0 0 0 0 0 0 0 0 0 0 0 0 0 0 0 0 0 0 0 0 0 0 0 0 0 0 0 0 0
297
3 8 17 16 15 11 14 5 14 18 17 4 4 4 15 17 17 15 2 14 6 9 19 4 19 8 5 5 4 1 13 13 6 20 10 19 10 18 1 8 3 3 15 6 16 16 20 19 3 5 11 9 17 6 8 5 20 8 17 15 19 13 19 14 12 1 9 19 2 18 1 13 12 20 0 14 12 7 7 4 10 13 4 18 17 4 4 5 8 4 0 11 12 9 2 17 7 0 15 4 17 9 5 5 14 2 19 20 14 2 17 1 10 0 20 3 2 1 12 9 2 10 13 10 12 3 11 18 14 6 4 19 10 13 18 20 14 0 7 2 2 1 13 19 6 16 15 12 10 7 19 20 11 14 19 8 20 2 13 8 11 4 5 19 20 2 5 18 0 3 8 14 12 10 2 18 18 9 12 8 6 3 2 14 1 20 1 16 18 17 13 19 3 5 16 13 0 11 17 8 9 11 0 1 3 17 8 17 13 0 10 10 1 20 8 15 6 13 20 8 18 13 15 2 18 19 6 11 14 7 13 11 7 6 4 5 7 7 7 2 3 0 9 10 0 7 19 17 11 7 4 17 4 14 17 12 16 3 0 1 19 9 0 17 14 18 4 7 19 13 17 2 11 14 10 3 17 11 12 11 0 18 14 17 2 17 4 13 18 17 11 11 10 16 4 16 18
402
14 17 10 19 16 20 13 12 9 3 19 6 11 1 10 1 0 10 14 8 7 7 16 20 5 8 7 8 6 7 20 11 14 11 20 11 20 17 6 16 4 11 16 0 10 8 8 17 6 15 15 18 15 12 18 15 15 9 8 3 18 8 4 9 0 1 19 6 19 19 15 18 4 12 9 17 2 19 0 6 12 7 11 2 5 0 18 11 13 7 13 20 19 5 10 18 18 9 5 4 11 3 18 16 0 12 20 12 3 4 11 15 11 13 8 10 3 9 19 1 1 14 9 12 15 11 14 12 19 9 16 6 18 0 7 20 7 5 20 6 14 16 5 20 10 7 14 3 7 12 19 0 2 6 18 13 10 16 20 14 2 11 5 6 16 17 0 4 12 1 7 12 20 10 19 6 7 1 19 18 1 15 7 8 0 3 9 4 3 11 19 12 0 12 14 1 5 7 11 14 19 4 17 0 10 18 19 9 4 6 9 14 13 3 5 11 6 9 13 19 14 10 8 2 3 18 2 19 11 11 12 1 19 15 11 3 11 5 19 15 0 3 1 13 2 11 0 14 7 8 7 8 14 14 8 17 13 4 8 20 13 7 8 9 2 0 3 19 4 4 13 13 11 4 9 1 3 7 2 20 12 8 14 4 16 16 17 11 7 9 15 16 8 3 1 4 3 18 8 3 15 12 3 3 9 20 19 16 17 12 18 0 9 17 6 7 0 4 13 18 16 2 20 12 9 0 7 0 20 16 0 2 4 5 13 11 7 5 1 15 18 20 2 15 8 9 9 19 1 12 20 8 8 11 16 18 10 7 8 7 13 4 7 8 14 6 9 7 19 18 8 10 5 3 0 13 17 19 20 20 12 11 20 8 0 14 12 11 6 3 6 18 16 13 12 15 16 3 15 9 8 4
124
107 107 107 138 107 107 107 138 138 107 138 138 138 138 138 107 107 107 107 138 107 138 138 138 107 138 107 138 107 138 138 107 107 138 138 138 138 138 138 138 107 138 138 138 107 107 138 138 107 107 138 107 138 107 138 107 138 107 107 138 107 138 138 107 138 138 107 107 107 107 107 107 138 138 107 138 107 138 138 138 107 107 138 107 138 138 107 138 138 138 138 107 107 138 107 107 107 107 138 107 107 138 138 138 138 138 107 138 138 138 107 138 107 138 107 138 138 107 138 138 138 107 138 107
815
0 200 59 71 76 106 86 101 118 85 61 84 110 92 56 104 112 85 120 107 114 74 69 57 61 64 82 101 91 106 53 80 97 114 118 99 103 65 82 105 59 79 88 87 97 52 83 99 87 62 66 58 112 73 120 88 102 78 66 101 81 60 107 118 83 70 69 67 119 78 81 95 60 83 54 108 119 113 68 59 71 61 99 101 94 54 82 95 113 110 87 99 86 115 63 111 55 110 106 83 88 79 67 89 110 60 50 93 55 94 85 71 113 105 88 86 81 59 108 64 80 100 71 118 83 58 75 57 107 90 62 97 73 97 92 104 91 67 115 118 115 97 64 119 53 116 99 71 79 110 106 119 90 95 120 75 63 57 115 86 86 88 55 64 67 82 53 56 68 92 67 117 70 117 103 110 50 117 69 78 108 76 59 107 69 67 51 76 102 55 112 56 107 87 95 119 83 76 78 91 100 74 62 101 75 99 103 81 53 58 120 114 107 102 72 101 101 85 99 64 62 58 75 119 55 117 56 58 116 80 79 77 55 83 72 54 83 59 118 63 110 86 67 92 93 69 96 93 79 66 107 62 110 64 86 114 98 120 67 70 59 86 101 117 52 52 91 101 67 105 70 115 94 117 112 56 78 112 101 71 91 91 93 70 52 111 94 97 77 75 94 119 80 82 51 108 58 78 108 71 70 83 81 110 117 67 98 76 90 98 115 53 60 110 87 112 68 54 69 91 100 83 55 111 113 111 50 88 89 88 117 111 113 55 98 103 66 104 93 53 105 103 82 112 91 85 79 86 83 98 93 66 84 71 57 115 50 103 95 115 106 72 92 110 105 114 57 81 79 91 84 117 120 58 75 80 90 103 89 109 98 117 92 116 70 116 64 105 77 92 55 50 120 54 65 79 120 79 111 58 91 98 52 65 83 62 70 54 68 56 86 99 81 120 100 56 102 68 77 112 106 79 115 112 92 64 83 99 92 102 52 53 65 101 82 74 70 113 52 97 109 117 113 66 74 119 69 103 77 70 86 106 88 82 51 86 101 85 88 112 110 112 55 56 78 105 53 63 79 67 100 73 82 93 106 95 84 76 103 95 91 113 91 95 120 82 120 106 82 110 81 98 66 113 116 68 62 82 97 86 95 108 53 51 114 91 111 112 120 120 91 105 52 90 112 83 79 96 103 72 91 66 104 52 112 116 82 56 77 98 67 108 79 84 87 106 100 76 76 108 73 65 97 75 101 58 89 77 97 115 66 60 115 66 118 76 66 100 103 94 89 68 78 62 52 95 90 120 55 85 74 86 100 106 94 102 114 73 102 77 75 53 110 120 97 105 94 62 94 51 58 55 93 88 98 76 94 101 54 62 109 100 103 106 85 80 105 102 61 79 99 109 60 94 105 53 59 92 66 72 83 97 84 84 110 55 107 115 120 94 55 75 55 101 116 93 57 95 57 94 56 67 87 60 116 118 85 53 95 107 105 83 104 67 101 60 75 77 108 57 99 94 93 51 106 69 56 103 55 54 107 83 87 96 95 82 113 77 73 98 95 89 69 86 86 93 100 75 96 111 79 66 63 113 94 107 99 57 80 115 115 102 72 59 59 63 91 98 110 70 77 64 80 79 116 98 101 51 61 58 99 62 87 83 68 110 108 85 108 107 110 72 98 112 86 77 59 52 67 107 59 99 95 109 118 71 90 81 55 74 51 81 88 97 119 59 91 54 70 89 102 98 108 86 103 113 85 84 68 110 107 91 50 50 84 114 73 114 89 97 104 110 56 61 115 52 59 71 118 57 98 100 114 106 95 72 81 68 67 52 70 50 83 89 95 77 64 119 89 68 69 112 98 66 200
334
10 196 10 10 10 196 196 196 10 10 196 196 10 10 196 10 196 10 10 196 10 10 196 196 10 196 10 196 196 10 196 196 196 196 196 196 10 10 10 10 10 196 196 10 10 10 196 10 10 196 196 10 10 10 196 196 10 196 196 196 196 196 10 10 10 196 196 10 196 10 10 10 196 196 10 10 196 10 10 196 196 196 10 10 196 196 10 196 10 196 10 10 196 10 196 196 10 196 196 196 10 196 196 10 10 196 196 10 196 196 10 196 196 10 196 196 196 10 196 196 196 196 10 196 196 10 10 196 196 10 196 196 10 10 196 10 10 196 10 196 10 10 196 10 196 196 10 196 196 196 10 10 196 196 10 196 196 196 10 10 10 10 196 196 196 10 196 10 196 196 10 196 10 196 10 10 10 10 10 10 196 10 196 10 10 196 10 10 196 196 10 196 10 196 196 196 196 196 196 10 10 196 10 196 196 196 196 196 196 10 10 196 10 10 196 10 196 196 196 196 196 196 10 196 196 10 10 196 10 196 196 196 10 10 196 10 196 196 10 196 196 10 10 196 10 10 196 196 10 10 196 196 196 10 10 10 196 196 196 10 196 196 10 196 196 196 196 10 10 196 196 10 196 10 10 196 196 10 196 10 196 196 10 10 10 196 10 196 196 196 10 10 10 196 10 10 196 10 196 196 10 10 10 196 196 196 10 196 196 196 196 196 196 10 10 196 10 10 10 10 196 196 196 196 196 10 196 196 10 196 10 196 10 196
155
200 200 200 200 200 200 200 200 200 200 200 200 200 200 200 200 200 200 200 200 200 200 200 200 200 200 200 200 200 200 200 200 200 200 200 200 200 200 200 200 200 200 200 200 200 200 200 200 200 200 200 200 200 200 200 200 200 200 200 200 200 200 200 200 200 200 200 200 200 200 200 200 200 200 200 200 200 200 200 200 200 200 200 200 200 200 200 200 200 200 200 200 200 200 200 200 200 200 200 200 200 200 200 200 200 200 200 200 200 200 200 200 200 200 200 200 200 200 200 200 200 200 200 200 200 200 200 200 200 200 200 200 200 200 200 200 200 200 200 200 200 200 200 200 200 200 200 200 200 200 200 200 200 200 200
791
11 9 20 3 4 0 20 12 15 8 10 1 14 197 15 0 7 20 172 14 162 8 15 192 12 8 18 179 173 17 16 195 20 19 7 6 12 6 12 200 1 20 16 2 4 19 9 6 8 0 18 19 12 7 173 17 0 13 19 20 18 1 14 13 4 12 15 0 13 6 12 10 19 10 5 10 1 6 15 19 7 19 4 13 10 2 190 193 17 4 12 176 4 5 189 14 169 2 13 2 16 17 176 9 6 0 16 176 1 186 9 19 1 185 186 199 2 11 7 5 20 14 16 16 18 9 20 12 14 15 11 194 10 1 4 5 18 171 0 168 18 194 4 151 183 13 12 6 9 5 4 16 2 6 12 159 19 9 2 15 5 15 18 191 15 6 0 166 7 197 19 188 19 8 13 1 192 20 1 1 7 4 0 1 157 18 4 17 188 4 8 20 11 13 14 14 17 18 174 15 11 19 0 174 7 6 6 187 14 5 20 12 12 13 3 19 152 10 6 12 20 19 5 15 11 3 1 7 16 11 16 10 168 15 7 169 7 159 8 10 19 12 8 2 2 179 7 15 195 8 2 193 19 8 20 13 165 189 1 0 7 8 17 153 2 20 12 19 162 14 184 158 15 166 14 0 18 14 19 20 12 181 14 189 17 13 3 8 3 161 0 2 8 5 20 196 15 15 1 5 2 18 190 187 14 0 17 8 162 151 5 1 12 184 154 17 13 17 20 194 10 9 162 13 14 182 9 9 4 8 17 166 15 13 19 0 14 169 14 6 4 1 9 19 2 13 6 6 13 12 10 193 19 14 15 164 6 10 12 18 20 2 176 188 12 14 11 0 3 12 16 154 17 12 5 3 9 12 3 19 12 0 17 18 13 3 19 0 20 3 3 3 20 16 4 16 16 16 161 197 13 3 10 13 2 3 7 13 3 9 3 19 180 11 4 183 174 0 193 8 15 2 11 14 20 153 7 0 20 19 1 181 11 11 5 183 11 199 12 7 4 9 19 7 16 3 16 11 8 2 14 19 20 7 173 12 5 0 12 0 2 9 20 9 1 14 12 7 8 8 2 163 157 15 200 181 1 3 6 3 18 15 7 15 194 17 15 3 1 17 17 3 18 15 13 8 2 17 151 2 7 9 20 12 20 2 13 17 15 0 186 15 18 188 18 167 13 9 8 9 1 5 9 13 20 3 3 12 19 2 13 0 176 18 1 171 156 18 17 8 14 12 12 167 16 182 11 184 199 5 200 4 10 159 160 199 17 6 164 3 9 188 7 11 14 8 14 16 15 3 3 9 1 10 13 17 0 4 197 17 9 11 8 0 8 172 6 7 13 17 174 14 5 11 19 196 18 17 3 152 2 15 181 20 20 11 14 19 11 6 3 20 13 153 10 196 174 18 11 184 16 5 198 2 6 165 19 160 7 1 16 13 12 17 9 15 11 18 18 6 14 7 8 6 4 17 7 10 5 7 8 1 173 1 16 3 15 6 0 13 0 18 20 17 6 0 168 174 14 167 150 7 14 7 14 10 18 17 13 8 4 20 12 8 13 5 20 10 19 4 2 8 14 20 7 13 178 4 16 10 15 3 5 17 13 19 10 7 16 160 14 11 14 150 17 19 19 13 13 18 1 1 199 5 197 17 17 14 2 19 19 6 10 9 164 8 10 8 192 7 163 13 6 15 17 8 186 17 6 190 5 151 20 18 17 4 3 167 196 15 182 11 17 8 18 152 185 15 2 9 17 15 15 8 14 166 170 14 165 6 197 180 6 171 18 165 14 14 3 188 2
703
200 200 200 200 200 200 200 200 200 200 200 200 200 200 200 200 200 200 200 200 200 200 200 200 200 200 200 200 200 200 200 200 200 200 200 200 200 200 200 200 200 200 200 200 200 200 200 200 200 200 200 200 200 200 200 200 200 200 200 200 200 200 200 200 200 200 200 200 200 200 200 200 200 200 200 200 200 200 200 200 200 200 200 200 200 200 200 200 200 200 200 200 200 200 200 200 200 200 200 200 200 200 200 200 200 200 200 200 200 200 200 200 200 200 200 200 200 200 200 200 200 200 200 200 200 200 200 200 200 200 200 200 200 200 200 200 200 200 200 200 200 200 200 200 200 200 200 200 200 200 200 200 200 200 200 200 200 200 200 200 200 200 200 200 200 200 200 200 200 200 200 200 200 200 200 200 200 200 200 200 200 200 200 200 200 200 200 200 200 200 200 200 200 200 200 200 200 200 200 200 200 200 200 200 200 200 200 200 200 200 200 200 200 200 200 200 200 200 200 200 200 200 200 200 200 200 200 200 200 200 200 200 200 200 200 200 200 200 200 200 200 200 200 200 200 200 200 200 200 200 200 200 200 200 200 200 200 200 200 200 200 200 200 200 200 200 200 200 200 200 200 200 200 200 200 200 200 200 200 200 200 200 200 200 200 200 200 200 200 200 200 200 200 200 200 200 200 200 200 200 200 200 200 200 200 200 200 200 200 200 200 200 200 200 200 200 200 200 200 200 200 200 200 200 200 200 200 200 200 200 200 200 200 200 200 200 200 200 200 200 200 200 200 200 200 200 200 200 200 200 200 200 200 200 200 200 200 200 200 200 200 200 200 200 200 200 200 200 200 200 200 200 200 200 200 200 200 200 200 200 200 200 200 200 200 200 200 200 200 200 200 200 200 200 200 200 200 200 200 200 200 200 200 200 200 200 200 200 200 200 200 200 200 200 200 200 200 200 200 200 200 200 200 200 200 200 200 200 200 200 200 200 200 200 200 200 200 200 200 200 200 200 200 200 200 200 200 200 200 200 200 200 200 200 200 200 200 200 200 200 200 200 200 200 200 200 200 200 200 200 200 200 200 200 200 200 200 200 200 200 200 200 200 200 200 200 200 200 200 200 200 200 200 200 200 200 200 200 200 200 200 200 200 200 200 200 200 200 200 200 200 200 200 200 200 200 200 200 200 200 200 200 200 200 200 200 200 200 200 200 200 200 200 200 200 200 200 200 200 200 200 200 200 200 200 200 200 200 200 200 200 200 200 200 200 200 200 200 200 200 200 200 200 200 200 200 200 200 200 200 200 200 200 200 200 200 200 200 200 200 200 200 200 200 200 200 200 200 200 200 200 200 200 200 200 200 200 200 200 200 200 200 200 200 200 200 200 200 200 200 200 200 200 200 200 200 200 200 200 200 200 200 200 200 200 200 200 200 200 200 200 200 200 200 200 200 200 200 200 200 200 200 200 200 200 200 200 200 200 200 200 200 200 200 200 200 200 200 200 200 200 200 200 200 200 200 200 200 200 200 200 200 200 200 200 200 200 200 200 200 200 200 200 200 200 200 200 200 200 200 200 200 200 200 200 200 200 200 200 200 200 200 200
955
0 0 0 0 0 0 0 0 0 0 0 0 0 0 0 0 0 0 0 0 0 0 0 0 0 0 0 0 0 0 0 0 0 0 0 0 0 0 0 0 0 0 0 0 0 0 0 0 0 0 0 0 0 0 0 0 0 0 0 0 0 0 0 0 0 0 0 0 0 0 0 0 0 0 0 0 0 0 0 0 0 0 0 0 0 0 0 0 0 0 0 0 0 0 0 0 0 0 0 0 0 0 0 0 0 0 0 0 0 0 0 0 0 0 0 0 0 0 0 0 0 0 0 0 0 0 0 0 0 0 0 0 0 0 0 0 0 0 0 0 0 0 0 0 0 0 0 0 0 0 0 0 0 0 0 0 0 0 0 0 0 0 0 0 0 0 0 0 0 0 0 0 0 0 0 0 0 0 0 0 0 0 0 0 0 0 0 0 0 0 0 0 0 0 0 0 0 0 0 0 0 0 0 0 0 0 0 0 0 0 0 0 0 0 0 0 0 0 0 0 0 0 0 0 0 0 0 0 0 0 0 0 0 0 0 0 0 0 0 0 0 0 0 0 0 0 0 0 0 0 0 0 0 0 0 0 0 0 0 0 0 0 0 0 0 0 0 0 0 0 0 0 0 0 0 0 0 0 0 0 0 0 0 0 0 0 0 0 0 0 0 0 0 0 0 0 0 0 0 0 0 0 0 0 0 0 0 0 0 0 0 0 0 0 0 0 0 0 0 0 0 0 0 0 0 0 0 0 0 0 0 0 0 0 0 0 0 0 0 0 0 0 0 0 0 0 0 0 0 0 0 0 0 0 0 0 0 0 0 0 0 0 0 0 0 0 0 0 0 0 0 0 0 0 0 0 0 0 0 0 0 0 0 0 0 0 0 0 0 0 0 0 0 0 0 0 0 0 0 0 0 0 0 0 0 0 0 0 0 0 0 0 0 0 0 0 0 0 0 0 0 0 0 0 0 0 0 0 0 0 0 0 0 0 0 0 0 0 0 0 0 0 0 0 0 0 0 0 0 0 0 0 0 0 0 0 0 0 0 0 0 0 0 0 0 0 0 0 0 0 0 0 0 0 0 0 0 0 0 0 0 0 0 0 0 0 0 0 0 0 0 0 0 0 0 0 0 0 0 0 0 0 0 0 0 0 0 0 0 0 0 0 0 0 0 0 0 0 0 0 0 0 0 0 0 0 0 0 0 0 0 0 0 0 0 0 0 0 0 0 0 0 0 0 0 0 0 0 0 0 0 0 0 0 0 0 0 0 0 0 0 0 0 0 0 0 0 0 0 0 0 0 0 0 0 0 0 0 0 0 0 0 0 0 0 0 0 0 0 0 0 0 0 0 0 0 0 0 0 0 0 0 0 0 0 0 0 0 0 0 0 0 0 0 0 0 0 0 0 0 0 0 0 0 0 0 0 0 0 0 0 0 0 0 0 0 0 0 0 0 0 0 0 0 0 0 0 0 0 0 0 0 0 0 0 0 0 0 0 0 0 0 0 0 0 0 0 0 0 0 0 0 0 0 0 0 0 0 0 0 0 0 0 0 0 0 0 0 0 0 0 0 0 0 0 0 0 0 0 0 0 0 0 0 0 0 0 0 0 0 0 0 0 0 0 0 0 0 0 0 0 0 0 0 0 0 0 0 0 0 0 0 0 0 0 0 0 0 0 0 0 0 0 0 0 0 0 0 0 0 0 0 0 0 0 0 0 0 0 0 0 0 0 0 0 0 0 0 0 0 0 0 0 0 0 0 0 0 0 0 0 0 0 0 0 0 0 0 0 0 0 0 0 0 0 0 0 0 0 0 0 0 0 0 0 0 0 0 0 0 0 0 0 0 0 0 0 0 0 0 0 0 0 0 0 0 0 0 0 0 0 0 0 0 0 0 0 0 0 0 0 0 0 0 0 0 0 0 0 0 0 0 0 0 0 0 0 0 0 0 0 0 0 0 0 0 0 0 0 0 0 0 0 0 0 0 0 0 0 0 0 0 0 0 0 0 0 0 0 0 0 0 0 0 0 0 0 0 0 0 0 0 0 0 0 0 0 0 0 0 0 0 0 0 0 0 0 0 0 0 0 0 0 0 0 0 0 0 0 0 0 0 0 0 0 0 0 0 0 0 0 0 0 0 0 0 0 0 0 0 0 0 0 0 0
917
8 8 3 4 0 10 10 6 6 6 7 16 10 0 10 2 13 18 7 5 1 10 16 16 8 11 17 20 16 1 10 9 0 7 7 13 5 10 20 19 3 18 2 5 12 19 3 16 9 17 2 0 9 18 5 2 3 11 19 16 19 15 6 20 12 10 17 17 17 6 5 18 13 1 12 8 2 14 15 12 4 15 2 4 10 7 0 7 6 1 12 12 14 17 15 6 16 4 6 7 18 4 9 16 4 6 2 19 5 3 3 17 8 0 10 9 12 2 20 5 18 0 3 16 10 2 13 13 13 2 15 10 3 5 8 10 11 19 3 15 15 10 10 5 11 10 20 16 18 3 19 2 15 3 20 12 14 2 19 5 20 20 18 7 20 8 3 8 17 8 3 9 6 4 7 7 4 20 10 9 18 7 2 4 2 2 17 15 7 8 4 17 16 9 6 10 9 3 5 5 0 7 7 14 17 20 15 0 5 18 8 10 7 15 13 10 18 19 19 2 7 1 17 0 19 5 13 18 16 19 18 14 20 14 15 11 7 4 9 17 4 5 19 7 0 20 12 17 18 14 13 16 12 16 15 19 17 5 18 7 8 17 4 9 18 2 1 9 7 15 11 19 12 9 17 14 2 7 17 13 14 14 19 17 2 11 17 5 16 0 10 4 3 1 16 5 4 10 2 13 5 2 19 18 12 17 11 14 3 12 17 2 11 5 13 17 14 19 11 1 3 19 12 8 11 11 3 0 17 13 3 8 0 7 16 7 4 3 16 11 9 14 16 19 10 0 14 11 18 13 10 10 15 12 13 17 20 10 10 5 5 11 17 10 12 0 20 7 14 14 12 19 7 20 2 12 20 1 14 18 0 0 19 11 17 1 0 19 13 18 12 9 10 4 5 0 1 11 7 18 12 2 16 20 13 15 4 4 5 2 8 16 6 5 6 0 6 9 2 20 7 3 6 11 3 1 5 9 10 1 9 12 16 10 15 19 0 16 20 6 6 0 12 9 11 5 17 14 0 18 11 8 13 13 6 20 19 13 3 15 2 16 9 8 1 8 20 9 2 1 12 9 8 15 18 7 20 3 9 5 13 18 15 14 17 2 8 3 20 0 12 0 3 14 16 10 2 17 16 6 14 16 3 19 5 1 16 4 10 11 12 4 12 8 5 6 0 9 20 9 15 10 5 4 18 0 5 11 3 12 6 10 12 11 2 13 6 12 7 5 2 12 19 3 1 1 5 16 7 4 12 4 2 18 0 15 16 15 16 8 3 10 19 19 6 20 7 17 11 16 7 19 15 6 5 13 3 11 10 17 1 2 11 14 5 4 16 20 16 6 8 6 11 13 16 16 3 0 18 7 5 4 12 1 5 9 17 17 7 8 17 5 1 10 20 18 5 20 1 6 4 4 3 14 20 14 14 11 16 18 1 6 3 12 10 7 19 9 4 13 14 7 7 6 16 16 10 20 0 19 8 9 17 11 7 1 20 9 18 14 6 10 0 20 1 7 7 20 19 3 0 18 2 13 18 5 12 9 12 8 19 15 13 18 9 6 4 18 1 18 18 7 11 19 8 0 16 6 13 1 12 12 4 4 0 3 0 9 12 10 8 17 18 20 10 2 6 9 8 0 15 20 10 12 15 7 5 13 10 14 11 8 2 2 5 13 18 7 7 9 11 13 17 12 3 18 20 10 16 8 10 12 5 16 12 19 2 15 16 10 9 6 18 18 1 11 2 11 1 6 13 10 12 7 4 5 3 20 18 9 17 12 8 9 17 15 15 19 6 3 20 18 1 8 11 19 10 8 8 16 20 6 7 6 8 2 13 7 0 20 8 14 0 16 10 10 8 20 10 19 8 10 11 3 1 7 10 2 7 19 15 6 7 1 18 0 17 6 8 7 8 16 7 2 16 5 8 10 6 16 20 1 18 2 8 9 18 9 4 13 9 14 16 2 11 6 16 7 5 20 10 20 15 20 13 12 13 12 0 7 7 15 6 19 6 2 17 3 18 2 19 17 20 1 11 16 15 1 8 4 14 4 7 17 3 20 10 11 3 15 4 14 17 7 14 14 6
780
35 139 139 117 117 139 155 35 35 139 82 139 117 155 35 117 155 139 82 82 82 82 139 139 82 117 139 117 188 139 35 155 35 139 139 155 117 155 155 155 188 82 155 117 155 188 155 188 117 82 82 139 35 188 139 82 188 139 188 188 117 155 188 82 82 188 35 155 35 155 139 82 82 155 35 188 139 35 82 35 117 82 35 117 117 35 139 82 35 82 35 82 117 155 139 117 82 117 82 155 155 117 139 155 117 35 155 35 188 35 117 117 35 117 139 155 139 155 139 139 155 117 35 139 139 35 188 188 155 139 82 82 117 82 155 82 117 155 117 35 139 35 155 35 155 155 82 188 155 139 35 188 82 155 188 82 82 35 188 82 188 188 155 82 35 188 188 82 155 188 188 155 139 117 139 82 35 117 188 82 117 188 82 35 82 117 139 188 155 117 155 188 139 188 139 155 188 188 82 117 82 188 82 139 35 82 139 35 82 117 188 82 139 82 139 139 188 35 117 35 139 188 35 188 155 155 117 117 82 155 35 155 139 155 82 35 35 117 35 35 82 139 139 139 35 117 82 139 82 35 117 155 35 139 188 155 155 35 139 82 139 35 139 117 117 139 35 155 139 155 188 35 188 155 35 139 139 188 139 155 155 155 139 188 155 155 188 82 82 188 139 155 35 155 82 82 155 35 139 35 155 35 35 82 117 188 82 188 155 35 139 139 188 82 155 139 139 82 82 139 139 82 188 139 139 155 139 82 35 139 117 155 188 35 35 188 139 35 35 35 188 139 139 117 35 139 188 82 82 155 188 188 139 82 117 117 139 155 139 188 117 117 188 188 82 117 139 155 117 35 139 117 155 188 139 155 139 35 155 188 117 188 82 82 139 82 117 155 188 35 155 139 117 117 82 155 35 117 139 117 82 139 82 139 35 117 117 117 188 35 155 82 139 155 117 139 35 155 35 35 35 35 35 139 117 188 82 155 139 139 117 82 35 82 139 188 82 139 35 82 82 188 82 82 35 82 139 155 139 117 82 188 82 35 139 35 35 82 155 155 155 155 35 139 155 82 82 117 82 117 82 139 82 35 35 139 139 117 139 35 35 82 82 117 139 35 117 82 139 82 82 188 117 155 188 82 82 155 139 82 155 139 82 155 82 155 155 155 188 82 139 117 139 139 35 117 82 117 82 35 82 35 188 188 82 82 117 155 155 188 117 139 139 35 35 155 155 117 35 35 188 117 117 155 35 82 139 82 82 188 35 188 155 139 117 82 188 82 155 188 188 139 35 188 82 188 155 117 117 188 82 35 139 82 117 35 82 139 155 155 155 139 139 155 139 117 139 82 82 188 35 155 188 117 188 155 82 117 188 35 82 188 155 139 155 188 117 139 139 139 139 117 139 155 35 188 139 139 82 117 188 139 188 82 139 35 82 188 188 139 188 188 188 82 35 35 82 139 82 139 35 82 139 155 117 35 188 117 117 35 82 188 188 35 139 82 35 188 155 155 139 139 139 188 82 82 35 139 139 35 82 188 82 117 117 155 139 117 82 188 35 117 35 139 155 139 139 155 117 188 117 155 155 139 82 188 139 139 188 139 139 155 117 117 82 35 188 155 139 117 188 35 82 35 188 35 155 35 117 139 155 117 188 82 35 35 117 82 188 155 188 35 117 155 155 188 82 82 117 82 82 155 155 35 188 139 155 35 155 117 188 35 139 188 82 82 82 35 82 82 139 117 117 188 139 188 188 139 117 139 35 155 82 35 155 82 35 35 188 82
599
3 14 12 10 15 0 5 3 18 7 13 5 1 8 15 6 4 173 7 10 172 8 20 8 7 13 167 3 13 13 1 5 18 1 6 0 5 188 170 19 13 164 183 8 177 19 0 189 18 12 7 5 4 182 14 6 175 2 188 16 199 7 15 5 13 8 165 14 10 17 19 196 3 5 5 17 4 5 160 10 1 1 166 6 177 5 17 15 193 5 1 11 6 160 12 14 5 0 15 1 7 7 1 199 7 11 10 14 0 17 4 18 2 5 178 20 15 20 10 10 10 9 1 2 6 5 13 10 8 183 9 7 2 20 20 3 11 0 168 16 5 5 18 17 11 13 15 13 6 10 4 20 3 167 19 14 9 178 20 176 4 17 14 15 17 6 14 13 4 11 1 5 12 17 16 11 5 7 16 15 15 192 9 12 17 157 191 3 20 2 175 2 10 0 7 0 12 2 6 8 11 155 13 175 2 163 157 163 19 10 13 188 16 8 1 16 18 15 12 181 8 4 1 9 1 181 11 17 5 11 1 18 19 7 150 191 19 20 16 2 161 11 16 165 174 19 9 5 0 14 6 20 8 1 150 10 16 19 8 19 8 186 0 16 12 1 3 14 16 184 171 7 9 2 185 14 3 3 11 190 1 19 5 2 12 0 180 158 8 11 2 10 14 12 14 7 8 1 5 10 1 4 155 167 1 10 9 11 13 20 0 14 12 200 6 191 168 15 16 2 10 168 20 19 16 19 178 6 7 6 4 16 1 12 19 20 15 4 170 19 154 152 9 16 18 17 5 16 16 11 10 12 8 183 12 198 14 12 3 196 16 151 3 183 19 0 17 10 1 3 17 2 20 178 200 18 20 1 8 16 1 14 182 2 13 0 4 183 11 15 196 15 8 17 9 10 198 160 19 14 17 11 7 191 13 19 4 3 5 15 9 4 20 20 14 3 167 15 8 0 9 19 11 1 13 178 13 16 185 1 178 5 6 0 3 15 3 19 15 183 1 185 18 164 11 182 12 166 14 20 1 15 8 4 10 12 10 10 151 12 16 1 14 11 13 164 198 165 18 12 7 0 1 16 162 18 1 4 182 187 2 1 174 4 1 17 14 0 3 0 11 0 20 13 11 11 3 0 8 4 9 14 10 5 188 14 15 6 15 0 14 16 15 4 16 11 9 19 9 199 5 9 198 161 11 4 8 0 11 164 5 6 14 10 2 17 4 18 20 4 18 17 4 18 20 175 14 16 156 9 1 14 19 19 11 10 0 15 3 186 11 8 174 1 189 5 9 14 193 10 1 5 13 155 2 200 13 6 3 167 4 168 5 0 158 176 11 5 154 15 160 0 2 7 0 15 18 159 8
609
200 200 200 200 200 200 200 200 200 200 200 200 200 200 200 200 200 200 200 200 200 200 200 200 200 200 200 200 200 200 200 200 200 200 200 200 200 200 200 200 200 200 200 200 200 200 200 200 200 200 200 200 200 200 200 200 200 200 200 200 200 200 200 200 200 200 200 200 200 200 200 200 200 200 200 200 200 200 200 200 200 200 200 200 200 200 200 200 200 200 200 200 200 200 200 200 200 200 200 200 200 200 200 200 200 200 200 200 200 200 200 200 200 200 200 200 200 200 200 200 200 200 200 200 200 200 200 200 200 200 200 200 200 200 200 200 200 200 200 200 200 200 200 200 200 200 200 200 200 200 200 200 200 200 200 200 200 200 200 200 200 200 200 200 200 200 200 200 200 200 200 200 200 200 200 200 200 200 200 200 200 200 200 200 200 200 200 200 200 200 200 200 200 200 200 200 200 200 200 200 200 200 200 200 200 200 200 200 200 200 200 200 200 200 200 200 200 200 200 200 200 200 200 200 200 200 200 200 200 200 200 200 200 200 200 200 200 200 200 200 200 200 200 200 200 200 200 200 200 200 200 200 200 200 200 200 200 200 200 200 200 200 200 200 200 200 200 200 200 200 200 200 200 200 200 200 200 200 200 200 200 200 200 200 200 200 200 200 200 200 200 200 200 200 200 200 200 200 200 200 200 200 200 200 200 200 200 200 200 200 200 200 200 200 200 200 200 200 200 200 200 200 200 200 200 200 200 200 200 200 200 200 200 200 200 200 200 200 200 200 200 200 200 200 200 200 200 200 200 200 200 200 200 200 200 200 200 200 200 200 200 200 200 200 200 200 200 200 200 200 200 200 200 200 200 200 200 200 200 200 200 200 200 200 200 200 200 200 200 200 200 200 200 200 200 200 200 200 200 200 200 200 200 200 200 200 200 200 200 200 200 200 200 200 200 200 200 200 200 200 200 200 200 200 200 200 200 200 200 200 200 200 200 200 200 200 200 200 200 200 200 200 200 200 200 200 200 200 200 200 200 200 200 200 200 200 200 200 200 200 200 200 200 200 200 200 200 200 200 200 200 200 200 200 200 200 200 200 200 200 200 200 200 200 200 200 200 200 200 200 200 200 200 200 200 200 200 200 200 200 200 200 200 200 200 200 200 200 200 200 200 200 200 200 200 200 200 200 200 200 200 200 200 200 200 200 200 200 200 200 200 200 200 200 200 200 200 200 200 200 200 200 200 200 200 200 200 200 200 200 200 200 200 200 200 200 200 200 200 200 200 200 200 200 200 200 200 200 200 200 200 200 200 200 200 200 200 200 200 200 200 200 200 200 200 200 200 200 200 200 200 200 200 200 200 200 200 200 200 200 200 200 200 200 200 200 200 200 200
17
0 200 107 105 100 50 82 107 60 114 75 96 51 118 73 89 200
10
10 13 9 16 13 10 6 10 2 18
965
200 200 200 200 200 200 200 200 200 200 200 200 200 200 200 200 200 200 200 200 200 200 200 200 200 200 200 200 200 200 200 200 200 200 200 200 200 200 200 200 200 200 200 200 200 200 200 200 200 200 200 200 200 200 200 200 200 200 200 200 200 200 200 200 200 200 200 200 200 200 200 200 200 200 200 200 200 200 200 200 200 200 200 200 200 200 200 200 200 200 200 200 200 200 200 200 200 200 200 200 200 200 200 200 200 200 200 200 200 200 200 200 200 200 200 200 200 200 200 200 200 200 200 200 200 200 200 200 200 200 200 200 200 200 200 200 200 200 200 200 200 200 200 200 200 200 200 200 200 200 200 200 200 200 200 200 200 200 200 200 200 200 200 200 200 200 200 200 200 200 200 200 200 200 200 200 200 200 200 200 200 200 200 200 200 200 200 200 200 200 200 200 200 200 200 200 200 200 200 200 200 200 200 200 200 200 200 200 200 200 200 200 200 200 200 200 200 200 200 200 200 200 200 200 200 200 200 200 200 200 200 200 200 200 200 200 200 200 200 200 200 200 200 200 200 200 200 200 200 200 200 200 200 200 200 200 200 200 200 200 200 200 200 200 200 200 200 200 200 200 200 200 200 200 200 200 200 200 200 200 200 200 200 200 200 200 200 200 200 200 200 200 200 200 200 200 200 200 200 200 200 200 200 200 200 200 200 200 200 200 200 200 200 200 200 200 200 200 200 200 200 200 200 200 200 200 200 200 200 200 200 200 200 200 200 200 200 200 200 200 200 200 200 200 200 200 200 200 200 200 200 200 200 200 200 200 200 200 200 200 200 200 200 200 200 200 200 200 200 200 200 200 200 200 200 200 200 200 200 200 200 200 200 200 200 200 200 200 200 200 200 200 200 200 200 200 200 200 200 200 200 200 200 200 200 200 200 200 200 200 200 200 200 200 200 200 200 200 200 200 200 200 200 200 200 200 200 200 200 200 200 200 200 200 200 200 200 200 200 200 200 200 200 200 200 200 200 200 200 200 200 200 200 200 200 200 200 200 200 200 200 200 200 200 200 200 200 200 200 200 200 200 200 200 200 200 200 200 200 200 200 200 200 200 200 200 200 200 200 200 200 200 200 200 200 200 200 200 200 200 200 200 200 200 200 200 200 200 200 200 200 200 200 200 200 200 200 200 200 200 200 200 200 200 200 200 200 200 200 200 200 200 200 200 200 200 200 200 200 200 200 200 200 200 200 200 200 200 200 200 200 200 200 200 200 200 200 200 200 200 200 200 200 200 200 200 200 200 200 200 200 200 200 200 200 200 200 200 200 200 200 200 200 200 200 200 200 200 200 200 200 200 200 200 200 200 200 200 200 200 200 200 200 200 200 200 200 200 200 200 200 200 200 200 200 200 200 200 200 200 200 200 200 200 200 200 200 200 200 200 200 200 200 200 200 200 200 200 200 200 200 200 200 200 200 200 200 200 200 200 200 200 200 200 200 200 200 200 200 200 200 200 200 200 200 200 200 200 200 200 200 200 200 200 200 200 200 200 200 200 200 200 200 200 200 200 200 200 200 200 200 200 200 200 200 200 200 200 200 200 200 200 200 200 200 200 200 200 200 200 200 200 200 200 200 200 200 200 200 200 200 200 200 200 200 200 200 200 200 200 200 200 200 200 200 200 200 200 200 200 200 200 200 200 200 200 200 200 200 200 200 200 200 200 200 200 200 200 200 200 200 200 200 200 200 200 200 200 200 200 200 200 200 200 200 200 200 200 200 200 200 200 200 200 200 200 200 200 200 200 200 200 200 200 200 200 200 200 200 200 200 200 200 200 200 200 200 200 200 200 200 200 200 200 200 200 200 200 200 200 200 200 200 200 200 200 200 200 200 200 200 200 200 200 200 200 200 200 200 200 200 200 200 200 200 200 200 200 200 200 200 200 200 200 200 200 200 200 200 200 200 200 200 200 200 200 200 200 200 200 200 200 200 200 200 200 200 200 200 200 200 200 200 200 200 200 200 200 200 200 200 200 200 200 200 200 200 200 200 200 200 200 200 200 200 200 200 200 200 200 200 200 200 200 200 200 200 200 200 200 200 200 200 200 200 200 200 200 200 200 200 200 200 200 200 200 200 200 200 200 200 200 200 200 200 200 200 200 200 200 200 200 200 200 200 200 200 200 200 200 200 200 200 200 200
796
200 200 200 200 200 200 200 200 200 200 200 200 200 200 200 200 200 200 200 200 200 200 200 200 200 200 200 200 200 200 200 200 200 200 200 200 200 200 200 200 200 200 200 200 200 200 200 200 200 200 200 200 200 200 200 200 200 200 200 200 200 200 200 200 200 200 200 200 200 200 200 200 200 200 200 200 200 200 200 200 200 200 200 200 200 200 200 200 200 200 200 200 200 200 200 200 200 200 200 200 200 200 200 200 200 200 200 200 200 200 200 200 200 200 200 200 200 200 200 200 200 200 200 200 200 200 200 200 200 200 200 200 200 200 200 200 200 200 200 200 200 200 200 200 200 200 200 200 200 200 200 200 200 200 200 200 200 200 200 200 200 200 200 200 200 200 200 200 200 200 200 200 200 200 200 200 200 200 200 200 200 200 200 200 200 200 200 200 200 200 200 200 200 200 200 200 200 200 200 200 200 200 200 200 200 200 200 200 200 200 200 200 200 200 200 200 200 200 200 200 200 200 200 200 200 200 200 200 200 200 200 200 200 200 200 200 200 200 200 200 200 200 200 200 200 200 200 200 200 200 200 200 200 200 200 200 200 200 200 200 200 200 200 200 200 200 200 200 200 200 200 200 200 200 200 200 200 200 200 200 200 200 200 200 200 200 200 200 200 200 200 200 200 200 200 200 200 200 200 200 200 200 200 200 200 200 200 200 200 200 200 200 200 200 200 200 200 200 200 200 200 200 200 200 200 200 200 200 200 200 200 200 200 200 200 200 200 200 200 200 200 200 200 200 200 200 200 200 200 200 200 200 200 200 200 200 200 200 200 200 200 200 200 200 200 200 200 200 200 200 200 200 200 200 200 200 200 200 200 200 200 200 200 200 200 200 200 200 200 200 200 200 200 200 200 200 200 200 200 200 200 200 200 200 200 200 200 200 200 200 200 200 200 200 200 200 200 200 200 200 200 200 200 200 200 200 200 200 200 200 200 200 200 200 200 200 200 200 200 200 200 200 200 200 200 200 200 200 200 200 200 200 200 200 200 200 200 200 200 200 200 200 200 200 200 200 200 200 200 200 200 200 200 200 200 200 200 200 200 200 200 200 200 200 200 200 200 200 200 200 200 200 200 200 200 200 200 200 200 200 200 200 200 200 200 200 200 200 200 200 200 200 200 200 200 200 200 200 200 200 200 200 200 200 200 200 200 200 200 200 200 200 200 200 200 200 200 200 200 200 200 200 200 200 200 200 200 200 200 200 200 200 200 200 200 200 200 200 200 200 200 200 200 200 200 200 200 200 200 200 200 200 200 200 200 200 200 200 200 200 200 200 200 200 200 200 200 200 200 200 200 200 200 200 200 200 200 200 200 200 200 200 200 200 200 200 200 200 200 200 200 200 200 200 200 200 200 200 200 200 200 200 200 200 200 200 200 200 200 200 200 200 200 200 200 200 200 200 200 200 200 200 200 200 200 200 200 200 200 200 200 200 200 200 200 200 200 200 200 200 200 200 200 200 200 200 200 200 200 200 200 200 200 200 200 200 200 200 200 200 200 200 200 200 200 200 200 200 200 200 200 200 200 200 200 200 200 200 200 200 200 200 200 200 200 200 200 200 200 200 200 200 200 200 200 200 200 200 200 200 200 200 200 200 200 200 200 200 200 200 200 200 200 200 200 200 200 200 200 200 200 200 200 200 200 200 200 200 200 200 200 200 200 200 200 200 200 200 200 200 200 200 200 200 200 200 200 200 200 200 200 200 200 200 200 200 200 200 200 200 200 200 200 200 200 200 200 200 200 200 200 200 200 200 200 200
46
152 36 166 7 7 166 36 166 152 166 36 152 36 7 166 166 152 152 152 166 152 152 7 7 166 7 152 7 166 7 166 36 7 7 7 152 7 7 36 152 152 36 152 36 152 152
889
0 0 0 0 0 0 0 0 0 0 0 0 0 0 0 0 0 0 0 0 0 0 0 0 0 0 0 0 0 0 0 0 0 0 0 0 0 0 0 0 0 0 0 0 0 0 0 0 0 0 0 0 0 0 0 0 0 0 0 0 0 0 0 0 0 0 0 0 0 0 0 0 0 0 0 0 0 0 0 0 0 0 0 0 0 0 0 0 0 0 0 0 0 0 0 0 0 0 0 0 0 0 0 0 0 0 0 0 0 0 0 0 0 0 0 0 0 0 0 0 0 0 0 0 0 0 0 0 0 0 0 0 0 0 0 0 0 0 0 0 0 0 0 0 0 0 0 0 0 0 0 0 0 0 0 0 0 0 0 0 0 0 0 0 0 0 0 0 0 0 0 0 0 0 0 0 0 0 0 0 0 0 0 0 0 0 0 0 0 0 0 0 0 0 0 0 0 0 0 0 0 0 0 0 0 0 0 0 0 0 0 0 0 0 0 0 0 0 0 0 0 0 0 0 0 0 0 0 0 0 0 0 0 0 0 0 0 0 0 0 0 0 0 0 0 0 0 0 0 0 0 0 0 0 0 0 0 0 0 0 0 0 0 0 0 0 0 0 0 0 0 0 0 0 0 0 0 0 0 0 0 0 0 0 0 0 0 0 0 0 0 0 0 0 0 0 0 0 0 0 0 0 0 0 0 0 0 0 0 0 0 0 0 0 0 0 0 0 0 0 0 0 0 0 0 0 0 0 0 0 0 0 0 0 0 0 0 0 0 0 0 0 0 0 0 0 0 0 0 0 0 0 0 0 0 0 0 0 0 0 0 0 0 0 0 0 0 0 0 0 0 0 0 0 0 0 0 0 0 0 0 0 0 0 0 0 0 0 0 0 0 0 0 0 0 0 0 0 0 0 0 0 0 0 0 0 0 0 0 0 0 0 0 0 0 0 0 0 0 0 0 0 0 0 0 0 0 0 0 0 0 0 0 0 0 0 0 0 0 0 0 0 0 0 0 0 0 0 0 0 0 0 0 0 0 0 0 0 0 0 0 0 0 0 0 0 0 0 0 0 0 0 0 0 0 0 0 0 0 0 0 0 0 0 0 0 0 0 0 0 0 0 0 0 0 0 0 0 0 0 0 0 0 0 0 0 0 0 0 0 0 0 0 0 0 0 0 0 0 0 0 0 0 0 0 0 0 0 0 0 0 0 0 0 0 0 0 0 0 0 0 0 0 0 0 0 0 0 0 0 0 0 0 0 0 0 0 0 0 0 0 0 0 0 0 0 0 0 0 0 0 0 0 0 0 0 0 0 0 0 0 0 0 0 0 0 0 0 0 0 0 0 0 0 0 0 0 0 0 0 0 0 0 0 0 0 0 0 0 0 0 0 0 0 0 0 0 0 0 0 0 0 0 0 0 0 0 0 0 0 0 0 0 0 0 0 0 0 0 0 0 0 0 0 0 0 0 0 0 0 0 0 0 0 0 0 0 0 0 0 0 0 0 0 0 0 0 0 0 0 0 0 0 0 0 0 0 0 0 0 0 0 0 0 0 0 0 0 0 0 0 0 0 0 0 0 0 0 0 0 0 0 0 0 0 0 0 0 0 0 0 0 0 0 0 0 0 0 0 0 0 0 0 0 0 0 0 0 0 0 0 0 0 0 0 0 0 0 0 0 0 0 0 0 0 0 0 0 0 0 0 0 0 0 0 0 0 0 0 0 0 0 0 0 0 0 0 0 0 0 0 0 0 0 0 0 0 0 0 0 0 0 0 0 0 0 0 0 0 0 0 0 0 0 0 0 0 0 0 0 0 0 0 0 0 0 0 0 0 0 0 0 0 0 0 0 0 0 0 0 0 0 0 0 0 0 0 0 0 0 0 0 0 0 0 0 0 0 0 0 0 0 0 0 0 0 0 0 0 0 0 0 0 0 0 0 0 0 0 0 0 0 0 0 0 0 0 0 0 0 0 0 0 0 0 0 0 0 0 0 0 0 0 0 0 0 0 0 0
801
184 195 119 67 62 117 200 113 159 96 182 100 193 119 68 162 127 52 130 42 89 33 86 159 87 174 134 100 154 14 6 37 166 114 179 64 68 146 87 121 11 19 40 193 59 63 148 161 49 166 174 199 127 51 191 71 46 151 168 16 71 47 103 194 151 39 59 20 99 198 169 113 92 46 5 47 104 60 143 54 69 152 104 144 83 133 14 60 96 164 78 181 145 191 194 132 176 73 137 75 133 98 63 95 112 43 138 113 52 162 37 123 4 128 135 101 80 178 188 46 3 145 36 144 47 139 69 73 75 24 81 69 17 160 4 100 78 104 129 65 112 77 120 142 160 191 73 1 200 94 190 21 104 146 144 188 143 137 158 52 137 182 38 157 27 83 22 76 9 38 151 40 73 137 17 41 12 30 35 32 175 108 8 120 69 93 114 59 164 48 195 47 140 87 49 64 84 164 104 160 3 125 92 190 42 38 69 67 66 73 71 109 23 83 67 125 172 186 10 41 153 65 187 68 104 38 25 56 167 159 1 112 158 78 56 125 124 4 19 10 160 57 113 21 110 178 96 103 185 102 166 98 71 62 188 185 145 29 89 79 106 20 50 130 160 25 182 180 171 75 64 149 17 29 86 136 181 32 81 49 19 62 115 9 150 46 99 102 119 99 187 176 65 45 6 81 168 155 58 134 129 133 18 109 151 190 196 196 8 28 103 152 87 133 156 141 48 62 100 179 97 93 186 125 12 20 52 196 179 18 36 94 168 151 167 11 61 82 120 141 155 136 90 54 91 86 126 174 21 56 72 113 49 34 183 27 131 18 13 110 36 70 70 47 131 95 59 94 43 189 147 139 19 1 163 6 139 84 160 66 63 154 144 75 127 196 58 20 182 41 125 186 194 198 147 135 185 97 159 18 165 179 64 164 189 123 165 144 110 151 114 157 112 23 167 28 82 30 177 147 49 51 185 50 117 124 27 96 152 109 160 167 110 71 171 110 138 160 79 82 70 168 16 131 92 181 46 0 50 41 78 195 33 10 85 3 32 63 12 96 77 51 185 152 98 158 64 60 83 68 25 47 72 135 100 7 66 131 27 114 65 43 100 36 199 5 81 137 148 15 78 192 160 180 59 127 156 53 1 75 164 68 88 132 24 182 86 200 7 61 152 147 171 9 93 136 39 137 30 39 163 81 199 179 126 124 25 118 105 70 124 133 159 90 67 103 95 62 1 76 185 146 58 81 70 3 36 56 52 116 47 152 186 195 156 143 35 67 161 114 49 198 163 46 175 196 185 110 167 181 136 95 1 89 120 118 106 24 34 96 157 25 55 113 48 99 83 64 180 60 97 167 105 27 30 62 175 99 166 48 58 82 69 178 9 69 9 168 94 23 87 70 56 180 2 70 164 130 61 176 77 22 166 18 153 13 112 1 179 56 119 3 101 28 6 42 142 112 158 58 130 125 51 61 175 24 47 65 50 28 153 101 147 61 160 112 167 104 133 102 18 147 83 114 190 38 169 127 103 173 113 99 159 3 3 142 55 16 37 36 56 51 14 193 109 17 25 48 18 140 90 27 165 147 65 13 92 29 141 191 162 194 91 72 200 94 67 182 193 29 79 116 34 195 108 111 44 193 88 4 119 36 198 72 16 79 94 38 37 145 200 192 122 173 114 85 125 53 191 74 85 178 88 198 26 188 144 0 171 72 118 22 101 59 134 122 92 40 104 90 71 24 137 64 66 109 190 32 60 195 194 89 96 190 23 57 178 16 136 23 164 160 129 173 37 172 95 73 171 127 170 141 109 142 36 18 184 160 194 109 106
761
0 200 117 110 92 111 55 95 62 68 90 57 92 106 81 52 70 106 63 94 51 79 96 107 98 87 65 51 89 78 114 91 119 71 83 52 91 67 96 83 108 94 82 65 53 95 50 114 88 68 77 119 67 94 67 56 68 118 58 87 94 86 115 72 115 115 56 60 51 54 58 91 102 60 100 117 53 103 99 98 115 81 60 66 119 73 116 109 74 57 108 59 107 87 106 53 57 70 51 101 65 83 81 99 111 75 85 91 64 54 114 113 74 78 56 82 108 101 110 101 58 94 65 83 91 59 102 95 94 69 50 61 58 84 72 111 77 110 59 79 110 68 74 73 117 71 53 107 89 62 73 90 86 52 120 68 68 111 60 102 53 51 104 77 90 107 96 95 110 55 119 101 90 118 96 65 101 90 108 65 65 119 94 57 65 117 101 52 70 120 120 111 94 68 80 95 65 104 98 85 99 104 73 105 118 103 74 93 114 110 120 93 66 67 114 60 110 103 119 64 62 120 57 56 63 69 88 105 74 81 95 89 107 98 94 50 100 74 78 94 87 94 114 57 93 97 103 51 102 53 81 86 87 50 94 79 104 69 72 58 119 119 114 55 93 90 111 84 105 72 84 63 61 50 79 72 81 108 76 87 53 115 118 73 54 67 114 110 113 61 79 76 78 85 85 62 69 72 105 104 77 104 103 97 58 59 62 72 108 50 52 83 96 63 61 110 70 91 85 56 96 54 69 89 116 75 96 91 70 102 101 78 93 91 64 60 117 76 74 101 74 74 64 99 99 64 89 51 91 84 93 62 68 120 81 65 59 72 91 56 81 79 118 108 72 68 91 82 112 112 50 109 103 98 102 97 110 112 75 109 97 111 90 63 119 57 87 60 116 77 101 98 91 111 79 97 51 96 96 67 52 108 63 91 61 86 60 108 88 95 79 91 98 53 89 72 110 119 71 79 120 81 57 85 107 86 54 82 119 76 58 54 73 106 90 83 77 120 112 85 102 64 120 120 56 80 106 51 60 54 98 66 103 66 50 101 114 74 119 84 119 61 101 106 106 109 105 57 71 120 67 66 110 91 117 98 115 95 106 64 55 70 68 109 107 67 92 63 76 119 96 55 50 105 54 87 85 66 70 99 59 82 86 81 50 71 106 72 52 71 93 106 91 59 89 97 97 83 88 66 98 57 117 117 99 117 86 90 108 92 84 55 95 110 88 112 81 120 57 100 82 89 87 57 51 113 93 103 105 59 54 72 83 80 78 97 63 98 119 56 94 82 74 85 51 74 67 60 99 76 105 109 76 85 60 68 104 81 72 113 103 78 70 103 105 53 117 60 71 112 63 59 104 97 83 66 110 90 111 106 80 65 50 83 84 95 79 53 113 62 84 107 68 54 51 118 105 85 113 93 84 57 119 71 94 97 119 109 53 99 98 51 113 93 117 78 89 90 73 90 115 91 114 96 101 65 52 84 92 60 91 102 85 66 53 68 111 53 98 80 52 81 78 96 89 68 84 66 99 84 63 112 63 72 75 100 116 110 120 80 58 92 97 101 73 90 73 114 77 67 119 58 101 78 70 98 53 80 64 66 107 120 61 103 96 78 51 109 69 53 94 92 73 94 58 102 57 60 65 88 93 119 76 110 101 74 88 60 101 109 112 108 108 112 105 109 105 92 50 76 109 91 78 103 90 85 78 53 92 81 58 116 85 73 109 93 72 68 73 91 200
123
145 166 38 166 38 38 38 145 38 166 166 145 38 38 38 38 38 38 166 166 166 145 145 166 166 145 166 38 38 166 166 145 145 38 166 38 145 166 38 38 166 38 166 145 38 38 145 145 145 166 145 166 38 38 38 38 38 145 166 38 38 38 166 38 145 166 166 38 145 166 145 166 38 38 166 38 145 38 38 166 145 145 145 38 38 38 38 145 166 166 38 38 145 145 145 145 38 166 38 166 145 38 145 145 145 145 166 145 38 145 145 145 145 166 38 166 145 166 166 38 166 38 145
405
0 200 101 109 120 96 112 111 75 92 74 83 114 99 117 76 110 112 65 114 59 56 114 84 112 108 100 110 65 118 78 95 83 89 109 106 110 105 52 90 97 91 118 99 118 95 101 57 59 80 67 94 108 103 54 116 60 92 68 80 56 114 87 79 91 93 57 118 98 60 75 62 88 95 91 102 75 99 51 115 73 89 107 112 86 117 96 83 53 108 93 117 112 93 75 66 88 52 71 114 96 57 99 116 50 64 96 78 105 76 52 103 84 120 93 113 85 51 62 70 93 89 68 75 53 98 112 54 65 62 97 104 101 96 65 98 97 107 99 94 57 52 113 59 57 118 51 57 74 66 115 52 97 68 112 115 107 76 76 87 61 87 58 100 75 62 109 113 103 118 96 90 59 119 107 92 115 86 74 74 101 67 67 54 81 58 65 112 99 120 85 94 113 111 98 97 78 93 117 88 78 115 110 113 86 79 85 76 95 64 71 108 102 101 109 120 72 104 50 99 101 72 104 87 90 65 69 120 69 75 111 114 62 99 50 79 53 73 82 112 95 92 68 61 66 112 69 107 91 53 109 72 65 54 77 113 89 70 54 115 74 60 50 56 104 94 60 89 97 117 97 93 62 103 97 83 116 63 86 106 67 74 114 95 82 85 87 56 91 59 88 109 68 73 105 86 97 115 55 68 56 84 96 115 60 74 67 63 96 64 111 57 80 110 84 90 98 119 118 57 63 113 83 72 114 88 76 54 77 87 92 119 59 102 81 64 77 68 90 100 104 83 98 81 55 115 50 59 98 77 60 91 114 57 114 58 71 100 111 60 95 81 85 69 61 112 105 70 67 116 87 68 50 89 111 85 91 60 84 79 109 106 70 62 80 118 115 75 67 50 65 83 100 112 101 57 74 51 84 76 64 103 103 50 200
896
8 108 51 115 19 86 188 113 103 162 107 129 48 66 194 18 122 76 175 152 181 44 184 22 35 62 83 191 164 125 137 196 76 25 176 97 164 63 38 22 144 194 173 88 174 174 37 48 134 37 102 12 200 147 149 166 179 19 88 38 193 45 35 115 187 90 79 131 45 103 140 111 71 3 61 184 54 62 90 175 152 200 24 115 177 161 101 4 99 156 136 32 62 68 168 189 122 164 191 91 132 156 55 57 159 4 7 188 125 43 90 183 31 174 113 32 119 68 99 151 91 161 114 161 187 158 9 88 118 162 37 107 108 78 194 74 176 54 160 69 100 182 32 111 47 97 26 17 32 71 75 35 138 179 15 10 3 62 141 149 163 71 171 97 53 132 193 137 185 188 39 10 187 131 191 172 18 193 195 123 100 97 94 12 75 177 160 94 12 1 99 160 144 187 65 29 119 182 4 10 181 1 63 136 106 55 166 119 63 162 18 152 101 167 55 69 177 26 50 149 192 119 78 105 63 88 115 59 182 0 12 49 130 169 183 179 7 97 139 35 135 80 74 181 150 22 81 105 119 51 116 38 196 122 152 71 16 102 193 64 117 13 50 144 75 143 48 95 144 55 158 7 173 37 91 140 141 191 132 79 58 128 49 7 41 46 198 16 183 4 134 123 53 141 156 0 81 90 91 147 23 20 120 29 106 148 99 102 66 17 72 111 200 167 68 116 137 51 42 136 158 82 184 34 168 8 94 12 126 62 36 182 121 74 67 140 105 169 177 72 27 63 44 66 17 13 62 53 128 91 41 144 109 129 55 47 176 194 25 134 122 110 4 144 174 146 123 83 102 65 141 47 60 91 81 148 128 65 27 103 85 11 73 20 184 100 114 23 188 72 82 138 61 71 160 90 141 82 0 190 59 131 37 22 40 198 121 47 12 183 178 170 45 104 33 137 144 71 13 101 42 196 145 198 195 171 182 62 112 181 176 65 9 143 181 87 179 63 67 115 90 95 107 37 38 77 200 76 26 191 82 48 62 154 53 132 145 12 155 190 185 120 52 114 116 63 98 36 157 96 143 197 35 192 0 79 113 116 46 146 200 165 168 138 46 120 169 182 142 31 147 87 116 172 128 161 131 17 131 49 129 31 132 96 130 97 48 186 122 84 15 38 181 88 109 192 118 52 76 14 150 102 23 191 70 154 63 147 50 145 131 183 138 51 123 110 117 191 57 27 61 39 10 86 194 138 68 165 179 77 2 149 148 34 143 23 170 160 111 34 182 96 118 112 3 99 163 109 80 187 73 11 172 57 79 116 27 176 173 8 37 62 193 30 68 80 88 135 27 47 71 179 4 186 159 95 126 5 185 69 84 136 196 23 63 45 171 196 133 41 199 17 48 28 175 31 28 165 139 187 159 159 187 25 2 67 117 155 161 53 177 159 68 2 183 32 71 159 157 183 17 90 106 147 46 75 112 150 174 135 108 6 29 107 163 144 165 149 4 162 91 198 59 123 120 55 124 100 157 163 66 117 111 70 139 165 69 92 87 47 123 86 113 63 45 17 173 98 192 160 13 148 13 147 44 24 189 102 52 159 95 64 165 188 33 53 145 4 7 142 175 200 164 105 61 118 61 116 131 128 62 168 3 61 28 76 8 41 174 74 62 87 113 198 73 3 148 177 133 162 40 79 156 37 130 186 182 184 78 28 49 42 143 69 71 56 9 99 177 21 0 149 1 198 50 100 80 200 109 106 128 59 179 144 10 89 91 10 58 6 36 152 86 107 162 114 79 156 127 122 13 69 188 8 99 57 115 14 168 125 97 89 170 92 28 97 26 39 182 101 18 3 8 110 0 126 28 193 87 122 178 95 90 147 124 149 70 22 34 115 57 0 123 128 153 168 25 197 114 69 34 40 64 7 95 144 43 69 186 80 102 175 194 181 21 47 9 40 110 57 87 155 139 43 112 61 121 130 65 24 78 0 141 50 46 11 56 150 156 141 57 118 25 139 93 174 198 56 55 167 183 155 127 117 89 197
502
0 200 78 90 57 50 105 90 74 69 103 88 83 112 85 71 110 101 55 108 100 62 80 55 106 83 71 116 57 72 119 73 83 70 58 70 119 50 96 57 94 114 59 100 79 69 86 82 98 76 100 66 76 109 78 103 80 63 85 52 52 66 97 101 58 74 67 111 51 54 80 78 101 95 119 95 63 68 85 114 79 89 67 71 104 67 89 111 76 84 106 118 84 106 53 119 112 108 71 81 120 92 110 101 74 98 109 88 55 97 71 99 107 96 84 55 54 120 72 53 102 64 107 104 73 58 99 81 71 105 98 106 105 53 83 85 98 115 69 92 59 101 86 56 113 117 94 74 67 77 114 54 115 59 114 116 69 94 108 76 88 112 104 72 117 62 98 97 54 60 109 75 52 98 78 88 87 93 77 87 75 78 70 75 108 104 84 102 72 92 100 106 78 55 101 56 100 83 118 75 73 110 79 70 111 87 67 93 86 119 86 80 102 112 87 57 55 71 68 113 53 61 89 81 52 69 71 90 86 50 118 90 51 57 93 56 62 95 56 97 93 88 82 59 117 57 118 50 74 59 63 94 115 77 120 77 69 110 108 97 101 88 100 102 58 73 75 108 54 86 97 93 115 53 106 113 94 85 98 100 61 98 52 70 61 52 58 113 82 66 79 84 71 79 113 109 80 58 109 100 103 109 76 68 114 83 112 103 72 87 82 96 62 95 79 118 83 95 118 102 81 118 81 103 93 120 110 82 89 74 105 102 92 84 93 70 57 101 109 55 98 73 77 100 120 87 116 78 77 117 75 99 89 115 93 101 60 74 118 114 94 60 81 78 75 93 65 89 82 74 114 93 101 63 103 102 89 103 109 69 116 86 80 67 100 71 58 62 63 84 52 61 52 108 96 56 114 92 60 83 94 57 104 69 105 64 96 82 115 109 120 79 102 62 70 68 90 92 80 51 88 59 74 103 95 67 70 99 104 59 85 104 118 114 111 80 70 85 54 99 97 85 114 56 113 103 110 105 118 65 120 117 93 58 117 109 63 69 68 119 79 94 77 50 68 99 54 117 102 84 52 79 72 94 105 69 57 83 69 86 92 56 58 56 80 101 60 85 105 102 92 53 50 85 95 102 82 90 53 59 82 200
413
0 0 0 0 0 0 0 0 0 0 0 0 0 0 0 0 0 0 0 0 0 0 0 0 0 0 0 0 0 0 0 0 0 0 0 0 0 0 0 0 0 0 0 0 0 0 0 0 0 0 0 0 0 0 0 0 0 0 0 0 0 0 0 0 0 0 0 0 0 0 0 0 0 0 0 0 0 0 0 0 0 0 0 0 0 0 0 0 0 0 0 0 0 0 0 0 0 0 0 0 0 0 0 0 0 0 0 0 0 0 0 0 0 0 0 0 0 0 0 0 0 0 0 0 0 0 0 0 0 0 0 0 0 0 0 0 0 0 0 0 0 0 0 0 0 0 0 0 0 0 0 0 0 0 0 0 0 0 0 0 0 0 0 0 0 0 0 0 0 0 0 0 0 0 0 0 0 0 0 0 0 0 0 0 0 0 0 0 0 0 0 0 0 0 0 0 0 0 0 0 0 0 0 0 0 0 0 0 0 0 0 0 0 0 0 0 0 0 0 0 0 0 0 0 0 0 0 0 0 0 0 0 0 0 0 0 0 0 0 0 0 0 0 0 0 0 0 0 0 0 0 0 0 0 0 0 0 0 0 0 0 0 0 0 0 0 0 0 0 0 0 0 0 0 0 0 0 0 0 0 0 0 0 0 0 0 0 0 0 0 0 0 0 0 0 0 0 0 0 0 0 0 0 0 0 0 0 0 0 0 0 0 0 0 0 0 0 0 0 0 0 0 0 0 0 0 0 0 0 0 0 0 0 0 0 0 0 0 0 0 0 0 0 0 0 0 0 0 0 0 0 0 0 0 0 0 0 0 0 0 0 0 0 0 0 0 0 0 0 0 0 0 0 0 0 0 0 0 0 0 0 0 0 0 0 0 0 0 0 0 0 0 0 0 0 0 0 0 0 0 0 0 0 0 0 0 0 0 0 0 0 0 0
622
15 163 10 4 0 167 0 15 17 161 3 17 14 10 8 0 5 5 17 18 6 3 19 8 14 167 2 18 18 17 16 0 183 2 164 7 2 15 17 5 0 11 7 18 189 167 196 18 10 1 20 11 16 8 165 180 0 15 0 9 6 165 14 19 9 11 175 165 19 1 153 19 183 16 10 15 181 163 7 183 0 11 163 4 161 14 158 159 17 14 9 8 152 0 12 14 7 5 1 12 11 20 14 161 15 2 15 1 9 2 155 5 6 170 183 16 18 5 16 12 18 1 19 2 15 11 2 16 9 158 10 189 20 2 3 12 18 192 175 20 3 18 15 0 4 16 20 3 3 6 16 20 20 20 8 19 4 178 161 0 5 158 20 11 14 6 15 9 186 197 6 14 184 1 14 198 14 3 20 20 2 179 7 13 9 5 6 153 6 4 8 165 6 17 15 7 200 188 168 1 11 13 18 10 5 2 19 167 11 12 9 0 8 8 154 5 0 7 7 17 15 17 0 183 8 15 176 13 13 4 194 20 162 155 175 10 17 4 10 14 15 9 10 161 3 163 1 18 14 4 5 184 200 194 16 10 3 187 7 9 6 187 8 5 19 15 17 152 14 9 1 0 4 177 15 153 15 3 20 194 20 20 6 5 183 9 19 16 174 7 9 9 196 7 162 16 7 2 2 5 20 4 0 13 18 191 199 2 7 4 10 9 12 3 167 0 20 16 12 193 18 16 186 4 11 7 18 4 13 6 5 10 157 1 4 1 7 14 189 8 19 184 5 19 5 0 4 2 20 17 12 3 198 4 7 0 19 4 16 1 6 199 8 8 17 152 7 156 16 9 18 19 13 183 13 4 12 14 170 4 177 12 0 16 188 12 2 16 19 162 6 3 15 184 2 189 11 171 12 5 7 5 19 4 15 152 16 183 9 167 18 10 12 14 181 19 20 164 13 2 7 5 11 13 168 19 2 10 15 18 5 171 188 14 2 177 4 174 5 19 11 1 3 18 187 2 4 1 11 161 19 18 10 18 175 3 0 10 5 163 195 18 155 17 13 151 19 18 10 172 4 16 163 14 10 4 5 2 188 179 3 6 10 11 19 20 9 9 3 185 15 14 191 0 15 7 7 5 3 6 8 172 10 14 164 5 18 0 0 7 10 1 17 8 13 12 11 171 20 194 196 20 4 10 10 5 9 15 7 17 186 189 16 4 1 7 18 4 20 4 4 8 20 5 16 6 1 0 13 4 17 171 18 3 6 12 186 15 9 17 7 174 11 2 181 1 6 16 17 18 15 190 8 16 180 3 6 7 5 11 16 19 10 187 9 11 13 8 5 15 16 13 15 5 163 18 14 1 17 162 7 170 17 198 8 19 15 17 5 15 0 1 155 12 6 8 168 7 184 7 10 184
708
200 200 200 200 200 200 200 200 200 200 200 200 200 200 200 200 200 200 200 200 200 200 200 200 200 200 200 200 200 200 200 200 200 200 200 200 200 200 200 200 200 200 200 200 200 200 200 200 200 200 200 200 200 200 200 200 200 200 200 200 200 200 200 200 200 200 200 200 200 200 200 200 200 200 200 200 200 200 200 200 200 200 200 200 200 200 200 200 200 200 200 200 200 200 200 200 200 200 200 200 200 200 200 200 200 200 200 200 200 200 200 200 200 200 200 200 200 200 200 200 200 200 200 200 200 200 200 200 200 200 200 200 200 200 200 200 200 200 200 200 200 200 200 200 200 200 200 200 200 200 200 200 200 200 200 200 200 200 200 200 200 200 200 200 200 200 200 200 200 200 200 200 200 200 200 200 200 200 200 200 200 200 200 200 200 200 200 200 200 200 200 200 200 200 200 200 200 200 200 200 200 200 200 200 200 200 200 200 200 200 200 200 200 200 200 200 200 200 200 200 200 200 200 200 200 200 200 200 200 200 200 200 200 200 200 200 200 200 200 200 200 200 200 200 200 200 200 200 200 200 200 200 200 200 200 200 200 200 200 200 200 200 200 200 200 200 200 200 200 200 200 200 200 200 200 200 200 200 200 200 200 200 200 200 200 200 200 200 200 200 200 200 200 200 200 200 200 200 200 200 200 200 200 200 200 200 200 200 200 200 200 200 200 200 200 200 200 200 200 200 200 200 200 200 200 200 200 200 200 200 200 200 200 200 200 200 200 200 200 200 200 200 200 200 200 200 200 200 200 200 200 200 200 200 200 200 200 200 200 200 200 200 200 200 200 200 200 200 200 200 200 200 200 200 200 200 200 200 200 200 200 200 200 200 200 200 200 200 200 200 200 200 200 200 200 200 200 200 200 200 200 200 200 200 200 200 200 200 200 200 200 200 200 200 200 200 200 200 200 200 200 200 200 200 200 200 200 200 200 200 200 200 200 200 200 200 200 200 200 200 200 200 200 200 200 200 200 200 200 200 200 200 200 200 200 200 200 200 200 200 200 200 200 200 200 200 200 200 200 200 200 200 200 200 200 200 200 200 200 200 200 200 200 200 200 200 200 200 200 200 200 200 200 200 200 200 200 200 200 200 200 200 200 200 200 200 200 200 200 200 200 200 200 200 200 200 200 200 200 200 200 200 200 200 200 200 200 200 200 200 200 200 200 200 200 200 200 200 200 200 200 200 200 200 200 200 200 200 200 200 200 200 200 200 200 200 200 200 200 200 200 200 200 200 200 200 200 200 200 200 200 200 200 200 200 200 200 200 200 200 200 200 200 200 200 200 200 200 200 200 200 200 200 200 200 200 200 200 200 200 200 200 200 200 200 200 200 200 200 200 200 200 200 200 200 200 200 200 200 200 200 200 200 200 200 200 200 200 200 200 200 200 200 200 200 200 200 200 200 200 200 200 200 200 200 200 200 200 200 200 200 200 200 200 200 200 200 200 200 200 200 200 200 200 200 200 200 200 200 200 200 200 200 200 200 200 200 200 200 200 200 200 200 200 200 200 200 200 200 200 200 200 200 200 200 200 200 200 200 200 200 200 200 200 200 200 200 200
676
0 200 118 64 67 111 83 90 111 91 94 98 92 112 91 51 58 58 116 50 50 57 75 85 97 63 62 119 75 58 102 114 94 51 104 69 106 86 93 98 55 116 101 72 118 100 114 85 103 82 50 62 52 93 111 66 75 69 114 112 83 54 116 120 116 81 113 68 82 64 106 110 63 118 117 81 50 113 60 103 97 93 95 102 116 93 83 106 51 50 50 64 68 118 108 119 69 81 102 74 77 104 103 68 59 52 114 89 84 78 80 66 98 69 76 51 74 109 50 103 118 86 66 112 75 70 58 83 73 98 75 77 78 84 75 60 67 85 87 90 108 73 107 57 84 110 62 80 104 79 57 83 108 54 119 80 72 91 103 94 119 70 53 105 62 102 61 63 52 114 117 104 109 50 115 71 87 117 114 105 114 110 113 104 108 91 103 76 53 101 54 117 58 120 113 82 99 68 64 67 78 117 96 51 87 53 73 117 56 84 103 104 54 87 50 80 85 95 84 93 101 118 112 98 118 58 106 80 103 60 78 85 64 50 78 105 114 94 111 57 64 117 89 114 84 91 92 87 84 63 108 73 65 75 118 93 68 80 105 73 89 84 85 114 66 116 78 69 83 112 108 94 66 91 105 67 62 55 94 93 102 79 78 82 119 76 117 91 101 73 67 94 51 51 112 101 73 80 95 57 72 97 112 73 68 61 60 58 87 97 83 95 73 64 53 109 118 89 102 93 98 78 98 102 63 80 58 115 82 101 60 82 80 100 105 81 77 56 70 103 74 51 70 74 114 61 62 76 89 100 81 57 59 91 65 54 111 75 82 77 112 53 59 65 65 114 69 72 94 77 106 109 77 78 87 115 70 82 81 57 50 73 65 72 52 62 51 110 63 56 81 110 64 66 72 59 56 80 72 86 103 117 96 81 114 87 56 64 92 80 95 55 51 110 69 57 67 108 114 115 87 98 63 118 109 60 80 83 63 108 102 110 96 72 104 82 61 81 95 92 79 86 56 58 114 50 63 116 51 52 105 73 93 85 79 53 62 95 114 97 76 95 119 118 89 54 113 112 66 67 65 92 109 50 109 105 109 70 88 55 98 91 97 96 81 52 101 71 73 60 73 68 89 106 82 103 73 94 120 69 59 95 114 79 90 51 52 77 58 96 52 58 92 69 74 55 86 107 99 61 112 103 106 96 98 53 101 67 54 92 108 72 59 119 69 77 64 78 91 90 73 55 69 61 74 56 95 53 118 80 62 94 97 62 66 76 86 94 117 107 65 50 111 78 107 105 82 66 97 68 54 56 94 91 115 73 120 115 97 65 64 108 81 66 100 71 75 99 82 100 108 72 116 69 85 94 94 75 63 71 81 87 87 119 108 85 106 110 118 76 112 66 118 99 104 72 56 59 107 78 118 110 87 95 81 58 107 52 52 112 71 103 105 74 87 101 51 87 78 83 98 94 63 93 53 50 118 116 84 71 69 63 54 79 107 65 55 85 84 88 71 113 100 114 53 101 117 99 60 70 107 85 54 93 83 200
803
105 193 105 182 105 182 105 105 105 68 193 105 105 68 150 150 150 83 193 182 182 193 68 105 68 150 68 105 83 83 68 150 193 83 150 83 193 68 193 150 182 68 105 150 193 68 182 105 193 182 83 193 193 150 105 83 193 83 68 182 182 83 193 182 182 182 150 150 68 182 105 150 83 105 105 83 105 83 193 182 182 83 68 193 193 182 193 182 68 83 182 83 105 193 150 105 193 83 68 105 83 193 68 105 182 193 105 182 150 83 83 83 105 182 68 68 193 182 193 68 193 105 105 105 193 182 150 83 150 193 182 150 68 83 83 83 105 68 68 83 83 150 68 68 83 150 83 105 150 68 68 150 193 83 193 193 105 182 193 68 68 150 68 105 182 105 193 182 83 83 193 68 193 193 83 68 150 68 105 193 68 193 68 150 68 150 182 68 193 105 83 83 105 105 182 68 182 182 193 105 150 105 68 83 105 182 105 150 83 83 150 105 150 193 83 182 83 150 150 193 182 150 182 68 83 83 105 193 83 150 105 182 193 105 83 105 83 150 68 83 68 68 83 182 193 83 83 150 150 83 68 150 68 150 150 182 193 105 83 105 182 182 182 83 182 105 193 150 83 68 150 150 193 182 150 105 83 150 68 105 105 182 193 150 182 68 193 150 182 83 83 182 83 68 105 193 83 150 105 150 105 150 68 68 193 182 68 83 68 193 182 193 68 83 182 193 83 68 150 68 182 193 150 83 105 193 68 68 193 193 83 83 105 150 182 105 105 150 105 193 150 193 68 182 150 105 182 150 68 150 150 150 150 83 150 182 182 150 83 193 150 68 182 105 150 193 68 68 182 193 83 83 193 68 105 150 105 83 83 83 105 83 105 193 150 83 68 193 150 68 150 68 105 182 68 105 68 68 150 105 182 68 193 182 150 68 193 193 182 150 150 83 68 83 193 83 182 182 150 83 105 182 150 68 193 193 182 68 83 83 150 68 182 193 150 193 83 68 68 68 182 105 150 83 193 150 193 182 150 68 182 193 83 182 83 193 193 150 182 150 182 105 182 182 83 83 68 182 182 105 182 83 68 68 105 193 182 68 193 105 83 193 150 193 182 182 105 182 83 193 193 105 193 150 83 105 83 193 150 105 193 150 182 150 150 83 105 68 193 68 182 83 105 105 150 182 193 193 68 105 193 105 83 182 68 193 83 193 193 105 105 193 150 68 105 150 68 193 68 68 182 182 68 83 68 83 193 83 193 193 150 83 150 105 83 193 68 193 150 193 105 182 68 150 182 193 68 68 193 83 105 68 193 150 83 182 193 83 193 150 105 193 182 68 150 150 182 68 83 83 150 182 105 68 193 68 182 182 150 83 68 193 68 193 150 182 193 68 83 193 105 193 193 83 150 150 105 150 193 68 150 150 193 182 105 68 83 68 105 83 68 83 83 68 193 193 150 68 83 150 150 182 105 105 182 193 105 105 193 68 150 83 68 68 193 182 150 150 68 193 182 68 83 182 182 83 68 150 68 83 68 105 105 68 182 68 68 83 193 68 105 68 68 68 83 83 68 150 182 182 83 105 83 182 182 182 68 68 68 68 182 105 83 150 83 83 83 83 193 68 68 68 193 193 150 68 182 105 150 68 105 193 150 83 150 182 193 68 105 150 68 150 68 83 68 182 105 182 193 193 193 105 193 105 68 68 193 83 193 68 105 83 83 150 105 68 182 193 193 182 182 105 105 193 83 182 105 105 83 68 150 83 105 68 83 182 193 182 83 68 68 182 182 150 193 150 193 150 83 68 68 105 150 150 182 68 182 182 182 182 193 83 105
54
4 192 1 10 19 11 182 16 20 170 5 199 12 164 12 11 13 9 1 15 3 18 0 20 5 9 168 5 153 150 192 11 4 11 197 20 183 14 3 6 6 11 192 0 2 4 11 13 20 173 10 13 17 7
597
38 13 25 38 27 103 136 18 158 139 82 24 199 160 8 101 71 90 12 179 195 122 39 160 59 198 117 171 4 97 179 5 139 40 44 191 69 20 78 186 146 106 66 99 114 134 66 80 184 3 187 25 55 157 74 174 90 25 133 46 136 19 182 86 85 32 37 77 157 135 150 5 105 131 80 29 193 68 105 81 28 147 130 87 154 169 135 176 123 53 184 6 40 155 192 102 39 128 169 100 181 194 61 7 10 98 67 79 93 164 154 4 149 91 108 186 197 169 8 47 107 83 22 124 26 125 176 6 174 139 193 196 28 65 161 158 187 84 175 73 180 41 46 187 74 78 136 146 188 191 80 30 178 92 74 101 24 24 70 160 83 151 44 121 5 114 28 112 149 1 74 118 68 78 191 194 98 182 90 129 158 72 87 35 118 190 115 180 2 96 34 116 29 36 133 65 63 8 41 184 24 38 9 85 73 50 128 131 156 36 98 105 67 59 102 0 160 8 153 20 62 114 22 172 46 174 10 175 41 170 145 89 96 22 179 100 127 122 5 193 191 23 8 44 53 27 156 166 149 133 86 98 149 27 136 130 78 64 158 121 118 137 110 34 68 184 157 83 182 196 194 58 129 119 160 4 153 74 27 95 19 83 144 27 52 36 88 63 52 138 92 11 33 138 15 174 32 178 70 166 29 31 110 50 4 102 41 137 153 131 145 128 16 77 179 101 63 132 146 192 121 167 16 80 38 54 140 134 84 83 188 43 90 61 71 128 122 97 162 29 119 189 102 34 165 78 177 53 124 66 73 156 10 153 191 190 152 161 119 23 134 156 124 177 127 154 178 192 102 57 194 142 155 48 34 48 6 39 188 94 37 72 87 188 66 104 193 85 1 105 119 12 11 22 134 16 83 42 46 110 178 111 109 81 190 0 28 127 83 5 83 76 55 70 185 62 118 149 67 156 133 161 151 94 78 141 68 47 149 196 126 33 90 127 58 36 133 32 94 60 43 192 4 124 132 15 190 138 128 66 60 21 100 159 47 135 92 44 15 114 112 35 76 87 54 30 40 199 177 113 117 72 33 139 5 103 63 185 96 197 103 40 195 188 58 40 43 104 145 194 173 191 176 47 164 131 155 157 140 0 176 97 1 192 148 131 103 53 129 27 109 3 112 140 110 4 92 103 149 9 160 148 142 140 111 142 100 163 197 184 142 73 134 13 198 197 117 37 84 198 121 164 75 140 126 107 106 44 50 152 49 56 19 147 115 120 105 93 42 194 19 128 117 125 3 86 151 30 168 108 133 189 54 112 103 185 113 66 123 199 29 184 143 152 96 173 183 135 119 48 18 194 199 59 126 135 136
357
0 200 84 113 73 116 65 98 62 95 54 108 102 53 53 95 103 94 61 74 104 112 83 99 79 61 66 51 114 103 97 81 105 82 107 69 89 62 79 72 104 110 119 101 114 71 120 70 89 91 87 93 85 66 110 81 69 85 62 75 115 74 120 107 96 60 105 108 57 78 60 113 68 89 118 61 108 58 80 88 92 59 50 93 103 87 82 77 71 69 108 120 59 107 79 82 87 78 90 106 74 90 70 78 57 51 65 69 60 71 64 81 72 82 109 113 78 84 70 89 58 89 57 61 63 97 71 60 57 96 63 75 103 119 99 58 61 119 97 56 64 114 109 111 112 95 93 115 74 95 80 57 54 119 68 55 86 73 91 93 107 81 103 70 77 87 107 51 100 60 60 59 80 103 98 112 119 96 83 57 98 53 116 50 113 82 95 75 114 57 99 107 113 117 54 117 87 54 50 80 67 74 80 112 71 65 92 71 62 59 107 68 65 95 95 109 107 111 99 77 76 112 59 80 112 83 59 120 119 113 52 76 93 103 88 64 115 89 97 52 72 108 64 69 101 74 94 115 71 111 117 109 107 53 103 109 117 59 94 97 71 117 85 56 73 64 75 89 50 80 69 103 119 57 80 57 94 67 116 107 86 55 95 92 112 78 108 69 110 86 103 86 56 79 109 72 50 67 90 94 59 120 60 80 52 61 59 50 85 60 61 88 96 68 118 115 69 112 63 107 74 115 93 107 51 55 103 54 57 86 109 86 73 56 81 52 81 79 103 110 105 95 95 91 76 94 95 108 87 61 88 61 96 102 110 114 200
459
0 0 0 0 0 0 0 0 0 0 0 0 0 0 0 0 0 0 0 0 0 0 0 0 0 0 0 0 0 0 0 0 0 0 0 0 0 0 0 0 0 0 0 0 0 0 0 0 0 0 0 0 0 0 0 0 0 0 0 0 0 0 0 0 0 0 0 0 0 0 0 0 0 0 0 0 0 0 0 0 0 0 0 0 0 0 0 0 0 0 0 0 0 0 0 0 0 0 0 0 0 0 0 0 0 0 0 0 0 0 0 0 0 0 0 0 0 0 0 0 0 0 0 0 0 0 0 0 0 0 0 0 0 0 0 0 0 0 0 0 0 0 0 0 0 0 0 0 0 0 0 0 0 0 0 0 0 0 0 0 0 0 0 0 0 0 0 0 0 0 0 0 0 0 0 0 0 0 0 0 0 0 0 0 0 0 0 0 0 0 0 0 0 0 0 0 0 0 0 0 0 0 0 0 0 0 0 0 0 0 0 0 0 0 0 0 0 0 0 0 0 0 0 0 0 0 0 0 0 0 0 0 0 0 0 0 0 0 0 0 0 0 0 0 0 0 0 0 0 0 0 0 0 0 0 0 0 0 0 0 0 0 0 0 0 0 0 0 0 0 0 0 0 0 0 0 0 0 0 0 0 0 0 0 0 0 0 0 0 0 0 0 0 0 0 0 0 0 0 0 0 0 0 0 0 0 0 0 0 0 0 0 0 0 0 0 0 0 0 0 0 0 0 0 0 0 0 0 0 0 0 0 0 0 0 0 0 0 0 0 0 0 0 0 0 0 0 0 0 0 0 0 0 0 0 0 0 0 0 0 0 0 0 0 0 0 0 0 0 0 0 0 0 0 0 0 0 0 0 0 0 0 0 0 0 0 0 0 0 0 0 0 0 0 0 0 0 0 0 0 0 0 0 0 0 0 0 0 0 0 0 0 0 0 0 0 0 0 0 0 0 0 0 0 0 0 0 0 0 0 0 0 0 0 0 0 0 0 0 0 0 0 0 0 0 0 0 0 0 0 0 0 0 0 0 0 0 0 0
558
2 16 16 1 5 12 12 20 2 8 11 5 5 11 15 4 18 17 16 2 0 0 3 15 0 11 19 2 3 2 8 15 14 1 9 15 14 5 13 14 16 9 0 20 11 16 16 9 14 4 13 13 7 11 19 15 4 11 11 7 4 10 2 3 12 10 5 12 20 1 9 18 13 12 1 11 4 11 11 4 8 2 17 4 13 13 14 20 13 16 18 5 10 17 18 5 3 7 17 5 14 11 10 15 0 11 8 19 10 18 9 12 6 10 11 14 1 4 17 18 13 14 8 18 6 6 7 13 10 4 7 4 6 5 8 20 3 0 16 8 12 14 15 9 15 3 4 11 9 18 19 9 12 11 3 4 3 4 1 3 16 14 5 10 18 7 13 12 4 0 2 2 14 16 14 3 5 6 2 3 14 1 10 1 2 17 5 15 6 15 2 0 5 9 18 8 1 3 5 4 19 4 15 4 19 7 16 15 6 3 6 12 15 5 13 16 2 8 9 2 4 6 4 4 6 8 1 10 1 20 13 16 14 19 17 1 6 3 6 0 17 14 1 0 17 18 14 17 13 2 14 1 16 2 3 11 5 10 19 13 20 1 2 12 14 14 5 19 4 0 20 6 14 2 7 16 13 18 11 15 17 0 6 19 12 7 3 5 2 12 8 20 20 4 0 11 5 15 2 2 3 1 2 2 0 20 1 20 5 5 9 15 13 11 12 13 9 14 11 13 1 14 6 4 0 6 15 19 15 6 10 4 8 13 18 19 14 13 9 5 16 14 0 7 12 13 12 1 10 7 0 11 3 2 9 7 0 13 4 16 16 5 12 20 6 20 10 9 9 19 4 1 13 4 6 17 12 17 3 18 16 1 17 1 13 0 10 13 11 3 16 15 16 19 2 3 15 19 10 6 2 12 15 7 9 17 12 9 18 7 4 17 14 5 1 18 7 19 20 11 13 12 0 18 8 11 19 14 14 17 9 8 3 11 1 4 3 2 8 17 17 5 16 1 15 6 3 4 17 14 3 13 16 6 2 4 12 2 14 6 15 8 3 1 6 0 3 7 9 6 7 2 0 1 15 10 16 5 13 16 2 16 20 18 11 7 16 6 15 8 17 9 11 18 6 13 4 13 11 17 10 13 4 1 13 1 6 3 12 13 16 17 0 13 5 12 5 10 17 8 3 3 12 14 12 12 12 11 17 16 19 5 10 8 20 20 13 19 2 10 13 11 0 4 12 13 9 13 3 20 19 12 17 14 10 2 6 3
904
12 12 170 15 8 188 18 13 159 16 7 19 9 0 173 17 15 8 191 17 14 6 6 8 1 0 0 17 9 15 1 0 13 20 8 179 161 7 1 18 175 0 15 171 185 6 186 8 18 19 12 7 3 18 193 1 5 179 13 20 197 17 7 157 189 14 15 155 3 13 14 13 177 14 15 153 19 17 4 4 0 8 5 186 7 0 5 11 15 6 0 12 156 1 161 192 179 194 12 5 176 180 170 13 195 6 11 150 159 16 12 16 9 8 14 174 15 20 15 160 16 153 7 154 6 5 6 12 17 7 10 0 10 13 13 2 3 4 197 18 14 15 15 199 5 16 6 1 20 8 11 16 4 12 19 6 20 4 18 12 6 0 7 152 1 4 155 181 16 7 7 194 19 19 11 10 20 6 5 155 6 13 11 3 185 10 17 155 166 13 17 18 5 6 8 185 16 15 2 0 2 12 3 17 8 164 1 3 176 19 176 14 18 9 20 167 18 170 179 8 171 167 0 6 16 1 9 3 2 159 9 6 186 2 3 5 161 10 12 14 8 16 10 9 182 189 8 16 1 14 18 189 6 180 11 13 20 1 3 15 3 175 9 4 11 152 194 4 16 9 7 18 163 177 4 160 7 10 171 186 14 20 1 11 12 20 163 17 8 4 13 13 7 10 3 8 11 181 194 4 10 4 6 19 8 15 2 16 14 7 9 2 16 12 13 15 20 3 8 9 17 2 14 10 15 11 15 4 13 4 11 14 14 9 7 7 2 5 12 19 18 10 16 7 19 2 16 19 19 15 186 7 3 20 12 14 0 16 2 11 193 6 11 179 11 10 194 15 6 17 11 8 16 1 0 10 7 161 17 5 16 167 19 11 12 2 162 4 4 0 13 2 12 7 17 170 13 5 1 180 3 14 180 19 4 12 9 155 0 11 9 1 200 188 0 12 2 6 163 7 12 10 9 167 14 0 5 15 178 16 167 1 12 17 7 3 194 158 1 3 5 17 12 20 2 14 15 5 9 16 8 4 18 19 6 13 17 14 18 172 13 11 18 19 159 17 150 17 179 7 4 8 7 1 3 1 7 177 17 16 20 13 3 9 160 174 8 13 18 1 10 157 186 9 3 15 12 9 173 6 18 15 185 181 182 0 20 163 19 173 152 163 173 17 19 12 8 4 7 159 19 5 196 157 18 11 19 19 1 12 18 4 20 2 2 14 177 0 11 1 4 15 169 183 10 11 0 3 3 19 2 6 19 10 2 4 180 13 1 19 16 0 7 19 3 9 12 19 161 10 8 6 8 8 13 4 1 20 169 12 161 8 152 154 16 9 15 20 18 0 13 190 152 170 161 20 17 19 2 3 18 5 151 17 174 12 5 5 167 19 1 7 18 190 14 13 7 3 10 10 4 155 13 15 186 7 193 170 7 4 15 6 6 1 154 15 19 17 15 3 9 3 168 8 20 2 2 162 12 5 169 3 163 5 14 5 0 171 18 19 19 0 174 2 18 20 185 5 5 13 4 17 9 12 18 175 16 12 11 15 194 7 166 4 9 19 6 182 188 6 7 14 3 10 177 176 1 5 2 10 159 1 10 15 4 196 0 155 11 7 0 14 9 10 3 188 4 13 5 7 3 12 168 9 1 16 8 20 164 5 8 15 12 17 0 173 4 155 181 14 2 184 14 17 0 20 9 154 11 10 0 17 13 181 12 2 6 5 20 6 150 172 11 2 185 19 7 16 5 11 5 9 4 7 199 17 4 9 18 4 177 18 17 2 16 173 20 19 16 13 19 164 188 2 20 3 17 18 15 11 6 11 5 15 9 190 196 8 20 10 8 16 5 15 6 165 19 8 13 15 18 7 2 17 18 17 3 150 20 2 7 13 5 8 167 5 2 193 199 8 15 2 5 7 199 12 18 14 163 13 10 11 172 18 1 185 172 4 13 10 11 9 179 8 11 9 19 0 160 5 14 9 12 3 10 7 13 15 1 0 7 2 8 17 180 15 193 12 14 195 4 13 9 12 167 20 2 14 4 13 6 17 0 151
405
20 14 0 4 5 0 6 9 10 17 11 1 19 12 9 4 17 19 18 19 1 4 15 12 17 9 10 15 2 4 6 20 16 6 17 10 1 10 4 1 15 14 16 3 3 20 13 16 14 11 8 16 20 20 1 18 9 6 16 18 12 4 7 11 8 19 13 15 16 4 14 14 15 5 7 0 15 18 13 6 15 1 6 19 3 17 16 14 11 18 15 10 20 13 0 17 18 13 13 5 18 3 0 16 5 14 6 15 6 14 14 4 1 3 7 7 12 12 14 5 15 14 0 9 15 20 19 7 4 12 18 14 5 12 2 2 4 5 1 1 15 4 13 4 15 5 2 17 9 6 17 17 7 8 10 19 0 8 18 10 2 20 12 9 18 11 2 9 11 20 2 10 14 17 0 7 18 0 16 5 7 2 8 4 14 15 15 19 1 12 11 1 1 18 9 8 7 16 9 1 10 7 9 1 3 13 14 11 1 11 18 15 12 7 4 0 0 7 3 13 13 9 10 12 2 13 2 18 0 11 13 4 3 7 9 10 13 19 20 8 3 11 16 17 7 4 9 10 3 12 4 14 11 15 16 5 3 9 16 0 11 14 14 15 10 4 1 10 0 1 3 7 13 20 13 11 15 7 2 18 1 11 12 11 14 19 11 6 4 20 7 8 16 1 18 1 16 7 5 13 11 1 8 17 14 15 11 7 1 12 19 12 18 8 5 20 19 12 12 13 15 4 6 14 8 17 5 9 2 9 7 14 3 0 11 12 7 9 18 19 8 5 5 17 14 16 2 0 16 6 4 12 2 17 2 3 8 4 3 2 6 16 7 8 6 6 20 1 3 8 9 15 3 13 4 20 1 3 2 12 12 10 11 6 3 12 3 18 20 12 4 9 5 15 19 8 17 10 10 11 9 10 3 2 10
591
200 200 200 200 200 200 200 200 200 200 200 200 200 200 200 200 200 200 200 200 200 200 200 200 200 200 200 200 200 200 200 200 200 200 200 200 200 200 200 200 200 200 200 200 200 200 200 200 200 200 200 200 200 200 200 200 200 200 200 200 200 200 200 200 200 200 200 200 200 200 200 200 200 200 200 200 200 200 200 200 200 200 200 200 200 200 200 200 200 200 200 200 200 200 200 200 200 200 200 200 200 200 200 200 200 200 200 200 200 200 200 200 200 200 200 200 200 200 200 200 200 200 200 200 200 200 200 200 200 200 200 200 200 200 200 200 200 200 200 200 200 200 200 200 200 200 200 200 200 200 200 200 200 200 200 200 200 200 200 200 200 200 200 200 200 200 200 200 200 200 200 200 200 200 200 200 200 200 200 200 200 200 200 200 200 200 200 200 200 200 200 200 200 200 200 200 200 200 200 200 200 200 200 200 200 200 200 200 200 200 200 200 200 200 200 200 200 200 200 200 200 200 200 200 200 200 200 200 200 200 200 200 200 200 200 200 200 200 200 200 200 200 200 200 200 200 200 200 200 200 200 200 200 200 200 200 200 200 200 200 200 200 200 200 200 200 200 200 200 200 200 200 200 200 200 200 200 200 200 200 200 200 200 200 200 200 200 200 200 200 200 200 200 200 200 200 200 200 200 200 200 200 200 200 200 200 200 200 200 200 200 200 200 200 200 200 200 200 200 200 200 200 200 200 200 200 200 200 200 200 200 200 200 200 200 200 200 200 200 200 200 200 200 200 200 200 200 200 200 200 200 200 200 200 200 200 200 200 200 200 200 200 200 200 200 200 200 200 200 200 200 200 200 200 200 200 200 200 200 200 200 200 200 200 200 200 200 200 200 200 200 200 200 200 200 200 200 200 200 200 200 200 200 200 200 200 200 200 200 200 200 200 200 200 200 200 200 200 200 200 200 200 200 200 200 200 200 200 200 200 200 200 200 200 200 200 200 200 200 200 200 200 200 200 200 200 200 200 200 200 200 200 200 200 200 200 200 200 200 200 200 200 200 200 200 200 200 200 200 200 200 200 200 200 200 200 200 200 200 200 200 200 200 200 200 200 200 200 200 200 200 200 200 200 200 200 200 200 200 200 200 200 200 200 200 200 200 200 200 200 200 200 200 200 200 200 200 200 200 200 200 200 200 200 200 200 200 200 200 200 200 200 200 200 200 200 200 200 200 200 200 200 200 200 200 200 200 200 200 200 200 200 200 200 200 200 200 200 200 200 200 200 200 200 200 200 200 200 200 200 200 200 200 200 200 200 200 200 200 200 200 200 200 200 200 200 200 200 200 200 200
188
200 200 200 200 200 200 200 200 200 200 200 200 200 200 200 200 200 200 200 200 200 200 200 200 200 200 200 200 200 200 200 200 200 200 200 200 200 200 200 200 200 200 200 200 200 200 200 200 200 200 200 200 200 200 200 200 200 200 200 200 200 200 200 200 200 200 200 200 200 200 200 200 200 200 200 200 200 200 200 200 200 200 200 200 200 200 200 200 200 200 200 200 200 200 200 200 200 200 200 200 200 200 200 200 200 200 200 200 200 200 200 200 200 200 200 200 200 200 200 200 200 200 200 200 200 200 200 200 200 200 200 200 200 200 200 200 200 200 200 200 200 200 200 200 200 200 200 200 200 200 200 200 200 200 200 200 200 200 200 200 200 200 200 200 200 200 200 200 200 200 200 200 200 200 200 200 200 200 200 200 200 200 200 200 200 200 200 200
666
131 87 3 20 103 111 148 109 167 136 24 186 21 188 169 98 58 45 9 46 72 20 122 140 27 30 51 67 7 168 112 190 135 151 118 117 22 42 133 119 171 79 184 36 94 163 148 99 42 182 74 12 179 2 65 78 132 68 182 75 68 193 83 184 33 27 163 39 22 5 78 120 51 55 34 193 9 26 63 93 75 187 93 86 87 124 27 156 156 149 193 7 58 113 28 49 146 162 99 35 91 200 160 30 36 82 20 150 170 165 141 129 106 11 14 72 159 159 138 36 111 14 118 99 113 120 50 154 36 144 5 29 91 93 177 101 31 179 183 18 36 21 181 102 28 181 197 99 180 129 2 82 162 103 13 83 180 129 123 49 135 175 86 144 31 194 153 159 195 158 35 59 71 11 187 12 74 60 149 170 180 88 146 188 77 74 152 60 92 165 199 194 153 61 145 11 14 15 61 142 35 20 33 200 154 98 8 191 2 151 0 33 34 79 109 172 79 82 169 1 41 25 135 129 72 179 38 105 124 57 38 114 157 29 69 141 177 17 100 46 130 42 151 67 147 29 142 19 196 43 198 121 50 72 170 81 35 88 30 66 124 106 196 159 188 16 172 113 53 1 152 195 148 95 117 7 52 53 70 94 194 31 155 16 123 133 97 149 131 54 61 63 105 197 155 119 5 104 109 5 90 58 125 105 196 15 75 88 55 112 152 133 120 187 24 168 8 11 70 28 72 40 11 131 89 141 171 118 37 163 97 4 199 196 74 87 81 196 169 91 49 173 33 11 70 109 120 79 191 7 114 4 41 67 136 50 134 3 179 154 62 144 29 112 147 118 170 115 108 17 199 155 106 99 200 94 100 51 178 146 117 130 129 57 132 14 178 22 80 44 134 194 160 157 152 190 68 7 180 2 113 51 108 146 197 162 186 57 54 79 75 23 198 78 189 172 113 14 168 25 183 200 123 191 154 96 175 188 21 74 196 121 179 179 101 102 136 34 58 70 195 58 143 73 83 151 57 29 77 143 42 159 129 99 173 100 47 152 17 45 169 114 162 198 58 129 2 17 9 8 104 23 184 152 129 22 164 59 32 172 0 149 1 168 157 135 153 189 153 108 57 195 183 46 14 78 151 71 75 126 180 128 104 149 43 37 136 128 93 9 52 185 114 1 145 132 189 93 175 109 37 129 149 14 137 126 15 58 22 26 133 107 176 98 74 176 26 44 56 197 61 58 114 136 88 182 113 103 96 9 131 188 100 136 84 19 200 77 75 99 69 125 26 42 82 76 78 79 105 200 13 22 87 144 35 4 161 53 165 156 67 170 163 120 114 78 88 172 139 108 167 52 133 93 136 119 193 15 160 101 87 60 115 69 104 164 127 49 87 47 108 131 47 166 86 163 22 162 140 156 171 147 100 104 40 104 192 149 153 11 86 6 104 112 152 96 69 41 4 142 121 121 13 22 140 16 157 39 102 60 70 32 184 63 128 103 157 72 112 21 119 124 6 34 15 91
56
0 0 0 0 0 0 0 0 0 0 0 0 0 0 0 0 0 0 0 0 0 0 0 0 0 0 0 0 0 0 0 0 0 0 0 0 0 0 0 0 0 0 0 0 0 0 0 0 0 0 0 0 0 0 0 0
624
200 200 200 200 200 200 200 200 200 200 200 200 200 200 200 200 200 200 200 200 200 200 200 200 200 200 200 200 200 200 200 200 200 200 200 200 200 200 200 200 200 200 200 200 200 200 200 200 200 200 200 200 200 200 200 200 200 200 200 200 200 200 200 200 200 200 200 200 200 200 200 200 200 200 200 200 200 200 200 200 200 200 200 200 200 200 200 200 200 200 200 200 200 200 200 200 200 200 200 200 200 200 200 200 200 200 200 200 200 200 200 200 200 200 200 200 200 200 200 200 200 200 200 200 200 200 200 200 200 200 200 200 200 200 200 200 200 200 200 200 200 200 200 200 200 200 200 200 200 200 200 200 200 200 200 200 200 200 200 200 200 200 200 200 200 200 200 200 200 200 200 200 200 200 200 200 200 200 200 200 200 200 200 200 200 200 200 200 200 200 200 200 200 200 200 200 200 200 200 200 200 200 200 200 200 200 200 200 200 200 200 200 200 200 200 200 200 200 200 200 200 200 200 200 200 200 200 200 200 200 200 200 200 200 200 200 200 200 200 200 200 200 200 200 200 200 200 200 200 200 200 200 200 200 200 200 200 200 200 200 200 200 200 200 200 200 200 200 200 200 200 200 200 200 200 200 200 200 200 200 200 200 200 200 200 200 200 200 200 200 200 200 200 200 200 200 200 200 200 200 200 200 200 200 200 200 200 200 200 200 200 200 200 200 200 200 200 200 200 200 200 200 200 200 200 200 200 200 200 200 200 200 200 200 200 200 200 200 200 200 200 200 200 200 200 200 200 200 200 200 200 200 200 200 200 200 200 200 200 200 200 200 200 200 200 200 200 200 200 200 200 200 200 200 200 200 200 200 200 200 200 200 200 200 200 200 200 200 200 200 200 200 200 200 200 200 200 200 200 200 200 200 200 200 200 200 200 200 200 200 200 200 200 200 200 200 200 200 200 200 200 200 200 200 200 200 200 200 200 200 200 200 200 200 200 200 200 200 200 200 200 200 200 200 200 200 200 200 200 200 200 200 200 200 200 200 200 200 200 200 200 200 200 200 200 200 200 200 200 200 200 200 200 200 200 200 200 200 200 200 200 200 200 200 200 200 200 200 200 200 200 200 200 200 200 200 200 200 200 200 200 200 200 200 200 200 200 200 200 200 200 200 200 200 200 200 200 200 200 200 200 200 200 200 200 200 200 200 200 200 200 200 200 200 200 200 200 200 200 200 200 200 200 200 200 200 200 200 200 200 200 200 200 200 200 200 200 200 200 200 200 200 200 200 200 200 200 200 200 200 200 200 200 200 200 200 200 200 200 200 200 200 200 200 200 200 200 200 200 200 200 200 200 200 200 200 200 200 200 200 200 200 200 200 200 200 200 200 200 200 200 200 200 200 200 200 200 200 200 200 200 200 200 200
953
0 200 112 96 105 102 79 109 61 115 54 73 62 113 119 109 101 107 69 105 120 90 86 79 103 55 82 53 65 95 114 69 107 98 59 89 52 51 75 93 75 84 50 106 100 90 66 90 96 104 109 104 59 78 71 63 117 56 100 78 53 67 51 91 82 52 59 111 109 61 51 50 55 77 62 108 70 72 110 68 101 50 50 70 80 107 86 98 52 65 74 119 108 70 81 87 89 115 89 101 115 59 102 94 79 107 88 89 85 84 118 50 119 73 109 112 95 120 69 104 53 70 107 65 111 56 100 78 111 116 93 100 91 78 74 98 93 63 115 96 77 74 55 80 104 108 93 108 68 92 93 55 79 72 75 84 104 119 62 119 94 58 60 57 54 67 51 56 88 63 88 112 92 62 99 100 111 118 69 107 100 63 79 78 104 95 118 80 88 119 111 118 97 79 85 52 101 83 72 68 79 97 53 113 88 63 75 86 80 94 110 104 88 85 116 51 85 89 69 75 83 53 120 85 61 92 112 81 118 56 80 58 93 114 97 55 107 67 50 72 67 100 74 71 60 74 83 52 74 54 108 75 104 99 67 56 93 86 97 68 69 108 93 101 68 104 87 72 101 81 86 107 71 64 115 64 75 61 93 111 116 94 106 73 66 81 66 83 61 85 102 59 111 51 89 96 100 53 95 73 53 54 55 100 72 55 93 116 95 109 114 80 94 109 78 98 52 61 76 112 67 105 102 82 114 53 90 102 52 51 93 60 76 97 69 71 75 119 73 92 51 54 71 63 60 118 64 81 95 55 68 104 94 106 76 83 105 119 83 73 111 70 97 56 107 91 54 66 114 70 114 64 101 55 83 92 69 109 76 65 75 120 88 52 82 67 77 106 58 54 104 72 82 109 109 109 57 87 58 81 103 96 75 57 110 77 104 113 51 68 64 54 90 117 70 55 92 66 99 84 107 93 74 57 115 101 94 59 85 68 97 53 98 108 52 55 90 93 116 57 94 100 65 119 112 63 98 56 81 55 86 76 82 50 74 98 61 94 71 51 101 103 56 85 58 108 91 63 113 77 91 120 79 100 99 80 70 79 62 56 92 92 101 69 115 95 74 61 99 89 88 113 97 74 73 115 64 82 96 103 54 95 77 93 113 97 100 59 93 72 110 70 118 50 104 53 104 98 86 102 64 90 97 100 71 115 80 108 74 115 69 115 59 61 117 112 63 108 70 72 66 102 108 67 67 97 60 62 51 98 75 67 112 78 112 65 58 62 116 78 92 58 98 69 50 107 87 83 76 80 51 63 93 50 87 114 71 79 120 67 58 114 80 73 50 108 50 69 62 105 83 116 115 77 97 71 59 117 96 50 110 73 120 77 101 66 56 73 93 68 55 105 72 71 66 110 82 82 56 71 107 84 109 103 116 108 71 114 61 88 83 73 84 88 59 102 110 101 63 120 52 83 55 110 86 101 100 68 67 114 59 111 58 59 51 114 110 75 92 95 83 58 107 93 114 120 108 62 80 65 119 106 117 111 112 76 103 73 54 66 95 80 63 106 103 115 79 106 84 109 103 63 103 71 115 113 106 71 94 94 106 98 83 65 85 77 76 77 100 63 64 119 56 89 81 85 97 93 61 85 60 105 90 51 50 95 60 117 76 114 97 99 92 71 73 102 57 96 73 69 116 105 95 57 62 74 54 116 76 64 95 61 116 77 112 113 91 101 82 106 76 75 69 94 64 78 57 53 68 53 80 117 66 111 107 113 67 101 105 118 98 65 55 65 60 70 75 74 97 64 67 116 118 88 91 79 97 104 116 67 66 116 116 98 76 73 74 119 63 59 72 74 102 50 98 108 90 102 58 57 73 116 50 88 107 92 75 57 63 118 83 103 51 108 120 116 120 72 78 54 113 95 78 117 66 56 89 76 82 78 76 101 62 52 119 53 120 105 56 82 55 75 98 91 56 116 113 68 113 54 62 100 110 58 89 75 107 51 57 93 93 116 50 96 114 71 82 54 78 106 84 97 68 111 114 98 119 64 69 65 106 63 70 116 107 117 80 65 76 67 53 109 97 110 90 116 93 100 92 79 98 78 112 73 112 117 109 73 98 54 95 108 97 67 117 51 70 74 62 55 112 72 52 51 111 105 60 55 61 117 98 109 200
211
0 200 105 70 95 90 59 117 53 64 61 50 95 88 97 90 52 106 97 117 114 98 106 83 55 92 103 97 118 107 80 74 105 112 83 51 77 101 115 58 78 115 75 50 58 58 59 74 54 106 76 58 118 77 116 87 110 84 64 97 80 83 93 56 77 58 81 90 71 103 116 75 69 113 79 95 80 57 110 94 66 109 95 103 83 88 70 105 72 72 74 52 75 86 63 66 96 85 69 79 62 52 97 80 120 70 87 93 91 100 94 85 108 72 76 108 58 120 65 88 87 100 78 66 107 71 53 77 117 107 58 67 103 102 90 82 95 118 113 113 112 85 57 56 103 56 108 106 57 87 71 55 64 60 54 114 79 66 72 68 108 52 89 90 76 88 55 90 64 81 115 95 65 97 54 102 110 78 62 82 91 78 117 61 94 50 54 61 64 79 120 109 92 64 67 53 93 72 103 64 113 58 93 104 50 107 115 66 86 105 200
263
0 0 0 0 0 0 0 0 0 0 0 0 0 0 0 0 0 0 0 0 0 0 0 0 0 0 0 0 0 0 0 0 0 0 0 0 0 0 0 0 0 0 0 0 0 0 0 0 0 0 0 0 0 0 0 0 0 0 0 0 0 0 0 0 0 0 0 0 0 0 0 0 0 0 0 0 0 0 0 0 0 0 0 0 0 0 0 0 0 0 0 0 0 0 0 0 0 0 0 0 0 0 0 0 0 0 0 0 0 0 0 0 0 0 0 0 0 0 0 0 0 0 0 0 0 0 0 0 0 0 0 0 0 0 0 0 0 0 0 0 0 0 0 0 0 0 0 0 0 0 0 0 0 0 0 0 0 0 0 0 0 0 0 0 0 0 0 0 0 0 0 0 0 0 0 0 0 0 0 0 0 0 0 0 0 0 0 0 0 0 0 0 0 0 0 0 0 0 0 0 0 0 0 0 0 0 0 0 0 0 0 0 0 0 0 0 0 0 0 0 0 0 0 0 0 0 0 0 0 0 0 0 0 0 0 0 0 0 0 0 0 0 0 0 0 0 0 0 0 0 0 0 0 0 0 0 0 0 0 0 0 0 0
967
200 200 200 200 200 200 200 200 200 200 200 200 200 200 200 200 200 200 200 200 200 200 200 200 200 200 200 200 200 200 200 200 200 200 200 200 200 200 200 200 200 200 200 200 200 200 200 200 200 200 200 200 200 200 200 200 200 200 200 200 200 200 200 200 200 200 200 200 200 200 200 200 200 200 200 200 200 200 200 200 200 200 200 200 200 200 200 200 200 200 200 200 200 200 200 200 200 200 200 200 200 200 200 200 200 200 200 200 200 200 200 200 200 200 200 200 200 200 200 200 200 200 200 200 200 200 200 200 200 200 200 200 200 200 200 200 200 200 200 200 200 200 200 200 200 200 200 200 200 200 200 200 200 200 200 200 200 200 200 200 200 200 200 200 200 200 200 200 200 200 200 200 200 200 200 200 200 200 200 200 200 200 200 200 200 200 200 200 200 200 200 200 200 200 200 200 200 200 200 200 200 200 200 200 200 200 200 200 200 200 200 200 200 200 200 200 200 200 200 200 200 200 200 200 200 200 200 200 200 200 200 200 200 200 200 200 200 200 200 200 200 200 200 200 200 200 200 200 200 200 200 200 200 200 200 200 200 200 200 200 200 200 200 200 200 200 200 200 200 200 200 200 200 200 200 200 200 200 200 200 200 200 200 200 200 200 200 200 200 200 200 200 200 200 200 200 200 200 200 200 200 200 200 200 200 200 200 200 200 200 200 200 200 200 200 200 200 200 200 200 200 200 200 200 200 200 200 200 200 200 200 200 200 200 200 200 200 200 200 200 200 200 200 200 200 200 200 200 200 200 200 200 200 200 200 200 200 200 200 200 200 200 200 200 200 200 200 200 200 200 200 200 200 200 200 200 200 200 200 200 200 200 200 200 200 200 200 200 200 200 200 200 200 200 200 200 200 200 200 200 200 200 200 200 200 200 200 200 200 200 200 200 200 200 200 200 200 200 200 200 200 200 200 200 200 200 200 200 200 200 200 200 200 200 200 200 200 200 200 200 200 200 200 200 200 200 200 200 200 200 200 200 200 200 200 200 200 200 200 200 200 200 200 200 200 200 200 200 200 200 200 200 200 200 200 200 200 200 200 200 200 200 200 200 200 200 200 200 200 200 200 200 200 200 200 200 200 200 200 200 200 200 200 200 200 200 200 200 200 200 200 200 200 200 200 200 200 200 200 200 200 200 200 200 200 200 200 200 200 200 200 200 200 200 200 200 200 200 200 200 200 200 200 200 200 200 200 200 200 200 200 200 200 200 200 200 200 200 200 200 200 200 200 200 200 200 200 200 200 200 200 200 200 200 200 200 200 200 200 200 200 200 200 200 200 200 200 200 200 200 200 200 200 200 200 200 200 200 200 200 200 200 200 200 200 200 200 200 200 200 200 200 200 200 200 200 200 200 200 200 200 200 200 200 200 200 200 200 200 200 200 200 200 200 200 200 200 200 200 200 200 200 200 200 200 200 200 200 200 200 200 200 200 200 200 200 200 200 200 200 200 200 200 200 200 200 200 200 200 200 200 200 200 200 200 200 200 200 200 200 200 200 200 200 200 200 200 200 200 200 200 200 200 200 200 200 200 200 200 200 200 200 200 200 200 200 200 200 200 200 200 200 200 200 200 200 200 200 200 200 200 200 200 200 200 200 200 200 200 200 200 200 200 200 200 200 200 200 200 200 200 200 200 200 200 200 200 200 200 200 200 200 200 200 200 200 200 200 200 200 200 200 200 200 200 200 200 200 200 200 200 200 200 200 200 200 200 200 200 200 200 200 200 200 200 200 200 200 200 200 200 200 200 200 200 200 200 200 200 200 200 200 200 200 200 200 200 200 200 200 200 200 200 200 200 200 200 200 200 200 200 200 200 200 200 200 200 200 200 200 200 200 200 200 200 200 200 200 200 200 200 200 200 200 200 200 200 200 200 200 200 200 200 200 200 200 200 200 200 200 200 200 200 200 200 200 200 200 200 200 200 200 200 200 200 200 200 200 200 200 200 200 200 200 200 200 200 200 200 200 200 200 200 200 200 200 200 200 200 200 200 200 200 200 200 200 200 200 200 200 200 200 200 200 200 200 200 200 200 200 200 200 200 200 200 200 200 200 200 200 200 200 200 200 200 200 200 200 200 200 200 200 200 200 200 200 200 200 200 200 200 200 200 200 200 200 200 200 200 200 200 200 200 200 200 200 200
378
0 0 0 0 0 0 0 0 0 0 0 0 0 0 0 0 0 0 0 0 0 0 0 0 0 0 0 0 0 0 0 0 0 0 0 0 0 0 0 0 0 0 0 0 0 0 0 0 0 0 0 0 0 0 0 0 0 0 0 0 0 0 0 0 0 0 0 0 0 0 0 0 0 0 0 0 0 0 0 0 0 0 0 0 0 0 0 0 0 0 0 0 0 0 0 0 0 0 0 0 0 0 0 0 0 0 0 0 0 0 0 0 0 0 0 0 0 0 0 0 0 0 0 0 0 0 0 0 0 0 0 0 0 0 0 0 0 0 0 0 0 0 0 0 0 0 0 0 0 0 0 0 0 0 0 0 0 0 0 0 0 0 0 0 0 0 0 0 0 0 0 0 0 0 0 0 0 0 0 0 0 0 0 0 0 0 0 0 0 0 0 0 0 0 0 0 0 0 0 0 0 0 0 0 0 0 0 0 0 0 0 0 0 0 0 0 0 0 0 0 0 0 0 0 0 0 0 0 0 0 0 0 0 0 0 0 0 0 0 0 0 0 0 0 0 0 0 0 0 0 0 0 0 0 0 0 0 0 0 0 0 0 0 0 0 0 0 0 0 0 0 0 0 0 0 0 0 0 0 0 0 0 0 0 0 0 0 0 0 0 0 0 0 0 0 0 0 0 0 0 0 0 0 0 0 0 0 0 0 0 0 0 0 0 0 0 0 0 0 0 0 0 0 0 0 0 0 0 0 0 0 0 0 0 0 0 0 0 0 0 0 0 0 0 0 0 0 0 0 0 0 0 0 0 0 0 0 0 0 0 0 0 0 0 0 0 0 0 0 0 0 0 0 0 0 0 0 0
833
0 0 0 0 0 0 0 0 0 0 0 0 0 0 0 0 0 0 0 0 0 0 0 0 0 0 0 0 0 0 0 0 0 0 0 0 0 0 0 0 0 0 0 0 0 0 0 0 0 0 0 0 0 0 0 0 0 0 0 0 0 0 0 0 0 0 0 0 0 0 0 0 0 0 0 0 0 0 0 0 0 0 0 0 0 0 0 0 0 0 0 0 0 0 0 0 0 0 0 0 0 0 0 0 0 0 0 0 0 0 0 0 0 0 0 0 0 0 0 0 0 0 0 0 0 0 0 0 0 0 0 0 0 0 0 0 0 0 0 0 0 0 0 0 0 0 0 0 0 0 0 0 0 0 0 0 0 0 0 0 0 0 0 0 0 0 0 0 0 0 0 0 0 0 0 0 0 0 0 0 0 0 0 0 0 0 0 0 0 0 0 0 0 0 0 0 0 0 0 0 0 0 0 0 0 0 0 0 0 0 0 0 0 0 0 0 0 0 0 0 0 0 0 0 0 0 0 0 0 0 0 0 0 0 0 0 0 0 0 0 0 0 0 0 0 0 0 0 0 0 0 0 0 0 0 0 0 0 0 0 0 0 0 0 0 0 0 0 0 0 0 0 0 0 0 0 0 0 0 0 0 0 0 0 0 0 0 0 0 0 0 0 0 0 0 0 0 0 0 0 0 0 0 0 0 0 0 0 0 0 0 0 0 0 0 0 0 0 0 0 0 0 0 0 0 0 0 0 0 0 0 0 0 0 0 0 0 0 0 0 0 0 0 0 0 0 0 0 0 0 0 0 0 0 0 0 0 0 0 0 0 0 0 0 0 0 0 0 0 0 0 0 0 0 0 0 0 0 0 0 0 0 0 0 0 0 0 0 0 0 0 0 0 0 0 0 0 0 0 0 0 0 0 0 0 0 0 0 0 0 0 0 0 0 0 0 0 0 0 0 0 0 0 0 0 0 0 0 0 0 0 0 0 0 0 0 0 0 0 0 0 0 0 0 0 0 0 0 0 0 0 0 0 0 0 0 0 0 0 0 0 0 0 0 0 0 0 0 0 0 0 0 0 0 0 0 0 0 0 0 0 0 0 0 0 0 0 0 0 0 0 0 0 0 0 0 0 0 0 0 0 0 0 0 0 0 0 0 0 0 0 0 0 0 0 0 0 0 0 0 0 0 0 0 0 0 0 0 0 0 0 0 0 0 0 0 0 0 0 0 0 0 0 0 0 0 0 0 0 0 0 0 0 0 0 0 0 0 0 0 0 0 0 0 0 0 0 0 0 0 0 0 0 0 0 0 0 0 0 0 0 0 0 0 0 0 0 0 0 0 0 0 0 0 0 0 0 0 0 0 0 0 0 0 0 0 0 0 0 0 0 0 0 0 0 0 0 0 0 0 0 0 0 0 0 0 0 0 0 0 0 0 0 0 0 0 0 0 0 0 0 0 0 0 0 0 0 0 0 0 0 0 0 0 0 0 0 0 0 0 0 0 0 0 0 0 0 0 0 0 0 0 0 0 0 0 0 0 0 0 0 0 0 0 0 0 0 0 0 0 0 0 0 0 0 0 0 0 0 0 0 0 0 0 0 0 0 0 0 0 0 0 0 0 0 0 0 0 0 0 0 0 0 0 0 0 0 0 0 0 0 0 0 0 0 0 0 0 0 0 0 0 0 0 0 0 0 0 0 0 0 0 0 0 0 0 0 0 0 0 0 0 0 0 0 0 0 0 0 0 0 0 0 0 0 0 0 0 0 0 0 0 0 0 0 0 0 0 0 0 0 0 0 0 0 0 0 0 0 0 0 0 0 0 0 0 0 0 0 0 0 0 0 0 0 0 0 0 0 0 0 0 0 0 0 0 0 0 0 0 0 0 0
975
138 26 151 80 24 80 80 151 26 151 24 151 24 24 24 26 151 138 138 138 151 151 26 138 26 24 24 80 24 138 24 151 26 151 24 24 138 26 26 138 138 26 151 138 26 138 80 24 24 151 138 26 138 151 138 80 138 26 24 80 80 151 26 138 138 151 80 151 80 138 80 80 80 151 24 138 138 24 80 151 26 138 138 138 80 80 24 151 80 26 80 138 151 80 24 138 24 151 80 24 138 26 26 26 151 138 80 138 138 151 151 151 24 26 24 24 138 80 151 151 151 80 80 26 151 138 80 26 24 80 80 138 80 151 26 151 80 151 151 151 151 24 24 26 80 151 24 80 138 24 24 80 138 80 80 24 24 26 151 26 138 138 151 151 24 26 80 151 138 138 26 151 151 151 138 80 151 80 80 151 26 80 138 26 138 26 138 24 151 26 138 80 80 151 24 151 138 80 80 80 138 24 138 138 26 24 138 26 138 80 24 24 138 24 26 151 151 26 24 26 138 24 24 26 80 24 138 26 26 151 80 138 26 138 26 80 24 151 26 24 138 138 138 80 138 24 80 26 151 138 80 138 151 138 151 24 26 80 138 26 80 24 24 80 24 80 26 151 26 80 80 24 151 151 24 26 26 151 26 80 138 24 151 24 80 24 24 24 26 24 151 138 151 138 24 26 80 24 80 26 138 138 80 138 24 26 26 26 80 151 80 80 151 24 24 80 80 26 138 138 24 24 24 24 151 151 80 80 138 138 151 26 24 151 26 26 26 80 26 151 24 80 80 24 138 151 26 138 24 138 138 151 80 26 26 151 24 151 24 26 26 138 24 151 26 138 151 80 138 151 138 151 151 26 138 151 24 24 138 138 26 26 26 26 138 24 24 138 151 26 138 26 80 138 138 24 26 138 26 80 26 24 138 26 80 26 26 151 24 80 80 26 80 24 138 24 138 26 138 24 24 151 138 24 80 151 151 26 151 80 24 138 24 24 26 26 24 24 151 24 138 26 151 24 151 24 26 80 24 24 24 26 24 26 24 80 151 24 26 24 138 151 24 24 151 138 26 151 80 80 24 24 26 80 151 26 24 138 151 24 24 151 26 24 80 26 138 24 138 26 24 138 24 151 26 138 26 26 26 138 80 151 80 80 26 138 26 26 80 26 24 80 80 24 26 151 151 24 26 151 26 151 151 24 151 24 138 26 26 138 138 26 138 80 151 26 151 80 138 26 24 138 26 151 26 151 138 151 80 138 151 24 138 26 26 151 26 151 80 151 138 138 138 151 138 24 151 138 138 24 80 151 26 80 138 24 80 151 80 26 138 26 138 138 26 24 24 26 80 80 151 151 138 138 80 80 151 24 24 138 138 24 151 26 151 80 26 26 80 151 138 138 80 24 26 80 138 138 26 138 151 138 26 26 80 138 24 26 151 80 151 26 138 24 24 26 151 26 138 151 138 151 80 138 26 80 26 24 80 138 138 151 24 26 138 24 80 151 138 138 138 26 80 151 138 26 151 80 24 138 151 24 138 151 138 24 80 24 24 80 80 24 151 24 138 26 151 26 24 138 80 80 24 80 26 151 138 80 80 151 80 151 24 80 80 138 24 26 26 24 80 24 151 26 26 24 24 138 151 24 26 26 80 80 24 138 24 151 80 80 151 80 24 24 151 80 26 151 24 24 138 138 80 24 151 151 138 26 80 80 151 80 138 151 26 26 80 80 138 138 151 151 24 26 138 24 80 24 80 26 80 80 26 138 26 26 80 26 138 80 80 151 24 26 26 26 80 138 26 138 151 151 80 26 151 24 151 138 138 151 138 151 151 80 80 80 80 138 26 80 24 151 151 26 138 138 138 80 151 24 24 26 24 151 80 138 24 151 138 26 138 138 138 24 151 138 80 151 24 151 26 151 24 151 26 24 26 151 26 151 26 138 24 24 138 24 26 80 26 151 24 151 138 138 24 24 24 138 80 138 151 24 80 80 24 24 138 80 138 151 24 26 138 138 151 151 151 138 138 138 80 138 26 24 80 138 24 80 80 26 26 24 138 26 138 138 138 138 151 151 24 80 138 151 138 151 151 26 26 151 24 138 151 138 151 138 138 80 80 24 138 138 138 138 26 80 24 24 138 24 80 24 24 151 26 24 24 26 24 138 26 24 151 151 138 138 26 80 151 24 26 24 151 138 80 26 138 26 24 26 151 26 138 80 151
31
115 167 41 90 167 41 167 90 90 167 167 41 115 41 167 167 90 41 115 90 41 41 115 167 41 115 167 41 90 167 167
117
0 0 0 0 0 0 0 0 0 0 0 0 0 0 0 0 0 0 0 0 0 0 0 0 0 0 0 0 0 0 0 0 0 0 0 0 0 0 0 0 0 0 0 0 0 0 0 0 0 0 0 0 0 0 0 0 0 0 0 0 0 0 0 0 0 0 0 0 0 0 0 0 0 0 0 0 0 0 0 0 0 0 0 0 0 0 0 0 0 0 0 0 0 0 0 0 0 0 0 0 0 0 0 0 0 0 0 0 0 0 0 0 0 0 0 0 0
1000
194 15 7 17 18 17 191 10 8 154 13 162 18 181 6 11 198 198 7 168 9 185 15 4 14 6 3 197 11 12 199 9 20 183 6 3 154 192 11 162 17 2 14 17 161 0 1 10 183 3 14 3 16 1 155 1 183 152 1 11 5 7 5 15 19 0 5 1 19 150 16 12 10 0 0 14 19 15 166 13 12 7 3 186 162 3 188 14 165 6 10 16 161 164 7 16 8 7 14 3 19 12 11 4 5 16 177 20 11 1 8 167 0 173 17 164 17 11 7 190 2 4 0 163 4 182 13 3 4 1 6 191 167 19 167 15 1 9 14 14 19 1 20 12 19 18 159 0 8 187 158 2 16 172 19 8 4 11 5 15 0 151 7 174 9 9 161 16 3 7 14 15 10 8 1 2 191 0 19 9 20 18 8 14 8 13 7 13 11 6 9 20 150 18 5 162 15 12 12 155 171 16 18 11 15 11 2 0 183 4 19 15 177 12 9 18 5 0 14 6 4 0 14 0 17 8 161 16 12 1 1 16 4 10 1 17 154 177 0 7 10 9 16 7 9 2 15 3 20 11 1 193 172 180 19 3 4 20 18 3 1 198 13 180 17 18 188 3 0 11 1 4 19 11 1 151 4 12 17 3 11 12 16 4 153 18 19 168 11 12 11 11 3 12 20 18 5 3 12 17 0 5 4 7 2 0 2 150 10 165 4 17 13 15 4 185 2 8 17 17 15 16 163 151 4 7 9 5 4 179 0 163 2 10 151 18 5 171 6 173 13 19 3 9 6 11 20 183 14 8 8 0 5 3 192 19 19 20 186 18 188 2 10 19 20 10 13 14 0 7 19 9 6 16 0 162 154 13 5 19 10 14 17 4 19 151 13 10 152 197 6 1 177 1 159 3 9 19 195 16 153 16 14 2 10 10 9 175 15 185 14 2 13 6 19 10 2 8 162 18 14 2 0 14 19 20 16 10 164 12 17 11 185 4 7 0 160 16 11 199 8 18 5 7 1 190 18 6 11 12 14 3 15 1 0 12 153 9 3 19 16 178 12 9 14 18 160 175 11 20 14 18 17 12 0 157 14 10 19 18 6 12 13 16 2 10 8 16 12 0 13 2 15 18 161 1 3 15 10 191 178 15 171 11 14 16 9 18 6 7 10 15 2 13 11 188 160 1 200 172 16 10 10 7 0 181 179 6 9 8 20 14 7 19 159 15 158 183 16 174 161 158 153 14 194 157 4 9 7 7 5 8 11 166 2 3 151 158 3 18 8 189 18 10 0 15 14 8 12 9 6 18 6 18 189 178 9 175 5 14 19 1 16 10 8 14 14 160 7 3 175 7 8 1 11 17 13 12 14 2 164 16 18 3 13 0 14 20 9 9 3 12 1 0 11 8 3 8 13 8 14 179 15 15 18 20 18 13 16 18 2 4 19 168 16 11 16 20 156 5 18 20 12 179 159 2 13 16 10 20 12 18 16 14 11 4 8 20 0 0 163 5 191 185 8 168 9 158 13 15 8 1 10 5 18 10 0 3 9 2 20 9 4 5 11 20 5 17 7 8 13 19 0 166 1 6 17 6 10 8 4 13 1 2 159 6 16 5 19 1 1 175 0 16 3 18 1 5 12 196 16 6 10 185 12 18 15 19 150 4 11 198 181 166 1 197 13 157 154 5 3 14 14 13 4 14 9 20 10 4 7 19 4 3 175 184 14 182 194 0 19 190 5 19 20 192 16 19 11 7 4 9 4 10 2 1 11 19 13 151 19 8 2 186 18 166 20 12 162 20 199 157 14 7 17 17 0 12 0 15 178 1 158 14 18 1 15 0 10 16 8 19 9 8 2 0 185 2 0 15 173 12 16 10 5 169 2 171 15 6 12 19 9 20 8 11 182 0 165 20 186 178 4 19 19 4 18 13 4 162 2 13 20 6 1 8 2 8 4 16 18 154 19 14 157 10 192 12 11 10 20 14 7 18 5 186 195 1 10 4 11 3 11 4 1 4 15 7 20 13 13 154 4 11 6 10 11 189 170 3 154 9 2 154 8 164 0 2 2 4 15 13 192 3 4 13 12 0 12 8 15 11 3 18 13 0 158 161 172 155 1 5 3 17 20 17 18 2 6 162 6 10 19 18 159 156 182 3 13 13 1 3 16 15 16 3 194 10 14 8 7 8 9 175 8 187 158 10 168 10 11 15 17 19 13 1 4 1 196 15 1 151 8 197 20 14 199 4 161 167 10 20 186 4 3 19 11 151 16 0
307
53 145 66 145 196 193 35 21 139 155 58 156 141 82 31 142 61 184 99 1 70 194 193 105 1 18 163 17 8 140 183 173 27 161 140 193 118 24 7 197 185 112 106 72 42 97 116 170 108 23 38 25 27 36 188 71 147 49 136 134 63 72 121 82 75 142 55 95 19 139 22 109 145 20 145 136 156 57 71 170 170 144 101 149 147 82 14 118 192 131 125 109 55 42 95 156 157 75 71 200 194 188 8 7 127 145 151 180 176 19 55 122 34 177 91 166 130 28 140 99 133 169 21 36 1 155 149 196 182 30 42 160 85 7 30 180 21 120 105 5 80 44 138 148 58 89 112 79 193 108 97 59 48 103 38 31 172 44 107 180 50 65 132 167 70 87 6 126 170 103 35 109 63 81 198 4 76 35 99 18 175 68 181 155 104 169 35 70 69 92 117 126 88 71 80 114 20 67 114 3 156 167 55 4 127 13 45 149 169 129 140 78 54 119 195 147 97 33 157 99 38 8 161 42 72 132 183 113 39 9 110 110 118 138 32 28 166 61 127 168 191 97 38 84 75 155 25 30 152 78 77 100 10 99 101 98 76 160 80 114 143 136 89 81 24 193 86 15 85 43 179 115 179 90 94 118 187 20 38 104 26 132 177 104 130 85 30 1 173 52 198 28 187 119 192 40 38 21 4 136 123 16 56 140 22 150 126
829
0 200 88 102 55 111 114 91 106 115 98 102 72 82 69 53 56 52 79 63 118 98 88 69 100 114 62 91 90 55 92 79 56 101 59 71 97 70 112 75 102 74 78 118 110 117 92 55 62 90 84 61 58 99 112 102 85 59 69 67 67 58 92 66 100 51 106 116 112 97 96 54 66 94 85 78 118 106 109 88 92 102 68 108 81 94 54 110 86 107 87 68 60 58 67 61 73 120 111 108 100 84 86 111 89 110 99 54 72 56 117 104 50 57 107 83 97 110 81 78 54 77 81 62 88 100 118 120 80 51 92 105 115 111 70 70 99 98 73 88 95 62 96 69 117 82 56 105 104 67 92 84 75 59 52 113 91 57 62 75 90 101 95 111 106 62 89 74 58 107 80 80 107 102 109 59 58 90 84 62 106 115 73 113 62 102 67 70 117 72 103 66 115 77 101 60 79 71 120 73 78 120 69 56 91 113 88 112 98 94 52 102 63 74 53 52 112 76 106 63 107 54 53 61 53 113 58 82 94 82 88 96 91 60 94 98 52 79 100 52 71 101 100 74 104 120 93 78 115 99 68 56 52 118 69 75 115 100 69 103 99 108 86 102 104 115 105 56 98 119 73 73 99 66 108 105 77 95 97 113 84 79 84 55 117 59 108 83 93 62 55 79 101 102 118 68 55 69 71 59 81 85 114 86 111 59 111 83 95 98 112 55 112 56 56 55 52 119 88 102 72 106 98 82 117 80 77 56 88 69 92 119 102 55 69 63 102 66 86 51 77 51 115 111 64 85 60 90 72 60 90 95 101 83 114 51 78 98 97 61 75 73 92 97 59 81 89 83 52 103 82 102 116 111 87 84 55 55 95 72 56 100 88 107 119 68 81 110 101 88 102 97 67 67 117 109 94 101 115 97 68 105 73 112 62 50 92 54 73 84 86 90 69 92 103 102 106 68 77 114 53 100 111 113 114 114 119 78 57 102 72 87 54 67 118 109 99 103 98 73 117 54 103 75 83 53 68 51 112 55 92 53 79 58 87 68 119 62 60 72 55 83 70 119 86 118 52 111 87 96 59 111 74 68 61 100 78 87 84 100 75 62 77 104 81 77 103 101 106 64 118 74 82 106 55 60 110 75 55 115 113 65 115 52 55 88 93 92 56 51 62 68 67 54 108 57 63 103 91 72 91 78 86 58 63 103 83 93 118 50 95 95 101 91 54 108 105 104 67 55 99 70 112 94 107 95 75 107 72 67 62 92 73 79 100 95 95 73 77 67 90 119 99 50 116 95 66 62 63 67 112 91 120 83 118 52 95 120 89 108 97 63 72 118 61 111 91 102 95 114 73 79 58 91 51 103 54 109 70 82 93 70 83 109 50 68 78 105 63 54 106 82 72 86 110 115 114 67 54 69 84 106 119 70 77 95 120 99 107 103 98 99 53 113 75 107 81 80 92 85 111 54 94 72 94 104 85 99 117 92 87 59 79 67 120 60 92 57 96 50 94 78 73 101 91 72 108 119 77 78 78 114 107 78 78 111 50 64 51 66 80 93 116 96 82 83 80 70 63 74 81 68 62 73 86 115 60 51 68 69 106 89 109 87 119 101 117 69 95 51 92 57 115 98 90 111 76 58 79 88 68 74 72 52 67 111 75 70 65 81 58 82 79 112 113 100 100 67 118 114 75 114 56 88 117 68 50 73 106 73 114 98 79 94 119 72 86 102 50 104 74 112 103 50 75 116 68 79 116 50 116 91 114 62 93 79 94 107 56 106 64 95 93 56 80 76 51 86 72 85 85 73 60 116 103 55 80 77 92 86 102 54 60 100 103 90 99 90 73 113 111 85 56 114 104 79 89 87 55 101 111 81 108 103 88 74 70 59 200
689
1 16 14 12 18 3 11 5 4 16 4 10 8 12 7 9 4 7 16 12 11 11 8 5 1 11 3 6 8 18 12 14 7 12 12 18 3 5 7 16 13 18 20 13 11 17 17 6 19 1 0 14 6 7 1 2 10 0 8 4 0 14 15 14 8 8 14 5 9 15 4 15 19 6 12 17 17 14 18 3 2 1 15 4 2 4 1 5 20 5 19 11 17 14 18 13 16 3 14 11 18 4 11 15 2 20 20 12 3 13 12 18 18 7 8 3 11 18 6 2 15 17 8 12 17 2 14 2 15 20 17 2 0 18 13 20 19 8 14 11 17 12 12 8 19 15 18 19 13 13 14 9 16 4 0 19 17 13 13 0 12 1 8 19 18 8 4 14 7 8 6 17 1 20 11 9 9 4 4 1 2 3 15 5 15 5 7 2 19 13 1 8 11 15 16 16 10 17 18 11 16 19 13 8 20 12 19 10 11 3 2 2 10 15 6 6 13 5 10 10 9 4 3 4 6 12 2 11 17 14 3 3 10 18 4 5 0 3 12 20 1 15 13 8 16 4 1 1 5 4 18 13 6 14 5 17 18 3 3 0 4 2 3 10 7 11 3 17 3 4 5 17 16 11 18 9 12 10 17 1 8 13 19 11 4 3 7 12 10 16 1 12 19 3 1 9 19 19 19 2 18 12 17 11 14 17 16 10 0 3 6 20 9 14 4 17 12 14 5 15 12 9 12 12 0 18 6 16 7 3 14 11 15 12 4 8 14 15 0 13 3 3 18 12 9 2 6 1 2 7 14 6 9 2 12 11 6 4 16 14 16 16 6 10 8 19 2 8 15 15 4 8 4 19 1 16 1 16 16 5 3 13 19 9 12 10 5 15 0 11 2 10 4 13 18 12 20 2 11 19 5 15 4 14 5 12 17 0 7 1 1 4 15 3 16 11 14 5 8 2 10 5 20 1 4 12 1 0 11 0 11 4 11 17 8 3 3 9 9 17 16 19 5 7 12 1 5 1 15 16 13 11 17 3 7 19 13 15 7 10 0 7 11 13 15 18 9 5 0 15 1 7 11 11 5 2 5 19 2 0 10 7 16 15 19 1 15 20 16 0 16 14 13 7 8 2 1 2 15 9 17 15 1 2 5 2 7 7 12 10 0 8 10 10 2 1 16 11 20 8 5 11 7 1 10 6 6 15 6 11 9 9 17 20 17 9 3 13 7 8 18 19 12 3 5 9 11 9 2 11 3 20 12 14 16 19 9 9 17 11 12 3 10 13 4 16 2 8 13 0 19 12 19 0 6 16 10 13 18 19 16 4 3 13 7 18 13 15 2 18 14 2 1 7 1 13 16 17 11 8 13 18 1 14 18 12 9 7 3 8 9 5 20 1 4 6 15 20 16 10 13 11 6 0 12 13 12 5 14 6 12 7 7 6 8 1 3 13 19 16 6 6 9 17 11 0 6 9 1 18 15 6 7 4 3 7 16 4 17 18 18 3 19 3 18 14 7 7 19 16 11 3 20 19 5 17 10 8 3 4 6 5 17 19 12 10 8 7 4
410
0 0 0 0 0 0 0 0 0 0 0 0 0 0 0 0 0 0 0 0 0 0 0 0 0 0 0 0 0 0 0 0 0 0 0 0 0 0 0 0 0 0 0 0 0 0 0 0 0 0 0 0 0 0 0 0 0 0 0 0 0 0 0 0 0 0 0 0 0 0 0 0 0 0 0 0 0 0 0 0 0 0 0 0 0 0 0 0 0 0 0 0 0 0 0 0 0 0 0 0 0 0 0 0 0 0 0 0 0 0 0 0 0 0 0 0 0 0 0 0 0 0 0 0 0 0 0 0 0 0 0 0 0 0 0 0 0 0 0 0 0 0 0 0 0 0 0 0 0 0 0 0 0 0 0 0 0 0 0 0 0 0 0 0 0 0 0 0 0 0 0 0 0 0 0 0 0 0 0 0 0 0 0 0 0 0 0 0 0 0 0 0 0 0 0 0 0 0 0 0 0 0 0 0 0 0 0 0 0 0 0 0 0 0 0 0 0 0 0 0 0 0 0 0 0 0 0 0 0 0 0 0 0 0 0 0 0 0 0 0 0 0 0 0 0 0 0 0 0 0 0 0 0 0 0 0 0 0 0 0 0 0 0 0 0 0 0 0 0 0 0 0 0 0 0 0 0 0 0 0 0 0 0 0 0 0 0 0 0 0 0 0 0 0 0 0 0 0 0 0 0 0 0 0 0 0 0 0 0 0 0 0 0 0 0 0 0 0 0 0 0 0 0 0 0 0 0 0 0 0 0 0 0 0 0 0 0 0 0 0 0 0 0 0 0 0 0 0 0 0 0 0 0 0 0 0 0 0 0 0 0 0 0 0 0 0 0 0 0 0 0 0 0 0 0 0 0 0 0 0 0 0 0 0 0 0 0 0 0 0 0 0 0 0 0 0 0 0 0 0 0 0 0 0 0 0 0 0 0 0
154
12 13 2 3 19 16 17 14 4 9 18 19 2 3 18 8 2 5 0 14 1 9 12 18 15 0 11 6 13 18 15 6 10 10 1 8 8 11 8 14 19 14 4 4 19 13 18 13 12 0 2 14 15 11 3 18 10 20 18 5 7 16 11 6 7 17 13 13 3 0 11 17 12 10 6 13 6 16 4 4 7 14 15 0 4 15 0 9 9 20 12 2 7 4 15 8 2 7 11 5 2 5 4 0 13 5 11 19 5 8 13 8 16 15 20 9 4 9 2 19 15 10 10 12 2 9 10 12 1 18 9 2 7 10 18 18 15 9 11 19 4 12 14 20 8 5 16 11 12 2 11 19 9 9
320
0 200 115 76 105 106 115 88 88 115 84 98 76 82 80 67 51 51 88 72 103 65 101 110 101 92 65 61 52 119 103 70 101 78 104 117 77 98 90 116 113 72 53 103 76 67 51 64 104 67 84 98 93 80 78 53 87 103 87 111 94 55 82 84 82 101 96 67 68 90 74 53 61 99 85 66 50 60 86 115 115 119 77 106 101 104 67 85 97 51 88 102 85 54 58 106 99 51 59 102 81 117 56 110 66 96 87 119 71 100 89 64 91 83 53 51 76 106 118 67 114 87 68 68 102 117 70 82 50 102 103 99 78 54 109 115 107 69 65 79 120 87 116 106 99 64 91 77 72 58 110 75 90 95 62 61 116 72 111 61 57 53 52 68 113 64 105 99 88 72 55 120 110 76 63 52 68 114 78 57 72 92 77 91 76 104 73 94 107 55 61 60 82 61 65 100 105 87 61 89 62 111 80 107 116 102 86 84 84 71 78 68 59 107 106 95 58 74 88 64 116 109 68 59 111 52 104 82 66 79 78 72 91 97 74 104 74 104 65 99 103 83 57 95 65 88 91 105 116 98 99 57 62 64 118 116 53 52 109 106 55 60 58 56 57 99 85 60 52 98 57 74 87 73 83 83 109 51 102 66 61 64 91 70 78 53 86 71 59 78 119 91 57 84 84 62 63 70 66 92 86 70 87 108 81 105 107 101 110 60 54 51 113 69 86 103 67 100 53 200
581
57 102 102 102 57 102 102 102 102 102 102 102 57 102 57 102 102 57 102 57 57 102 102 57 57 102 57 57 102 102 57 102 102 102 102 102 102 102 102 102 102 57 102 57 57 57 102 57 102 102 57 102 102 102 102 57 57 57 102 102 57 102 57 57 102 57 102 102 57 102 102 57 102 57 57 57 102 102 57 57 102 102 102 102 57 102 102 57 102 57 102 102 102 102 102 57 102 57 102 57 102 102 57 102 57 102 102 102 102 102 102 57 57 102 102 57 102 57 102 102 57 57 57 102 57 102 102 57 57 102 57 57 102 57 102 102 102 102 102 57 57 57 57 102 57 57 57 57 57 57 57 102 102 57 57 102 102 102 57 102 102 102 102 57 57 102 102 57 102 57 102 57 102 57 57 102 102 102 57 57 102 102 57 102 57 102 102 57 102 102 102 102 102 102 102 102 57 102 57 57 102 102 102 57 102 102 57 102 102 57 57 57 57 57 102 102 102 102 102 102 57 57 102 102 102 102 102 57 57 102 57 57 102 102 102 102 102 57 102 102 57 102 102 102 57 57 102 57 57 57 102 102 57 57 102 57 57 102 102 102 57 57 102 57 102 57 57 57 57 57 102 57 102 57 102 57 102 102 57 102 57 102 57 57 102 57 102 102 57 102 57 102 102 57 102 57 57 102 102 57 57 102 57 57 57 102 102 57 102 57 57 57 57 102 57 102 57 102 57 57 57 57 57 57 102 102 57 57 102 57 102 102 102 57 57 57 102 102 102 57 102 102 102 57 57 57 102 57 102 57 102 102 102 102 102 102 102 102 102 102 102 57 102 57 57 102 102 102 102 57 102 57 102 102 102 57 102 102 57 57 57 102 102 57 57 57 57 57 57 57 57 57 57 57 102 57 57 57 102 102 102 102 102 57 57 57 102 102 102 57 102 57 102 57 57 102 57 102 102 102 57 57 102 57 102 57 102 57 102 102 57 57 57 102 102 102 57 102 57 102 57 57 57 102 57 102 102 102 57 57 57 57 57 102 102 102 102 57 102 102 57 57 57 57 57 57 57 102 57 102 102 102 57 102 102 57 102 102 102 57 57 57 102 102 57 57 57 57 102 102 102 102 102 102 102 57 102 57 57 102 102 57 57 102 57 102 57 57 102 57 57 102 102 57 102 57 102 57 102 102 57 57 57 57 57 57 102 102 102 57 57 57 102 57 102 102 102 57 102 57 102 102 102 102 57 57 57 57 102 102 102 57 57 102 57 102 102 102 102 102 57 57 57 57 57 102 57 57 57 57 102 57 102 102 102 102 57 57 102 102 57
915
200 200 200 200 200 200 200 200 200 200 200 200 200 200 200 200 200 200 200 200 200 200 200 200 200 200 200 200 200 200 200 200 200 200 200 200 200 200 200 200 200 200 200 200 200 200 200 200 200 200 200 200 200 200 200 200 200 200 200 200 200 200 200 200 200 200 200 200 200 200 200 200 200 200 200 200 200 200 200 200 200 200 200 200 200 200 200 200 200 200 200 200 200 200 200 200 200 200 200 200 200 200 200 200 200 200 200 200 200 200 200 200 200 200 200 200 200 200 200 200 200 200 200 200 200 200 200 200 200 200 200 200 200 200 200 200 200 200 200 200 200 200 200 200 200 200 200 200 200 200 200 200 200 200 200 200 200 200 200 200 200 200 200 200 200 200 200 200 200 200 200 200 200 200 200 200 200 200 200 200 200 200 200 200 200 200 200 200 200 200 200 200 200 200 200 200 200 200 200 200 200 200 200 200 200 200 200 200 200 200 200 200 200 200 200 200 200 200 200 200 200 200 200 200 200 200 200 200 200 200 200 200 200 200 200 200 200 200 200 200 200 200 200 200 200 200 200 200 200 200 200 200 200 200 200 200 200 200 200 200 200 200 200 200 200 200 200 200 200 200 200 200 200 200 200 200 200 200 200 200 200 200 200 200 200 200 200 200 200 200 200 200 200 200 200 200 200 200 200 200 200 200 200 200 200 200 200 200 200 200 200 200 200 200 200 200 200 200 200 200 200 200 200 200 200 200 200 200 200 200 200 200 200 200 200 200 200 200 200 200 200 200 200 200 200 200 200 200 200 200 200 200 200 200 200 200 200 200 200 200 200 200 200 200 200 200 200 200 200 200 200 200 200 200 200 200 200 200 200 200 200 200 200 200 200 200 200 200 200 200 200 200 200 200 200 200 200 200 200 200 200 200 200 200 200 200 200 200 200 200 200 200 200 200 200 200 200 200 200 200 200 200 200 200 200 200 200 200 200 200 200 200 200 200 200 200 200 200 200 200 200 200 200 200 200 200 200 200 200 200 200 200 200 200 200 200 200 200 200 200 200 200 200 200 200 200 200 200 200 200 200 200 200 200 200 200 200 200 200 200 200 200 200 200 200 200 200 200 200 200 200 200 200 200 200 200 200 200 200 200 200 200 200 200 200 200 200 200 200 200 200 200 200 200 200 200 200 200 200 200 200 200 200 200 200 200 200 200 200 200 200 200 200 200 200 200 200 200 200 200 200 200 200 200 200 200 200 200 200 200 200 200 200 200 200 200 200 200 200 200 200 200 200 200 200 200 200 200 200 200 200 200 200 200 200 200 200 200 200 200 200 200 200 200 200 200 200 200 200 200 200 200 200 200 200 200 200 200 200 200 200 200 200 200 200 200 200 200 200 200 200 200 200 200 200 200 200 200 200 200 200 200 200 200 200 200 200 200 200 200 200 200 200 200 200 200 200 200 200 200 200 200 200 200 200 200 200 200 200 200 200 200 200 200 200 200 200 200 200 200 200 200 200 200 200 200 200 200 200 200 200 200 200 200 200 200 200 200 200 200 200 200 200 200 200 200 200 200 200 200 200 200 200 200 200 200 200 200 200 200 200 200 200 200 200 200 200 200 200 200 200 200 200 200 200 200 200 200 200 200 200 200 200 200 200 200 200 200 200 200 200 200 200 200 200 200 200 200 200 200 200 200 200 200 200 200 200 200 200 200 200 200 200 200 200 200 200 200 200 200 200 200 200 200 200 200 200 200 200 200 200 200 200 200 200 200 200 200 200 200 200 200 200 200 200 200 200 200 200 200 200 200 200 200 200 200 200 200 200 200 200 200 200 200 200 200 200 200 200 200 200 200 200 200 200 200 200 200 200 200 200 200 200 200 200 200 200 200 200 200 200 200 200 200 200 200 200 200 200 200 200 200 200 200 200 200 200 200 200 200 200 200 200 200 200 200 200 200 200 200 200 200 200 200 200 200 200 200 200 200 200 200 200 200 200 200 200 200 200 200 200 200 200 200 200 200 200 200 200 200 200 200 200 200 200 200 200 200 200 200 200 200 200 200 200 200 200 200 200 200 200 200 200 200 200
691
166 125 190 15 91 6 165 26 132 20 67 73 156 197 170 76 133 156 104 44 140 107 170 160 3 199 30 69 45 96 24 187 11 80 12 28 53 194 189 139 46 112 168 50 138 31 164 92 64 148 6 72 173 7 34 39 111 71 89 105 3 148 57 115 186 70 82 53 102 26 137 3 83 155 122 136 129 20 60 190 31 90 26 183 145 109 9 2 81 134 187 154 126 124 188 47 19 194 42 110 143 10 68 54 105 172 9 169 92 93 127 178 85 190 153 157 122 195 81 153 132 165 100 165 44 11 170 100 133 130 41 1 153 27 189 16 114 157 7 130 133 194 117 104 63 144 142 12 98 102 3 180 58 55 12 118 110 158 178 135 153 25 195 178 133 80 125 95 165 25 88 96 12 142 150 49 95 109 94 180 106 21 77 147 94 33 200 101 14 21 112 61 166 14 30 45 10 37 99 0 57 111 66 35 100 66 145 23 114 70 194 122 161 185 39 168 41 40 117 144 198 96 23 7 99 151 92 19 68 108 19 97 140 46 142 87 8 102 19 130 125 82 157 51 95 189 127 75 149 184 161 190 171 38 46 143 186 32 94 148 81 83 38 188 170 103 199 182 166 161 115 197 24 28 70 80 30 185 181 45 196 132 121 93 51 128 130 19 96 101 22 128 189 94 153 158 45 156 87 93 14 1 102 31 108 158 30 200 178 167 158 190 169 148 131 196 11 6 48 183 93 105 69 72 80 16 108 196 13 65 157 44 198 46 30 15 64 146 112 178 119 108 17 127 133 86 101 16 107 181 148 24 128 175 74 132 81 126 189 143 137 197 164 133 68 14 108 108 73 140 147 88 190 175 27 18 77 140 35 155 47 13 105 143 136 192 149 44 26 115 126 56 136 198 127 197 159 179 107 197 3 59 190 197 22 191 66 96 60 100 180 175 95 110 93 195 149 83 9 129 5 88 39 11 52 12 197 166 13 200 20 24 96 172 38 168 4 26 144 192 116 129 134 111 4 89 43 5 194 112 137 55 167 192 181 108 105 35 18 0 109 39 53 54 27 23 193 195 151 94 189 46 7 14 114 17 70 51 6 82 86 99 25 123 92 185 107 4 89 195 35 59 169 133 173 58 49 175 82 9 124 135 62 40 109 78 69 167 56 113 182 129 159 157 83 8 114 65 89 128 31 80 7 4 69 23 65 18 70 90 38 145 80 167 120 79 87 109 108 138 159 7 167 139 167 37 126 149 94 191 62 191 94 108 168 74 69 48 5 11 93 159 199 177 8 0 163 110 12 180 77 123 153 126 126 73 114 17 139 38 168 61 3 121 29 35 90 97 62 19 46 105 178 179 179 87 52 152 74 41 178 95 12 63 20 108 96 33 163 33 112 28 124 47 84 113 90 119 15 183 157 129 14 43 127 49 31 73 30 109 152 55 113 62 103 101 76 68 184 175 131 173 6 197 136 85 127 73 52 134 185 92 101 194 189 179 7 151 155 171 120 54 9 172 180 127 23 105 133 185 173 149 122 138 94 172 119 50 44 77 37 82 25 182 32 107 21 10 18 122 2
76
0 0 0 0 0 0 0 0 0 0 0 0 0 0 0 0 0 0 0 0 0 0 0 0 0 0 0 0 0 0 0 0 0 0 0 0 0 0 0 0 0 0 0 0 0 0 0 0 0 0 0 0 0 0 0 0 0 0 0 0 0 0 0 0 0 0 0 0 0 0 0 0 0 0 0 0
842
0 15 20 17 18 189 153 174 171 7 193 179 10 4 9 157 20 2 157 3 1 5 194 1 6 17 17 14 8 1 0 192 4 15 7 6 5 18 17 187 0 17 15 3 5 5 10 9 0 5 19 20 173 2 186 15 17 6 165 12 17 166 16 6 11 15 7 8 5 2 4 3 9 15 14 16 174 20 9 186 12 9 150 18 181 19 4 197 5 154 3 14 4 170 6 19 11 9 0 11 13 10 11 9 184 8 18 2 6 6 186 190 16 9 199 20 20 195 6 16 1 190 0 18 181 5 13 15 18 17 4 3 19 8 10 13 10 169 10 4 152 4 0 15 10 3 15 16 12 19 7 14 1 15 196 162 3 185 9 6 8 17 13 11 13 162 17 168 174 163 183 150 15 9 8 194 194 0 162 15 20 10 0 160 4 19 9 17 9 8 4 18 6 17 6 159 14 12 17 6 9 1 8 183 8 17 6 1 162 179 0 11 7 190 19 19 13 20 12 7 18 2 4 158 1 3 10 158 19 20 4 156 4 4 8 3 152 5 3 9 15 11 179 12 0 2 1 176 13 8 11 18 1 12 14 5 156 19 19 6 15 6 0 13 7 3 11 3 6 15 176 9 163 9 160 3 11 20 4 10 6 1 10 152 171 157 6 5 14 20 10 11 12 2 6 11 16 14 18 9 13 16 2 183 4 199 11 20 5 168 4 19 11 14 193 13 5 199 20 12 15 11 9 164 2 8 9 2 17 11 0 11 1 18 151 13 18 10 12 152 19 14 4 9 180 13 0 186 0 8 20 13 13 3 6 17 6 10 5 3 6 18 172 5 9 0 12 6 18 10 10 7 11 19 6 18 12 16 19 20 198 162 1 18 6 14 183 10 6 200 4 9 183 16 16 17 0 14 18 8 15 20 185 17 0 188 2 13 174 162 15 15 173 9 5 172 13 12 5 18 17 12 20 14 163 158 14 14 16 19 14 4 2 11 0 158 5 182 19 0 18 20 19 17 150 18 8 18 5 17 7 19 16 16 19 0 9 9 169 1 11 5 4 13 178 193 9 3 154 13 4 19 12 180 17 7 12 1 154 195 14 14 5 17 19 8 6 7 2 155 4 200 9 5 158 6 18 1 20 3 0 195 2 10 5 0 17 4 13 10 19 20 12 6 155 176 170 20 15 12 4 5 14 12 4 4 169 0 6 16 9 4 4 0 11 9 178 12 11 7 11 7 7 17 5 8 5 1 9 12 4 166 168 1 5 158 10 20 11 10 12 1 2 13 1 11 2 185 16 19 9 9 165 7 173 1 2 14 1 8 15 14 1 12 11 19 10 7 18 16 184 18 167 17 19 19 20 12 5 13 175 17 12 8 161 18 176 18 6 193 14 19 5 2 4 20 13 7 150 11 172 5 20 16 161 2 16 180 7 10 16 1 0 183 15 4 20 0 20 18 2 14 19 178 13 5 2 19 10 15 5 151 13 4 3 17 14 10 169 10 6 15 20 9 7 153 17 10 11 19 18 1 8 8 14 1 5 5 17 6 9 2 6 159 16 1 3 13 5 6 16 13 13 161 17 5 154 14 0 154 19 13 0 9 0 14 20 9 2 9 200 3 182 15 9 200 10 197 188 13 200 4 6 2 15 5 9 19 154 1 5 160 3 9 177 20 179 172 4 15 153 6 11 14 11 7 12 6 12 2 5 19 10 15 14 3 2 13 14 14 6 195 11 158 0 9 13 17 5 165 14 17 6 12 11 15 4 2 19 0 163 17 6 191 6 184 177 1 17 153 9 177 159 195 14 17 7 4 10 2 11 11 7 10 1 19 197 7 13 4 19 18 6 8 11 0 163 1 20 11 10 18 179 14 18 11 6 8 7 16 16 16 1 184 161 18 19 2 11 6 9 12
550
8 70 38 164 48 75 101 52 4 44 135 32 82 165 59 44 91 143 75 186 62 126 28 60 174 196 200 111 5 6 8 128 114 37 90 193 97 185 83 67 34 113 143 130 121 153 185 47 24 123 20 127 195 78 18 133 107 138 143 149 144 129 81 150 114 25 162 142 132 69 111 21 67 75 30 14 42 192 61 49 111 195 131 31 142 45 69 5 20 89 69 135 90 200 199 22 158 24 198 175 88 33 4 27 125 41 129 10 43 31 100 184 74 15 159 91 13 69 98 45 122 105 200 66 186 40 172 61 54 191 154 71 107 63 53 37 11 116 121 191 51 160 189 14 186 200 138 29 142 103 164 83 196 154 82 177 11 18 126 23 183 96 128 152 157 51 98 110 170 155 175 15 49 79 192 39 19 3 171 194 165 45 178 9 54 138 15 109 26 156 92 191 32 90 143 91 55 91 106 145 85 89 195 59 119 81 69 80 71 114 19 30 157 163 81 70 138 79 168 8 192 107 177 140 106 108 13 43 94 22 122 23 78 57 93 69 28 14 61 193 25 55 44 190 142 57 165 50 75 170 175 196 2 63 74 61 125 152 86 117 108 149 100 4 12 79 45 16 166 63 96 76 136 80 84 95 59 182 6 128 139 1 143 118 22 166 79 72 48 64 26 47 132 143 111 157 87 52 76 158 137 105 197 66 104 34 46 87 150 90 109 1 69 117 2 38 113 39 163 49 197 66 156 83 147 11 192 27 51 89 107 160 56 14 122 14 124 95 198 42 71 198 88 108 167 195 7 93 180 90 49 151 50 20 176 15 61 18 25 96 180 117 58 108 200 24 118 89 10 118 189 129 199 141 32 24 94 113 11 136 52 132 77 194 71 159 119 0 141 40 155 145 116 9 108 112 76 44 104 22 73 143 15 5 149 134 49 13 149 63 85 141 74 124 47 72 2 51 124 151 108 140 137 1 37 177 189 24 87 71 160 9 29 160 167 98 137 139 184 163 177 46 61 42 200 131 155 61 174 42 59 114 85 77 75 170 44 158 83 51 195 104 100 133 47 85 92 71 149 21 144 190 146 120 91 58 46 190 160 35 6 40 127 98 53 5 42 62 87 151 76 87 100 43 181 78 151 52 10 106 158 177 20 102 182 147 69 111 95 95 89 151 181 90 171 22 155 188 136 185 192 179 132 188 57 21 172 176 150 14 131 43 4 49 41 43 140 83 21 195 70 5 77 140 64 30 74 50 70 165
491
200 200 200 200 200 200 200 200 200 200 200 200 200 200 200 200 200 200 200 200 200 200 200 200 200 200 200 200 200 200 200 200 200 200 200 200 200 200 200 200 200 200 200 200 200 200 200 200 200 200 200 200 200 200 200 200 200 200 200 200 200 200 200 200 200 200 200 200 200 200 200 200 200 200 200 200 200 200 200 200 200 200 200 200 200 200 200 200 200 200 200 200 200 200 200 200 200 200 200 200 200 200 200 200 200 200 200 200 200 200 200 200 200 200 200 200 200 200 200 200 200 200 200 200 200 200 200 200 200 200 200 200 200 200 200 200 200 200 200 200 200 200 200 200 200 200 200 200 200 200 200 200 200 200 200 200 200 200 200 200 200 200 200 200 200 200 200 200 200 200 200 200 200 200 200 200 200 200 200 200 200 200 200 200 200 200 200 200 200 200 200 200 200 200 200 200 200 200 200 200 200 200 200 200 200 200 200 200 200 200 200 200 200 200 200 200 200 200 200 200 200 200 200 200 200 200 200 200 200 200 200 200 200 200 200 200 200 200 200 200 200 200 200 200 200 200 200 200 200 200 200 200 200 200 200 200 200 200 200 200 200 200 200 200 200 200 200 200 200 200 200 200 200 200 200 200 200 200 200 200 200 200 200 200 200 200 200 200 200 200 200 200 200 200 200 200 200 200 200 200 200 200 200 200 200 200 200 200 200 200 200 200 200 200 200 200 200 200 200 200 200 200 200 200 200 200 200 200 200 200 200 200 200 200 200 200 200 200 200 200 200 200 200 200 200 200 200 200 200 200 200 200 200 200 200 200 200 200 200 200 200 200 200 200 200 200 200 200 200 200 200 200 200 200 200 200 200 200 200 200 200 200 200 200 200 200 200 200 200 200 200 200 200 200 200 200 200 200 200 200 200 200 200 200 200 200 200 200 200 200 200 200 200 200 200 200 200 200 200 200 200 200 200 200 200 200 200 200 200 200 200 200 200 200 200 200 200 200 200 200 200 200 200 200 200 200 200 200 200 200 200 200 200 200 200 200 200 200 200 200 200 200 200 200 200 200 200 200 200 200 200 200 200 200 200 200 200 200 200 200 200 200 200 200 200 200 200 200 200 200 200
49
0 0 0 0 0 0 0 0 0 0 0 0 0 0 0 0 0 0 0 0 0 0 0 0 0 0 0 0 0 0 0 0 0 0 0 0 0 0 0 0 0 0 0 0 0 0 0 0 0
443
49 63 174 49 81 174 63 63 174 49 49 63 174 174 72 49 174 81 72 72 174 81 81 174 174 63 49 81 174 49 49 63 81 72 174 81 63 63 49 72 81 49 49 174 174 49 174 63 174 49 49 174 81 174 174 174 72 81 81 49 174 63 174 174 72 72 81 72 49 72 49 174 63 49 174 72 72 72 49 49 63 72 72 72 72 63 49 174 174 63 81 81 63 63 81 63 63 63 63 63 63 63 63 174 49 174 174 49 81 72 174 72 174 49 72 81 81 72 81 81 63 174 81 72 174 49 72 174 49 49 49 72 81 72 72 174 174 81 49 174 49 174 174 49 174 63 63 81 81 72 174 174 49 49 72 49 81 49 63 174 81 49 81 81 49 63 72 49 81 174 81 63 174 63 49 72 72 174 49 49 49 72 49 63 81 49 63 72 49 81 72 174 174 49 63 174 174 49 81 72 63 49 81 174 49 49 49 72 174 72 49 63 72 174 174 81 63 81 174 72 72 81 174 72 72 49 81 49 174 49 81 81 63 174 174 63 63 72 63 72 49 81 63 72 81 72 81 72 174 72 72 81 174 72 81 49 72 49 81 63 63 49 63 81 81 174 174 72 174 72 174 81 49 72 81 63 63 72 63 81 49 63 63 72 81 63 72 49 63 174 72 63 174 63 49 174 72 63 81 49 49 174 72 81 72 63 63 174 63 174 63 72 63 49 63 81 174 72 49 49 63 174 81 72 174 63 63 72 49 174 81 72 49 63 49 174 72 81 49 174 174 174 72 174 63 81 174 81 72 81 49 174 63 81 72 49 174 174 174 81 49 174 63 49 63 49 174 72 72 49 72 81 81 49 174 49 72 174 49 72 72 174 81 49 81 72 81 81 49 72 81 174 49 49 174 49 63 81 72 174 63 72 174 49 63 174 81 174 63 63 72 72 63 174 72 81 174 49 72 72 72 174 81 49 49 174 63 174 174 72 63 63 49 81 49 63 174 63 49 81 49 49 49
569
0 0 0 0 0 0 0 0 0 0 0 0 0 0 0 0 0 0 0 0 0 0 0 0 0 0 0 0 0 0 0 0 0 0 0 0 0 0 0 0 0 0 0 0 0 0 0 0 0 0 0 0 0 0 0 0 0 0 0 0 0 0 0 0 0 0 0 0 0 0 0 0 0 0 0 0 0 0 0 0 0 0 0 0 0 0 0 0 0 0 0 0 0 0 0 0 0 0 0 0 0 0 0 0 0 0 0 0 0 0 0 0 0 0 0 0 0 0 0 0 0 0 0 0 0 0 0 0 0 0 0 0 0 0 0 0 0 0 0 0 0 0 0 0 0 0 0 0 0 0 0 0 0 0 0 0 0 0 0 0 0 0 0 0 0 0 0 0 0 0 0 0 0 0 0 0 0 0 0 0 0 0 0 0 0 0 0 0 0 0 0 0 0 0 0 0 0 0 0 0 0 0 0 0 0 0 0 0 0 0 0 0 0 0 0 0 0 0 0 0 0 0 0 0 0 0 0 0 0 0 0 0 0 0 0 0 0 0 0 0 0 0 0 0 0 0 0 0 0 0 0 0 0 0 0 0 0 0 0 0 0 0 0 0 0 0 0 0 0 0 0 0 0 0 0 0 0 0 0 0 0 0 0 0 0 0 0 0 0 0 0 0 0 0 0 0 0 0 0 0 0 0 0 0 0 0 0 0 0 0 0 0 0 0 0 0 0 0 0 0 0 0 0 0 0 0 0 0 0 0 0 0 0 0 0 0 0 0 0 0 0 0 0 0 0 0 0 0 0 0 0 0 0 0 0 0 0 0 0 0 0 0 0 0 0 0 0 0 0 0 0 0 0 0 0 0 0 0 0 0 0 0 0 0 0 0 0 0 0 0 0 0 0 0 0 0 0 0 0 0 0 0 0 0 0 0 0 0 0 0 0 0 0 0 0 0 0 0 0 0 0 0 0 0 0 0 0 0 0 0 0 0 0 0 0 0 0 0 0 0 0 0 0 0 0 0 0 0 0 0 0 0 0 0 0 0 0 0 0 0 0 0 0 0 0 0 0 0 0 0 0 0 0 0 0 0 0 0 0 0 0 0 0 0 0 0 0 0 0 0 0 0 0 0 0 0 0 0 0 0 0 0 0 0 0 0 0 0 0 0 0 0 0 0 0 0 0 0 0 0 0 0 0 0 0 0 0 0 0 0 0 0 0 0 0 0 0 0 0 0 0 0 0 0 0 0 0 0 0 0 0 0 0 0 0 0 0 0 0 0 0 0 0 0 0 0 0 0 0
685
119 44 154 120 76 72 20 99 97 151 5 172 12 199 24 123 119 34 35 23 44 16 191 38 168 178 124 186 119 70 96 122 50 152 83 145 92 126 109 16 183 49 112 69 77 40 47 124 164 7 121 37 43 57 74 183 135 26 70 141 147 110 51 191 130 13 106 61 97 180 23 193 69 154 186 198 158 167 35 48 17 179 135 49 120 87 138 66 151 155 104 185 200 131 192 182 151 121 166 152 148 161 10 142 44 0 186 44 130 112 157 134 101 107 96 65 75 33 125 72 75 119 176 32 68 103 134 123 118 115 150 45 121 58 124 126 93 180 192 129 13 129 7 11 72 172 190 16 83 16 99 9 43 85 116 33 139 101 90 130 141 99 49 16 138 41 194 139 120 108 79 53 184 172 49 70 183 49 67 98 97 196 86 6 84 56 73 196 181 103 183 112 106 193 123 15 80 177 153 100 92 46 51 190 177 198 23 137 5 115 114 132 36 164 52 71 59 13 176 49 134 170 165 75 118 20 48 134 114 27 166 71 30 46 186 158 4 22 199 6 197 100 106 78 154 113 151 3 132 89 120 63 123 54 197 113 27 70 35 183 77 37 156 42 191 142 109 153 129 172 192 141 158 132 90 104 107 15 75 105 93 179 1 160 107 131 56 154 119 162 149 27 81 116 162 182 17 66 132 82 16 166 104 44 125 107 182 163 141 123 16 31 3 150 39 128 192 50 196 124 8 186 49 70 112 117 87 2 113 112 77 122 88 27 145 148 122 84 140 193 97 27 190 152 6 72 23 198 67 172 179 183 133 56 31 10 132 16 89 7 95 28 93 166 155 143 73 132 190 64 14 153 145 5 119 148 106 90 182 181 5 168 163 66 65 149 109 171 163 48 30 36 124 13 58 112 30 43 98 43 29 183 157 94 104 84 150 115 185 179 166 119 137 165 92 139 197 87 115 131 188 191 139 6 182 78 25 180 128 177 125 61 93 161 42 199 150 143 158 148 109 164 29 42 157 105 54 100 42 76 192 193 3 124 146 182 140 26 70 145 64 122 127 129 125 59 43 121 149 181 170 77 33 110 170 164 156 131 121 35 23 144 101 151 11 124 159 141 17 111 85 179 12 44 60 176 5 149 101 162 9 86 80 193 74 164 4 197 106 139 9 93 31 61 62 104 117 77 37 100 19 100 73 0 146 13 6 79 26 198 29 137 177 36 2 45 144 0 3 200 69 11 80 126 133 92 170 110 124 59 153 110 198 130 78 59 118 119 21 171 58 163 43 91 10 108 107 7 194 163 34 13 21 130 186 20 46 168 46 26 16 4 22 132 193 126 28 167 80 44 133 128 95 144 177 58 2 170 166 11 164 132 26 182 142 79 171 50 150 186 180 106 159 158 154 114 172 53 79 160 9 38 15 110 42 54 98 136 195 126 8 33 63 140 176 50 25 62 113 100 11 52 110 17 43 161 165 1 140 63 48 167 199 46 7 15 114 9 85 187 114 57 71 113 94 17 94 103 89 169 20 49 198 118 193 0 145 193 42 41 139 34 42 191 77
493
2 10 11 7 17 1 19 18 11 5 13 7 16 8 17 11 3 16 15 1 12 3 17 3 6 18 4 3 8 11 13 18 15 9 5 1 3 4 15 9 4 6 0 19 13 1 19 1 7 6 9 9 0 19 19 0 14 17 8 14 4 10 20 4 3 17 5 7 10 13 0 16 13 14 6 19 13 7 15 17 10 9 10 18 18 12 7 17 7 18 5 1 18 15 20 20 17 13 10 10 1 7 19 19 20 0 11 9 9 6 14 1 2 4 9 0 17 14 12 8 20 1 8 20 16 12 8 18 1 4 4 2 7 6 0 5 18 6 14 13 11 15 15 16 1 0 8 11 1 8 0 14 14 20 11 7 12 20 18 10 1 9 8 9 1 5 6 18 11 3 1 1 5 8 9 17 1 20 15 3 17 2 9 19 19 1 17 3 14 0 15 14 5 12 8 11 7 0 15 17 2 15 8 19 4 18 10 8 1 17 3 10 20 5 12 8 11 9 5 16 1 16 10 9 7 2 2 5 10 15 15 20 20 5 5 9 18 14 7 10 4 9 1 15 5 1 19 4 9 6 20 14 0 16 10 19 20 11 2 2 18 18 12 17 12 13 15 19 18 18 20 6 2 16 8 1 2 6 8 8 11 5 1 9 6 15 11 11 4 8 0 9 6 17 12 3 17 11 7 6 5 8 2 7 11 10 1 11 6 18 0 8 1 8 3 16 4 3 13 8 0 13 7 5 1 6 9 10 10 20 8 8 6 15 17 11 6 4 5 14 10 19 7 12 8 19 0 15 19 10 9 9 2 3 10 0 5 14 4 5 16 16 6 4 8 9 18 13 8 0 11 19 20 16 10 2 9 19 16 20 11 2 7 20 9 2 14 16 5 6 16 11 16 5 17 2 12 14 4 18 20 12 16 13 7 3 18 16 12 0 16 2 11 0 11 3 13 19 17 12 10 2 12 2 13 12 5 2 16 5 18 1 16 14 17 7 13 15 9 9 18 20 13 19 18 8 6 4 7 11 10 9 19 19 0 20 5 19 10 17 19 15 15 3 16 19 20 7 11 3 18 18 8 20 0 19 19 12 9 20 7 7 6 5 2 19 15 1 19 7 19 16 14
868
0 200 57 105 79 96 68 115 101 89 70 92 89 118 57 91 71 101 94 96 79 111 68 68 111 110 87 90 91 117 70 115 54 110 60 92 114 106 56 72 110 78 75 51 83 82 95 50 108 59 110 65 93 58 60 62 81 113 80 94 58 94 76 89 81 53 56 110 90 71 72 52 78 54 86 117 67 55 51 58 77 60 65 96 71 91 114 74 98 70 91 119 52 109 106 71 108 114 108 64 108 119 96 84 112 85 89 118 75 115 110 64 75 96 81 52 75 74 109 62 86 74 67 101 108 56 55 89 94 120 100 69 57 81 117 76 88 115 67 53 73 88 88 77 115 116 80 116 65 83 57 116 76 100 94 101 89 68 84 58 58 70 93 76 85 54 86 80 58 52 105 113 101 73 116 71 58 106 65 101 66 71 58 65 84 77 66 73 99 55 74 57 104 56 92 81 83 72 52 54 84 61 67 76 52 86 111 61 118 92 95 91 69 69 112 106 75 71 74 52 75 97 90 108 81 117 54 58 67 111 119 95 93 76 72 61 59 62 95 59 80 103 113 107 80 76 57 71 109 69 113 51 67 79 59 56 77 76 69 116 108 117 73 84 113 94 85 85 68 107 118 116 82 57 74 96 80 79 68 86 54 84 73 108 94 69 67 116 73 76 120 111 58 104 67 105 74 100 57 114 86 61 84 91 116 66 60 53 71 92 96 74 115 62 113 91 113 111 52 72 80 52 51 107 120 91 53 120 53 83 87 60 107 76 115 114 112 61 68 60 91 108 112 114 63 73 116 92 67 66 95 56 51 70 81 113 80 111 72 54 55 85 81 110 87 106 52 107 95 86 104 68 102 115 88 85 90 113 54 94 58 54 77 79 98 102 117 90 50 61 63 110 119 52 74 95 78 112 98 88 110 60 59 53 87 84 66 106 103 59 94 81 99 69 88 92 93 93 116 95 63 64 73 104 99 97 87 71 111 51 68 117 56 112 117 79 60 63 107 109 65 100 52 99 114 57 106 115 96 109 110 108 76 92 99 66 96 74 110 87 114 91 62 102 61 120 90 57 86 67 81 64 87 88 101 118 74 55 83 70 54 88 99 67 116 76 62 95 70 89 70 97 93 99 68 86 75 76 65 88 79 119 67 99 93 69 75 74 65 103 54 70 88 117 93 75 84 93 55 115 87 106 103 78 110 54 92 108 84 66 110 86 82 91 65 79 97 76 114 78 70 109 50 68 90 71 79 97 103 60 80 104 102 52 91 62 92 71 72 64 66 108 54 95 77 108 96 89 68 69 114 118 83 114 51 62 113 99 69 104 101 63 72 95 71 66 62 114 53 101 73 70 108 61 92 77 95 120 110 73 59 51 72 67 80 66 103 95 106 115 86 118 87 115 51 61 117 78 109 67 78 105 114 82 82 57 97 65 117 53 65 119 82 75 52 110 68 119 110 86 105 81 105 85 53 75 115 71 91 60 106 91 76 91 71 93 68 116 115 61 73 111 101 98 55 90 76 99 60 109 114 53 110 120 71 120 62 115 120 91 54 91 71 65 105 97 66 98 59 73 63 112 119 58 61 97 116 67 101 89 62 72 92 59 118 68 68 117 76 119 73 63 100 76 116 85 118 96 54 102 56 90 75 50 59 87 92 52 113 82 64 96 101 58 114 82 65 75 54 61 53 69 72 55 65 119 60 51 84 60 67 117 50 81 79 67 67 114 96 61 56 96 71 119 117 59 96 66 114 82 88 87 76 120 68 57 88 62 91 101 91 53 76 62 114 78 60 111 114 63 50 64 117 55 83 65 113 102 99 102 61 99 98 105 61 68 61 93 112 99 54 71 95 53 92 54 82 68 63 103 57 110 78 68 94 118 53 69 71 73 87 73 84 89 113 65 60 114 90 79 91 86 119 92 119 110 105 82 53 99 78 87 110 82 117 105 118 77 73 50 108 114 119 50 66 82 62 200
149
188 5 2 1 11 11 5 16 0 1 18 3 19 8 17 13 0 20 179 4 20 3 15 3 18 7 10 3 13 5 3 162 174 18 10 197 19 2 10 10 1 1 9 7 16 156 8 20 185 13 178 4 4 2 179 20 7 187 2 176 2 6 5 15 11 5 169 0 20 16 15 152 163 17 10 4 17 6 20 9 6 20 11 16 20 13 8 6 14 6 151 16 176 1 1 150 165 2 19 171 9 20 17 4 188 15 171 7 14 13 19 1 150 160 20 8 170 18 14 19 9 15 192 14 19 16 170 4 179 14 16 4 169 10 10 1 6 14 156 20 8 164 4 14 5 12 9 19 16
917
200 200 200 200 200 200 200 200 200 200 200 200 200 200 200 200 200 200 200 200 200 200 200 200 200 200 200 200 200 200 200 200 200 200 200 200 200 200 200 200 200 200 200 200 200 200 200 200 200 200 200 200 200 200 200 200 200 200 200 200 200 200 200 200 200 200 200 200 200 200 200 200 200 200 200 200 200 200 200 200 200 200 200 200 200 200 200 200 200 200 200 200 200 200 200 200 200 200 200 200 200 200 200 200 200 200 200 200 200 200 200 200 200 200 200 200 200 200 200 200 200 200 200 200 200 200 200 200 200 200 200 200 200 200 200 200 200 200 200 200 200 200 200 200 200 200 200 200 200 200 200 200 200 200 200 200 200 200 200 200 200 200 200 200 200 200 200 200 200 200 200 200 200 200 200 200 200 200 200 200 200 200 200 200 200 200 200 200 200 200 200 200 200 200 200 200 200 200 200 200 200 200 200 200 200 200 200 200 200 200 200 200 200 200 200 200 200 200 200 200 200 200 200 200 200 200 200 200 200 200 200 200 200 200 200 200 200 200 200 200 200 200 200 200 200 200 200 200 200 200 200 200 200 200 200 200 200 200 200 200 200 200 200 200 200 200 200 200 200 200 200 200 200 200 200 200 200 200 200 200 200 200 200 200 200 200 200 200 200 200 200 200 200 200 200 200 200 200 200 200 200 200 200 200 200 200 200 200 200 200 200 200 200 200 200 200 200 200 200 200 200 200 200 200 200 200 200 200 200 200 200 200 200 200 200 200 200 200 200 200 200 200 200 200 200 200 200 200 200 200 200 200 200 200 200 200 200 200 200 200 200 200 200 200 200 200 200 200 200 200 200 200 200 200 200 200 200 200 200 200 200 200 200 200 200 200 200 200 200 200 200 200 200 200 200 200 200 200 200 200 200 200 200 200 200 200 200 200 200 200 200 200 200 200 200 200 200 200 200 200 200 200 200 200 200 200 200 200 200 200 200 200 200 200 200 200 200 200 200 200 200 200 200 200 200 200 200 200 200 200 200 200 200 200 200 200 200 200 200 200 200 200 200 200 200 200 200 200 200 200 200 200 200 200 200 200 200 200 200 200 200 200 200 200 200 200 200 200 200 200 200 200 200 200 200 200 200 200 200 200 200 200 200 200 200 200 200 200 200 200 200 200 200 200 200 200 200 200 200 200 200 200 200 200 200 200 200 200 200 200 200 200 200 200 200 200 200 200 200 200 200 200 200 200 200 200 200 200 200 200 200 200 200 200 200 200 200 200 200 200 200 200 200 200 200 200 200 200 200 200 200 200 200 200 200 200 200 200 200 200 200 200 200 200 200 200 200 200 200 200 200 200 200 200 200 200 200 200 200 200 200 200 200 200 200 200 200 200 200 200 200 200 200 200 200 200 200 200 200 200 200 200 200 200 200 200 200 200 200 200 200 200 200 200 200 200 200 200 200 200 200 200 200 200 200 200 200 200 200 200 200 200 200 200 200 200 200 200 200 200 200 200 200 200 200 200 200 200 200 200 200 200 200 200 200 200 200 200 200 200 200 200 200 200 200 200 200 200 200 200 200 200 200 200 200 200 200 200 200 200 200 200 200 200 200 200 200 200 200 200 200 200 200 200 200 200 200 200 200 200 200 200 200 200 200 200 200 200 200 200 200 200 200 200 200 200 200 200 200 200 200 200 200 200 200 200 200 200 200 200 200 200 200 200 200 200 200 200 200 200 200 200 200 200 200 200 200 200 200 200 200 200 200 200 200 200 200 200 200 200 200 200 200 200 200 200 200 200 200 200 200 200 200 200 200 200 200 200 200 200 200 200 200 200 200 200 200 200 200 200 200 200 200 200 200 200 200 200 200 200 200 200 200 200 200 200 200 200 200 200 200 200 200 200 200 200 200 200 200 200 200 200 200 200 200 200 200 200 200 200 200 200 200 200 200 200 200 200 200 200 200 200 200 200 200 200 200 200 200 200 200 200 200 200 200 200 200 200 200 200 200 200 200 200 200 200 200 200 200 200 200 200 200 200 200 200 200 200 200 200 200 200 200 200 200 200 200 200 200 200 200 200 200 200 200 200 200
926
9 1 17 13 3 1 1 12 12 1 8 9 7 4 2 11 4 16 4 17 20 7 18 7 2 5 19 20 18 5 20 4 16 4 17 16 0 17 17 4 8 3 17 2 9 20 11 2 6 12 13 4 19 15 9 18 9 3 13 0 20 11 17 5 17 2 13 7 2 4 18 5 1 8 17 4 19 3 8 3 0 20 5 12 12 3 9 13 18 13 8 14 3 19 4 2 4 9 5 3 1 11 19 15 7 7 3 13 7 20 11 8 19 5 16 0 7 10 16 13 11 3 4 12 9 13 16 4 15 14 19 13 10 19 6 0 20 14 14 12 10 4 18 20 20 10 1 5 2 2 19 4 17 20 13 11 18 20 2 3 14 10 3 16 14 7 4 13 16 6 10 11 12 10 6 6 10 11 14 17 16 17 14 12 9 0 4 1 5 19 2 6 10 14 16 5 20 5 5 7 2 13 16 6 17 14 10 19 20 11 6 0 0 4 3 14 1 10 15 16 10 9 9 7 2 8 3 19 10 17 1 7 9 10 1 16 20 3 16 10 16 0 1 17 15 19 3 17 4 13 18 12 9 1 18 17 0 14 15 18 16 19 15 1 6 16 3 5 1 17 11 2 5 7 8 20 17 8 16 10 19 14 15 17 17 7 20 15 10 2 11 3 1 7 1 11 17 18 1 10 6 9 19 5 5 4 13 5 4 17 20 11 20 18 6 19 17 0 6 8 6 1 19 20 3 0 4 11 18 8 8 15 2 11 6 2 20 4 13 19 10 13 18 14 16 11 12 1 2 7 15 11 8 19 15 2 4 20 8 20 10 8 13 17 7 2 9 14 14 17 19 19 14 13 0 1 1 1 0 10 1 0 6 18 5 15 19 5 3 5 2 9 13 13 8 15 17 5 0 4 3 7 12 15 13 9 18 16 14 14 16 12 20 16 13 13 16 19 20 5 19 4 7 11 17 7 1 18 19 6 13 2 16 20 9 5 13 11 9 0 10 13 11 15 1 8 10 4 5 15 5 16 8 0 2 7 4 7 13 13 11 17 14 8 3 14 14 11 13 11 16 0 5 17 3 17 15 3 19 13 8 6 13 14 8 12 14 5 16 20 2 14 14 16 2 12 0 8 5 6 6 2 1 12 6 13 18 19 6 2 10 20 6 1 9 13 19 1 2 18 16 14 2 1 6 3 2 13 0 18 14 1 17 16 0 3 20 8 5 12 16 12 16 16 17 19 18 13 2 12 16 14 5 10 13 12 18 12 17 14 13 17 3 17 11 11 3 17 14 8 6 12 20 14 6 0 1 9 20 8 20 17 7 16 16 12 7 19 20 17 19 4 16 7 1 13 7 19 16 7 13 18 15 5 4 4 1 17 0 1 17 11 13 14 17 20 13 18 11 19 15 13 12 6 9 18 12 5 16 17 20 14 5 16 15 8 2 16 5 11 17 13 11 4 10 3 11 3 14 5 15 14 4 7 19 12 19 0 8 6 17 18 9 5 9 14 13 20 7 7 6 11 7 1 15 19 19 9 3 13 14 5 1 5 1 19 15 4 17 14 6 4 8 2 7 5 2 7 10 8 20 6 17 18 5 5 1 11 6 1 4 2 2 1 9 6 19 2 10 11 14 1 8 13 2 4 14 13 3 18 13 4 3 7 6 18 13 14 15 3 11 13 11 9 11 13 0 7 6 0 5 1 3 20 10 19 9 12 10 20 10 16 0 8 17 16 6 7 5 20 1 8 12 1 18 17 1 7 0 2 12 8 13 20 16 14 18 13 15 17 8 15 17 18 1 6 0 0 20 13 9 6 9 17 4 5 6 0 17 9 4 11 8 7 12 11 17 2 0 15 11 5 16 5 4 19 3 2 0 16 10 0 9 5 18 17 1 18 14 14 14 11 8 12 12 17 8 19 3 19 1 6 7 20 0 16 20 9 0 17 17 2 11 13 4 0 9 18 7 8 20 1 1 13 8 15 12 4 12 11 0 13 13 14 4 2 12 12 1 7 4 15 13 4 2 4 1 17 11 8 7 18 14 5 14 20 2 1 14 20 0 14 5 19 0 2 3 15 8 5 5 16 17 19 19 10
721
0 0 0 0 0 0 0 0 0 0 0 0 0 0 0 0 0 0 0 0 0 0 0 0 0 0 0 0 0 0 0 0 0 0 0 0 0 0 0 0 0 0 0 0 0 0 0 0 0 0 0 0 0 0 0 0 0 0 0 0 0 0 0 0 0 0 0 0 0 0 0 0 0 0 0 0 0 0 0 0 0 0 0 0 0 0 0 0 0 0 0 0 0 0 0 0 0 0 0 0 0 0 0 0 0 0 0 0 0 0 0 0 0 0 0 0 0 0 0 0 0 0 0 0 0 0 0 0 0 0 0 0 0 0 0 0 0 0 0 0 0 0 0 0 0 0 0 0 0 0 0 0 0 0 0 0 0 0 0 0 0 0 0 0 0 0 0 0 0 0 0 0 0 0 0 0 0 0 0 0 0 0 0 0 0 0 0 0 0 0 0 0 0 0 0 0 0 0 0 0 0 0 0 0 0 0 0 0 0 0 0 0 0 0 0 0 0 0 0 0 0 0 0 0 0 0 0 0 0 0 0 0 0 0 0 0 0 0 0 0 0 0 0 0 0 0 0 0 0 0 0 0 0 0 0 0 0 0 0 0 0 0 0 0 0 0 0 0 0 0 0 0 0 0 0 0 0 0 0 0 0 0 0 0 0 0 0 0 0 0 0 0 0 0 0 0 0 0 0 0 0 0 0 0 0 0 0 0 0 0 0 0 0 0 0 0 0 0 0 0 0 0 0 0 0 0 0 0 0 0 0 0 0 0 0 0 0 0 0 0 0 0 0 0 0 0 0 0 0 0 0 0 0 0 0 0 0 0 0 0 0 0 0 0 0 0 0 0 0 0 0 0 0 0 0 0 0 0 0 0 0 0 0 0 0 0 0 0 0 0 0 0 0 0 0 0 0 0 0 0 0 0 0 0 0 0 0 0 0 0 0 0 0 0 0 0 0 0 0 0 0 0 0 0 0 0 0 0 0 0 0 0 0 0 0 0 0 0 0 0 0 0 0 0 0 0 0 0 0 0 0 0 0 0 0 0 0 0 0 0 0 0 0 0 0 0 0 0 0 0 0 0 0 0 0 0 0 0 0 0 0 0 0 0 0 0 0 0 0 0 0 0 0 0 0 0 0 0 0 0 0 0 0 0 0 0 0 0 0 0 0 0 0 0 0 0 0 0 0 0 0 0 0 0 0 0 0 0 0 0 0 0 0 0 0 0 0 0 0 0 0 0 0 0 0 0 0 0 0 0 0 0 0 0 0 0 0 0 0 0 0 0 0 0 0 0 0 0 0 0 0 0 0 0 0 0 0 0 0 0 0 0 0 0 0 0 0 0 0 0 0 0 0 0 0 0 0 0 0 0 0 0 0 0 0 0 0 0 0 0 0 0 0 0 0 0 0 0 0 0 0 0 0 0 0 0 0 0 0 0 0 0 0 0 0 0 0 0 0 0 0 0 0 0 0 0 0 0 0 0 0 0 0 0 0 0 0 0 0 0 0 0 0 0 0 0 0 0 0 0 0 0 0 0 0 0 0 0 0 0 0 0 0 0 0 0 0 0 0 0 0 0 0 0 0 0 0 0 0 0 0 0 0 0 0 0 0 0 0 0 0 0 0 0 0 0 0 0 0 0 0
857
0 200 98 81 59 66 101 119 100 97 117 91 62 117 81 77 87 114 86 63 73 74 50 68 117 110 104 66 101 63 98 106 52 111 77 80 98 108 55 101 86 110 107 86 108 66 90 65 68 108 92 56 108 54 64 107 81 104 73 102 89 57 67 65 94 120 58 73 79 55 99 107 68 53 57 78 78 116 117 76 114 97 84 114 95 109 62 113 56 90 58 86 79 105 113 68 74 78 94 102 68 114 53 66 67 64 107 105 94 107 67 112 82 96 64 58 56 65 94 104 67 102 68 107 51 75 114 78 96 78 88 52 63 67 59 95 93 89 97 60 111 67 87 85 56 81 63 119 90 57 70 56 69 98 109 90 99 94 51 71 84 84 81 95 55 93 102 101 80 51 80 110 67 108 80 82 120 52 51 100 107 57 55 91 94 52 88 52 104 65 75 112 90 89 89 66 116 93 52 110 104 115 82 113 87 96 81 105 69 117 77 89 65 73 93 79 120 80 114 79 88 68 77 62 69 100 99 61 80 99 105 90 114 103 83 103 70 110 69 80 117 56 95 106 59 88 106 68 71 86 95 90 113 105 114 76 97 67 66 113 61 57 65 65 107 62 51 102 116 63 87 119 109 68 57 72 101 97 81 106 66 85 78 107 103 72 83 107 60 65 66 50 117 52 89 72 51 103 54 54 67 94 112 98 85 83 114 52 60 53 98 50 101 101 101 107 78 61 69 68 107 98 93 93 68 116 83 72 77 61 59 110 119 63 75 73 69 114 117 69 112 61 50 69 108 63 85 92 89 66 74 75 97 93 120 117 76 54 57 81 60 97 63 106 118 56 108 83 69 93 90 99 92 61 61 100 85 86 115 90 85 57 101 63 67 68 50 54 95 118 100 82 82 70 101 88 112 58 120 86 82 97 97 88 96 68 116 105 73 70 120 108 89 87 107 115 52 77 82 77 53 58 117 120 60 74 115 95 86 82 99 80 114 74 55 54 99 116 74 65 67 107 80 119 65 73 76 71 89 54 66 76 53 99 86 89 76 105 80 96 111 86 52 67 112 104 105 67 120 92 106 73 84 116 51 113 71 118 73 102 108 56 90 105 66 103 50 96 98 61 102 110 97 117 119 110 70 117 50 113 64 91 59 61 89 55 52 84 68 107 108 70 85 62 106 90 91 86 81 106 89 117 102 114 112 100 93 117 77 71 113 94 100 88 52 98 105 88 86 119 56 83 61 77 69 62 69 114 56 71 85 86 65 51 64 115 64 86 67 76 100 109 100 68 87 83 53 100 65 69 97 108 67 58 113 96 76 112 91 113 72 83 88 99 75 52 113 120 51 77 92 86 74 84 104 57 79 62 91 51 51 114 118 55 53 115 56 114 98 111 109 61 76 58 59 60 111 79 106 61 100 84 99 65 114 78 77 111 85 52 106 107 52 98 115 120 51 90 91 82 96 55 113 63 62 57 61 66 111 91 84 106 58 80 79 99 85 85 54 89 111 103 111 116 70 78 108 62 66 66 112 115 65 57 88 111 108 61 90 88 61 110 100 117 106 61 71 52 81 108 75 119 105 94 98 98 76 83 65 95 93 53 79 94 65 116 50 75 104 71 75 63 90 90 97 119 72 112 88 81 97 119 72 86 61 64 110 93 84 103 80 111 82 106 91 83 76 103 72 115 95 73 98 88 84 72 91 113 78 86 107 98 116 90 56 92 93 66 73 55 74 110 114 83 63 103 83 87 89 107 79 72 85 62 98 105 115 101 97 91 80 73 61 112 114 102 109 84 114 55 63 90 58 54 56 69 65 92 51 108 99 109 103 108 60 106 92 71 104 54 104 77 120 77 63 91 83 73 59 91 60 86 71 73 85 79 86 100 107 92 112 73 99 79 89 88 114 87 108 107 111 83 101 78 102 51 52 91 112 118 55 95 96 56 95 56 200
34
82 86 86 131 82 82 131 82 82 131 82 86 131 131 82 82 82 82 131 86 131 131 86 82 86 131 86 86 82 131 82 86 82 131
510
0 200 56 75 115 61 55 99 97 90 87 73 102 82 95 71 107 50 80 89 55 66 52 79 81 63 61 51 90 93 90 55 97 62 62 115 88 90 59 99 56 72 116 61 117 107 54 71 90 66 92 56 62 118 55 86 86 100 95 96 54 67 62 60 78 62 82 104 68 103 96 105 60 106 53 79 92 66 74 59 66 71 89 112 99 85 97 90 93 50 63 90 100 51 55 106 95 117 109 88 72 86 116 87 112 77 56 58 117 63 62 53 113 54 53 71 96 54 110 89 80 69 56 63 91 79 81 71 93 119 102 57 67 120 99 105 102 100 60 61 82 71 94 72 108 60 61 93 113 50 104 62 84 86 87 56 63 75 93 107 95 96 90 90 111 99 57 114 88 111 78 69 74 117 88 113 96 64 77 55 113 81 53 102 55 110 52 95 115 120 67 50 116 105 103 62 75 100 88 111 86 75 116 119 102 96 50 86 60 115 61 72 74 64 95 109 113 90 115 61 115 68 91 119 119 82 54 105 99 68 92 79 115 77 118 51 91 66 115 92 84 81 59 75 74 116 102 76 118 73 96 87 82 108 91 94 70 59 98 120 119 110 78 61 84 77 108 119 54 80 97 59 118 100 105 87 72 86 70 113 52 69 71 109 117 83 78 105 120 95 102 61 74 109 82 64 92 69 52 94 89 89 94 116 52 86 80 114 61 102 77 77 57 76 111 114 88 78 90 63 72 73 73 92 115 95 88 117 110 116 67 77 106 118 56 54 54 96 75 80 93 116 68 64 70 86 82 107 73 103 112 57 112 66 79 86 67 107 73 80 110 77 103 98 55 51 61 92 92 68 64 82 111 53 54 75 90 96 60 72 84 105 79 71 79 53 85 118 93 69 116 68 108 68 59 120 50 116 86 103 59 69 66 80 92 51 64 82 114 112 90 78 88 98 92 80 104 115 113 82 118 87 74 114 68 79 108 115 119 55 59 100 69 83 66 97 82 99 78 99 87 88 77 111 108 52 91 64 77 96 92 96 108 73 84 68 85 82 97 106 102 77 75 67 117 61 90 88 52 115 69 99 116 68 108 102 72 108 87 92 104 55 113 50 90 114 58 99 56 98 99 52 118 71 107 83 97 116 71 111 53 85 107 101 105 58 90 76 75 200
916
0 200 83 66 105 70 101 81 79 57 108 85 77 65 97 104 108 101 106 80 50 115 105 88 81 89 104 103 54 64 98 83 55 59 59 96 102 85 79 93 96 101 91 82 99 102 102 111 100 60 86 92 66 86 111 71 83 76 108 119 108 76 87 119 52 61 114 118 87 62 55 92 90 99 102 111 93 118 86 94 77 109 98 58 73 114 54 118 104 95 110 71 57 74 56 83 74 106 110 65 109 106 74 58 93 101 101 114 117 118 76 73 99 68 56 111 120 76 112 96 82 100 50 76 64 111 89 60 113 90 84 79 65 61 71 56 82 116 116 64 77 91 78 95 63 72 65 92 117 53 63 60 117 94 100 62 94 102 65 76 107 103 95 72 71 102 82 87 110 87 88 54 111 89 73 115 82 51 108 69 57 110 103 70 74 70 118 114 114 111 94 77 67 116 75 85 94 95 82 83 86 84 114 120 69 80 84 115 81 84 51 66 52 89 65 57 72 93 91 56 91 114 92 52 101 118 78 55 103 83 68 60 101 63 100 55 111 56 113 109 109 87 78 104 62 58 63 56 76 51 79 77 85 104 72 53 50 89 118 82 52 111 82 87 93 118 116 58 69 80 89 104 90 61 65 92 109 63 93 53 61 93 116 52 92 63 101 92 88 51 105 60 72 101 51 118 98 54 92 70 119 119 105 67 73 59 52 89 91 97 95 61 66 80 84 115 73 71 58 97 53 108 79 87 79 90 103 106 103 87 76 91 56 111 73 60 55 58 92 103 102 113 54 55 76 105 105 83 59 103 97 53 108 76 97 59 111 83 78 102 58 51 67 57 99 65 105 72 62 81 92 88 82 68 55 113 56 90 64 103 66 87 100 54 74 102 76 59 66 79 87 52 77 83 117 117 106 99 60 119 87 81 60 109 108 104 59 106 50 100 89 59 84 62 80 98 87 80 116 112 96 98 51 73 69 85 101 81 102 118 53 105 111 104 56 88 75 118 50 84 105 87 50 53 51 101 87 70 95 60 97 55 50 52 114 53 103 73 120 66 118 58 94 91 76 50 120 94 114 106 50 85 70 50 63 100 87 77 113 96 120 82 109 86 56 103 107 105 110 89 65 110 73 67 108 58 115 118 96 61 97 84 84 56 92 53 84 69 117 85 95 73 105 84 59 63 51 80 82 71 87 60 93 64 79 83 98 117 116 53 106 67 53 99 77 81 93 94 113 97 92 68 54 65 91 64 77 85 91 110 87 73 55 120 112 119 94 73 88 85 92 113 87 104 87 100 85 112 89 50 107 95 50 56 99 62 95 72 86 115 87 74 68 112 61 89 61 66 98 51 115 94 104 66 57 64 69 74 57 57 94 89 104 106 68 64 94 63 110 104 70 97 84 58 66 109 50 93 83 114 81 91 85 114 105 116 85 85 58 74 104 82 79 106 99 53 70 73 86 118 119 113 63 71 83 94 58 97 104 92 61 87 106 72 104 91 88 91 79 56 102 85 111 81 104 102 58 62 113 73 71 82 86 72 57 83 93 119 79 58 74 66 83 76 100 87 56 59 117 61 97 95 78 76 96 58 75 86 53 92 89 55 88 67 72 86 100 71 112 73 100 95 85 92 90 113 55 98 103 106 101 80 78 85 102 113 111 57 63 116 82 58 100 68 109 102 103 104 119 79 59 120 110 82 97 54 60 65 76 79 89 56 75 58 76 65 72 74 87 117 94 64 65 95 113 105 107 87 65 106 84 86 70 76 99 69 106 119 63 60 93 92 110 69 50 98 61 84 109 77 87 55 82 99 85 110 114 77 89 51 64 66 64 69 82 94 73 82 110 60 116 89 76 70 57 73 118 64 53 102 84 69 119 96 56 113 88 95 89 102 84 118 110 104 86 82 50 63 83 67 107 80 88 73 57 74 119 106 119 114 76 94 54 90 87 91 107 82 66 108 102 91 112 97 72 99 92 68 111 61 104 108 89 52 110 108 56 79 93 53 111 92 83 82 54 70 69 66 103 82 110 113 111 76 100 120 80 55 52 78 85 89 60 106 103 80 52 66 64 51 94 78 94 62 64 200
889
0 200 106 59 119 89 59 117 63 66 92 92 80 50 52 51 79 101 64 57 75 67 111 108 107 89 57 61 107 109 59 60 107 95 71 116 101 91 84 84 87 115 76 91 87 120 105 85 81 85 84 108 61 115 99 117 97 64 104 68 59 104 85 98 106 53 98 79 110 108 68 94 101 118 100 64 59 97 102 99 117 94 76 93 53 88 106 75 112 57 80 53 59 67 52 70 51 117 64 107 105 81 111 83 57 66 71 88 108 59 76 81 111 85 51 54 115 106 68 113 50 94 103 65 91 75 78 88 113 103 58 99 91 58 82 52 119 94 114 66 83 68 91 51 91 78 89 79 110 79 67 98 60 71 52 115 52 87 83 77 86 97 72 113 93 97 115 97 96 86 94 107 86 67 71 91 88 111 73 101 77 106 95 101 119 107 61 81 91 99 99 69 70 98 97 82 100 99 61 86 68 98 68 68 87 69 105 70 55 54 81 57 55 117 67 89 50 52 113 77 111 86 67 75 86 100 98 117 105 82 60 56 92 64 77 120 68 104 51 105 115 89 109 54 106 110 92 82 119 66 84 98 113 73 95 91 116 82 100 110 96 57 101 63 96 72 120 86 93 92 112 111 118 85 120 88 65 120 75 101 67 83 100 80 84 115 74 71 51 61 69 108 61 117 90 108 83 88 120 85 99 105 80 88 85 107 92 98 53 102 55 114 56 78 71 70 88 75 85 117 87 105 79 83 83 83 113 81 90 68 114 60 109 72 72 85 64 87 62 117 101 87 114 89 58 108 75 101 114 98 89 62 59 57 104 55 74 101 54 103 63 106 62 105 88 70 93 117 92 109 91 66 88 112 50 74 74 80 59 81 109 82 86 77 116 50 53 97 112 78 103 57 69 93 95 61 73 71 112 53 105 92 74 86 83 99 72 112 117 98 55 92 76 73 95 75 75 110 92 91 84 105 81 118 79 81 96 99 115 77 57 54 117 60 73 73 105 79 118 54 95 74 116 80 114 51 77 95 91 97 86 75 89 81 61 56 102 75 66 78 73 72 59 113 52 117 76 117 51 66 59 60 72 85 64 93 50 101 78 119 89 100 104 67 104 100 110 79 102 58 83 107 68 97 69 58 63 97 101 80 113 77 114 91 58 60 79 59 93 116 117 56 55 120 55 67 104 76 77 92 69 83 50 91 92 50 98 84 71 65 82 90 95 81 63 57 88 67 71 70 94 54 102 72 52 79 58 53 117 94 97 50 119 112 78 89 72 51 52 55 75 109 69 86 100 117 119 88 67 83 87 88 68 88 78 80 120 89 97 119 57 54 65 83 60 73 108 71 57 88 72 67 58 82 116 64 57 82 85 53 78 96 59 113 72 113 78 117 64 90 86 90 71 108 69 60 71 109 96 80 81 55 75 85 53 102 114 73 56 86 58 55 100 72 84 96 88 90 105 119 94 119 119 71 101 104 73 59 111 72 78 83 110 78 85 73 94 52 57 119 76 83 86 71 54 57 51 68 83 78 86 105 97 102 76 113 65 52 88 89 78 113 116 106 109 113 70 86 61 118 105 94 71 79 55 69 57 97 91 54 60 102 109 81 69 89 74 53 105 82 78 59 79 99 95 57 80 65 111 113 69 62 68 62 95 94 105 66 106 106 100 74 98 92 67 85 78 82 102 83 102 57 78 62 97 90 102 79 79 100 118 68 85 74 66 58 95 96 68 68 97 82 84 59 60 95 52 61 94 116 104 83 60 87 56 101 89 74 61 103 96 55 84 55 109 66 87 90 82 93 83 76 113 95 106 107 57 59 55 99 104 77 52 53 56 106 75 113 77 98 110 87 91 67 96 85 71 62 79 53 60 87 115 96 102 116 97 66 78 103 56 92 117 56 118 65 66 114 96 98 57 89 77 91 117 52 93 87 85 64 68 77 96 55 58 103 69 116 118 120 69 105 119 106 59 92 120 90 118 73 56 71 82 59 69 58 65 118 79 100 97 54 54 73 96 76 114 82 200
370
116 143 122 70 28 50 193 117 31 85 14 28 178 164 192 53 34 83 134 161 157 83 65 154 80 124 18 47 29 112 180 111 164 39 195 3 138 148 95 49 49 111 29 79 195 102 170 16 59 85 175 133 115 161 115 91 34 121 53 32 183 28 100 67 94 131 59 138 59 154 24 83 56 95 195 163 151 40 144 107 23 106 166 111 198 74 11 39 178 132 44 159 25 166 114 127 30 123 4 133 60 68 29 54 143 145 170 92 13 152 198 91 156 183 176 70 133 3 64 186 26 25 129 184 69 174 120 126 186 182 166 187 176 50 140 153 138 56 121 68 154 96 99 169 50 127 113 15 103 110 122 184 23 143 118 80 122 100 135 129 180 180 125 189 143 173 106 142 40 113 93 126 89 176 130 186 200 82 132 100 137 100 188 35 135 29 77 55 130 4 131 150 91 185 172 28 187 191 199 27 48 43 149 33 79 126 194 112 24 99 76 23 87 41 108 57 59 92 25 180 72 149 186 184 25 164 10 139 66 134 71 135 132 132 81 66 128 55 154 195 140 76 168 170 164 135 80 53 48 45 49 6 190 111 46 76 179 164 90 135 72 136 15 156 167 127 73 198 86 104 123 142 137 131 152 82 28 89 104 191 159 77 169 9 200 29 52 60 51 186 180 46 14 46 85 140 157 57 192 24 87 175 140 101 136 161 11 7 167 151 72 117 190 122 126 131 17 150 18 185 119 152 140 59 147 175 178 153 139 62 92 179 4 192 175 25 156 73 197 17 189 194 103 89 77 112 69 8 198 122 115 8 43 14 192 50 54 171 160 40 142 149 167 120 6 2 130 10 180 118
619
0 0 0 0 0 0 0 0 0 0 0 0 0 0 0 0 0 0 0 0 0 0 0 0 0 0 0 0 0 0 0 0 0 0 0 0 0 0 0 0 0 0 0 0 0 0 0 0 0 0 0 0 0 0 0 0 0 0 0 0 0 0 0 0 0 0 0 0 0 0 0 0 0 0 0 0 0 0 0 0 0 0 0 0 0 0 0 0 0 0 0 0 0 0 0 0 0 0 0 0 0 0 0 0 0 0 0 0 0 0 0 0 0 0 0 0 0 0 0 0 0 0 0 0 0 0 0 0 0 0 0 0 0 0 0 0 0 0 0 0 0 0 0 0 0 0 0 0 0 0 0 0 0 0 0 0 0 0 0 0 0 0 0 0 0 0 0 0 0 0 0 0 0 0 0 0 0 0 0 0 0 0 0 0 0 0 0 0 0 0 0 0 0 0 0 0 0 0 0 0 0 0 0 0 0 0 0 0 0 0 0 0 0 0 0 0 0 0 0 0 0 0 0 0 0 0 0 0 0 0 0 0 0 0 0 0 0 0 0 0 0 0 0 0 0 0 0 0 0 0 0 0 0 0 0 0 0 0 0 0 0 0 0 0 0 0 0 0 0 0 0 0 0 0 0 0 0 0 0 0 0 0 0 0 0 0 0 0 0 0 0 0 0 0 0 0 0 0 0 0 0 0 0 0 0 0 0 0 0 0 0 0 0 0 0 0 0 0 0 0 0 0 0 0 0 0 0 0 0 0 0 0 0 0 0 0 0 0 0 0 0 0 0 0 0 0 0 0 0 0 0 0 0 0 0 0 0 0 0 0 0 0 0 0 0 0 0 0 0 0 0 0 0 0 0 0 0 0 0 0 0 0 0 0 0 0 0 0 0 0 0 0 0 0 0 0 0 0 0 0 0 0 0 0 0 0 0 0 0 0 0 0 0 0 0 0 0 0 0 0 0 0 0 0 0 0 0 0 0 0 0 0 0 0 0 0 0 0 0 0 0 0 0 0 0 0 0 0 0 0 0 0 0 0 0 0 0 0 0 0 0 0 0 0 0 0 0 0 0 0 0 0 0 0 0 0 0 0 0 0 0 0 0 0 0 0 0 0 0 0 0 0 0 0 0 0 0 0 0 0 0 0 0 0 0 0 0 0 0 0 0 0 0 0 0 0 0 0 0 0 0 0 0 0 0 0 0 0 0 0 0 0 0 0 0 0 0 0 0 0 0 0 0 0 0 0 0 0 0 0 0 0 0 0 0 0 0 0 0 0 0 0 0 0 0 0 0 0 0 0 0 0 0 0 0 0 0 0 0 0 0 0 0 0 0 0 0 0 0 0 0 0 0 0 0 0 0 0 0 0 0 0 0 0 0 0 0 0 0 0 0 0 0 0 0 0 0 0 0
129
56 56 74 8 55 165 184 152 92 33 137 115 63 154 144 172 128 168 8 8 107 110 100 34 40 29 103 95 145 110 66 60 43 175 36 31 14 12 134 55 154 196 104 137 53 86 55 94 159 23 152 68 129 147 192 171 151 147 147 193 100 42 186 63 72 100 131 19 116 163 20 94 123 157 187 182 184 151 68 107 23 74 81 106 128 175 119 74 24 121 27 166 69 159 70 65 148 159 44 60 140 42 45 2 156 15 128 29 123 89 100 153 42 176 26 18 85 89 105 151 76 118 161 197 12 54 38 180 112
18
8 88 8 161 3 3 160 153 161 3 3 3 8 153 8 3 3 88
70
12 52 154 35 102 133 152 178 42 120 5 21 86 10 74 23 58 150 61 40 111 192 77 190 90 195 168 131 193 65 158 104 93 134 86 170 93 159 149 196 176 146 129 194 73 40 35 159 117 15 32 70 17 114 6 170 136 28 84 181 117 196 125 53 69 32 136 117 136 40
652
155 155 114 155 112 112 155 112 155 112 155 114 114 114 112 155 114 114 114 112 155 112 114 114 114 114 112 155 112 112 112 112 155 112 112 155 114 155 114 114 114 155 112 112 155 112 155 114 112 155 112 114 155 112 155 114 155 112 114 114 112 112 155 114 114 114 114 114 112 155 114 112 155 114 114 114 112 155 112 114 155 112 114 155 155 155 114 114 112 112 112 112 112 155 114 112 155 114 114 155 114 155 155 114 112 155 155 114 112 112 155 112 155 114 112 155 155 112 155 114 112 114 155 114 112 112 114 112 114 112 112 114 114 114 114 114 155 155 114 155 155 112 155 155 114 112 114 155 112 112 114 114 155 114 155 114 114 155 114 155 114 155 155 112 112 155 155 155 112 112 155 155 155 155 112 155 114 114 112 155 114 114 114 112 114 114 155 112 114 114 155 112 114 155 155 155 114 114 112 114 155 112 155 155 155 155 112 114 155 155 114 114 114 114 112 114 155 155 114 155 114 114 114 112 114 155 155 112 114 112 114 155 112 114 112 112 114 155 155 112 112 155 155 112 114 112 155 155 112 112 114 155 155 112 114 155 114 155 114 114 155 155 112 114 112 112 114 114 112 112 112 155 155 114 112 155 112 112 114 155 155 155 112 112 114 112 155 155 112 114 112 155 112 155 155 112 112 112 114 114 155 112 155 114 112 112 112 114 114 155 112 155 155 155 114 114 112 114 155 112 112 112 112 114 112 155 155 114 155 114 112 112 112 114 112 155 112 112 114 155 114 155 155 112 114 155 112 112 112 112 114 114 112 155 155 114 114 114 112 112 114 155 114 112 114 114 155 155 112 155 112 155 114 155 112 155 112 114 155 155 155 155 114 114 112 155 155 155 114 155 112 155 112 114 114 155 114 112 114 155 155 155 155 155 155 114 112 112 155 112 112 112 114 112 112 155 155 112 112 112 155 114 112 155 114 155 155 112 114 155 155 114 114 112 155 112 112 155 155 112 112 112 155 155 112 155 155 155 155 155 112 155 112 112 155 112 114 155 112 114 155 112 112 155 155 114 114 112 114 114 112 112 114 114 155 112 114 114 155 155 112 114 114 155 114 155 155 114 112 114 114 155 155 155 155 155 114 112 112 155 112 155 114 155 155 114 155 155 155 112 114 112 112 155 114 155 114 114 114 114 112 112 155 114 114 155 112 112 114 114 112 114 155 114 114 155 114 155 112 155 114 155 112 112 155 112 112 112 114 155 155 155 112 112 155 112 155 112 155 155 114 112 112 155 114 112 112 155 114 112 155 112 114 155 155 114 114 112 112 155 114 112 112 112 155 114 114 112 112 112 114 114 114 112 114 114 112 155 155 155 155 114 114 112 112 155 155 114 114 114 112 114 155 155 114 155 155 114 112 114 114 155 155 114 155 155 112 112 155 155 112 114 155 112 114 114 155 155 155 112 112 112 112 155 114 155 112 112 114 155 112 114
557
1 15 2 5 5 16 1 13 5 10 14 7 20 4 10 10 13 1 10 16 3 19 15 18 11 2 1 1 20 18 14 8 19 2 7 2 19 11 15 8 6 20 1 18 10 17 18 18 0 12 11 6 10 0 20 19 7 8 5 1 2 8 16 13 12 9 18 6 2 3 4 3 0 18 16 10 20 15 20 0 6 8 11 5 13 3 8 14 5 9 14 11 14 3 16 13 20 10 14 19 5 9 6 3 10 8 14 11 10 8 3 9 2 10 18 7 3 6 9 4 10 9 17 4 9 17 1 1 1 6 14 10 17 3 13 20 3 19 14 1 0 17 4 20 5 6 4 3 18 1 16 5 17 14 20 15 8 11 10 16 0 18 11 8 2 10 16 16 18 13 19 8 17 3 1 6 20 11 8 7 9 1 9 19 5 9 14 8 19 13 19 6 4 18 1 4 12 15 0 3 14 1 9 11 12 9 10 14 1 8 10 18 12 18 13 17 15 15 7 20 17 0 17 16 9 0 4 1 4 13 14 2 2 15 18 9 15 3 20 4 19 7 8 20 16 1 2 3 17 20 0 8 4 17 13 0 14 17 4 13 5 2 18 1 5 14 16 18 15 8 14 17 17 9 20 8 20 17 15 2 3 15 1 17 4 4 1 3 2 4 8 2 16 1 17 4 10 7 20 1 0 5 7 4 1 0 16 8 12 19 10 8 9 10 10 11 12 8 0 3 10 4 10 12 10 9 2 19 13 2 16 13 3 19 8 1 0 17 2 17 13 16 6 5 12 15 14 4 11 19 13 10 3 16 0 14 0 12 14 13 11 10 19 12 15 9 16 19 7 10 15 8 15 8 11 11 6 15 7 2 19 5 3 0 3 2 6 19 4 19 6 1 2 1 11 10 13 9 20 11 16 8 9 4 4 19 18 7 7 17 0 17 6 17 3 2 13 19 8 8 1 16 19 9 6 4 5 18 6 11 11 8 20 15 15 15 17 9 10 20 15 15 13 13 19 8 20 19 9 15 5 18 5 18 16 8 0 16 14 11 13 3 4 12 14 8 20 18 1 16 19 20 8 3 4 16 11 1 6 1 18 11 4 14 3 18 6 6 2 12 12 9 6 17 13 18 9 11 10 0 13 15 1 6 18 14 2 7 18 20 2 2 10 13 8 2 18 3 13 6 1 4 19 8 4 16 1 12 9 13 15 18 2 10 4 17 3 15 1 20 4 20 6 13 14 20 1 3 8 19 6 11 13 15 8 11 19
513
123 109 123 123 52 123 52 109 123 52 152 152 109 123 123 123 4 52 152 152 4 152 109 123 52 109 52 52 109 4 4 4 52 52 152 52 4 4 152 123 52 152 52 4 109 109 152 4 123 4 52 152 4 4 52 52 52 109 152 152 109 152 52 152 4 4 4 152 152 123 123 152 109 52 152 4 109 152 109 52 123 152 4 109 152 123 4 152 4 4 52 4 109 152 123 4 123 52 52 152 52 152 4 123 109 109 123 4 4 152 52 4 109 109 52 4 52 4 52 152 152 152 123 123 52 4 109 4 109 52 109 152 4 4 4 109 123 4 52 123 4 109 152 109 52 4 152 4 52 152 4 152 109 123 4 52 123 109 152 123 152 52 152 4 152 109 152 52 4 152 4 152 4 52 52 123 109 109 109 4 109 52 52 152 123 4 152 4 4 109 4 109 109 4 123 152 4 123 123 152 4 152 52 109 109 4 109 52 109 152 4 109 123 52 152 123 109 123 152 52 123 123 123 52 4 4 123 52 4 109 123 152 4 123 109 123 123 123 109 123 152 52 52 123 52 152 123 4 152 52 52 4 123 152 152 4 123 52 152 109 109 4 52 123 52 123 109 52 109 52 109 4 4 52 123 123 4 123 123 123 52 4 123 123 123 123 152 52 152 123 123 109 52 123 109 123 152 109 109 52 152 152 4 152 109 123 109 52 109 4 109 152 4 52 4 152 109 4 152 52 152 52 152 52 52 4 123 52 123 123 52 152 109 52 123 109 52 109 109 123 123 123 4 109 52 4 123 123 123 152 123 152 123 152 123 152 152 4 4 52 109 4 4 4 109 123 123 52 109 4 123 52 123 152 4 109 52 52 123 109 52 123 123 152 4 109 109 152 123 123 52 109 152 152 4 52 52 123 4 123 4 109 4 4 109 123 152 123 4 4 152 52 109 123 4 152 109 4 109 123 123 109 152 123 152 123 4 123 123 4 109 109 109 52 109 4 123 52 109 123 4 152 109 4 152 152 152 52 4 123 152 123 52 123 4 52 123 152 52 109 123 109 123 109 109 4 123 109 109 109 152 52 4 152 123 4 123 52 109 152 123 4 123 123 4 152 4 152 52 123 109 109 109 52 109 109 123 152 123 4 123 109 109 152 152 52 52 152 4 152 52 152 4
290
94 106 137 13 63 75 147 25 150 26 164 32 153 26 6 192 61 106 181 34 74 148 19 1 127 192 34 113 38 168 199 28 56 156 149 8 12 6 167 30 23 111 63 33 194 172 97 57 148 83 56 34 107 69 138 131 96 17 106 6 2 89 98 90 49 69 41 193 90 148 166 64 159 19 148 64 56 99 143 38 9 22 102 105 160 174 5 0 96 134 160 8 10 20 87 173 179 156 179 91 56 195 30 75 78 132 58 110 71 126 195 38 73 112 141 54 168 94 141 181 197 111 20 38 31 177 14 15 9 78 21 41 14 155 69 20 50 88 9 79 38 1 164 61 43 144 40 69 127 196 17 48 153 151 171 99 164 116 94 200 62 195 12 35 3 82 175 60 145 68 75 38 59 28 102 13 170 0 164 39 49 94 116 50 145 90 163 181 188 26 93 66 53 132 63 159 147 68 27 24 127 42 197 182 30 104 104 192 156 180 42 170 152 102 131 5 130 184 103 31 154 160 199 17 118 154 17 195 125 182 192 198 78 67 47 135 95 59 143 108 97 139 122 198 158 126 191 180 112 121 184 198 20 26 32 166 164 114 33 200 46 184 58 67 81 29 2 135 154 114 52 74 165 10 184 73 4 168 199 39 58 28 125 108 113 165 3 58 64 55
474
0 0 0 0 0 0 0 0 0 0 0 0 0 0 0 0 0 0 0 0 0 0 0 0 0 0 0 0 0 0 0 0 0 0 0 0 0 0 0 0 0 0 0 0 0 0 0 0 0 0 0 0 0 0 0 0 0 0 0 0 0 0 0 0 0 0 0 0 0 0 0 0 0 0 0 0 0 0 0 0 0 0 0 0 0 0 0 0 0 0 0 0 0 0 0 0 0 0 0 0 0 0 0 0 0 0 0 0 0 0 0 0 0 0 0 0 0 0 0 0 0 0 0 0 0 0 0 0 0 0 0 0 0 0 0 0 0 0 0 0 0 0 0 0 0 0 0 0 0 0 0 0 0 0 0 0 0 0 0 0 0 0 0 0 0 0 0 0 0 0 0 0 0 0 0 0 0 0 0 0 0 0 0 0 0 0 0 0 0 0 0 0 0 0 0 0 0 0 0 0 0 0 0 0 0 0 0 0 0 0 0 0 0 0 0 0 0 0 0 0 0 0 0 0 0 0 0 0 0 0 0 0 0 0 0 0 0 0 0 0 0 0 0 0 0 0 0 0 0 0 0 0 0 0 0 0 0 0 0 0 0 0 0 0 0 0 0 0 0 0 0 0 0 0 0 0 0 0 0 0 0 0 0 0 0 0 0 0 0 0 0 0 0 0 0 0 0 0 0 0 0 0 0 0 0 0 0 0 0 0 0 0 0 0 0 0 0 0 0 0 0 0 0 0 0 0 0 0 0 0 0 0 0 0 0 0 0 0 0 0 0 0 0 0 0 0 0 0 0 0 0 0 0 0 0 0 0 0 0 0 0 0 0 0 0 0 0 0 0 0 0 0 0 0 0 0 0 0 0 0 0 0 0 0 0 0 0 0 0 0 0 0 0 0 0 0 0 0 0 0 0 0 0 0 0 0 0 0 0 0 0 0 0 0 0 0 0 0 0 0 0 0 0 0 0 0 0 0 0 0 0 0 0 0 0 0 0 0 0 0 0 0 0 0 0 0 0 0 0 0 0 0 0 0 0 0 0 0 0 0 0 0 0 0 0 0 0 0 0 0 0 0 0 0
192
0 194 3 198 13 17 16 17 5 15 0 190 170 15 159 4 7 4 12 1 7 3 18 5 10 183 159 1 13 6 3 13 15 0 14 150 15 170 7 191 2 180 16 1 0 15 20 9 11 12 12 9 16 163 5 7 171 4 6 12 155 17 9 20 190 2 19 184 191 13 5 6 20 13 7 9 197 3 6 12 19 19 198 7 1 19 1 12 181 150 10 16 155 18 178 7 17 150 3 11 12 11 19 162 0 164 152 7 7 14 1 15 8 3 17 0 13 20 189 20 1 18 0 192 0 4 8 199 5 9 4 14 185 176 2 16 18 194 2 2 152 19 17 1 7 18 16 11 18 173 15 17 1 9 4 154 9 8 173 5 16 15 12 13 2 5 8 1 16 6 19 6 4 17 8 2 4 17 17 13 17 17 5 20 8 16 197 155 11 0 14 12
386
0 200 69 55 53 74 116 68 110 73 110 104 116 65 85 53 115 52 117 103 81 81 117 88 53 99 72 75 116 107 91 50 112 62 98 103 54 107 64 96 105 90 88 84 82 61 92 65 115 93 98 64 113 64 55 88 71 99 106 91 106 64 77 79 95 100 120 80 109 58 88 95 98 102 62 84 61 81 58 58 113 85 108 79 111 99 59 99 97 62 108 115 97 109 80 119 98 78 78 83 120 92 75 62 109 109 63 98 59 73 67 117 111 73 103 92 68 112 81 85 83 72 114 98 76 50 115 120 94 115 110 104 114 56 85 113 72 62 110 72 116 50 69 80 106 88 118 119 85 76 61 118 105 93 75 86 105 66 76 75 98 82 89 117 58 58 89 116 58 98 99 51 69 95 102 60 77 97 91 106 78 88 70 115 69 100 120 50 68 54 88 60 90 51 103 55 116 84 78 84 57 96 77 81 120 74 119 96 55 50 58 88 108 89 113 57 51 57 101 53 62 81 56 103 118 79 89 96 87 90 109 56 66 110 62 64 53 83 77 84 67 82 74 63 67 50 91 77 76 68 84 119 82 117 108 75 86 60 111 62 114 87 74 102 71 110 108 115 73 79 103 77 75 95 118 51 60 101 65 75 103 114 51 105 114 55 107 55 74 117 112 109 78 112 60 55 64 70 73 114 90 103 62 101 72 99 77 59 80 52 90 105 68 56 92 64 60 59 59 84 50 74 116 54 79 89 51 98 96 84 75 98 66 116 89 109 81 57 87 59 100 88 53 78 74 101 112 90 50 64 63 60 86 70 98 105 55 103 93 116 75 77 57 107 110 89 94 88 71 73 119 55 101 68 102 116 111 100 71 74 85 78 96 110 111 200
213
5 159 11 0 20 2 8 14 1 18 14 10 177 13 4 13 16 2 2 7 178 8 7 20 15 17 9 12 1 3 186 156 7 4 2 7 153 20 9 13 11 18 3 19 198 20 18 12 0 6 4 14 3 16 17 4 197 197 170 160 9 4 20 16 5 6 179 18 2 184 18 7 180 1 5 14 188 14 9 20 6 12 19 176 0 171 1 193 20 9 8 196 10 0 181 11 0 1 17 16 12 11 3 5 6 3 17 1 20 166 10 20 9 7 190 151 12 19 20 10 3 18 18 0 8 6 166 165 8 12 16 14 16 5 20 178 15 5 18 3 0 158 177 7 8 194 15 150 9 20 17 16 3 183 7 176 172 13 195 179 5 1 0 6 189 9 5 7 7 190 9 5 2 150 19 19 12 18 16 20 6 9 2 18 4 20 17 192 14 17 8 16 18 9 16 2 2 10 16 9 20 1 15 186 12 165 181 11 3 1 3 5 17
39
200 200 200 200 200 200 200 200 200 200 200 200 200 200 200 200 200 200 200 200 200 200 200 200 200 200 200 200 200 200 200 200 200 200 200 200 200 200 200
395
18 7 14 5 15 1 16 0 20 18 4 15 19 16 3 15 17 20 18 17 12 5 7 15 20 7 4 14 19 16 11 7 13 10 3 6 4 3 19 5 15 15 14 14 8 11 19 13 11 14 14 4 14 20 13 17 0 14 17 0 13 10 6 4 16 18 5 16 8 8 2 14 2 3 6 15 7 3 6 16 20 15 11 16 16 9 4 4 5 1 15 18 3 18 4 8 8 5 17 20 20 10 14 4 5 8 9 19 1 1 17 20 10 14 13 10 12 14 6 2 5 17 4 0 1 3 12 7 4 4 14 3 19 14 5 18 9 17 5 5 3 16 12 7 18 12 2 2 5 17 16 9 3 11 20 14 3 14 2 16 5 18 8 4 14 4 2 15 7 16 15 0 6 10 12 2 16 4 2 11 9 17 1 0 20 2 4 0 20 12 4 2 11 10 0 14 8 7 1 16 6 20 15 6 18 0 16 0 12 7 12 12 1 13 13 1 4 18 5 14 11 2 13 6 19 12 2 17 4 15 7 10 3 12 12 7 2 18 16 15 3 16 6 9 8 5 0 0 11 6 9 5 20 5 20 16 7 2 10 20 12 6 16 0 12 20 10 6 20 19 4 12 1 9 1 14 0 11 7 7 11 12 19 4 7 11 18 18 5 16 9 13 5 6 13 12 0 14 9 10 6 5 20 5 19 2 15 2 6 6 2 7 12 5 19 17 3 15 5 20 17 20 8 14 4 17 12 4 3 2 18 16 19 13 9 7 17 18 17 11 4 14 2 1 6 10 18 19 8 7 1 8 9 17 5 10 0 3 8 5 9 10 7 9 18 4 12 17 4 10 6 10 20 10 15 0 2 3 14 10 1 3 7 9 17 4 2 15 3 1 0 6 15 1 16
775
2 142 142 145 2 2 145 2 142 2 2 145 142 145 2 145 145 142 145 2 142 145 2 142 142 142 145 2 2 2 142 142 2 142 142 2 145 2 145 2 145 142 2 142 145 142 2 2 2 142 2 145 2 145 2 142 142 145 145 145 145 145 2 2 142 2 2 2 145 145 2 142 142 145 142 2 2 2 142 2 142 145 142 2 2 142 142 142 145 142 142 2 142 145 142 2 145 142 142 145 145 142 142 142 2 145 2 145 2 142 145 142 2 145 2 142 2 145 145 2 145 2 2 2 142 2 2 142 142 2 142 2 2 142 145 142 2 2 142 145 2 142 142 142 2 2 145 2 2 145 2 145 2 142 145 145 145 145 145 2 142 2 145 2 142 145 2 2 142 142 145 142 145 2 142 142 2 142 2 142 142 142 2 145 142 2 142 2 145 142 142 142 145 145 145 142 145 142 2 145 2 145 145 2 142 142 2 2 2 2 142 2 142 145 145 145 145 142 145 142 142 145 145 142 145 145 145 142 142 142 2 142 142 142 2 142 2 2 145 142 2 2 2 2 142 2 2 142 2 142 2 2 142 142 145 145 2 2 145 142 142 142 145 145 145 142 2 2 145 142 2 2 142 145 142 142 2 2 2 2 145 2 2 2 142 145 142 142 142 2 2 2 145 2 142 142 145 142 142 142 142 2 2 2 142 142 2 145 142 145 142 145 142 142 145 145 142 145 145 2 145 142 142 142 142 2 142 142 2 145 142 145 2 145 2 145 2 142 142 142 142 2 142 145 142 2 142 2 2 145 142 142 2 2 2 145 145 142 2 142 142 2 145 145 2 142 142 2 142 142 145 145 2 142 2 145 142 2 142 2 2 142 145 2 145 2 145 145 2 2 145 145 142 2 2 2 142 145 2 2 142 142 142 2 142 142 2 2 145 145 142 2 142 142 142 2 2 145 142 142 145 145 2 145 2 145 2 2 142 145 2 2 142 2 142 2 2 145 145 2 142 2 2 2 145 145 2 145 145 142 145 142 2 2 142 145 145 2 145 142 142 142 145 2 2 142 142 145 145 142 2 2 145 2 145 142 145 2 142 145 145 2 145 145 142 145 142 142 142 142 2 145 142 142 145 145 2 2 2 145 145 2 2 2 142 142 145 142 2 2 142 2 142 145 2 142 145 145 2 142 2 145 142 2 145 2 142 145 142 145 142 2 142 142 2 145 142 2 142 142 142 145 2 142 2 145 142 2 2 145 145 2 145 2 142 2 145 142 2 145 2 2 145 145 142 142 142 2 2 145 2 145 145 2 145 2 142 145 145 2 145 2 2 145 145 145 2 2 2 2 142 145 2 142 145 142 2 2 145 2 2 142 2 142 145 2 142 145 145 142 2 142 145 2 142 2 145 145 2 2 2 145 145 142 142 2 145 145 142 142 145 2 142 2 145 142 2 145 142 142 2 2 145 145 142 145 142 2 145 142 142 142 142 145 2 145 145 142 145 145 142 145 142 145 145 2 2 2 145 2 142 142 2 145 145 2 145 2 145 2 142 142 145 145 145 142 145 2 142 145 2 2 142 142 142 2 2 142 2 2 145 145 142 142 142 142 2 142 2 145 2 142 145 142 145 145 142 142 2 145 145 2 145 2 142 145 142 145 2 142 2 145 142 2 145 2 2 2 2 142 145 145 142 145 145 2 2 2 142 2 142 2 142 142 2 2 142 2 145 145 2 142 145 2 145 145 145 2 145 145 2 145 142 2 145
857
192 32 194 32 32 192 32 194 192 32 192 32 32 192 192 32 194 194 192 194 32 192 32 32 194 192 192 194 32 194 194 32 194 192 192 32 192 194 32 192 32 194 192 32 32 32 192 194 192 194 194 192 192 192 192 194 32 32 194 194 194 32 194 192 192 192 194 192 194 192 194 194 32 192 192 194 32 194 194 32 192 192 192 32 192 194 32 192 32 32 192 32 32 194 192 32 32 32 194 192 194 32 192 32 32 192 192 194 32 194 192 192 32 192 194 194 192 32 192 32 192 32 194 194 192 192 192 192 192 194 194 194 194 192 194 192 194 192 192 192 194 32 192 194 194 192 194 194 194 194 32 194 32 32 32 194 192 32 32 192 32 192 194 32 192 192 32 192 192 32 194 32 192 194 32 194 192 32 192 32 194 32 32 194 194 194 192 32 192 192 32 194 32 194 194 192 32 32 192 194 192 194 192 194 192 32 194 192 194 194 192 194 32 32 32 192 192 194 192 194 32 32 194 32 194 194 192 194 32 32 192 32 32 194 192 194 194 194 194 194 194 192 192 32 194 32 194 32 192 192 194 32 192 194 192 192 32 192 192 32 32 32 32 194 32 192 32 32 192 32 192 32 192 192 194 32 194 194 194 32 32 192 192 192 192 192 192 192 192 32 32 192 32 192 194 32 32 192 194 32 32 32 194 32 192 194 32 194 192 194 32 192 192 194 192 192 194 192 32 192 192 32 32 32 194 194 192 32 194 194 192 194 194 32 32 192 192 32 32 32 192 32 192 32 192 192 194 32 192 192 32 194 194 194 194 192 192 192 32 194 192 32 32 194 194 192 194 192 192 194 194 32 194 192 32 194 194 194 32 192 32 192 32 194 194 192 32 32 192 194 32 194 32 32 32 32 194 32 194 192 192 194 192 194 194 194 194 194 32 192 32 32 32 192 192 192 194 194 194 32 32 32 192 32 192 194 192 194 32 192 32 194 192 192 32 194 194 32 32 194 194 32 32 32 194 32 192 194 194 32 32 194 32 192 194 32 32 194 194 192 192 32 32 194 32 194 192 32 32 194 192 192 32 192 32 32 194 194 192 192 194 194 192 194 192 194 192 194 32 192 192 194 192 32 32 192 32 194 194 192 194 194 194 194 192 194 32 32 192 194 192 32 192 32 32 194 194 32 192 194 194 192 194 194 194 194 32 194 32 194 192 32 32 194 192 192 192 32 194 194 192 194 194 194 32 32 192 192 192 32 194 192 192 192 32 194 194 32 32 194 32 32 32 32 194 32 194 192 194 32 194 194 194 192 194 194 192 194 192 192 194 194 32 32 194 194 32 32 194 192 192 32 194 192 194 32 194 32 194 32 192 192 192 194 194 192 32 194 192 194 192 194 192 32 192 32 194 194 194 32 32 194 32 32 192 192 32 194 192 32 194 194 32 32 32 32 194 192 192 32 194 32 194 192 194 194 192 32 32 194 32 192 194 192 194 32 192 194 192 32 192 32 32 194 32 32 194 32 194 194 194 194 194 192 194 192 192 192 192 32 32 32 194 194 194 192 194 192 194 32 192 192 194 194 32 32 32 192 192 194 32 192 32 32 32 32 32 194 32 32 32 194 192 194 194 194 194 32 194 32 32 32 194 192 32 192 32 32 32 32 194 194 32 192 194 194 192 32 32 192 192 194 194 192 32 192 192 32 192 192 192 192 194 32 32 192 32 32 32 192 32 192 192 194 192 194 194 194 192 194 192 192 192 32 32 192 194 32 194 192 192 192 32 32 194 192 192 192 194 192 194 32 192 194 192 192 192 32 192 32 194 192 192 194 194 194 32 192 194 192 32 194 194 192 32 32 192 32 192 32 192 194 32 194 194 194 194 192 194 192 192 192 192 32 194 194 192 192 32 32 192 192 192 32 32 194 192 194 194 32 194 32 32 32 194 32 194
382
0 200 95 97 117 79 105 115 80 56 116 110 62 75 114 80 98 99 53 51 50 105 59 92 84 118 96 120 55 83 74 113 115 75 66 80 93 119 88 110 75 50 62 107 99 72 116 67 56 99 107 55 113 69 55 77 113 59 72 109 64 104 96 87 97 107 102 62 92 51 52 111 82 74 113 104 92 76 62 98 105 73 101 67 113 120 81 72 55 82 94 85 62 95 73 109 58 92 54 52 105 78 97 95 66 51 91 95 100 73 92 63 112 71 60 78 102 117 68 108 60 78 69 60 56 109 78 79 68 80 59 54 120 106 80 59 67 116 85 55 57 101 90 75 57 53 60 75 52 81 117 120 78 52 73 85 86 89 106 71 68 81 56 92 79 55 93 93 113 101 104 63 64 97 80 109 84 66 89 71 109 95 104 71 99 96 109 60 82 53 111 93 56 85 112 86 108 64 85 71 115 88 73 112 61 74 73 101 113 80 83 70 62 77 57 118 78 78 109 103 53 114 76 104 104 103 69 77 117 57 64 55 91 98 114 84 109 53 59 56 90 76 90 120 71 59 66 89 107 83 94 60 67 95 98 60 76 111 90 106 112 100 85 100 117 94 62 108 119 85 78 85 58 94 54 109 116 102 118 74 97 81 111 100 89 115 91 96 87 102 57 53 73 86 73 75 58 119 87 62 78 111 67 62 119 112 52 71 84 89 118 98 70 103 65 65 111 57 69 110 117 109 79 118 84 88 76 101 88 54 72 118 51 62 80 96 113 84 67 73 53 54 116 103 97 108 78 120 64 61 58 108 61 78 81 82 107 89 109 92 69 69 77 80 106 111 87 70 67 105 61 74 68 100 102 77 77 71 114 108 106 200
851
0 0 0 0 0 0 0 0 0 0 0 0 0 0 0 0 0 0 0 0 0 0 0 0 0 0 0 0 0 0 0 0 0 0 0 0 0 0 0 0 0 0 0 0 0 0 0 0 0 0 0 0 0 0 0 0 0 0 0 0 0 0 0 0 0 0 0 0 0 0 0 0 0 0 0 0 0 0 0 0 0 0 0 0 0 0 0 0 0 0 0 0 0 0 0 0 0 0 0 0 0 0 0 0 0 0 0 0 0 0 0 0 0 0 0 0 0 0 0 0 0 0 0 0 0 0 0 0 0 0 0 0 0 0 0 0 0 0 0 0 0 0 0 0 0 0 0 0 0 0 0 0 0 0 0 0 0 0 0 0 0 0 0 0 0 0 0 0 0 0 0 0 0 0 0 0 0 0 0 0 0 0 0 0 0 0 0 0 0 0 0 0 0 0 0 0 0 0 0 0 0 0 0 0 0 0 0 0 0 0 0 0 0 0 0 0 0 0 0 0 0 0 0 0 0 0 0 0 0 0 0 0 0 0 0 0 0 0 0 0 0 0 0 0 0 0 0 0 0 0 0 0 0 0 0 0 0 0 0 0 0 0 0 0 0 0 0 0 0 0 0 0 0 0 0 0 0 0 0 0 0 0 0 0 0 0 0 0 0 0 0 0 0 0 0 0 0 0 0 0 0 0 0 0 0 0 0 0 0 0 0 0 0 0 0 0 0 0 0 0 0 0 0 0 0 0 0 0 0 0 0 0 0 0 0 0 0 0 0 0 0 0 0 0 0 0 0 0 0 0 0 0 0 0 0 0 0 0 0 0 0 0 0 0 0 0 0 0 0 0 0 0 0 0 0 0 0 0 0 0 0 0 0 0 0 0 0 0 0 0 0 0 0 0 0 0 0 0 0 0 0 0 0 0 0 0 0 0 0 0 0 0 0 0 0 0 0 0 0 0 0 0 0 0 0 0 0 0 0 0 0 0 0 0 0 0 0 0 0 0 0 0 0 0 0 0 0 0 0 0 0 0 0 0 0 0 0 0 0 0 0 0 0 0 0 0 0 0 0 0 0 0 0 0 0 0 0 0 0 0 0 0 0 0 0 0 0 0 0 0 0 0 0 0 0 0 0 0 0 0 0 0 0 0 0 0 0 0 0 0 0 0 0 0 0 0 0 0 0 0 0 0 0 0 0 0 0 0 0 0 0 0 0 0 0 0 0 0 0 0 0 0 0 0 0 0 0 0 0 0 0 0 0 0 0 0 0 0 0 0 0 0 0 0 0 0 0 0 0 0 0 0 0 0 0 0 0 0 0 0 0 0 0 0 0 0 0 0 0 0 0 0 0 0 0 0 0 0 0 0 0 0 0 0 0 0 0 0 0 0 0 0 0 0 0 0 0 0 0 0 0 0 0 0 0 0 0 0 0 0 0 0 0 0 0 0 0 0 0 0 0 0 0 0 0 0 0 0 0 0 0 0 0 0 0 0 0 0 0 0 0 0 0 0 0 0 0 0 0 0 0 0 0 0 0 0 0 0 0 0 0 0 0 0 0 0 0 0 0 0 0 0 0 0 0 0 0 0 0 0 0 0 0 0 0 0 0 0 0 0 0 0 0 0 0 0 0 0 0 0 0 0 0 0 0 0 0 0 0 0 0 0 0 0 0 0 0 0 0 0 0 0 0 0 0 0 0 0 0 0 0 0 0 0 0 0 0 0 0 0 0 0 0 0 0 0 0 0 0 0 0 0 0 0 0 0 0 0 0 0 0 0 0 0 0 0 0 0 0 0 0 0 0 0 0 0 0 0 0 0 0 0 0 0 0 0 0 0 0 0 0 0 0 0 0 0 0 0 0 0 0 0 0 0 0 0 0 0 0 0 0 0 0 0 0 0 0 0 0 0 0 0 0 0 0 0 0 0 0 0 0
600
0 200 84 62 95 60 56 111 108 76 68 96 57 84 117 82 92 78 57 87 106 86 63 52 66 120 62 78 106 83 73 80 59 68 81 57 117 79 56 89 89 70 67 89 62 64 97 95 118 82 96 77 58 70 55 105 74 96 73 80 92 104 119 95 115 79 111 94 116 63 71 109 67 103 87 61 108 91 79 107 62 62 75 84 111 117 80 85 54 71 83 56 89 70 103 86 79 81 73 116 94 89 93 74 63 68 114 55 95 120 78 71 68 98 98 54 79 109 109 92 119 97 63 79 108 66 52 62 78 104 105 93 119 111 97 76 96 66 113 53 80 81 50 104 53 97 113 65 105 70 75 78 74 75 71 64 120 78 102 97 94 94 95 119 76 79 52 116 92 90 78 73 98 112 92 74 78 75 109 102 54 56 88 94 111 104 53 72 66 97 108 63 109 65 71 54 101 102 82 116 79 115 54 93 111 97 53 87 97 106 119 80 84 107 63 70 102 77 75 70 111 76 62 78 86 84 51 98 111 58 95 120 93 53 55 57 116 68 96 50 84 102 50 91 76 70 119 69 75 60 68 93 120 101 120 111 100 81 57 61 63 103 91 96 100 104 67 76 74 116 95 53 118 67 103 59 95 83 103 59 51 54 55 108 118 65 79 50 104 70 50 57 104 97 110 67 64 107 83 53 51 62 90 107 95 102 94 84 95 109 85 112 108 117 64 90 68 73 82 66 108 78 81 67 105 111 51 102 56 54 116 74 63 55 83 100 98 79 108 65 99 96 85 80 55 67 111 109 73 74 90 80 116 68 91 92 58 105 60 120 115 73 88 89 77 74 59 112 77 95 66 114 112 56 86 92 52 106 89 96 71 113 88 66 90 105 64 65 67 71 106 106 63 61 76 52 76 116 98 54 76 61 113 108 106 58 110 105 79 111 114 59 106 109 105 120 109 60 61 93 68 83 52 85 78 53 104 100 94 51 103 104 98 76 75 63 106 84 66 78 56 74 60 120 67 86 70 65 108 110 60 69 75 115 91 67 75 68 86 118 104 110 91 86 90 100 73 98 111 84 74 63 85 64 79 66 67 115 75 63 103 79 86 100 73 52 55 81 114 76 84 52 84 71 99 103 90 106 50 54 115 52 112 81 71 115 71 57 81 116 70 68 63 101 101 75 84 102 95 72 115 75 77 67 89 115 72 61 113 119 86 113 69 96 53 60 63 87 72 50 99 92 112 119 90 106 71 118 99 95 80 74 108 70 77 77 93 69 115 62 60 64 91 110 83 99 112 93 85 78 70 102 116 101 112 53 88 104 53 88 89 100 119 55 107 60 114 58 104 94 68 105 107 104 62 96 78 99 72 200
671
0 0 0 0 0 0 0 0 0 0 0 0 0 0 0 0 0 0 0 0 0 0 0 0 0 0 0 0 0 0 0 0 0 0 0 0 0 0 0 0 0 0 0 0 0 0 0 0 0 0 0 0 0 0 0 0 0 0 0 0 0 0 0 0 0 0 0 0 0 0 0 0 0 0 0 0 0 0 0 0 0 0 0 0 0 0 0 0 0 0 0 0 0 0 0 0 0 0 0 0 0 0 0 0 0 0 0 0 0 0 0 0 0 0 0 0 0 0 0 0 0 0 0 0 0 0 0 0 0 0 0 0 0 0 0 0 0 0 0 0 0 0 0 0 0 0 0 0 0 0 0 0 0 0 0 0 0 0 0 0 0 0 0 0 0 0 0 0 0 0 0 0 0 0 0 0 0 0 0 0 0 0 0 0 0 0 0 0 0 0 0 0 0 0 0 0 0 0 0 0 0 0 0 0 0 0 0 0 0 0 0 0 0 0 0 0 0 0 0 0 0 0 0 0 0 0 0 0 0 0 0 0 0 0 0 0 0 0 0 0 0 0 0 0 0 0 0 0 0 0 0 0 0 0 0 0 0 0 0 0 0 0 0 0 0 0 0 0 0 0 0 0 0 0 0 0 0 0 0 0 0 0 0 0 0 0 0 0 0 0 0 0 0 0 0 0 0 0 0 0 0 0 0 0 0 0 0 0 0 0 0 0 0 0 0 0 0 0 0 0 0 0 0 0 0 0 0 0 0 0 0 0 0 0 0 0 0 0 0 0 0 0 0 0 0 0 0 0 0 0 0 0 0 0 0 0 0 0 0 0 0 0 0 0 0 0 0 0 0 0 0 0 0 0 0 0 0 0 0 0 0 0 0 0 0 0 0 0 0 0 0 0 0 0 0 0 0 0 0 0 0 0 0 0 0 0 0 0 0 0 0 0 0 0 0 0 0 0 0 0 0 0 0 0 0 0 0 0 0 0 0 0 0 0 0 0 0 0 0 0 0 0 0 0 0 0 0 0 0 0 0 0 0 0 0 0 0 0 0 0 0 0 0 0 0 0 0 0 0 0 0 0 0 0 0 0 0 0 0 0 0 0 0 0 0 0 0 0 0 0 0 0 0 0 0 0 0 0 0 0 0 0 0 0 0 0 0 0 0 0 0 0 0 0 0 0 0 0 0 0 0 0 0 0 0 0 0 0 0 0 0 0 0 0 0 0 0 0 0 0 0 0 0 0 0 0 0 0 0 0 0 0 0 0 0 0 0 0 0 0 0 0 0 0 0 0 0 0 0 0 0 0 0 0 0 0 0 0 0 0 0 0 0 0 0 0 0 0 0 0 0 0 0 0 0 0 0 0 0 0 0 0 0 0 0 0 0 0 0 0 0 0 0 0 0 0 0 0 0 0 0 0 0 0 0 0 0 0 0 0 0 0 0 0 0 0 0 0 0 0 0 0 0 0 0 0 0 0 0 0 0 0 0 0 0 0 0 0 0 0 0 0 0 0 0 0 0 0 0 0 0
87
61 105 105 105 61 91 61 105 91 91 7 105 91 91 91 105 7 7 105 61 61 91 91 91 91 105 91 105 61 91 105 61 91 91 7 105 91 105 105 7 7 7 105 7 105 61 91 7 61 7 105 105 7 91 105 105 7 7 61 7 91 7 91 61 7 61 91 105 105 105 7 61 91 91 91 61 7 7 7 91 105 7 91 7 105 61 105
632
44 30 151 130 182 54 118 36 40 17 84 115 49 177 88 186 21 121 139 132 89 46 64 81 199 133 196 127 138 70 92 72 64 124 80 34 185 141 54 158 90 188 63 76 55 177 125 30 42 82 182 83 196 14 64 101 104 29 118 44 194 179 162 149 125 176 98 130 71 79 25 76 105 39 21 93 10 31 114 107 9 21 170 111 164 113 113 155 91 195 187 55 40 166 116 69 39 112 163 125 3 147 79 84 111 21 1 173 53 119 170 117 43 77 39 150 132 0 40 200 149 162 49 12 20 58 74 20 177 23 130 16 73 39 138 168 34 122 134 188 141 147 131 83 41 147 83 172 88 24 149 96 15 112 184 106 22 174 137 195 48 170 153 185 177 168 136 174 153 182 94 83 180 55 77 71 91 103 174 131 5 197 135 187 85 132 134 150 64 128 109 184 125 125 166 42 109 198 76 123 132 92 29 115 35 149 196 166 186 71 121 25 102 74 179 191 187 185 103 11 60 138 162 30 198 38 129 5 44 98 150 30 181 194 154 51 134 102 191 163 161 40 47 149 24 165 36 196 21 86 169 39 102 4 112 23 0 143 68 46 87 63 184 149 130 14 161 196 137 153 156 191 45 76 95 88 149 52 97 39 158 100 124 31 83 147 147 191 97 157 4 197 150 12 166 168 10 8 59 86 130 189 179 100 171 27 156 61 157 178 194 167 106 31 193 99 141 44 183 141 172 174 136 84 115 152 137 167 23 126 96 133 94 182 181 150 63 55 115 26 62 87 172 26 113 22 85 90 22 175 40 132 38 124 88 184 85 174 73 193 73 152 73 24 119 47 77 151 163 154 173 161 53 163 170 26 8 148 38 30 33 58 67 28 44 57 119 71 35 153 126 55 180 128 99 170 136 187 177 115 180 149 48 62 129 172 70 35 98 136 67 128 52 38 127 20 196 29 55 50 45 104 82 132 46 134 187 91 11 165 157 95 171 115 103 198 119 14 53 169 96 188 151 156 183 120 131 101 184 26 22 61 161 15 99 111 60 184 78 9 35 197 22 30 156 91 189 23 187 156 106 97 160 9 166 163 9 18 74 146 88 2 181 53 42 41 186 1 194 99 25 190 32 107 44 199 109 15 150 33 21 26 60 133 133 187 190 37 190 5 52 60 29 152 73 70 185 108 100 132 143 196 128 35 113 35 6 180 139 110 15 56 20 180 142 96 4 126 137 56 162 148 170 196 43 91 63 71 164 112 152 63 49 97 35 22 95 124 190 97 154 188 45 34 40 77 139 69 198 144 190 71 182 162 15 39 84 148 29 80 116 36 82 81 145 58 152 157 115 178 99 61 70 175 183 85 97 34 195 75 120 17 152 149 71 60 78 123 117 65 93 132 127 35 21 27 1 90 4 96 69 19 33 46 14 90 151 29 3 173 107 56
433
200 200 200 200 200 200 200 200 200 200 200 200 200 200 200 200 200 200 200 200 200 200 200 200 200 200 200 200 200 200 200 200 200 200 200 200 200 200 200 200 200 200 200 200 200 200 200 200 200 200 200 200 200 200 200 200 200 200 200 200 200 200 200 200 200 200 200 200 200 200 200 200 200 200 200 200 200 200 200 200 200 200 200 200 200 200 200 200 200 200 200 200 200 200 200 200 200 200 200 200 200 200 200 200 200 200 200 200 200 200 200 200 200 200 200 200 200 200 200 200 200 200 200 200 200 200 200 200 200 200 200 200 200 200 200 200 200 200 200 200 200 200 200 200 200 200 200 200 200 200 200 200 200 200 200 200 200 200 200 200 200 200 200 200 200 200 200 200 200 200 200 200 200 200 200 200 200 200 200 200 200 200 200 200 200 200 200 200 200 200 200 200 200 200 200 200 200 200 200 200 200 200 200 200 200 200 200 200 200 200 200 200 200 200 200 200 200 200 200 200 200 200 200 200 200 200 200 200 200 200 200 200 200 200 200 200 200 200 200 200 200 200 200 200 200 200 200 200 200 200 200 200 200 200 200 200 200 200 200 200 200 200 200 200 200 200 200 200 200 200 200 200 200 200 200 200 200 200 200 200 200 200 200 200 200 200 200 200 200 200 200 200 200 200 200 200 200 200 200 200 200 200 200 200 200 200 200 200 200 200 200 200 200 200 200 200 200 200 200 200 200 200 200 200 200 200 200 200 200 200 200 200 200 200 200 200 200 200 200 200 200 200 200 200 200 200 200 200 200 200 200 200 200 200 200 200 200 200 200 200 200 200 200 200 200 200 200 200 200 200 200 200 200 200 200 200 200 200 200 200 200 200 200 200 200 200 200 200 200 200 200 200 200 200 200 200 200 200 200 200 200 200 200 200 200 200 200 200 200 200 200 200 200 200 200 200 200 200 200 200 200 200 200 200 200 200 200 200 200 200 200 200 200
231
3 3 14 3 89 3 14 89 89 3 3 3 3 89 14 89 14 14 89 14 14 3 14 3 3 89 3 3 14 14 89 3 14 14 14 89 89 89 89 3 89 89 3 89 3 14 14 89 3 14 89 3 89 14 3 14 14 3 14 14 89 89 89 14 89 3 89 89 14 89 89 14 89 89 89 14 3 89 89 14 14 14 3 3 3 14 89 89 3 3 3 3 89 14 14 14 14 14 89 3 14 14 14 14 89 89 89 89 3 14 14 89 89 89 89 14 3 14 3 3 89 89 14 3 89 89 14 14 3 14 3 89 3 14 89 89 89 89 89 14 3 89 14 3 89 14 3 3 3 89 3 3 14 3 89 14 14 14 3 14 14 3 14 14 3 3 14 14 89 3 89 14 14 3 3 89 14 89 3 89 89 3 89 14 89 89 89 89 14 3 14 14 89 89 89 89 89 89 3 3 89 89 3 3 3 3 3 89 14 89 89 89 14 14 14 14 3 3 89 89 89 14 89 3 3 89 89 14 14 3 3
359
15 20 15 17 194 165 171 176 2 15 187 15 10 172 11 3 188 10 15 183 8 19 10 8 0 1 0 6 12 12 0 3 180 6 14 8 9 9 6 7 18 160 4 4 14 157 7 5 18 182 19 1 1 161 8 11 18 13 13 11 0 12 7 9 8 14 15 1 20 20 15 8 171 9 8 20 4 14 13 4 2 15 15 3 2 169 168 170 155 189 16 4 2 180 4 7 14 11 15 6 152 174 191 12 184 11 13 3 157 7 9 14 9 11 2 6 20 18 176 7 6 16 14 16 4 15 6 8 10 192 1 5 183 16 184 16 160 4 13 3 9 19 1 4 9 1 16 7 3 11 19 15 1 3 3 4 197 7 156 178 16 1 4 10 13 11 178 16 11 13 18 7 0 14 8 19 19 16 1 0 10 167 17 0 15 7 5 164 6 6 0 20 0 12 11 2 12 16 185 194 11 17 15 20 11 1 4 13 11 17 14 8 11 10 15 165 7 17 8 13 18 7 175 9 17 13 20 10 179 1 10 185 1 0 156 12 13 169 2 19 19 194 19 20 162 193 16 187 14 11 182 180 10 18 10 16 16 20 3 15 16 14 161 18 10 156 3 7 195 4 5 17 10 14 5 18 4 20 160 1 3 8 180 8 2 8 3 160 10 16 8 17 14 17 9 8 3 161 6 200 5 10 0 195 177 16 14 12 174 3 2 183 2 19 181 8 11 15 174 18 7 4 15 11 3 15 19 16 6 178 175 11 198 1 2 7 15 13 0 9 163 165 180 14 2 0 2 19 3 168 18 10 2 11 10 9 12 7 5
482
19 16 13 2 2 16 158 155 184 17 199 181 20 16 3 9 0 9 170 179 10 3 7 15 20 6 167 8 20 14 0 1 9 11 6 15 5 0 11 16 12 14 3 1 19 18 15 16 6 18 18 16 2 18 190 154 10 12 20 8 14 192 185 179 8 18 18 3 2 18 12 17 5 2 12 5 15 20 7 13 3 18 3 16 19 160 12 0 2 11 163 15 16 13 4 6 5 185 9 17 3 19 11 19 150 13 4 5 8 20 17 10 11 2 1 9 1 153 18 20 159 4 0 13 3 8 160 18 17 9 8 9 155 196 12 15 0 8 14 182 8 176 7 6 13 18 194 186 19 2 6 8 5 4 17 17 200 10 198 9 170 20 8 18 0 13 4 160 5 154 14 7 10 13 14 18 154 8 9 11 11 10 173 5 186 13 18 15 6 169 16 179 7 15 186 13 15 1 14 190 13 180 2 10 4 14 9 0 19 12 7 172 4 12 13 20 12 14 150 2 10 155 17 197 17 12 2 171 19 5 6 5 15 16 155 0 154 5 8 9 176 10 0 10 20 5 4 200 175 5 168 2 0 192 15 3 4 20 10 4 180 17 18 193 13 6 17 5 1 15 17 20 0 1 6 14 19 7 10 7 19 6 0 7 2 20 9 19 0 186 19 10 13 15 7 17 19 8 18 1 19 165 5 6 12 11 11 178 182 1 10 193 10 13 14 5 10 0 192 11 16 16 198 1 6 4 11 0 9 5 189 4 1 5 7 10 12 10 155 198 0 185 20 20 194 6 183 9 8 184 16 2 162 13 1 8 16 19 20 12 17 12 19 155 163 19 9 7 8 0 190 172 7 159 2 176 14 5 3 1 12 187 8 178 168 15 17 8 2 191 17 2 14 16 200 9 7 172 8 7 15 2 14 178 164 20 4 183 17 17 11 162 10 15 17 6 12 13 12 17 9 11 13 16 15 1 9 17 10 12 14 0 16 6 19 8 11 178 17 200 14 10 11 197 189 17 1 186 150 19 0 3 189 155 4 19 15 5 20 1 162 5 19 182 9 16 1 16 20 158 163 157 168 189 15 5 8 0 162 8 182 17
659
0 200 80 91 55 64 85 69 81 92 90 63 101 82 107 111 101 99 80 118 84 111 107 112 103 78 52 116 60 116 77 96 91 84 84 109 87 60 105 54 77 104 70 114 62 117 102 50 114 60 113 69 51 73 52 53 119 58 107 82 70 113 53 104 65 107 81 112 78 56 101 68 52 92 84 62 98 64 117 97 83 95 71 110 111 85 89 78 112 73 119 101 109 117 102 90 95 104 50 109 116 66 78 118 87 67 116 85 96 92 112 69 87 76 102 94 115 101 58 120 112 59 53 84 110 52 51 56 120 58 106 51 52 93 103 88 101 76 65 109 58 76 106 69 86 95 64 53 90 81 51 88 103 111 65 108 89 113 70 59 80 57 71 69 64 110 113 112 67 54 97 109 75 104 120 84 90 64 101 86 102 84 74 113 76 110 70 53 106 102 60 115 57 64 109 51 89 97 73 74 51 55 51 76 72 109 62 80 96 92 98 85 77 87 90 114 117 84 81 96 117 97 78 97 117 109 59 69 86 56 54 116 92 83 102 67 77 79 64 101 111 67 51 118 62 112 109 58 80 93 78 51 54 55 52 78 70 50 84 104 111 72 61 55 92 101 91 73 53 115 92 82 74 59 54 100 64 105 88 88 94 90 73 75 59 86 82 110 95 54 85 107 72 85 104 55 58 91 68 120 62 93 62 64 86 116 94 55 102 85 63 109 82 103 70 111 60 120 108 104 104 51 52 96 53 92 72 77 75 73 120 116 69 108 78 90 106 54 55 88 70 55 80 65 116 90 65 112 97 65 91 98 95 61 78 94 81 117 74 118 112 96 74 62 89 104 64 112 114 105 72 71 81 66 114 105 91 107 74 64 70 89 79 91 69 54 111 119 67 78 51 55 51 107 86 109 117 115 99 67 78 107 109 62 106 76 118 85 87 62 88 107 68 98 88 95 91 104 72 106 86 51 109 90 68 75 88 101 69 104 73 87 85 102 60 52 112 104 61 89 72 69 70 118 97 84 101 74 97 100 113 75 100 86 68 118 109 52 64 114 94 99 109 92 58 57 64 119 62 80 51 84 80 53 116 99 104 94 67 109 102 75 81 87 96 94 120 115 88 71 55 91 72 54 95 80 83 96 116 87 64 56 50 86 79 68 90 103 97 55 99 107 50 89 52 76 112 100 99 102 60 105 64 88 113 76 76 85 118 90 69 63 52 89 120 81 112 120 74 95 93 87 104 109 51 117 58 112 106 119 77 89 99 71 100 87 107 100 114 79 115 51 115 120 70 60 53 116 71 64 73 108 65 72 58 53 98 92 64 80 53 80 68 97 91 68 117 97 101 84 97 68 50 83 68 84 67 59 65 74 73 112 87 74 87 55 109 68 74 78 91 90 57 114 110 54 98 65 115 73 75 111 77 57 113 73 102 76 107 60 70 76 87 82 120 60 52 110 52 112 114 58 50 71 73 107 88 82 60 52 100 101 119 87 110 83 89 104 200
942
16 19 11 13 18 10 13 14 7 10 11 13 16 0 3 7 8 17 19 8 15 18 3 19 8 1 7 12 4 2 12 3 4 4 5 14 6 13 1 3 9 19 13 18 3 9 3 17 3 10 4 1 11 10 19 8 12 1 13 18 20 20 14 2 18 17 15 2 18 3 11 10 11 8 2 4 10 7 19 13 1 4 17 4 15 12 0 15 10 17 14 8 0 19 12 18 6 18 3 18 20 10 4 17 5 1 8 0 5 2 14 17 9 7 20 6 15 1 12 16 11 5 5 7 10 5 17 9 7 19 19 1 14 7 19 20 0 16 13 1 9 12 3 12 18 18 20 10 11 17 13 16 17 0 13 19 3 20 6 17 7 20 3 3 15 7 12 17 6 14 19 1 14 6 17 1 12 11 16 18 2 12 2 18 12 4 18 8 10 13 10 0 9 7 3 18 12 5 10 19 1 18 17 5 12 6 8 20 0 10 16 12 11 19 20 20 19 14 5 0 1 18 12 2 1 5 3 8 8 19 4 11 17 17 12 12 1 7 0 7 8 19 0 1 2 17 17 6 8 11 13 5 16 19 5 8 20 2 15 7 14 19 5 14 8 1 8 9 12 9 3 3 15 14 9 20 17 1 1 18 12 20 13 2 1 6 14 20 18 20 5 1 11 16 3 2 11 19 4 11 1 20 4 19 17 11 7 8 8 1 4 4 18 8 13 13 12 2 9 17 6 17 17 10 15 10 12 18 0 9 14 11 16 9 1 9 9 5 9 7 6 9 9 11 18 8 3 2 7 10 17 10 16 16 17 20 17 13 20 3 0 15 15 19 11 17 11 7 1 4 9 9 18 8 8 6 10 20 4 17 15 9 1 20 20 7 15 4 4 12 17 13 6 1 17 3 6 18 13 11 12 16 6 11 13 15 12 4 10 1 16 5 15 17 16 2 9 10 10 0 7 1 17 4 9 10 13 18 20 2 16 4 9 15 20 17 17 5 1 7 10 8 14 5 1 19 15 8 1 1 14 3 1 5 14 16 18 2 16 14 20 14 2 6 0 0 1 9 17 18 14 14 12 14 11 14 18 3 9 15 7 16 13 18 17 0 18 2 6 18 12 3 14 10 7 18 3 17 20 2 17 1 0 9 18 15 6 0 9 17 8 15 8 5 6 8 16 9 16 12 3 7 19 9 3 4 4 16 20 4 5 14 5 2 1 2 1 5 2 3 9 14 6 9 20 3 8 3 4 5 9 9 7 17 2 7 16 6 12 4 12 3 19 0 3 0 15 16 6 1 19 3 2 3 6 15 4 16 14 15 13 20 17 1 2 18 3 6 13 17 10 12 15 14 2 10 2 16 6 19 2 12 20 3 18 8 9 20 14 11 8 16 5 10 10 4 5 3 8 12 9 16 19 18 15 11 2 20 7 6 7 5 2 11 2 18 14 16 19 0 19 4 12 3 11 3 2 2 16 0 0 11 18 12 9 16 7 7 8 15 2 9 6 14 7 5 7 8 12 14 13 16 15 19 7 1 11 4 4 17 14 19 20 17 15 12 1 13 3 3 17 0 0 9 2 18 7 9 7 6 9 8 19 5 8 16 3 0 8 18 17 15 16 9 9 11 19 9 4 15 13 15 0 7 17 14 15 7 1 2 8 12 4 20 15 10 7 1 3 9 1 13 17 5 8 9 6 0 14 6 4 14 19 9 19 19 11 19 19 15 17 0 7 16 3 1 15 11 3 18 9 0 6 8 13 16 18 3 11 11 20 7 1 3 20 13 6 17 8 16 4 14 4 6 6 10 20 17 3 15 13 4 17 4 6 9 9 12 6 9 16 17 5 16 20 4 6 2 18 0 12 7 9 20 20 1 10 13 6 15 18 20 20 18 1 13 13 8 4 1 4 7 3 19 16 6 12 6 17 4 9 9 2 6 6 4 4 17 4 18 8 20 0 19 11 18 12 12 6 20 12 0 1 14 17 11 10 4 16 2 18 7 12 14 14 9 18 9 14 0 0 14 7 20 15 4 16 3 12 1 9 6 15 10 18 10 5 9 2 11 3 0 7 14 18 15 18 13 19 4 8 5 20 19 9 18 4 5 5 14 8 4 14 12 0 1 15 4 4 14 3 13
638
4 10 6 18 19 16 7 19 0 12 5 3 11 9 6 12 15 0 4 5 9 13 14 19 10 19 1 16 1 2 12 9 5 13 20 20 12 2 2 2 14 17 19 13 17 10 4 7 17 19 9 1 9 11 11 6 0 19 1 6 20 3 3 18 17 20 19 18 17 18 18 14 1 8 11 7 2 15 15 4 12 11 12 16 6 5 8 20 13 12 16 3 8 17 16 9 14 12 10 6 5 3 9 20 0 12 4 11 4 14 11 16 15 15 1 17 8 14 15 8 11 7 2 13 10 9 17 13 15 2 15 5 8 8 3 11 8 4 14 3 17 1 18 4 3 3 11 19 13 14 5 4 7 8 17 14 15 2 1 18 5 2 6 10 16 2 16 0 2 9 18 4 20 8 5 0 20 11 5 15 16 11 7 6 0 0 3 16 3 19 14 16 17 6 4 13 2 3 0 19 3 10 12 16 20 13 17 4 5 10 13 18 14 16 18 8 8 5 20 5 17 3 17 4 9 18 0 4 7 3 4 15 1 1 13 8 11 7 9 8 5 3 10 9 7 9 20 18 4 2 3 14 9 12 3 16 5 0 14 12 15 2 3 15 10 11 3 13 4 0 5 16 16 0 17 9 6 11 16 7 8 7 0 8 5 16 2 14 7 12 14 14 2 5 7 1 1 10 18 13 17 13 7 19 9 13 13 6 3 4 10 17 14 12 10 13 17 2 11 3 10 18 0 18 14 15 12 4 16 2 1 6 8 8 2 1 16 16 6 6 13 20 6 6 13 5 15 2 17 6 12 2 18 2 0 16 9 5 20 20 14 7 0 10 10 11 5 18 10 12 6 5 6 0 8 9 11 18 2 4 16 7 5 9 14 14 2 10 7 11 18 16 10 12 4 6 13 10 2 7 5 12 13 7 4 11 18 0 14 20 13 12 19 6 10 13 9 11 0 15 15 15 0 20 9 6 2 0 15 15 9 16 14 3 13 10 14 20 12 19 9 11 9 10 8 17 6 5 11 14 0 12 19 16 3 1 10 10 19 9 20 3 18 8 7 20 12 10 5 15 13 8 0 19 4 4 15 20 18 9 3 18 10 9 12 15 8 13 14 10 13 16 10 13 2 10 4 10 15 1 11 3 18 10 17 14 17 18 4 17 4 2 16 15 13 1 20 18 12 4 2 2 3 11 11 1 15 20 10 20 16 4 8 15 1 20 2 8 12 19 15 11 0 9 7 4 10 7 3 5 11 11 1 20 8 12 16 9 0 4 0 9 17 16 2 19 13 16 2 13 14 6 17 12 10 7 10 6 0 2 19 7 11 5 7 16 10 3 12 13 19 6 3 16 13 9 7 18 11 0 3 20 9 8 12 6 19 18 4 0 5 3 9 0 6 11 17 9 14 18 20 11 11 13 16 10 18 10 13 8 6 17 16 19 4 10 4 0
284
19 17 12 12 1 17 14 9 9 10 11 1 9 3 8 16 20 0 17 18 17 11 19 18 4 3 10 2 14 16 11 9 16 0 8 3 18 6 0 15 1 17 1 18 10 8 13 7 5 14 19 0 16 3 7 3 5 5 16 1 12 0 8 8 10 17 1 1 7 15 5 4 18 17 16 14 4 13 17 7 1 1 1 14 3 2 10 13 20 1 1 14 20 6 6 0 3 3 6 19 7 7 17 17 15 6 0 0 8 20 3 3 2 7 2 1 7 16 20 0 18 16 16 9 4 11 4 1 4 10 6 18 19 9 12 9 2 15 10 16 15 13 15 11 6 6 16 18 6 15 5 0 7 14 7 2 1 19 3 2 7 16 11 15 2 20 20 6 8 17 15 11 16 12 12 5 19 3 10 10 14 0 8 20 2 9 13 7 4 10 12 0 4 1 1 1 5 3 12 4 14 20 11 18 8 11 11 5 0 11 20 18 17 14 12 4 18 3 1 18 13 10 17 5 17 17 20 12 7 15 20 17 6 19 14 10 11 2 13 16 16 12 3 1 16 12 7 13 19 0 9 19 10 10 18 19 18 4 20 10 18 11 17 0 20 8 18 3 15 10 14 12 16 17 5 18 2 19 5 19 7 17 19 19
12
0 0 0 0 0 0 0 0 0 0 0 0
106
200 200 200 200 200 200 200 200 200 200 200 200 200 200 200 200 200 200 200 200 200 200 200 200 200 200 200 200 200 200 200 200 200 200 200 200 200 200 200 200 200 200 200 200 200 200 200 200 200 200 200 200 200 200 200 200 200 200 200 200 200 200 200 200 200 200 200 200 200 200 200 200 200 200 200 200 200 200 200 200 200 200 200 200 200 200 200 200 200 200 200 200 200 200 200 200 200 200 200 200 200 200 200 200 200 200
198
3 155 18 10 9 170 178 4 166 12 17 3 11 9 8 199 8 4 12 165 18 15 11 19 3 1 1 11 15 16 16 3 4 6 153 12 3 20 15 17 19 152 13 151 194 8 5 160 12 2 189 170 11 19 185 2 17 13 17 8 11 5 3 10 180 0 7 13 9 12 155 0 15 9 11 5 8 9 8 7 19 171 197 14 8 184 1 11 182 17 0 8 12 9 167 181 0 12 15 3 13 10 175 178 17 13 1 18 194 190 0 155 1 177 17 14 163 4 161 7 12 19 19 7 16 3 8 1 10 190 9 14 16 18 17 9 9 13 15 3 15 11 200 14 20 19 15 173 12 9 190 200 11 9 12 20 153 15 200 15 18 8 8 8 16 11 185 150 17 14 3 181 0 19 0 152 182 20 11 5 187 16 14 173 8 199 195 12 156 0 161 4 200 6 15 20 17 12
890
12 8 13 19 5 9 10 10 13 13 8 6 20 1 6 18 3 20 4 14 15 5 14 9 11 0 15 2 17 17 3 6 7 4 5 19 13 9 0 11 18 1 12 17 20 9 12 14 14 13 10 1 9 8 5 2 6 18 2 11 2 12 11 0 20 3 20 10 9 12 5 4 18 9 4 1 4 6 13 4 13 2 14 9 7 3 1 15 13 18 16 18 11 17 13 10 13 13 18 10 8 18 1 9 18 11 19 6 4 0 0 11 15 5 1 11 13 17 13 18 0 7 8 16 2 10 20 1 19 2 16 16 2 0 16 4 2 9 1 9 14 10 5 20 15 16 12 1 12 12 2 8 6 12 18 2 18 7 3 0 10 9 9 6 20 5 3 5 10 12 20 12 8 2 6 19 7 5 13 9 0 14 5 15 18 2 16 11 9 4 12 0 4 0 15 14 10 4 0 8 2 5 15 18 11 9 5 1 4 2 9 2 6 2 9 3 1 10 19 0 18 14 13 10 13 18 1 8 3 11 0 16 17 16 15 10 3 17 11 7 18 13 12 19 17 19 18 1 0 14 14 10 1 16 16 19 15 20 13 15 1 1 4 0 19 10 4 16 6 2 19 7 18 13 15 1 18 15 16 12 2 11 3 18 5 8 20 7 1 4 2 13 14 11 6 2 5 7 17 5 19 12 13 7 18 19 2 12 10 2 20 12 7 3 13 1 2 4 20 4 15 19 3 11 17 20 4 18 11 15 11 9 4 3 4 4 10 19 14 2 9 18 1 0 1 11 19 4 9 6 14 8 0 20 5 6 20 0 10 1 19 14 15 4 15 1 14 16 10 11 14 11 19 8 6 17 7 17 9 5 0 19 18 2 4 9 15 0 14 8 4 13 1 14 2 2 5 3 3 12 10 12 9 6 19 1 16 9 5 15 19 8 2 18 13 17 3 3 15 4 10 4 10 17 2 0 19 4 13 2 2 9 11 10 1 8 16 14 17 8 17 18 1 2 6 16 8 14 12 10 19 15 5 19 10 8 7 12 4 15 18 4 8 13 8 15 19 11 19 2 7 4 12 1 6 4 6 8 8 3 2 3 17 2 18 7 1 15 4 14 16 0 20 5 16 17 12 1 19 19 4 15 2 14 16 20 20 20 6 4 19 17 12 8 15 10 11 12 18 7 19 6 9 7 15 0 15 14 12 1 4 14 4 0 18 12 18 2 20 2 8 0 17 17 18 20 19 4 7 18 9 9 2 18 19 15 20 6 6 9 18 7 2 20 2 6 11 6 4 0 4 4 5 13 3 14 16 2 11 5 5 16 4 0 3 8 10 3 17 6 19 12 0 17 8 3 6 3 2 18 9 6 16 12 10 0 3 6 16 8 6 9 1 14 13 4 1 13 4 14 16 4 3 9 0 0 5 6 1 20 19 14 16 20 12 6 18 17 7 3 9 17 4 9 17 13 15 9 9 3 8 13 10 6 6 9 10 13 13 5 13 12 3 3 14 14 19 7 18 11 17 10 14 16 9 16 17 13 14 4 16 9 9 12 16 7 4 5 7 4 4 9 13 4 6 13 13 2 0 20 18 1 10 13 18 8 9 14 0 19 8 7 9 20 17 13 2 1 9 0 3 3 11 11 19 11 19 20 12 3 14 13 9 10 5 1 8 11 8 16 16 2 0 9 5 1 5 2 0 16 15 12 17 1 5 10 13 3 3 17 19 2 13 3 19 2 16 6 2 14 14 17 11 9 1 12 7 17 3 1 19 2 9 9 18 6 20 4 11 0 4 12 1 8 15 2 20 15 9 14 7 9 8 11 14 8 0 6 0 11 20 11 15 1 2 15 3 16 5 12 11 17 6 3 6 8 5 6 5 3 7 0 3 13 4 6 15 2 14 7 16 6 10 2 17 13 10 7 12 12 15 19 5 18 15 8 10 16 17 10 17 12 15 16 20 18 4 7 5 14 7 19 14 3 2 7 6 14 15 17 3 4 20 7 20 14 3 12 11 17
612
200 200 200 200 200 200 200 200 200 200 200 200 200 200 200 200 200 200 200 200 200 200 200 200 200 200 200 200 200 200 200 200 200 200 200 200 200 200 200 200 200 200 200 200 200 200 200 200 200 200 200 200 200 200 200 200 200 200 200 200 200 200 200 200 200 200 200 200 200 200 200 200 200 200 200 200 200 200 200 200 200 200 200 200 200 200 200 200 200 200 200 200 200 200 200 200 200 200 200 200 200 200 200 200 200 200 200 200 200 200 200 200 200 200 200 200 200 200 200 200 200 200 200 200 200 200 200 200 200 200 200 200 200 200 200 200 200 200 200 200 200 200 200 200 200 200 200 200 200 200 200 200 200 200 200 200 200 200 200 200 200 200 200 200 200 200 200 200 200 200 200 200 200 200 200 200 200 200 200 200 200 200 200 200 200 200 200 200 200 200 200 200 200 200 200 200 200 200 200 200 200 200 200 200 200 200 200 200 200 200 200 200 200 200 200 200 200 200 200 200 200 200 200 200 200 200 200 200 200 200 200 200 200 200 200 200 200 200 200 200 200 200 200 200 200 200 200 200 200 200 200 200 200 200 200 200 200 200 200 200 200 200 200 200 200 200 200 200 200 200 200 200 200 200 200 200 200 200 200 200 200 200 200 200 200 200 200 200 200 200 200 200 200 200 200 200 200 200 200 200 200 200 200 200 200 200 200 200 200 200 200 200 200 200 200 200 200 200 200 200 200 200 200 200 200 200 200 200 200 200 200 200 200 200 200 200 200 200 200 200 200 200 200 200 200 200 200 200 200 200 200 200 200 200 200 200 200 200 200 200 200 200 200 200 200 200 200 200 200 200 200 200 200 200 200 200 200 200 200 200 200 200 200 200 200 200 200 200 200 200 200 200 200 200 200 200 200 200 200 200 200 200 200 200 200 200 200 200 200 200 200 200 200 200 200 200 200 200 200 200 200 200 200 200 200 200 200 200 200 200 200 200 200 200 200 200 200 200 200 200 200 200 200 200 200 200 200 200 200 200 200 200 200 200 200 200 200 200 200 200 200 200 200 200 200 200 200 200 200 200 200 200 200 200 200 200 200 200 200 200 200 200 200 200 200 200 200 200 200 200 200 200 200 200 200 200 200 200 200 200 200 200 200 200 200 200 200 200 200 200 200 200 200 200 200 200 200 200 200 200 200 200 200 200 200 200 200 200 200 200 200 200 200 200 200 200 200 200 200 200 200 200 200 200 200 200 200 200 200 200 200 200 200 200 200 200 200 200 200 200 200 200 200 200 200 200 200 200 200 200 200 200 200 200 200 200 200 200 200 200 200 200 200 200 200 200 200 200 200 200 200 200 200 200 200 200 200 200 200 200 200 200 200 200 200 200 200 200 200 200 200 200
581
5 166 5 7 0 166 3 167 3 196 6 6 10 10 188 3 14 20 3 183 1 3 9 190 18 9 9 200 4 157 5 11 18 1 15 13 160 1 10 0 5 9 189 194 4 15 16 15 10 8 154 18 187 13 5 4 17 16 4 16 8 13 7 6 185 150 20 14 7 195 19 156 3 20 2 13 7 12 14 10 16 10 18 15 0 158 9 15 7 166 10 18 4 18 169 17 4 9 1 7 8 9 16 13 8 155 19 9 9 19 12 11 1 14 6 164 186 13 17 17 11 19 19 6 1 9 14 199 5 4 164 16 155 7 7 159 16 151 3 179 0 0 20 169 5 11 199 16 14 151 4 8 169 0 18 151 3 17 17 8 170 20 178 6 9 14 2 15 3 5 7 11 200 11 11 19 3 16 13 173 167 7 178 16 17 20 12 186 13 9 7 7 1 17 162 5 18 4 18 12 15 19 2 18 167 0 166 11 1 3 3 19 9 2 4 15 12 192 9 200 9 10 3 0 184 18 14 10 11 15 20 16 6 0 5 9 15 2 5 16 14 190 8 16 11 9 0 150 153 18 10 12 150 1 2 20 15 7 19 1 20 18 3 171 2 6 7 19 3 0 12 192 5 13 5 2 188 15 8 14 2 19 171 0 18 5 6 11 6 10 9 154 4 176 6 20 16 10 17 17 1 150 151 172 177 17 1 197 17 3 5 3 6 14 1 17 19 3 193 0 152 2 3 9 3 9 154 19 20 13 8 20 20 4 6 16 15 14 5 7 16 5 6 12 1 15 10 2 18 3 4 7 5 196 189 12 154 9 150 14 7 183 13 186 7 162 9 9 197 13 16 1 4 14 154 13 157 18 1 170 16 2 3 3 198 10 184 2 0 16 20 14 5 15 15 177 3 14 178 8 18 18 9 183 3 16 13 11 19 16 7 16 4 194 194 10 15 162 12 0 197 0 175 184 20 15 2 16 13 194 7 10 188 18 18 4 13 2 9 197 5 0 3 16 2 0 18 16 18 187 14 20 16 19 10 14 3 7 0 19 13 3 3 161 180 1 19 13 15 11 16 15 8 2 5 10 161 19 196 15 158 6 1 15 3 18 0 12 12 182 13 11 13 18 12 186 5 152 7 165 16 185 8 11 15 8 162 16 181 2 176 183 10 19 16 191 13 20 4 10 7 1 20 4 12 2 1 196 7 10 9 15 12 6 13 6 18 20 20 0 172 8 1 7 19 159 13 17 19 15 8 9 16 17 180 20 181 1 167 13 15 0 9 4 14 4 4 20 157 14 2 6 9 10 192 2 6 7 182 2 15
342
200 200 200 200 200 200 200 200 200 200 200 200 200 200 200 200 200 200 200 200 200 200 200 200 200 200 200 200 200 200 200 200 200 200 200 200 200 200 200 200 200 200 200 200 200 200 200 200 200 200 200 200 200 200 200 200 200 200 200 200 200 200 200 200 200 200 200 200 200 200 200 200 200 200 200 200 200 200 200 200 200 200 200 200 200 200 200 200 200 200 200 200 200 200 200 200 200 200 200 200 200 200 200 200 200 200 200 200 200 200 200 200 200 200 200 200 200 200 200 200 200 200 200 200 200 200 200 200 200 200 200 200 200 200 200 200 200 200 200 200 200 200 200 200 200 200 200 200 200 200 200 200 200 200 200 200 200 200 200 200 200 200 200 200 200 200 200 200 200 200 200 200 200 200 200 200 200 200 200 200 200 200 200 200 200 200 200 200 200 200 200 200 200 200 200 200 200 200 200 200 200 200 200 200 200 200 200 200 200 200 200 200 200 200 200 200 200 200 200 200 200 200 200 200 200 200 200 200 200 200 200 200 200 200 200 200 200 200 200 200 200 200 200 200 200 200 200 200 200 200 200 200 200 200 200 200 200 200 200 200 200 200 200 200 200 200 200 200 200 200 200 200 200 200 200 200 200 200 200 200 200 200 200 200 200 200 200 200 200 200 200 200 200 200 200 200 200 200 200 200 200 200 200 200 200 200 200 200 200 200 200 200 200 200 200 200 200 200 200 200 200 200 200 200 200 200 200 200 200 200 200 200 200 200 200 200 200 200 200 200 200 200
587
0 0 0 0 0 0 0 0 0 0 0 0 0 0 0 0 0 0 0 0 0 0 0 0 0 0 0 0 0 0 0 0 0 0 0 0 0 0 0 0 0 0 0 0 0 0 0 0 0 0 0 0 0 0 0 0 0 0 0 0 0 0 0 0 0 0 0 0 0 0 0 0 0 0 0 0 0 0 0 0 0 0 0 0 0 0 0 0 0 0 0 0 0 0 0 0 0 0 0 0 0 0 0 0 0 0 0 0 0 0 0 0 0 0 0 0 0 0 0 0 0 0 0 0 0 0 0 0 0 0 0 0 0 0 0 0 0 0 0 0 0 0 0 0 0 0 0 0 0 0 0 0 0 0 0 0 0 0 0 0 0 0 0 0 0 0 0 0 0 0 0 0 0 0 0 0 0 0 0 0 0 0 0 0 0 0 0 0 0 0 0 0 0 0 0 0 0 0 0 0 0 0 0 0 0 0 0 0 0 0 0 0 0 0 0 0 0 0 0 0 0 0 0 0 0 0 0 0 0 0 0 0 0 0 0 0 0 0 0 0 0 0 0 0 0 0 0 0 0 0 0 0 0 0 0 0 0 0 0 0 0 0 0 0 0 0 0 0 0 0 0 0 0 0 0 0 0 0 0 0 0 0 0 0 0 0 0 0 0 0 0 0 0 0 0 0 0 0 0 0 0 0 0 0 0 0 0 0 0 0 0 0 0 0 0 0 0 0 0 0 0 0 0 0 0 0 0 0 0 0 0 0 0 0 0 0 0 0 0 0 0 0 0 0 0 0 0 0 0 0 0 0 0 0 0 0 0 0 0 0 0 0 0 0 0 0 0 0 0 0 0 0 0 0 0 0 0 0 0 0 0 0 0 0 0 0 0 0 0 0 0 0 0 0 0 0 0 0 0 0 0 0 0 0 0 0 0 0 0 0 0 0 0 0 0 0 0 0 0 0 0 0 0 0 0 0 0 0 0 0 0 0 0 0 0 0 0 0 0 0 0 0 0 0 0 0 0 0 0 0 0 0 0 0 0 0 0 0 0 0 0 0 0 0 0 0 0 0 0 0 0 0 0 0 0 0 0 0 0 0 0 0 0 0 0 0 0 0 0 0 0 0 0 0 0 0 0 0 0 0 0 0 0 0 0 0 0 0 0 0 0 0 0 0 0 0 0 0 0 0 0 0 0 0 0 0 0 0 0 0 0 0 0 0 0 0 0 0 0 0 0 0 0 0 0 0 0 0 0 0 0 0 0 0 0 0 0 0 0 0 0 0 0 0 0 0 0 0 0 0 0 0 0 0 0 0 0 0 0 0 0 0 0 0 0 0 0
308
200 200 200 200 200 200 200 200 200 200 200 200 200 200 200 200 200 200 200 200 200 200 200 200 200 200 200 200 200 200 200 200 200 200 200 200 200 200 200 200 200 200 200 200 200 200 200 200 200 200 200 200 200 200 200 200 200 200 200 200 200 200 200 200 200 200 200 200 200 200 200 200 200 200 200 200 200 200 200 200 200 200 200 200 200 200 200 200 200 200 200 200 200 200 200 200 200 200 200 200 200 200 200 200 200 200 200 200 200 200 200 200 200 200 200 200 200 200 200 200 200 200 200 200 200 200 200 200 200 200 200 200 200 200 200 200 200 200 200 200 200 200 200 200 200 200 200 200 200 200 200 200 200 200 200 200 200 200 200 200 200 200 200 200 200 200 200 200 200 200 200 200 200 200 200 200 200 200 200 200 200 200 200 200 200 200 200 200 200 200 200 200 200 200 200 200 200 200 200 200 200 200 200 200 200 200 200 200 200 200 200 200 200 200 200 200 200 200 200 200 200 200 200 200 200 200 200 200 200 200 200 200 200 200 200 200 200 200 200 200 200 200 200 200 200 200 200 200 200 200 200 200 200 200 200 200 200 200 200 200 200 200 200 200 200 200 200 200 200 200 200 200 200 200 200 200 200 200 200 200 200 200 200 200 200 200 200 200 200 200 200 200 200 200 200 200 200 200 200 200 200 200 200 200 200 200 200 200
905
0 200 95 114 72 68 120 69 80 94 89 98 88 108 69 85 71 94 71 60 108 101 69 90 79 60 69 119 51 117 77 76 58 117 83 80 65 56 55 86 105 62 105 117 119 110 101 111 61 77 60 64 117 77 54 120 82 67 93 92 105 84 84 104 70 84 51 91 51 76 91 70 93 110 67 99 70 68 113 75 118 87 56 108 76 57 102 76 103 59 93 95 88 68 67 105 64 63 106 79 120 61 93 52 104 93 64 97 60 50 106 77 63 108 61 99 111 75 106 113 85 54 82 112 95 67 97 50 116 84 116 108 105 107 108 80 109 94 87 113 100 93 64 104 68 56 71 77 108 99 52 61 96 101 72 71 67 67 90 116 88 59 58 57 62 73 72 58 106 62 50 114 108 87 78 78 92 96 53 55 76 119 68 56 85 62 76 52 90 110 59 100 61 84 60 64 104 69 91 104 94 57 119 92 83 75 60 100 81 55 102 108 93 61 111 103 77 86 63 89 78 71 79 107 82 88 88 66 89 72 75 58 103 95 107 85 73 83 80 61 115 74 70 86 96 88 67 98 77 88 106 111 82 63 76 82 86 106 77 90 96 105 85 115 68 75 68 55 114 65 117 96 105 67 78 89 101 89 60 86 84 67 80 64 54 92 62 90 82 106 54 50 51 51 80 116 89 120 103 120 111 109 63 63 107 85 50 120 70 69 111 70 104 64 104 65 65 80 112 82 82 74 75 83 119 96 111 79 60 97 90 65 99 94 55 87 87 85 53 85 114 118 87 59 98 102 70 78 94 50 61 54 106 108 60 74 113 57 52 100 58 106 65 108 95 101 91 71 83 98 53 88 86 90 73 99 66 93 79 55 55 58 70 52 103 60 105 108 104 81 73 65 115 111 63 118 65 62 110 113 61 79 113 103 66 105 108 100 66 104 69 66 102 88 114 114 100 89 82 73 51 120 79 116 89 106 110 50 91 68 83 113 65 72 67 77 72 111 85 72 68 116 76 69 66 95 84 93 106 108 96 71 81 89 87 117 87 70 111 76 54 112 76 52 83 80 84 105 58 105 112 69 99 75 67 79 84 62 71 109 64 63 96 119 111 105 101 64 89 71 71 84 99 58 77 69 114 100 61 53 55 50 118 103 71 63 51 118 58 54 69 72 66 55 109 117 117 111 80 66 99 108 54 59 103 97 105 115 118 82 96 73 89 79 79 58 110 83 87 120 106 101 69 116 67 97 58 111 74 63 51 96 84 68 90 77 57 93 68 67 120 62 95 76 56 83 72 61 72 57 73 118 63 113 115 75 82 72 82 116 55 52 69 81 106 66 54 73 101 106 113 99 69 61 87 72 120 105 104 52 115 120 62 54 59 67 60 76 64 79 75 98 76 118 101 60 50 116 115 111 52 50 89 114 65 61 88 91 80 111 53 60 111 51 58 81 76 90 59 68 88 61 91 76 105 114 76 72 71 66 55 57 101 81 113 87 65 112 112 87 80 92 51 85 58 65 112 90 72 74 105 108 100 72 59 117 68 104 80 94 90 80 65 117 81 98 92 100 113 83 91 72 88 61 57 101 88 73 67 101 92 63 56 61 78 113 84 97 85 111 110 50 51 53 69 64 55 91 116 100 93 95 78 62 81 52 120 80 51 106 112 83 75 76 93 90 108 70 115 71 104 85 110 98 97 93 56 99 90 98 109 52 55 74 103 98 100 58 88 115 69 96 118 97 96 114 61 75 59 94 120 70 82 93 63 112 62 90 101 113 81 89 53 101 63 96 92 103 81 104 66 98 66 87 57 104 50 87 50 110 101 102 65 87 85 97 120 120 67 113 82 110 99 51 100 82 63 65 110 95 120 61 102 85 90 112 65 57 105 66 94 82 112 120 95 57 109 77 61 116 65 75 109 103 105 89 53 58 99 113 58 65 97 82 115 91 113 115 73 98 118 86 106 85 111 103 72 102 93 62 50 65 102 59 88 107 80 86 111 52 112 78 84 62 88 70 107 54 85 89 63 80 96 100 82 52 109 93 52 89 65 56 117 103 200
640
5 9 5 15 14 8 19 19 1 11 18 14 9 18 5 15 18 12 13 7 8 12 5 0 3 2 8 1 19 17 16 15 20 6 3 0 17 4 16 19 1 10 0 13 19 6 11 8 0 15 10 0 1 18 6 14 10 9 2 2 5 14 4 15 10 11 20 4 10 14 2 10 9 17 8 6 12 0 13 8 20 4 18 14 6 12 5 13 15 20 6 7 1 5 15 11 8 10 6 8 9 18 7 5 20 0 19 8 2 1 17 15 10 15 7 7 3 18 4 12 8 10 20 8 7 13 12 5 12 15 12 20 12 12 3 16 9 3 7 15 6 6 3 10 8 1 0 7 15 14 11 7 1 9 9 20 8 10 5 3 14 13 19 11 3 3 7 0 18 19 8 12 14 12 15 0 14 1 10 9 12 4 14 13 16 9 8 9 15 4 1 8 16 12 3 20 19 16 3 14 18 18 2 16 17 0 10 8 14 9 11 16 4 9 18 19 4 4 3 9 3 6 4 15 0 2 3 19 7 1 17 6 4 10 8 7 19 8 6 2 11 17 20 13 18 16 19 11 12 6 14 20 19 20 17 19 2 10 4 9 20 5 16 7 14 18 14 9 17 14 2 13 9 18 17 5 15 17 3 4 15 3 6 10 6 18 9 19 15 11 6 13 0 20 1 3 3 2 13 18 3 4 10 4 1 2 13 0 0 12 5 13 20 16 2 19 6 4 13 7 3 8 6 15 19 7 7 3 19 15 11 8 20 3 5 9 14 1 3 1 7 7 2 17 11 10 10 9 14 13 14 11 10 5 13 11 14 13 9 7 3 11 7 8 18 19 9 5 10 16 1 15 18 14 20 19 17 12 6 19 11 14 14 17 15 20 15 14 6 7 11 13 16 13 1 20 16 5 6 19 1 3 18 18 0 3 19 13 20 15 18 7 15 7 0 5 3 1 10 6 6 18 12 3 2 1 5 5 1 18 6 17 20 10 19 10 0 4 4 9 12 17 12 2 3 8 11 4 10 1 18 10 13 13 15 14 15 2 11 4 11 16 20 15 1 11 18 12 9 14 13 13 12 6 16 12 17 3 13 5 2 16 6 16 5 5 5 6 12 16 4 17 5 17 9 20 2 4 17 13 1 4 7 19 13 14 6 20 13 11 17 20 1 3 14 19 1 13 3 0 5 13 8 8 17 15 19 16 20 17 18 2 19 9 15 12 16 4 14 8 10 4 1 7 2 1 0 6 20 3 6 13 1 17 5 13 3 1 6 9 1 7 19 12 3 1 20 19 20 1 10 3 17 1 16 8 6 9 19 19 12 10 12 7 11 20 14 3 6 17 18 3 18 8 6 19 14 14 3 10 13 11 14 3 6 2 15 2 18 14 10 19 1 15 1 2 2 10 13 4 20 19 15 6 17 20 8 8 15 8 19 7 3 17 11 19 2 11 0 2
322
200 200 200 200 200 200 200 200 200 200 200 200 200 200 200 200 200 200 200 200 200 200 200 200 200 200 200 200 200 200 200 200 200 200 200 200 200 200 200 200 200 200 200 200 200 200 200 200 200 200 200 200 200 200 200 200 200 200 200 200 200 200 200 200 200 200 200 200 200 200 200 200 200 200 200 200 200 200 200 200 200 200 200 200 200 200 200 200 200 200 200 200 200 200 200 200 200 200 200 200 200 200 200 200 200 200 200 200 200 200 200 200 200 200 200 200 200 200 200 200 200 200 200 200 200 200 200 200 200 200 200 200 200 200 200 200 200 200 200 200 200 200 200 200 200 200 200 200 200 200 200 200 200 200 200 200 200 200 200 200 200 200 200 200 200 200 200 200 200 200 200 200 200 200 200 200 200 200 200 200 200 200 200 200 200 200 200 200 200 200 200 200 200 200 200 200 200 200 200 200 200 200 200 200 200 200 200 200 200 200 200 200 200 200 200 200 200 200 200 200 200 200 200 200 200 200 200 200 200 200 200 200 200 200 200 200 200 200 200 200 200 200 200 200 200 200 200 200 200 200 200 200 200 200 200 200 200 200 200 200 200 200 200 200 200 200 200 200 200 200 200 200 200 200 200 200 200 200 200 200 200 200 200 200 200 200 200 200 200 200 200 200 200 200 200 200 200 200 200 200 200 200 200 200 200 200 200 200 200 200 200 200 200 200 200 200 200 200 200 200 200 200
