593
814
0 200 63 71 114 88 59 96 87 60 55 61 101 83 110 99 95 95 58 119 101 53 98 53 100 117 53 103 117 69 77 112 114 87 114 57 86 56 56 71 103 61 119 105 65 118 53 70 114 98 114 72 114 106 58 113 103 57 112 119 76 71 96 99 54 62 100 74 95 58 50 87 73 81 55 88 95 119 85 74 98 104 117 93 117 87 62 70 56 96 108 53 105 103 102 70 54 92 102 51 91 84 54 74 72 70 67 80 52 72 110 69 108 57 64 59 77 66 69 95 89 96 82 95 62 78 83 91 64 61 64 99 79 80 77 72 99 68 96 64 81 72 103 117 90 76 95 103 114 91 110 82 118 52 64 95 88 99 90 61 75 100 95 120 76 69 96 93 115 102 102 53 66 87 54 60 98 63 73 53 110 110 112 53 64 100 62 106 67 62 81 57 120 101 59 81 61 67 114 112 81 96 115 62 76 57 55 71 77 112 87 111 65 104 118 50 83 114 92 120 116 58 64 109 100 60 88 75 52 66 84 77 58 89 55 110 64 100 107 119 74 100 83 56 75 79 106 76 64 70 85 110 74 104 110 97 69 105 58 108 62 88 96 94 69 70 108 109 61 82 70 93 92 62 55 111 102 77 87 77 73 101 58 100 114 79 108 56 61 57 61 106 114 110 116 99 114 56 120 101 72 94 102 89 100 54 58 61 91 58 107 55 65 100 109 120 106 59 53 101 56 116 50 69 69 69 61 108 120 105 93 94 57 119 107 96 55 102 107 89 97 100 113 117 66 89 78 107 61 89 62 99 120 112 104 78 61 77 52 83 75 83 64 80 102 50 56 85 54 93 77 72 71 97 53 119 101 104 85 111 63 108 104 116 97 92 89 117 89 56 57 55 74 79 51 87 112 87 55 100 108 75 75 75 107 51 55 66 57 95 93 81 101 68 88 100 80 72 79 117 86 69 69 102 60 78 54 113 86 82 109 109 89 79 99 70 68 109 63 96 95 79 75 66 77 96 106 60 100 60 90 50 54 73 74 91 120 83 82 113 100 104 104 81 60 56 114 65 85 106 65 113 102 73 102 117 57 66 92 62 98 55 103 61 114 84 79 114 59 87 104 99 94 69 72 115 96 115 98 111 72 97 90 93 76 116 99 57 118 120 98 104 111 66 55 92 56 70 93 73 82 74 118 111 82 50 69 100 94 108 111 101 116 51 99 110 78 89 71 98 56 55 95 68 83 50 83 67 51 108 109 99 61 84 59 94 65 94 91 97 105 67 73 80 64 120 50 88 95 64 79 56 71 118 94 66 97 113 115 63 58 90 80 104 54 87 101 111 54 56 51 109 90 109 71 57 75 113 63 114 119 74 101 53 89 76 95 63 102 83 80 93 100 95 78 85 80 75 118 63 80 52 76 100 70 61 104 110 78 116 92 114 60 81 101 75 99 79 100 104 74 115 99 116 94 82 90 63 80 73 96 113 57 52 117 76 51 101 81 92 67 106 82 73 115 89 81 95 56 66 55 100 76 90 73 90 108 79 99 56 82 79 81 108 54 114 110 73 57 87 96 52 78 53 52 75 65 99 82 58 58 102 110 108 89 57 81 91 68 116 52 70 94 103 66 104 109 113 65 105 60 96 62 112 111 83 83 81 60 103 116 96 56 93 69 55 56 106 64 120 61 63 102 77 54 76 119 84 81 70 94 89 61 55 113 97 61 57 106 108 77 112 55 86 104 69 92 60 106 50 119 82 81 99 94 70 102 71 65 106 88 75 63 54 67 77 87 107 86 72 108 68 111 107 99 69 115 97 75 92 72 51 66 89 58 106 73 80 91 117 53 107 78 200
115
6 2 182 170 4 15 183 20 3 8 1 195 20 8 3 8 19 9 16 197 12 16 5 7 15 162 18 17 18 2 3 19 16 17 10 17 176 200 4 6 5 11 1 16 16 151 2 6 191 5 155 5 7 193 5 9 171 173 15 1 152 177 7 153 13 18 13 1 5 1 151 8 14 6 15 10 17 161 0 20 18 3 1 15 14 8 0 20 7 8 2 4 10 10 14 154 3 10 20 9 4 0 13 16 159 174 19 4 20 5 162 8 1 2 13
840
4 6 12 5 17 18 0 4 4 0 12 5 2 18 3 6 6 2 9 6 0 12 1 13 19 16 8 9 12 19 0 8 17 2 17 5 1 20 2 8 18 0 10 15 7 11 14 10 18 18 16 12 10 18 9 20 6 17 17 12 15 15 6 17 8 14 10 19 11 13 10 7 3 11 20 9 13 14 19 6 19 17 12 10 4 6 7 4 5 8 15 14 7 19 11 16 8 1 7 8 19 8 14 2 3 11 3 14 5 20 12 2 19 9 4 16 0 9 14 16 4 5 17 5 14 2 14 14 11 4 6 20 11 9 9 12 11 8 8 9 11 19 7 12 18 8 17 7 20 13 19 14 18 16 20 19 3 10 17 13 9 8 13 5 10 6 3 3 10 8 15 20 14 10 14 2 8 17 13 4 12 16 17 18 11 3 10 8 8 0 10 6 4 5 0 3 14 7 2 4 18 6 7 1 14 0 16 8 7 16 4 13 5 4 2 1 1 2 9 4 5 0 14 0 6 16 8 8 16 6 20 7 11 9 19 14 10 8 4 1 8 19 7 4 2 13 3 15 0 1 9 7 7 0 5 20 10 19 18 6 6 18 11 12 9 15 16 17 6 2 10 5 11 4 17 0 2 8 17 11 2 10 6 10 20 6 0 12 4 12 6 16 14 9 15 20 14 16 13 8 7 8 17 5 9 14 0 5 17 3 20 13 18 19 3 3 9 11 3 20 0 12 8 16 6 20 10 20 3 12 8 9 2 3 17 1 16 3 7 18 10 6 16 4 12 14 1 16 1 18 5 2 5 12 15 15 4 0 0 16 16 4 20 6 17 2 0 14 8 7 15 6 0 6 14 19 11 1 3 1 0 15 6 2 0 10 1 11 13 12 0 8 5 9 10 3 6 14 8 20 20 1 19 0 5 7 2 2 20 12 19 0 2 0 12 1 19 7 3 10 15 12 20 19 6 16 14 12 20 9 1 0 0 16 4 9 17 16 1 5 16 12 14 15 18 12 1 3 1 14 13 3 16 8 2 16 5 6 20 19 5 7 1 13 8 7 19 18 3 20 15 15 20 7 12 10 7 15 12 14 13 5 8 6 14 5 5 8 2 5 1 17 17 1 6 19 12 3 17 19 9 8 11 7 16 10 17 17 17 3 4 9 4 10 3 6 1 17 20 9 17 11 8 1 18 10 14 15 12 0 0 10 17 13 4 8 20 15 19 20 3 11 18 20 9 1 10 19 17 6 10 8 9 13 3 20 15 15 0 20 10 5 1 6 10 16 4 13 19 5 20 6 20 18 7 10 16 9 19 17 16 11 10 14 5 8 15 18 8 11 12 16 8 6 18 16 4 9 18 8 18 4 15 17 12 6 8 10 12 19 6 8 5 7 18 20 5 7 16 15 1 5 14 8 3 0 19 2 20 13 2 11 0 13 18 10 1 4 1 1 13 4 8 18 3 9 14 8 9 5 7 14 3 0 5 1 2 20 19 5 3 0 10 17 9 4 5 3 6 1 2 12 3 12 0 15 8 5 7 6 3 2 7 13 4 3 11 6 0 3 12 4 12 6 13 1 8 7 3 3 19 1 18 19 0 15 9 8 20 16 13 0 1 10 4 6 8 6 20 6 11 3 10 7 18 13 7 8 0 10 13 6 0 20 7 11 16 5 3 13 19 18 2 9 16 0 20 16 12 18 7 6 14 5 7 17 19 11 17 7 8 16 14 14 11 15 14 18 6 2 7 7 11 12 17 9 9 2 2 1 0 18 6 11 19 13 8 19 15 3 15 9 17 5 0 7 5 17 4 19 16 9 4 3 19 9 5 19 10 4 3 12 8 17 7 14 16 3 16 8 6 18 19 12 11 11 12 2 16 9 4 15 10 9 8 11 8 6 18 20
732
8 8 173 189 8 8 8 189 173 189 189 173 189 8 173 189 189 173 8 173 8 189 189 173 173 173 189 173 8 173 189 189 8 8 189 189 173 189 173 8 8 8 8 173 189 173 8 173 8 8 173 173 173 189 173 8 189 189 8 189 173 8 8 173 189 8 8 189 8 189 173 189 173 8 189 173 189 8 189 8 189 8 173 8 189 173 189 8 8 189 8 189 173 189 173 173 8 8 173 8 173 8 189 8 8 189 189 189 173 189 8 173 189 189 189 8 8 173 189 8 8 189 189 8 8 8 189 173 189 173 173 189 189 8 173 173 8 189 173 8 8 173 8 189 173 189 173 189 8 8 189 173 8 173 173 173 173 8 189 8 173 8 8 173 173 8 8 173 189 173 189 173 173 8 189 173 173 189 189 189 189 173 189 189 8 189 189 189 189 8 189 173 189 8 8 173 8 8 8 8 189 173 8 173 189 8 173 8 8 173 189 173 8 173 8 173 173 189 189 8 173 173 173 189 8 189 8 8 173 173 8 189 173 173 173 173 173 173 189 8 173 189 8 173 8 189 173 189 173 173 173 189 8 189 8 173 173 173 173 173 8 173 8 173 189 173 8 173 173 189 189 189 8 173 189 173 173 189 8 8 173 189 173 189 189 189 173 8 173 8 173 8 189 8 173 8 189 189 189 8 189 189 189 189 173 189 173 173 189 8 189 8 173 8 173 8 189 173 189 173 173 173 8 189 189 189 8 189 189 189 173 173 173 173 8 8 173 173 8 8 8 8 173 173 8 173 173 173 189 8 189 173 189 8 189 189 189 189 173 173 189 189 189 8 173 173 189 189 8 189 8 189 173 173 8 8 189 8 189 8 189 173 173 173 8 189 173 173 8 189 189 189 173 173 173 173 8 173 173 8 189 189 189 173 189 189 8 189 8 173 173 189 8 8 8 189 8 173 8 8 173 8 173 8 189 189 173 173 189 189 189 173 189 173 8 189 173 189 189 8 173 8 173 8 8 189 8 8 8 173 189 8 189 173 189 173 189 173 8 173 8 173 173 189 8 173 8 189 173 8 173 173 173 8 173 8 173 189 189 189 8 173 8 8 8 173 189 173 8 8 8 189 8 173 8 189 189 8 173 189 189 189 8 189 8 173 173 8 189 189 173 8 189 173 173 8 173 173 8 189 8 173 8 8 8 189 8 189 8 173 189 173 173 8 189 189 189 189 8 8 173 173 173 173 189 173 173 8 173 8 8 173 189 189 173 8 189 8 8 189 173 8 8 189 8 8 173 173 8 173 8 173 8 8 173 8 8 173 173 173 173 8 8 8 8 189 8 189 189 189 173 189 173 173 173 173 173 173 173 173 8 189 8 173 173 189 173 173 8 8 173 8 173 173 173 8 189 8 173 189 173 189 173 189 8 8 8 189 189 189 173 189 8 189 8 189 189 189 173 8 8 173 8 189 173 189 189 189 189 189 189 189 173 8 189 189 8 173 173 173 173 173 173 189 8 189 173 8 173 189 8 173 189 173 8 8 173 173 189 173 8 8 173 173 173 173 8 8 8 173 173 173 8 173 8 8 8 8 173 189 8 189 8 173 8 8 8 8 189 189 173 8 189 8 173 189 8 173 8 173 173 189 173 8 173 189 8 173 189 173 8 189
9
5 199 8 15 3 194 10 20 20
801
181 53 86 141 199 193 193 75 131 152 56 188 6 58 112 21 2 175 166 164 36 0 121 12 67 144 90 155 168 92 37 33 0 83 131 111 168 111 9 59 64 158 39 19 5 109 68 38 110 108 38 15 73 138 179 54 78 133 124 77 38 17 17 9 179 148 137 186 93 25 181 81 77 43 188 131 25 14 108 87 177 36 200 68 71 128 55 46 20 124 14 8 127 5 175 14 113 74 74 67 109 185 100 69 131 9 118 93 82 67 50 193 84 148 161 101 23 138 28 63 176 114 190 71 63 56 106 160 151 64 124 61 16 46 67 114 153 160 159 5 185 71 125 138 6 95 170 134 152 13 8 101 124 35 74 2 197 99 186 13 137 188 49 100 144 169 136 1 68 22 168 127 29 173 39 183 200 160 193 60 199 61 199 198 2 54 177 164 97 58 63 156 180 184 153 38 35 136 143 104 168 20 94 133 159 17 48 54 66 16 52 17 87 198 84 161 7 64 195 125 195 165 164 130 30 100 178 131 101 190 90 4 14 42 180 168 23 81 31 66 161 116 75 165 120 101 54 165 120 90 170 27 75 195 19 132 22 77 165 2 172 156 73 53 21 99 97 98 44 135 2 121 38 198 59 160 169 124 178 156 144 146 10 175 54 67 125 151 138 189 153 41 106 88 84 29 120 180 188 153 181 13 165 127 149 172 25 185 145 141 1 17 20 75 39 170 96 83 128 15 139 120 26 88 126 188 135 91 110 75 64 111 172 0 66 116 71 11 22 84 94 200 84 78 21 76 90 185 180 33 109 155 189 59 137 156 28 166 136 145 107 177 38 96 165 84 91 29 198 161 41 54 88 138 175 88 127 178 36 172 82 138 77 103 197 83 49 119 52 139 10 186 4 61 42 88 41 115 124 155 187 198 131 72 166 179 150 188 136 196 132 138 153 33 178 68 181 98 178 99 157 22 158 96 61 195 29 21 109 5 64 193 51 17 126 156 161 98 193 79 49 4 15 161 152 93 35 131 124 66 164 173 77 151 179 180 65 140 160 141 134 48 26 116 74 7 190 170 18 34 81 138 17 1 188 22 120 189 32 187 23 19 98 164 129 89 53 68 106 40 12 21 172 115 46 104 115 180 147 53 130 100 176 57 102 149 91 179 189 168 147 107 146 15 117 158 157 105 190 73 160 38 16 3 135 155 195 11 145 28 59 86 86 187 115 131 60 181 23 49 84 98 100 75 141 163 39 182 86 27 58 152 158 152 155 149 111 171 127 165 67 188 28 123 94 59 120 64 67 29 67 1 102 34 26 54 147 120 117 82 155 79 182 188 142 20 155 12 95 160 59 49 6 108 185 169 110 19 61 24 169 56 31 156 190 186 165 8 170 21 143 67 138 35 9 54 103 150 32 105 0 134 62 181 8 148 88 35 76 156 199 91 88 1 161 91 168 124 33 37 194 138 62 10 10 26 57 190 7 101 86 191 9 5 141 200 115 6 37 150 152 128 97 157 108 182 169 152 200 160 26 103 126 101 121 66 143 58 197 170 19 114 157 174 129 6 11 134 199 68 119 119 79 153 68 102 172 5 55 191 124 84 95 197 117 102 197 101 157 149 43 30 64 78 73 2 77 198 59 39 173 158 48 77 32 82 122 136 175 29 75 43 110 52 18 41 130 157 137 185 147 3 24 58 189 14 165 44 87 25 132 98 94 195 63 86 44 199 50 189 66 114 131 63 36 39 39 161 61 24 25 71 161 199 85 120 108 157 189 36 160 143 4 33 61 106 103 2 4 26 138 171 86 61 51 184 47 175 80 68 182
995
0 0 0 0 0 0 0 0 0 0 0 0 0 0 0 0 0 0 0 0 0 0 0 0 0 0 0 0 0 0 0 0 0 0 0 0 0 0 0 0 0 0 0 0 0 0 0 0 0 0 0 0 0 0 0 0 0 0 0 0 0 0 0 0 0 0 0 0 0 0 0 0 0 0 0 0 0 0 0 0 0 0 0 0 0 0 0 0 0 0 0 0 0 0 0 0 0 0 0 0 0 0 0 0 0 0 0 0 0 0 0 0 0 0 0 0 0 0 0 0 0 0 0 0 0 0 0 0 0 0 0 0 0 0 0 0 0 0 0 0 0 0 0 0 0 0 0 0 0 0 0 0 0 0 0 0 0 0 0 0 0 0 0 0 0 0 0 0 0 0 0 0 0 0 0 0 0 0 0 0 0 0 0 0 0 0 0 0 0 0 0 0 0 0 0 0 0 0 0 0 0 0 0 0 0 0 0 0 0 0 0 0 0 0 0 0 0 0 0 0 0 0 0 0 0 0 0 0 0 0 0 0 0 0 0 0 0 0 0 0 0 0 0 0 0 0 0 0 0 0 0 0 0 0 0 0 0 0 0 0 0 0 0 0 0 0 0 0 0 0 0 0 0 0 0 0 0 0 0 0 0 0 0 0 0 0 0 0 0 0 0 0 0 0 0 0 0 0 0 0 0 0 0 0 0 0 0 0 0 0 0 0 0 0 0 0 0 0 0 0 0 0 0 0 0 0 0 0 0 0 0 0 0 0 0 0 0 0 0 0 0 0 0 0 0 0 0 0 0 0 0 0 0 0 0 0 0 0 0 0 0 0 0 0 0 0 0 0 0 0 0 0 0 0 0 0 0 0 0 0 0 0 0 0 0 0 0 0 0 0 0 0 0 0 0 0 0 0 0 0 0 0 0 0 0 0 0 0 0 0 0 0 0 0 0 0 0 0 0 0 0 0 0 0 0 0 0 0 0 0 0 0 0 0 0 0 0 0 0 0 0 0 0 0 0 0 0 0 0 0 0 0 0 0 0 0 0 0 0 0 0 0 0 0 0 0 0 0 0 0 0 0 0 0 0 0 0 0 0 0 0 0 0 0 0 0 0 0 0 0 0 0 0 0 0 0 0 0 0 0 0 0 0 0 0 0 0 0 0 0 0 0 0 0 0 0 0 0 0 0 0 0 0 0 0 0 0 0 0 0 0 0 0 0 0 0 0 0 0 0 0 0 0 0 0 0 0 0 0 0 0 0 0 0 0 0 0 0 0 0 0 0 0 0 0 0 0 0 0 0 0 0 0 0 0 0 0 0 0 0 0 0 0 0 0 0 0 0 0 0 0 0 0 0 0 0 0 0 0 0 0 0 0 0 0 0 0 0 0 0 0 0 0 0 0 0 0 0 0 0 0 0 0 0 0 0 0 0 0 0 0 0 0 0 0 0 0 0 0 0 0 0 0 0 0 0 0 0 0 0 0 0 0 0 0 0 0 0 0 0 0 0 0 0 0 0 0 0 0 0 0 0 0 0 0 0 0 0 0 0 0 0 0 0 0 0 0 0 0 0 0 0 0 0 0 0 0 0 0 0 0 0 0 0 0 0 0 0 0 0 0 0 0 0 0 0 0 0 0 0 0 0 0 0 0 0 0 0 0 0 0 0 0 0 0 0 0 0 0 0 0 0 0 0 0 0 0 0 0 0 0 0 0 0 0 0 0 0 0 0 0 0 0 0 0 0 0 0 0 0 0 0 0 0 0 0 0 0 0 0 0 0 0 0 0 0 0 0 0 0 0 0 0 0 0 0 0 0 0 0 0 0 0 0 0 0 0 0 0 0 0 0 0 0 0 0 0 0 0 0 0 0 0 0 0 0 0 0 0 0 0 0 0 0 0 0 0 0 0 0 0 0 0 0 0 0 0 0 0 0 0 0 0 0 0 0 0 0 0 0 0 0 0 0 0 0 0 0 0 0 0 0 0 0 0 0 0 0 0 0 0 0 0 0 0 0 0 0 0 0 0 0 0 0 0 0 0 0 0 0 0 0 0 0 0 0 0 0 0 0 0 0 0 0 0 0 0 0 0 0 0 0 0 0 0 0 0 0 0 0 0 0 0 0 0 0 0 0 0 0 0 0 0 0 0 0 0 0 0 0 0 0 0 0 0 0 0 0 0 0 0 0 0 0 0 0 0 0 0 0 0 0 0 0 0 0 0 0 0 0 0 0 0 0 0 0 0 0 0 0 0 0 0 0 0
974
0 200 73 104 52 119 106 67 51 67 67 67 84 99 99 105 88 58 70 85 114 96 59 92 98 62 76 50 56 67 108 104 93 120 61 61 63 61 77 98 69 54 59 91 56 113 107 57 87 62 72 87 64 110 95 62 75 83 75 120 64 117 53 71 95 117 54 107 96 52 55 86 60 62 84 56 108 84 91 95 65 113 83 57 79 74 105 78 51 69 83 86 56 87 61 109 85 74 105 83 92 89 83 102 70 73 117 92 117 99 77 67 56 99 75 78 108 105 99 90 60 60 111 77 51 115 96 107 72 106 81 64 64 50 108 62 54 71 93 86 61 52 64 116 112 66 80 96 68 94 94 69 102 99 106 72 111 69 53 75 61 102 53 72 89 69 54 81 80 52 96 62 63 77 54 102 68 65 76 59 108 64 83 62 67 52 76 92 56 52 50 72 103 66 99 61 112 119 113 99 70 101 102 89 89 102 100 73 59 116 103 61 60 85 102 95 84 84 86 116 91 120 103 83 71 75 100 94 81 82 101 68 52 76 113 84 105 104 79 94 106 59 65 81 94 59 63 112 70 74 96 100 99 71 61 104 84 56 65 109 116 114 80 62 117 69 93 87 100 89 97 54 109 50 78 88 92 91 106 52 77 115 63 96 67 78 56 51 67 54 120 100 50 111 65 59 118 109 109 111 71 114 70 83 68 106 78 110 57 99 83 89 111 120 83 107 65 77 85 80 102 111 83 106 68 100 108 111 81 69 116 92 98 82 117 89 120 80 62 115 102 112 65 74 106 88 79 84 53 114 111 101 92 115 63 101 64 105 104 65 106 118 92 108 98 110 115 76 64 88 119 68 105 73 65 75 80 72 71 58 90 107 76 61 97 103 83 76 62 119 51 83 54 76 61 112 88 114 64 72 63 53 88 104 61 94 59 51 91 80 88 62 103 109 108 84 77 60 113 77 63 85 110 111 92 101 77 76 108 106 56 96 109 74 103 91 99 117 119 99 110 108 105 116 115 50 66 111 73 117 68 75 104 100 103 112 96 53 55 57 97 109 65 103 55 101 77 109 116 93 72 65 66 74 66 115 71 80 79 88 57 68 102 103 59 114 109 56 97 72 109 116 104 50 92 97 76 60 59 91 112 114 77 66 65 87 58 66 112 117 57 117 115 102 60 105 55 95 83 64 118 79 117 79 106 65 76 55 84 65 55 71 111 93 110 110 102 58 107 86 61 90 117 92 97 87 91 51 100 77 70 73 80 90 101 115 103 98 108 102 107 59 89 104 78 62 83 89 88 51 66 93 69 54 102 116 101 70 114 67 87 80 87 71 60 80 65 80 108 95 65 68 93 80 70 65 101 67 68 108 108 88 110 92 63 64 92 51 92 98 59 67 79 113 105 99 72 67 111 83 101 79 57 55 110 54 64 99 97 99 102 52 80 92 86 118 68 89 119 111 106 93 84 73 97 68 120 54 58 98 76 94 75 112 88 101 99 79 120 96 82 60 52 56 56 74 58 93 116 88 74 117 74 82 101 95 58 55 65 62 112 50 66 107 97 115 65 110 96 91 56 72 63 109 71 96 90 101 84 76 55 103 62 76 115 94 67 89 82 84 83 109 88 76 84 56 53 61 59 77 112 81 91 65 109 108 113 86 95 61 75 105 93 101 87 68 75 119 94 120 99 90 86 62 62 90 86 78 51 60 63 96 93 100 111 110 72 62 110 80 78 102 90 57 52 91 107 103 98 95 99 56 52 60 95 95 51 119 86 80 77 67 114 117 52 79 68 112 70 66 96 73 81 117 119 74 64 86 104 87 59 65 119 99 109 62 105 78 114 75 54 69 112 57 98 111 83 62 62 71 63 103 118 63 58 86 100 92 65 99 80 101 96 52 73 83 88 78 88 77 74 85 77 72 80 100 69 58 82 67 109 102 94 100 101 83 72 58 116 118 53 86 91 54 107 119 63 53 110 81 71 57 63 60 85 69 119 89 73 64 87 100 100 56 95 86 60 85 74 110 67 64 78 70 93 119 108 73 51 88 98 76 94 106 106 120 62 80 50 82 109 50 94 61 67 95 54 114 116 78 54 84 85 68 82 64 65 110 81 59 96 74 51 97 54 64 102 66 90 71 82 69 106 116 87 92 50 117 68 67 96 108 81 97 101 116 101 110 108 88 117 99 113 119 90 95 88 97 97 65 67 114 78 200
67
18 17 7 16 4 0 7 7 4 18 1 19 9 17 13 4 17 19 16 14 3 12 12 13 17 12 19 1 19 10 16 11 17 8 3 12 1 20 15 15 8 5 3 8 3 12 18 4 4 9 5 14 5 10 3 7 3 5 18 0 11 10 7 6 14 4 11
639
200 200 200 200 200 200 200 200 200 200 200 200 200 200 200 200 200 200 200 200 200 200 200 200 200 200 200 200 200 200 200 200 200 200 200 200 200 200 200 200 200 200 200 200 200 200 200 200 200 200 200 200 200 200 200 200 200 200 200 200 200 200 200 200 200 200 200 200 200 200 200 200 200 200 200 200 200 200 200 200 200 200 200 200 200 200 200 200 200 200 200 200 200 200 200 200 200 200 200 200 200 200 200 200 200 200 200 200 200 200 200 200 200 200 200 200 200 200 200 200 200 200 200 200 200 200 200 200 200 200 200 200 200 200 200 200 200 200 200 200 200 200 200 200 200 200 200 200 200 200 200 200 200 200 200 200 200 200 200 200 200 200 200 200 200 200 200 200 200 200 200 200 200 200 200 200 200 200 200 200 200 200 200 200 200 200 200 200 200 200 200 200 200 200 200 200 200 200 200 200 200 200 200 200 200 200 200 200 200 200 200 200 200 200 200 200 200 200 200 200 200 200 200 200 200 200 200 200 200 200 200 200 200 200 200 200 200 200 200 200 200 200 200 200 200 200 200 200 200 200 200 200 200 200 200 200 200 200 200 200 200 200 200 200 200 200 200 200 200 200 200 200 200 200 200 200 200 200 200 200 200 200 200 200 200 200 200 200 200 200 200 200 200 200 200 200 200 200 200 200 200 200 200 200 200 200 200 200 200 200 200 200 200 200 200 200 200 200 200 200 200 200 200 200 200 200 200 200 200 200 200 200 200 200 200 200 200 200 200 200 200 200 200 200 200 200 200 200 200 200 200 200 200 200 200 200 200 200 200 200 200 200 200 200 200 200 200 200 200 200 200 200 200 200 200 200 200 200 200 200 200 200 200 200 200 200 200 200 200 200 200 200 200 200 200 200 200 200 200 200 200 200 200 200 200 200 200 200 200 200 200 200 200 200 200 200 200 200 200 200 200 200 200 200 200 200 200 200 200 200 200 200 200 200 200 200 200 200 200 200 200 200 200 200 200 200 200 200 200 200 200 200 200 200 200 200 200 200 200 200 200 200 200 200 200 200 200 200 200 200 200 200 200 200 200 200 200 200 200 200 200 200 200 200 200 200 200 200 200 200 200 200 200 200 200 200 200 200 200 200 200 200 200 200 200 200 200 200 200 200 200 200 200 200 200 200 200 200 200 200 200 200 200 200 200 200 200 200 200 200 200 200 200 200 200 200 200 200 200 200 200 200 200 200 200 200 200 200 200 200 200 200 200 200 200 200 200 200 200 200 200 200 200 200 200 200 200 200 200 200 200 200 200 200 200 200 200 200 200 200 200 200 200 200 200 200 200 200 200 200 200 200 200 200 200 200 200 200 200 200 200 200 200 200 200 200 200 200 200 200 200 200 200 200 200 200 200 200 200 200 200 200 200 200 200 200 200 200 200 200 200 200 200 200 200 200 200 200 200
483
89 136 117 129 69 164 29 119 12 70 88 129 17 111 49 13 49 138 139 118 200 40 168 75 164 103 80 168 135 103 103 7 97 84 24 24 143 6 44 37 6 20 2 14 200 197 186 92 18 183 85 158 147 17 69 112 102 158 84 68 54 127 23 174 85 185 34 16 119 105 189 14 64 121 187 117 82 145 5 13 113 199 102 38 86 103 142 178 187 191 63 93 107 125 30 100 120 145 158 39 62 131 123 40 108 140 130 70 29 59 115 147 127 162 134 153 91 133 36 159 169 162 143 185 80 21 66 88 179 183 53 186 101 139 135 129 66 105 101 51 21 115 73 81 157 182 72 175 7 84 197 47 45 119 41 167 21 12 185 77 61 47 155 81 159 114 113 4 152 195 142 116 0 140 40 193 194 150 82 27 55 52 96 147 145 38 143 113 152 170 28 74 7 65 20 92 50 176 81 193 0 94 103 52 71 6 24 15 68 190 18 8 85 75 50 200 85 9 156 198 109 92 77 80 50 17 167 140 18 168 175 82 6 12 19 146 83 133 166 58 82 50 113 38 134 33 20 60 188 114 142 5 152 2 65 42 172 20 197 34 77 25 190 182 19 156 58 43 93 41 192 7 82 177 64 49 110 51 188 138 4 68 66 25 54 9 43 64 9 55 60 182 99 1 148 169 70 170 193 27 148 122 166 155 119 106 21 155 146 187 18 134 100 75 5 18 65 196 21 96 68 38 174 48 25 97 132 79 100 22 60 182 62 49 157 107 188 77 94 12 199 86 125 198 59 168 187 172 138 16 73 74 163 7 145 17 173 187 38 43 175 163 196 27 85 144 32 42 80 35 33 134 107 200 194 14 151 78 179 78 98 58 65 139 146 115 142 137 1 157 8 27 153 198 193 161 196 168 94 148 135 64 81 68 176 177 128 40 28 60 29 163 58 85 131 86 32 185 46 154 62 198 153 87 9 49 84 110 134 132 139 181 190 168 23 47 187 182 79 188 137 125 111 161 189 199 0 197 18 53 0 158 80 89 129 75 16 131 61 110 114 173 82 34 29 182 174 78 114 178 191 184 164 146 170 112 130 86 157 101 50 80 6
22
0 3 13 11 19 9 6 9 8 20 13 7 15 16 14 0 19 1 14 9 14 2
483
91 70 70 91 70 91 70 91 91 91 91 70 70 91 91 70 70 91 91 91 91 91 91 91 91 70 91 70 91 70 70 91 91 91 70 70 91 70 91 70 91 70 70 91 91 91 91 91 70 70 91 70 70 70 70 70 91 91 91 70 70 70 91 91 70 70 70 91 70 91 91 70 70 70 70 91 91 91 91 91 70 70 70 70 91 70 70 70 91 70 91 91 91 70 70 91 91 91 70 70 91 91 91 70 91 91 70 91 91 70 91 91 70 70 91 70 70 91 91 70 70 91 70 91 91 70 70 70 70 91 91 91 70 91 70 70 91 91 70 91 91 70 70 70 91 70 70 70 91 70 70 91 70 91 91 70 91 91 91 70 91 91 91 70 70 91 70 70 91 91 70 70 70 70 91 91 91 91 70 91 91 91 91 91 70 91 70 70 70 91 91 91 70 91 91 70 91 70 70 70 91 91 91 70 70 70 70 70 91 91 91 70 70 91 70 91 70 70 91 70 70 91 70 91 91 91 70 70 70 91 70 70 91 91 91 70 70 91 70 91 91 70 70 91 91 70 91 70 70 70 70 70 91 91 91 91 91 70 91 91 91 70 70 91 91 91 91 70 70 70 70 91 91 70 70 70 70 70 70 91 91 70 70 70 70 70 70 91 91 91 91 70 70 70 70 70 70 70 91 70 91 91 70 70 70 70 91 91 70 91 91 91 70 70 91 91 70 91 91 70 70 91 91 70 91 91 91 91 70 70 91 91 70 70 70 91 91 70 91 70 91 70 91 70 70 91 70 91 91 70 91 70 70 91 91 70 70 70 70 91 91 70 70 70 70 70 70 91 70 91 70 91 91 70 70 91 91 70 70 91 91 91 91 91 91 70 91 91 70 70 70 70 91 91 91 91 70 91 91 70 91 70 91 70 91 91 91 70 91 91 70 91 91 70 70 91 91 70 70 70 91 91 91 70 91 91 70 91 70 70 91 70 70 70 91 91 91 70 70 70 70 70 91 91 70 70 70 70 91 70 70 70 70 91 91 70 70 70 70 91 91 91 70 91 91 70 91 70 91 70 91 70 91 70 91 91 91 70 91 70 91 70 91
773
0 200 115 85 108 62 117 97 56 86 59 67 84 61 86 82 93 76 78 93 51 105 91 87 68 87 84 71 56 115 107 95 84 97 51 75 102 58 82 102 54 61 103 82 54 65 80 96 96 95 53 79 84 113 51 57 53 64 119 81 106 62 52 97 64 61 88 80 91 77 73 100 89 107 112 57 116 78 54 74 103 64 78 95 108 75 82 95 55 80 72 95 51 62 54 62 81 60 86 106 117 111 102 98 101 97 85 81 66 90 55 103 81 100 56 89 70 94 91 78 51 108 58 84 56 70 114 56 61 103 101 90 76 53 93 109 61 95 100 95 86 113 59 118 113 109 70 99 86 85 80 89 110 105 72 71 97 56 70 110 107 82 105 120 65 85 55 70 95 85 61 103 109 93 53 118 96 65 77 88 112 72 113 92 106 52 52 84 52 63 67 75 65 90 105 75 109 77 84 50 104 116 86 102 75 70 109 113 63 103 94 74 115 114 78 88 119 78 92 105 119 113 81 74 80 82 115 60 65 68 116 91 114 100 57 91 63 110 76 102 69 61 56 69 99 71 50 81 82 118 119 119 78 107 82 101 92 98 93 80 89 65 101 93 113 92 117 92 120 85 77 76 87 104 88 71 89 64 93 50 90 90 81 119 105 61 93 97 98 99 116 118 101 70 100 63 62 84 88 88 101 115 98 84 101 109 50 65 78 79 85 91 58 102 106 76 113 52 61 63 88 81 105 102 56 86 89 120 94 109 118 110 109 56 100 50 106 56 98 67 70 68 105 81 85 87 71 117 117 74 71 109 70 96 72 84 95 120 116 87 63 52 114 71 70 69 85 103 67 79 116 76 114 120 120 62 118 98 97 86 71 101 92 109 63 96 61 104 73 111 61 75 89 68 108 72 64 69 87 91 81 56 67 56 112 81 118 120 101 85 83 105 85 78 52 65 112 56 63 84 60 116 118 91 87 67 56 76 91 65 53 95 98 100 57 81 62 112 78 83 59 117 117 118 72 71 80 70 117 112 50 106 104 101 120 84 109 73 96 77 106 78 56 58 76 93 113 74 61 94 61 81 114 109 82 115 115 99 112 54 87 63 117 77 118 118 78 67 64 83 119 76 119 71 85 74 114 65 103 63 74 84 54 70 99 90 84 116 81 80 90 83 63 74 60 64 106 87 51 58 114 101 62 116 52 99 81 95 111 88 112 57 88 74 88 53 78 73 54 104 95 73 66 112 112 67 96 63 90 63 84 100 110 59 71 86 87 118 82 75 91 107 73 88 53 118 74 76 74 106 67 91 88 64 79 69 115 79 94 86 72 77 89 61 94 81 55 67 72 63 116 113 89 86 96 84 71 115 93 112 96 113 102 91 56 70 85 92 115 95 69 103 89 108 71 98 108 62 79 103 95 76 66 62 60 114 86 80 76 84 96 99 54 61 65 93 108 79 61 109 58 106 80 118 61 106 85 117 73 62 79 88 95 95 76 91 62 54 107 75 60 86 83 93 77 110 109 113 114 114 95 73 84 78 118 91 63 99 61 82 109 75 69 73 112 66 115 64 103 94 111 82 69 120 90 50 59 73 69 77 67 81 115 90 103 52 109 114 64 90 62 56 61 87 50 66 66 119 62 85 111 63 80 93 88 89 62 93 108 56 113 120 71 71 72 104 67 81 117 114 96 89 109 56 99 78 53 59 84 61 109 115 119 88 78 117 76 73 57 65 65 111 106 112 93 101 58 74 76 61 65 55 200
766
18 3 15 5 11 12 4 13 15 3 0 1 2 15 18 8 6 12 3 1 16 8 8 7 13 2 13 13 19 16 17 3 11 13 14 1 7 0 10 0 16 1 10 3 20 13 13 14 16 8 10 15 19 10 6 2 7 13 20 8 15 6 14 16 11 20 8 6 12 9 20 3 0 5 19 10 14 14 5 3 5 19 0 17 9 17 18 13 17 17 1 9 20 7 20 9 5 4 2 13 0 14 4 1 1 6 2 4 17 14 0 2 1 5 16 1 12 7 12 12 20 7 2 1 10 19 0 10 17 9 18 11 0 19 14 14 8 19 12 7 20 1 9 20 0 12 7 16 18 12 5 7 11 11 7 12 9 7 18 3 1 20 12 14 18 18 4 20 11 11 8 2 4 19 18 16 7 11 10 17 12 19 20 3 3 15 5 3 6 7 2 19 2 3 6 14 3 11 17 10 12 12 13 4 16 0 10 1 7 7 20 2 18 16 8 6 18 10 11 15 14 16 15 17 0 12 14 11 1 0 4 0 1 17 1 12 14 11 1 16 18 4 19 19 17 11 16 7 2 3 8 0 15 20 16 10 18 15 19 20 8 0 1 5 15 18 13 13 1 12 7 17 18 2 14 7 3 4 10 7 3 12 0 10 8 0 0 5 3 18 8 8 9 9 7 3 15 16 3 4 14 2 1 14 13 13 17 10 0 12 7 17 3 10 4 18 7 0 5 0 19 13 15 10 19 20 17 11 18 8 5 20 10 7 12 7 0 7 8 1 7 7 15 10 9 13 20 11 16 17 14 11 20 0 18 15 7 11 16 8 14 19 13 1 8 13 1 20 8 12 0 14 12 13 13 17 20 5 1 6 10 16 0 5 6 4 15 16 8 16 13 20 18 9 15 4 6 1 2 14 11 7 2 3 7 6 2 19 10 8 18 18 12 1 5 17 0 11 17 6 20 6 8 15 10 4 12 12 4 17 2 11 14 12 11 11 6 2 14 10 2 11 6 4 15 15 19 2 1 9 0 1 5 7 9 14 2 14 19 6 1 0 6 17 2 5 11 14 3 9 10 0 6 2 7 0 10 6 18 18 17 20 2 5 11 4 20 13 2 2 16 12 2 19 13 2 6 0 13 16 20 12 2 14 3 7 20 4 19 7 11 5 12 13 13 12 10 14 1 16 1 1 11 5 10 13 8 14 12 12 7 1 7 0 2 20 12 10 7 5 2 19 5 1 9 5 12 13 15 19 0 15 19 2 9 0 5 5 4 8 16 1 15 4 13 15 20 2 19 4 15 6 0 18 18 13 6 12 6 14 1 16 7 20 5 7 20 4 4 2 1 19 15 8 1 20 16 10 19 7 3 12 12 9 7 2 0 10 18 4 2 2 4 19 10 17 13 9 10 11 12 3 5 20 6 0 14 15 20 4 17 11 5 15 19 9 10 8 10 8 11 6 9 10 16 4 13 5 18 4 7 3 5 10 4 10 4 2 6 4 2 12 19 15 1 10 4 17 3 10 1 15 7 17 10 18 2 0 9 17 9 15 2 10 14 9 20 20 7 1 3 14 7 2 2 7 0 3 7 8 17 19 10 8 9 20 17 19 7 7 12 9 6 4 16 9 9 7 9 16 2 18 9 18 10 20 9 2 15 1 2 0 15 14 2 3 14 4 9 2 18 0 0 2 10 15 4 15 12 10 4 5 9 14 10 20 15 11 16 1 10 7 12 18 1 10
209
0 0 0 0 0 0 0 0 0 0 0 0 0 0 0 0 0 0 0 0 0 0 0 0 0 0 0 0 0 0 0 0 0 0 0 0 0 0 0 0 0 0 0 0 0 0 0 0 0 0 0 0 0 0 0 0 0 0 0 0 0 0 0 0 0 0 0 0 0 0 0 0 0 0 0 0 0 0 0 0 0 0 0 0 0 0 0 0 0 0 0 0 0 0 0 0 0 0 0 0 0 0 0 0 0 0 0 0 0 0 0 0 0 0 0 0 0 0 0 0 0 0 0 0 0 0 0 0 0 0 0 0 0 0 0 0 0 0 0 0 0 0 0 0 0 0 0 0 0 0 0 0 0 0 0 0 0 0 0 0 0 0 0 0 0 0 0 0 0 0 0 0 0 0 0 0 0 0 0 0 0 0 0 0 0 0 0 0 0 0 0 0 0 0 0 0 0 0 0 0 0 0 0 0 0 0 0 0 0
720
56 60 60 56 149 149 149 56 149 60 149 60 60 56 31 60 60 31 60 31 149 56 60 56 149 56 149 31 56 31 31 56 149 149 60 31 60 60 149 149 60 56 60 149 60 60 60 60 56 149 149 149 60 60 31 149 60 60 60 31 56 56 56 60 31 56 31 31 56 56 60 56 60 149 56 31 31 56 31 60 60 60 60 56 149 60 149 56 60 149 149 149 31 31 60 56 31 56 60 60 31 56 31 56 31 31 56 60 60 149 56 60 60 56 56 60 56 56 56 149 56 60 60 31 60 149 149 60 56 31 149 56 149 56 60 31 31 149 56 56 56 56 56 31 60 149 56 149 56 31 60 149 56 56 60 149 60 60 56 31 149 60 56 60 149 31 56 60 31 31 60 56 31 31 60 149 149 56 60 56 31 31 31 56 31 149 149 60 60 149 149 149 149 56 60 60 60 60 60 31 149 60 60 60 60 60 31 31 31 56 60 56 149 60 149 149 60 60 31 31 60 149 56 56 56 149 31 31 56 31 31 149 31 56 149 60 60 56 31 149 60 60 149 149 56 31 31 149 56 31 56 56 56 31 149 149 56 149 56 149 149 60 56 60 60 56 31 149 31 60 60 31 149 31 149 149 60 31 31 149 60 31 56 60 56 60 56 31 31 149 31 31 31 56 31 149 31 31 60 56 149 60 31 60 149 149 56 31 56 56 149 60 31 31 31 60 56 60 149 31 60 149 149 149 56 31 60 31 31 31 56 149 31 56 31 56 56 60 149 56 56 149 60 56 149 60 149 31 56 149 56 31 31 56 60 56 31 31 149 31 60 60 56 31 56 60 31 56 149 56 56 56 60 56 60 56 56 56 149 149 60 149 60 60 31 60 31 56 60 149 31 60 60 56 149 149 149 149 60 149 149 56 60 60 149 60 56 31 149 31 31 149 149 56 56 31 31 31 60 60 60 60 31 60 60 56 31 56 56 31 60 31 56 60 60 60 149 149 56 149 31 149 149 149 56 149 149 149 31 60 56 60 149 31 60 60 60 60 31 149 31 60 31 56 56 60 31 56 149 56 60 149 149 149 31 56 56 31 56 56 149 56 60 31 149 149 31 60 56 56 60 149 31 31 149 149 31 56 149 56 56 31 149 149 56 56 149 56 60 60 60 60 56 31 31 31 56 31 56 56 31 60 56 60 149 31 31 56 60 60 31 31 60 60 60 31 60 60 60 149 149 149 60 31 31 149 56 149 149 56 149 31 56 56 149 31 60 60 149 31 56 56 60 56 60 149 149 60 56 31 31 56 60 149 149 31 56 31 56 56 149 31 60 56 149 31 60 31 149 149 60 31 56 60 56 31 60 60 149 60 56 31 56 149 31 31 56 56 31 60 31 31 149 56 60 56 60 31 56 149 31 60 56 56 31 60 56 31 31 149 149 31 31 149 56 31 56 31 60 60 56 60 60 31 31 56 60 31 149 60 56 149 60 56 60 60 60 31 149 60 60 56 149 60 56 31 60 60 31 60 56 56 56 60 60 56 60 56 60 60 31 31 56 31 60 31 60 60 149 60 56 31 149 56 60 31 149 149 60 31 60 149 60 149 60 56 149 31 56 60 60 31 31 56 31 31 31 56 31 31
353
0 200 90 77 116 118 112 118 101 72 97 84 117 103 111 89 66 101 96 84 80 65 78 102 95 101 108 89 96 71 61 117 80 78 96 79 89 118 83 111 94 67 61 62 107 68 73 69 80 112 93 69 59 57 107 93 76 115 110 52 77 69 80 62 64 113 117 53 80 83 94 84 119 83 83 81 107 65 56 56 84 105 118 102 109 72 94 103 104 97 99 105 96 106 53 99 106 76 90 90 51 68 107 62 75 53 51 50 82 111 106 116 93 101 73 107 106 106 57 99 84 74 108 80 114 105 80 74 75 54 94 114 83 64 106 98 63 83 56 101 111 79 111 105 94 103 77 97 66 106 101 116 114 76 108 115 99 66 109 87 113 69 116 92 99 95 91 61 94 109 93 63 98 78 68 83 71 71 86 116 76 102 69 77 71 60 55 107 67 64 116 75 95 64 118 93 108 51 97 74 117 87 118 111 89 73 65 63 106 115 74 107 118 107 90 91 70 97 111 117 93 54 59 100 97 52 62 68 60 109 75 88 104 86 68 71 83 85 81 102 71 86 79 56 88 55 93 61 52 115 98 67 54 99 53 90 55 70 62 74 116 60 63 50 96 90 82 95 86 95 110 93 55 118 96 87 119 78 89 71 63 87 94 64 62 64 83 81 93 116 113 110 65 107 82 57 118 90 61 100 98 116 118 72 103 120 104 101 101 76 81 69 52 103 60 69 73 99 73 113 71 85 88 87 83 81 103 57 60 97 87 69 53 109 51 76 100 96 114 53 118 61 112 59 86 62 65 105 70 98 52 57 200
72
47 17 177 75 128 4 171 177 13 192 19 17 83 134 3 80 8 192 63 46 150 71 111 41 132 155 92 168 11 99 128 159 29 28 137 101 6 120 94 161 4 166 47 41 29 6 150 125 91 159 122 85 193 18 87 108 26 8 163 71 2 11 84 200 53 115 106 52 163 71 147 53
243
53 63 155 44 76 84 28 88 152 34 55 145 10 104 97 121 61 71 69 167 187 31 179 152 185 162 69 150 20 112 45 77 7 155 144 163 132 47 55 94 165 128 68 2 53 60 149 70 36 111 66 7 98 167 146 33 100 162 111 182 166 94 84 77 55 162 55 98 54 4 22 77 135 156 1 17 85 179 163 63 170 42 91 92 116 67 151 28 193 172 175 53 32 66 137 113 86 57 92 75 76 104 156 53 25 87 70 148 4 66 129 35 165 48 104 125 41 43 40 104 175 78 184 164 32 176 34 48 88 168 51 56 83 168 18 11 128 121 46 52 162 6 39 113 8 96 47 139 92 25 32 67 94 15 197 57 194 183 153 123 140 85 11 189 10 146 119 9 109 196 92 115 120 156 126 198 198 63 158 107 13 102 145 70 184 132 168 107 179 154 185 185 115 55 44 61 48 152 151 148 112 174 140 17 4 139 65 4 166 1 200 31 65 61 126 152 187 17 71 155 79 69 41 112 178 119 31 183 60 18 155 46 159 25 123 136 175 159 47 25 7 26 200
535
12 199 20 11 4 1 6 13 170 9 1 154 17 180 4 2 5 10 9 19 7 1 12 18 8 6 9 1 20 15 12 11 1 8 4 193 19 12 8 0 18 14 10 6 1 5 19 181 179 7 17 11 160 173 19 189 171 19 15 11 191 197 9 181 6 6 170 10 19 158 18 17 15 15 8 16 5 19 199 3 15 19 5 15 8 17 0 20 150 18 11 14 6 7 158 14 8 10 165 5 5 173 15 11 15 5 9 10 10 3 189 14 4 184 188 189 2 15 154 5 13 151 7 14 171 15 5 17 13 197 0 168 171 11 0 185 1 10 3 18 4 6 156 10 4 20 18 3 18 11 14 171 7 13 8 14 11 10 10 3 12 16 180 13 13 6 195 2 11 5 159 4 198 19 8 17 166 4 5 14 3 9 8 194 4 8 4 156 3 14 6 18 6 10 12 2 8 4 4 19 16 10 3 185 10 4 3 3 14 16 11 6 17 18 2 196 1 6 16 153 3 10 13 18 18 172 14 3 6 7 12 12 13 18 176 13 1 184 16 11 17 1 11 20 8 20 179 16 15 16 11 13 13 199 11 2 20 10 1 19 5 165 19 8 200 20 19 159 18 198 19 1 2 11 17 5 163 16 2 5 190 185 0 7 12 2 15 2 20 20 12 20 12 3 17 7 3 20 9 9 158 20 6 13 5 10 10 12 192 0 6 11 1 0 15 1 15 8 12 5 9 14 191 0 160 19 17 180 16 7 2 2 187 158 155 18 17 5 11 5 10 14 11 10 18 12 20 15 8 9 18 15 7 13 11 0 1 7 2 16 199 2 2 171 169 19 7 3 9 9 167 18 184 166 6 16 8 20 0 10 168 17 12 16 20 5 0 8 196 12 5 1 20 19 0 4 189 11 0 161 196 18 14 19 2 14 7 16 1 15 4 10 19 5 18 13 5 12 169 8 20 167 3 0 16 19 10 18 10 7 16 0 4 3 159 156 164 2 10 19 1 177 179 11 1 3 186 6 0 159 14 182 19 179 1 150 6 185 157 13 153 172 2 8 15 172 17 18 16 18 166 4 7 9 5 2 12 4 20 2 187 5 1 4 7 13 159 187 12 19 183 152 6 0 4 14 5 9 10 154 17 2 6 9 10 18 10 166 13 15 187 199 19 9 196 0 20 2 200 15 7 8 17 17 165 18 2 166 156 193 20 1 10 11 10
552
161 136 136 58 161 136 63 58 63 63 161 63 63 58 161 198 136 63 161 136 63 161 63 136 198 161 136 198 58 58 161 63 63 58 58 63 161 161 136 58 63 58 63 63 136 58 63 136 198 198 63 198 63 136 63 58 63 136 63 136 136 63 198 198 198 161 198 63 58 136 58 58 198 136 161 63 58 198 63 63 198 58 161 58 63 198 161 136 136 63 198 136 63 136 63 58 161 136 198 136 63 198 58 161 58 136 198 198 161 161 58 63 161 63 136 63 198 58 161 63 63 198 63 58 136 136 161 63 161 58 198 58 63 136 198 63 198 63 136 63 198 136 63 63 198 136 58 136 58 58 58 136 161 161 161 136 136 161 198 161 136 161 161 58 161 161 136 63 136 136 161 161 58 198 198 136 63 161 198 136 58 58 136 198 161 136 161 198 63 58 63 161 63 161 63 63 63 136 161 63 198 58 161 58 161 161 198 58 198 58 161 161 161 136 136 63 63 63 63 161 161 198 63 161 198 136 198 58 161 161 63 136 198 58 161 161 63 58 198 63 161 58 63 161 136 161 136 198 198 198 63 136 136 198 161 136 161 136 198 58 58 198 198 58 161 58 63 58 198 63 198 136 58 63 58 198 58 63 63 63 63 161 58 58 136 198 198 161 63 63 198 63 161 198 136 198 58 198 58 58 136 63 63 63 161 198 136 161 136 63 161 198 58 63 198 198 198 63 136 198 63 63 161 136 161 161 136 136 58 161 136 58 58 136 136 136 136 198 161 63 198 63 198 63 63 161 63 136 58 58 63 136 63 198 63 136 136 198 58 161 161 63 198 161 161 136 58 136 63 136 63 58 58 63 136 198 136 198 58 198 198 136 63 136 58 58 63 161 198 161 58 161 198 136 198 136 136 63 136 63 58 58 58 161 58 161 198 161 58 58 136 161 136 136 63 63 63 63 58 63 58 136 63 63 198 63 58 63 136 58 161 63 58 136 63 136 161 198 136 63 136 136 161 136 161 136 58 136 58 63 58 58 161 136 161 63 58 136 161 136 63 161 198 63 136 63 198 136 58 63 63 161 161 198 136 136 136 161 63 198 136 161 63 198 58 58 136 136 136 63 136 63 161 198 161 63 161 198 63 58 161 198 161 198 136 136 58 58 198 58 63 198 198 198 63 63 136 198 63 58 63 198 198 58 161 161 136 161 58 161 161 58 161 161 63 63 58 58 58 198 198 198 161 198 136 63 58 136 58 63 58 198
30
15 4 8 5 10 7 18 10 6 20 16 8 0 10 0 11 12 15 20 5 20 0 5 13 19 12 20 3 7 3
652
11 34 87 34 91 12 91 34 11 91 91 12 11 42 34 91 34 42 87 34 12 12 34 91 11 91 91 42 11 34 11 87 34 91 12 12 91 12 42 91 12 91 91 11 87 91 34 11 91 87 42 87 34 12 42 42 34 11 91 91 34 87 34 91 87 42 42 12 42 11 91 91 42 87 91 87 87 87 42 11 87 87 11 11 34 11 12 12 91 11 91 34 42 91 11 12 87 42 12 91 34 12 87 11 42 42 87 12 11 12 12 91 12 87 87 11 12 91 11 34 42 34 34 34 87 34 34 12 34 11 87 34 12 12 91 12 11 87 91 42 12 11 34 34 87 42 11 42 42 12 87 87 12 12 11 11 11 91 42 11 34 34 34 91 12 34 12 42 12 11 42 12 12 87 91 42 12 11 42 11 91 11 42 42 87 87 11 42 91 42 87 87 12 12 34 34 87 11 87 34 11 12 42 34 11 12 34 91 11 11 91 87 91 34 42 34 42 42 34 34 11 34 12 87 34 12 42 34 12 12 12 87 11 87 87 34 11 12 42 11 87 12 87 87 34 42 91 11 34 42 12 12 12 91 87 42 11 87 11 12 91 42 42 11 87 34 42 12 87 34 12 12 42 34 34 42 11 87 91 12 87 42 42 12 42 91 34 87 42 34 87 42 11 34 42 12 12 87 34 87 34 87 91 91 42 34 87 11 42 87 12 34 11 91 11 91 12 91 12 42 12 11 34 12 34 11 91 34 87 11 91 42 12 12 87 91 12 42 42 91 87 42 91 12 87 34 87 42 12 42 42 34 12 91 87 87 42 87 34 12 12 42 42 11 42 12 12 11 87 12 87 91 87 87 11 11 87 87 34 42 87 91 87 12 42 11 12 87 34 34 42 34 11 11 87 12 34 42 87 42 34 11 12 42 12 12 42 91 42 87 91 12 87 34 34 87 34 91 87 12 91 12 12 42 34 34 34 34 91 91 12 11 34 12 42 87 34 34 34 11 34 42 12 87 91 91 12 11 11 34 12 42 87 42 87 87 87 87 91 91 87 91 91 11 42 87 12 34 34 12 87 91 91 42 91 12 12 34 42 87 11 87 12 42 34 34 87 91 91 91 91 87 12 87 42 12 34 11 91 11 42 12 91 12 87 42 34 11 87 87 91 42 42 91 91 34 91 87 12 34 11 91 12 34 12 12 34 11 42 34 42 91 11 12 91 91 42 34 91 87 42 42 34 87 34 12 42 87 91 12 87 12 87 87 34 42 34 87 42 91 11 11 91 12 42 91 91 42 42 91 91 12 11 87 91 12 12 87 91 12 11 11 11 91 11 11 91 87 87 12 12 42 12 34 91 12 12 11 87 87 91 87 91 34 91 42 11 12 12 91 87 11 11 12 12 87 42 91 91 34 87 87 11 42 91 34 34 87 34 42 87 87 12 91 34 42 42 12 34 12 87 34 87 87 42 87 42 87 87 87 91 87
882
8 11 18 8 17 3 7 12 10 10 3 7 19 20 0 0 13 20 10 13 17 14 2 14 8 12 7 13 16 8 7 1 12 17 9 16 6 16 13 10 11 1 11 7 13 17 17 9 19 19 3 7 19 3 7 7 20 19 16 6 20 11 7 4 0 7 20 5 2 14 7 11 10 0 6 20 10 12 14 17 4 19 10 4 20 13 16 7 13 15 8 10 13 17 0 4 8 13 18 13 17 9 15 16 8 18 10 12 16 7 7 14 0 3 13 12 1 14 0 5 10 6 5 14 12 17 6 19 0 4 2 20 4 10 1 11 5 4 12 6 11 19 2 14 9 1 7 9 14 13 4 4 3 1 0 10 19 0 7 8 20 17 10 17 13 5 6 4 14 15 13 11 8 11 5 10 9 9 14 5 20 10 20 12 1 19 14 13 19 3 9 17 11 20 15 11 0 20 9 9 8 5 14 16 0 17 0 12 3 1 15 11 3 16 19 0 12 19 18 0 12 7 12 12 11 20 5 10 19 8 18 16 16 20 10 8 10 14 16 12 19 13 9 14 16 18 0 0 20 11 5 20 1 12 19 10 6 19 3 3 5 14 19 9 17 1 20 3 16 12 14 20 2 11 7 3 3 5 10 7 6 12 19 17 5 19 20 3 4 13 13 3 5 16 7 5 5 5 19 15 20 11 5 2 18 6 7 13 2 18 13 12 16 16 12 9 2 13 9 6 16 12 1 19 4 20 7 0 0 14 10 5 18 5 2 4 6 15 6 5 5 6 18 10 20 12 18 19 15 14 18 17 8 0 6 13 18 5 19 17 15 1 19 14 15 8 18 7 13 2 2 11 8 18 18 2 0 0 0 15 1 12 15 12 6 18 2 8 19 5 5 5 4 12 15 13 16 0 3 9 12 10 4 15 20 10 15 3 13 3 6 12 6 16 2 18 15 9 7 14 6 1 10 18 7 11 13 19 0 14 11 7 11 1 13 9 0 6 14 14 11 10 0 10 3 4 17 5 17 10 2 3 0 12 2 2 15 6 12 7 17 0 4 14 12 14 1 8 16 10 6 15 7 20 18 19 6 16 6 8 17 0 15 18 15 9 14 0 14 11 20 0 1 6 13 12 20 15 12 12 18 16 19 7 0 5 20 18 14 0 4 9 2 17 18 18 8 11 0 5 4 17 0 12 7 16 9 2 4 8 11 15 0 1 3 10 20 11 14 12 3 13 1 1 6 0 17 16 8 2 15 11 10 10 17 4 20 12 1 12 11 13 17 16 8 5 12 1 10 0 12 7 18 17 3 11 16 19 20 6 7 10 0 19 8 6 14 11 6 17 10 18 13 3 9 1 19 5 12 3 20 2 2 20 18 1 1 17 14 10 12 8 4 9 11 18 3 1 11 6 9 6 20 20 17 5 1 3 6 16 8 11 9 14 8 12 20 9 19 17 2 15 9 18 6 10 12 1 13 6 0 19 5 3 2 11 16 16 7 19 5 5 10 12 4 8 12 19 2 17 17 17 3 17 9 19 1 10 3 17 20 7 4 13 0 0 0 4 12 4 6 17 20 19 17 9 7 13 8 12 3 3 13 5 9 8 0 19 16 14 1 19 13 6 6 12 1 16 16 18 15 0 12 9 18 17 3 17 7 6 17 20 11 6 19 10 20 18 18 5 0 12 17 10 17 20 11 0 3 11 4 17 4 9 14 6 0 12 13 4 18 0 5 16 3 11 19 5 13 5 20 6 1 4 16 15 11 19 8 4 17 7 1 8 13 0 12 10 8 11 10 10 0 0 6 18 18 12 8 18 3 20 16 1 10 14 13 17 1 0 0 18 5 13 9 13 1 9 11 14 0 1 13 6 18 0 2 14 18 17 13 1 20 16 1 19 2 7 20 4 13 17 3 18 19 12 1 20 8 8 14 9 13 11 9 4 11 20 6 14 11 9 15 20 9 6 12 19 12 12 12 3 4 5 0 10 14 4 4 13 10 7
443
0 200 85 70 108 93 76 120 114 99 98 69 90 69 97 78 53 71 89 65 111 95 84 51 112 108 110 65 114 68 89 75 64 102 117 98 69 73 53 103 81 104 104 57 105 94 87 69 57 100 89 71 73 87 109 107 92 65 58 78 118 117 75 63 117 104 60 110 63 66 99 89 50 92 56 108 90 97 64 53 63 103 77 52 83 75 94 115 118 104 76 69 114 106 59 117 77 105 105 68 106 66 97 77 50 68 78 79 72 83 69 116 101 61 96 54 101 79 79 65 57 61 52 108 91 54 120 115 60 100 77 89 79 95 95 84 103 119 85 93 53 54 71 95 71 56 90 88 102 75 64 65 87 105 81 118 114 63 117 54 103 111 110 117 58 84 67 93 96 64 119 62 105 62 90 109 76 100 62 115 81 84 79 69 87 110 85 113 89 116 114 92 62 95 88 88 66 83 83 50 58 78 58 89 60 79 90 61 92 87 114 103 108 110 120 69 76 120 77 62 80 118 75 51 112 102 70 119 62 106 56 62 60 75 54 65 75 66 73 114 111 63 65 85 103 59 70 87 62 92 99 56 66 79 51 108 52 105 51 114 65 74 120 75 85 84 70 50 100 54 65 95 85 109 80 120 69 75 84 91 120 98 120 66 81 81 96 76 112 104 100 50 115 89 82 94 97 51 50 77 72 96 88 55 107 102 91 90 75 60 87 69 110 60 82 107 117 59 55 105 111 77 112 55 96 54 79 66 116 77 118 64 109 103 118 67 55 102 72 82 90 83 81 97 76 52 84 112 59 97 59 70 114 101 60 60 61 57 105 91 71 119 92 75 76 85 116 52 105 80 82 61 75 120 84 105 63 78 76 53 118 100 120 111 94 99 58 101 54 54 111 93 99 88 84 104 108 113 55 57 53 67 75 98 92 66 67 67 69 85 89 85 87 99 65 93 110 83 60 82 118 67 106 76 64 74 85 106 101 79 114 95 92 105 101 108 94 77 112 97 53 107 200
629
47 72 47 72 193 72 193 72 72 109 72 109 72 193 47 47 109 47 72 109 193 193 47 72 47 109 193 109 109 193 193 72 193 47 109 47 47 193 47 109 72 72 193 109 72 109 109 72 47 109 109 47 193 193 193 72 109 72 193 47 47 72 109 47 193 72 109 193 193 193 72 193 193 47 193 72 193 47 109 47 72 193 72 47 109 193 47 193 193 47 109 72 109 193 109 193 109 72 72 72 193 72 109 47 193 72 193 72 72 193 193 47 72 193 109 47 109 193 193 109 47 72 193 193 47 47 109 109 47 109 193 72 109 109 109 72 47 109 47 193 47 109 109 109 47 72 109 109 47 47 47 109 109 109 193 47 109 72 47 72 47 109 193 72 109 193 193 109 72 47 72 109 47 193 72 109 193 72 193 193 109 193 193 193 193 72 72 109 47 109 72 109 193 47 72 72 47 193 72 72 109 72 109 109 72 47 47 47 193 47 47 109 47 47 193 109 47 72 72 47 193 109 109 47 47 109 72 193 72 47 193 47 109 109 72 72 72 72 193 72 47 109 109 193 47 109 72 193 47 193 47 72 72 193 193 72 47 72 72 193 47 193 72 109 109 47 193 47 109 109 109 72 47 47 72 72 72 193 72 72 72 72 193 72 193 109 47 109 193 47 47 193 47 72 72 47 109 47 109 47 72 193 72 47 72 109 72 109 193 72 109 47 193 109 193 47 109 47 109 193 193 47 47 109 109 193 47 109 193 193 109 109 47 109 72 109 193 72 47 109 47 193 109 193 193 72 47 72 47 72 72 193 72 193 72 109 109 47 47 72 193 47 109 193 47 47 193 193 72 193 193 109 193 193 109 47 72 72 193 193 47 109 72 193 109 109 109 109 193 72 72 47 72 193 193 72 109 72 72 109 47 193 72 47 47 47 193 109 72 193 193 47 193 193 72 47 109 47 109 47 109 47 47 72 72 72 72 47 47 47 72 109 109 109 47 193 72 193 72 193 47 109 193 109 109 193 47 193 193 193 47 72 193 72 72 72 72 109 193 72 72 47 72 109 72 47 72 72 109 47 47 193 193 47 109 109 72 109 109 47 72 193 109 193 193 72 193 193 47 193 193 109 193 72 47 72 47 193 72 47 72 47 47 109 72 109 47 193 72 193 193 72 193 109 72 72 193 109 193 109 47 109 109 109 109 193 72 193 193 193 109 72 72 72 193 47 47 72 72 109 47 193 72 72 72 47 193 193 193 72 109 72 72 109 72 72 109 109 47 47 72 72 72 47 72 193 72 109 47 109 47 72 72 47 72 193 193 72 193 47 47 47 47 72 109 72 47 72 109 72 47 193 47 72 109 109 193 109 72 193 193 109 109 72 109 47 47 72 72 109 72 193 47 109 193 72 193 72 109 72 72 193 109 72 72 47 193 109 193
719
99 146 146 146 99 118 99 118 118 146 146 146 118 146 99 99 99 99 118 118 99 146 99 146 146 118 118 118 99 118 146 99 118 146 118 118 99 99 118 99 146 99 146 99 99 118 99 118 118 146 99 118 146 146 118 146 118 118 146 99 99 118 146 146 146 118 99 146 118 118 99 99 118 146 146 99 146 146 118 118 118 99 146 146 99 99 146 146 118 99 118 118 146 146 99 146 99 118 118 99 146 99 118 146 146 99 118 146 146 99 99 99 99 146 118 99 118 146 146 146 99 99 99 118 99 99 118 99 118 146 99 118 99 146 146 146 118 99 146 99 118 118 118 99 146 99 99 146 118 118 99 118 118 146 99 118 146 118 118 99 146 118 118 146 99 146 99 146 146 146 99 146 146 99 118 146 99 118 118 99 118 118 118 146 146 118 146 118 99 118 118 99 99 99 146 118 99 118 146 146 118 118 146 99 146 99 118 146 99 99 146 118 146 118 118 99 118 118 118 146 99 146 118 99 146 118 99 118 146 146 99 99 146 118 118 146 146 118 99 99 146 99 118 118 118 146 118 146 99 99 118 99 99 99 118 146 118 146 146 118 99 146 146 99 146 146 99 118 146 118 99 118 118 99 99 118 146 146 99 118 146 146 99 118 99 99 118 118 118 146 146 118 146 146 99 118 118 146 118 118 146 146 99 146 146 118 146 118 146 118 99 99 99 118 118 146 118 118 146 146 118 99 146 146 99 146 99 118 99 99 146 99 146 118 146 99 99 146 99 99 146 99 99 118 118 146 99 118 146 99 118 118 146 118 99 146 118 146 146 99 118 118 118 99 99 146 146 99 99 99 118 118 146 146 99 118 146 146 99 118 146 146 99 146 99 118 118 118 118 118 99 99 99 118 146 118 146 146 146 99 118 99 99 99 118 118 118 99 118 118 146 99 99 118 118 99 118 146 146 146 146 146 146 118 118 146 99 99 99 118 99 146 99 99 118 118 118 146 99 99 99 118 99 146 118 146 118 99 118 99 99 146 118 99 99 99 99 146 146 146 146 118 118 118 118 118 99 118 118 118 146 118 118 146 146 118 99 99 146 99 118 118 99 118 99 146 146 99 146 118 118 146 146 118 99 118 99 146 146 146 118 146 118 99 118 146 118 146 146 118 146 146 99 118 99 99 146 146 99 146 118 118 118 118 146 146 118 99 118 146 99 99 146 99 146 118 118 99 118 118 146 99 99 118 146 118 99 118 118 118 146 99 99 99 118 146 146 146 146 118 146 99 146 118 118 118 99 99 146 146 146 118 99 99 118 118 99 146 118 118 99 99 146 99 146 118 146 118 118 118 118 99 146 118 118 99 118 146 99 118 146 146 118 99 118 118 99 99 146 118 118 99 118 99 118 99 118 99 146 146 146 99 146 118 118 146 99 146 99 146 99 99 118 99 118 99 146 118 146 99 146 146 99 146 99 118 146 146 146 146 99 99 118 146 146 146 118 99 99 146 146 99 99 146 118 146 146 146 118 146 146 146 99 99 99 146 99 118 118 146 146 118 146 146 99 118 99 99 99 99 118 99 99 118 118 118 118 99 146 118 146 146 99 146 99 146 118 99 118 99 99 99 146 99 99 99 118 146 99
812
18 3 12 7 17 11 1 14 11 6 15 6 6 5 181 14 1 9 4 162 2 8 5 5 178 14 14 4 11 199 5 170 9 7 3 17 9 17 10 12 6 1 16 3 12 2 2 3 167 19 161 1 174 17 5 1 12 5 154 9 12 14 1 16 6 9 12 17 18 17 12 0 18 5 175 10 15 184 16 6 3 12 187 12 1 19 17 158 12 14 2 10 187 1 162 11 5 4 1 10 186 16 175 8 7 14 5 14 3 6 4 2 19 12 16 19 0 7 17 12 189 5 8 16 15 5 17 12 10 10 15 1 3 18 4 13 177 6 11 182 14 5 20 8 8 8 168 159 19 9 12 5 19 4 11 17 2 0 14 0 9 14 6 18 199 7 20 13 16 19 16 183 163 1 194 11 3 2 3 179 0 18 9 9 7 200 5 163 5 6 6 5 9 0 18 20 4 173 1 176 20 2 13 2 5 4 19 6 4 172 8 14 19 7 10 10 186 176 2 11 9 17 177 6 10 154 15 169 13 3 195 4 3 15 184 19 17 18 3 16 184 181 17 8 4 0 5 19 152 4 193 4 14 6 18 6 3 14 16 17 179 19 5 1 19 1 158 17 182 17 13 156 8 4 4 14 1 153 19 14 20 2 9 10 5 6 20 9 19 18 12 19 14 1 10 5 10 3 180 179 10 1 16 15 6 2 9 12 9 3 12 192 4 188 182 11 12 198 7 9 20 15 187 3 9 5 2 5 0 189 2 10 11 191 17 12 19 16 9 13 167 6 162 2 17 10 9 13 181 12 2 183 13 161 14 14 12 14 12 12 17 20 189 20 7 197 8 5 12 15 17 17 7 13 10 13 4 17 7 15 150 173 12 10 13 6 18 0 4 7 2 10 189 10 17 17 18 4 195 8 20 199 15 13 154 8 14 5 15 4 16 10 198 3 2 5 12 7 159 194 4 0 193 4 10 17 152 4 154 12 9 17 186 10 12 9 0 19 20 151 17 175 11 17 2 7 7 10 18 5 18 2 20 0 18 8 8 12 197 162 9 160 11 158 6 20 160 9 5 9 1 18 2 8 17 0 14 10 15 1 186 20 9 10 15 182 18 5 13 18 19 191 13 5 13 9 8 11 11 4 9 18 0 2 4 18 19 9 16 168 2 12 19 8 8 1 10 8 187 8 20 1 15 165 0 15 196 186 7 10 1 13 15 12 12 19 11 151 20 6 7 16 2 16 12 7 156 6 9 20 2 1 8 10 6 6 16 13 16 6 16 20 184 151 184 13 10 154 8 8 2 9 8 12 1 9 16 16 190 157 5 162 7 14 18 9 198 20 6 13 3 161 9 16 1 13 197 15 197 197 7 166 20 19 5 10 6 160 2 4 13 20 19 2 17 9 7 198 11 177 9 200 15 166 3 9 196 20 11 1 16 176 164 151 156 17 165 16 160 10 17 2 190 5 0 7 10 15 8 192 0 166 1 5 192 12 12 19 17 16 20 14 16 17 9 174 3 2 0 15 15 5 16 8 18 192 20 16 1 14 19 9 197 10 6 6 167 16 2 170 0 0 186 2 20 154 9 7 18 14 11 152 3 7 7 155 18 18 16 20 13 2 194 15 18 14 3 18 20 17 173 3 13 182 151 17 11 19 17 12 5 164 9 9 161 200 18 20 0 6 19 17 14 3 14 13 0 6 12 9 17 170 191 15 10 17 14 11 188 16 13 7 190 12 14 17 0 16 3 4 0 13 0 175 4 3 11 16 4 5 179 16 5 10 171 12 155 6 7 10 10 4 10 9 11 17 4 13 11 156 8 8 11 2 15 152 20 7 17 0 9 14
818
3 11 6 4 2 2 8 16 13 5 2 20 7 12 15 15 13 16 17 17 11 5 5 1 19 20 9 18 3 0 1 15 2 10 13 19 14 10 7 1 2 5 14 5 7 8 19 0 18 10 19 5 3 10 20 2 19 19 9 2 16 16 9 8 4 18 6 18 3 15 9 17 14 6 3 19 3 12 9 10 5 18 4 18 13 7 10 1 0 19 6 17 13 20 12 9 19 17 0 10 8 3 7 4 20 11 7 15 6 12 4 14 17 11 10 14 18 6 17 8 10 15 6 8 2 11 20 16 17 1 10 6 4 2 7 15 12 16 12 5 1 13 10 0 1 18 1 18 10 14 20 20 4 16 8 17 14 8 19 8 16 8 18 10 2 15 7 14 18 18 7 6 14 8 3 5 18 0 11 8 5 4 15 6 5 17 17 15 0 8 19 18 15 17 7 17 2 19 11 20 2 20 1 7 13 9 4 18 8 14 9 4 5 10 5 16 7 18 19 20 10 4 0 3 4 5 10 18 16 14 9 17 2 1 11 6 4 17 17 10 2 6 19 6 8 6 10 2 13 1 9 8 4 4 8 16 9 4 18 9 0 19 1 0 14 8 5 16 18 1 15 5 16 9 1 16 5 13 1 1 18 0 8 3 6 0 17 17 12 15 13 0 19 2 15 11 11 13 8 13 11 18 17 9 14 16 4 18 16 2 0 3 8 11 1 1 8 13 0 8 19 16 5 8 4 10 11 10 7 0 19 20 3 5 7 2 16 4 19 19 10 4 4 7 5 11 7 10 11 4 19 4 3 17 14 12 2 13 20 16 18 6 20 13 7 8 0 8 17 3 11 9 3 15 6 0 20 8 5 5 14 6 7 0 7 13 1 8 6 9 18 3 17 3 9 9 8 3 3 8 13 10 15 4 12 13 15 12 18 16 8 12 2 10 16 15 4 3 14 2 13 18 1 12 1 9 11 12 20 10 16 18 6 13 16 19 20 12 0 19 5 15 16 8 16 19 16 5 14 9 14 20 8 2 7 10 16 17 16 18 1 0 20 16 6 12 19 13 4 12 5 15 2 16 8 16 4 11 4 1 8 17 14 20 11 4 19 3 1 17 19 20 10 17 1 18 0 0 12 4 2 13 19 6 15 4 0 0 19 17 12 5 16 8 4 20 3 16 4 16 13 12 14 12 9 14 8 6 8 2 16 0 4 8 16 10 18 2 5 13 15 6 13 18 20 17 0 14 18 2 19 2 20 10 1 13 17 5 11 10 15 20 12 3 6 5 19 10 8 10 8 5 12 0 17 1 13 13 8 11 19 15 1 3 2 9 8 5 17 6 16 17 2 5 8 19 9 1 4 19 10 17 3 6 17 8 5 19 4 3 3 2 6 1 12 20 2 4 14 5 1 4 2 4 8 0 13 6 3 8 7 16 4 16 3 16 15 6 10 6 12 9 16 13 8 3 2 6 6 1 20 15 20 19 18 20 0 17 7 2 10 2 3 15 6 4 13 13 2 7 10 3 0 9 2 1 5 5 4 0 9 6 13 15 11 10 9 2 17 16 1 14 18 0 16 9 7 7 20 11 5 4 5 0 0 4 3 20 6 5 18 2 16 20 10 0 18 7 2 20 4 12 11 8 8 16 8 14 6 6 2 3 6 15 0 2 11 19 6 13 18 20 17 20 19 5 9 9 10 13 5 11 8 3 13 7 1 8 1 7 11 3 8 19 3 18 2 2 7 8 7 5 7 2 14 20 5 14 13 18 13 18 6 19 16 10 0 20 20 16 3 13 18 17 15 6 17 20 6 4 8 1 12 11 10 14 8 5 7 3 6 17 9 7 20 9 17 20
671
7 12 7 9 6 7 17 1 1 167 1 20 3 18 17 10 11 4 16 20 4 7 154 150 162 12 8 17 9 187 8 20 2 14 2 15 174 4 10 9 7 5 172 19 8 182 18 15 19 161 13 154 19 153 160 10 4 16 7 4 162 198 155 3 2 6 16 168 180 10 11 6 10 20 20 0 0 177 165 0 10 180 7 18 9 0 1 15 3 9 160 13 184 19 6 1 8 3 6 11 14 4 13 7 190 12 10 177 12 18 5 160 20 13 180 3 197 18 184 17 19 9 193 11 164 0 10 10 5 7 161 7 10 178 2 17 167 7 14 12 13 4 3 19 16 12 2 15 9 154 4 7 8 17 17 15 13 13 5 4 191 5 0 173 19 8 168 15 6 5 175 178 1 5 13 6 16 10 10 10 18 14 162 16 18 6 151 5 13 15 11 7 14 1 9 20 11 152 3 15 8 12 9 6 14 18 9 15 190 16 16 9 10 18 2 4 11 13 7 19 2 5 4 19 198 5 4 1 19 5 14 11 9 17 13 15 4 15 4 6 11 189 12 188 7 5 16 11 18 163 188 161 12 2 14 10 10 10 154 174 15 152 3 16 189 11 156 15 13 13 9 15 2 194 2 8 10 6 199 5 16 5 1 12 170 6 16 6 13 14 16 185 14 178 1 15 2 6 3 3 186 16 200 0 1 0 11 186 196 10 13 15 11 10 153 185 19 9 179 20 13 177 8 193 2 6 194 15 14 0 14 12 1 167 1 13 15 14 13 171 183 8 1 2 8 9 12 194 197 16 3 13 12 16 3 1 16 11 20 6 0 5 161 18 10 2 18 176 11 18 15 0 1 20 10 11 18 16 14 12 15 5 8 16 177 0 5 12 2 165 174 176 0 1 14 198 15 168 157 189 1 19 12 19 177 17 20 186 178 188 18 5 10 8 168 5 4 20 3 154 186 17 2 7 3 4 180 19 7 16 10 15 9 11 165 6 14 7 17 3 1 3 3 154 10 189 7 11 194 8 16 187 7 0 17 19 6 9 6 19 12 11 6 6 12 5 12 171 10 16 5 191 13 13 19 5 15 6 186 11 10 18 161 6 18 1 19 9 9 5 12 6 7 3 9 150 6 14 17 10 14 7 0 182 189 11 8 17 12 1 18 13 200 5 165 6 19 175 1 17 2 9 18 163 5 20 20 12 2 3 17 3 155 13 0 200 181 1 198 181 11 0 8 0 0 188 13 153 14 173 12 6 19 176 5 19 14 19 0 13 5 3 20 7 2 161 185 19 3 16 4 189 11 19 15 5 3 16 7 14 17 4 4 9 192 2 5 10 8 6 4 18 150 16 2 2 15 198 182 2 13 0 17 3 8 0 165 17 154 12 10 3 17 11 19 17 16 5 7 4 20 9 13 8 15 1 18 7 3 2 10 20 150 20 152 154 154 182 18 13 9 12 19 9 15 16 0 9 6 3 19 185 12 2 13 6 18 11 1 11 9 194 16 16 6 14 8 15 13 5 4
805
0 0 0 0 0 0 0 0 0 0 0 0 0 0 0 0 0 0 0 0 0 0 0 0 0 0 0 0 0 0 0 0 0 0 0 0 0 0 0 0 0 0 0 0 0 0 0 0 0 0 0 0 0 0 0 0 0 0 0 0 0 0 0 0 0 0 0 0 0 0 0 0 0 0 0 0 0 0 0 0 0 0 0 0 0 0 0 0 0 0 0 0 0 0 0 0 0 0 0 0 0 0 0 0 0 0 0 0 0 0 0 0 0 0 0 0 0 0 0 0 0 0 0 0 0 0 0 0 0 0 0 0 0 0 0 0 0 0 0 0 0 0 0 0 0 0 0 0 0 0 0 0 0 0 0 0 0 0 0 0 0 0 0 0 0 0 0 0 0 0 0 0 0 0 0 0 0 0 0 0 0 0 0 0 0 0 0 0 0 0 0 0 0 0 0 0 0 0 0 0 0 0 0 0 0 0 0 0 0 0 0 0 0 0 0 0 0 0 0 0 0 0 0 0 0 0 0 0 0 0 0 0 0 0 0 0 0 0 0 0 0 0 0 0 0 0 0 0 0 0 0 0 0 0 0 0 0 0 0 0 0 0 0 0 0 0 0 0 0 0 0 0 0 0 0 0 0 0 0 0 0 0 0 0 0 0 0 0 0 0 0 0 0 0 0 0 0 0 0 0 0 0 0 0 0 0 0 0 0 0 0 0 0 0 0 0 0 0 0 0 0 0 0 0 0 0 0 0 0 0 0 0 0 0 0 0 0 0 0 0 0 0 0 0 0 0 0 0 0 0 0 0 0 0 0 0 0 0 0 0 0 0 0 0 0 0 0 0 0 0 0 0 0 0 0 0 0 0 0 0 0 0 0 0 0 0 0 0 0 0 0 0 0 0 0 0 0 0 0 0 0 0 0 0 0 0 0 0 0 0 0 0 0 0 0 0 0 0 0 0 0 0 0 0 0 0 0 0 0 0 0 0 0 0 0 0 0 0 0 0 0 0 0 0 0 0 0 0 0 0 0 0 0 0 0 0 0 0 0 0 0 0 0 0 0 0 0 0 0 0 0 0 0 0 0 0 0 0 0 0 0 0 0 0 0 0 0 0 0 0 0 0 0 0 0 0 0 0 0 0 0 0 0 0 0 0 0 0 0 0 0 0 0 0 0 0 0 0 0 0 0 0 0 0 0 0 0 0 0 0 0 0 0 0 0 0 0 0 0 0 0 0 0 0 0 0 0 0 0 0 0 0 0 0 0 0 0 0 0 0 0 0 0 0 0 0 0 0 0 0 0 0 0 0 0 0 0 0 0 0 0 0 0 0 0 0 0 0 0 0 0 0 0 0 0 0 0 0 0 0 0 0 0 0 0 0 0 0 0 0 0 0 0 0 0 0 0 0 0 0 0 0 0 0 0 0 0 0 0 0 0 0 0 0 0 0 0 0 0 0 0 0 0 0 0 0 0 0 0 0 0 0 0 0 0 0 0 0 0 0 0 0 0 0 0 0 0 0 0 0 0 0 0 0 0 0 0 0 0 0 0 0 0 0 0 0 0 0 0 0 0 0 0 0 0 0 0 0 0 0 0 0 0 0 0 0 0 0 0 0 0 0 0 0 0 0 0 0 0 0 0 0 0 0 0 0 0 0 0 0 0 0 0 0 0 0 0 0 0 0 0 0 0 0 0 0 0 0 0 0 0 0 0 0 0 0 0 0 0 0 0 0 0 0 0 0 0 0 0 0 0 0 0 0 0 0 0 0 0 0 0 0 0 0 0 0 0 0 0 0 0 0 0 0 0 0 0 0 0 0 0 0 0 0 0
535
9 45 149 192 9 192 149 9 9 9 149 9 45 149 9 192 192 9 9 45 192 45 192 9 9 9 9 45 192 45 9 9 45 149 149 45 9 45 149 149 45 149 192 192 149 9 149 45 45 45 45 192 9 149 192 9 9 45 192 192 45 192 45 45 45 149 192 192 192 149 149 149 192 45 45 149 9 45 192 192 192 9 149 149 192 149 192 45 149 192 45 192 192 9 149 9 45 192 149 9 149 192 149 149 192 9 149 192 9 192 9 192 192 192 192 192 45 9 149 192 149 9 192 9 149 149 9 192 192 9 192 45 9 45 149 192 192 149 45 192 149 45 9 149 45 45 45 149 9 149 9 149 192 9 149 192 192 9 149 149 9 192 192 149 45 9 192 9 45 192 45 45 149 149 149 45 9 192 45 192 149 9 45 192 9 45 149 45 45 45 45 45 149 192 192 9 149 192 45 9 192 9 192 9 45 45 192 149 45 9 192 45 9 149 9 149 149 45 45 9 45 9 45 192 9 9 192 192 149 9 45 192 9 149 149 45 192 45 149 149 45 149 9 9 45 9 45 9 192 45 45 192 192 192 149 45 192 45 149 9 9 45 149 149 149 45 9 45 45 192 9 9 45 9 192 45 9 45 9 192 9 9 9 45 9 192 45 192 192 192 9 9 192 192 149 149 9 45 192 192 149 9 9 45 45 45 45 192 192 9 45 149 45 149 9 149 149 192 149 149 9 9 45 192 149 149 45 45 45 45 149 45 9 192 9 45 149 149 9 192 45 9 192 9 192 192 45 45 9 149 9 149 192 192 192 192 149 149 149 192 149 149 149 149 192 192 149 149 192 149 192 192 9 149 45 149 192 9 149 45 45 9 9 9 45 9 192 9 149 149 149 45 9 192 45 149 9 45 45 9 45 192 45 192 192 9 192 45 45 149 192 45 149 9 9 9 149 9 9 192 192 9 192 9 9 149 45 192 192 9 45 9 192 149 192 192 192 192 149 9 9 9 149 192 192 9 45 9 9 192 45 9 149 45 45 149 45 9 149 149 9 9 45 45 192 9 192 45 192 192 45 45 45 192 192 149 45 9 45 149 192 149 9 9 149 45 149 9 149 45 45 9 149 9 45 45 149 9 192 149 9 9 45 45 9 149 45 9 9 45 192 192 9 45 9 192 45 9 45 149 192 45 45 45 45 149 45 192 192 45 192 192 9 9 9
670
35 35 35 35 35 76 11 76 35 11 11 11 76 11 11 35 11 76 11 76 35 11 76 11 35 35 35 11 35 11 11 76 76 11 35 76 35 35 76 35 76 35 76 11 11 76 11 76 11 35 11 76 11 76 11 76 76 35 11 76 11 76 11 35 11 11 11 76 35 35 76 35 76 35 76 76 76 11 76 35 35 35 35 35 76 11 76 35 76 35 11 11 76 11 76 76 76 35 35 11 76 11 35 11 35 11 76 35 11 35 35 76 11 76 11 76 76 35 35 11 11 35 35 35 35 76 11 76 11 35 76 76 11 76 76 11 35 76 35 11 11 11 76 76 76 11 35 35 76 11 76 35 35 35 76 35 76 35 35 76 11 35 11 76 11 11 35 35 76 11 11 35 11 11 11 11 11 35 11 35 35 11 76 11 35 35 11 76 11 11 76 35 35 76 76 11 11 76 11 35 11 76 35 11 11 35 35 76 35 35 76 11 76 35 35 35 35 11 35 76 76 35 11 11 76 11 76 35 11 35 76 76 35 35 76 11 35 35 35 35 76 76 35 76 35 76 11 11 11 76 76 35 11 76 11 11 11 35 11 35 76 35 11 11 76 76 11 76 35 76 35 35 11 76 35 35 11 11 76 11 76 76 11 35 76 35 76 76 76 35 11 76 35 76 76 76 76 35 11 35 11 11 35 76 35 76 76 76 76 35 35 76 11 76 11 35 35 11 35 11 11 35 11 76 35 76 76 76 76 11 76 35 35 11 11 76 35 35 11 11 11 11 35 35 76 11 35 76 76 11 11 35 11 35 76 35 76 11 35 11 11 35 76 76 76 11 35 76 11 35 11 11 35 11 76 35 35 11 76 76 35 76 11 35 35 11 35 76 76 76 76 35 76 11 76 11 76 11 35 11 35 35 35 11 11 11 35 11 11 11 11 11 76 35 76 35 11 76 76 76 35 35 11 11 11 35 11 11 35 76 76 11 35 35 76 35 11 35 35 76 11 76 11 11 11 76 76 76 35 76 76 11 11 35 11 76 35 76 76 35 76 11 76 76 35 76 35 11 11 35 35 11 11 76 11 35 35 35 11 35 76 76 35 11 35 76 35 76 76 11 76 35 76 35 76 11 11 76 11 76 76 11 76 11 35 35 76 11 35 11 11 11 35 76 35 11 76 11 35 35 76 11 76 11 11 35 76 11 35 11 11 76 11 35 76 76 35 11 35 76 76 35 35 11 35 76 35 11 76 76 35 11 35 76 76 35 11 76 76 76 76 11 11 35 35 76 11 35 76 76 11 35 35 76 35 35 35 11 76 76 11 35 76 35 11 76 35 35 11 11 76 11 11 76 76 11 76 76 11 35 76 35 11 35 11 11 76 11 11 76 11 76 11 76 35 35 76 35 35 11 11 76 11 76 35 35 76 76 35 76 11 76 35 35 76 35 76 76 76 35 11 76 11 35 11 11 35 11 11 76 35 11 11 11 35 35 35 35 11 11 11 35 11 11 76 76 35 35 35 76
1000
154 10 172 14 1 14 11 10 9 191 19 20 5 0 3 174 8 15 151 16 4 15 176 19 10 190 15 10 7 13 3 7 3 15 199 16 17 11 17 0 13 180 196 9 0 5 18 5 20 6 13 1 192 2 19 16 5 194 12 3 11 19 15 187 184 8 15 13 5 9 8 19 18 9 8 2 194 166 6 10 19 14 16 11 188 159 17 5 3 14 1 5 0 9 182 8 10 10 20 7 15 200 7 3 17 20 3 9 5 5 12 153 7 9 152 5 18 6 10 20 12 191 3 8 191 14 15 10 10 1 162 6 18 1 7 0 13 173 20 17 5 15 1 12 12 0 194 3 12 185 4 11 7 6 17 4 169 157 13 18 187 3 11 11 9 12 0 0 18 9 17 1 11 2 175 9 176 2 9 162 9 1 19 5 7 193 15 5 6 18 9 8 194 9 19 7 13 13 6 8 16 10 11 19 185 174 11 161 8 8 14 17 160 9 18 2 178 169 0 160 0 198 177 16 4 4 20 192 173 0 7 157 3 11 5 15 20 13 20 12 18 9 3 19 11 173 9 7 19 14 10 11 160 186 17 188 8 6 186 1 9 10 17 15 13 6 19 15 200 2 9 10 0 19 8 0 3 13 5 20 10 16 11 6 20 2 10 20 6 0 19 17 0 5 16 20 173 17 6 10 10 154 0 9 9 13 178 6 18 6 5 15 10 153 13 1 15 12 18 8 7 20 14 171 15 153 4 179 12 18 11 20 20 19 6 10 178 3 14 157 16 7 7 8 189 188 156 8 160 4 8 5 7 17 13 19 10 6 4 17 161 9 19 2 1 11 152 5 7 11 3 7 20 193 176 168 8 15 19 18 1 190 3 20 1 13 178 160 10 1 150 194 15 4 11 0 2 0 10 20 168 5 6 6 0 5 183 199 20 19 20 191 18 3 20 4 12 3 5 163 0 13 159 18 1 169 18 15 17 5 15 2 10 6 20 11 0 8 9 10 20 17 3 4 193 5 195 7 19 9 20 4 196 11 7 191 180 171 17 4 17 0 185 9 156 0 20 3 198 0 16 9 1 15 1 1 15 4 5 19 17 6 15 15 19 18 196 1 17 16 14 158 19 10 175 4 155 7 9 166 19 8 5 14 15 186 20 12 12 169 2 9 11 2 7 13 12 20 9 0 190 5 7 18 193 15 14 3 9 4 9 2 9 5 19 8 16 157 11 18 182 8 2 8 3 8 17 3 11 192 9 166 180 14 16 15 12 16 19 15 166 1 6 2 176 1 15 156 17 13 0 16 12 151 10 191 0 2 13 189 14 5 15 19 12 11 19 6 3 16 195 2 15 12 15 14 20 11 170 2 170 20 12 18 7 16 19 16 6 14 5 8 10 17 152 7 187 4 163 7 7 17 190 12 15 18 11 5 4 9 8 189 1 150 0 13 15 18 14 20 1 13 14 14 2 5 5 5 20 16 171 13 6 2 152 1 15 5 160 18 14 18 2 1 155 16 8 181 10 4 17 177 14 10 12 14 3 19 12 19 12 20 14 17 7 13 5 0 1 17 14 1 0 16 11 188 11 4 3 11 0 165 7 2 167 179 7 18 183 150 4 5 1 164 178 1 13 183 6 4 17 10 6 164 14 14 3 167 15 9 7 177 9 2 184 2 2 15 16 4 15 15 4 12 150 167 2 13 7 11 8 195 191 18 6 11 5 20 9 18 6 11 13 14 7 1 8 13 18 11 2 11 10 0 7 18 11 11 18 15 15 15 0 16 10 181 12 13 11 159 152 11 2 13 5 3 158 11 166 20 189 187 8 12 0 172 12 16 18 20 174 14 186 11 16 14 6 18 7 8 184 183 12 6 9 13 8 14 16 5 13 0 2 19 194 14 19 5 2 5 153 8 190 7 5 4 2 12 3 199 200 170 18 6 14 17 20 20 189 15 17 9 190 12 8 16 12 157 12 16 2 16 14 192 18 7 8 6 184 195 8 13 18 3 189 20 7 13 15 8 20 16 20 12 3 15 4 154 16 186 176 8 9 13 151 19 16 13 18 16 19 7 159 9 151 16 4 10 9 5 16 11 1 183 7 154 15 16 2 0 181 11 7 10 16 3 192 160 0 16 2 163 1 2 17 8 15 20 19 13 20 11 17 182 7 20 19 191 15 0 15 173 4 6 6 20 2 11 195 13 20 10 2 3 14 14 14 2 17 19 8 13 17 7 18 191 20 183 184 12 11 17 18 0 9 17 193 14 151 6
166
30 30 30 55 55 30 30 30 55 30 55 30 55 30 30 30 55 30 30 55 55 55 30 30 55 55 30 30 55 30 30 30 30 55 30 30 30 30 30 30 30 30 30 30 55 55 30 30 55 55 55 30 55 30 30 55 30 30 30 30 30 30 30 30 55 55 30 55 30 55 55 30 55 55 55 55 55 55 55 30 30 55 55 30 55 55 55 30 55 30 30 55 55 30 55 30 30 30 30 30 55 55 30 55 55 30 55 55 55 30 55 55 55 30 30 30 55 55 30 55 30 55 55 30 30 55 55 55 30 55 55 30 30 55 30 30 55 55 55 55 30 30 30 30 55 30 30 30 55 55 55 55 30 55 30 30 55 30 55 55 55 55 30 55 55 30
511
200 200 200 200 200 200 200 200 200 200 200 200 200 200 200 200 200 200 200 200 200 200 200 200 200 200 200 200 200 200 200 200 200 200 200 200 200 200 200 200 200 200 200 200 200 200 200 200 200 200 200 200 200 200 200 200 200 200 200 200 200 200 200 200 200 200 200 200 200 200 200 200 200 200 200 200 200 200 200 200 200 200 200 200 200 200 200 200 200 200 200 200 200 200 200 200 200 200 200 200 200 200 200 200 200 200 200 200 200 200 200 200 200 200 200 200 200 200 200 200 200 200 200 200 200 200 200 200 200 200 200 200 200 200 200 200 200 200 200 200 200 200 200 200 200 200 200 200 200 200 200 200 200 200 200 200 200 200 200 200 200 200 200 200 200 200 200 200 200 200 200 200 200 200 200 200 200 200 200 200 200 200 200 200 200 200 200 200 200 200 200 200 200 200 200 200 200 200 200 200 200 200 200 200 200 200 200 200 200 200 200 200 200 200 200 200 200 200 200 200 200 200 200 200 200 200 200 200 200 200 200 200 200 200 200 200 200 200 200 200 200 200 200 200 200 200 200 200 200 200 200 200 200 200 200 200 200 200 200 200 200 200 200 200 200 200 200 200 200 200 200 200 200 200 200 200 200 200 200 200 200 200 200 200 200 200 200 200 200 200 200 200 200 200 200 200 200 200 200 200 200 200 200 200 200 200 200 200 200 200 200 200 200 200 200 200 200 200 200 200 200 200 200 200 200 200 200 200 200 200 200 200 200 200 200 200 200 200 200 200 200 200 200 200 200 200 200 200 200 200 200 200 200 200 200 200 200 200 200 200 200 200 200 200 200 200 200 200 200 200 200 200 200 200 200 200 200 200 200 200 200 200 200 200 200 200 200 200 200 200 200 200 200 200 200 200 200 200 200 200 200 200 200 200 200 200 200 200 200 200 200 200 200 200 200 200 200 200 200 200 200 200 200 200 200 200 200 200 200 200 200 200 200 200 200 200 200 200 200 200 200 200 200 200 200 200 200 200 200 200 200 200 200 200 200 200 200 200 200 200 200 200 200 200 200 200 200 200 200 200 200 200 200 200 200 200 200 200 200 200 200 200 200 200 200 200 200 200 200 200 200 200 200 200 200 200 200 200 200 200 200 200 200 200 200 200 200 200 200 200 200
218
184 13 15 6 157 169 12 15 2 18 8 8 13 5 3 160 11 4 157 157 7 0 17 5 19 8 5 1 15 4 9 8 12 10 12 12 5 2 9 20 18 2 20 0 199 3 156 6 7 0 2 5 11 0 178 164 10 164 11 7 6 4 4 14 15 7 4 153 7 11 17 18 154 11 10 11 10 186 197 17 165 6 2 8 5 5 16 4 6 15 4 11 7 10 10 3 12 4 5 17 4 4 191 4 156 14 8 3 16 10 9 9 15 20 18 15 1 8 6 9 153 10 172 17 7 14 0 15 17 2 11 18 3 17 17 0 200 20 11 6 7 163 10 170 168 5 5 2 12 177 191 18 7 17 158 8 14 8 0 13 166 18 12 8 11 182 2 5 6 20 2 190 10 192 10 3 8 14 197 2 16 152 16 11 176 4 0 2 10 15 15 20 3 5 161 198 16 13 4 12 4 191 8 8 193 3 197 12 1 3 20 15 10 185 15 2 18 18
574
200 200 200 200 200 200 200 200 200 200 200 200 200 200 200 200 200 200 200 200 200 200 200 200 200 200 200 200 200 200 200 200 200 200 200 200 200 200 200 200 200 200 200 200 200 200 200 200 200 200 200 200 200 200 200 200 200 200 200 200 200 200 200 200 200 200 200 200 200 200 200 200 200 200 200 200 200 200 200 200 200 200 200 200 200 200 200 200 200 200 200 200 200 200 200 200 200 200 200 200 200 200 200 200 200 200 200 200 200 200 200 200 200 200 200 200 200 200 200 200 200 200 200 200 200 200 200 200 200 200 200 200 200 200 200 200 200 200 200 200 200 200 200 200 200 200 200 200 200 200 200 200 200 200 200 200 200 200 200 200 200 200 200 200 200 200 200 200 200 200 200 200 200 200 200 200 200 200 200 200 200 200 200 200 200 200 200 200 200 200 200 200 200 200 200 200 200 200 200 200 200 200 200 200 200 200 200 200 200 200 200 200 200 200 200 200 200 200 200 200 200 200 200 200 200 200 200 200 200 200 200 200 200 200 200 200 200 200 200 200 200 200 200 200 200 200 200 200 200 200 200 200 200 200 200 200 200 200 200 200 200 200 200 200 200 200 200 200 200 200 200 200 200 200 200 200 200 200 200 200 200 200 200 200 200 200 200 200 200 200 200 200 200 200 200 200 200 200 200 200 200 200 200 200 200 200 200 200 200 200 200 200 200 200 200 200 200 200 200 200 200 200 200 200 200 200 200 200 200 200 200 200 200 200 200 200 200 200 200 200 200 200 200 200 200 200 200 200 200 200 200 200 200 200 200 200 200 200 200 200 200 200 200 200 200 200 200 200 200 200 200 200 200 200 200 200 200 200 200 200 200 200 200 200 200 200 200 200 200 200 200 200 200 200 200 200 200 200 200 200 200 200 200 200 200 200 200 200 200 200 200 200 200 200 200 200 200 200 200 200 200 200 200 200 200 200 200 200 200 200 200 200 200 200 200 200 200 200 200 200 200 200 200 200 200 200 200 200 200 200 200 200 200 200 200 200 200 200 200 200 200 200 200 200 200 200 200 200 200 200 200 200 200 200 200 200 200 200 200 200 200 200 200 200 200 200 200 200 200 200 200 200 200 200 200 200 200 200 200 200 200 200 200 200 200 200 200 200 200 200 200 200 200 200 200 200 200 200 200 200 200 200 200 200 200 200 200 200 200 200 200 200 200 200 200 200 200 200 200 200 200 200 200 200 200 200 200 200 200 200 200 200 200 200 200 200 200 200 200 200 200 200 200 200 200 200 200 200 200 200 200 200 200 200
24
143 2 2 143 2 2 2 2 143 2 143 143 2 2 143 2 2 2 2 2 143 2 2 143
58
160 29 192 29 114 160 114 160 114 1 1 29 160 160 29 29 160 29 1 160 192 29 192 192 29 192 192 29 160 1 114 1 1 114 160 114 114 29 29 29 160 1 1 1 192 114 160 114 160 192 192 1 1 1 1 114 114 192
148
0 0 0 0 0 0 0 0 0 0 0 0 0 0 0 0 0 0 0 0 0 0 0 0 0 0 0 0 0 0 0 0 0 0 0 0 0 0 0 0 0 0 0 0 0 0 0 0 0 0 0 0 0 0 0 0 0 0 0 0 0 0 0 0 0 0 0 0 0 0 0 0 0 0 0 0 0 0 0 0 0 0 0 0 0 0 0 0 0 0 0 0 0 0 0 0 0 0 0 0 0 0 0 0 0 0 0 0 0 0 0 0 0 0 0 0 0 0 0 0 0 0 0 0 0 0 0 0 0 0 0 0 0 0 0 0 0 0 0 0 0 0 0 0 0 0 0 0
468
8 115 152 115 8 152 152 152 115 8 115 115 152 115 152 8 8 8 152 152 8 115 8 115 152 115 115 8 115 8 115 152 152 115 152 152 152 152 8 8 152 8 8 115 152 8 115 115 152 8 152 115 8 115 8 8 152 152 152 115 8 8 8 115 8 115 152 152 115 115 8 152 152 152 152 115 8 8 8 8 8 8 115 8 152 8 152 8 152 115 115 8 152 152 8 115 8 8 152 8 152 8 152 115 115 115 8 152 152 115 152 152 115 152 152 115 8 115 8 8 8 8 115 115 115 115 8 152 8 152 152 152 152 152 115 8 115 115 152 152 115 152 8 8 115 152 152 8 115 115 152 152 152 8 115 152 8 115 152 115 8 152 115 152 115 115 115 8 8 152 152 115 152 115 115 115 8 8 8 8 152 8 8 115 8 115 8 152 8 8 8 115 8 115 115 8 152 152 115 115 152 115 115 8 115 152 8 115 8 8 8 152 152 8 152 115 8 152 152 115 8 8 152 115 115 8 152 152 152 152 152 115 115 115 115 115 115 152 8 8 115 8 115 152 152 115 152 8 115 152 115 8 152 152 115 8 152 8 8 8 115 115 152 115 115 152 115 8 115 152 115 152 152 152 152 115 115 152 115 115 115 8 115 152 8 115 115 152 115 115 8 115 115 152 115 115 115 152 8 115 8 8 115 152 152 152 8 115 115 8 115 152 115 8 152 8 152 115 115 152 8 8 115 8 115 8 8 8 115 115 8 152 8 8 115 115 152 8 152 115 8 115 152 115 115 152 152 152 115 8 8 115 8 8 8 115 8 115 152 152 152 115 152 8 8 115 8 8 152 8 8 115 152 115 152 115 8 115 8 115 8 8 152 8 8 152 115 115 115 115 152 152 152 152 8 115 152 152 152 152 115 8 115 152 8 8 152 152 152 115 152 115 152 115 115 8 8 152 152 152 152 8 152 152 8 115 152 152 152 8 152 8 152 115 152 8 8 8 115 115 115 8 8 115 152 8 152 152 152 115 8 8 115 152 152 152 115 8 8 115 115 115 152 115 8 8 8 115
993
200 200 200 200 200 200 200 200 200 200 200 200 200 200 200 200 200 200 200 200 200 200 200 200 200 200 200 200 200 200 200 200 200 200 200 200 200 200 200 200 200 200 200 200 200 200 200 200 200 200 200 200 200 200 200 200 200 200 200 200 200 200 200 200 200 200 200 200 200 200 200 200 200 200 200 200 200 200 200 200 200 200 200 200 200 200 200 200 200 200 200 200 200 200 200 200 200 200 200 200 200 200 200 200 200 200 200 200 200 200 200 200 200 200 200 200 200 200 200 200 200 200 200 200 200 200 200 200 200 200 200 200 200 200 200 200 200 200 200 200 200 200 200 200 200 200 200 200 200 200 200 200 200 200 200 200 200 200 200 200 200 200 200 200 200 200 200 200 200 200 200 200 200 200 200 200 200 200 200 200 200 200 200 200 200 200 200 200 200 200 200 200 200 200 200 200 200 200 200 200 200 200 200 200 200 200 200 200 200 200 200 200 200 200 200 200 200 200 200 200 200 200 200 200 200 200 200 200 200 200 200 200 200 200 200 200 200 200 200 200 200 200 200 200 200 200 200 200 200 200 200 200 200 200 200 200 200 200 200 200 200 200 200 200 200 200 200 200 200 200 200 200 200 200 200 200 200 200 200 200 200 200 200 200 200 200 200 200 200 200 200 200 200 200 200 200 200 200 200 200 200 200 200 200 200 200 200 200 200 200 200 200 200 200 200 200 200 200 200 200 200 200 200 200 200 200 200 200 200 200 200 200 200 200 200 200 200 200 200 200 200 200 200 200 200 200 200 200 200 200 200 200 200 200 200 200 200 200 200 200 200 200 200 200 200 200 200 200 200 200 200 200 200 200 200 200 200 200 200 200 200 200 200 200 200 200 200 200 200 200 200 200 200 200 200 200 200 200 200 200 200 200 200 200 200 200 200 200 200 200 200 200 200 200 200 200 200 200 200 200 200 200 200 200 200 200 200 200 200 200 200 200 200 200 200 200 200 200 200 200 200 200 200 200 200 200 200 200 200 200 200 200 200 200 200 200 200 200 200 200 200 200 200 200 200 200 200 200 200 200 200 200 200 200 200 200 200 200 200 200 200 200 200 200 200 200 200 200 200 200 200 200 200 200 200 200 200 200 200 200 200 200 200 200 200 200 200 200 200 200 200 200 200 200 200 200 200 200 200 200 200 200 200 200 200 200 200 200 200 200 200 200 200 200 200 200 200 200 200 200 200 200 200 200 200 200 200 200 200 200 200 200 200 200 200 200 200 200 200 200 200 200 200 200 200 200 200 200 200 200 200 200 200 200 200 200 200 200 200 200 200 200 200 200 200 200 200 200 200 200 200 200 200 200 200 200 200 200 200 200 200 200 200 200 200 200 200 200 200 200 200 200 200 200 200 200 200 200 200 200 200 200 200 200 200 200 200 200 200 200 200 200 200 200 200 200 200 200 200 200 200 200 200 200 200 200 200 200 200 200 200 200 200 200 200 200 200 200 200 200 200 200 200 200 200 200 200 200 200 200 200 200 200 200 200 200 200 200 200 200 200 200 200 200 200 200 200 200 200 200 200 200 200 200 200 200 200 200 200 200 200 200 200 200 200 200 200 200 200 200 200 200 200 200 200 200 200 200 200 200 200 200 200 200 200 200 200 200 200 200 200 200 200 200 200 200 200 200 200 200 200 200 200 200 200 200 200 200 200 200 200 200 200 200 200 200 200 200 200 200 200 200 200 200 200 200 200 200 200 200 200 200 200 200 200 200 200 200 200 200 200 200 200 200 200 200 200 200 200 200 200 200 200 200 200 200 200 200 200 200 200 200 200 200 200 200 200 200 200 200 200 200 200 200 200 200 200 200 200 200 200 200 200 200 200 200 200 200 200 200 200 200 200 200 200 200 200 200 200 200 200 200 200 200 200 200 200 200 200 200 200 200 200 200 200 200 200 200 200 200 200 200 200 200 200 200 200 200 200 200 200 200 200 200 200 200 200 200 200 200 200 200 200 200 200 200 200 200 200 200 200 200 200 200 200 200 200 200 200 200 200 200 200 200 200 200 200 200 200 200 200 200 200 200 200 200 200 200 200 200 200 200 200 200 200 200 200 200 200 200 200 200 200 200 200 200 200 200 200 200 200 200 200 200 200 200 200 200 200 200 200 200 200 200 200 200 200 200 200 200 200 200 200 200 200 200 200 200 200 200 200 200 200 200 200 200 200 200 200 200 200 200 200 200 200 200 200 200 200 200 200 200 200
66
0 0 0 0 0 0 0 0 0 0 0 0 0 0 0 0 0 0 0 0 0 0 0 0 0 0 0 0 0 0 0 0 0 0 0 0 0 0 0 0 0 0 0 0 0 0 0 0 0 0 0 0 0 0 0 0 0 0 0 0 0 0 0 0 0 0
755
80 22 80 86 80 86 91 91 156 86 80 86 156 156 120 80 80 22 156 22 86 86 91 22 80 120 91 120 86 91 22 91 80 91 80 91 86 120 80 120 80 120 22 86 156 86 86 22 22 80 22 80 86 156 80 91 22 91 156 156 80 80 86 86 86 86 156 120 120 91 91 86 80 80 22 80 80 22 91 120 80 120 86 80 80 120 86 22 120 91 156 80 120 156 86 91 156 22 86 120 80 91 80 91 86 156 156 22 80 156 120 80 86 80 156 91 156 91 22 156 80 156 120 86 156 156 156 120 156 22 80 120 22 156 22 86 156 86 80 80 86 120 120 120 120 120 156 86 91 120 91 80 156 156 86 156 86 22 120 156 22 22 22 156 86 120 91 86 91 156 91 120 120 86 156 86 156 120 91 86 86 156 86 120 86 91 120 86 22 156 91 91 120 22 156 120 86 80 22 156 80 80 80 91 22 22 120 120 80 22 80 86 86 86 22 91 91 156 91 91 22 120 86 120 22 91 80 156 156 156 80 156 22 156 86 86 156 80 156 22 86 86 80 156 80 86 156 91 80 156 80 22 22 156 22 156 156 22 91 80 156 91 22 86 22 22 156 80 91 120 86 86 156 91 120 91 120 80 156 120 91 86 156 86 120 86 156 80 91 156 22 156 86 86 80 156 22 86 91 91 91 91 80 156 156 22 156 120 80 156 91 22 22 156 156 80 91 120 91 86 91 86 156 156 86 80 120 86 80 22 22 120 80 22 120 22 80 80 22 22 22 120 91 80 120 120 86 91 80 120 120 80 22 80 156 156 91 22 120 22 86 22 91 22 86 80 86 120 80 22 120 86 22 156 80 91 22 22 120 91 80 22 86 120 120 80 86 22 86 80 80 86 156 22 86 156 91 156 22 86 156 86 86 156 86 86 91 22 91 91 156 22 120 22 86 80 86 120 91 80 86 91 156 80 156 86 80 91 80 86 120 86 156 80 22 80 91 80 86 120 120 156 156 156 22 91 156 156 80 22 80 91 156 120 156 22 91 120 91 80 156 86 86 22 86 156 86 22 120 120 91 91 86 91 22 120 120 91 156 91 156 156 91 22 22 120 80 80 156 22 80 22 86 120 120 22 156 156 91 86 156 91 120 80 22 86 120 86 91 120 86 120 156 22 91 120 120 120 156 156 80 80 156 91 91 120 120 22 86 120 120 120 156 156 86 86 22 80 91 80 80 120 80 80 22 80 22 156 22 22 120 156 156 156 156 120 22 156 91 80 120 156 22 86 86 120 156 86 86 120 91 91 22 86 80 22 91 86 22 91 91 120 91 86 86 156 80 120 22 86 120 156 156 156 80 156 156 120 22 80 156 86 22 120 80 120 86 91 156 156 80 156 80 120 120 120 22 22 91 156 91 22 91 156 22 120 156 91 120 120 120 86 120 80 80 22 91 120 22 86 120 120 86 91 22 91 22 120 120 80 80 22 156 156 91 156 120 120 80 91 91 80 22 91 86 22 91 91 22 156 156 156 22 91 156 91 22 86 86 86 156 80 156 156 80 156 156 86 156 22 22 120 22 156 22 156 120 86 22 80 91 120 80 91 120 120 22 120 22 91 91 156 22 120 86 91 156 22 156 156 22 22 120 80 22 91 91 86 22 156 80 22 120 86 91 22 156 120 86 120 156 22 80 86 22 91 22 91 91 86 120 86 22 80 22
661
53 43 46 166 53 53 46 166 46 46 43 166 53 166 46 53 53 46 53 43 166 43 53 46 53 43 43 46 53 46 43 53 46 43 46 43 53 166 53 43 53 46 166 53 43 43 46 43 46 53 46 53 53 43 43 166 43 43 166 166 43 46 166 53 53 43 166 43 43 43 46 53 46 43 166 53 46 43 53 43 166 166 53 166 43 46 53 166 46 43 43 46 46 43 53 53 166 43 53 53 46 46 53 43 46 53 53 166 43 53 166 43 53 46 53 166 166 53 53 53 46 46 46 166 43 46 53 53 53 43 43 53 166 43 46 46 43 43 166 43 166 43 43 53 53 53 43 43 43 46 53 43 166 53 53 53 53 166 46 166 43 166 166 43 166 166 53 166 166 46 53 166 43 46 166 43 166 166 46 53 46 46 43 166 43 43 43 53 53 166 166 166 53 46 43 166 53 46 43 166 53 166 53 53 53 53 46 43 53 166 53 53 43 43 43 43 166 53 43 53 166 166 46 43 46 43 43 46 53 53 166 53 166 46 43 46 43 43 53 53 43 43 43 166 43 46 43 53 43 53 53 43 166 46 53 53 53 46 43 53 166 166 53 166 46 53 53 43 43 166 46 43 53 43 53 53 166 53 46 43 43 43 53 53 43 46 46 53 166 43 43 43 53 166 46 53 46 43 43 43 43 166 166 43 53 53 166 43 53 53 53 166 43 43 46 166 166 53 53 43 53 166 46 166 53 43 46 46 46 46 53 166 43 53 166 43 166 43 46 46 43 53 43 53 53 53 166 166 46 166 166 166 43 166 53 166 166 43 43 46 53 166 53 46 43 43 43 166 53 166 46 53 46 53 166 53 53 46 43 46 43 53 166 53 53 46 166 43 166 53 46 166 53 53 43 46 46 166 53 43 46 46 166 53 166 53 43 43 53 43 43 43 166 43 46 46 166 43 46 43 46 53 53 43 53 53 46 166 43 53 43 53 166 46 53 53 43 53 43 43 43 53 46 166 46 166 53 166 53 166 53 43 53 46 53 43 43 166 166 43 53 46 166 43 53 53 53 166 53 46 166 46 166 46 166 43 46 43 53 43 166 46 53 46 46 53 166 53 46 53 166 166 53 166 46 53 53 43 166 53 166 53 166 43 166 43 43 43 53 46 43 53 166 53 53 46 43 46 53 166 166 53 43 166 53 43 46 43 53 46 46 46 53 43 43 43 166 166 53 46 166 166 166 46 166 166 166 166 43 166 43 43 46 53 46 53 46 43 43 166 53 53 53 166 43 53 166 53 166 43 53 46 53 46 46 53 166 166 43 166 53 166 53 46 53 43 53 43 43 46 43 46 166 166 166 43 53 166 43 43 43 166 166 53 43 46 46 43 53 46 53 46 53 166 46 46 166 166 53 166 46 53 43 166 46 53 166 53 46 166 46 166 53 46 46 166 43 43 166 43 46 166 46 166 166 43 166 166 46 46 53 46 46 166 43 43 166 43 43 43 43
299
189 88 88 88 88 88 88 17 88 17 88 189 39 39 39 39 39 189 17 17 88 39 17 88 39 39 39 88 17 189 88 189 17 189 39 189 88 39 39 88 189 88 39 189 189 189 189 189 189 39 17 17 189 88 88 39 39 189 39 39 39 17 17 189 17 17 39 88 189 39 17 39 17 17 39 88 88 88 88 189 88 88 17 189 88 189 88 189 39 88 189 17 17 88 17 39 17 39 88 17 189 39 189 39 17 88 189 17 17 17 17 88 88 189 39 39 39 88 17 189 17 39 17 88 88 189 39 189 17 17 88 189 88 88 39 17 88 88 17 17 39 39 39 88 17 189 189 189 17 88 17 88 88 88 189 39 88 189 39 189 39 88 88 189 189 17 189 17 39 189 39 189 88 17 189 88 39 39 88 17 17 17 189 189 17 88 88 17 88 88 17 189 39 17 17 88 17 88 39 88 88 39 39 189 39 17 189 17 39 189 189 17 88 17 88 88 189 39 189 39 17 189 17 88 39 39 189 39 17 189 17 39 189 39 189 17 17 17 88 88 189 189 189 17 88 17 189 39 39 17 17 88 88 39 17 88 17 189 17 189 17 17 88 39 189 17 88 189 39 189 88 17 39 88 189 39 88 39 88 88 17 17 39 88 189 17 17 17 189 17 88 39 88 88 189 17 189 88 88
578
0 0 0 0 0 0 0 0 0 0 0 0 0 0 0 0 0 0 0 0 0 0 0 0 0 0 0 0 0 0 0 0 0 0 0 0 0 0 0 0 0 0 0 0 0 0 0 0 0 0 0 0 0 0 0 0 0 0 0 0 0 0 0 0 0 0 0 0 0 0 0 0 0 0 0 0 0 0 0 0 0 0 0 0 0 0 0 0 0 0 0 0 0 0 0 0 0 0 0 0 0 0 0 0 0 0 0 0 0 0 0 0 0 0 0 0 0 0 0 0 0 0 0 0 0 0 0 0 0 0 0 0 0 0 0 0 0 0 0 0 0 0 0 0 0 0 0 0 0 0 0 0 0 0 0 0 0 0 0 0 0 0 0 0 0 0 0 0 0 0 0 0 0 0 0 0 0 0 0 0 0 0 0 0 0 0 0 0 0 0 0 0 0 0 0 0 0 0 0 0 0 0 0 0 0 0 0 0 0 0 0 0 0 0 0 0 0 0 0 0 0 0 0 0 0 0 0 0 0 0 0 0 0 0 0 0 0 0 0 0 0 0 0 0 0 0 0 0 0 0 0 0 0 0 0 0 0 0 0 0 0 0 0 0 0 0 0 0 0 0 0 0 0 0 0 0 0 0 0 0 0 0 0 0 0 0 0 0 0 0 0 0 0 0 0 0 0 0 0 0 0 0 0 0 0 0 0 0 0 0 0 0 0 0 0 0 0 0 0 0 0 0 0 0 0 0 0 0 0 0 0 0 0 0 0 0 0 0 0 0 0 0 0 0 0 0 0 0 0 0 0 0 0 0 0 0 0 0 0 0 0 0 0 0 0 0 0 0 0 0 0 0 0 0 0 0 0 0 0 0 0 0 0 0 0 0 0 0 0 0 0 0 0 0 0 0 0 0 0 0 0 0 0 0 0 0 0 0 0 0 0 0 0 0 0 0 0 0 0 0 0 0 0 0 0 0 0 0 0 0 0 0 0 0 0 0 0 0 0 0 0 0 0 0 0 0 0 0 0 0 0 0 0 0 0 0 0 0 0 0 0 0 0 0 0 0 0 0 0 0 0 0 0 0 0 0 0 0 0 0 0 0 0 0 0 0 0 0 0 0 0 0 0 0 0 0 0 0 0 0 0 0 0 0 0 0 0 0 0 0 0 0 0 0 0 0 0 0 0 0 0 0 0 0 0 0 0 0 0 0 0 0 0 0 0 0 0 0 0 0 0 0 0 0 0 0 0 0 0 0 0 0 0 0 0 0 0 0 0 0 0 0 0 0 0 0 0 0 0 0 0 0 0 0 0 0 0 0
132
200 200 200 200 200 200 200 200 200 200 200 200 200 200 200 200 200 200 200 200 200 200 200 200 200 200 200 200 200 200 200 200 200 200 200 200 200 200 200 200 200 200 200 200 200 200 200 200 200 200 200 200 200 200 200 200 200 200 200 200 200 200 200 200 200 200 200 200 200 200 200 200 200 200 200 200 200 200 200 200 200 200 200 200 200 200 200 200 200 200 200 200 200 200 200 200 200 200 200 200 200 200 200 200 200 200 200 200 200 200 200 200 200 200 200 200 200 200 200 200 200 200 200 200 200 200 200 200 200 200 200 200
418
200 200 200 200 200 200 200 200 200 200 200 200 200 200 200 200 200 200 200 200 200 200 200 200 200 200 200 200 200 200 200 200 200 200 200 200 200 200 200 200 200 200 200 200 200 200 200 200 200 200 200 200 200 200 200 200 200 200 200 200 200 200 200 200 200 200 200 200 200 200 200 200 200 200 200 200 200 200 200 200 200 200 200 200 200 200 200 200 200 200 200 200 200 200 200 200 200 200 200 200 200 200 200 200 200 200 200 200 200 200 200 200 200 200 200 200 200 200 200 200 200 200 200 200 200 200 200 200 200 200 200 200 200 200 200 200 200 200 200 200 200 200 200 200 200 200 200 200 200 200 200 200 200 200 200 200 200 200 200 200 200 200 200 200 200 200 200 200 200 200 200 200 200 200 200 200 200 200 200 200 200 200 200 200 200 200 200 200 200 200 200 200 200 200 200 200 200 200 200 200 200 200 200 200 200 200 200 200 200 200 200 200 200 200 200 200 200 200 200 200 200 200 200 200 200 200 200 200 200 200 200 200 200 200 200 200 200 200 200 200 200 200 200 200 200 200 200 200 200 200 200 200 200 200 200 200 200 200 200 200 200 200 200 200 200 200 200 200 200 200 200 200 200 200 200 200 200 200 200 200 200 200 200 200 200 200 200 200 200 200 200 200 200 200 200 200 200 200 200 200 200 200 200 200 200 200 200 200 200 200 200 200 200 200 200 200 200 200 200 200 200 200 200 200 200 200 200 200 200 200 200 200 200 200 200 200 200 200 200 200 200 200 200 200 200 200 200 200 200 200 200 200 200 200 200 200 200 200 200 200 200 200 200 200 200 200 200 200 200 200 200 200 200 200 200 200 200 200 200 200 200 200 200 200 200 200 200 200 200 200 200 200 200 200 200 200 200 200 200 200 200 200 200 200 200 200 200 200 200 200 200 200 200 200 200 200 200 200
89
0 200 105 70 93 112 77 79 79 82 58 86 119 95 114 94 65 82 103 50 77 100 96 68 103 109 70 96 99 92 93 90 96 51 93 52 89 69 60 120 88 66 119 96 90 96 102 82 85 119 85 103 112 79 107 118 107 78 61 78 54 79 81 91 51 50 60 83 119 92 91 96 91 55 67 102 68 60 103 91 96 50 115 85 117 92 91 107 200
549
6 17 3 17 3 11 0 18 6 10 7 1 3 20 19 16 14 8 7 19 13 11 3 15 3 2 20 4 9 17 17 15 1 17 18 15 11 7 16 18 2 11 7 16 12 14 15 6 3 5 12 19 19 4 10 2 15 15 8 10 17 0 8 1 16 16 5 10 6 6 0 5 10 12 7 14 17 5 2 3 4 16 15 17 6 7 1 10 7 16 10 16 14 8 0 6 0 0 19 19 13 9 3 18 0 7 18 3 18 9 17 13 16 19 5 17 5 8 0 20 14 4 14 4 14 2 10 14 2 13 8 11 15 10 4 8 0 5 18 6 13 0 20 3 17 2 10 15 10 9 4 5 19 0 14 8 20 17 4 5 14 20 1 13 0 18 13 17 16 2 6 1 14 14 6 18 9 17 16 2 9 19 8 7 4 10 5 14 3 4 8 15 7 9 8 6 2 18 7 19 2 17 9 16 1 8 13 18 12 10 15 10 13 11 13 10 2 9 14 5 15 5 14 16 14 20 11 7 3 5 16 16 16 14 15 0 16 19 2 15 4 8 7 1 9 0 13 2 15 4 5 7 2 0 12 0 4 18 10 6 11 6 9 11 16 10 6 7 13 4 3 18 12 10 19 13 16 16 7 2 9 7 8 2 15 10 19 3 4 0 3 6 12 3 9 13 8 6 15 18 4 6 1 6 6 12 0 11 2 10 9 6 5 15 2 19 11 16 14 6 18 13 19 20 12 15 20 19 12 7 9 5 19 13 1 17 15 6 17 16 4 16 3 15 19 5 5 20 7 5 2 13 17 20 6 13 14 8 9 3 12 9 13 17 5 16 10 20 13 11 19 0 9 2 17 13 13 3 5 1 11 6 1 20 7 18 8 1 18 16 9 1 12 15 12 4 19 7 10 2 0 15 13 10 12 15 3 17 6 17 18 0 12 15 17 11 6 4 20 16 17 8 9 4 15 17 7 20 8 0 1 5 3 16 5 12 6 0 9 18 13 3 0 14 20 11 13 8 6 3 4 9 11 9 3 5 11 15 5 13 12 0 13 20 12 7 1 9 5 19 20 2 13 5 14 17 8 15 3 14 16 20 0 16 0 12 4 5 14 13 18 12 11 2 9 5 6 12 1 0 10 8 10 4 10 13 20 20 0 4 4 5 15 0 16 9 6 18 11 4 20 7 17 18 1 17 8 7 5 17 20 4 8 16 7 1 4 6 11 2 15 18 19 6 19 2 11 1 0
16
9 25 51 106 140 104 136 35 121 16 63 154 100 90 81 116
822
3 173 3 4 12 165 5 6 11 11 13 4 18 186 10 9 14 3 13 2 6 8 12 153 13 7 181 20 17 8 173 4 10 160 1 166 4 3 13 14 15 173 18 197 7 18 9 13 3 20 1 4 16 188 195 5 152 6 18 0 13 15 160 7 6 10 0 6 4 8 174 15 11 7 18 182 10 18 19 6 13 176 11 17 3 188 2 15 19 16 19 198 19 0 20 9 1 11 6 6 200 17 9 157 194 3 10 166 156 16 179 17 4 13 187 9 179 194 10 5 8 1 4 9 16 17 153 172 3 20 19 153 0 165 3 161 15 166 162 1 6 184 5 8 173 19 12 20 181 5 19 17 17 1 9 5 9 18 0 19 173 5 7 162 4 0 15 12 162 5 20 17 166 18 7 191 179 8 2 190 4 16 151 3 4 18 15 200 18 12 14 8 156 15 5 20 16 15 5 15 11 6 13 16 0 14 155 20 11 12 8 3 1 14 4 17 1 1 0 154 16 13 1 6 0 1 1 10 3 5 20 12 8 150 3 18 11 1 150 1 1 19 15 153 4 13 10 2 20 20 178 174 155 11 11 20 1 19 5 158 8 154 5 193 3 6 6 15 12 155 4 6 18 20 11 3 8 2 2 18 9 11 178 14 6 6 14 7 186 7 17 2 0 11 179 19 14 19 7 13 17 8 12 0 8 2 18 4 5 1 4 196 4 13 20 10 13 17 13 9 185 15 8 1 4 14 9 18 0 18 1 15 18 9 19 20 19 3 18 188 4 15 155 7 15 19 6 10 6 13 8 15 1 3 8 11 167 193 11 10 16 12 16 2 14 2 12 11 12 19 7 1 165 17 4 3 13 9 13 17 10 19 6 8 152 172 7 17 197 16 15 19 7 12 19 3 20 7 160 8 159 11 4 19 168 167 2 192 15 1 187 10 158 158 3 14 2 16 19 6 6 17 17 8 2 0 9 16 11 13 10 194 1 15 1 6 150 11 174 20 19 0 11 9 5 5 19 15 155 11 7 16 5 194 15 17 17 16 14 13 157 8 10 15 16 4 10 178 175 8 157 11 0 7 171 177 6 18 5 13 14 20 1 1 3 15 16 6 194 2 7 10 19 5 20 18 0 4 184 3 9 200 4 16 12 9 6 152 13 13 0 8 0 19 11 3 3 14 18 18 20 4 1 9 6 156 12 197 150 3 196 14 2 0 13 17 198 8 15 11 11 3 12 175 0 16 11 19 17 14 14 178 13 6 7 169 185 5 2 151 12 167 6 3 183 173 7 151 1 18 2 12 14 13 4 4 194 6 5 4 15 16 9 7 0 2 13 20 15 12 13 14 13 20 9 0 16 5 15 195 6 16 3 5 167 18 10 3 0 195 13 180 13 8 17 5 6 154 13 4 190 19 18 177 175 7 5 12 6 19 10 6 181 15 19 160 1 15 16 4 7 2 7 167 3 9 187 4 19 20 13 196 3 16 18 2 17 150 15 5 18 191 3 9 9 17 16 20 5 1 5 15 13 20 3 189 5 7 16 10 157 199 17 1 9 13 17 20 17 12 6 1 20 12 14 17 11 15 0 182 16 18 14 11 4 4 0 9 4 5 1 2 154 17 12 17 8 10 13 163 9 11 171 18 156 4 1 164 192 2 187 192 7 5 4 11 12 1 7 3 13 1 163 3 17 0 6 181 17 11 182 15 2 19 13 12 19 169 3 17 2 9 14 2 186 169 190 182 5 18 10 8 13 6 196 1 6 20 170 163 4 154 159 11 17 2 187 17 3 17 7 4 13 8 184 161 12 9 14 18 12 5 12 17 1 4 10 20 19 17 150 16 3 12 15 158 2 9 16 15 9 19
613
200 200 200 200 200 200 200 200 200 200 200 200 200 200 200 200 200 200 200 200 200 200 200 200 200 200 200 200 200 200 200 200 200 200 200 200 200 200 200 200 200 200 200 200 200 200 200 200 200 200 200 200 200 200 200 200 200 200 200 200 200 200 200 200 200 200 200 200 200 200 200 200 200 200 200 200 200 200 200 200 200 200 200 200 200 200 200 200 200 200 200 200 200 200 200 200 200 200 200 200 200 200 200 200 200 200 200 200 200 200 200 200 200 200 200 200 200 200 200 200 200 200 200 200 200 200 200 200 200 200 200 200 200 200 200 200 200 200 200 200 200 200 200 200 200 200 200 200 200 200 200 200 200 200 200 200 200 200 200 200 200 200 200 200 200 200 200 200 200 200 200 200 200 200 200 200 200 200 200 200 200 200 200 200 200 200 200 200 200 200 200 200 200 200 200 200 200 200 200 200 200 200 200 200 200 200 200 200 200 200 200 200 200 200 200 200 200 200 200 200 200 200 200 200 200 200 200 200 200 200 200 200 200 200 200 200 200 200 200 200 200 200 200 200 200 200 200 200 200 200 200 200 200 200 200 200 200 200 200 200 200 200 200 200 200 200 200 200 200 200 200 200 200 200 200 200 200 200 200 200 200 200 200 200 200 200 200 200 200 200 200 200 200 200 200 200 200 200 200 200 200 200 200 200 200 200 200 200 200 200 200 200 200 200 200 200 200 200 200 200 200 200 200 200 200 200 200 200 200 200 200 200 200 200 200 200 200 200 200 200 200 200 200 200 200 200 200 200 200 200 200 200 200 200 200 200 200 200 200 200 200 200 200 200 200 200 200 200 200 200 200 200 200 200 200 200 200 200 200 200 200 200 200 200 200 200 200 200 200 200 200 200 200 200 200 200 200 200 200 200 200 200 200 200 200 200 200 200 200 200 200 200 200 200 200 200 200 200 200 200 200 200 200 200 200 200 200 200 200 200 200 200 200 200 200 200 200 200 200 200 200 200 200 200 200 200 200 200 200 200 200 200 200 200 200 200 200 200 200 200 200 200 200 200 200 200 200 200 200 200 200 200 200 200 200 200 200 200 200 200 200 200 200 200 200 200 200 200 200 200 200 200 200 200 200 200 200 200 200 200 200 200 200 200 200 200 200 200 200 200 200 200 200 200 200 200 200 200 200 200 200 200 200 200 200 200 200 200 200 200 200 200 200 200 200 200 200 200 200 200 200 200 200 200 200 200 200 200 200 200 200 200 200 200 200 200 200 200 200 200 200 200 200 200 200 200 200 200 200 200 200 200 200 200 200 200 200 200 200 200 200 200 200 200 200 200 200 200 200 200 200 200 200 200 200 200 200 200 200 200 200 200 200 200 200 200 200 200 200 200 200 200 200
684
82 34 50 113 195 16 72 148 21 6 24 28 183 83 29 106 45 23 3 68 114 183 92 183 69 120 120 160 60 102 44 0 78 35 167 149 182 104 92 102 127 127 40 42 196 165 105 5 100 123 195 86 178 182 27 108 50 146 123 132 83 28 27 170 156 6 166 107 58 120 19 3 178 149 48 26 166 52 167 48 5 132 107 109 129 110 184 6 21 6 1 189 130 178 51 78 72 165 123 76 43 74 164 17 162 194 15 66 153 31 195 1 172 51 17 134 174 26 157 1 140 59 37 13 188 152 142 187 188 159 102 24 126 15 119 118 67 70 80 151 98 85 83 59 132 102 86 55 102 111 31 65 72 126 172 179 85 194 85 63 192 12 26 147 6 168 112 98 181 83 127 58 87 6 33 152 90 189 148 28 107 26 73 20 79 114 33 127 126 63 63 180 97 41 128 73 160 136 72 0 38 130 57 85 1 195 168 187 94 15 110 62 187 157 4 91 21 178 35 198 169 61 96 153 133 126 154 12 169 137 179 21 1 144 115 32 166 24 116 41 20 35 64 165 54 156 36 56 88 197 81 2 83 169 102 90 147 30 147 110 129 145 168 166 159 74 35 173 16 45 81 97 114 145 101 188 38 22 62 196 8 110 135 137 107 56 140 182 111 73 30 2 55 168 192 53 58 175 115 169 117 141 194 73 157 200 79 110 162 181 190 75 75 90 136 157 95 3 155 72 16 114 120 7 97 53 36 42 147 68 48 4 108 160 189 84 183 6 178 40 172 182 195 34 147 42 0 59 12 92 27 164 80 122 97 114 177 44 141 73 85 198 68 52 92 54 8 99 163 172 76 75 17 59 189 45 87 191 179 108 187 106 88 78 91 152 44 110 55 125 20 127 18 7 9 144 37 154 63 27 93 176 33 184 179 186 66 52 170 66 117 145 34 168 175 138 14 116 129 138 6 126 155 94 137 143 129 47 29 161 72 125 72 169 87 55 190 10 105 116 67 4 174 107 77 193 74 165 198 56 31 0 88 142 86 176 57 83 115 92 154 189 64 48 105 174 27 173 97 154 159 82 78 95 140 134 106 79 56 192 9 199 110 51 73 121 178 195 31 35 63 0 109 192 179 41 51 113 148 118 87 155 169 116 26 139 8 57 121 4 175 58 6 178 63 132 1 33 141 81 132 10 159 47 25 24 121 63 2 146 117 151 61 154 22 6 166 122 149 159 178 150 64 142 42 162 189 29 56 146 192 187 37 197 62 39 195 109 160 175 42 152 37 188 41 37 15 13 14 109 67 123 58 21 27 2 48 37 167 1 170 19 89 73 180 82 61 61 101 9 146 48 44 65 56 65 136 184 115 109 23 97 133 69 4 88 130 194 185 14 113 122 137 5 81 42 132 79 120 104 183 78 131 130 81 70 125 14 24 112 65 176 157 146 140 179 13 40 122 129 35 152 17 170 176 111 97 30 66 63 167 200 181 167 107 196 14 36 169 94 97 122 18 182 1 137 59 21 109 178 159 92 176 69 76 83 14 131 155 116 115 34 158 108
879
0 0 0 0 0 0 0 0 0 0 0 0 0 0 0 0 0 0 0 0 0 0 0 0 0 0 0 0 0 0 0 0 0 0 0 0 0 0 0 0 0 0 0 0 0 0 0 0 0 0 0 0 0 0 0 0 0 0 0 0 0 0 0 0 0 0 0 0 0 0 0 0 0 0 0 0 0 0 0 0 0 0 0 0 0 0 0 0 0 0 0 0 0 0 0 0 0 0 0 0 0 0 0 0 0 0 0 0 0 0 0 0 0 0 0 0 0 0 0 0 0 0 0 0 0 0 0 0 0 0 0 0 0 0 0 0 0 0 0 0 0 0 0 0 0 0 0 0 0 0 0 0 0 0 0 0 0 0 0 0 0 0 0 0 0 0 0 0 0 0 0 0 0 0 0 0 0 0 0 0 0 0 0 0 0 0 0 0 0 0 0 0 0 0 0 0 0 0 0 0 0 0 0 0 0 0 0 0 0 0 0 0 0 0 0 0 0 0 0 0 0 0 0 0 0 0 0 0 0 0 0 0 0 0 0 0 0 0 0 0 0 0 0 0 0 0 0 0 0 0 0 0 0 0 0 0 0 0 0 0 0 0 0 0 0 0 0 0 0 0 0 0 0 0 0 0 0 0 0 0 0 0 0 0 0 0 0 0 0 0 0 0 0 0 0 0 0 0 0 0 0 0 0 0 0 0 0 0 0 0 0 0 0 0 0 0 0 0 0 0 0 0 0 0 0 0 0 0 0 0 0 0 0 0 0 0 0 0 0 0 0 0 0 0 0 0 0 0 0 0 0 0 0 0 0 0 0 0 0 0 0 0 0 0 0 0 0 0 0 0 0 0 0 0 0 0 0 0 0 0 0 0 0 0 0 0 0 0 0 0 0 0 0 0 0 0 0 0 0 0 0 0 0 0 0 0 0 0 0 0 0 0 0 0 0 0 0 0 0 0 0 0 0 0 0 0 0 0 0 0 0 0 0 0 0 0 0 0 0 0 0 0 0 0 0 0 0 0 0 0 0 0 0 0 0 0 0 0 0 0 0 0 0 0 0 0 0 0 0 0 0 0 0 0 0 0 0 0 0 0 0 0 0 0 0 0 0 0 0 0 0 0 0 0 0 0 0 0 0 0 0 0 0 0 0 0 0 0 0 0 0 0 0 0 0 0 0 0 0 0 0 0 0 0 0 0 0 0 0 0 0 0 0 0 0 0 0 0 0 0 0 0 0 0 0 0 0 0 0 0 0 0 0 0 0 0 0 0 0 0 0 0 0 0 0 0 0 0 0 0 0 0 0 0 0 0 0 0 0 0 0 0 0 0 0 0 0 0 0 0 0 0 0 0 0 0 0 0 0 0 0 0 0 0 0 0 0 0 0 0 0 0 0 0 0 0 0 0 0 0 0 0 0 0 0 0 0 0 0 0 0 0 0 0 0 0 0 0 0 0 0 0 0 0 0 0 0 0 0 0 0 0 0 0 0 0 0 0 0 0 0 0 0 0 0 0 0 0 0 0 0 0 0 0 0 0 0 0 0 0 0 0 0 0 0 0 0 0 0 0 0 0 0 0 0 0 0 0 0 0 0 0 0 0 0 0 0 0 0 0 0 0 0 0 0 0 0 0 0 0 0 0 0 0 0 0 0 0 0 0 0 0 0 0 0 0 0 0 0 0 0 0 0 0 0 0 0 0 0 0 0 0 0 0 0 0 0 0 0 0 0 0 0 0 0 0 0 0 0 0 0 0 0 0 0 0 0 0 0 0 0 0 0 0 0 0 0 0 0 0 0 0 0 0 0 0 0 0 0 0 0 0 0 0 0 0 0 0 0 0 0 0 0 0 0 0 0 0 0 0 0 0 0 0 0 0 0 0 0 0 0 0 0 0 0 0 0 0 0 0 0 0 0 0 0 0 0 0 0 0 0 0 0 0 0 0 0 0 0 0 0 0 0 0 0 0 0 0 0 0 0 0 0 0 0 0 0 0 0
710
73 43 51 149 96 53 170 127 128 26 28 53 184 176 179 158 20 139 71 142 154 72 45 11 166 2 43 19 47 79 90 17 154 146 2 48 2 126 36 121 112 44 81 37 71 84 110 175 172 45 33 87 172 83 37 154 41 64 14 124 84 174 85 177 189 40 114 150 12 56 49 116 174 48 25 61 178 53 200 118 55 33 59 136 37 200 99 162 152 170 65 19 155 31 192 139 64 163 176 74 56 38 167 100 93 134 39 59 109 118 65 16 112 102 191 82 50 141 189 187 169 128 29 32 117 186 129 71 62 111 50 100 158 200 76 48 99 114 167 25 92 148 124 117 149 49 148 95 96 128 2 145 28 97 116 38 192 9 134 73 163 145 189 23 179 30 154 42 42 135 43 52 164 11 179 40 190 166 197 113 184 164 156 190 48 109 26 27 49 56 192 197 44 141 200 10 187 161 48 197 92 54 100 160 132 42 76 19 28 22 137 174 117 161 68 178 154 190 183 77 117 166 187 25 163 33 123 17 165 40 67 176 71 24 196 138 20 169 117 13 165 87 126 84 192 139 190 35 190 18 72 187 71 23 187 136 103 18 91 173 58 172 50 57 55 133 189 173 10 18 140 38 154 91 30 121 63 199 140 59 69 76 13 42 199 51 6 104 39 62 181 69 55 10 31 124 23 0 193 107 37 84 68 97 60 19 28 10 167 70 108 200 94 113 164 129 28 182 49 54 124 90 39 170 152 143 89 107 166 18 100 5 7 3 106 55 30 190 15 135 190 110 162 6 35 79 148 143 10 167 128 114 113 7 71 133 18 197 106 1 19 192 186 163 195 96 96 111 47 137 34 133 108 71 129 195 181 198 124 17 11 86 185 134 163 115 62 167 160 73 169 163 158 115 33 80 0 24 44 55 34 70 164 198 37 151 131 44 12 156 53 48 200 162 138 143 195 167 127 164 197 155 103 80 16 33 8 153 47 31 181 183 46 9 27 43 51 27 62 86 111 164 174 114 161 27 196 31 131 75 32 184 1 58 156 13 65 86 159 12 145 21 89 178 8 66 159 115 9 14 71 50 157 71 143 78 151 46 16 180 34 196 161 73 26 86 12 77 104 158 50 180 137 157 77 141 196 106 150 131 126 154 196 58 97 0 96 57 88 196 112 193 198 32 21 141 21 27 62 12 130 193 105 68 18 191 7 152 173 110 45 97 152 197 117 83 136 179 39 95 175 111 150 184 141 192 105 28 12 20 177 132 88 32 169 77 169 167 158 1 178 44 123 50 14 153 84 136 139 105 13 21 166 98 33 23 18 153 76 52 183 173 168 169 127 39 0 97 1 130 42 46 57 196 95 19 124 56 51 48 133 97 85 100 125 35 193 52 162 139 11 9 8 42 39 46 30 122 103 96 180 123 21 90 107 92 173 31 23 84 124 159 199 159 153 187 19 197 117 120 59 105 171 47 109 100 163 102 72 60 157 112 200 111 115 176 59 120 125 107 23 198 88 164 65 97 130 160 1 104 87 148 94 66 183 88 95 117 100 149 97 169 97 71 105 179 109 142 193 25 105 114 170 63 104 113 52 126 200 102 103 186 112 15 34 135 126 41 144 22
402
9 19 18 18 15 14 14 3 1 15 18 5 19 6 2 11 8 20 16 17 3 5 9 7 7 20 11 9 18 16 5 5 6 18 17 9 16 2 2 8 6 13 16 20 5 14 15 20 11 9 10 6 7 10 5 9 5 13 3 11 6 10 9 5 20 4 4 15 16 4 6 4 9 13 15 2 5 0 6 0 7 9 11 7 6 10 6 8 1 20 6 15 12 11 18 19 20 7 4 16 1 15 2 8 4 1 2 5 13 13 16 5 16 1 6 18 11 4 3 8 16 0 5 10 10 5 15 3 2 12 4 8 17 7 12 4 17 0 7 0 4 20 1 11 17 5 18 16 9 19 18 17 13 7 0 8 13 8 7 5 5 14 10 17 0 12 17 3 0 19 9 7 0 20 8 19 18 16 18 18 17 7 10 18 11 13 4 10 17 18 20 10 0 2 9 17 8 4 4 4 5 1 1 12 13 6 16 6 6 14 19 14 20 0 13 16 8 6 16 1 4 8 10 13 16 6 18 14 16 3 7 9 6 7 4 3 13 19 7 16 18 15 9 0 16 4 20 0 9 16 13 16 6 17 9 13 20 8 20 3 11 12 20 13 2 1 12 5 9 9 16 10 4 11 15 2 8 3 1 12 16 15 1 16 0 17 15 19 9 9 0 6 7 7 9 14 0 2 8 7 17 19 8 14 6 8 1 10 16 9 17 5 5 7 8 2 20 1 17 8 20 20 2 17 16 19 7 16 7 12 20 20 4 20 5 9 0 12 16 2 2 12 17 16 4 18 15 19 16 1 0 20 0 15 12 12 20 7 17 3 4 13 13 5 18 17 14 18 4 17 13 7 0 19 11 8 8 11 3 4 9 6 19 3 6 11 14 17 3 19 8 3 7 16 5 7 1 8 19 9 8 4
32
200 200 200 200 200 200 200 200 200 200 200 200 200 200 200 200 200 200 200 200 200 200 200 200 200 200 200 200 200 200 200 200
39
0 0 0 0 0 0 0 0 0 0 0 0 0 0 0 0 0 0 0 0 0 0 0 0 0 0 0 0 0 0 0 0 0 0 0 0 0 0 0
528
18 5 18 167 7 8 16 13 16 151 3 14 4 4 10 4 14 17 12 181 4 17 13 150 14 11 152 3 13 16 19 9 179 16 2 6 3 18 158 181 9 3 1 6 17 18 2 18 4 0 159 0 182 18 0 11 4 4 0 13 19 3 17 168 0 15 14 153 12 3 11 2 1 11 12 0 4 3 16 12 193 4 20 1 20 0 154 15 8 2 20 9 199 12 14 11 158 17 189 156 17 14 4 156 3 199 3 6 182 171 3 6 18 9 3 15 4 187 10 10 18 19 1 12 13 18 0 20 154 13 18 1 12 3 2 16 3 176 157 1 20 9 18 15 3 0 14 11 3 6 7 11 17 11 6 9 18 13 14 188 10 182 12 11 19 1 19 154 8 184 11 181 164 11 180 8 15 10 1 15 4 3 17 154 19 2 15 1 7 3 19 5 198 4 9 0 178 158 183 193 15 17 150 6 20 12 15 10 13 8 10 1 10 17 14 159 5 12 19 9 14 5 8 6 11 170 17 20 14 14 11 4 20 18 14 3 7 7 186 17 16 0 5 10 156 0 198 17 16 4 16 189 2 6 154 18 18 13 19 151 179 10 3 12 194 4 157 9 167 19 20 3 168 6 12 19 13 16 1 2 6 1 18 13 175 184 182 10 7 16 17 7 14 16 11 9 192 4 5 19 16 18 15 0 16 13 18 5 163 8 15 4 16 187 189 160 6 1 4 19 16 8 4 177 197 19 177 181 15 14 188 0 0 3 184 0 11 5 16 3 6 1 0 4 0 19 7 15 0 168 9 7 18 14 7 8 0 14 20 19 172 3 8 20 11 14 17 181 8 1 2 5 181 0 4 13 4 9 3 16 181 172 2 3 3 188 14 15 17 3 17 15 162 12 11 19 2 17 19 0 12 170 162 13 10 11 19 187 11 15 18 163 13 8 17 16 13 18 190 9 153 13 3 20 3 13 20 1 189 179 15 15 18 4 153 1 6 6 11 11 16 11 12 17 6 0 176 0 14 154 17 19 7 17 4 13 12 20 193 6 1 9 2 15 9 12 10 12 0 20 15 2 6 181 159 4 17 12 11 20 171 17 6 7 20 12 14 15 20 15 198 5 4 11 2 10 162 14 6 5 19 186 1 187 7 180 9 177 2 161 1 9 19 9 20 12 19 6 8 8 11 9 16 17 195 162 8 0
24
200 200 200 200 200 200 200 200 200 200 200 200 200 200 200 200 200 200 200 200 200 200 200 200
947
0 0 0 0 0 0 0 0 0 0 0 0 0 0 0 0 0 0 0 0 0 0 0 0 0 0 0 0 0 0 0 0 0 0 0 0 0 0 0 0 0 0 0 0 0 0 0 0 0 0 0 0 0 0 0 0 0 0 0 0 0 0 0 0 0 0 0 0 0 0 0 0 0 0 0 0 0 0 0 0 0 0 0 0 0 0 0 0 0 0 0 0 0 0 0 0 0 0 0 0 0 0 0 0 0 0 0 0 0 0 0 0 0 0 0 0 0 0 0 0 0 0 0 0 0 0 0 0 0 0 0 0 0 0 0 0 0 0 0 0 0 0 0 0 0 0 0 0 0 0 0 0 0 0 0 0 0 0 0 0 0 0 0 0 0 0 0 0 0 0 0 0 0 0 0 0 0 0 0 0 0 0 0 0 0 0 0 0 0 0 0 0 0 0 0 0 0 0 0 0 0 0 0 0 0 0 0 0 0 0 0 0 0 0 0 0 0 0 0 0 0 0 0 0 0 0 0 0 0 0 0 0 0 0 0 0 0 0 0 0 0 0 0 0 0 0 0 0 0 0 0 0 0 0 0 0 0 0 0 0 0 0 0 0 0 0 0 0 0 0 0 0 0 0 0 0 0 0 0 0 0 0 0 0 0 0 0 0 0 0 0 0 0 0 0 0 0 0 0 0 0 0 0 0 0 0 0 0 0 0 0 0 0 0 0 0 0 0 0 0 0 0 0 0 0 0 0 0 0 0 0 0 0 0 0 0 0 0 0 0 0 0 0 0 0 0 0 0 0 0 0 0 0 0 0 0 0 0 0 0 0 0 0 0 0 0 0 0 0 0 0 0 0 0 0 0 0 0 0 0 0 0 0 0 0 0 0 0 0 0 0 0 0 0 0 0 0 0 0 0 0 0 0 0 0 0 0 0 0 0 0 0 0 0 0 0 0 0 0 0 0 0 0 0 0 0 0 0 0 0 0 0 0 0 0 0 0 0 0 0 0 0 0 0 0 0 0 0 0 0 0 0 0 0 0 0 0 0 0 0 0 0 0 0 0 0 0 0 0 0 0 0 0 0 0 0 0 0 0 0 0 0 0 0 0 0 0 0 0 0 0 0 0 0 0 0 0 0 0 0 0 0 0 0 0 0 0 0 0 0 0 0 0 0 0 0 0 0 0 0 0 0 0 0 0 0 0 0 0 0 0 0 0 0 0 0 0 0 0 0 0 0 0 0 0 0 0 0 0 0 0 0 0 0 0 0 0 0 0 0 0 0 0 0 0 0 0 0 0 0 0 0 0 0 0 0 0 0 0 0 0 0 0 0 0 0 0 0 0 0 0 0 0 0 0 0 0 0 0 0 0 0 0 0 0 0 0 0 0 0 0 0 0 0 0 0 0 0 0 0 0 0 0 0 0 0 0 0 0 0 0 0 0 0 0 0 0 0 0 0 0 0 0 0 0 0 0 0 0 0 0 0 0 0 0 0 0 0 0 0 0 0 0 0 0 0 0 0 0 0 0 0 0 0 0 0 0 0 0 0 0 0 0 0 0 0 0 0 0 0 0 0 0 0 0 0 0 0 0 0 0 0 0 0 0 0 0 0 0 0 0 0 0 0 0 0 0 0 0 0 0 0 0 0 0 0 0 0 0 0 0 0 0 0 0 0 0 0 0 0 0 0 0 0 0 0 0 0 0 0 0 0 0 0 0 0 0 0 0 0 0 0 0 0 0 0 0 0 0 0 0 0 0 0 0 0 0 0 0 0 0 0 0 0 0 0 0 0 0 0 0 0 0 0 0 0 0 0 0 0 0 0 0 0 0 0 0 0 0 0 0 0 0 0 0 0 0 0 0 0 0 0 0 0 0 0 0 0 0 0 0 0 0 0 0 0 0 0 0 0 0 0 0 0 0 0 0 0 0 0 0 0 0 0 0 0 0 0 0 0 0 0 0 0 0 0 0 0 0 0 0 0 0 0 0 0 0 0 0 0 0 0 0 0 0 0 0 0 0 0 0 0 0 0 0 0 0 0 0 0 0 0 0 0 0 0 0 0 0 0 0 0 0 0 0 0 0 0 0 0 0 0 0 0 0 0 0 0 0 0 0 0 0 0 0 0 0 0 0 0 0 0 0 0 0 0 0
50
200 200 200 200 200 200 200 200 200 200 200 200 200 200 200 200 200 200 200 200 200 200 200 200 200 200 200 200 200 200 200 200 200 200 200 200 200 200 200 200 200 200 200 200 200 200 200 200 200 200
581
13 0 2 19 1 4 7 17 1 5 13 15 13 4 20 11 15 4 16 8 18 13 11 14 2 5 15 13 15 7 14 12 1 1 14 4 7 18 1 2 2 18 11 5 8 9 17 20 20 2 16 15 1 7 11 11 12 12 12 0 13 7 3 5 17 0 15 2 18 14 9 17 3 14 1 17 15 20 13 15 8 18 3 16 3 17 5 14 19 20 16 9 0 14 11 2 5 7 14 20 12 19 14 4 2 17 10 7 0 20 4 8 3 14 8 1 16 14 0 2 19 3 1 19 20 1 10 19 3 14 20 17 20 12 2 2 2 5 9 14 15 13 10 9 0 6 3 2 2 3 13 0 13 20 12 13 7 20 20 18 19 12 15 6 15 19 2 11 20 17 2 20 17 3 2 11 5 7 11 4 2 17 13 13 1 6 0 9 2 3 20 9 18 8 16 3 5 11 15 3 14 17 8 15 3 13 9 13 6 1 2 8 7 4 7 9 11 19 9 3 1 13 2 5 1 12 2 17 17 11 6 14 1 12 19 4 8 18 0 2 14 0 13 17 16 6 14 1 18 8 0 13 16 0 5 7 2 2 11 15 11 7 15 12 3 17 5 2 10 8 12 9 6 6 3 18 6 7 9 16 7 16 1 14 17 9 12 8 14 11 13 0 1 11 15 0 19 19 2 16 9 9 18 13 8 12 9 10 10 3 8 17 9 8 13 6 2 6 0 9 1 13 5 15 12 8 10 1 5 11 20 15 9 11 18 18 7 3 14 7 20 19 16 2 5 18 12 19 12 5 2 17 20 0 18 18 12 13 16 9 7 13 15 2 5 13 19 2 18 7 13 14 8 6 6 7 1 13 14 19 8 9 4 19 1 2 13 16 10 20 5 15 20 12 15 9 17 13 0 7 12 16 1 8 16 16 4 11 15 5 14 10 18 5 18 2 11 19 20 5 5 0 3 9 3 15 13 4 19 8 9 20 9 0 3 1 0 15 19 15 1 3 19 5 8 17 7 17 18 12 17 19 17 4 1 14 6 20 11 13 20 13 20 20 17 8 7 16 15 9 5 3 7 10 11 4 2 4 18 6 2 12 14 11 11 18 14 4 7 9 20 12 9 18 2 3 4 16 16 1 1 12 13 1 9 13 9 15 5 12 16 9 2 15 16 0 17 3 8 18 14 4 0 0 12 1 10 0 9 20 20 11 11 9 9 7 6 7 1 11 5 12 4 17 6 19 11 18 4 5 0 20 12 13 16 11 1 10 0 16 18 10 15 1 3 11 10 15 19 18 7 15 18 11 4 6 2 4 14 14 0
460
115 37 41 57 158 149 69 130 195 186 146 15 63 94 175 55 19 140 162 140 144 4 185 49 17 27 36 50 42 74 166 13 149 100 142 88 15 163 88 123 87 74 132 189 122 109 112 31 134 36 39 37 176 184 190 82 111 115 133 106 109 47 77 103 183 170 8 64 118 31 143 21 60 125 139 19 3 163 97 160 74 180 192 40 96 193 61 28 13 5 99 119 179 29 125 55 169 102 123 155 136 115 83 169 55 118 80 138 14 50 80 166 128 41 139 191 124 26 168 104 140 18 47 176 194 139 9 96 15 147 172 4 54 46 45 186 59 38 139 40 64 66 32 161 138 11 160 89 45 53 0 94 158 42 150 131 29 173 5 102 122 38 33 79 185 77 77 178 153 50 42 12 177 70 199 115 160 102 64 172 76 194 159 72 186 185 125 99 65 133 86 36 150 131 186 24 184 77 17 173 69 130 169 103 71 7 133 25 178 48 31 124 182 52 122 2 21 144 104 53 20 127 173 182 189 5 14 137 152 82 160 22 164 28 72 44 36 93 32 150 13 11 90 108 199 66 169 188 122 158 59 86 112 105 169 40 183 181 190 75 15 32 163 53 89 12 146 137 182 62 77 98 34 16 99 176 43 83 26 107 5 9 160 0 9 109 165 63 123 51 65 34 33 62 188 189 178 25 144 20 7 63 44 167 167 49 48 13 73 137 34 150 79 117 177 120 72 121 3 77 107 125 99 56 182 181 144 128 196 131 149 70 185 129 10 9 125 175 63 128 20 42 190 77 145 119 6 79 188 155 169 184 170 52 83 20 22 62 196 9 31 71 163 48 38 161 147 56 148 194 179 139 34 134 7 6 171 35 48 78 130 104 169 63 52 39 119 180 32 173 74 11 64 130 127 160 109 116 173 179 184 29 134 25 36 43 148 76 195 0 95 162 200 175 86 69 86 186 46 134 3 75 146 103 161 76 55 55 133 142 81 100 168 20 178 77 37 150 14 135 145 110 176 164 115 155 119 122 63 161 88 39 5 97 46 73 17 26 160 150
485
13 1 161 18 20 200 13 10 11 1 9 0 19 6 9 16 13 13 5 19 17 198 10 177 0 197 16 15 169 18 19 159 14 6 6 157 157 15 4 11 3 0 20 9 185 17 16 14 9 6 8 10 12 12 0 154 19 6 19 7 4 11 12 13 195 15 2 12 17 162 167 194 10 196 17 199 166 5 200 151 200 197 199 8 9 155 5 9 4 1 11 0 169 0 14 10 1 191 17 9 7 7 8 2 19 19 4 1 6 7 20 188 12 9 2 167 0 5 151 4 19 179 198 15 6 4 15 11 8 0 176 13 154 10 13 17 3 17 194 11 4 2 162 194 14 8 181 17 20 14 12 9 7 20 188 10 156 18 16 0 2 14 180 165 15 2 6 2 10 5 1 171 196 8 5 163 14 11 18 158 17 15 10 166 4 9 4 12 14 2 166 17 7 18 17 8 15 192 11 8 19 20 15 176 9 19 10 17 2 14 13 0 19 0 6 10 19 198 17 19 156 17 165 2 4 176 10 19 16 14 5 179 13 157 185 198 1 178 172 18 200 174 13 10 18 10 189 187 8 9 7 4 16 3 12 191 5 192 6 3 19 10 152 10 11 11 14 19 175 3 166 10 1 152 13 10 171 13 18 6 153 10 19 12 171 150 1 11 17 15 16 3 15 0 154 0 200 4 178 20 11 7 8 197 20 11 10 3 151 19 14 19 198 10 15 153 20 11 15 19 18 197 16 19 8 14 17 7 194 10 0 11 3 12 5 8 8 0 15 15 183 9 2 8 12 4 157 19 13 166 2 5 2 6 183 10 186 17 15 0 6 16 12 8 1 194 8 159 11 194 0 5 5 6 5 7 188 6 14 9 16 2 11 194 4 6 181 7 5 12 14 4 158 15 171 9 185 17 1 194 2 7 16 164 19 14 200 19 3 19 13 19 1 1 13 14 16 2 193 4 20 192 13 16 12 10 19 12 8 3 150 6 18 18 6 20 7 15 10 4 13 11 0 9 19 13 1 2 198 5 188 3 2 7 6 161 190 6 2 3 1 3 16 17 4 10 0 166 4 9 10 16 188 168 181 18 6 0 7 3 162 19 198 0 153
510
200 200 200 200 200 200 200 200 200 200 200 200 200 200 200 200 200 200 200 200 200 200 200 200 200 200 200 200 200 200 200 200 200 200 200 200 200 200 200 200 200 200 200 200 200 200 200 200 200 200 200 200 200 200 200 200 200 200 200 200 200 200 200 200 200 200 200 200 200 200 200 200 200 200 200 200 200 200 200 200 200 200 200 200 200 200 200 200 200 200 200 200 200 200 200 200 200 200 200 200 200 200 200 200 200 200 200 200 200 200 200 200 200 200 200 200 200 200 200 200 200 200 200 200 200 200 200 200 200 200 200 200 200 200 200 200 200 200 200 200 200 200 200 200 200 200 200 200 200 200 200 200 200 200 200 200 200 200 200 200 200 200 200 200 200 200 200 200 200 200 200 200 200 200 200 200 200 200 200 200 200 200 200 200 200 200 200 200 200 200 200 200 200 200 200 200 200 200 200 200 200 200 200 200 200 200 200 200 200 200 200 200 200 200 200 200 200 200 200 200 200 200 200 200 200 200 200 200 200 200 200 200 200 200 200 200 200 200 200 200 200 200 200 200 200 200 200 200 200 200 200 200 200 200 200 200 200 200 200 200 200 200 200 200 200 200 200 200 200 200 200 200 200 200 200 200 200 200 200 200 200 200 200 200 200 200 200 200 200 200 200 200 200 200 200 200 200 200 200 200 200 200 200 200 200 200 200 200 200 200 200 200 200 200 200 200 200 200 200 200 200 200 200 200 200 200 200 200 200 200 200 200 200 200 200 200 200 200 200 200 200 200 200 200 200 200 200 200 200 200 200 200 200 200 200 200 200 200 200 200 200 200 200 200 200 200 200 200 200 200 200 200 200 200 200 200 200 200 200 200 200 200 200 200 200 200 200 200 200 200 200 200 200 200 200 200 200 200 200 200 200 200 200 200 200 200 200 200 200 200 200 200 200 200 200 200 200 200 200 200 200 200 200 200 200 200 200 200 200 200 200 200 200 200 200 200 200 200 200 200 200 200 200 200 200 200 200 200 200 200 200 200 200 200 200 200 200 200 200 200 200 200 200 200 200 200 200 200 200 200 200 200 200 200 200 200 200 200 200 200 200 200 200 200 200 200 200 200 200 200 200 200 200 200 200 200 200 200 200 200 200 200 200 200 200 200 200 200 200 200
414
3 25 180 178 107 119 165 68 112 38 64 109 107 180 62 141 64 139 8 52 167 58 77 157 163 183 11 64 126 111 8 155 146 47 110 97 142 183 1 131 152 68 180 9 45 193 174 41 152 163 63 124 23 169 3 14 43 78 138 47 55 96 179 58 17 188 165 119 112 81 40 179 113 130 167 56 170 40 25 41 121 130 151 49 115 45 94 166 62 179 95 84 153 34 30 194 56 22 9 126 134 4 100 116 65 88 44 167 45 191 191 77 153 26 126 135 23 71 156 83 45 22 90 129 97 41 164 133 122 183 36 171 120 40 199 62 200 93 191 14 40 63 124 194 174 147 89 81 154 28 119 184 167 145 1 184 175 72 109 143 96 1 7 2 193 58 35 136 178 166 88 59 181 79 172 35 178 2 109 121 53 189 143 134 151 172 121 45 44 128 163 107 38 108 45 92 116 73 71 189 148 38 199 87 60 34 61 163 194 106 183 170 152 37 86 123 17 150 69 106 127 66 68 53 162 98 155 69 112 90 108 40 190 71 154 79 185 147 34 95 17 159 144 66 90 123 50 0 82 0 90 11 15 146 111 6 43 119 200 195 109 53 3 24 122 44 94 10 164 24 25 54 66 55 6 126 2 103 158 156 158 76 145 34 87 175 110 71 101 160 85 174 141 25 60 43 96 71 150 156 196 161 60 4 72 18 197 155 41 64 178 180 48 38 107 125 182 174 79 84 34 200 113 197 71 187 16 97 172 44 25 102 10 11 37 5 111 142 168 126 83 200 87 85 178 7 133 142 100 187 191 42 190 45 29 145 111 49 40 13 192 156 1 55 101 4 170 129 119 25 181 153 11 60 100 27 114 86 44 42 150 12 145 127 35 167 32 4 33 109 21 66 164 182 15 77 86 65 37 60 34 143 182 104 32 24 98 34 167 30 28 84 137 200
294
200 200 200 200 200 200 200 200 200 200 200 200 200 200 200 200 200 200 200 200 200 200 200 200 200 200 200 200 200 200 200 200 200 200 200 200 200 200 200 200 200 200 200 200 200 200 200 200 200 200 200 200 200 200 200 200 200 200 200 200 200 200 200 200 200 200 200 200 200 200 200 200 200 200 200 200 200 200 200 200 200 200 200 200 200 200 200 200 200 200 200 200 200 200 200 200 200 200 200 200 200 200 200 200 200 200 200 200 200 200 200 200 200 200 200 200 200 200 200 200 200 200 200 200 200 200 200 200 200 200 200 200 200 200 200 200 200 200 200 200 200 200 200 200 200 200 200 200 200 200 200 200 200 200 200 200 200 200 200 200 200 200 200 200 200 200 200 200 200 200 200 200 200 200 200 200 200 200 200 200 200 200 200 200 200 200 200 200 200 200 200 200 200 200 200 200 200 200 200 200 200 200 200 200 200 200 200 200 200 200 200 200 200 200 200 200 200 200 200 200 200 200 200 200 200 200 200 200 200 200 200 200 200 200 200 200 200 200 200 200 200 200 200 200 200 200 200 200 200 200 200 200 200 200 200 200 200 200 200 200 200 200 200 200 200 200 200 200 200 200 200 200 200 200 200 200 200 200 200 200 200 200 200 200 200 200 200 200 200 200 200 200 200 200
302
0 0 0 0 0 0 0 0 0 0 0 0 0 0 0 0 0 0 0 0 0 0 0 0 0 0 0 0 0 0 0 0 0 0 0 0 0 0 0 0 0 0 0 0 0 0 0 0 0 0 0 0 0 0 0 0 0 0 0 0 0 0 0 0 0 0 0 0 0 0 0 0 0 0 0 0 0 0 0 0 0 0 0 0 0 0 0 0 0 0 0 0 0 0 0 0 0 0 0 0 0 0 0 0 0 0 0 0 0 0 0 0 0 0 0 0 0 0 0 0 0 0 0 0 0 0 0 0 0 0 0 0 0 0 0 0 0 0 0 0 0 0 0 0 0 0 0 0 0 0 0 0 0 0 0 0 0 0 0 0 0 0 0 0 0 0 0 0 0 0 0 0 0 0 0 0 0 0 0 0 0 0 0 0 0 0 0 0 0 0 0 0 0 0 0 0 0 0 0 0 0 0 0 0 0 0 0 0 0 0 0 0 0 0 0 0 0 0 0 0 0 0 0 0 0 0 0 0 0 0 0 0 0 0 0 0 0 0 0 0 0 0 0 0 0 0 0 0 0 0 0 0 0 0 0 0 0 0 0 0 0 0 0 0 0 0 0 0 0 0 0 0 0 0 0 0 0 0 0 0 0 0 0 0 0 0 0 0 0 0 0 0 0 0 0 0 0 0 0 0 0 0
970
145 52 46 62 199 174 91 50 115 87 159 137 127 71 161 80 182 94 135 170 147 88 183 57 104 4 60 144 152 8 153 25 22 100 122 179 195 186 115 142 127 118 54 48 158 156 152 181 70 91 193 48 55 188 83 134 200 113 66 116 109 25 153 9 94 53 169 180 169 153 139 185 76 158 144 96 146 184 51 112 50 108 188 59 40 94 107 172 182 78 46 41 177 37 108 92 34 79 187 44 98 41 101 171 143 85 200 88 33 50 39 117 56 53 156 8 8 99 32 195 97 60 8 95 195 175 49 40 10 3 52 109 154 6 138 31 189 109 150 50 8 162 197 192 55 104 117 71 199 93 37 173 181 147 197 25 162 173 19 72 169 68 18 157 118 14 110 101 193 157 124 70 113 53 9 101 33 7 22 156 37 6 157 63 9 173 96 39 106 171 80 19 143 44 103 141 61 102 57 124 65 114 116 134 168 2 179 31 132 44 109 195 188 156 106 161 21 118 34 180 112 96 111 0 113 64 25 88 104 156 12 68 91 3 145 77 10 71 95 104 167 60 146 149 4 175 175 153 39 107 76 114 147 116 83 134 140 55 63 64 124 125 156 132 194 2 141 18 47 21 25 178 74 131 130 69 91 62 135 128 144 170 185 44 12 48 52 79 177 51 1 156 108 146 197 196 196 176 166 148 153 114 55 117 184 160 176 68 121 11 188 66 81 154 102 99 197 149 73 60 26 198 47 21 88 43 59 56 191 65 173 145 166 195 60 34 117 84 34 80 184 7 150 195 173 160 94 0 35 65 53 32 153 142 83 34 1 84 154 90 52 71 42 118 64 45 88 199 35 67 193 172 67 80 5 131 0 42 7 183 25 177 83 43 53 81 62 114 82 32 54 107 21 90 142 123 198 180 129 199 29 128 53 197 173 191 185 22 182 183 168 69 114 93 186 99 142 132 178 156 50 25 28 128 36 162 55 185 79 51 79 162 20 133 164 174 113 73 173 113 59 39 61 126 195 11 119 168 160 153 196 186 79 178 158 14 1 8 136 147 149 129 146 82 48 161 148 126 182 180 36 107 24 61 184 198 197 98 10 76 196 54 35 68 116 126 190 140 134 106 71 149 95 74 31 7 88 108 112 77 162 97 174 4 67 111 76 87 27 62 48 58 184 169 3 79 125 5 94 130 5 196 115 57 182 28 92 7 27 162 165 118 154 33 58 148 166 128 70 186 139 197 177 186 20 150 153 46 132 184 45 14 200 197 96 160 183 175 153 124 123 10 158 185 38 104 123 178 116 130 162 23 58 9 12 144 67 59 110 81 193 99 101 8 170 98 104 145 23 124 195 146 80 32 170 181 166 115 40 19 175 118 171 34 94 17 165 136 63 116 35 77 170 47 15 88 91 3 70 130 160 135 179 130 178 184 92 149 2 80 25 186 102 47 21 84 197 29 156 64 64 137 159 65 171 11 88 24 132 36 181 82 184 75 121 96 160 35 126 36 12 18 102 36 85 178 83 28 78 69 115 75 80 82 31 142 166 141 71 24 9 14 111 165 175 128 50 158 131 27 151 55 127 111 151 127 46 90 31 27 35 131 125 65 141 200 120 16 120 38 157 177 69 24 103 120 9 167 28 196 105 177 14 123 96 187 135 9 131 140 10 101 87 115 37 182 13 164 12 16 1 123 41 88 143 43 173 139 42 94 160 29 83 181 164 131 44 56 178 125 147 69 111 167 55 59 191 90 73 53 40 117 95 55 195 79 70 112 3 186 90 77 22 93 20 168 127 102 52 112 35 124 99 120 10 198 121 175 14 157 174 181 12 73 56 47 187 72 149 50 131 110 167 161 81 74 65 125 140 98 117 180 112 68 81 62 97 93 100 54 88 190 135 149 23 70 28 131 183 110 193 94 117 182 165 13 98 165 192 189 170 87 164 123 120 95 49 83 79 73 189 161 47 163 102 64 154 30 81 154 8 163 130 19 122 71 135 2 178 48 115 120 65 152 168 16 4 26 78 21 59 7 130 66 164 69 147 13 143 36 179 46 197 192 14 23 110 82 115 20 158 134 9 97 96 190 192 133 75 171 134 190 132 150 36 73 75 92 120 70 167 6 130 14 135 92 80 74 119 47 200 155 99 110 40 46 21 30 16 76 192 147 64 188 28 199 15 159 124 45 41 24 175 172 194 115 192 152 164 189
814
0 0 0 0 0 0 0 0 0 0 0 0 0 0 0 0 0 0 0 0 0 0 0 0 0 0 0 0 0 0 0 0 0 0 0 0 0 0 0 0 0 0 0 0 0 0 0 0 0 0 0 0 0 0 0 0 0 0 0 0 0 0 0 0 0 0 0 0 0 0 0 0 0 0 0 0 0 0 0 0 0 0 0 0 0 0 0 0 0 0 0 0 0 0 0 0 0 0 0 0 0 0 0 0 0 0 0 0 0 0 0 0 0 0 0 0 0 0 0 0 0 0 0 0 0 0 0 0 0 0 0 0 0 0 0 0 0 0 0 0 0 0 0 0 0 0 0 0 0 0 0 0 0 0 0 0 0 0 0 0 0 0 0 0 0 0 0 0 0 0 0 0 0 0 0 0 0 0 0 0 0 0 0 0 0 0 0 0 0 0 0 0 0 0 0 0 0 0 0 0 0 0 0 0 0 0 0 0 0 0 0 0 0 0 0 0 0 0 0 0 0 0 0 0 0 0 0 0 0 0 0 0 0 0 0 0 0 0 0 0 0 0 0 0 0 0 0 0 0 0 0 0 0 0 0 0 0 0 0 0 0 0 0 0 0 0 0 0 0 0 0 0 0 0 0 0 0 0 0 0 0 0 0 0 0 0 0 0 0 0 0 0 0 0 0 0 0 0 0 0 0 0 0 0 0 0 0 0 0 0 0 0 0 0 0 0 0 0 0 0 0 0 0 0 0 0 0 0 0 0 0 0 0 0 0 0 0 0 0 0 0 0 0 0 0 0 0 0 0 0 0 0 0 0 0 0 0 0 0 0 0 0 0 0 0 0 0 0 0 0 0 0 0 0 0 0 0 0 0 0 0 0 0 0 0 0 0 0 0 0 0 0 0 0 0 0 0 0 0 0 0 0 0 0 0 0 0 0 0 0 0 0 0 0 0 0 0 0 0 0 0 0 0 0 0 0 0 0 0 0 0 0 0 0 0 0 0 0 0 0 0 0 0 0 0 0 0 0 0 0 0 0 0 0 0 0 0 0 0 0 0 0 0 0 0 0 0 0 0 0 0 0 0 0 0 0 0 0 0 0 0 0 0 0 0 0 0 0 0 0 0 0 0 0 0 0 0 0 0 0 0 0 0 0 0 0 0 0 0 0 0 0 0 0 0 0 0 0 0 0 0 0 0 0 0 0 0 0 0 0 0 0 0 0 0 0 0 0 0 0 0 0 0 0 0 0 0 0 0 0 0 0 0 0 0 0 0 0 0 0 0 0 0 0 0 0 0 0 0 0 0 0 0 0 0 0 0 0 0 0 0 0 0 0 0 0 0 0 0 0 0 0 0 0 0 0 0 0 0 0 0 0 0 0 0 0 0 0 0 0 0 0 0 0 0 0 0 0 0 0 0 0 0 0 0 0 0 0 0 0 0 0 0 0 0 0 0 0 0 0 0 0 0 0 0 0 0 0 0 0 0 0 0 0 0 0 0 0 0 0 0 0 0 0 0 0 0 0 0 0 0 0 0 0 0 0 0 0 0 0 0 0 0 0 0 0 0 0 0 0 0 0 0 0 0 0 0 0 0 0 0 0 0 0 0 0 0 0 0 0 0 0 0 0 0 0 0 0 0 0 0 0 0 0 0 0 0 0 0 0 0 0 0 0 0 0 0 0 0 0 0 0 0 0 0 0 0 0 0 0 0 0 0 0 0 0 0 0 0 0 0 0 0 0 0 0 0 0 0 0 0 0 0 0 0 0 0 0 0 0 0 0 0 0 0 0 0 0 0 0 0 0 0 0 0 0 0 0 0 0 0 0 0 0 0 0 0 0 0 0 0 0 0 0
329
18 12 19 151 17 14 19 15 5 9 19 177 7 12 13 4 1 177 14 15 18 169 152 194 179 18 6 190 9 2 19 1 6 4 6 181 163 1 4 14 18 152 20 12 6 20 20 13 16 171 5 163 17 18 11 178 15 3 18 155 3 11 154 2 20 193 8 11 15 0 12 164 11 11 15 12 9 20 10 19 4 191 20 3 18 20 6 196 2 3 7 19 16 196 18 17 17 9 19 14 198 187 10 168 195 0 10 9 150 167 13 152 15 156 171 16 14 16 6 9 20 197 1 12 12 173 6 9 5 2 14 12 168 0 6 11 0 10 5 187 15 7 9 181 3 0 12 193 11 9 151 18 16 184 10 6 3 5 10 5 9 20 0 12 16 19 7 19 164 10 0 187 14 20 18 6 20 170 186 18 9 20 3 17 169 13 1 198 16 0 17 5 1 13 161 20 16 11 8 3 17 1 5 6 168 12 172 166 16 1 12 7 11 8 9 163 166 8 1 5 18 164 18 6 170 9 186 15 13 4 10 20 183 15 6 12 11 13 3 173 17 3 153 9 4 15 160 153 6 18 0 6 5 2 10 12 11 169 2 18 8 17 7 3 18 15 9 14 16 188 12 200 20 19 6 7 2 17 11 1 12 5 20 16 1 177 2 2 5 167 9 15 5 3 13 5 11 16 160 13 8 2 175 189 20 18 152 174 191 170 14 7 3 15 16 18 14 15 19 14 191 9 19 2 5 12 152 20 19
312
0 200 98 61 120 111 65 79 74 66 79 107 81 83 75 70 65 109 78 110 64 93 72 52 118 50 81 112 50 78 57 119 55 54 81 87 109 115 117 62 101 90 70 118 109 102 99 114 109 60 114 50 61 106 50 94 108 109 91 86 120 111 74 77 93 63 73 91 101 100 104 65 62 80 85 116 89 100 56 117 109 102 96 55 69 109 65 60 77 62 52 110 88 116 73 56 54 117 75 109 59 70 109 61 111 89 74 72 60 93 75 57 113 117 110 75 101 105 69 116 95 91 112 54 98 57 99 72 67 58 89 77 58 96 92 82 70 88 108 53 83 112 85 86 112 115 74 108 86 66 79 65 106 106 108 82 87 119 77 62 120 74 69 120 94 109 71 67 114 70 104 90 97 99 118 106 92 109 51 68 52 102 114 89 71 101 60 51 61 118 63 108 64 116 101 119 92 100 53 84 74 65 89 109 115 89 59 63 58 118 117 86 83 75 61 50 63 109 59 95 65 119 110 104 72 110 119 95 106 84 119 66 110 68 93 73 112 75 84 69 73 114 113 79 112 116 57 92 101 110 53 91 101 52 96 120 104 52 78 81 90 89 60 51 99 80 86 86 72 110 77 120 56 92 94 59 74 111 115 84 92 117 81 114 117 50 83 113 90 89 114 51 119 84 74 119 98 98 79 109 113 69 117 67 98 81 102 119 65 64 58 200
350
164 66 128 87 174 65 85 185 170 2 153 125 166 3 108 12 77 135 19 9 107 170 64 65 87 128 37 124 144 153 0 9 52 135 102 143 142 81 127 105 183 50 18 44 110 16 149 101 125 195 78 34 67 88 57 120 131 70 85 111 59 126 118 94 127 193 134 85 154 12 16 161 33 104 107 175 196 55 52 50 193 20 140 152 134 42 42 115 196 111 175 155 141 37 117 131 115 84 186 30 193 64 45 65 64 172 136 125 96 174 2 8 69 140 101 68 94 37 40 8 165 85 44 151 72 47 196 134 161 147 44 11 26 16 125 16 94 133 42 98 48 53 39 134 115 43 112 55 22 161 200 20 169 191 75 106 143 196 145 153 3 50 40 22 83 185 68 42 114 82 110 90 187 176 178 33 50 125 157 134 24 138 21 88 126 7 119 193 58 14 182 6 150 183 3 56 106 35 160 187 108 158 18 89 130 21 132 5 87 189 54 141 106 167 76 70 102 137 67 153 193 185 197 177 80 163 40 172 60 195 36 195 161 36 178 9 19 126 24 137 167 74 157 137 167 36 162 112 13 137 22 79 36 81 89 126 107 197 50 6 144 151 47 96 112 98 92 32 72 148 80 150 130 43 8 83 33 12 86 194 187 111 28 81 34 168 158 11 193 67 170 67 166 121 181 141 0 41 121 132 198 189 45 107 73 156 46 118 122 155 187 179 4 48 131 15 113 77 16 132 39 89 116 37 177 56 35 69 140 196 145 155 136 102 63 60 22 25 197 64 110 150 155 134 174 144 150 125 99 89
839
99 120 30 120 99 98 99 99 30 194 150 150 99 194 30 120 120 99 99 120 194 98 98 150 194 150 120 150 99 194 120 150 30 30 30 98 30 99 99 150 98 194 120 30 120 120 99 99 98 30 30 99 30 194 30 120 120 194 30 150 194 194 30 150 99 30 99 98 99 194 194 120 30 98 98 194 150 194 120 30 120 194 120 120 150 30 194 194 30 150 98 120 30 150 30 98 150 194 120 30 194 150 30 150 98 98 30 194 99 150 98 150 194 194 150 120 99 98 150 99 99 98 150 99 98 30 99 98 30 150 30 194 99 150 99 120 30 150 99 98 30 99 99 99 120 99 30 98 120 120 98 99 194 194 120 99 120 194 150 120 120 120 150 150 150 98 194 98 98 150 194 30 120 30 30 30 98 98 98 194 194 98 120 30 98 150 99 120 30 194 99 120 194 99 98 194 120 120 99 98 194 150 194 150 99 99 99 120 98 120 99 98 98 120 194 30 150 150 30 99 194 30 120 99 120 30 150 30 150 99 150 194 98 120 120 99 99 194 150 98 194 30 99 150 194 30 194 99 99 150 150 98 194 30 30 150 194 120 99 30 120 120 194 98 99 99 98 98 120 30 98 194 150 150 194 150 120 30 30 99 120 98 98 98 194 30 150 194 150 194 98 99 98 98 98 150 30 150 194 120 120 150 99 194 194 150 99 150 150 98 30 98 194 98 150 30 120 98 30 99 99 99 194 150 99 99 194 120 120 30 194 98 150 98 150 194 98 99 120 98 150 30 150 30 194 99 120 194 99 194 30 194 99 30 98 150 98 98 99 194 99 150 194 120 30 194 99 30 150 98 30 120 120 150 194 98 120 194 120 194 150 120 99 30 99 194 120 150 194 30 150 98 194 30 98 30 120 99 120 120 98 30 99 150 30 30 30 120 98 98 120 30 120 120 120 98 194 194 120 99 98 194 30 120 120 99 98 150 99 99 99 150 150 98 30 194 98 150 150 194 30 194 99 120 99 194 30 150 99 150 150 150 99 30 98 194 98 98 194 98 98 120 194 194 98 120 98 120 30 150 150 150 150 98 120 98 99 120 120 194 194 98 120 120 194 98 98 98 194 150 30 99 194 120 194 120 150 98 150 194 194 98 120 120 194 194 120 194 194 194 30 194 120 194 194 98 150 194 120 194 30 98 120 150 98 99 30 99 120 120 99 99 120 99 150 99 150 150 194 194 120 120 120 194 120 99 30 30 194 150 98 98 194 30 150 120 194 120 99 194 30 30 99 194 150 98 99 120 30 120 194 30 150 30 99 194 120 150 120 120 99 99 150 194 194 150 30 120 99 150 99 30 99 30 120 194 98 98 99 98 30 98 150 120 120 194 150 194 120 150 99 194 120 98 150 30 99 30 98 120 120 99 194 194 150 150 150 98 150 99 150 99 150 194 99 120 99 99 150 30 194 30 30 120 120 30 30 120 98 150 150 99 120 98 99 120 194 120 30 30 120 99 98 98 98 120 120 98 120 30 150 120 194 194 98 30 120 120 120 150 120 98 98 194 150 98 30 30 98 194 98 98 99 150 30 120 150 150 120 30 30 150 30 98 98 194 30 99 194 98 98 150 30 30 30 150 150 120 120 30 194 99 120 194 30 150 98 150 30 99 99 120 120 98 30 150 120 120 30 120 120 98 194 194 99 30 120 120 99 99 99 150 120 150 30 150 194 120 150 194 120 99 99 120 30 194 194 120 150 99 194 194 99 30 150 120 150 98 150 150 120 120 194 30 99 99 98 99 99 120 98 99 194 98 120 99 99 120 194 120 98 99 120 30 194 120 98 98 99 194 194 120 194 98 30 99 98 30 194 120 194 98 120 98 99 98 150 120 150 194 120 120 150 99 98 30 30 99 194
763
0 0 0 0 0 0 0 0 0 0 0 0 0 0 0 0 0 0 0 0 0 0 0 0 0 0 0 0 0 0 0 0 0 0 0 0 0 0 0 0 0 0 0 0 0 0 0 0 0 0 0 0 0 0 0 0 0 0 0 0 0 0 0 0 0 0 0 0 0 0 0 0 0 0 0 0 0 0 0 0 0 0 0 0 0 0 0 0 0 0 0 0 0 0 0 0 0 0 0 0 0 0 0 0 0 0 0 0 0 0 0 0 0 0 0 0 0 0 0 0 0 0 0 0 0 0 0 0 0 0 0 0 0 0 0 0 0 0 0 0 0 0 0 0 0 0 0 0 0 0 0 0 0 0 0 0 0 0 0 0 0 0 0 0 0 0 0 0 0 0 0 0 0 0 0 0 0 0 0 0 0 0 0 0 0 0 0 0 0 0 0 0 0 0 0 0 0 0 0 0 0 0 0 0 0 0 0 0 0 0 0 0 0 0 0 0 0 0 0 0 0 0 0 0 0 0 0 0 0 0 0 0 0 0 0 0 0 0 0 0 0 0 0 0 0 0 0 0 0 0 0 0 0 0 0 0 0 0 0 0 0 0 0 0 0 0 0 0 0 0 0 0 0 0 0 0 0 0 0 0 0 0 0 0 0 0 0 0 0 0 0 0 0 0 0 0 0 0 0 0 0 0 0 0 0 0 0 0 0 0 0 0 0 0 0 0 0 0 0 0 0 0 0 0 0 0 0 0 0 0 0 0 0 0 0 0 0 0 0 0 0 0 0 0 0 0 0 0 0 0 0 0 0 0 0 0 0 0 0 0 0 0 0 0 0 0 0 0 0 0 0 0 0 0 0 0 0 0 0 0 0 0 0 0 0 0 0 0 0 0 0 0 0 0 0 0 0 0 0 0 0 0 0 0 0 0 0 0 0 0 0 0 0 0 0 0 0 0 0 0 0 0 0 0 0 0 0 0 0 0 0 0 0 0 0 0 0 0 0 0 0 0 0 0 0 0 0 0 0 0 0 0 0 0 0 0 0 0 0 0 0 0 0 0 0 0 0 0 0 0 0 0 0 0 0 0 0 0 0 0 0 0 0 0 0 0 0 0 0 0 0 0 0 0 0 0 0 0 0 0 0 0 0 0 0 0 0 0 0 0 0 0 0 0 0 0 0 0 0 0 0 0 0 0 0 0 0 0 0 0 0 0 0 0 0 0 0 0 0 0 0 0 0 0 0 0 0 0 0 0 0 0 0 0 0 0 0 0 0 0 0 0 0 0 0 0 0 0 0 0 0 0 0 0 0 0 0 0 0 0 0 0 0 0 0 0 0 0 0 0 0 0 0 0 0 0 0 0 0 0 0 0 0 0 0 0 0 0 0 0 0 0 0 0 0 0 0 0 0 0 0 0 0 0 0 0 0 0 0 0 0 0 0 0 0 0 0 0 0 0 0 0 0 0 0 0 0 0 0 0 0 0 0 0 0 0 0 0 0 0 0 0 0 0 0 0 0 0 0 0 0 0 0 0 0 0 0 0 0 0 0 0 0 0 0 0 0 0 0 0 0 0 0 0 0 0 0 0 0 0 0 0 0 0 0 0 0 0 0 0 0 0 0 0 0 0 0 0 0 0 0 0 0 0 0 0 0 0 0 0 0 0 0 0 0 0 0 0 0 0 0 0 0 0 0 0 0 0 0 0 0 0 0 0 0 0 0 0 0 0 0 0 0
89
143 35 21 160 168 17 77 13 156 32 192 105 198 59 27 33 185 83 92 170 41 176 70 47 13 50 76 195 23 94 133 71 33 135 168 42 31 35 4 18 200 56 137 109 118 12 128 135 75 56 64 130 73 23 64 166 84 65 168 148 66 115 80 65 14 74 154 169 147 48 0 80 122 52 139 87 28 107 20 58 47 130 155 39 15 47 121 165 61
175
200 200 200 200 200 200 200 200 200 200 200 200 200 200 200 200 200 200 200 200 200 200 200 200 200 200 200 200 200 200 200 200 200 200 200 200 200 200 200 200 200 200 200 200 200 200 200 200 200 200 200 200 200 200 200 200 200 200 200 200 200 200 200 200 200 200 200 200 200 200 200 200 200 200 200 200 200 200 200 200 200 200 200 200 200 200 200 200 200 200 200 200 200 200 200 200 200 200 200 200 200 200 200 200 200 200 200 200 200 200 200 200 200 200 200 200 200 200 200 200 200 200 200 200 200 200 200 200 200 200 200 200 200 200 200 200 200 200 200 200 200 200 200 200 200 200 200 200 200 200 200 200 200 200 200 200 200 200 200 200 200 200 200 200 200 200 200 200 200 200 200 200 200 200 200
851
177 12 154 13 16 14 0 162 200 10 13 4 2 4 2 17 153 170 11 14 0 4 11 1 19 6 18 15 9 15 13 160 18 11 7 18 2 8 17 14 163 18 10 8 19 11 20 3 191 4 193 9 3 3 15 153 17 9 12 8 16 4 1 20 13 20 198 4 154 6 5 8 14 13 0 7 15 13 12 4 7 17 20 195 4 12 12 199 2 17 0 20 10 19 1 2 10 5 15 12 1 11 200 11 173 189 20 6 9 17 153 17 14 199 16 11 12 16 165 14 10 19 16 1 18 196 17 6 8 2 182 200 14 13 12 20 16 20 10 195 12 160 162 5 191 1 11 6 6 16 2 13 188 179 180 10 3 14 11 17 10 7 8 157 10 15 1 151 17 8 12 14 12 14 12 156 0 8 11 171 175 8 0 4 162 2 16 10 8 15 11 193 157 8 16 15 19 16 19 17 13 17 11 4 186 15 1 14 18 5 18 16 16 4 172 152 1 2 15 11 16 18 2 197 16 4 4 195 11 2 179 180 1 200 11 11 18 5 14 182 12 3 168 8 19 13 157 16 6 166 170 15 20 16 5 1 188 1 15 18 14 14 1 7 14 165 3 12 8 152 1 20 8 6 13 5 16 9 164 154 6 2 198 10 8 8 6 17 14 5 16 2 18 163 14 150 17 11 13 2 6 13 2 10 5 192 20 20 7 7 168 3 2 195 11 1 18 191 11 15 18 10 4 0 198 11 183 199 10 17 19 20 2 2 13 19 2 12 155 187 7 19 166 0 10 11 184 200 12 12 0 164 8 6 16 1 20 6 18 17 9 7 161 20 12 12 19 5 4 0 12 5 14 16 155 13 1 4 7 0 5 14 13 10 17 13 8 179 176 0 11 18 1 0 19 12 180 165 182 3 13 197 12 8 7 191 14 6 19 0 11 8 7 192 12 15 171 10 20 15 162 1 3 187 15 180 13 161 4 7 5 5 191 0 18 14 15 13 14 8 19 2 13 154 156 0 12 20 4 163 188 1 10 9 1 3 11 10 17 190 0 3 5 161 17 1 1 19 5 4 176 180 2 14 1 9 12 184 18 18 2 192 14 12 16 3 12 1 193 17 2 16 10 158 13 11 8 10 6 0 6 6 11 10 10 14 13 20 16 162 4 20 2 9 197 2 5 14 11 4 4 8 169 0 8 14 13 4 190 2 11 12 15 5 7 3 8 19 0 12 4 4 19 2 15 168 0 15 152 186 175 158 9 6 8 9 3 4 16 15 14 12 6 2 11 17 15 10 15 198 186 4 20 15 14 9 8 2 17 14 2 6 3 5 13 0 156 7 11 5 152 1 7 194 6 15 16 15 1 7 165 16 11 3 11 12 16 14 16 159 13 19 15 159 7 2 20 15 8 6 6 6 6 11 3 7 0 192 12 13 12 174 9 151 2 19 190 2 3 3 16 6 180 4 155 15 19 15 4 18 19 6 172 15 170 4 16 7 1 156 16 15 199 173 194 185 17 162 14 16 10 3 14 15 152 174 16 9 160 13 13 167 4 4 7 18 1 20 20 3 154 8 2 15 10 187 0 10 5 8 1 7 0 14 2 197 10 10 9 20 198 3 12 18 159 17 0 13 183 183 16 1 2 183 20 1 16 10 17 10 12 2 17 180 168 13 4 0 8 13 1 20 1 8 11 4 11 12 5 1 156 0 178 12 3 19 16 2 172 20 9 9 8 151 13 9 0 14 5 1 19 6 5 5 16 6 12 13 7 169 179 20 17 15 195 0 15 11 3 20 19 11 8 12 9 177 1 18 13 196 16 183 0 152 7 18 0 8 11 16 3 13 169 186 1 2 16 13 12 1 16 165 8 7 4 191 16 0 14 194 15 5 10 20 10 4 15 15 14 15 195 4 18 4 15 18 15 7 181 16 172
328
13 9 19 19 13 1 17 166 0 15 0 10 2 13 163 0 8 18 16 190 183 1 20 20 7 190 13 199 5 0 8 18 6 12 15 172 191 16 2 11 15 18 6 15 15 168 16 2 14 10 18 8 18 10 0 153 158 5 12 16 2 13 188 171 1 185 190 16 171 159 0 8 3 0 15 15 11 15 2 175 19 16 200 14 8 177 6 14 15 156 18 9 17 10 186 4 19 18 179 1 14 16 168 14 1 185 4 16 17 19 177 8 151 5 174 154 16 9 6 12 19 5 12 7 12 10 12 177 166 161 7 168 17 12 188 12 11 164 20 18 10 1 5 8 1 11 10 154 7 17 180 155 159 8 16 13 11 14 14 1 198 18 17 18 6 14 7 3 183 160 19 1 186 7 18 153 169 5 7 7 11 163 3 11 3 10 188 9 11 19 4 17 164 18 20 17 8 3 197 5 13 18 18 4 15 1 150 11 20 20 15 154 8 20 5 16 19 190 2 3 14 7 5 10 16 5 20 11 198 0 10 3 9 18 4 16 0 2 3 13 182 181 15 5 4 7 8 17 18 189 16 3 2 17 15 9 5 16 0 4 11 14 20 15 5 10 180 5 166 5 3 20 20 11 163 9 11 18 7 14 13 3 15 14 7 11 11 9 15 6 7 1 159 3 13 6 11 19 194 176 10 2 5 8 178 16 1 16 19 17 9 10 19 18 18 1 6 165 4 8 20 4 4 160 13 150 1 15
781
200 200 200 200 200 200 200 200 200 200 200 200 200 200 200 200 200 200 200 200 200 200 200 200 200 200 200 200 200 200 200 200 200 200 200 200 200 200 200 200 200 200 200 200 200 200 200 200 200 200 200 200 200 200 200 200 200 200 200 200 200 200 200 200 200 200 200 200 200 200 200 200 200 200 200 200 200 200 200 200 200 200 200 200 200 200 200 200 200 200 200 200 200 200 200 200 200 200 200 200 200 200 200 200 200 200 200 200 200 200 200 200 200 200 200 200 200 200 200 200 200 200 200 200 200 200 200 200 200 200 200 200 200 200 200 200 200 200 200 200 200 200 200 200 200 200 200 200 200 200 200 200 200 200 200 200 200 200 200 200 200 200 200 200 200 200 200 200 200 200 200 200 200 200 200 200 200 200 200 200 200 200 200 200 200 200 200 200 200 200 200 200 200 200 200 200 200 200 200 200 200 200 200 200 200 200 200 200 200 200 200 200 200 200 200 200 200 200 200 200 200 200 200 200 200 200 200 200 200 200 200 200 200 200 200 200 200 200 200 200 200 200 200 200 200 200 200 200 200 200 200 200 200 200 200 200 200 200 200 200 200 200 200 200 200 200 200 200 200 200 200 200 200 200 200 200 200 200 200 200 200 200 200 200 200 200 200 200 200 200 200 200 200 200 200 200 200 200 200 200 200 200 200 200 200 200 200 200 200 200 200 200 200 200 200 200 200 200 200 200 200 200 200 200 200 200 200 200 200 200 200 200 200 200 200 200 200 200 200 200 200 200 200 200 200 200 200 200 200 200 200 200 200 200 200 200 200 200 200 200 200 200 200 200 200 200 200 200 200 200 200 200 200 200 200 200 200 200 200 200 200 200 200 200 200 200 200 200 200 200 200 200 200 200 200 200 200 200 200 200 200 200 200 200 200 200 200 200 200 200 200 200 200 200 200 200 200 200 200 200 200 200 200 200 200 200 200 200 200 200 200 200 200 200 200 200 200 200 200 200 200 200 200 200 200 200 200 200 200 200 200 200 200 200 200 200 200 200 200 200 200 200 200 200 200 200 200 200 200 200 200 200 200 200 200 200 200 200 200 200 200 200 200 200 200 200 200 200 200 200 200 200 200 200 200 200 200 200 200 200 200 200 200 200 200 200 200 200 200 200 200 200 200 200 200 200 200 200 200 200 200 200 200 200 200 200 200 200 200 200 200 200 200 200 200 200 200 200 200 200 200 200 200 200 200 200 200 200 200 200 200 200 200 200 200 200 200 200 200 200 200 200 200 200 200 200 200 200 200 200 200 200 200 200 200 200 200 200 200 200 200 200 200 200 200 200 200 200 200 200 200 200 200 200 200 200 200 200 200 200 200 200 200 200 200 200 200 200 200 200 200 200 200 200 200 200 200 200 200 200 200 200 200 200 200 200 200 200 200 200 200 200 200 200 200 200 200 200 200 200 200 200 200 200 200 200 200 200 200 200 200 200 200 200 200 200 200 200 200 200 200 200 200 200 200 200 200 200 200 200 200 200 200 200 200 200 200 200 200 200 200 200 200 200 200 200 200 200 200 200 200 200 200 200 200 200 200 200 200 200 200 200 200 200 200 200 200 200 200 200 200 200 200 200 200 200 200 200 200 200 200 200 200 200 200 200 200 200 200 200 200 200 200 200 200 200 200 200 200 200 200 200 200 200 200 200 200 200 200 200 200 200 200 200 200 200 200 200 200 200 200 200 200 200 200 200 200 200 200 200 200 200 200 200 200 200 200 200 200 200 200
889
2 9 5 0 190 20 3 15 17 183 9 18 0 12 178 15 2 2 17 0 193 18 1 10 175 8 4 4 178 18 186 4 19 1 0 8 179 5 174 1 184 5 179 20 8 13 20 15 13 13 5 16 191 4 9 196 168 15 12 3 8 18 4 15 152 180 4 2 14 6 15 7 4 20 155 0 18 166 4 3 161 12 1 12 8 2 7 195 3 19 20 151 1 12 15 13 14 19 12 6 19 20 15 17 4 18 153 19 15 6 16 0 19 2 19 16 167 159 10 19 11 18 18 14 3 12 2 16 10 3 7 181 173 1 187 0 18 14 17 11 2 5 169 13 198 19 192 19 8 12 13 152 19 187 18 16 5 11 14 157 20 16 9 17 18 3 159 156 20 156 11 18 10 4 16 4 8 6 0 17 4 13 4 20 164 195 2 200 13 8 13 2 16 6 0 18 8 194 6 11 7 16 9 13 11 170 14 181 13 6 5 16 18 5 170 177 170 13 9 20 0 13 18 0 14 8 18 8 8 12 18 13 11 183 161 5 160 189 182 14 5 4 7 198 4 190 18 13 4 15 13 6 11 19 15 193 16 20 157 11 17 2 2 165 19 8 7 6 9 181 151 20 4 3 4 13 18 18 14 20 1 188 20 4 5 12 10 155 0 3 19 4 5 4 4 17 2 18 8 3 20 6 181 12 9 10 18 7 7 12 1 18 4 16 2 4 13 2 3 178 19 185 9 171 10 183 18 8 17 10 4 1 3 19 13 195 196 0 8 8 6 20 19 3 9 7 0 3 175 0 11 186 10 6 19 157 14 196 14 1 10 10 5 8 3 17 164 14 15 6 11 2 10 16 14 10 14 3 12 6 2 158 152 3 175 12 13 6 185 0 5 180 187 157 7 7 7 17 9 4 9 2 5 191 6 189 15 12 194 16 175 5 8 9 13 4 13 15 174 11 2 16 7 157 4 15 15 9 2 12 5 195 191 11 7 180 171 1 3 6 9 16 187 14 11 6 10 150 2 18 19 195 11 164 3 16 19 2 16 13 2 175 18 12 9 9 2 11 12 17 176 166 190 2 10 3 1 17 11 17 11 162 20 11 10 195 11 14 4 4 10 3 155 5 16 4 15 17 3 13 5 2 6 3 13 17 153 17 15 4 18 13 9 20 15 16 3 1 17 0 0 4 16 4 18 6 153 12 19 1 191 188 168 6 9 187 20 19 185 14 19 175 2 183 156 16 1 11 15 4 174 11 6 193 189 16 14 8 173 4 8 3 0 19 5 18 3 17 187 10 3 8 12 12 4 18 6 4 19 2 19 8 12 4 12 15 16 5 15 2 2 13 20 158 3 150 3 7 12 11 8 19 10 14 13 10 184 168 162 191 1 155 14 0 10 0 150 15 6 9 7 6 3 154 1 14 14 194 16 15 9 11 18 2 5 0 20 15 5 18 20 16 18 18 20 5 3 170 3 14 172 11 14 15 166 157 20 182 0 166 0 154 8 20 0 171 184 0 12 180 12 2 179 186 16 184 6 160 14 4 10 5 5 157 20 4 13 0 10 10 9 5 2 14 14 11 13 17 3 7 5 1 20 189 5 4 165 2 10 11 20 177 16 6 169 7 12 12 3 8 20 158 9 18 9 8 11 184 7 10 10 0 4 10 15 8 20 3 8 1 0 200 14 4 17 12 9 18 8 19 165 4 4 166 12 3 19 180 7 173 11 7 12 18 1 168 12 19 151 9 14 17 9 193 4 4 1 3 12 12 19 15 1 7 6 2 8 5 14 3 18 3 13 2 164 189 5 4 1 20 3 166 3 10 18 160 19 7 12 166 13 167 2 159 9 200 0 17 20 8 16 158 8 0 198 4 167 5 195 18 0 181 16 6 12 17 174 11 10 10 7 20 9 0 5 9 10 7 2 11 19 156 13 2 0 162 6 150 200 167 8 182 16 4 15 162 7 14 8 11 10 19 0 16 4 9 18 11 6 1 15 19 18 10 7 169 3 16 0
739
200 200 200 200 200 200 200 200 200 200 200 200 200 200 200 200 200 200 200 200 200 200 200 200 200 200 200 200 200 200 200 200 200 200 200 200 200 200 200 200 200 200 200 200 200 200 200 200 200 200 200 200 200 200 200 200 200 200 200 200 200 200 200 200 200 200 200 200 200 200 200 200 200 200 200 200 200 200 200 200 200 200 200 200 200 200 200 200 200 200 200 200 200 200 200 200 200 200 200 200 200 200 200 200 200 200 200 200 200 200 200 200 200 200 200 200 200 200 200 200 200 200 200 200 200 200 200 200 200 200 200 200 200 200 200 200 200 200 200 200 200 200 200 200 200 200 200 200 200 200 200 200 200 200 200 200 200 200 200 200 200 200 200 200 200 200 200 200 200 200 200 200 200 200 200 200 200 200 200 200 200 200 200 200 200 200 200 200 200 200 200 200 200 200 200 200 200 200 200 200 200 200 200 200 200 200 200 200 200 200 200 200 200 200 200 200 200 200 200 200 200 200 200 200 200 200 200 200 200 200 200 200 200 200 200 200 200 200 200 200 200 200 200 200 200 200 200 200 200 200 200 200 200 200 200 200 200 200 200 200 200 200 200 200 200 200 200 200 200 200 200 200 200 200 200 200 200 200 200 200 200 200 200 200 200 200 200 200 200 200 200 200 200 200 200 200 200 200 200 200 200 200 200 200 200 200 200 200 200 200 200 200 200 200 200 200 200 200 200 200 200 200 200 200 200 200 200 200 200 200 200 200 200 200 200 200 200 200 200 200 200 200 200 200 200 200 200 200 200 200 200 200 200 200 200 200 200 200 200 200 200 200 200 200 200 200 200 200 200 200 200 200 200 200 200 200 200 200 200 200 200 200 200 200 200 200 200 200 200 200 200 200 200 200 200 200 200 200 200 200 200 200 200 200 200 200 200 200 200 200 200 200 200 200 200 200 200 200 200 200 200 200 200 200 200 200 200 200 200 200 200 200 200 200 200 200 200 200 200 200 200 200 200 200 200 200 200 200 200 200 200 200 200 200 200 200 200 200 200 200 200 200 200 200 200 200 200 200 200 200 200 200 200 200 200 200 200 200 200 200 200 200 200 200 200 200 200 200 200 200 200 200 200 200 200 200 200 200 200 200 200 200 200 200 200 200 200 200 200 200 200 200 200 200 200 200 200 200 200 200 200 200 200 200 200 200 200 200 200 200 200 200 200 200 200 200 200 200 200 200 200 200 200 200 200 200 200 200 200 200 200 200 200 200 200 200 200 200 200 200 200 200 200 200 200 200 200 200 200 200 200 200 200 200 200 200 200 200 200 200 200 200 200 200 200 200 200 200 200 200 200 200 200 200 200 200 200 200 200 200 200 200 200 200 200 200 200 200 200 200 200 200 200 200 200 200 200 200 200 200 200 200 200 200 200 200 200 200 200 200 200 200 200 200 200 200 200 200 200 200 200 200 200 200 200 200 200 200 200 200 200 200 200 200 200 200 200 200 200 200 200 200 200 200 200 200 200 200 200 200 200 200 200 200 200 200 200 200 200 200 200 200 200 200 200 200 200 200 200 200 200 200 200 200 200 200 200 200 200 200 200 200 200 200 200 200 200 200 200 200 200 200 200 200 200 200 200 200 200 200 200 200 200 200 200 200 200 200 200 200 200 200 200 200 200 200 200 200 200
74
180 135 135 108 135 135 108 135 108 108 108 180 135 135 180 108 135 180 135 180 180 108 135 135 135 108 180 135 108 108 108 108 180 108 135 108 180 180 135 180 135 180 135 180 135 108 180 180 135 135 135 135 108 180 108 180 135 108 108 180 108 108 135 135 180 108 108 135 108 180 180 180 135 108
645
200 200 200 200 200 200 200 200 200 200 200 200 200 200 200 200 200 200 200 200 200 200 200 200 200 200 200 200 200 200 200 200 200 200 200 200 200 200 200 200 200 200 200 200 200 200 200 200 200 200 200 200 200 200 200 200 200 200 200 200 200 200 200 200 200 200 200 200 200 200 200 200 200 200 200 200 200 200 200 200 200 200 200 200 200 200 200 200 200 200 200 200 200 200 200 200 200 200 200 200 200 200 200 200 200 200 200 200 200 200 200 200 200 200 200 200 200 200 200 200 200 200 200 200 200 200 200 200 200 200 200 200 200 200 200 200 200 200 200 200 200 200 200 200 200 200 200 200 200 200 200 200 200 200 200 200 200 200 200 200 200 200 200 200 200 200 200 200 200 200 200 200 200 200 200 200 200 200 200 200 200 200 200 200 200 200 200 200 200 200 200 200 200 200 200 200 200 200 200 200 200 200 200 200 200 200 200 200 200 200 200 200 200 200 200 200 200 200 200 200 200 200 200 200 200 200 200 200 200 200 200 200 200 200 200 200 200 200 200 200 200 200 200 200 200 200 200 200 200 200 200 200 200 200 200 200 200 200 200 200 200 200 200 200 200 200 200 200 200 200 200 200 200 200 200 200 200 200 200 200 200 200 200 200 200 200 200 200 200 200 200 200 200 200 200 200 200 200 200 200 200 200 200 200 200 200 200 200 200 200 200 200 200 200 200 200 200 200 200 200 200 200 200 200 200 200 200 200 200 200 200 200 200 200 200 200 200 200 200 200 200 200 200 200 200 200 200 200 200 200 200 200 200 200 200 200 200 200 200 200 200 200 200 200 200 200 200 200 200 200 200 200 200 200 200 200 200 200 200 200 200 200 200 200 200 200 200 200 200 200 200 200 200 200 200 200 200 200 200 200 200 200 200 200 200 200 200 200 200 200 200 200 200 200 200 200 200 200 200 200 200 200 200 200 200 200 200 200 200 200 200 200 200 200 200 200 200 200 200 200 200 200 200 200 200 200 200 200 200 200 200 200 200 200 200 200 200 200 200 200 200 200 200 200 200 200 200 200 200 200 200 200 200 200 200 200 200 200 200 200 200 200 200 200 200 200 200 200 200 200 200 200 200 200 200 200 200 200 200 200 200 200 200 200 200 200 200 200 200 200 200 200 200 200 200 200 200 200 200 200 200 200 200 200 200 200 200 200 200 200 200 200 200 200 200 200 200 200 200 200 200 200 200 200 200 200 200 200 200 200 200 200 200 200 200 200 200 200 200 200 200 200 200 200 200 200 200 200 200 200 200 200 200 200 200 200 200 200 200 200 200 200 200 200 200 200 200 200 200 200 200 200 200 200 200 200 200 200 200 200 200 200 200 200 200 200 200 200 200 200 200 200 200 200 200 200 200 200 200 200 200 200 200 200 200 200 200 200 200 200 200 200 200 200 200 200 200 200 200 200 200 200 200 200 200
450
11 7 16 16 8 18 18 0 13 0 9 9 17 19 12 6 17 12 2 16 1 18 0 11 4 0 9 6 1 6 0 6 20 4 9 14 12 17 1 2 7 8 16 17 15 19 16 3 19 0 11 19 10 3 1 2 9 12 20 0 20 1 17 11 12 16 17 2 18 11 3 12 13 13 4 9 15 7 8 9 10 8 7 2 8 11 18 20 11 20 10 16 20 0 15 3 8 8 10 16 5 12 10 0 19 10 15 14 11 7 0 20 12 12 15 6 16 13 13 17 10 4 8 19 13 10 17 17 6 18 1 18 1 18 6 20 16 4 15 2 6 3 9 4 19 2 2 8 17 9 7 15 7 7 16 15 5 10 17 17 19 2 17 9 15 13 4 3 11 16 12 16 18 6 20 19 19 20 13 8 18 6 3 20 2 2 9 2 8 19 16 15 6 0 14 0 15 3 5 18 8 5 18 3 0 13 18 10 20 7 18 10 1 18 20 4 0 11 12 16 10 15 7 5 15 15 5 13 6 20 3 5 4 11 1 16 7 0 6 8 15 12 12 12 0 13 6 8 13 11 6 18 4 11 9 9 8 1 10 5 4 20 12 5 10 20 16 12 5 17 13 4 12 0 14 15 5 16 11 5 1 20 18 1 20 20 16 17 20 7 1 2 8 14 1 13 2 17 20 12 9 13 15 9 0 17 11 1 19 13 16 0 4 12 17 14 15 6 16 2 3 15 2 18 13 4 15 5 1 3 13 17 17 16 14 3 5 13 10 1 0 7 19 0 9 14 11 20 1 15 12 2 20 10 0 13 15 11 9 14 3 9 18 15 1 1 4 7 20 7 6 18 9 5 15 7 11 19 2 13 3 8 4 6 1 12 20 8 6 8 7 10 3 16 1 8 18 16 11 11 9 0 13 16 3 14 6 3 14 1 8 10 19 7 2 8 18 2 0 9 6 2 6 17 1 19 19 16 8 4 5 13 18 5 12 10 13 11 15 13 18 12 15 3 9 20 2 10 2 6
575
0 0 0 0 0 0 0 0 0 0 0 0 0 0 0 0 0 0 0 0 0 0 0 0 0 0 0 0 0 0 0 0 0 0 0 0 0 0 0 0 0 0 0 0 0 0 0 0 0 0 0 0 0 0 0 0 0 0 0 0 0 0 0 0 0 0 0 0 0 0 0 0 0 0 0 0 0 0 0 0 0 0 0 0 0 0 0 0 0 0 0 0 0 0 0 0 0 0 0 0 0 0 0 0 0 0 0 0 0 0 0 0 0 0 0 0 0 0 0 0 0 0 0 0 0 0 0 0 0 0 0 0 0 0 0 0 0 0 0 0 0 0 0 0 0 0 0 0 0 0 0 0 0 0 0 0 0 0 0 0 0 0 0 0 0 0 0 0 0 0 0 0 0 0 0 0 0 0 0 0 0 0 0 0 0 0 0 0 0 0 0 0 0 0 0 0 0 0 0 0 0 0 0 0 0 0 0 0 0 0 0 0 0 0 0 0 0 0 0 0 0 0 0 0 0 0 0 0 0 0 0 0 0 0 0 0 0 0 0 0 0 0 0 0 0 0 0 0 0 0 0 0 0 0 0 0 0 0 0 0 0 0 0 0 0 0 0 0 0 0 0 0 0 0 0 0 0 0 0 0 0 0 0 0 0 0 0 0 0 0 0 0 0 0 0 0 0 0 0 0 0 0 0 0 0 0 0 0 0 0 0 0 0 0 0 0 0 0 0 0 0 0 0 0 0 0 0 0 0 0 0 0 0 0 0 0 0 0 0 0 0 0 0 0 0 0 0 0 0 0 0 0 0 0 0 0 0 0 0 0 0 0 0 0 0 0 0 0 0 0 0 0 0 0 0 0 0 0 0 0 0 0 0 0 0 0 0 0 0 0 0 0 0 0 0 0 0 0 0 0 0 0 0 0 0 0 0 0 0 0 0 0 0 0 0 0 0 0 0 0 0 0 0 0 0 0 0 0 0 0 0 0 0 0 0 0 0 0 0 0 0 0 0 0 0 0 0 0 0 0 0 0 0 0 0 0 0 0 0 0 0 0 0 0 0 0 0 0 0 0 0 0 0 0 0 0 0 0 0 0 0 0 0 0 0 0 0 0 0 0 0 0 0 0 0 0 0 0 0 0 0 0 0 0 0 0 0 0 0 0 0 0 0 0 0 0 0 0 0 0 0 0 0 0 0 0 0 0 0 0 0 0 0 0 0 0 0 0 0 0 0 0 0 0 0 0 0 0 0 0 0 0 0 0 0 0 0 0 0 0 0 0 0 0 0 0 0 0 0 0 0 0 0 0 0
85
100 66 53 158 200 61 51 55 3 187 75 132 157 134 113 46 139 4 33 9 125 13 104 170 195 200 150 13 200 134 49 147 175 125 179 162 80 2 36 96 144 172 0 36 194 119 95 51 174 74 117 71 17 34 175 9 160 4 5 200 10 78 155 11 55 197 84 132 151 138 197 68 118 74 6 150 112 21 184 28 145 29 163 154 112
656
0 0 0 0 0 0 0 0 0 0 0 0 0 0 0 0 0 0 0 0 0 0 0 0 0 0 0 0 0 0 0 0 0 0 0 0 0 0 0 0 0 0 0 0 0 0 0 0 0 0 0 0 0 0 0 0 0 0 0 0 0 0 0 0 0 0 0 0 0 0 0 0 0 0 0 0 0 0 0 0 0 0 0 0 0 0 0 0 0 0 0 0 0 0 0 0 0 0 0 0 0 0 0 0 0 0 0 0 0 0 0 0 0 0 0 0 0 0 0 0 0 0 0 0 0 0 0 0 0 0 0 0 0 0 0 0 0 0 0 0 0 0 0 0 0 0 0 0 0 0 0 0 0 0 0 0 0 0 0 0 0 0 0 0 0 0 0 0 0 0 0 0 0 0 0 0 0 0 0 0 0 0 0 0 0 0 0 0 0 0 0 0 0 0 0 0 0 0 0 0 0 0 0 0 0 0 0 0 0 0 0 0 0 0 0 0 0 0 0 0 0 0 0 0 0 0 0 0 0 0 0 0 0 0 0 0 0 0 0 0 0 0 0 0 0 0 0 0 0 0 0 0 0 0 0 0 0 0 0 0 0 0 0 0 0 0 0 0 0 0 0 0 0 0 0 0 0 0 0 0 0 0 0 0 0 0 0 0 0 0 0 0 0 0 0 0 0 0 0 0 0 0 0 0 0 0 0 0 0 0 0 0 0 0 0 0 0 0 0 0 0 0 0 0 0 0 0 0 0 0 0 0 0 0 0 0 0 0 0 0 0 0 0 0 0 0 0 0 0 0 0 0 0 0 0 0 0 0 0 0 0 0 0 0 0 0 0 0 0 0 0 0 0 0 0 0 0 0 0 0 0 0 0 0 0 0 0 0 0 0 0 0 0 0 0 0 0 0 0 0 0 0 0 0 0 0 0 0 0 0 0 0 0 0 0 0 0 0 0 0 0 0 0 0 0 0 0 0 0 0 0 0 0 0 0 0 0 0 0 0 0 0 0 0 0 0 0 0 0 0 0 0 0 0 0 0 0 0 0 0 0 0 0 0 0 0 0 0 0 0 0 0 0 0 0 0 0 0 0 0 0 0 0 0 0 0 0 0 0 0 0 0 0 0 0 0 0 0 0 0 0 0 0 0 0 0 0 0 0 0 0 0 0 0 0 0 0 0 0 0 0 0 0 0 0 0 0 0 0 0 0 0 0 0 0 0 0 0 0 0 0 0 0 0 0 0 0 0 0 0 0 0 0 0 0 0 0 0 0 0 0 0 0 0 0 0 0 0 0 0 0 0 0 0 0 0 0 0 0 0 0 0 0 0 0 0 0 0 0 0 0 0 0 0 0 0 0 0 0 0 0 0 0 0 0 0 0 0 0 0 0 0 0 0 0 0 0 0 0 0 0 0 0 0 0 0 0 0 0 0 0 0 0 0 0 0 0 0 0 0 0 0 0 0 0 0 0 0 0 0 0 0 0 0 0 0
515
0 0 0 0 0 0 0 0 0 0 0 0 0 0 0 0 0 0 0 0 0 0 0 0 0 0 0 0 0 0 0 0 0 0 0 0 0 0 0 0 0 0 0 0 0 0 0 0 0 0 0 0 0 0 0 0 0 0 0 0 0 0 0 0 0 0 0 0 0 0 0 0 0 0 0 0 0 0 0 0 0 0 0 0 0 0 0 0 0 0 0 0 0 0 0 0 0 0 0 0 0 0 0 0 0 0 0 0 0 0 0 0 0 0 0 0 0 0 0 0 0 0 0 0 0 0 0 0 0 0 0 0 0 0 0 0 0 0 0 0 0 0 0 0 0 0 0 0 0 0 0 0 0 0 0 0 0 0 0 0 0 0 0 0 0 0 0 0 0 0 0 0 0 0 0 0 0 0 0 0 0 0 0 0 0 0 0 0 0 0 0 0 0 0 0 0 0 0 0 0 0 0 0 0 0 0 0 0 0 0 0 0 0 0 0 0 0 0 0 0 0 0 0 0 0 0 0 0 0 0 0 0 0 0 0 0 0 0 0 0 0 0 0 0 0 0 0 0 0 0 0 0 0 0 0 0 0 0 0 0 0 0 0 0 0 0 0 0 0 0 0 0 0 0 0 0 0 0 0 0 0 0 0 0 0 0 0 0 0 0 0 0 0 0 0 0 0 0 0 0 0 0 0 0 0 0 0 0 0 0 0 0 0 0 0 0 0 0 0 0 0 0 0 0 0 0 0 0 0 0 0 0 0 0 0 0 0 0 0 0 0 0 0 0 0 0 0 0 0 0 0 0 0 0 0 0 0 0 0 0 0 0 0 0 0 0 0 0 0 0 0 0 0 0 0 0 0 0 0 0 0 0 0 0 0 0 0 0 0 0 0 0 0 0 0 0 0 0 0 0 0 0 0 0 0 0 0 0 0 0 0 0 0 0 0 0 0 0 0 0 0 0 0 0 0 0 0 0 0 0 0 0 0 0 0 0 0 0 0 0 0 0 0 0 0 0 0 0 0 0 0 0 0 0 0 0 0 0 0 0 0 0 0 0 0 0 0 0 0 0 0 0 0 0 0 0 0 0 0 0 0 0 0 0 0 0 0 0 0 0 0 0 0 0 0 0 0 0 0 0 0 0 0 0 0 0 0 0 0 0 0 0 0 0 0
872
20 185 2 3 18 9 3 9 159 1 160 18 12 14 0 18 12 18 193 13 19 20 14 197 165 9 12 14 162 8 194 3 164 14 7 189 1 176 20 2 10 10 11 12 6 9 13 16 3 8 8 12 14 4 160 3 11 14 7 7 11 20 14 164 5 4 191 20 5 7 180 8 10 0 17 19 9 154 0 3 150 10 7 0 5 194 18 174 14 7 18 12 15 17 3 198 15 0 199 12 174 11 13 19 193 13 161 11 5 14 1 0 17 11 17 187 16 172 196 6 13 8 7 8 176 5 9 5 9 5 0 4 170 1 195 2 20 11 15 191 9 0 12 9 4 18 12 15 6 19 153 155 195 18 3 192 20 18 12 19 19 185 10 20 10 3 13 15 150 7 10 193 10 0 3 16 10 158 8 158 16 4 18 3 170 3 7 5 18 190 184 176 11 1 175 13 14 151 192 0 5 16 6 7 1 6 184 12 3 12 10 5 191 0 18 190 11 20 5 0 12 169 10 20 19 18 0 11 187 14 20 193 12 2 0 154 18 10 11 14 0 188 16 188 16 16 6 5 13 19 10 199 1 198 9 9 6 8 15 199 11 0 7 200 10 6 0 11 185 16 12 9 8 187 13 151 159 171 7 9 11 190 171 17 11 2 12 18 18 7 12 162 15 2 2 174 18 17 18 173 2 18 17 9 14 4 2 16 192 13 20 10 10 9 17 196 18 6 155 20 7 7 18 191 1 8 3 15 13 10 4 178 5 2 10 3 156 8 12 14 11 15 18 9 9 10 193 0 6 19 18 16 11 17 17 3 14 196 5 13 18 7 3 6 5 155 0 20 16 6 4 20 3 15 17 9 12 16 10 15 151 17 4 5 181 5 15 2 13 3 8 13 0 2 19 12 5 179 167 8 13 19 172 10 17 165 5 14 2 188 6 4 1 15 169 20 10 155 20 17 4 11 16 10 174 15 14 10 7 11 1 20 10 152 11 190 193 6 16 10 7 19 6 183 2 13 10 5 18 4 16 10 5 10 11 18 0 15 15 11 4 166 170 15 193 0 15 13 1 188 10 19 189 13 9 14 6 12 2 11 175 190 3 150 18 9 19 15 17 17 191 5 3 20 9 12 6 0 1 20 19 2 13 5 7 0 1 6 176 12 16 8 0 0 9 197 17 17 173 4 172 2 3 16 174 14 4 4 172 16 176 17 16 7 19 196 13 4 183 10 172 14 1 5 13 5 19 8 7 4 9 174 11 7 18 162 15 151 0 14 174 2 0 8 6 15 10 2 4 2 0 153 6 16 15 8 171 15 17 3 9 16 4 195 1 159 178 9 151 155 18 20 19 9 11 179 4 8 2 8 15 16 9 200 16 2 0 20 3 2 13 13 6 17 15 4 15 1 165 199 19 18 3 19 197 18 157 8 18 0 5 18 1 12 0 6 13 11 0 7 2 12 2 17 11 9 10 7 16 15 14 159 1 182 5 161 0 1 10 13 13 15 18 10 16 0 177 174 191 1 162 15 18 151 7 3 4 15 9 4 0 183 13 7 171 0 18 14 17 9 12 2 199 4 12 0 20 9 6 9 187 0 6 0 15 18 11 10 0 17 17 150 173 13 19 1 5 19 1 2 17 8 5 15 13 16 15 14 1 7 8 16 19 5 13 10 15 16 12 1 7 19 14 14 195 18 174 158 9 162 184 17 150 15 13 5 5 182 11 17 12 11 174 175 0 20 6 155 195 12 13 18 20 10 16 192 0 15 14 178 19 1 18 19 184 11 20 186 19 192 15 5 6 13 11 17 3 2 12 12 5 7 176 0 12 0 200 20 20 182 7 14 17 4 2 173 4 4 17 15 5 7 1 14 175 4 189 6 7 2 5 1 1 196 16 7 12 4 0 9 11 2 193 192 9 165 16 20 15 6 14 18 19 3 16 10 14 6 195 0 14 15 6 2 9 12 152 12 20 17 8 2
343
188 18 8 10 19 10 3 18 175 12 5 189 1 20 2 18 199 20 10 10 174 154 7 0 2 174 12 3 6 16 10 2 15 197 2 9 0 14 12 12 193 19 5 179 13 19 18 19 18 6 10 11 0 17 9 19 14 5 190 19 16 164 10 19 16 6 11 185 3 163 0 10 14 15 9 179 8 182 2 17 196 5 13 10 4 188 4 190 7 1 11 12 7 10 17 16 6 4 8 2 167 172 163 4 19 0 187 12 9 17 173 169 6 13 10 2 6 177 13 14 18 18 19 165 2 4 175 160 9 8 2 4 182 6 2 185 11 14 19 170 13 16 18 17 6 4 16 7 5 11 3 188 156 8 13 9 192 19 13 0 158 19 172 20 10 19 19 15 17 17 1 0 9 13 180 11 14 14 14 12 179 14 15 6 4 7 14 10 14 10 2 13 11 6 1 8 7 7 11 8 152 12 19 1 3 8 19 19 2 14 15 15 180 5 17 1 17 17 8 193 198 11 181 0 173 10 197 20 169 1 19 11 20 4 16 17 10 7 15 1 156 187 196 19 20 150 6 193 5 4 11 165 189 4 19 18 13 5 155 8 2 5 12 8 9 10 180 12 7 9 0 8 192 18 16 9 15 4 8 3 2 0 150 9 15 162 160 16 16 6 7 17 157 2 20 20 6 5 12 12 12 7 0 173 168 13 6 18 16 5 18 191 6 192 6 7 168 9 153 18 5 5 15 14 12 2 6 10 15 8 7 12 20 11 15 1 157 4 10 15 172 20 14
558
58 146 154 99 0 98 20 126 158 123 38 180 46 197 38 170 196 2 138 190 95 68 159 14 154 15 140 74 45 173 165 135 180 127 185 19 106 80 122 81 85 5 152 157 179 1 27 166 135 138 156 134 198 144 189 123 36 160 55 99 19 93 13 141 193 198 84 114 87 191 25 88 187 41 66 63 55 18 45 69 11 93 182 49 97 81 178 57 188 129 11 7 108 154 81 52 145 118 5 8 162 11 1 194 13 170 67 125 72 28 137 158 28 38 170 143 134 199 109 51 163 168 127 156 177 112 157 51 185 35 61 95 118 71 28 23 108 12 193 28 115 22 28 4 75 138 98 22 48 58 189 67 9 47 129 155 127 153 75 168 59 138 158 21 134 29 98 95 1 54 23 176 77 2 59 12 78 105 75 149 77 44 85 152 160 59 169 143 141 167 13 100 77 132 166 104 14 190 166 111 26 128 175 184 83 124 107 15 184 132 71 6 66 9 63 82 4 140 124 34 101 108 57 82 197 118 159 146 117 101 139 20 136 19 11 8 69 12 149 4 17 109 186 189 174 76 13 76 101 200 177 106 151 58 164 112 167 114 140 47 87 188 86 35 133 116 136 103 23 60 100 91 97 182 154 39 98 92 40 118 48 149 132 40 4 46 138 28 5 58 53 55 91 61 149 173 69 138 68 50 199 186 97 61 6 7 161 102 11 147 78 57 103 123 43 200 39 154 176 68 145 0 89 3 91 115 187 177 155 149 33 159 180 143 132 85 119 170 96 132 49 172 28 13 47 29 52 45 150 108 69 71 182 148 139 162 87 57 89 170 79 146 144 47 186 33 85 137 104 169 6 144 27 33 180 50 50 88 122 8 18 22 116 44 179 167 34 150 2 126 96 40 171 11 116 165 18 23 81 144 3 160 102 127 113 107 14 190 150 52 30 10 138 102 17 130 195 54 21 181 136 95 177 53 124 156 178 79 11 18 137 131 75 120 170 178 185 57 88 76 64 142 195 168 21 135 114 105 99 70 180 27 66 59 151 123 76 170 93 122 173 174 150 196 58 185 152 101 97 170 18 192 161 44 129 188 162 41 48 1 17 21 50 95 23 52 185 155 102 98 136 34 96 4 21 81 10 35 156 62 121 102 125 13 2 0 21 52 11 54 111 195 93 164 158 113 195 14 108 118 104 167 3 46 176 19 122 32 34 90 39 25 23 101 189 88 54 43 78 34 72 148 6 57 154 198 127 96 67 91 87 64 60 153 178 156 152 94
652
200 200 200 200 200 200 200 200 200 200 200 200 200 200 200 200 200 200 200 200 200 200 200 200 200 200 200 200 200 200 200 200 200 200 200 200 200 200 200 200 200 200 200 200 200 200 200 200 200 200 200 200 200 200 200 200 200 200 200 200 200 200 200 200 200 200 200 200 200 200 200 200 200 200 200 200 200 200 200 200 200 200 200 200 200 200 200 200 200 200 200 200 200 200 200 200 200 200 200 200 200 200 200 200 200 200 200 200 200 200 200 200 200 200 200 200 200 200 200 200 200 200 200 200 200 200 200 200 200 200 200 200 200 200 200 200 200 200 200 200 200 200 200 200 200 200 200 200 200 200 200 200 200 200 200 200 200 200 200 200 200 200 200 200 200 200 200 200 200 200 200 200 200 200 200 200 200 200 200 200 200 200 200 200 200 200 200 200 200 200 200 200 200 200 200 200 200 200 200 200 200 200 200 200 200 200 200 200 200 200 200 200 200 200 200 200 200 200 200 200 200 200 200 200 200 200 200 200 200 200 200 200 200 200 200 200 200 200 200 200 200 200 200 200 200 200 200 200 200 200 200 200 200 200 200 200 200 200 200 200 200 200 200 200 200 200 200 200 200 200 200 200 200 200 200 200 200 200 200 200 200 200 200 200 200 200 200 200 200 200 200 200 200 200 200 200 200 200 200 200 200 200 200 200 200 200 200 200 200 200 200 200 200 200 200 200 200 200 200 200 200 200 200 200 200 200 200 200 200 200 200 200 200 200 200 200 200 200 200 200 200 200 200 200 200 200 200 200 200 200 200 200 200 200 200 200 200 200 200 200 200 200 200 200 200 200 200 200 200 200 200 200 200 200 200 200 200 200 200 200 200 200 200 200 200 200 200 200 200 200 200 200 200 200 200 200 200 200 200 200 200 200 200 200 200 200 200 200 200 200 200 200 200 200 200 200 200 200 200 200 200 200 200 200 200 200 200 200 200 200 200 200 200 200 200 200 200 200 200 200 200 200 200 200 200 200 200 200 200 200 200 200 200 200 200 200 200 200 200 200 200 200 200 200 200 200 200 200 200 200 200 200 200 200 200 200 200 200 200 200 200 200 200 200 200 200 200 200 200 200 200 200 200 200 200 200 200 200 200 200 200 200 200 200 200 200 200 200 200 200 200 200 200 200 200 200 200 200 200 200 200 200 200 200 200 200 200 200 200 200 200 200 200 200 200 200 200 200 200 200 200 200 200 200 200 200 200 200 200 200 200 200 200 200 200 200 200 200 200 200 200 200 200 200 200 200 200 200 200 200 200 200 200 200 200 200 200 200 200 200 200 200 200 200 200 200 200 200 200 200 200 200 200 200 200 200 200 200 200 200 200 200 200 200 200 200 200 200 200 200 200 200 200 200 200 200 200 200 200 200 200 200 200 200 200 200 200 200 200 200 200 200 200 200 200 200 200 200 200 200 200 200 200 200 200 200 200 200 200 200 200 200
82
0 200 50 89 79 111 53 119 73 111 51 94 70 65 109 77 61 110 118 107 68 64 65 60 115 96 95 87 82 67 81 103 76 66 71 108 72 102 90 91 97 103 117 93 64 50 80 117 79 119 99 86 69 113 71 81 75 110 89 90 93 73 81 71 106 71 85 113 73 73 68 60 77 74 88 69 93 66 80 85 97 200
810
178 8 12 111 114 73 122 91 80 35 170 76 114 17 70 69 74 46 89 186 117 153 12 175 32 74 66 120 31 128 84 153 150 122 58 168 179 4 193 128 94 38 191 36 140 34 46 126 116 164 61 90 70 67 123 149 156 168 1 40 141 45 195 56 182 147 45 115 172 192 66 150 88 191 180 184 143 145 169 118 35 34 193 15 93 124 142 57 192 180 76 135 7 139 73 30 69 179 118 95 124 92 25 81 54 157 104 61 7 188 159 8 18 63 24 174 70 145 144 172 107 9 179 51 200 154 133 143 110 139 73 92 159 64 49 128 169 49 2 26 89 55 126 58 98 125 177 189 84 87 177 65 161 173 170 180 80 11 63 2 177 91 173 101 197 194 32 82 32 184 186 168 165 50 91 52 100 127 98 117 196 111 73 176 72 32 8 56 44 89 81 165 8 77 163 147 32 180 200 147 31 189 174 146 148 43 110 70 43 100 169 175 91 139 160 3 87 111 0 190 18 150 179 123 18 168 14 175 165 80 25 162 128 169 38 170 197 69 108 81 28 135 45 69 112 187 82 92 21 189 59 168 35 138 67 169 124 12 56 146 155 28 168 124 59 155 154 19 61 161 81 116 60 93 118 32 160 142 185 24 17 175 191 97 156 134 92 159 34 105 45 3 168 167 92 90 21 33 38 119 74 180 176 106 88 171 142 192 20 60 170 22 42 68 87 81 182 149 38 180 80 130 157 84 130 75 29 65 68 45 176 188 96 77 41 155 91 58 184 172 124 62 164 123 181 120 167 148 6 184 137 52 117 169 71 87 90 105 38 117 182 163 27 171 73 107 136 161 125 191 124 18 178 39 78 95 63 78 190 37 98 14 91 198 178 59 14 124 131 31 121 114 0 124 81 142 150 111 188 166 104 165 172 133 88 135 29 30 0 73 147 15 136 44 50 145 153 33 65 68 26 189 25 99 162 43 6 170 142 174 31 31 51 123 8 102 115 26 47 9 117 59 71 125 185 194 198 64 119 110 36 55 192 131 152 180 43 57 64 106 187 83 165 16 47 60 44 119 65 35 11 172 41 70 129 13 145 139 101 123 115 167 163 179 74 111 9 72 49 109 190 13 84 138 14 136 48 69 49 199 163 194 136 94 139 151 127 108 174 50 138 102 68 200 120 30 60 151 28 132 141 96 85 26 53 5 46 145 197 145 169 87 159 180 23 185 31 75 177 121 198 61 171 172 156 46 39 142 3 81 137 64 171 111 192 102 199 188 194 158 69 126 185 18 185 103 104 73 122 172 150 197 26 61 29 172 28 27 87 104 25 152 190 35 101 96 138 35 16 85 108 121 156 166 113 112 110 200 110 127 104 102 17 37 95 106 61 69 70 89 89 115 189 57 59 42 108 156 196 183 140 162 159 169 39 15 89 148 22 132 26 129 92 5 197 118 1 29 23 57 21 97 8 22 102 57 151 95 44 63 84 67 9 19 88 78 164 200 137 13 178 117 154 32 57 170 72 97 200 188 72 137 58 166 170 189 65 94 114 4 70 78 24 64 128 135 35 29 113 123 164 24 91 11 102 46 41 44 145 64 81 40 95 142 187 153 199 172 92 71 141 157 178 58 19 37 130 3 178 56 129 111 90 79 25 83 143 17 26 1 140 40 119 86 191 87 30 52 60 167 38 194 2 78 113 12 184 134 87 44 66 52 140 103 16 172 147 38 102 58 176 8 116 163 41 46 66 98 188 131 5 0 46 59 80 168 194 136 197 69 0 30 157 13 166 165 80 93 185 116 92 149 90 185 13 66 111 11 29 197 139 39 13 96 31 141 155 51 178 33
963
2 3 14 6 14 18 15 19 15 151 15 187 172 16 160 9 17 3 1 9 18 16 8 190 2 4 1 156 200 15 2 11 178 1 0 5 5 15 15 19 1 6 13 5 179 0 20 5 156 170 19 15 9 7 6 190 152 13 18 4 14 16 181 2 7 1 16 9 7 1 186 1 13 13 18 17 4 179 0 8 13 6 18 4 5 172 20 14 1 8 4 4 171 11 12 20 18 5 12 11 12 11 15 14 184 11 6 9 157 7 9 0 11 19 20 0 6 15 18 160 2 0 170 12 19 4 15 0 10 17 12 13 0 6 20 4 161 162 10 189 154 9 14 159 16 1 1 7 175 193 15 6 14 13 178 6 19 0 6 7 3 18 5 3 167 5 18 7 185 168 5 9 160 8 10 10 180 14 16 0 14 183 2 2 2 182 165 13 20 170 7 2 3 3 0 19 20 13 17 6 8 4 172 17 20 13 13 171 13 4 14 16 4 13 5 3 1 17 4 6 1 3 200 6 14 18 10 15 166 18 167 15 4 197 9 153 19 173 2 3 7 151 13 172 5 16 10 20 20 16 19 168 20 169 3 159 1 17 18 5 17 18 10 18 198 12 5 159 19 11 13 3 2 4 10 197 7 12 10 10 1 18 15 9 4 180 175 11 20 12 18 6 10 172 158 1 13 191 11 5 13 20 5 12 1 14 169 13 18 12 8 191 3 10 18 4 16 8 175 6 18 5 2 0 6 16 16 170 7 170 9 12 3 14 10 18 7 20 9 2 8 8 1 198 17 18 5 3 185 2 4 3 5 193 9 151 14 13 4 19 15 2 155 13 161 11 5 7 19 7 18 10 155 11 10 14 7 173 19 6 9 2 151 188 15 12 16 8 0 6 14 9 5 11 10 10 1 18 8 20 16 0 14 11 6 15 8 160 16 16 0 19 2 196 183 15 20 5 12 8 5 13 16 12 151 11 1 6 163 17 18 2 11 14 152 192 19 18 19 10 184 6 0 187 6 8 13 6 12 11 11 12 12 13 5 173 3 19 10 199 15 11 17 6 20 17 14 16 187 1 5 155 8 13 7 0 12 4 190 152 159 16 6 153 4 2 8 9 18 18 177 6 10 8 9 196 6 9 0 2 19 7 14 180 12 18 162 11 9 9 151 196 8 6 8 6 11 20 2 4 7 5 20 167 10 1 19 2 6 20 17 12 6 17 1 8 180 7 179 17 15 0 16 17 11 8 19 20 194 7 19 170 166 9 18 172 7 17 5 17 0 13 6 15 12 6 15 1 11 168 1 184 15 0 11 9 189 1 191 14 18 10 159 7 1 20 3 14 4 15 16 14 2 11 192 17 187 18 6 3 10 4 14 15 19 1 1 15 10 1 16 1 4 2 184 8 162 16 4 11 12 6 13 14 153 17 155 8 13 187 8 0 18 12 1 19 17 2 16 158 11 158 11 13 8 17 0 4 11 193 13 161 13 15 14 5 185 18 13 13 10 12 3 1 14 8 18 160 161 0 186 18 1 175 4 188 11 18 18 15 0 7 8 3 14 5 191 9 17 15 168 18 166 172 6 151 14 1 14 168 187 172 197 15 16 168 3 2 17 3 16 2 2 6 14 2 11 193 6 2 5 7 14 171 6 160 13 12 3 13 6 8 8 15 2 10 6 195 5 11 15 13 6 14 3 9 3 8 10 18 3 170 171 174 155 1 16 189 15 16 9 13 11 153 11 5 10 20 20 10 13 11 8 7 200 9 3 6 17 179 2 174 8 14 2 19 163 17 2 177 0 11 16 6 9 14 3 195 20 14 19 4 18 12 15 179 3 199 2 3 10 13 18 173 187 170 16 4 177 195 7 2 11 172 14 162 17 1 3 199 18 151 6 6 4 1 175 19 6 164 0 195 181 2 165 10 16 6 18 7 5 8 1 8 2 9 152 12 20 16 10 17 165 19 182 13 0 152 20 18 2 17 1 2 20 1 17 3 6 0 9 190 4 1 17 1 13 1 15 1 7 192 14 4 2 159 8 172 156 18 192 153 2 13 158 5 5 15 4 8 14 166 13 19 7 163 12 200 195 14 13 12 5 7 9 11 20 9 20 13 172 14 10 0 0 17 12 164 150 191 8 160 1 8 188 18 14 8 4 13 6 0 5 4 7 177 17 13 14 188 162 13 4
195
170 11 150 47 71 35 61 105 109 190 111 39 122 72 90 139 103 85 101 195 20 40 67 113 39 3 198 155 197 198 25 144 119 144 78 199 173 66 163 7 120 82 123 16 62 70 110 37 17 22 76 142 43 72 135 68 136 16 43 1 163 130 1 8 64 90 161 195 27 162 39 67 124 154 112 161 165 86 74 160 149 70 34 102 126 75 140 168 143 180 165 178 40 176 122 199 133 35 10 44 49 66 49 11 133 36 88 144 5 179 89 147 75 63 175 35 24 56 110 28 15 32 194 170 88 35 163 184 25 88 92 24 103 82 182 141 123 132 12 30 40 162 39 163 140 53 188 184 65 198 157 105 165 86 156 3 26 134 120 164 102 94 6 110 138 109 93 133 89 45 121 136 14 77 161 187 193 174 139 137 21 54 173 114 38 105 190 159 109 122 99 106 14 173 65
378
0 183 5 20 15 11 2 182 183 8 1 13 154 10 185 17 9 5 156 4 10 12 3 2 14 17 16 5 8 20 20 18 1 16 9 181 16 4 1 13 6 162 14 8 4 177 17 11 171 17 188 192 18 0 10 17 160 18 2 5 16 157 10 6 169 7 14 14 15 12 4 1 16 9 9 166 191 3 17 0 186 14 9 1 18 1 17 6 0 186 5 1 4 15 13 9 152 6 174 4 4 16 4 19 0 181 194 19 17 2 17 179 19 20 18 16 153 4 6 12 17 17 157 2 194 13 20 170 20 13 6 2 0 10 11 197 175 7 17 10 13 4 12 18 15 155 3 173 2 17 20 1 11 3 1 5 15 5 14 161 193 11 10 191 20 20 5 11 11 19 196 18 19 0 5 4 6 162 8 5 168 18 4 9 10 20 14 20 187 0 16 18 7 11 12 6 6 12 1 16 20 17 4 174 17 6 1 177 17 5 16 16 2 0 18 0 7 17 0 20 159 8 17 19 12 19 17 13 0 0 11 20 15 189 19 20 4 178 180 199 8 7 9 15 1 197 5 11 5 3 9 17 4 11 7 14 187 4 8 16 191 16 13 172 18 9 6 151 16 18 156 152 184 15 8 17 3 1 185 5 13 20 169 12 5 1 11 152 7 16 13 178 17 7 14 18 18 7 8 19 13 5 19 2 5 14 8 167 10 10 196 16 5 14 3 14 14 11 1 3 14 10 7 14 5 5 1 19 18 17 200 14 14 9 10 0 192 186 161 197 10 19 8 158 200 8 18 10 4 18 8 4 195 11 12 14 7 197 7 19 17 11 8 159 6 11 2 4 14 11 18 12 7 0 10 1 5 172
500
200 200 200 200 200 200 200 200 200 200 200 200 200 200 200 200 200 200 200 200 200 200 200 200 200 200 200 200 200 200 200 200 200 200 200 200 200 200 200 200 200 200 200 200 200 200 200 200 200 200 200 200 200 200 200 200 200 200 200 200 200 200 200 200 200 200 200 200 200 200 200 200 200 200 200 200 200 200 200 200 200 200 200 200 200 200 200 200 200 200 200 200 200 200 200 200 200 200 200 200 200 200 200 200 200 200 200 200 200 200 200 200 200 200 200 200 200 200 200 200 200 200 200 200 200 200 200 200 200 200 200 200 200 200 200 200 200 200 200 200 200 200 200 200 200 200 200 200 200 200 200 200 200 200 200 200 200 200 200 200 200 200 200 200 200 200 200 200 200 200 200 200 200 200 200 200 200 200 200 200 200 200 200 200 200 200 200 200 200 200 200 200 200 200 200 200 200 200 200 200 200 200 200 200 200 200 200 200 200 200 200 200 200 200 200 200 200 200 200 200 200 200 200 200 200 200 200 200 200 200 200 200 200 200 200 200 200 200 200 200 200 200 200 200 200 200 200 200 200 200 200 200 200 200 200 200 200 200 200 200 200 200 200 200 200 200 200 200 200 200 200 200 200 200 200 200 200 200 200 200 200 200 200 200 200 200 200 200 200 200 200 200 200 200 200 200 200 200 200 200 200 200 200 200 200 200 200 200 200 200 200 200 200 200 200 200 200 200 200 200 200 200 200 200 200 200 200 200 200 200 200 200 200 200 200 200 200 200 200 200 200 200 200 200 200 200 200 200 200 200 200 200 200 200 200 200 200 200 200 200 200 200 200 200 200 200 200 200 200 200 200 200 200 200 200 200 200 200 200 200 200 200 200 200 200 200 200 200 200 200 200 200 200 200 200 200 200 200 200 200 200 200 200 200 200 200 200 200 200 200 200 200 200 200 200 200 200 200 200 200 200 200 200 200 200 200 200 200 200 200 200 200 200 200 200 200 200 200 200 200 200 200 200 200 200 200 200 200 200 200 200 200 200 200 200 200 200 200 200 200 200 200 200 200 200 200 200 200 200 200 200 200 200 200 200 200 200 200 200 200 200 200 200 200 200 200 200 200 200 200 200 200 200 200 200 200 200 200 200 200
797
0 0 0 0 0 0 0 0 0 0 0 0 0 0 0 0 0 0 0 0 0 0 0 0 0 0 0 0 0 0 0 0 0 0 0 0 0 0 0 0 0 0 0 0 0 0 0 0 0 0 0 0 0 0 0 0 0 0 0 0 0 0 0 0 0 0 0 0 0 0 0 0 0 0 0 0 0 0 0 0 0 0 0 0 0 0 0 0 0 0 0 0 0 0 0 0 0 0 0 0 0 0 0 0 0 0 0 0 0 0 0 0 0 0 0 0 0 0 0 0 0 0 0 0 0 0 0 0 0 0 0 0 0 0 0 0 0 0 0 0 0 0 0 0 0 0 0 0 0 0 0 0 0 0 0 0 0 0 0 0 0 0 0 0 0 0 0 0 0 0 0 0 0 0 0 0 0 0 0 0 0 0 0 0 0 0 0 0 0 0 0 0 0 0 0 0 0 0 0 0 0 0 0 0 0 0 0 0 0 0 0 0 0 0 0 0 0 0 0 0 0 0 0 0 0 0 0 0 0 0 0 0 0 0 0 0 0 0 0 0 0 0 0 0 0 0 0 0 0 0 0 0 0 0 0 0 0 0 0 0 0 0 0 0 0 0 0 0 0 0 0 0 0 0 0 0 0 0 0 0 0 0 0 0 0 0 0 0 0 0 0 0 0 0 0 0 0 0 0 0 0 0 0 0 0 0 0 0 0 0 0 0 0 0 0 0 0 0 0 0 0 0 0 0 0 0 0 0 0 0 0 0 0 0 0 0 0 0 0 0 0 0 0 0 0 0 0 0 0 0 0 0 0 0 0 0 0 0 0 0 0 0 0 0 0 0 0 0 0 0 0 0 0 0 0 0 0 0 0 0 0 0 0 0 0 0 0 0 0 0 0 0 0 0 0 0 0 0 0 0 0 0 0 0 0 0 0 0 0 0 0 0 0 0 0 0 0 0 0 0 0 0 0 0 0 0 0 0 0 0 0 0 0 0 0 0 0 0 0 0 0 0 0 0 0 0 0 0 0 0 0 0 0 0 0 0 0 0 0 0 0 0 0 0 0 0 0 0 0 0 0 0 0 0 0 0 0 0 0 0 0 0 0 0 0 0 0 0 0 0 0 0 0 0 0 0 0 0 0 0 0 0 0 0 0 0 0 0 0 0 0 0 0 0 0 0 0 0 0 0 0 0 0 0 0 0 0 0 0 0 0 0 0 0 0 0 0 0 0 0 0 0 0 0 0 0 0 0 0 0 0 0 0 0 0 0 0 0 0 0 0 0 0 0 0 0 0 0 0 0 0 0 0 0 0 0 0 0 0 0 0 0 0 0 0 0 0 0 0 0 0 0 0 0 0 0 0 0 0 0 0 0 0 0 0 0 0 0 0 0 0 0 0 0 0 0 0 0 0 0 0 0 0 0 0 0 0 0 0 0 0 0 0 0 0 0 0 0 0 0 0 0 0 0 0 0 0 0 0 0 0 0 0 0 0 0 0 0 0 0 0 0 0 0 0 0 0 0 0 0 0 0 0 0 0 0 0 0 0 0 0 0 0 0 0 0 0 0 0 0 0 0 0 0 0 0 0 0 0 0 0 0 0 0 0 0 0 0 0 0 0 0 0 0 0 0 0 0 0 0 0 0 0 0 0 0 0 0 0 0 0 0 0 0 0 0 0 0 0 0 0 0 0 0 0 0 0 0 0 0 0 0 0 0 0 0 0 0 0 0 0 0 0 0 0 0 0 0 0 0 0 0 0 0 0 0 0 0 0 0 0 0 0 0 0 0 0 0 0 0 0 0 0 0 0 0 0
366
45 45 16 190 154 16 67 190 190 67 45 154 118 45 154 45 154 16 154 67 154 67 154 16 16 16 118 118 190 190 45 16 45 67 16 118 118 118 154 16 118 154 190 154 16 190 45 16 67 67 118 45 67 67 118 118 16 67 154 154 154 16 67 67 67 118 45 16 190 16 118 190 154 118 190 16 45 45 118 16 67 118 118 190 45 67 67 118 16 67 16 118 118 190 16 67 45 16 67 118 67 190 67 67 118 190 118 45 118 154 154 16 45 118 154 190 45 190 190 190 190 67 154 154 67 190 190 190 67 190 45 67 154 154 16 190 118 118 45 118 154 67 118 190 67 16 154 67 154 45 154 154 16 45 45 118 154 16 67 16 154 190 45 16 190 190 16 16 45 190 190 190 118 67 154 67 154 154 45 118 190 118 118 154 16 67 67 67 45 154 190 67 16 16 67 118 16 190 45 67 118 118 118 45 154 16 16 190 45 118 190 45 154 45 154 45 67 118 67 67 67 118 45 45 67 16 154 118 190 118 45 118 67 45 16 16 154 16 67 45 45 190 154 16 190 154 190 154 16 118 190 154 45 154 45 16 67 45 16 16 118 154 67 16 118 16 190 67 67 154 16 118 45 45 45 154 118 118 45 118 45 45 67 118 67 154 16 190 16 16 118 16 16 154 118 154 45 118 16 16 67 154 45 16 190 16 16 118 67 67 154 190 45 16 16 118 154 16 190 45 154 118 16 67 118 45 67 190 190 67 16 190 190 154 154 16 45 118 190 190 67 118 118 154 154 190 67 118 16 118 16 67 67 45 118 67 154 45 154 154 67 16 16 16 118 45
541
76 175 187 187 76 175 124 187 124 187 187 187 175 76 187 175 187 124 175 124 187 174 175 76 174 124 187 76 175 174 76 174 175 174 76 76 124 174 187 187 187 76 124 76 76 76 187 124 175 187 124 124 174 76 175 187 174 124 187 124 174 76 76 76 187 187 174 174 124 187 175 187 187 76 187 175 124 187 187 175 175 174 124 124 175 187 187 187 124 175 124 175 187 174 175 124 76 187 76 187 187 76 174 174 174 175 174 187 174 187 174 175 124 175 187 76 187 175 124 175 175 76 175 76 76 187 174 76 187 187 175 124 174 187 174 175 174 174 187 187 175 76 175 76 174 187 124 187 175 187 187 76 124 76 174 175 76 175 124 174 76 124 175 124 174 174 76 124 124 174 76 175 175 124 175 124 175 187 187 124 124 174 76 175 174 76 124 187 175 187 124 124 124 124 175 175 187 76 174 124 76 187 124 175 187 124 174 187 174 175 175 187 187 76 174 187 174 174 174 187 124 175 187 174 124 175 76 187 187 174 187 124 124 124 187 174 175 124 175 76 124 187 175 174 187 124 76 124 175 124 124 175 174 124 76 187 187 124 76 187 175 76 187 175 76 76 187 174 174 124 174 175 124 175 174 124 187 174 124 175 175 76 124 76 124 76 174 174 76 174 174 124 76 187 76 76 187 76 174 175 175 175 175 187 76 174 76 76 76 187 76 187 174 124 174 174 124 76 187 187 175 187 174 124 174 124 124 124 76 124 175 175 124 124 124 175 187 175 174 76 187 76 76 175 174 175 76 187 174 187 174 175 124 76 187 124 175 124 76 124 174 124 76 76 124 187 175 124 174 124 174 76 175 124 175 187 124 124 76 76 187 187 124 174 124 175 175 174 175 174 175 187 124 124 174 124 187 174 174 187 174 187 174 124 124 76 174 174 187 124 187 175 175 124 187 174 187 124 124 175 76 187 174 175 174 187 174 124 124 76 124 124 187 174 187 187 76 76 187 175 174 187 174 175 175 187 175 124 175 174 76 76 175 175 174 76 124 175 174 76 124 175 124 124 175 175 124 174 174 76 174 175 174 175 76 174 174 174 76 76 76 174 187 124 175 124 76 187 174 124 174 76 187 175 124 124 76 174 76 76 76 175 187 124 187 124 175 124 187 174 76 76 76 187 76 187 124 76 174 174 76 76 175 124 76 76 124 174 175 124 124 174 187 124 174 175 76 175 187 187 174
532
0 0 0 0 0 0 0 0 0 0 0 0 0 0 0 0 0 0 0 0 0 0 0 0 0 0 0 0 0 0 0 0 0 0 0 0 0 0 0 0 0 0 0 0 0 0 0 0 0 0 0 0 0 0 0 0 0 0 0 0 0 0 0 0 0 0 0 0 0 0 0 0 0 0 0 0 0 0 0 0 0 0 0 0 0 0 0 0 0 0 0 0 0 0 0 0 0 0 0 0 0 0 0 0 0 0 0 0 0 0 0 0 0 0 0 0 0 0 0 0 0 0 0 0 0 0 0 0 0 0 0 0 0 0 0 0 0 0 0 0 0 0 0 0 0 0 0 0 0 0 0 0 0 0 0 0 0 0 0 0 0 0 0 0 0 0 0 0 0 0 0 0 0 0 0 0 0 0 0 0 0 0 0 0 0 0 0 0 0 0 0 0 0 0 0 0 0 0 0 0 0 0 0 0 0 0 0 0 0 0 0 0 0 0 0 0 0 0 0 0 0 0 0 0 0 0 0 0 0 0 0 0 0 0 0 0 0 0 0 0 0 0 0 0 0 0 0 0 0 0 0 0 0 0 0 0 0 0 0 0 0 0 0 0 0 0 0 0 0 0 0 0 0 0 0 0 0 0 0 0 0 0 0 0 0 0 0 0 0 0 0 0 0 0 0 0 0 0 0 0 0 0 0 0 0 0 0 0 0 0 0 0 0 0 0 0 0 0 0 0 0 0 0 0 0 0 0 0 0 0 0 0 0 0 0 0 0 0 0 0 0 0 0 0 0 0 0 0 0 0 0 0 0 0 0 0 0 0 0 0 0 0 0 0 0 0 0 0 0 0 0 0 0 0 0 0 0 0 0 0 0 0 0 0 0 0 0 0 0 0 0 0 0 0 0 0 0 0 0 0 0 0 0 0 0 0 0 0 0 0 0 0 0 0 0 0 0 0 0 0 0 0 0 0 0 0 0 0 0 0 0 0 0 0 0 0 0 0 0 0 0 0 0 0 0 0 0 0 0 0 0 0 0 0 0 0 0 0 0 0 0 0 0 0 0 0 0 0 0 0 0 0 0 0 0 0 0 0 0 0 0 0 0 0 0 0 0 0 0 0 0 0 0 0 0 0 0 0 0 0 0 0 0 0 0 0 0 0 0 0 0 0 0 0 0 0 0 0 0 0 0 0 0 0 0 0 0 0 0 0 0 0
82
0 0 0 0 0 0 0 0 0 0 0 0 0 0 0 0 0 0 0 0 0 0 0 0 0 0 0 0 0 0 0 0 0 0 0 0 0 0 0 0 0 0 0 0 0 0 0 0 0 0 0 0 0 0 0 0 0 0 0 0 0 0 0 0 0 0 0 0 0 0 0 0 0 0 0 0 0 0 0 0 0 0
435
150 38 22 150 22 9 150 150 150 9 150 38 150 150 9 150 9 150 150 38 9 9 22 22 9 38 22 38 9 22 9 22 150 9 38 38 150 150 9 22 22 9 38 150 38 150 9 38 38 38 150 22 38 150 9 150 9 9 150 9 22 38 22 38 150 38 9 22 38 22 38 38 150 38 150 22 22 9 150 9 9 38 38 150 38 38 22 150 150 150 22 150 9 9 9 38 22 38 38 9 150 9 150 38 150 22 150 22 9 38 9 22 22 22 22 22 150 150 150 9 38 9 9 9 22 150 9 22 150 22 150 150 9 38 9 22 22 38 150 22 22 38 150 38 22 22 22 38 9 150 9 150 9 9 9 150 38 38 22 22 9 150 38 9 9 150 38 38 150 150 150 22 22 9 38 150 38 150 150 150 150 9 9 150 9 9 9 38 22 22 150 22 22 150 9 38 9 22 38 22 38 9 22 38 150 150 9 150 9 150 150 9 9 38 150 22 38 22 22 22 38 9 22 22 9 38 150 9 150 150 22 150 38 22 38 22 38 150 9 22 38 38 22 22 38 9 150 150 150 22 22 38 22 150 38 9 38 9 9 38 150 9 9 150 9 9 150 9 9 22 22 38 22 22 9 150 38 22 38 9 150 38 38 38 38 9 150 22 38 38 150 22 150 9 22 22 150 9 150 150 22 38 150 150 38 22 150 9 22 38 22 9 22 9 38 22 9 150 22 22 22 9 150 22 38 150 9 38 38 38 150 22 38 150 22 22 38 9 22 22 9 38 22 38 22 22 150 38 150 9 9 22 9 9 22 22 9 150 38 22 9 22 38 150 9 150 38 22 38 38 150 38 150 38 22 22 9 9 9 38 150 22 22 9 22 150 9 22 9 22 38 22 38 150 22 38 150 38 150 38 150 38 9 22 22 38 38 9 38 9 22 150 9 22 9 38 22 9 150 150 22 38 38 22 150 38 9 38 150 38 9 38 150 150 22
679
0 200 86 90 63 86 88 66 75 57 50 104 53 81 120 91 97 64 101 53 101 57 115 64 51 88 115 56 76 58 113 94 108 107 75 71 89 67 86 70 91 101 67 70 64 85 65 75 80 84 81 68 119 119 117 85 59 85 74 89 65 81 83 61 63 62 106 116 73 85 64 51 60 54 101 87 106 117 89 86 52 114 51 92 91 72 82 118 99 96 85 69 78 90 102 55 96 50 117 51 105 76 116 70 80 55 63 84 66 90 87 91 53 67 74 95 120 93 81 55 89 68 71 97 103 74 95 107 116 106 65 119 106 68 51 52 59 100 99 120 54 120 54 83 78 72 73 86 74 51 114 110 70 72 113 94 120 65 66 92 86 53 83 86 78 106 54 85 99 85 50 108 115 58 113 106 104 109 70 78 54 103 85 63 119 73 62 50 59 85 80 52 92 115 78 60 114 112 71 73 61 57 76 50 109 99 71 65 50 113 95 79 116 64 77 87 107 110 113 113 68 70 107 55 57 90 85 62 118 57 86 120 108 98 76 114 85 111 108 69 64 80 112 60 76 111 107 110 87 108 77 73 106 76 77 92 96 68 77 53 94 52 83 110 78 64 109 77 115 64 84 95 67 71 114 92 112 71 92 63 79 74 65 52 76 84 90 103 61 114 95 106 107 67 99 53 106 74 80 75 82 105 104 98 93 74 104 119 93 74 110 65 103 115 101 53 60 105 58 83 117 110 111 94 50 72 57 86 84 56 114 61 86 78 91 82 98 92 63 114 105 103 82 117 60 88 57 82 108 118 82 93 120 112 115 82 55 112 98 76 97 63 95 93 79 97 94 77 98 53 109 97 85 58 65 69 120 99 110 79 79 60 57 81 75 63 85 87 117 62 92 110 81 119 73 100 77 51 54 55 95 88 116 112 97 78 110 79 69 58 71 54 86 102 94 104 88 76 80 84 101 83 56 67 77 96 105 97 105 85 117 96 63 90 91 86 51 100 69 75 101 120 93 78 88 117 72 71 65 98 120 85 104 93 97 119 63 55 64 86 62 93 100 57 107 108 114 82 112 53 103 106 63 118 64 94 113 63 116 63 83 120 71 97 79 118 52 96 92 72 82 81 99 96 66 68 67 109 118 55 83 97 71 77 77 85 113 54 75 59 76 80 69 67 120 103 89 64 103 74 69 72 94 50 60 94 119 85 99 63 57 104 60 74 65 76 102 81 93 114 83 99 90 101 111 64 70 73 80 89 106 80 111 59 99 67 100 115 90 100 101 60 94 115 112 107 88 95 96 94 103 119 118 115 95 120 115 118 116 71 77 65 70 68 118 72 68 59 85 66 102 63 92 118 92 98 114 95 113 69 101 62 60 66 56 72 92 52 66 116 50 64 109 82 94 69 91 92 108 98 76 114 70 98 117 69 76 59 57 68 62 115 79 97 59 104 107 81 65 105 93 62 61 119 98 104 77 117 84 63 102 61 66 119 56 87 61 78 105 58 77 85 88 67 70 102 93 115 68 106 114 87 74 114 107 110 89 107 200
305
14 10 12 13 11 8 15 10 17 10 0 19 7 6 9 17 16 18 3 12 4 9 18 17 1 14 0 7 20 8 15 18 18 12 5 2 13 2 16 5 3 5 7 7 5 8 13 6 5 12 9 16 9 2 6 17 1 20 2 18 18 1 11 5 20 20 0 16 9 7 6 11 6 10 8 0 12 6 7 5 3 18 4 10 11 7 16 6 1 1 6 16 14 6 5 8 3 1 16 0 20 2 20 13 9 17 7 17 11 13 15 2 18 18 1 10 20 20 11 18 1 10 11 9 13 9 6 20 18 4 18 8 8 13 2 19 9 2 18 9 8 5 7 11 5 8 14 7 8 8 10 20 3 14 9 6 15 13 10 16 13 3 10 1 20 14 18 19 13 19 6 16 6 0 19 15 8 8 16 13 17 11 19 5 10 13 1 9 20 1 18 14 18 15 17 6 14 4 9 10 8 9 4 7 15 17 4 4 7 15 0 19 17 1 13 12 2 2 2 19 8 0 17 9 4 19 0 6 13 20 18 8 17 17 2 8 1 11 11 5 3 19 5 9 2 14 2 17 17 5 2 1 13 4 6 0 3 10 12 4 6 20 9 18 13 5 16 18 19 4 5 17 7 17 5 14 18 16 14 5 16 14 3 19 14 18 16 4 2 17 5 10 18 12 3 19 17 20 6 15 6 15 0 15 19
724
174 174 104 93 104 106 40 106 93 116 174 104 116 116 93 93 106 104 116 174 174 93 106 174 174 106 104 106 106 116 104 104 106 116 40 104 174 40 106 174 174 104 104 174 116 93 104 174 93 174 93 106 93 104 106 40 106 40 106 106 104 106 40 93 174 116 40 40 93 116 40 40 106 174 174 93 93 93 116 174 116 174 116 40 174 174 93 40 174 104 104 116 174 116 104 40 93 116 106 174 104 116 93 93 174 93 106 116 174 116 104 93 116 104 116 106 116 40 40 106 93 106 174 116 174 40 116 174 106 174 106 40 116 116 174 104 40 106 106 93 40 106 104 93 174 116 106 104 106 40 40 116 93 93 104 174 116 106 106 40 104 106 174 104 40 174 40 116 104 174 116 104 104 106 40 40 174 174 104 40 174 174 116 116 40 174 93 116 116 174 174 40 40 40 106 104 104 116 174 116 93 93 106 104 174 106 93 106 174 106 40 174 174 104 104 40 104 174 93 174 174 174 116 174 40 106 106 116 104 174 93 116 40 93 106 106 104 104 174 106 116 93 116 116 104 40 104 174 116 93 104 116 174 40 116 116 106 174 40 116 104 93 174 40 174 174 40 104 93 174 40 104 104 93 174 40 174 174 93 116 116 174 106 116 104 104 93 116 116 174 116 104 106 174 40 174 116 116 93 106 116 93 106 40 116 104 104 93 104 93 174 106 116 174 106 104 40 93 174 106 174 174 40 104 174 104 106 104 174 174 104 93 40 174 174 93 40 93 93 40 116 93 40 40 116 93 174 116 116 116 116 104 106 40 106 93 40 174 93 104 116 174 174 93 40 116 174 116 40 116 104 40 93 93 116 174 104 106 106 116 174 93 40 104 106 40 106 174 116 106 174 116 93 106 174 174 106 174 116 40 106 104 174 40 40 40 104 116 104 106 174 116 93 40 93 104 174 116 93 104 104 116 116 104 116 116 174 40 116 40 116 106 40 116 93 174 104 93 104 106 104 104 174 93 116 106 174 174 93 116 93 40 174 104 104 93 93 106 106 106 40 104 93 116 93 116 93 104 40 104 104 116 40 104 116 116 104 40 116 40 116 174 106 40 93 104 174 93 93 93 174 104 104 106 106 106 174 174 116 93 174 116 106 93 93 174 116 106 93 106 174 106 40 116 93 104 116 104 104 106 93 116 106 93 93 116 40 93 106 106 40 174 104 106 93 104 104 40 40 116 93 93 93 104 104 104 174 106 116 106 106 104 106 93 116 104 104 93 174 174 116 174 116 106 106 104 116 104 40 40 116 174 106 104 116 104 104 104 104 116 93 106 106 174 106 174 40 40 104 174 116 93 174 106 40 93 93 174 40 174 93 40 104 106 104 174 106 104 174 93 104 104 40 174 116 93 116 116 174 93 174 93 116 174 93 174 40 174 40 116 116 116 93 40 93 174 106 106 104 93 40 106 104 106 93 174 104 174 174 104 93 116 174 93 40 104 174 104 40 174 104 93 106 40 116 104 93 93 93 174 104 106 93 104 104 40 106 40 106 174 174 93 93 40 40 93 116 104 174 116 40 104 93 106 104 174 104 40 40 106 106 106 93 104 106 104 104 40 106 174 106 106 93 93 40 104 104 116 104 40 106 106 116 93
226
133 28 177 196 131 183 197 52 158 129 132 134 83 23 62 71 23 115 77 71 128 44 88 126 54 21 91 146 75 60 69 24 104 32 199 59 137 153 85 13 128 45 28 72 4 179 147 177 175 103 49 130 27 129 177 169 4 133 77 2 81 79 60 187 64 194 151 54 28 134 124 154 136 134 85 126 97 124 56 70 94 169 63 116 58 46 172 168 6 21 116 105 127 136 164 29 23 146 64 127 37 97 47 25 72 66 54 32 12 47 22 63 155 114 27 15 116 37 120 145 3 123 94 27 192 88 15 52 145 175 162 105 111 41 77 26 129 106 183 13 149 108 78 175 74 5 180 114 69 19 125 91 40 136 2 13 15 184 80 122 90 139 160 26 186 196 142 109 89 169 14 110 45 87 6 112 160 87 110 97 83 101 124 18 51 8 124 76 8 62 147 148 188 51 166 23 18 5 155 170 77 171 92 152 56 104 119 118 19 137 134 98 93 112 80 42 127 125 187 80 68 34 129 114 127 193
842
200 200 200 200 200 200 200 200 200 200 200 200 200 200 200 200 200 200 200 200 200 200 200 200 200 200 200 200 200 200 200 200 200 200 200 200 200 200 200 200 200 200 200 200 200 200 200 200 200 200 200 200 200 200 200 200 200 200 200 200 200 200 200 200 200 200 200 200 200 200 200 200 200 200 200 200 200 200 200 200 200 200 200 200 200 200 200 200 200 200 200 200 200 200 200 200 200 200 200 200 200 200 200 200 200 200 200 200 200 200 200 200 200 200 200 200 200 200 200 200 200 200 200 200 200 200 200 200 200 200 200 200 200 200 200 200 200 200 200 200 200 200 200 200 200 200 200 200 200 200 200 200 200 200 200 200 200 200 200 200 200 200 200 200 200 200 200 200 200 200 200 200 200 200 200 200 200 200 200 200 200 200 200 200 200 200 200 200 200 200 200 200 200 200 200 200 200 200 200 200 200 200 200 200 200 200 200 200 200 200 200 200 200 200 200 200 200 200 200 200 200 200 200 200 200 200 200 200 200 200 200 200 200 200 200 200 200 200 200 200 200 200 200 200 200 200 200 200 200 200 200 200 200 200 200 200 200 200 200 200 200 200 200 200 200 200 200 200 200 200 200 200 200 200 200 200 200 200 200 200 200 200 200 200 200 200 200 200 200 200 200 200 200 200 200 200 200 200 200 200 200 200 200 200 200 200 200 200 200 200 200 200 200 200 200 200 200 200 200 200 200 200 200 200 200 200 200 200 200 200 200 200 200 200 200 200 200 200 200 200 200 200 200 200 200 200 200 200 200 200 200 200 200 200 200 200 200 200 200 200 200 200 200 200 200 200 200 200 200 200 200 200 200 200 200 200 200 200 200 200 200 200 200 200 200 200 200 200 200 200 200 200 200 200 200 200 200 200 200 200 200 200 200 200 200 200 200 200 200 200 200 200 200 200 200 200 200 200 200 200 200 200 200 200 200 200 200 200 200 200 200 200 200 200 200 200 200 200 200 200 200 200 200 200 200 200 200 200 200 200 200 200 200 200 200 200 200 200 200 200 200 200 200 200 200 200 200 200 200 200 200 200 200 200 200 200 200 200 200 200 200 200 200 200 200 200 200 200 200 200 200 200 200 200 200 200 200 200 200 200 200 200 200 200 200 200 200 200 200 200 200 200 200 200 200 200 200 200 200 200 200 200 200 200 200 200 200 200 200 200 200 200 200 200 200 200 200 200 200 200 200 200 200 200 200 200 200 200 200 200 200 200 200 200 200 200 200 200 200 200 200 200 200 200 200 200 200 200 200 200 200 200 200 200 200 200 200 200 200 200 200 200 200 200 200 200 200 200 200 200 200 200 200 200 200 200 200 200 200 200 200 200 200 200 200 200 200 200 200 200 200 200 200 200 200 200 200 200 200 200 200 200 200 200 200 200 200 200 200 200 200 200 200 200 200 200 200 200 200 200 200 200 200 200 200 200 200 200 200 200 200 200 200 200 200 200 200 200 200 200 200 200 200 200 200 200 200 200 200 200 200 200 200 200 200 200 200 200 200 200 200 200 200 200 200 200 200 200 200 200 200 200 200 200 200 200 200 200 200 200 200 200 200 200 200 200 200 200 200 200 200 200 200 200 200 200 200 200 200 200 200 200 200 200 200 200 200 200 200 200 200 200 200 200 200 200 200 200 200 200 200 200 200 200 200 200 200 200 200 200 200 200 200 200 200 200 200 200 200 200 200 200 200 200 200 200 200 200 200 200 200 200 200 200 200 200 200 200 200 200 200 200 200 200 200 200 200 200 200 200 200 200 200 200 200 200 200 200 200 200 200 200 200 200 200 200 200 200 200 200 200 200 200 200 200 200 200 200 200 200 200 200 200 200 200 200 200 200 200 200 200 200 200 200 200 200 200 200 200 200 200 200
264
0 0 0 0 0 0 0 0 0 0 0 0 0 0 0 0 0 0 0 0 0 0 0 0 0 0 0 0 0 0 0 0 0 0 0 0 0 0 0 0 0 0 0 0 0 0 0 0 0 0 0 0 0 0 0 0 0 0 0 0 0 0 0 0 0 0 0 0 0 0 0 0 0 0 0 0 0 0 0 0 0 0 0 0 0 0 0 0 0 0 0 0 0 0 0 0 0 0 0 0 0 0 0 0 0 0 0 0 0 0 0 0 0 0 0 0 0 0 0 0 0 0 0 0 0 0 0 0 0 0 0 0 0 0 0 0 0 0 0 0 0 0 0 0 0 0 0 0 0 0 0 0 0 0 0 0 0 0 0 0 0 0 0 0 0 0 0 0 0 0 0 0 0 0 0 0 0 0 0 0 0 0 0 0 0 0 0 0 0 0 0 0 0 0 0 0 0 0 0 0 0 0 0 0 0 0 0 0 0 0 0 0 0 0 0 0 0 0 0 0 0 0 0 0 0 0 0 0 0 0 0 0 0 0 0 0 0 0 0 0 0 0 0 0 0 0 0 0 0 0 0 0 0 0 0 0 0 0 0 0 0 0 0 0
228
200 200 200 200 200 200 200 200 200 200 200 200 200 200 200 200 200 200 200 200 200 200 200 200 200 200 200 200 200 200 200 200 200 200 200 200 200 200 200 200 200 200 200 200 200 200 200 200 200 200 200 200 200 200 200 200 200 200 200 200 200 200 200 200 200 200 200 200 200 200 200 200 200 200 200 200 200 200 200 200 200 200 200 200 200 200 200 200 200 200 200 200 200 200 200 200 200 200 200 200 200 200 200 200 200 200 200 200 200 200 200 200 200 200 200 200 200 200 200 200 200 200 200 200 200 200 200 200 200 200 200 200 200 200 200 200 200 200 200 200 200 200 200 200 200 200 200 200 200 200 200 200 200 200 200 200 200 200 200 200 200 200 200 200 200 200 200 200 200 200 200 200 200 200 200 200 200 200 200 200 200 200 200 200 200 200 200 200 200 200 200 200 200 200 200 200 200 200 200 200 200 200 200 200 200 200 200 200 200 200 200 200 200 200 200 200 200 200 200 200 200 200 200 200 200 200 200 200
775
191 10 177 6 5 6 19 3 17 174 14 160 11 0 11 17 3 3 154 20 8 13 19 4 13 19 8 172 17 19 19 16 1 9 156 4 184 191 158 17 13 4 12 20 6 2 195 12 10 20 17 4 191 3 10 10 14 19 0 2 5 159 159 16 9 180 0 171 11 1 8 13 12 4 15 11 1 15 8 6 8 17 2 0 14 3 10 12 14 0 161 19 12 159 17 1 3 7 6 150 17 185 19 10 200 11 11 19 14 18 152 183 190 14 2 16 9 9 1 12 18 163 17 8 14 6 2 19 16 17 181 18 11 1 168 16 189 5 3 11 180 12 193 9 13 158 156 20 16 0 16 3 184 15 14 8 3 154 1 180 2 196 14 0 192 3 3 14 1 19 15 19 10 7 5 7 6 20 20 10 152 159 13 182 165 14 4 15 4 3 10 10 11 2 19 0 3 19 20 160 2 199 166 7 19 170 12 12 3 14 16 0 9 12 4 16 7 1 2 20 16 13 1 1 162 5 20 12 0 18 14 9 13 2 196 2 12 14 12 13 6 17 3 183 16 18 170 15 19 9 1 150 14 4 7 188 11 3 20 6 3 16 1 20 10 154 19 17 17 6 6 2 153 156 156 17 16 5 190 14 151 158 14 151 1 18 161 11 10 2 13 6 2 3 17 4 172 3 4 188 11 197 5 166 170 1 10 14 196 12 5 14 1 17 166 150 2 7 185 11 8 194 15 13 2 12 11 5 198 15 20 5 3 9 189 5 4 19 5 180 12 12 9 11 6 174 6 14 190 14 5 7 16 18 199 17 13 11 3 13 11 17 2 9 13 200 160 3 1 192 4 7 14 193 167 6 193 0 3 167 16 3 20 14 7 15 12 195 195 0 19 165 20 1 11 19 15 17 9 7 184 3 200 3 196 19 8 160 8 156 5 1 154 186 194 156 19 151 16 9 5 11 1 15 175 13 1 1 17 7 5 11 8 18 2 15 176 20 20 8 161 10 5 4 198 17 1 7 179 15 191 17 178 178 16 1 181 17 20 20 13 15 12 13 19 5 12 11 150 16 8 16 0 16 193 14 5 163 17 164 150 3 179 20 11 20 14 1 173 1 13 14 5 7 17 1 7 19 4 14 14 8 12 16 18 5 5 20 2 19 197 15 6 18 9 14 18 4 4 20 9 5 11 17 4 5 17 7 10 16 4 20 198 160 20 6 7 9 4 6 18 198 12 4 199 6 18 5 15 11 12 10 18 199 16 1 11 13 4 7 192 16 17 13 6 172 20 4 0 184 13 172 11 172 10 13 14 3 176 181 176 7 5 19 11 8 9 1 200 9 13 18 1 5 7 7 18 19 6 4 199 5 12 9 9 10 15 10 153 195 0 14 169 15 10 1 176 18 1 0 20 20 7 11 180 17 4 3 11 163 158 10 12 17 17 1 19 0 154 8 20 3 157 4 184 6 13 16 10 13 161 7 187 7 2 184 3 17 1 167 16 14 8 1 11 172 0 10 1 5 12 12 7 9 182 150 168 8 17 19 11 4 12 2 8 167 7 3 0 3 11 188 12 170 18 16 16 12 20 13 14 11 15 14 19 14 9 7 169 0 14 8 9 151 16 20 14 12 17 172 20 1 18 15 3 19 9 15 2 10 170 12 9 179 12 10 14 187 9 16 15 187 16 5 10 18 11 8 1 11 6 13 2 20 198 197 15 16 7 1 197 187 6 196 8 8 17 13 18 167 8 13 14 6 15
662
200 200 200 200 200 200 200 200 200 200 200 200 200 200 200 200 200 200 200 200 200 200 200 200 200 200 200 200 200 200 200 200 200 200 200 200 200 200 200 200 200 200 200 200 200 200 200 200 200 200 200 200 200 200 200 200 200 200 200 200 200 200 200 200 200 200 200 200 200 200 200 200 200 200 200 200 200 200 200 200 200 200 200 200 200 200 200 200 200 200 200 200 200 200 200 200 200 200 200 200 200 200 200 200 200 200 200 200 200 200 200 200 200 200 200 200 200 200 200 200 200 200 200 200 200 200 200 200 200 200 200 200 200 200 200 200 200 200 200 200 200 200 200 200 200 200 200 200 200 200 200 200 200 200 200 200 200 200 200 200 200 200 200 200 200 200 200 200 200 200 200 200 200 200 200 200 200 200 200 200 200 200 200 200 200 200 200 200 200 200 200 200 200 200 200 200 200 200 200 200 200 200 200 200 200 200 200 200 200 200 200 200 200 200 200 200 200 200 200 200 200 200 200 200 200 200 200 200 200 200 200 200 200 200 200 200 200 200 200 200 200 200 200 200 200 200 200 200 200 200 200 200 200 200 200 200 200 200 200 200 200 200 200 200 200 200 200 200 200 200 200 200 200 200 200 200 200 200 200 200 200 200 200 200 200 200 200 200 200 200 200 200 200 200 200 200 200 200 200 200 200 200 200 200 200 200 200 200 200 200 200 200 200 200 200 200 200 200 200 200 200 200 200 200 200 200 200 200 200 200 200 200 200 200 200 200 200 200 200 200 200 200 200 200 200 200 200 200 200 200 200 200 200 200 200 200 200 200 200 200 200 200 200 200 200 200 200 200 200 200 200 200 200 200 200 200 200 200 200 200 200 200 200 200 200 200 200 200 200 200 200 200 200 200 200 200 200 200 200 200 200 200 200 200 200 200 200 200 200 200 200 200 200 200 200 200 200 200 200 200 200 200 200 200 200 200 200 200 200 200 200 200 200 200 200 200 200 200 200 200 200 200 200 200 200 200 200 200 200 200 200 200 200 200 200 200 200 200 200 200 200 200 200 200 200 200 200 200 200 200 200 200 200 200 200 200 200 200 200 200 200 200 200 200 200 200 200 200 200 200 200 200 200 200 200 200 200 200 200 200 200 200 200 200 200 200 200 200 200 200 200 200 200 200 200 200 200 200 200 200 200 200 200 200 200 200 200 200 200 200 200 200 200 200 200 200 200 200 200 200 200 200 200 200 200 200 200 200 200 200 200 200 200 200 200 200 200 200 200 200 200 200 200 200 200 200 200 200 200 200 200 200 200 200 200 200 200 200 200 200 200 200 200 200 200 200 200 200 200 200 200 200 200 200 200 200 200 200 200 200 200 200 200 200 200 200 200 200 200 200 200 200 200 200 200 200 200 200 200 200 200 200 200 200 200 200 200 200 200 200 200 200 200 200 200 200 200 200 200 200 200 200 200 200 200 200 200 200 200 200 200 200 200 200 200 200 200 200 200 200 200 200
455
0 0 0 0 0 0 0 0 0 0 0 0 0 0 0 0 0 0 0 0 0 0 0 0 0 0 0 0 0 0 0 0 0 0 0 0 0 0 0 0 0 0 0 0 0 0 0 0 0 0 0 0 0 0 0 0 0 0 0 0 0 0 0 0 0 0 0 0 0 0 0 0 0 0 0 0 0 0 0 0 0 0 0 0 0 0 0 0 0 0 0 0 0 0 0 0 0 0 0 0 0 0 0 0 0 0 0 0 0 0 0 0 0 0 0 0 0 0 0 0 0 0 0 0 0 0 0 0 0 0 0 0 0 0 0 0 0 0 0 0 0 0 0 0 0 0 0 0 0 0 0 0 0 0 0 0 0 0 0 0 0 0 0 0 0 0 0 0 0 0 0 0 0 0 0 0 0 0 0 0 0 0 0 0 0 0 0 0 0 0 0 0 0 0 0 0 0 0 0 0 0 0 0 0 0 0 0 0 0 0 0 0 0 0 0 0 0 0 0 0 0 0 0 0 0 0 0 0 0 0 0 0 0 0 0 0 0 0 0 0 0 0 0 0 0 0 0 0 0 0 0 0 0 0 0 0 0 0 0 0 0 0 0 0 0 0 0 0 0 0 0 0 0 0 0 0 0 0 0 0 0 0 0 0 0 0 0 0 0 0 0 0 0 0 0 0 0 0 0 0 0 0 0 0 0 0 0 0 0 0 0 0 0 0 0 0 0 0 0 0 0 0 0 0 0 0 0 0 0 0 0 0 0 0 0 0 0 0 0 0 0 0 0 0 0 0 0 0 0 0 0 0 0 0 0 0 0 0 0 0 0 0 0 0 0 0 0 0 0 0 0 0 0 0 0 0 0 0 0 0 0 0 0 0 0 0 0 0 0 0 0 0 0 0 0 0 0 0 0 0 0 0 0 0 0 0 0 0 0 0 0 0 0 0 0 0 0 0 0 0 0 0 0 0 0 0 0 0 0 0 0 0 0 0 0 0 0 0 0 0 0 0 0 0 0 0 0 0 0 0 0 0 0 0 0
195
4 167 166 6 3 2 198 16 4 183 193 2 13 182 200 13 9 20 14 181 158 11 5 9 200 20 16 170 0 4 19 11 17 7 4 0 199 7 199 2 10 15 18 2 188 1 169 5 186 20 169 173 9 183 11 13 19 18 14 173 7 183 16 14 185 16 17 179 7 8 17 5 8 20 18 20 13 11 3 20 161 8 10 10 16 162 190 13 7 4 10 1 199 6 166 11 168 11 5 193 199 4 2 10 11 15 11 17 16 9 8 6 186 6 14 15 170 19 5 20 195 3 10 11 9 13 7 13 15 9 4 2 4 7 5 152 3 13 20 10 17 15 0 3 14 6 178 19 20 12 189 19 20 0 9 0 12 4 12 9 10 13 1 12 13 3 16 6 20 176 8 178 18 18 170 181 169 18 3 17 17 190 14 3 1 162 19 9 17 8 18 17 156 5 6
932
0 200 108 114 111 70 63 60 113 117 94 118 92 60 70 52 59 106 108 109 114 113 120 97 87 50 118 91 58 78 93 98 75 85 101 63 58 107 86 115 63 109 98 74 78 53 100 101 85 107 58 71 97 105 80 96 117 111 77 80 58 70 97 86 69 102 97 54 73 107 54 58 57 113 75 85 100 88 73 63 72 66 84 112 51 97 60 93 52 50 63 80 118 120 99 64 71 113 67 93 85 114 70 87 74 85 80 98 79 58 57 66 60 87 101 95 55 115 57 80 82 113 93 99 95 119 67 75 115 68 112 70 66 80 53 93 117 81 113 79 70 76 50 70 63 55 84 70 68 70 74 73 107 72 50 50 69 86 117 103 58 104 98 103 89 87 79 50 86 78 88 106 54 112 75 58 80 57 87 54 117 120 105 116 82 116 86 83 119 56 56 107 104 62 68 104 53 77 97 57 112 117 66 109 108 81 119 50 71 62 91 50 51 99 60 76 51 108 75 54 98 74 58 94 53 76 85 102 61 51 95 89 114 81 85 58 83 95 79 116 110 61 95 56 57 84 80 61 111 58 101 84 104 70 80 108 69 85 97 60 101 84 92 67 104 67 51 101 85 79 61 81 77 50 101 53 93 51 98 104 62 51 119 118 95 65 98 92 87 75 108 77 60 61 115 102 81 117 57 59 97 113 110 67 69 61 52 104 109 70 108 76 109 116 84 50 55 97 67 71 85 78 96 89 102 79 107 106 107 96 108 103 64 59 88 50 96 111 93 87 82 54 94 58 57 66 88 76 102 60 54 100 107 102 71 88 77 64 88 108 86 72 52 94 107 119 101 87 115 82 99 71 95 113 117 117 108 67 53 54 52 67 97 103 91 99 65 83 71 114 55 81 79 118 115 120 100 106 91 77 91 99 116 79 93 51 100 103 113 75 102 90 100 83 65 94 80 74 65 116 77 88 60 101 73 103 62 106 77 115 59 63 81 57 76 67 111 105 74 104 95 80 105 110 92 113 50 53 67 83 82 96 83 105 62 113 82 58 86 120 86 54 68 53 116 108 76 54 92 95 52 103 82 120 63 116 111 74 113 79 82 88 86 84 64 112 86 64 86 62 114 98 73 55 120 72 89 57 73 85 73 103 97 78 58 81 111 104 69 62 119 83 84 119 88 81 95 69 85 81 86 51 86 106 60 64 88 115 100 63 79 55 70 86 93 68 90 54 53 59 60 82 110 58 115 77 62 109 71 112 84 82 68 118 75 53 81 94 116 54 83 61 72 67 60 91 120 63 112 97 102 114 72 84 74 94 69 90 59 100 55 61 103 70 59 58 80 95 94 94 70 51 89 89 112 70 118 105 51 58 115 75 53 75 73 63 113 58 66 83 89 65 63 70 113 86 115 75 111 107 98 59 109 86 73 58 117 58 72 90 70 104 73 115 77 62 119 88 70 60 55 103 96 74 52 107 51 74 68 109 57 66 95 91 54 81 88 119 69 97 68 97 105 105 101 90 75 71 80 83 68 119 116 64 93 78 81 118 104 120 66 95 97 59 83 108 96 100 95 77 120 108 94 62 109 115 107 114 108 99 83 61 96 59 96 79 97 93 94 68 91 59 54 114 73 66 89 58 112 69 60 68 65 51 54 77 117 82 60 72 100 54 90 91 88 93 53 117 68 80 79 73 74 102 106 63 81 85 61 85 83 95 117 108 101 79 90 68 62 98 114 102 64 88 108 120 114 113 114 54 73 63 62 58 53 103 101 120 70 98 113 79 113 113 115 104 81 107 66 60 64 94 58 105 83 64 99 100 65 89 118 87 66 79 55 57 79 93 78 111 63 71 64 110 95 87 63 55 57 101 73 81 87 97 66 63 55 60 92 52 69 71 56 97 86 95 64 66 96 104 91 111 58 52 79 58 101 59 119 65 77 76 104 70 75 53 80 113 93 54 108 119 107 93 87 82 50 114 120 115 101 113 58 79 96 60 83 70 68 70 88 84 78 89 114 68 54 96 112 50 55 52 79 77 53 98 86 99 90 71 115 82 79 63 83 89 118 106 60 77 110 58 55 119 99 120 87 81 52 75 94 77 100 105 80 102 95 94 79 75 114 200
315
5 184 19 13 20 10 196 10 16 0 6 12 15 17 168 13 19 2 2 17 12 0 188 4 2 168 165 174 3 2 10 154 14 11 2 5 2 194 12 5 12 18 169 7 4 20 15 17 172 170 152 19 6 16 8 11 194 12 1 18 152 9 15 184 14 0 3 1 4 2 9 19 14 16 13 179 4 187 4 7 9 5 0 3 14 13 9 8 13 1 8 16 2 6 5 10 13 8 2 16 15 8 1 13 10 15 4 11 0 11 6 12 1 12 9 11 18 159 15 13 6 157 15 13 0 18 1 0 17 17 15 19 182 3 8 13 18 15 177 19 17 2 2 4 10 4 3 168 20 3 13 13 15 13 19 2 164 12 9 9 150 5 17 3 161 12 14 0 9 19 13 6 167 155 19 181 11 14 16 19 10 7 167 0 20 3 175 12 1 193 9 19 11 5 177 7 9 6 3 8 5 20 8 9 6 175 1 180 16 17 9 17 3 153 12 1 4 8 20 13 14 2 3 6 5 150 2 19 17 163 177 8 13 15 2 152 175 2 13 7 4 9 20 178 2 15 20 13 4 9 184 166 4 13 169 8 10 186 11 16 181 14 0 10 9 1 2 19 10 5 14 19 17 13 20 1 0 5 14 151 183 20 6 17 18 16 16 13 19 19 196 163 7 13 192 7 14 7 5 3 3 173 17 157 4 195 0 155 16 17 8 14 189 200 183
632
0 200 53 78 86 50 105 64 51 57 50 95 67 112 105 67 118 74 67 104 58 101 61 85 83 94 115 73 119 68 51 65 52 84 78 100 62 119 70 110 102 107 110 91 109 79 96 119 57 107 98 52 112 50 92 109 113 62 53 55 117 85 55 114 89 97 61 115 83 98 102 120 56 113 90 67 90 118 85 109 80 81 62 100 64 55 111 62 90 100 64 82 101 108 112 85 82 114 50 103 51 85 74 59 104 78 70 117 112 99 93 91 76 74 58 83 53 83 74 55 117 72 88 80 82 87 70 86 110 78 86 80 76 92 115 74 95 104 59 100 120 50 70 99 92 98 82 107 66 70 114 66 118 102 77 62 91 94 54 111 84 62 92 56 98 60 100 107 77 99 108 77 70 111 52 84 94 104 78 73 108 94 64 110 75 94 73 85 97 79 97 80 58 63 51 85 112 72 85 101 97 117 90 72 116 106 118 64 68 91 65 120 111 55 120 97 82 96 58 105 99 79 61 63 70 105 88 66 93 63 51 102 97 101 84 63 86 98 62 73 108 79 117 73 51 117 51 117 75 85 54 72 52 54 72 62 95 60 98 78 105 64 104 104 109 97 74 102 84 68 99 51 50 86 84 82 75 58 104 64 105 50 79 67 70 80 104 96 55 114 113 66 106 116 65 69 104 59 84 115 104 73 72 73 113 69 64 107 109 111 92 112 105 71 104 75 77 66 113 116 51 70 65 93 50 103 104 80 88 53 69 63 102 98 111 98 58 72 52 68 74 62 54 92 53 61 75 94 114 78 91 102 61 88 83 92 55 116 93 54 72 78 88 70 53 94 86 79 105 85 105 89 101 54 93 50 73 79 67 62 80 91 112 82 89 102 63 55 82 106 93 97 70 86 84 84 62 112 107 71 54 100 58 115 108 89 70 60 111 68 90 77 105 78 109 92 54 111 100 65 115 99 65 77 72 59 69 120 94 98 63 54 89 69 65 117 86 84 52 101 105 72 87 65 102 105 88 50 59 76 116 98 81 114 105 65 56 115 60 116 107 110 64 85 56 65 91 82 69 89 98 98 94 63 51 82 113 60 89 62 106 101 90 53 114 50 103 114 90 68 77 82 98 63 77 117 50 51 74 63 68 106 74 93 59 113 89 76 61 91 62 68 94 88 74 66 97 82 90 107 118 55 73 95 88 67 83 105 100 91 118 96 59 117 52 61 109 56 57 58 118 112 60 81 79 114 63 105 59 116 113 80 75 58 100 84 60 111 73 91 101 102 90 100 53 58 96 60 54 61 75 71 53 53 104 87 56 59 67 62 50 54 52 86 50 87 70 70 60 79 89 56 108 65 97 103 111 89 51 66 63 106 89 97 85 88 56 108 101 91 116 58 66 116 74 81 92 85 88 93 80 91 53 114 65 113 114 92 53 53 54 200
352
82 64 82 62 196 82 62 66 82 82 66 82 82 82 196 196 82 82 64 62 66 64 196 196 64 62 64 66 64 64 196 64 62 62 196 66 62 64 66 64 62 82 64 64 62 66 82 82 196 66 64 64 66 66 62 64 62 62 82 66 66 196 82 196 64 196 196 196 66 62 62 66 82 66 82 64 196 66 196 62 62 62 64 196 62 64 64 66 64 66 66 196 82 196 82 82 82 66 82 196 82 82 196 82 62 64 62 62 82 66 64 66 196 196 64 196 66 62 196 62 62 64 196 82 82 196 64 82 66 196 196 62 64 62 82 64 66 66 64 64 196 64 66 62 62 64 62 66 82 66 82 64 62 196 196 66 64 62 66 62 196 196 82 66 82 62 66 82 64 66 196 62 62 66 82 62 66 82 64 196 64 64 82 66 62 62 64 82 66 62 64 82 196 64 64 62 66 62 66 196 82 82 64 64 62 66 62 66 82 66 82 64 196 66 82 82 62 62 66 196 62 196 196 196 66 66 64 66 62 62 82 62 196 62 196 64 66 82 62 196 64 66 82 66 62 66 64 66 62 196 64 66 64 82 62 64 64 62 66 62 64 82 64 64 66 66 62 82 62 82 64 196 66 196 82 196 82 62 196 64 82 196 62 82 64 62 196 66 82 82 82 62 196 196 82 66 64 64 62 66 66 64 82 196 64 82 62 196 64 64 196 62 62 66 64 64 66 82 66 62 66 196 82 66 196 64 62 82 64 66 82 64 66 64 66 82 64 62 196 62 64 82 62 62 196 66 196 82 196 62 196 64
334
200 200 200 200 200 200 200 200 200 200 200 200 200 200 200 200 200 200 200 200 200 200 200 200 200 200 200 200 200 200 200 200 200 200 200 200 200 200 200 200 200 200 200 200 200 200 200 200 200 200 200 200 200 200 200 200 200 200 200 200 200 200 200 200 200 200 200 200 200 200 200 200 200 200 200 200 200 200 200 200 200 200 200 200 200 200 200 200 200 200 200 200 200 200 200 200 200 200 200 200 200 200 200 200 200 200 200 200 200 200 200 200 200 200 200 200 200 200 200 200 200 200 200 200 200 200 200 200 200 200 200 200 200 200 200 200 200 200 200 200 200 200 200 200 200 200 200 200 200 200 200 200 200 200 200 200 200 200 200 200 200 200 200 200 200 200 200 200 200 200 200 200 200 200 200 200 200 200 200 200 200 200 200 200 200 200 200 200 200 200 200 200 200 200 200 200 200 200 200 200 200 200 200 200 200 200 200 200 200 200 200 200 200 200 200 200 200 200 200 200 200 200 200 200 200 200 200 200 200 200 200 200 200 200 200 200 200 200 200 200 200 200 200 200 200 200 200 200 200 200 200 200 200 200 200 200 200 200 200 200 200 200 200 200 200 200 200 200 200 200 200 200 200 200 200 200 200 200 200 200 200 200 200 200 200 200 200 200 200 200 200 200 200 200 200 200 200 200 200 200 200 200 200 200 200 200 200 200 200 200 200 200 200 200 200 200 200 200 200 200 200 200 200 200 200 200 200 200 200 200 200 200 200 200
131
200 200 200 200 200 200 200 200 200 200 200 200 200 200 200 200 200 200 200 200 200 200 200 200 200 200 200 200 200 200 200 200 200 200 200 200 200 200 200 200 200 200 200 200 200 200 200 200 200 200 200 200 200 200 200 200 200 200 200 200 200 200 200 200 200 200 200 200 200 200 200 200 200 200 200 200 200 200 200 200 200 200 200 200 200 200 200 200 200 200 200 200 200 200 200 200 200 200 200 200 200 200 200 200 200 200 200 200 200 200 200 200 200 200 200 200 200 200 200 200 200 200 200 200 200 200 200 200 200 200 200
513
15 155 8 1 4 14 17 169 16 14 18 161 171 6 16 12 20 20 1 13 12 197 2 3 155 176 172 7 173 14 196 194 157 156 5 5 163 159 157 5 184 161 16 9 10 12 10 10 2 9 179 13 153 17 14 14 9 7 2 16 186 19 170 9 193 4 17 13 19 16 196 18 6 9 11 14 13 3 11 184 11 14 183 162 19 14 178 195 168 17 5 18 0 1 13 17 10 8 10 16 7 4 10 5 7 14 4 17 1 14 19 193 5 12 10 5 10 11 154 7 11 9 2 6 2 11 17 16 3 181 6 188 165 190 153 20 5 166 14 19 13 18 2 12 155 9 0 11 2 10 18 179 5 12 16 11 20 11 6 151 177 160 9 181 16 0 1 13 17 1 1 157 167 16 19 9 5 7 19 7 6 6 20 9 8 20 151 173 13 0 4 2 0 13 17 159 20 3 19 0 3 196 169 0 11 2 182 16 3 1 3 158 8 19 13 0 12 18 180 170 18 10 165 1 196 174 7 15 15 8 6 5 0 14 1 13 10 189 5 2 19 12 0 2 159 154 159 8 11 186 4 11 0 11 189 174 16 16 5 190 15 7 180 165 5 197 2 1 0 10 4 0 163 8 5 16 4 13 14 15 12 150 13 174 15 19 19 16 20 5 2 4 3 193 17 190 6 10 14 17 11 8 8 196 8 12 5 11 15 171 12 8 182 4 173 175 11 198 155 1 4 19 181 9 8 14 1 11 17 19 3 183 3 8 6 3 14 12 18 10 4 183 196 5 16 7 15 161 6 4 9 164 1 0 7 6 5 15 19 11 190 1 20 167 196 12 15 15 13 12 13 0 10 11 16 1 12 12 168 198 196 4 16 198 6 18 6 3 13 20 15 8 9 16 182 19 8 15 18 16 7 5 20 12 5 15 197 17 5 8 161 0 5 169 192 10 13 3 0 4 12 7 183 10 186 184 19 20 175 151 154 8 166 18 179 2 169 3 1 6 151 5 2 186 16 2 195 11 3 9 164 195 8 194 174 8 17 10 18 10 17 11 17 12 4 10 9 10 164 10 13 14 1 150 159 9 4 3 0 160 6 3 179 2 2 183 192 7 11 4 20 20 9 0 16 4 19 7 2 3 4 20 20 197 6 1 10 16 177 11 6 4 2
8
0 200 53 107 110 104 54 200
397
129 162 44 17 42 125 166 21 200 148 175 152 155 177 21 49 196 95 80 91 97 192 30 194 137 49 47 191 12 200 131 164 142 192 185 191 194 15 10 7 145 111 141 90 58 93 49 2 199 36 64 145 192 13 16 115 79 16 18 99 115 159 60 13 185 62 74 187 176 157 104 127 124 72 99 174 66 80 39 39 70 110 39 172 51 166 7 43 21 43 118 27 193 67 84 38 101 123 121 87 163 100 182 136 192 169 5 20 3 46 56 185 102 44 47 180 167 159 33 72 172 194 166 176 152 14 0 190 200 150 17 71 115 156 116 121 85 102 91 36 65 37 181 100 115 128 9 126 45 41 102 54 147 121 137 173 125 176 45 90 75 45 152 170 186 142 179 151 80 150 147 47 10 79 20 9 176 112 180 103 177 191 105 22 185 79 158 67 23 95 37 179 58 137 50 191 1 89 194 126 187 15 82 56 134 23 143 191 32 143 118 0 52 115 47 169 162 141 8 100 68 177 17 173 98 141 108 51 29 40 133 195 198 109 6 68 23 40 36 4 72 55 98 27 26 144 128 142 63 33 57 72 65 19 69 131 127 44 85 144 199 176 89 101 51 152 196 194 30 169 141 71 144 112 67 183 41 188 4 23 131 78 22 168 179 199 179 103 21 170 166 60 18 47 16 177 197 82 81 40 80 185 30 85 10 8 157 95 139 140 123 192 88 2 121 178 124 70 74 73 3 46 25 92 80 9 153 191 71 30 93 97 124 101 55 14 80 9 112 98 63 97 124 58 46 82 25 60 24 172 118 61 189 116 149 171 145 178 175 39 26 120 46 161 152 179 147 118 1 174 191 143 30 56 128 0 125 51 131 95 73 161 140 38 33 71 46 20 23 170 144 28 112 12 141 3 195
217
113 154 159 52 152 104 154 10 195 8 119 13 60 102 74 200 154 80 19 195 165 66 138 119 62 54 57 126 97 168 119 119 75 185 126 57 186 63 158 10 108 102 149 74 138 25 26 73 20 137 155 25 33 95 29 133 168 132 184 35 56 170 176 82 85 193 53 43 12 58 166 118 118 136 121 134 75 91 75 130 137 185 6 90 113 114 147 103 160 185 176 54 15 172 172 100 191 115 20 91 14 177 175 134 71 57 102 121 90 147 63 85 94 53 163 14 63 18 197 61 105 200 197 67 92 169 147 32 52 55 94 82 174 192 117 172 126 74 192 171 16 129 77 147 196 16 151 67 66 131 88 198 83 192 38 119 190 25 15 67 194 50 44 20 59 40 118 125 193 82 93 149 179 190 191 38 77 99 60 2 80 0 91 25 115 137 12 92 159 3 175 156 13 66 171 195 14 153 65 139 50 35 42 100 188 87 134 4 156 77 158 137 59 127 21 127 45
75
0 0 0 0 0 0 0 0 0 0 0 0 0 0 0 0 0 0 0 0 0 0 0 0 0 0 0 0 0 0 0 0 0 0 0 0 0 0 0 0 0 0 0 0 0 0 0 0 0 0 0 0 0 0 0 0 0 0 0 0 0 0 0 0 0 0 0 0 0 0 0 0 0 0 0
141
42 28 199 76 87 175 138 91 65 68 187 149 28 22 102 26 188 85 178 145 196 120 115 146 96 162 25 168 106 2 63 112 190 51 96 28 151 31 19 136 166 45 62 29 90 22 38 121 168 11 151 174 163 167 78 198 88 6 90 7 6 9 143 33 7 62 108 144 130 181 13 127 190 181 93 17 99 117 38 105 45 121 29 182 69 191 114 190 177 67 83 133 193 147 5 179 40 156 12 53 177 152 139 187 114 2 173 128 67 141 194 165 140 190 74 33 109 8 7 34 164 27 124 58 137 1 73 41 198 2 182 146 43 176 116 117 193 96 5 13 46
628
6 12 14 8 12 10 4 14 14 158 160 5 15 182 3 12 173 15 9 183 5 13 16 14 5 20 20 177 9 0 186 1 5 176 193 179 165 7 10 16 166 163 12 5 7 15 5 5 8 3 13 2 12 165 8 12 8 16 8 7 5 3 1 11 162 193 15 158 12 3 18 4 8 9 0 15 6 190 20 15 12 9 18 18 190 2 5 20 12 4 12 175 17 18 14 14 6 20 0 17 5 1 15 160 184 11 5 5 170 4 176 6 11 168 1 171 1 11 16 150 6 6 9 8 20 13 17 20 15 7 17 3 15 3 10 8 13 3 2 8 195 17 17 193 20 3 167 3 185 0 1 10 164 17 190 14 17 179 17 19 11 12 181 16 16 7 10 7 153 18 10 163 20 153 0 1 177 2 14 2 0 6 13 19 15 16 7 13 3 15 155 1 14 178 9 9 5 16 20 199 17 2 2 17 1 8 5 15 16 1 10 165 4 0 160 12 180 14 7 19 6 12 2 12 0 8 8 2 199 1 7 11 12 15 18 9 10 161 15 19 14 8 12 9 8 18 16 9 9 5 1 20 19 10 8 179 18 6 2 172 2 18 15 12 9 18 15 179 13 5 10 4 4 15 14 6 10 18 10 8 10 194 8 4 12 5 1 183 15 1 6 151 171 11 8 7 197 193 6 0 10 194 193 5 12 5 15 15 10 5 11 169 1 184 157 165 9 1 176 11 11 17 15 151 162 163 13 15 10 18 178 11 13 10 0 19 9 19 20 5 3 13 20 156 20 5 18 0 173 14 151 1 13 5 186 20 12 7 14 176 6 160 152 5 2 7 17 19 169 8 12 2 183 11 6 161 15 14 10 10 199 15 156 15 2 2 2 5 14 17 10 181 11 164 173 164 13 0 17 5 18 20 158 15 186 12 156 0 17 9 8 5 19 12 162 173 15 15 9 20 8 8 155 17 6 13 0 178 5 14 19 5 0 175 19 154 191 10 15 3 1 20 5 190 183 179 8 16 165 13 7 13 1 14 178 184 16 3 18 12 6 13 3 7 9 19 172 19 19 18 152 189 0 20 8 10 14 1 6 11 11 5 155 10 10 181 16 172 0 4 3 5 0 10 1 196 3 8 11 5 12 20 152 13 11 9 179 15 4 19 9 13 153 5 4 2 3 14 1 5 12 20 12 189 9 14 4 4 177 198 0 9 8 7 17 11 4 11 193 14 6 6 15 14 168 176 19 0 18 20 11 9 7 173 10 10 4 7 4 14 14 6 14 13 173 7 13 0 169 4 8 4 195 197 8 153 13 10 3 4 9 16 19 7 153 184 9 170 198 14 1 4 11 19 18 20 188 4 8 19 164 18 2 176 14 20 182 5 8 15 12 186 20 12 2 7 0 7 1 172 9 5 196 12 16 151 2 2
535
0 200 107 55 87 109 108 99 107 80 62 74 104 103 115 91 98 72 68 81 87 104 59 51 77 111 75 78 101 62 92 88 110 80 61 61 106 92 100 66 59 77 60 81 69 119 91 57 85 64 107 111 69 76 90 95 94 67 72 68 75 116 90 104 112 84 74 63 61 82 73 108 92 94 87 110 106 103 120 120 92 114 52 80 94 73 102 93 101 92 63 55 119 54 112 83 54 108 85 118 79 112 120 80 67 79 103 77 92 116 83 106 70 76 108 55 118 100 107 102 66 51 112 112 120 114 96 81 59 116 102 54 116 69 84 102 94 78 102 55 90 90 71 105 87 104 52 78 72 59 119 50 70 89 106 95 60 105 75 83 92 91 54 115 93 99 54 100 91 71 107 114 72 72 68 118 103 67 57 96 106 105 77 89 110 70 114 113 76 114 103 58 111 99 62 95 107 55 119 60 87 51 117 91 86 107 70 115 105 97 94 113 64 62 114 75 109 94 118 112 60 59 62 102 51 68 81 51 106 58 86 87 115 61 108 103 68 89 75 74 81 78 99 65 57 52 50 80 95 77 73 71 56 105 93 119 78 104 86 76 109 114 81 96 68 100 54 89 59 88 87 70 106 87 98 90 63 51 69 78 67 86 86 94 117 72 118 78 112 86 116 118 119 115 66 78 117 108 110 110 79 98 66 57 81 59 66 96 105 63 63 100 102 110 89 68 98 55 118 61 115 105 88 62 93 67 109 102 70 67 113 64 50 76 58 71 66 92 57 111 68 110 91 102 105 64 83 77 81 76 120 54 99 71 117 94 67 74 96 63 54 99 119 92 71 112 72 58 113 111 62 113 84 84 101 113 92 55 118 78 73 92 104 53 114 80 120 70 80 62 108 72 57 56 74 97 53 77 68 79 115 101 92 50 99 69 54 103 68 58 83 72 65 93 118 93 119 68 113 78 104 64 112 118 118 94 112 107 100 63 87 59 84 92 107 103 118 118 75 112 90 118 73 72 62 82 67 54 63 92 106 90 109 59 89 65 62 77 69 72 100 119 89 71 90 81 73 67 78 54 96 91 81 73 93 118 116 73 78 113 79 66 107 59 115 74 118 84 85 64 106 101 87 65 60 66 89 80 75 85 82 72 111 105 86 109 114 54 58 98 81 54 64 116 66 60 53 89 60 75 67 102 96 99 118 66 64 54 91 53 55 105 104 107 200
926
0 200 108 52 73 118 114 70 83 84 67 87 100 79 55 95 55 66 78 103 106 98 98 107 102 71 76 120 86 87 102 92 115 115 78 103 109 70 55 71 52 59 88 106 78 104 56 67 54 73 110 57 86 112 63 60 90 102 91 51 79 111 65 112 112 99 71 92 77 103 87 60 58 75 85 51 96 83 105 67 53 69 79 101 83 111 112 84 114 78 104 84 70 64 115 118 83 63 108 111 74 106 114 78 105 68 108 62 111 111 78 97 85 115 116 119 76 94 101 96 91 84 52 109 101 116 98 115 90 96 73 116 67 109 51 107 50 95 61 84 110 78 119 71 119 62 120 90 50 100 87 115 52 78 69 50 85 97 69 88 113 80 105 92 89 75 117 101 73 120 117 95 92 107 59 75 109 116 82 103 70 105 68 51 69 97 55 77 80 104 104 50 65 67 83 88 91 108 98 92 107 92 77 111 120 87 59 112 75 117 63 103 73 99 101 79 96 68 66 83 109 98 74 76 54 97 74 71 68 94 86 119 51 64 101 53 53 118 63 67 63 53 83 117 76 94 96 120 101 104 85 112 90 65 75 63 50 67 82 92 114 93 100 73 74 70 111 110 112 66 106 98 110 109 70 109 118 78 113 53 66 93 75 53 54 113 120 116 84 50 78 114 107 85 88 51 119 63 68 84 61 101 81 70 107 89 90 112 73 104 61 109 79 99 117 86 67 75 52 92 102 112 83 81 111 99 59 85 85 99 52 59 84 81 73 88 62 70 88 88 108 92 52 117 110 57 69 85 66 108 58 102 58 96 73 89 109 112 55 119 103 79 73 77 82 78 53 50 78 81 107 56 112 110 64 118 58 90 65 68 104 72 108 117 115 104 102 91 118 85 51 80 79 98 101 112 105 55 80 89 90 108 113 107 105 76 101 106 63 74 94 59 103 110 71 106 98 86 61 61 93 69 89 107 84 113 82 99 57 118 103 97 112 77 84 116 119 116 93 98 52 95 92 69 86 117 119 65 112 84 77 109 55 99 100 118 95 107 63 92 115 83 54 89 87 86 115 68 54 57 84 65 93 94 95 74 106 68 51 71 114 94 78 68 116 59 77 67 109 98 82 120 117 70 62 51 77 105 100 84 106 100 103 120 108 111 72 88 118 108 55 60 114 65 94 83 87 103 114 57 73 115 55 73 110 98 118 57 113 117 100 75 96 92 55 83 55 76 60 83 106 66 120 113 69 55 114 119 53 71 95 71 96 84 95 97 79 112 99 115 68 52 95 77 113 93 111 103 60 116 106 64 116 56 107 60 100 79 119 65 101 113 103 75 113 57 53 117 65 67 90 69 118 82 71 100 111 87 85 119 66 53 75 72 102 112 71 114 78 120 92 108 72 100 120 107 76 105 102 74 88 103 75 59 74 76 78 96 69 88 85 59 70 68 73 60 77 117 58 93 91 95 84 88 69 102 119 97 92 88 106 55 108 57 77 101 54 83 105 78 120 110 74 69 109 114 67 81 92 83 50 99 56 95 52 94 97 105 119 83 92 79 87 56 94 118 94 63 93 62 113 99 59 66 105 117 97 100 73 67 119 113 114 108 85 96 50 85 57 113 98 116 65 81 94 100 82 65 90 59 82 75 66 117 69 54 84 83 115 85 101 69 82 68 114 60 106 55 53 62 82 52 112 117 95 78 114 97 59 95 111 62 94 66 94 114 105 82 95 65 55 114 120 69 112 85 78 83 102 82 68 112 58 80 100 111 80 120 103 68 101 68 108 111 65 99 81 71 78 115 55 52 89 74 77 53 77 76 117 95 87 81 102 107 67 74 61 51 113 64 101 55 61 100 106 84 99 110 94 102 71 102 102 106 117 55 98 82 116 63 103 80 110 97 118 91 109 83 84 109 58 82 91 66 92 96 113 103 87 70 50 74 77 70 68 66 68 103 90 57 53 107 82 74 65 105 120 61 74 73 98 58 114 100 109 83 71 60 82 53 103 93 117 59 110 91 79 91 72 73 89 87 61 96 97 57 103 82 96 61 104 85 68 94 60 84 84 109 87 69 66 115 50 92 85 102 108 63 109 65 55 118 107 96 104 200
27
124 101 194 33 135 97 165 13 199 140 1 130 91 136 86 194 197 187 153 153 138 2 23 183 4 68 27
215
200 200 200 200 200 200 200 200 200 200 200 200 200 200 200 200 200 200 200 200 200 200 200 200 200 200 200 200 200 200 200 200 200 200 200 200 200 200 200 200 200 200 200 200 200 200 200 200 200 200 200 200 200 200 200 200 200 200 200 200 200 200 200 200 200 200 200 200 200 200 200 200 200 200 200 200 200 200 200 200 200 200 200 200 200 200 200 200 200 200 200 200 200 200 200 200 200 200 200 200 200 200 200 200 200 200 200 200 200 200 200 200 200 200 200 200 200 200 200 200 200 200 200 200 200 200 200 200 200 200 200 200 200 200 200 200 200 200 200 200 200 200 200 200 200 200 200 200 200 200 200 200 200 200 200 200 200 200 200 200 200 200 200 200 200 200 200 200 200 200 200 200 200 200 200 200 200 200 200 200 200 200 200 200 200 200 200 200 200 200 200 200 200 200 200 200 200 200 200 200 200 200 200 200 200 200 200 200 200 200 200 200 200 200 200
543
200 200 200 200 200 200 200 200 200 200 200 200 200 200 200 200 200 200 200 200 200 200 200 200 200 200 200 200 200 200 200 200 200 200 200 200 200 200 200 200 200 200 200 200 200 200 200 200 200 200 200 200 200 200 200 200 200 200 200 200 200 200 200 200 200 200 200 200 200 200 200 200 200 200 200 200 200 200 200 200 200 200 200 200 200 200 200 200 200 200 200 200 200 200 200 200 200 200 200 200 200 200 200 200 200 200 200 200 200 200 200 200 200 200 200 200 200 200 200 200 200 200 200 200 200 200 200 200 200 200 200 200 200 200 200 200 200 200 200 200 200 200 200 200 200 200 200 200 200 200 200 200 200 200 200 200 200 200 200 200 200 200 200 200 200 200 200 200 200 200 200 200 200 200 200 200 200 200 200 200 200 200 200 200 200 200 200 200 200 200 200 200 200 200 200 200 200 200 200 200 200 200 200 200 200 200 200 200 200 200 200 200 200 200 200 200 200 200 200 200 200 200 200 200 200 200 200 200 200 200 200 200 200 200 200 200 200 200 200 200 200 200 200 200 200 200 200 200 200 200 200 200 200 200 200 200 200 200 200 200 200 200 200 200 200 200 200 200 200 200 200 200 200 200 200 200 200 200 200 200 200 200 200 200 200 200 200 200 200 200 200 200 200 200 200 200 200 200 200 200 200 200 200 200 200 200 200 200 200 200 200 200 200 200 200 200 200 200 200 200 200 200 200 200 200 200 200 200 200 200 200 200 200 200 200 200 200 200 200 200 200 200 200 200 200 200 200 200 200 200 200 200 200 200 200 200 200 200 200 200 200 200 200 200 200 200 200 200 200 200 200 200 200 200 200 200 200 200 200 200 200 200 200 200 200 200 200 200 200 200 200 200 200 200 200 200 200 200 200 200 200 200 200 200 200 200 200 200 200 200 200 200 200 200 200 200 200 200 200 200 200 200 200 200 200 200 200 200 200 200 200 200 200 200 200 200 200 200 200 200 200 200 200 200 200 200 200 200 200 200 200 200 200 200 200 200 200 200 200 200 200 200 200 200 200 200 200 200 200 200 200 200 200 200 200 200 200 200 200 200 200 200 200 200 200 200 200 200 200 200 200 200 200 200 200 200 200 200 200 200 200 200 200 200 200 200 200 200 200 200 200 200 200 200 200 200 200 200 200 200 200 200 200 200 200 200 200 200 200 200 200 200 200 200 200 200 200 200 200 200 200 200 200
809
50 195 66 60 73 118 112 123 130 163 118 27 116 33 142 70 59 190 193 86 182 62 71 47 65 121 61 124 90 137 113 5 80 0 188 58 15 166 83 149 188 83 110 59 41 180 189 143 2 99 191 79 148 77 20 69 82 17 150 80 93 127 23 182 194 101 113 130 107 93 103 149 121 85 141 57 27 104 173 141 81 68 96 108 143 174 152 150 166 86 186 137 183 177 8 63 187 72 0 18 114 193 163 109 193 20 140 77 200 29 15 162 145 26 114 154 100 22 119 154 182 127 193 128 81 32 157 147 70 43 165 168 78 102 36 72 157 99 172 138 156 25 33 183 63 168 100 26 13 76 145 115 11 138 162 150 165 80 31 158 116 17 37 58 97 144 10 2 42 185 156 97 11 129 118 73 180 167 60 148 165 15 127 63 41 113 176 2 122 67 18 57 90 34 196 121 83 167 10 113 119 183 189 88 88 124 70 76 17 66 123 56 79 48 36 83 106 149 200 38 182 104 11 59 31 51 42 106 75 108 136 120 27 0 6 102 148 91 182 30 0 86 63 156 197 118 170 16 40 34 8 95 79 165 80 103 175 87 131 101 46 155 98 44 16 58 122 185 76 31 161 3 114 17 48 105 19 36 117 122 6 83 155 187 193 110 65 139 61 182 74 172 118 155 20 27 152 23 187 150 100 29 104 134 135 5 157 199 146 168 46 68 161 3 158 167 9 83 6 93 137 196 118 90 154 78 47 115 33 23 173 7 52 151 8 44 180 184 21 63 9 0 37 1 85 37 36 188 166 33 109 137 175 85 48 89 105 31 142 142 59 153 200 144 195 131 153 198 109 19 30 88 178 8 166 122 158 149 117 142 119 84 78 60 98 114 133 84 171 176 69 141 32 99 64 5 77 119 7 157 32 30 103 61 122 144 0 197 9 150 34 18 85 34 59 78 169 17 156 150 18 0 172 147 174 5 184 110 140 77 100 105 0 112 79 158 78 21 102 17 141 101 171 178 149 167 33 113 74 152 95 96 199 115 128 41 105 56 82 102 95 170 84 54 22 190 17 55 112 127 100 97 79 4 132 23 59 163 53 55 190 79 135 42 19 145 107 12 57 16 60 131 102 14 28 69 0 113 173 84 33 55 93 184 120 165 57 84 10 43 110 133 193 54 190 174 105 65 9 47 110 55 189 167 87 188 37 97 48 120 81 147 176 98 110 119 28 193 108 69 162 127 113 133 10 73 1 79 47 123 35 168 119 136 111 88 124 56 156 73 145 4 66 12 4 192 106 30 14 52 69 37 141 98 131 134 53 69 5 54 21 192 107 98 13 138 171 149 152 107 18 35 99 134 83 7 5 190 3 178 108 105 121 181 107 195 159 97 145 173 117 54 35 66 18 84 31 152 185 129 169 197 69 183 94 134 133 155 79 21 162 94 134 149 30 156 45 177 138 110 141 132 26 124 197 77 140 142 161 151 129 193 159 74 185 8 157 83 26 29 26 46 117 160 165 195 185 155 146 83 108 196 49 122 12 179 159 198 118 133 88 182 21 193 121 78 79 101 147 36 153 56 46 71 42 200 133 12 186 90 27 125 66 118 171 18 169 102 2 90 57 18 21 183 139 112 179 11 138 72 42 190 39 4 70 66 162 137 195 145 174 126 120 141 158 58 136 36 96 105 68 4 143 56 127 56 82 157 165 50 175 54 124 17 185 52 135 140 107 78 135 120 40 64 133 127 151 132 80 113 55 157 145 53 37 176 84 18 154 175 68 77 25 41 38 59 126 80 175 169 2 128 192 193 54 103 154 18 101 148 97 190 76 196 93 136 24 114 159
750
162 163 9 8 11 12 158 1 4 19 19 178 9 10 14 0 3 177 183 9 3 18 12 5 12 3 168 12 5 200 20 12 172 11 4 7 174 5 7 13 1 10 4 156 8 16 189 8 14 5 3 14 2 3 16 160 7 13 172 1 15 10 187 14 17 9 200 2 14 0 14 6 6 1 13 16 14 8 10 3 17 4 13 16 15 10 13 9 16 16 189 2 13 18 6 12 167 19 12 18 151 2 7 17 183 2 7 9 17 9 4 186 20 20 15 195 1 9 9 158 165 166 4 170 8 0 16 10 166 7 10 9 6 10 7 8 9 17 9 4 155 12 6 6 5 159 180 11 8 13 3 15 6 3 2 177 13 10 196 3 19 19 14 9 16 177 1 6 17 8 199 168 18 18 2 1 13 199 1 4 2 19 9 8 11 12 18 15 7 19 20 6 12 12 4 190 12 4 0 13 19 7 12 180 10 180 6 10 18 5 8 199 16 9 7 8 200 20 18 198 2 9 14 1 4 8 14 1 9 10 161 20 170 14 10 18 161 4 6 155 2 190 14 5 161 185 20 11 9 159 9 163 3 6 20 18 14 164 8 10 178 19 9 1 10 20 14 16 18 14 5 7 7 2 4 3 15 197 198 15 14 13 7 3 16 174 199 20 19 6 16 16 4 12 16 16 14 6 3 19 188 9 11 8 187 2 15 8 20 11 13 189 6 15 15 16 4 16 150 16 187 18 16 172 16 14 14 15 14 8 12 13 4 12 0 13 12 16 9 168 199 13 200 157 8 2 12 195 197 5 19 9 0 167 20 19 13 6 6 17 6 19 163 20 181 8 18 17 192 12 20 7 11 12 1 9 7 19 18 189 16 2 11 10 0 20 14 178 20 4 14 18 11 157 4 0 6 18 13 3 2 19 19 14 7 166 183 17 9 9 7 9 7 172 180 4 14 20 11 3 11 5 17 158 198 5 4 196 9 20 9 184 6 20 3 1 12 3 0 17 18 5 162 7 18 9 15 19 9 20 5 7 3 162 7 12 10 20 19 20 19 11 152 20 15 18 16 156 14 20 161 12 1 20 9 5 19 9 14 13 18 13 0 15 0 8 20 13 7 6 3 16 15 5 8 174 19 5 15 179 15 16 1 1 0 8 7 14 180 14 19 14 1 7 14 178 1 5 17 1 154 8 11 7 14 200 174 10 18 192 7 12 18 0 10 10 16 1 5 8 0 8 1 165 20 9 174 199 9 3 9 4 176 19 18 2 6 6 15 20 3 19 13 7 1 5 2 20 11 194 0 11 4 20 185 3 20 17 12 10 18 15 0 14 166 5 4 2 11 14 20 14 6 2 17 180 20 2 178 7 13 187 18 0 15 9 15 12 11 185 1 10 12 19 9 8 166 15 5 152 9 159 194 195 13 19 8 195 8 1 16 11 8 19 7 153 1 183 9 0 4 16 0 193 13 20 19 19 11 3 5 180 5 161 179 160 14 177 9 1 2 194 6 18 18 19 10 10 164 167 178 9 11 3 15 7 3 18 7 18 2 1 177 12 12 18 16 18 2 18 174 13 4 1 20 8 0 8 5 8 9 199 2 17 16 153 5 155 177 3 1 192 7 10 154 4 1 8 4 5 157 17 16 156 4 20 15 7 7 4 9 172 9 10 3 6 14 11 7 0 4 7 13 20 4 9 3 191 1 8
950
14 12 12 13 16 18 1 1 7 168 157 19 5 7 5 184 1 14 175 2 7 174 3 12 17 200 6 13 2 3 8 8 9 1 19 181 2 7 191 11 1 176 13 164 9 14 7 15 155 16 9 15 159 161 20 19 195 13 4 4 2 4 19 16 8 5 3 12 9 17 0 5 11 1 4 0 181 4 6 2 2 18 7 10 0 1 10 1 10 13 16 16 5 14 5 2 14 7 160 12 13 190 7 18 5 20 178 6 167 15 186 155 11 0 4 7 3 197 170 9 16 15 12 17 8 184 12 185 189 8 6 11 8 15 12 1 9 16 4 18 15 0 5 1 0 2 10 182 11 13 4 16 18 5 158 19 12 16 189 14 18 5 20 15 2 187 4 12 0 159 171 12 0 156 15 167 1 15 13 9 6 14 11 193 4 9 1 152 6 13 11 182 3 18 3 7 3 8 15 165 3 17 1 2 7 8 6 13 3 6 20 20 18 13 173 158 14 19 10 172 13 7 11 14 189 14 5 14 6 10 16 18 11 14 16 14 14 174 5 200 200 1 14 186 16 2 19 9 1 3 18 3 4 194 2 8 20 9 3 7 18 17 20 153 5 11 10 5 12 17 11 0 9 176 18 16 19 19 11 4 16 11 169 3 11 194 184 18 13 17 10 4 189 16 2 8 20 18 20 18 7 17 167 13 168 12 20 0 15 14 10 16 159 165 17 13 7 1 4 11 19 14 184 4 17 1 18 4 18 0 9 3 14 19 15 8 19 11 155 7 12 5 175 181 9 10 2 7 11 2 12 0 0 5 12 1 0 6 5 2 5 2 197 0 8 12 7 20 4 7 2 3 2 6 176 12 4 173 173 16 3 8 2 17 168 14 186 156 173 18 160 157 19 15 16 17 197 8 3 14 15 20 15 18 0 3 18 164 0 16 160 191 4 9 161 14 1 10 7 15 11 8 16 164 0 6 11 19 176 10 7 0 5 6 159 15 13 187 18 18 8 17 11 167 14 7 16 17 9 10 6 12 9 19 12 4 4 1 12 0 9 13 3 13 20 12 10 3 16 20 11 5 11 8 4 9 14 13 8 2 12 12 12 8 1 163 19 3 16 18 12 0 158 14 0 171 2 7 6 12 8 184 11 18 5 11 0 7 2 7 7 8 198 14 20 15 190 1 11 3 1 3 3 9 2 19 3 18 7 183 7 10 173 16 9 15 17 1 174 12 19 11 4 4 170 191 11 12 12 18 7 7 4 177 1 177 155 20 0 1 1 182 7 187 18 171 9 5 19 7 12 171 8 20 14 10 13 7 5 17 0 184 11 17 2 15 16 197 179 14 0 10 4 14 10 13 15 20 9 7 1 13 1 18 15 199 16 16 10 11 15 196 16 10 13 199 0 14 168 5 18 184 9 5 167 3 18 12 15 15 1 17 5 5 0 14 7 8 16 4 6 8 7 9 11 180 3 17 18 15 1 15 9 10 19 15 191 4 7 12 20 1 0 19 10 17 0 11 11 0 8 1 19 198 161 190 4 3 4 20 14 3 13 17 19 1 12 9 8 182 12 191 196 0 172 7 4 7 161 2 181 178 9 20 0 16 17 7 1 1 152 8 7 0 184 16 2 19 16 12 187 6 19 3 4 16 0 10 17 3 6 159 20 20 10 198 6 4 180 167 2 18 12 5 8 7 10 6 4 11 20 20 9 160 8 0 6 1 9 0 15 16 7 13 18 4 10 168 0 11 15 7 10 18 196 11 12 166 3 197 15 19 10 6 5 13 183 12 13 1 181 5 19 0 6 20 3 158 20 16 11 1 9 196 13 14 4 3 13 4 20 3 154 12 12 6 10 1 161 18 15 1 1 13 1 12 1 5 8 18 156 9 13 8 13 5 5 2 197 158 6 19 10 6 5 19 184 7 194 4 156 18 14 20 19 188 18 176 1 168 9 2 12 12 180 14 6 157 168 16 11 175 2 15 19 15 7 9 10 187 2 192 199 6 10 19 12 188 19 6 6 197 0 14 15 15 0 5 7 157 2 13 20 9 19 12 160 200 6 1 10 4 5 17 189 12 9 9 0 20 173 14 18 0 161 8 20 13 5 8 160 181 2 5 13 16 156 5 10 11 193 166 5 7 5 180 5 7 5 0
541
39 177 177 39 38 39 177 39 39 38 39 39 133 177 177 177 177 177 39 39 38 177 177 133 38 133 177 39 133 133 39 133 39 177 38 38 38 133 39 39 133 177 177 177 38 177 38 133 177 38 39 38 38 133 177 39 133 133 38 38 177 177 177 177 39 38 39 39 38 38 38 133 177 177 39 177 177 177 133 133 38 133 38 133 177 39 38 177 39 133 177 133 177 133 39 39 38 177 39 38 39 177 39 133 133 177 133 39 39 39 38 39 177 39 133 133 133 38 38 133 177 38 38 133 177 38 38 133 177 39 133 39 38 39 38 38 38 177 38 38 39 133 38 177 177 177 38 133 39 38 39 177 39 177 177 39 133 133 39 133 133 39 177 38 133 133 177 177 177 38 39 38 39 38 38 177 133 177 133 39 38 38 133 39 38 177 38 133 38 133 133 177 133 133 39 39 39 39 133 133 133 39 39 133 39 39 177 133 133 177 38 38 39 38 177 38 38 39 133 39 39 133 133 38 39 133 38 39 177 133 39 133 133 38 177 39 39 39 39 38 177 39 177 177 38 39 39 39 133 39 133 38 177 177 133 38 133 38 38 177 177 38 38 38 39 177 38 177 38 39 39 177 38 177 39 38 177 38 133 133 133 38 177 177 133 38 38 39 38 38 39 39 177 133 177 39 177 39 39 39 39 133 38 177 177 38 39 38 39 133 177 38 133 133 133 133 133 177 38 38 177 133 177 39 39 38 38 177 133 133 39 133 177 39 38 133 38 39 39 177 38 133 39 133 39 38 133 133 177 133 177 177 133 38 38 38 39 38 38 38 133 38 177 133 39 39 177 133 38 39 38 177 38 177 133 133 133 133 39 39 39 39 133 38 177 177 39 39 133 177 177 39 39 133 39 177 38 39 38 133 39 177 133 133 39 177 39 177 133 39 39 38 39 38 177 177 177 133 177 39 177 38 133 38 133 177 133 39 177 177 39 133 133 133 38 177 38 177 133 133 38 177 133 38 177 133 38 38 133 133 133 177 177 133 133 177 38 39 177 38 38 177 39 38 39 177 133 133 133 133 133 177 38 39 133 177 38 38 177 133 39 133 39 38 38 39 177 133 177 39 39 177 39 39 133 177 39 133 39 38 38 133 39 39 38 133 133 38 177 39 177 38 133 39 133 39 39 177 133 38 39 39 133 133 133 38 38 39 177 38 177 177 177 177 177 177 177 38 38 133 133
518
5 17 12 18 6 8 6 1 2 4 17 5 1 7 6 7 14 11 4 15 3 20 10 14 4 16 3 14 2 12 8 14 9 0 13 6 18 12 20 14 16 19 18 19 17 1 3 12 7 18 6 5 8 7 13 3 1 8 11 12 4 0 19 0 9 5 17 11 12 11 0 7 9 18 12 3 10 0 20 12 7 0 0 10 4 18 8 4 7 7 0 4 9 14 11 6 6 0 2 6 11 11 20 14 12 12 19 6 11 2 15 2 7 2 9 0 6 4 1 8 20 12 8 15 15 14 18 7 1 0 0 11 12 16 17 14 6 2 9 20 5 1 19 15 2 17 1 9 11 17 6 16 15 3 3 6 9 10 9 18 11 19 15 1 12 16 13 12 1 18 6 4 15 14 3 19 5 6 5 8 18 8 1 13 3 19 2 13 15 11 2 6 8 12 19 12 7 8 3 8 18 15 19 19 3 3 0 18 13 0 0 3 17 12 3 19 13 6 8 19 10 0 4 11 16 0 12 10 16 15 0 11 12 3 7 20 4 16 17 14 18 11 14 7 7 17 1 20 2 13 3 6 11 4 10 8 0 17 7 18 6 12 19 18 0 19 10 8 9 14 12 10 15 7 2 7 18 3 3 20 11 0 17 19 18 13 13 0 9 0 17 18 8 14 16 6 8 18 5 19 6 9 19 19 19 19 9 11 5 12 19 15 5 18 11 16 13 8 4 15 20 18 4 20 0 13 17 18 2 0 14 18 2 15 0 12 20 8 19 0 18 19 1 1 15 3 3 20 6 6 12 2 12 14 8 11 14 13 18 12 16 17 18 16 18 5 17 16 9 4 6 20 12 17 17 15 14 9 20 13 6 10 0 19 16 13 7 8 3 2 14 17 2 11 10 2 15 13 11 12 1 18 6 12 2 3 3 1 9 2 9 3 5 0 17 1 5 7 19 7 12 7 9 4 14 10 7 14 2 2 15 14 16 1 14 16 16 8 15 3 16 16 0 2 20 13 18 13 6 11 13 7 9 18 10 2 13 14 11 5 1 6 9 12 3 9 17 20 5 0 12 18 1 20 16 2 3 2 1 2 5 1 9 12 15 1 0 7 11 11 15 2 8 14 0 1 4 4 19 13 0 15 8 20 8 7 12 15 9 17 6 3 9 20 12 20 1 3
25
4 6 15 4 6 16 6 11 8 7 7 15 17 19 2 20 15 5 5 9 10 9 12 14 14
192
178 156 41 6 101 6 101 101 41 178 178 41 101 144 41 6 156 144 156 41 6 101 156 156 178 178 101 101 156 144 144 156 178 156 156 144 156 6 41 156 178 178 41 156 41 41 41 101 41 6 41 101 156 41 101 144 41 144 101 144 6 178 178 6 101 41 41 101 156 41 178 101 41 101 144 178 101 178 41 41 41 41 41 101 41 144 178 6 144 101 178 6 101 144 101 144 156 6 6 178 144 6 6 178 156 101 6 178 144 41 6 101 178 101 6 41 101 156 6 144 41 178 101 144 156 101 6 6 178 6 156 101 101 101 101 178 156 156 41 41 101 41 156 41 101 101 101 41 6 178 101 6 178 156 178 178 6 178 41 6 144 101 6 101 144 101 144 6 156 6 101 6 41 41 144 41 178 156 6 101 101 178 101 144 144 41 6 178 101 156 41 6
792
24 105 28 24 24 28 105 28 24 24 24 28 24 24 105 24 105 28 24 24 24 105 24 24 28 28 24 105 105 105 105 24 105 24 105 24 24 24 105 24 105 105 28 24 24 24 28 24 24 105 28 28 105 28 28 24 28 105 105 28 28 105 105 105 105 24 24 105 24 105 105 28 24 105 105 28 105 28 105 28 105 105 24 24 24 105 28 105 24 105 105 105 28 105 24 24 24 24 24 105 28 105 24 28 24 105 24 105 24 24 28 28 24 24 24 105 24 24 28 24 105 24 105 105 28 105 105 28 105 24 105 105 24 24 105 24 24 105 28 24 105 105 24 28 24 24 105 24 105 105 24 24 28 28 105 24 28 105 105 24 28 28 105 28 24 105 105 24 28 28 28 105 24 28 24 105 105 28 28 24 105 105 105 105 28 105 105 24 28 28 28 105 24 24 105 24 24 24 105 28 24 28 105 28 105 105 28 24 24 28 105 24 24 24 28 105 24 28 28 105 28 28 24 24 28 28 28 24 28 28 28 28 28 105 24 24 28 24 24 28 24 24 28 24 28 24 28 28 105 28 105 28 24 28 105 28 105 28 28 28 105 105 105 28 28 24 105 28 105 105 24 105 105 105 28 24 28 24 24 24 24 24 24 105 24 105 24 28 24 24 105 24 105 24 28 24 105 28 105 24 105 24 24 28 24 28 28 28 24 105 24 24 28 24 28 105 24 28 105 28 24 28 24 28 28 24 28 28 28 105 105 24 28 24 24 105 28 24 105 24 105 105 28 24 28 24 105 105 105 105 24 24 24 28 24 28 24 105 24 28 28 24 28 105 105 105 28 28 28 105 24 105 105 28 105 105 28 28 105 105 28 24 105 24 28 24 105 105 24 24 28 28 24 105 24 105 24 24 24 24 28 24 24 105 28 24 28 24 105 24 105 28 105 24 28 24 28 24 28 28 105 105 105 24 28 28 28 28 28 105 105 28 105 24 24 28 24 24 105 24 24 105 28 105 28 24 24 28 28 28 105 28 24 24 105 105 28 28 24 28 105 105 28 28 28 105 24 28 24 28 24 28 28 28 105 24 105 105 28 24 28 24 105 28 24 24 28 24 28 24 105 105 24 28 28 105 24 24 24 105 105 24 28 105 105 28 24 24 28 105 105 24 105 105 24 105 28 105 24 28 105 28 24 28 105 24 28 105 24 105 105 105 105 28 28 105 105 24 105 24 24 105 105 28 28 105 28 105 24 28 28 105 105 24 105 105 24 24 105 28 24 105 28 24 105 28 28 24 28 105 24 28 105 28 28 105 24 28 24 105 28 28 105 105 105 28 28 24 105 105 28 24 28 24 28 24 105 24 105 28 105 24 28 24 105 24 24 105 24 105 28 28 24 24 28 24 105 28 24 105 24 24 105 28 28 105 105 28 28 28 105 24 24 28 24 28 105 24 28 28 105 28 24 24 24 105 105 105 24 28 24 105 105 28 24 105 24 24 28 24 105 24 28 105 28 105 105 105 105 24 24 105 105 24 24 28 28 28 24 28 24 105 28 105 105 24 105 24 24 28 24 28 105 24 105 24 28 24 105 105 24 105 28 105 105 105 105 24 24 105 28 24 24 24 24 24 28 24 24 105 28 105 28 105 105 24 28 28 24 105 105 105 24 105 105 28 105 24 28 105 28 24 24 24 105 28 24 105 105 28 24 24 105 24 28 24 24 28 105 24 24 28 28 105 24 105 24 24 24 105 24 28 28 28 28 24 105 28 28 24 24 28 24 28 105 24 28 105 28 24 28 28
362
146 146 146 84 146 84 146 84 84 84 146 84 84 146 146 84 84 84 146 146 84 146 146 84 146 146 146 146 84 84 84 146 84 146 84 146 146 146 146 84 146 146 146 146 146 84 84 146 84 84 84 146 84 146 84 84 84 146 84 146 146 84 146 84 84 84 146 84 146 84 84 146 84 84 146 84 146 84 84 84 146 84 84 84 84 84 84 84 146 146 146 146 146 84 84 84 146 146 146 84 146 146 84 146 146 146 84 146 84 146 84 84 146 146 146 146 84 84 84 146 146 146 146 146 146 84 84 84 84 146 84 146 84 146 146 146 146 84 84 84 84 84 146 146 84 84 84 146 84 84 146 84 146 146 84 146 146 146 146 84 84 146 84 146 146 146 146 146 146 84 146 84 146 146 84 146 146 84 84 146 146 146 84 84 146 146 84 84 146 146 84 84 84 146 146 146 84 84 84 84 146 84 84 84 84 146 84 84 146 84 146 84 84 84 146 146 84 84 84 146 84 146 146 84 84 146 84 146 84 146 84 84 146 84 84 146 146 146 146 84 84 146 84 84 84 146 146 84 84 146 146 146 146 146 146 84 146 146 84 146 84 146 84 84 146 84 146 146 84 146 146 84 84 146 146 84 84 84 84 84 146 84 146 84 84 84 84 146 146 146 146 84 84 84 84 84 84 146 146 146 146 84 146 146 84 84 146 84 146 84 146 146 84 84 84 146 84 84 146 146 146 146 146 84 146 146 146 146 84 146 84 146 146 84 146 84 84 84 146 146 146 146 84 84 84 146 146 146 84 84 84 146 84 146 146 84 146 146 146 84 84 84
979
200 200 200 200 200 200 200 200 200 200 200 200 200 200 200 200 200 200 200 200 200 200 200 200 200 200 200 200 200 200 200 200 200 200 200 200 200 200 200 200 200 200 200 200 200 200 200 200 200 200 200 200 200 200 200 200 200 200 200 200 200 200 200 200 200 200 200 200 200 200 200 200 200 200 200 200 200 200 200 200 200 200 200 200 200 200 200 200 200 200 200 200 200 200 200 200 200 200 200 200 200 200 200 200 200 200 200 200 200 200 200 200 200 200 200 200 200 200 200 200 200 200 200 200 200 200 200 200 200 200 200 200 200 200 200 200 200 200 200 200 200 200 200 200 200 200 200 200 200 200 200 200 200 200 200 200 200 200 200 200 200 200 200 200 200 200 200 200 200 200 200 200 200 200 200 200 200 200 200 200 200 200 200 200 200 200 200 200 200 200 200 200 200 200 200 200 200 200 200 200 200 200 200 200 200 200 200 200 200 200 200 200 200 200 200 200 200 200 200 200 200 200 200 200 200 200 200 200 200 200 200 200 200 200 200 200 200 200 200 200 200 200 200 200 200 200 200 200 200 200 200 200 200 200 200 200 200 200 200 200 200 200 200 200 200 200 200 200 200 200 200 200 200 200 200 200 200 200 200 200 200 200 200 200 200 200 200 200 200 200 200 200 200 200 200 200 200 200 200 200 200 200 200 200 200 200 200 200 200 200 200 200 200 200 200 200 200 200 200 200 200 200 200 200 200 200 200 200 200 200 200 200 200 200 200 200 200 200 200 200 200 200 200 200 200 200 200 200 200 200 200 200 200 200 200 200 200 200 200 200 200 200 200 200 200 200 200 200 200 200 200 200 200 200 200 200 200 200 200 200 200 200 200 200 200 200 200 200 200 200 200 200 200 200 200 200 200 200 200 200 200 200 200 200 200 200 200 200 200 200 200 200 200 200 200 200 200 200 200 200 200 200 200 200 200 200 200 200 200 200 200 200 200 200 200 200 200 200 200 200 200 200 200 200 200 200 200 200 200 200 200 200 200 200 200 200 200 200 200 200 200 200 200 200 200 200 200 200 200 200 200 200 200 200 200 200 200 200 200 200 200 200 200 200 200 200 200 200 200 200 200 200 200 200 200 200 200 200 200 200 200 200 200 200 200 200 200 200 200 200 200 200 200 200 200 200 200 200 200 200 200 200 200 200 200 200 200 200 200 200 200 200 200 200 200 200 200 200 200 200 200 200 200 200 200 200 200 200 200 200 200 200 200 200 200 200 200 200 200 200 200 200 200 200 200 200 200 200 200 200 200 200 200 200 200 200 200 200 200 200 200 200 200 200 200 200 200 200 200 200 200 200 200 200 200 200 200 200 200 200 200 200 200 200 200 200 200 200 200 200 200 200 200 200 200 200 200 200 200 200 200 200 200 200 200 200 200 200 200 200 200 200 200 200 200 200 200 200 200 200 200 200 200 200 200 200 200 200 200 200 200 200 200 200 200 200 200 200 200 200 200 200 200 200 200 200 200 200 200 200 200 200 200 200 200 200 200 200 200 200 200 200 200 200 200 200 200 200 200 200 200 200 200 200 200 200 200 200 200 200 200 200 200 200 200 200 200 200 200 200 200 200 200 200 200 200 200 200 200 200 200 200 200 200 200 200 200 200 200 200 200 200 200 200 200 200 200 200 200 200 200 200 200 200 200 200 200 200 200 200 200 200 200 200 200 200 200 200 200 200 200 200 200 200 200 200 200 200 200 200 200 200 200 200 200 200 200 200 200 200 200 200 200 200 200 200 200 200 200 200 200 200 200 200 200 200 200 200 200 200 200 200 200 200 200 200 200 200 200 200 200 200 200 200 200 200 200 200 200 200 200 200 200 200 200 200 200 200 200 200 200 200 200 200 200 200 200 200 200 200 200 200 200 200 200 200 200 200 200 200 200 200 200 200 200 200 200 200 200 200 200 200 200 200 200 200 200 200 200 200 200 200 200 200 200 200 200 200 200 200 200 200 200 200 200 200 200 200 200 200 200 200 200 200 200 200 200 200 200 200 200 200 200 200 200 200 200 200 200 200 200 200 200 200 200 200 200 200 200 200 200 200 200 200 200 200 200 200 200 200 200 200 200 200 200 200 200 200 200 200 200 200 200 200 200 200 200 200 200 200 200 200 200 200 200 200 200 200 200 200 200 200 200 200 200 200 200 200 200 200 200 200 200 200 200 200 200 200 200
525
116 11 11 11 152 152 116 116 152 11 51 152 116 51 152 51 11 116 51 51 116 152 116 152 152 11 116 11 116 11 152 11 51 116 51 11 152 152 11 11 51 51 51 152 152 152 51 51 51 152 116 11 116 51 51 51 51 152 152 11 152 116 116 152 51 11 116 51 11 51 11 11 11 11 11 51 116 11 11 152 152 116 152 51 152 51 116 11 116 116 51 11 152 11 51 11 51 116 152 116 51 11 11 152 152 51 116 152 51 116 116 152 11 152 11 11 152 152 11 152 116 116 11 152 51 152 116 116 152 11 116 11 51 152 116 152 11 11 11 51 152 116 51 116 152 51 11 51 11 152 116 152 152 116 152 152 152 152 116 116 51 51 116 152 51 116 51 11 11 11 51 51 51 51 51 51 152 11 152 116 116 116 51 11 116 51 51 116 152 116 152 51 51 152 51 152 152 11 116 11 152 51 11 51 152 116 152 152 152 51 11 116 116 51 11 51 51 51 51 51 11 116 11 152 51 11 11 116 152 152 11 152 11 51 51 11 11 11 116 11 152 116 152 51 51 152 116 11 152 152 51 51 116 152 11 152 51 152 116 152 51 152 116 51 116 51 116 51 51 51 51 152 116 51 11 51 116 51 11 152 11 116 116 152 116 116 152 51 152 116 152 152 11 152 116 51 116 51 116 51 116 152 152 152 116 11 152 152 51 152 152 51 116 11 11 116 116 116 11 152 51 116 116 11 51 116 116 51 51 152 116 116 152 11 11 152 51 51 51 51 11 152 116 51 51 51 51 152 51 51 152 152 51 116 152 116 152 11 51 11 116 152 51 152 51 116 11 11 152 11 152 116 116 51 152 152 11 116 152 116 11 11 116 152 116 11 152 116 116 116 51 152 116 152 152 11 116 51 152 51 51 11 51 51 116 51 152 152 116 51 152 152 152 152 152 152 152 116 51 51 11 116 152 116 11 51 116 116 116 11 11 51 51 51 116 51 11 152 116 51 116 51 51 152 116 152 152 116 11 51 11 51 152 116 152 116 152 152 116 152 152 51 51 116 11 152 152 116 116 11 11 11 11 152 51 51 116 51 51 51 11 11 51 116 11 116 152 152 116 152 152 116 51 152 11 51 11 11 11 152 152 152 116 11 152 51 11 116 51 152 152 152 116 11 116 116 51 51 152 11 116 116 11 11 11
261
184 184 36 129 184 184 129 36 36 115 184 36 184 115 115 184 129 129 36 184 129 115 129 115 36 129 129 115 115 129 36 184 115 129 36 36 184 36 36 115 115 184 184 115 129 115 36 36 184 36 129 184 129 129 129 184 184 115 115 36 184 184 36 36 36 129 129 129 36 115 115 36 184 184 115 115 184 115 129 36 36 129 36 129 184 129 36 184 36 115 115 129 184 36 36 184 129 129 129 36 129 129 36 129 129 184 115 36 129 184 115 184 36 115 36 129 129 184 36 36 36 129 129 115 115 36 36 184 36 115 115 184 36 129 115 184 115 36 36 184 184 129 115 129 36 184 184 129 115 115 184 36 115 184 129 129 36 36 36 115 184 36 184 36 36 129 36 129 129 115 36 36 115 184 184 129 129 36 36 36 184 36 115 129 115 184 36 184 115 184 184 184 129 184 184 184 36 115 115 115 129 36 36 36 129 36 36 184 115 36 184 184 36 115 184 184 36 184 129 129 129 115 115 129 184 115 36 36 36 184 115 36 129 184 184 36 184 184 115 184 115 184 184 36 129 115 129 36 115 184 184 129 129 129 129 115 184 115 129 184 115
345
75 17 75 17 75 75 75 75 17 17 75 17 17 75 17 75 75 17 75 17 75 75 17 17 17 17 17 75 75 75 17 75 17 75 75 75 75 17 17 75 17 17 17 17 75 17 17 75 17 75 75 17 17 17 75 17 17 17 17 75 17 17 17 75 75 17 75 75 75 75 17 75 17 75 75 75 75 75 17 17 17 75 17 17 75 75 17 75 75 75 17 17 75 17 75 17 17 75 17 75 17 17 17 17 17 17 75 75 17 75 75 17 75 17 75 75 75 75 75 75 75 75 17 75 75 17 17 75 17 75 75 17 17 17 17 75 17 75 75 75 17 75 75 17 17 75 17 75 75 17 17 75 17 17 17 75 75 17 75 75 75 17 17 17 17 17 17 17 75 17 17 17 17 17 75 75 17 75 17 75 75 75 17 17 75 75 17 75 75 17 17 17 17 75 75 17 75 17 17 17 17 17 17 17 17 17 17 17 17 17 17 75 17 17 75 17 17 75 17 75 17 75 75 75 75 75 17 75 75 75 75 17 75 75 75 17 75 75 75 17 17 17 17 75 75 17 75 17 75 17 17 75 75 17 17 75 17 75 17 17 17 75 75 17 75 75 17 17 75 75 75 75 17 75 75 17 75 75 75 75 75 17 75 75 75 17 75 75 75 75 75 75 75 75 17 17 75 75 75 75 17 17 75 17 17 75 75 17 75 75 75 75 17 75 17 75 75 17 75 75 75 75 17 75 75 17 75 17 75 75 17 75 17 17 75 17 75 75 75 17 17 17 75 17 17
601
119 97 168 58 20 189 177 80 28 185 52 168 21 130 147 38 16 100 46 29 199 83 90 74 53 176 164 60 166 38 58 114 4 67 1 106 117 152 138 161 13 40 75 124 21 71 97 197 16 138 164 168 17 109 136 117 160 166 75 66 66 115 58 28 136 75 180 6 88 190 199 104 3 175 200 26 159 173 60 16 111 169 68 6 116 50 161 18 142 35 180 57 165 181 146 179 4 119 137 50 103 149 198 192 180 103 185 23 139 3 83 103 62 193 40 57 74 180 97 22 103 77 91 176 185 7 98 167 21 169 180 150 20 29 162 102 93 116 72 163 154 20 139 184 138 29 57 173 185 122 126 111 168 194 122 67 26 172 149 181 116 171 161 134 69 136 62 95 101 146 11 31 81 200 44 108 107 199 118 160 14 200 50 169 124 140 30 181 170 25 150 150 141 8 2 6 122 129 183 103 183 78 88 168 192 92 104 81 32 61 33 48 179 178 154 8 182 104 115 165 104 152 95 142 18 110 117 103 87 15 23 109 124 93 162 123 86 111 92 153 45 69 76 135 109 97 157 124 118 166 57 100 151 190 106 105 174 27 117 32 110 148 13 3 133 5 29 45 191 160 119 1 57 40 21 148 182 105 73 187 16 184 153 146 171 137 149 153 126 57 68 131 43 48 20 35 13 31 32 58 113 34 17 94 126 113 70 185 96 187 132 42 31 13 149 42 43 76 70 164 8 45 84 144 144 175 38 94 42 3 157 15 49 173 115 66 81 38 16 1 1 101 78 128 188 67 81 133 32 79 7 185 183 186 68 61 175 12 157 113 66 167 155 72 128 164 12 143 21 47 198 18 166 53 144 40 73 85 0 77 121 137 185 50 84 176 141 15 78 44 105 75 133 92 114 181 44 133 163 148 117 157 82 26 136 20 148 195 147 171 82 24 114 149 136 76 34 48 44 102 24 22 96 83 166 147 193 190 89 149 85 110 2 122 192 107 164 170 51 188 122 46 96 179 171 30 73 74 122 127 108 68 32 71 19 167 86 133 9 68 45 197 166 40 142 121 130 163 41 5 138 60 119 114 115 191 165 181 74 148 96 134 69 168 22 136 13 78 149 35 29 37 102 117 125 198 30 138 20 86 24 87 11 25 145 133 139 0 15 24 33 193 181 16 89 75 3 114 165 26 126 178 108 143 74 26 127 117 145 125 59 8 115 84 3 139 144 180 130 3 167 154 4 52 23 74 107 89 55 188 77 59 71 106 80 67 112 87 198 165 17 187 108 92 144 19 158 13 80 58 186 171 182 134 199 68 61 81 169 73 64 43 15 108 77 10 194 68 76 24 98 183 71 58 164 139 140 177 199 175 55
474
50 108 108 199 137 50 199 199 137 199 137 108 199 137 152 199 108 199 50 199 152 137 137 50 50 50 152 152 50 199 108 137 50 199 199 199 152 152 108 50 108 137 108 137 152 137 199 50 199 199 199 50 137 152 50 108 108 137 137 108 152 50 137 152 199 50 108 108 137 199 137 152 199 152 152 137 137 137 199 137 199 152 137 50 199 137 152 152 108 199 108 152 108 137 152 50 152 199 108 108 199 108 108 199 152 152 108 137 50 50 108 108 108 50 137 137 199 137 137 199 199 152 137 50 50 199 108 50 152 152 108 137 137 137 50 137 152 50 152 50 152 137 50 108 137 152 108 137 108 50 199 50 108 137 152 152 137 152 152 50 152 152 199 137 137 137 137 152 152 50 152 152 50 50 199 199 152 137 108 108 108 152 152 199 108 50 50 137 152 108 108 50 199 108 199 137 199 50 50 108 108 50 50 137 50 137 137 199 137 152 199 137 199 199 50 108 152 108 50 108 137 152 137 108 108 152 108 199 199 137 108 137 50 50 137 50 199 137 199 199 50 108 152 199 152 152 199 199 50 152 50 108 50 137 108 137 108 108 50 137 50 137 137 50 50 50 137 152 199 199 199 152 152 108 108 50 152 108 199 199 137 137 199 50 108 50 50 108 199 199 199 108 199 137 50 108 152 199 50 199 152 137 199 199 137 108 137 199 199 108 199 50 50 137 199 199 152 50 199 50 137 199 50 152 108 199 137 199 50 50 108 50 199 152 152 108 199 152 199 199 108 199 152 199 137 108 152 152 199 152 137 152 199 199 152 152 137 108 108 137 108 108 199 50 50 108 50 50 50 199 108 152 137 50 152 108 108 199 137 50 152 199 50 50 108 137 199 152 137 108 137 199 199 199 137 199 108 199 108 199 137 199 137 108 50 152 108 152 199 199 199 108 199 50 50 50 50 50 137 108 50 137 137 152 50 108 50 199 152 108 108 50 137 199 108 108 50 152 137 199 152 152 199 152 152 108 137 152 199 108 108 108 199 137 199 50 108 108 152 199 199 137 50 108 50 137 50 152 152 199 108 50 152 50
239
200 200 200 200 200 200 200 200 200 200 200 200 200 200 200 200 200 200 200 200 200 200 200 200 200 200 200 200 200 200 200 200 200 200 200 200 200 200 200 200 200 200 200 200 200 200 200 200 200 200 200 200 200 200 200 200 200 200 200 200 200 200 200 200 200 200 200 200 200 200 200 200 200 200 200 200 200 200 200 200 200 200 200 200 200 200 200 200 200 200 200 200 200 200 200 200 200 200 200 200 200 200 200 200 200 200 200 200 200 200 200 200 200 200 200 200 200 200 200 200 200 200 200 200 200 200 200 200 200 200 200 200 200 200 200 200 200 200 200 200 200 200 200 200 200 200 200 200 200 200 200 200 200 200 200 200 200 200 200 200 200 200 200 200 200 200 200 200 200 200 200 200 200 200 200 200 200 200 200 200 200 200 200 200 200 200 200 200 200 200 200 200 200 200 200 200 200 200 200 200 200 200 200 200 200 200 200 200 200 200 200 200 200 200 200 200 200 200 200 200 200 200 200 200 200 200 200 200 200 200 200 200 200 200 200 200 200 200 200
284
3 3 5 16 0 2 17 2 10 14 8 7 18 9 9 17 12 11 13 16 9 10 6 13 18 18 6 3 20 14 1 15 12 12 11 20 1 4 0 15 11 2 15 0 1 16 13 1 13 2 20 18 5 8 16 3 20 0 3 20 6 9 4 8 18 0 8 0 7 0 14 2 18 4 3 4 11 17 14 8 19 15 5 4 2 7 9 18 2 9 4 17 5 1 14 4 2 18 18 15 15 9 20 0 12 10 8 11 4 14 18 16 7 14 14 12 18 6 4 8 17 17 17 18 10 1 17 12 2 17 19 5 17 17 18 9 15 4 12 15 15 15 7 19 2 17 17 0 2 2 13 13 14 12 9 2 0 19 4 15 2 0 1 4 19 10 18 13 9 12 0 19 19 6 3 8 19 20 17 19 0 18 3 10 6 6 9 8 5 4 8 5 9 20 11 3 14 12 19 4 9 10 15 7 15 11 1 5 10 9 15 3 9 18 1 1 1 17 17 18 11 6 16 12 6 7 7 15 16 18 15 15 20 2 2 17 19 5 12 14 12 9 7 3 1 15 18 9 0 16 17 18 4 14 7 14 20 20 4 5 12 20 14 15 2 20 5 15 15 15 0 6 12 20 8 14 13 14 16 12 13 8 15 8
483
199 26 40 155 198 118 175 87 109 53 34 72 128 45 32 57 72 174 88 68 158 34 53 110 5 89 189 43 41 35 125 123 187 104 62 180 49 140 197 181 55 132 101 137 48 103 2 25 107 3 20 84 130 62 32 86 55 180 55 146 115 182 100 16 182 105 182 128 8 75 39 141 188 80 113 195 6 128 7 87 195 198 78 192 147 98 159 71 53 53 193 110 198 94 11 82 164 90 119 8 189 152 168 2 77 148 104 86 29 77 156 132 192 153 52 24 72 134 182 84 144 191 17 179 149 37 137 172 37 151 58 158 78 181 83 158 32 13 168 38 100 103 33 68 103 33 119 32 153 145 180 188 57 31 95 41 153 10 112 165 135 97 48 175 156 52 71 23 151 58 198 55 32 190 142 22 61 182 95 75 133 62 99 125 18 85 99 137 94 56 71 6 129 176 176 83 141 5 68 143 174 75 76 93 65 47 185 37 154 23 170 177 181 166 3 75 64 97 200 45 116 182 77 139 108 177 89 17 169 164 184 143 39 184 22 4 12 38 66 107 175 110 181 35 176 63 159 28 39 7 6 182 158 13 165 80 153 150 80 141 76 161 7 48 89 175 175 9 191 152 18 182 131 9 61 125 93 26 35 105 31 92 109 112 20 63 145 72 108 152 95 51 32 28 8 11 85 102 80 163 171 135 8 89 173 79 81 82 188 193 51 23 167 15 128 51 112 111 144 3 154 143 151 194 71 90 117 24 96 161 73 21 52 67 81 76 153 35 86 185 197 58 35 12 125 132 180 162 46 35 46 47 60 108 56 76 12 36 155 198 44 45 30 3 116 113 77 167 139 16 82 41 42 108 99 135 62 191 116 149 167 97 28 146 11 108 160 0 48 108 115 98 33 30 73 104 67 120 14 136 154 193 144 173 111 40 93 106 71 138 2 43 43 79 106 86 183 30 187 184 143 6 126 85 6 199 22 66 101 199 187 3 177 168 18 66 134 87 80 2 4 8 194 16 128 51 179 19 142 42 162 145 178 2 170 109 107 112 179 51 194 189 79 148 87 7 1 88 162 149 173 57 48 146 167 195 84 177 113 36 76 171 11
909
0 200 71 65 72 102 83 54 96 52 103 95 66 99 116 71 57 87 105 52 66 60 86 107 78 102 117 86 95 92 50 72 83 78 120 108 52 103 57 81 82 54 91 77 81 93 66 108 66 113 114 52 67 75 100 64 108 75 73 89 118 100 88 117 94 100 104 111 53 62 99 65 83 95 95 72 72 76 97 90 101 117 106 62 118 107 78 51 107 113 65 83 109 82 94 65 51 112 118 82 60 117 84 108 100 108 120 56 54 63 76 70 64 71 90 72 96 77 91 54 105 98 105 95 67 82 98 89 62 115 93 78 68 50 104 113 111 89 101 101 62 66 100 52 98 87 118 112 88 96 79 71 110 57 67 88 63 71 100 58 55 101 97 93 63 73 92 72 74 68 61 53 64 70 108 89 100 87 89 111 110 107 55 106 94 68 90 93 116 79 52 103 79 61 96 60 96 68 50 119 82 64 71 54 50 91 55 55 80 73 95 119 70 56 53 57 116 113 69 94 68 72 101 60 93 65 111 107 90 52 78 96 91 93 114 62 62 96 81 81 98 101 120 51 91 80 119 83 52 61 58 102 113 71 78 80 92 86 116 72 92 117 91 89 57 106 58 87 62 91 90 71 111 100 84 76 81 94 107 82 114 55 109 118 84 79 78 104 77 105 80 53 84 111 93 93 50 89 72 65 115 94 84 83 96 103 94 69 77 52 93 93 90 64 93 67 96 65 69 63 82 98 71 62 114 80 105 81 103 71 106 94 85 103 94 94 82 78 56 59 57 78 120 74 54 90 70 71 110 95 93 90 64 111 102 109 62 74 80 74 52 103 73 109 97 93 51 113 51 61 102 117 82 108 95 95 63 57 56 55 98 110 117 58 53 76 92 88 54 113 75 62 95 84 80 86 113 88 113 64 92 67 94 89 73 108 111 116 66 69 108 57 75 92 53 67 75 108 96 95 96 83 70 69 71 93 63 86 66 99 55 84 75 82 63 62 108 74 75 52 63 111 66 100 103 108 91 60 117 90 103 68 60 108 110 60 95 77 56 50 59 94 95 97 106 106 89 83 59 110 58 68 56 56 72 112 104 68 61 92 109 98 94 96 79 102 118 50 66 89 54 101 65 66 83 96 102 53 67 83 91 60 88 78 120 97 97 74 65 54 106 95 87 94 99 111 52 67 55 66 60 91 84 94 54 111 115 109 67 114 91 94 71 79 88 86 85 106 102 95 98 62 58 115 84 77 109 97 84 64 90 60 81 86 61 101 111 101 100 53 73 85 97 56 60 104 66 111 82 62 63 117 50 55 79 102 119 64 79 120 78 102 116 91 109 52 70 63 82 77 51 82 84 82 115 53 104 72 51 85 79 56 54 96 50 108 92 108 94 69 99 115 86 119 83 95 64 50 113 57 97 52 94 88 60 50 96 88 79 111 60 67 101 79 61 81 95 93 79 94 94 83 102 114 59 94 85 85 61 78 57 93 74 88 87 83 72 60 95 68 113 82 104 66 72 63 116 88 60 111 117 109 79 50 58 73 59 69 93 79 69 81 113 86 101 90 77 76 85 64 66 83 86 119 110 51 94 111 88 50 92 51 91 105 81 117 90 118 81 53 50 118 85 97 90 66 65 83 92 120 99 89 105 97 77 97 109 88 80 107 67 99 103 94 76 85 111 99 105 83 117 85 55 82 54 110 105 98 99 98 112 54 77 110 82 73 68 54 71 72 87 114 83 63 77 109 87 73 103 115 79 89 52 67 100 82 93 95 113 102 93 114 103 119 103 52 85 93 106 84 99 104 119 76 71 72 98 72 64 108 56 96 98 94 89 114 112 109 119 96 92 92 78 55 106 54 84 101 103 93 105 100 84 95 111 80 64 119 97 58 72 71 105 64 120 75 120 76 90 66 111 50 87 53 58 69 95 107 91 78 108 120 53 61 106 81 60 91 70 79 99 51 120 56 53 78 79 117 62 96 57 75 57 109 96 54 81 61 61 78 75 75 77 101 97 73 64 109 79 118 61 51 64 97 58 84 94 108 110 95 79 74 98 82 74 96 105 70 200
138
200 200 200 200 200 200 200 200 200 200 200 200 200 200 200 200 200 200 200 200 200 200 200 200 200 200 200 200 200 200 200 200 200 200 200 200 200 200 200 200 200 200 200 200 200 200 200 200 200 200 200 200 200 200 200 200 200 200 200 200 200 200 200 200 200 200 200 200 200 200 200 200 200 200 200 200 200 200 200 200 200 200 200 200 200 200 200 200 200 200 200 200 200 200 200 200 200 200 200 200 200 200 200 200 200 200 200 200 200 200 200 200 200 200 200 200 200 200 200 200 200 200 200 200 200 200 200 200 200 200 200 200 200 200 200 200 200 200
871
101 45 101 101 45 115 101 115 101 45 45 115 45 45 64 115 64 45 115 115 115 101 64 101 64 115 115 55 64 64 101 101 64 45 101 115 101 115 55 55 115 64 101 101 55 101 55 101 64 55 64 115 55 55 64 101 45 101 101 64 45 64 101 55 55 115 55 101 64 55 45 45 64 101 101 101 115 45 115 64 115 64 64 101 55 115 55 115 115 115 64 45 64 115 101 115 64 115 64 64 64 64 64 55 64 55 101 45 101 115 101 101 55 45 64 45 64 115 45 64 64 115 55 115 55 101 55 64 45 64 55 101 55 55 101 55 101 45 64 101 64 45 115 64 115 45 64 115 45 115 55 64 55 101 55 101 64 115 55 55 45 101 101 64 45 115 55 115 115 55 115 64 101 101 55 45 101 64 115 101 55 55 101 101 45 64 64 55 64 55 115 101 115 101 115 115 101 45 115 101 45 64 101 101 101 64 64 55 115 64 64 55 101 101 101 55 101 64 101 101 45 64 101 55 101 45 115 115 64 115 115 101 64 64 64 45 101 45 45 64 115 55 101 45 55 45 55 115 101 55 55 55 115 115 115 55 64 115 55 64 64 101 55 55 64 64 64 101 64 115 115 101 101 64 55 64 45 45 45 45 64 101 64 115 64 101 101 115 64 101 64 64 64 45 64 101 55 64 55 45 55 64 115 64 45 64 45 64 115 55 64 64 64 55 45 45 101 64 64 64 101 55 64 55 115 64 45 64 115 55 64 64 45 64 55 101 45 115 101 64 64 45 115 45 45 64 45 64 64 115 115 55 55 55 64 45 101 45 64 45 64 64 45 115 55 55 64 115 55 55 101 101 45 115 115 55 45 64 55 101 101 64 101 101 101 55 115 55 115 45 64 55 101 45 45 115 115 64 115 115 115 45 45 45 45 64 101 101 115 115 45 101 64 115 115 45 115 64 101 101 115 101 55 55 64 101 64 64 101 55 115 55 64 115 115 64 101 55 64 64 45 115 64 64 101 101 64 55 115 55 64 55 55 55 45 45 45 101 115 101 101 55 115 101 45 101 64 45 45 101 45 115 64 101 45 101 64 55 64 55 101 64 45 55 115 101 55 101 115 115 101 115 45 55 115 55 64 45 101 45 115 64 55 101 101 55 115 64 45 115 64 64 64 55 101 45 64 64 55 101 115 45 64 64 64 115 101 101 115 101 64 45 115 64 45 115 55 45 64 55 45 45 101 101 101 45 101 55 101 101 45 64 64 64 45 45 45 64 45 115 101 101 55 101 115 64 64 115 45 115 55 115 115 115 115 55 64 64 101 55 45 55 115 64 64 45 45 55 101 55 55 55 55 64 101 115 101 115 64 115 101 101 45 115 45 64 64 101 64 115 101 55 55 115 64 45 45 64 64 45 55 64 101 101 45 101 64 115 55 64 45 64 101 45 64 45 115 45 55 115 55 115 45 45 64 64 115 55 45 55 64 115 45 64 115 115 45 64 45 64 115 115 115 101 64 55 101 115 64 55 45 115 55 64 64 55 45 55 55 115 55 64 55 45 101 64 115 115 64 64 115 45 115 64 45 45 101 55 101 64 101 115 101 101 101 64 101 64 64 45 101 115 115 55 55 115 45 101 64 115 45 64 55 55 115 45 55 101 55 115 55 64 45 45 115 64 64 55 45 101 45 45 45 115 101 64 64 64 55 115 64 55 64 101 101 64 101 55 64 115 64 64 101 101 64 115 115 101 64 45 55 55 55 55 45 45 45 115 45 64 115 45 101 101 115 45 101 45 115 115 45 45 55 55 115 64 101 45 45 64 55 64 115 55 115 101 115 64 64 64 55 101 101 115 64 64 115 55 55 55 55 55 64 45 55 55 64 101 101 115 45 55 64 45 55 101 55 45 64 115 101 101 64 55 55 64 101 64 115 115 115 115 45 45 45 101 101 55 64 64 55 64 115 64 45 55 55 115 55 45 101
729
0 200 54 98 87 93 88 89 100 51 62 59 77 112 72 50 111 60 55 76 93 60 77 71 82 112 99 71 53 80 103 55 58 71 80 61 106 63 71 112 109 112 68 74 91 84 55 73 72 67 68 61 77 61 94 120 70 82 76 95 65 93 89 77 106 69 79 88 80 104 50 113 66 57 67 67 96 108 66 55 50 102 59 89 81 108 109 92 94 56 76 109 115 76 95 76 77 58 107 90 77 76 98 106 61 66 83 58 92 112 86 90 74 103 104 118 94 62 107 67 78 89 100 120 110 69 102 119 78 65 79 79 84 65 72 79 103 63 80 111 60 91 80 79 120 59 83 69 50 95 105 65 90 106 78 72 107 112 113 61 101 89 120 81 88 63 60 54 93 53 96 119 83 55 107 73 72 72 73 120 103 114 110 74 58 80 92 85 63 112 87 59 120 50 83 101 77 118 120 99 117 118 117 85 104 62 90 51 111 76 102 119 56 60 97 80 101 75 114 92 99 118 105 59 92 88 97 65 70 68 95 94 64 100 97 75 72 59 99 102 68 100 60 77 50 72 98 88 106 90 120 69 88 87 112 63 78 101 62 75 102 115 119 88 96 114 110 96 79 109 84 78 96 86 58 59 52 50 60 87 61 70 114 102 113 104 62 113 83 70 98 91 109 92 116 102 66 51 94 78 66 52 64 91 85 93 72 87 64 111 81 102 52 114 85 88 98 116 79 83 93 61 106 74 62 89 58 65 101 89 103 65 54 99 118 112 104 84 85 113 57 73 60 94 77 54 70 106 77 78 65 61 65 94 85 95 82 74 56 74 103 103 106 66 68 99 110 82 111 93 55 95 54 54 78 53 107 91 87 72 74 50 101 78 65 62 78 90 95 108 78 98 90 82 94 91 89 113 86 66 94 63 98 83 91 72 51 59 60 64 87 109 108 114 105 56 51 85 53 52 53 59 71 75 110 56 96 76 67 65 101 95 66 109 113 79 112 117 82 86 61 107 116 54 54 56 66 108 66 107 70 109 114 56 97 89 53 58 66 118 52 88 92 67 89 114 91 54 58 104 106 106 95 68 81 66 62 113 55 73 88 118 65 84 80 82 89 100 117 86 52 92 96 86 52 54 75 80 93 113 72 120 104 57 117 93 117 87 83 73 87 100 55 116 54 98 87 55 104 59 118 98 73 114 115 98 79 66 108 112 108 105 108 94 81 89 80 108 102 55 85 79 103 107 106 109 82 118 52 74 63 106 59 74 106 109 100 118 93 60 63 73 66 83 104 87 106 99 115 108 83 55 120 101 89 74 55 95 84 83 55 73 115 112 86 115 82 116 119 65 63 92 115 113 118 64 118 118 54 114 56 82 91 82 70 75 96 76 88 91 103 67 75 105 91 105 52 55 76 58 111 108 64 82 60 78 62 120 102 90 89 111 108 101 78 72 61 117 64 118 114 86 106 115 103 88 77 57 109 69 94 106 60 59 87 110 66 106 84 80 55 92 71 80 78 92 107 67 97 71 72 114 112 81 72 75 90 66 91 51 98 91 97 90 77 86 107 118 86 82 107 112 109 63 78 92 109 109 94 103 112 105 118 118 71 81 64 77 106 73 100 90 87 60 88 115 104 91 59 84 57 51 101 53 102 84 106 117 200
86
117 23 115 97 22 151 122 121 50 45 56 65 199 89 182 120 150 110 157 177 130 40 175 132 136 147 174 31 35 27 187 87 93 128 84 153 144 33 83 57 11 46 92 116 28 177 127 183 82 14 149 90 12 80 123 43 107 24 192 87 184 114 196 2 162 100 74 52 176 65 150 130 46 193 194 52 190 90 52 98 73 146 62 14 131 121
834
154 160 154 160 154 154 160 154 154 160 160 154 160 154 154 154 154 154 154 154 160 154 160 160 154 160 160 154 160 154 154 160 160 160 160 160 154 160 154 160 154 154 160 160 154 154 154 160 160 160 154 154 160 160 154 154 160 160 154 154 154 154 154 154 160 160 154 154 160 154 154 160 160 154 160 154 160 154 154 160 160 154 160 160 154 160 160 160 160 154 154 160 154 154 154 154 160 160 160 154 154 160 160 160 160 160 160 160 154 154 154 154 154 154 154 160 154 160 154 154 154 160 154 160 160 154 160 160 160 154 160 160 154 154 160 154 160 160 154 160 160 160 154 154 160 154 154 154 154 160 154 154 154 160 154 160 154 154 160 160 154 160 154 160 160 160 160 154 154 160 160 154 160 160 154 154 154 154 154 154 160 160 160 160 154 160 160 160 160 154 154 160 160 154 154 154 160 154 160 154 160 160 160 154 160 160 160 160 160 160 154 154 154 160 154 160 154 154 160 154 160 160 160 160 154 154 154 160 160 154 160 160 160 160 160 160 160 154 154 154 160 154 154 154 154 160 160 154 160 154 160 160 154 160 154 160 154 154 154 154 154 160 154 154 154 160 154 154 160 154 154 154 154 154 160 160 154 154 160 160 154 154 154 160 160 154 154 160 154 160 154 154 154 160 154 160 160 160 160 160 154 160 154 160 154 160 154 154 154 160 160 154 154 154 154 154 154 154 160 154 154 160 160 160 160 160 154 160 160 160 160 160 154 160 160 160 154 160 154 160 154 154 154 154 160 154 154 154 160 160 154 154 154 154 154 154 160 154 154 154 160 160 160 160 154 160 154 154 160 154 160 160 154 154 160 154 160 154 160 160 154 160 154 160 160 160 160 154 154 154 154 154 160 160 154 154 160 160 160 154 154 154 154 160 160 154 160 154 154 160 154 154 154 154 154 160 154 154 160 154 154 160 154 160 160 160 160 160 154 160 154 160 154 154 160 154 154 154 154 154 160 154 154 154 154 160 160 160 154 154 154 160 160 160 160 154 160 160 160 154 154 160 154 154 160 154 154 154 154 160 154 160 160 160 154 160 154 154 160 154 160 154 160 160 154 160 154 154 160 154 154 154 154 154 160 154 154 160 154 154 160 154 154 154 160 160 160 154 154 160 154 154 160 154 154 154 154 160 154 154 154 154 160 160 160 160 154 160 154 160 154 160 160 154 154 160 160 160 154 160 160 160 154 160 160 160 160 154 154 160 160 160 154 160 160 154 160 160 160 154 154 154 154 154 160 154 160 154 154 160 160 160 160 160 154 154 160 154 160 160 154 154 160 160 160 160 154 160 160 154 160 154 154 154 154 154 160 160 160 154 160 154 154 154 160 154 154 154 160 154 160 154 154 154 154 160 154 160 160 154 154 160 160 154 160 154 154 160 154 154 160 160 154 160 154 160 160 154 154 154 160 154 160 160 154 154 160 154 160 154 154 160 160 160 160 160 154 154 154 160 154 154 160 154 160 154 160 154 160 154 160 160 160 160 154 160 160 154 160 154 154 160 154 154 160 154 154 160 160 154 154 160 154 154 160 160 154 154 154 160 160 154 154 160 154 154 160 154 160 154 154 160 160 154 160 154 160 154 160 154 154 160 154 160 154 154 154 154 154 160 160 154 154 154 154 154 160 154 154 160 154 160 160 160 154 160 154 154 160 160 154 160 160 154 160 154 154 160 160 160 154 154 154 154 160 160 160 154 154 160 160 154 160 154 154 154 154 154 160 160 160 160 154 160 154 154 160 160 154 154 160 154 160 160 154 154 154 160 160 160 154 154 160 160 154 160 160 154 154 160 154 154 154 160 154 154 154 154 154 160 160 160 154 160 160 160 160 154 160 154 154 154 160 160
643
13 8 1 12 19 13 20 7 9 19 3 6 9 13 17 18 9 12 18 10 11 13 10 18 18 18 7 14 11 19 0 19 15 2 4 16 4 8 12 13 18 13 9 14 3 14 19 5 5 0 8 18 3 9 12 3 0 15 2 20 7 11 18 11 10 10 19 15 8 5 13 14 6 14 6 1 3 16 9 17 2 10 17 14 6 9 18 16 2 6 19 19 11 18 15 8 10 6 0 9 19 10 16 1 19 15 10 4 14 13 5 7 8 3 0 15 13 16 5 14 5 2 14 7 17 20 17 7 5 9 4 5 10 17 18 7 11 16 3 0 16 2 20 3 13 17 0 20 9 17 9 8 6 18 13 19 13 11 7 17 0 13 3 8 14 20 16 11 9 2 5 8 7 4 19 12 16 2 16 12 18 12 17 13 2 5 19 6 4 10 2 9 13 2 20 11 4 17 5 0 0 8 17 5 9 3 10 1 1 9 9 7 13 5 8 14 15 5 3 18 1 8 8 6 9 13 15 9 7 10 19 2 3 18 16 8 9 20 16 20 20 6 9 15 6 7 16 1 13 13 1 4 8 11 9 17 9 5 19 4 1 14 11 4 0 17 10 14 16 7 2 13 1 10 5 2 18 19 6 15 14 2 7 10 11 13 7 16 15 2 3 0 9 11 17 4 7 4 13 20 1 20 0 12 7 5 20 18 2 6 2 19 5 14 7 11 20 2 18 6 17 5 5 11 19 3 13 9 18 15 20 20 1 15 4 14 16 4 3 14 0 3 1 11 18 17 0 4 17 2 7 9 6 7 12 1 6 11 17 14 11 16 2 6 7 2 14 6 5 20 10 4 16 20 17 14 16 16 6 18 19 2 5 0 19 14 20 13 11 4 19 7 7 12 1 0 8 2 1 13 12 13 13 2 11 8 16 15 16 1 14 9 13 6 10 6 17 1 11 19 7 12 1 18 10 19 0 4 14 11 20 4 17 6 8 7 16 12 1 8 16 18 10 0 1 11 9 0 12 13 10 7 6 7 12 15 12 15 14 13 5 14 17 9 0 9 11 18 16 5 17 3 9 5 7 16 16 1 13 2 14 4 6 20 1 15 11 15 7 2 18 10 11 15 13 5 19 20 16 19 5 4 12 11 8 6 11 6 6 8 20 11 14 19 15 8 8 7 5 14 18 9 8 9 10 20 17 17 9 10 19 0 8 11 9 4 7 8 20 7 19 17 4 7 14 8 14 4 10 16 12 16 14 8 13 17 11 20 17 16 6 2 20 16 18 19 4 6 1 8 7 9 9 5 12 18 14 15 2 1 18 3 1 4 7 5 18 17 14 1 12 0 20 4 7 5 0 2 15 4 0 13 13 12 8 15 18 6 16 0 2 20 20 12 13 8 12 0 8 4 7 17 16 12 19 16 13 1 8 5 20 1 9 16 11 14 17 2 10 17 2 5 18
840
4 5 13 7 6 16 9 4 3 15 6 15 15 5 19 3 15 19 10 6 5 4 11 16 8 14 5 9 15 4 10 5 17 0 18 2 18 17 12 4 11 1 19 7 14 19 18 5 7 13 3 9 1 3 11 15 1 6 10 9 6 0 19 4 18 5 0 7 9 5 16 12 2 11 11 19 9 3 4 19 6 1 2 11 19 4 11 17 18 2 16 1 9 16 8 10 11 10 2 14 11 17 7 15 13 13 8 5 3 1 0 10 2 20 2 2 16 3 20 8 8 7 13 17 18 17 7 13 10 0 20 0 0 16 20 14 20 18 11 7 6 11 6 3 9 3 7 8 20 12 3 9 2 13 9 14 7 14 18 3 13 3 9 19 15 8 20 4 20 9 9 16 2 4 16 5 17 0 20 18 11 18 8 4 4 19 18 3 14 19 0 7 7 15 18 0 11 1 7 13 5 7 17 13 11 7 3 8 1 6 1 12 8 16 2 2 16 5 4 4 16 11 13 18 18 3 11 4 9 18 3 3 12 0 13 14 9 0 18 18 0 15 15 6 16 16 15 8 19 5 0 4 19 3 11 0 3 20 7 6 16 1 7 12 9 11 18 6 3 16 11 12 5 15 10 11 3 15 2 14 12 6 11 13 16 20 13 7 7 2 5 8 9 9 16 1 1 12 5 6 0 5 20 13 11 1 9 3 1 2 1 8 11 11 9 14 16 15 19 12 12 20 16 1 15 12 6 3 9 3 9 7 6 1 7 8 10 19 5 12 15 13 1 12 11 3 6 2 17 8 7 6 0 19 19 6 6 8 14 17 8 12 5 7 4 1 16 6 2 4 8 5 20 8 13 3 10 17 0 14 18 0 4 3 11 13 0 20 11 4 10 16 6 7 1 13 1 14 16 1 16 0 11 5 9 10 7 10 14 13 14 14 6 5 2 6 4 5 14 4 19 11 19 9 10 3 16 13 5 14 6 6 18 9 15 8 20 1 10 20 14 9 16 0 9 11 12 0 10 7 12 10 9 13 13 16 6 6 5 7 9 17 18 9 6 8 17 19 0 4 14 2 11 1 9 6 5 2 10 15 7 1 9 4 17 1 3 9 7 15 19 9 5 14 19 1 12 17 13 14 13 1 9 0 5 20 6 11 2 5 4 2 4 15 13 4 14 9 20 16 7 17 2 14 5 10 11 2 7 13 4 8 15 20 7 11 16 18 12 3 6 14 3 5 5 2 5 12 12 3 2 16 8 20 11 1 17 12 7 10 9 15 13 13 4 12 19 16 14 8 11 7 12 14 8 12 15 19 16 0 17 17 11 3 9 2 20 10 6 1 8 16 17 20 10 6 3 9 5 3 6 19 7 5 16 16 10 17 3 17 9 0 7 19 19 12 1 1 17 3 5 18 17 16 2 12 15 17 2 4 4 8 5 11 1 2 14 20 2 8 8 5 20 18 19 16 11 11 17 11 13 2 1 10 4 12 2 12 20 8 19 16 5 2 13 14 12 6 3 4 3 8 15 5 3 2 6 5 7 17 19 16 6 0 9 3 4 5 2 13 5 6 11 1 2 0 0 16 16 15 2 8 6 2 18 2 17 8 11 8 10 11 5 13 14 0 17 15 16 18 7 17 19 12 3 2 18 11 12 6 15 4 3 20 12 12 1 18 17 8 8 20 14 7 13 13 7 20 1 13 10 18 5 10 10 20 2 10 12 12 0 2 18 19 17 8 14 13 15 14 14 7 13 6 8 4 20 12 3 19 19 9 7 8 15 14 6 19 15 15 11 11 7 20 17 13 4 12 5 11 18 2 12 2 11 4 11 0 18 7 4 3 14 1 15 8 13 15 8 1 0 12 7 11 16 14 6 5 12 2 3 0 18 2 19 6 13 1 7 7
349
0 200 97 92 109 59 86 83 86 103 92 96 113 97 82 57 60 87 65 84 98 119 106 50 108 90 93 66 113 90 119 96 89 98 57 68 85 57 111 94 112 118 108 114 60 87 70 96 90 82 111 90 96 88 60 81 58 81 91 73 90 93 104 65 59 83 116 114 106 57 105 78 100 50 91 90 110 108 74 88 56 62 86 67 86 96 116 56 99 76 59 117 77 90 88 87 86 93 85 83 78 101 80 76 98 92 84 104 102 54 68 79 84 80 110 98 103 95 109 102 50 95 52 82 59 51 65 108 58 80 88 82 94 78 81 103 74 81 83 78 111 101 71 116 113 84 53 89 60 85 55 106 90 69 50 107 93 62 59 110 114 119 104 54 52 56 61 74 64 61 97 98 106 67 55 72 62 65 98 51 111 72 107 102 79 65 117 85 86 99 102 61 71 111 107 67 72 87 58 106 58 55 102 118 67 79 89 112 120 107 81 117 64 66 80 62 89 75 87 117 108 91 71 62 85 57 93 100 58 109 83 93 94 60 55 105 59 99 101 50 84 109 108 90 105 64 96 99 100 56 71 93 117 110 87 50 57 54 62 57 75 80 65 67 66 67 82 79 109 93 108 93 62 58 103 75 97 63 84 95 58 65 98 113 54 82 58 97 105 72 116 83 83 105 53 107 59 71 75 92 50 53 85 116 115 89 92 92 108 59 50 57 107 62 111 53 96 101 106 99 114 94 111 75 76 59 90 111 54 53 87 64 84 91 88 71 59 64 51 79 65 74 80 105 106 78 61 99 200
377
5 12 10 14 18 5 11 5 17 2 19 3 15 17 15 7 3 19 10 20 15 8 1 17 17 6 7 20 19 20 17 0 5 5 2 15 16 9 10 0 8 5 0 5 1 4 0 7 1 9 13 9 0 12 6 0 3 6 17 7 17 16 3 6 15 2 6 17 19 10 5 10 15 11 15 12 13 15 0 14 13 13 4 16 7 10 13 9 5 1 17 4 0 5 3 3 13 9 16 8 5 14 16 19 12 6 2 16 12 6 4 0 3 6 4 13 3 4 16 16 19 15 11 6 1 10 14 18 20 6 4 9 5 11 20 7 0 2 5 13 5 19 10 8 1 17 19 18 5 10 5 9 0 2 17 14 12 10 16 2 9 1 14 18 17 1 12 17 20 6 15 11 19 3 19 19 17 13 16 9 2 11 11 12 2 19 10 14 9 7 18 8 18 16 17 18 18 6 14 12 16 10 9 13 18 16 11 8 8 2 19 1 9 19 14 17 15 9 7 15 17 11 6 7 10 1 11 15 15 13 19 4 13 15 7 11 0 18 8 18 13 6 15 14 9 0 15 15 6 12 4 5 1 18 15 1 14 18 10 9 11 3 8 11 13 1 15 7 11 19 6 6 8 17 14 14 20 6 17 5 18 14 11 2 5 18 9 13 5 8 15 18 8 1 20 15 20 2 14 0 9 5 13 0 5 2 16 20 10 11 4 17 2 1 3 11 13 15 17 11 11 11 11 16 19 9 15 9 13 3 17 20 5 15 3 15 2 19 3 19 8 20 3 14 7 7 20 1 6 7 3 9 9 20 0 7 17 17 16 10 6 19 7 18 15 20 3 14 9 17 0 2 2 1 8 10 0
730
200 200 200 200 200 200 200 200 200 200 200 200 200 200 200 200 200 200 200 200 200 200 200 200 200 200 200 200 200 200 200 200 200 200 200 200 200 200 200 200 200 200 200 200 200 200 200 200 200 200 200 200 200 200 200 200 200 200 200 200 200 200 200 200 200 200 200 200 200 200 200 200 200 200 200 200 200 200 200 200 200 200 200 200 200 200 200 200 200 200 200 200 200 200 200 200 200 200 200 200 200 200 200 200 200 200 200 200 200 200 200 200 200 200 200 200 200 200 200 200 200 200 200 200 200 200 200 200 200 200 200 200 200 200 200 200 200 200 200 200 200 200 200 200 200 200 200 200 200 200 200 200 200 200 200 200 200 200 200 200 200 200 200 200 200 200 200 200 200 200 200 200 200 200 200 200 200 200 200 200 200 200 200 200 200 200 200 200 200 200 200 200 200 200 200 200 200 200 200 200 200 200 200 200 200 200 200 200 200 200 200 200 200 200 200 200 200 200 200 200 200 200 200 200 200 200 200 200 200 200 200 200 200 200 200 200 200 200 200 200 200 200 200 200 200 200 200 200 200 200 200 200 200 200 200 200 200 200 200 200 200 200 200 200 200 200 200 200 200 200 200 200 200 200 200 200 200 200 200 200 200 200 200 200 200 200 200 200 200 200 200 200 200 200 200 200 200 200 200 200 200 200 200 200 200 200 200 200 200 200 200 200 200 200 200 200 200 200 200 200 200 200 200 200 200 200 200 200 200 200 200 200 200 200 200 200 200 200 200 200 200 200 200 200 200 200 200 200 200 200 200 200 200 200 200 200 200 200 200 200 200 200 200 200 200 200 200 200 200 200 200 200 200 200 200 200 200 200 200 200 200 200 200 200 200 200 200 200 200 200 200 200 200 200 200 200 200 200 200 200 200 200 200 200 200 200 200 200 200 200 200 200 200 200 200 200 200 200 200 200 200 200 200 200 200 200 200 200 200 200 200 200 200 200 200 200 200 200 200 200 200 200 200 200 200 200 200 200 200 200 200 200 200 200 200 200 200 200 200 200 200 200 200 200 200 200 200 200 200 200 200 200 200 200 200 200 200 200 200 200 200 200 200 200 200 200 200 200 200 200 200 200 200 200 200 200 200 200 200 200 200 200 200 200 200 200 200 200 200 200 200 200 200 200 200 200 200 200 200 200 200 200 200 200 200 200 200 200 200 200 200 200 200 200 200 200 200 200 200 200 200 200 200 200 200 200 200 200 200 200 200 200 200 200 200 200 200 200 200 200 200 200 200 200 200 200 200 200 200 200 200 200 200 200 200 200 200 200 200 200 200 200 200 200 200 200 200 200 200 200 200 200 200 200 200 200 200 200 200 200 200 200 200 200 200 200 200 200 200 200 200 200 200 200 200 200 200 200 200 200 200 200 200 200 200 200 200 200 200 200 200 200 200 200 200 200 200 200 200 200 200 200 200 200 200 200 200 200 200 200 200 200 200 200 200 200 200 200 200 200 200 200 200 200 200 200 200 200 200 200 200 200 200 200 200 200 200 200 200 200 200 200 200 200 200 200 200 200 200 200 200 200 200 200 200 200 200 200 200 200 200 200 200 200 200 200 200 200 200 200 200 200 200 200 200 200 200 200 200 200 200 200 200 200 200 200 200 200 200 200
458
17 136 192 73 28 70 74 116 110 128 122 169 16 92 139 110 84 124 108 94 107 199 80 182 194 161 70 40 40 111 31 86 22 198 189 119 81 18 179 2 113 94 31 173 179 185 161 65 25 42 193 73 111 149 102 62 48 56 103 184 113 102 87 87 35 54 145 19 80 158 73 104 171 62 92 162 165 121 59 130 175 102 185 64 196 64 162 85 36 24 23 33 175 72 62 188 188 87 79 125 75 156 136 193 168 4 42 12 113 149 131 108 143 183 71 41 149 6 6 115 67 1 55 69 83 59 179 183 33 111 42 200 156 2 5 90 198 44 161 168 11 108 167 179 28 92 0 29 51 30 76 83 31 42 163 24 85 184 152 128 151 159 97 49 175 183 178 106 41 186 182 176 196 104 54 94 147 16 1 45 16 15 169 85 97 159 15 3 90 41 102 198 7 137 51 23 47 15 106 187 10 1 167 33 103 191 147 52 112 169 154 2 110 65 38 148 79 120 0 156 155 187 105 172 88 179 93 63 188 156 52 131 41 106 153 167 126 36 127 1 110 180 81 70 154 60 81 80 35 100 57 29 150 97 105 65 70 9 42 64 56 195 71 96 100 19 12 18 179 77 16 22 113 74 107 5 15 142 168 96 18 3 29 15 145 24 9 52 164 67 84 179 171 66 44 72 104 20 137 101 120 80 110 39 29 101 44 147 44 113 148 6 135 135 119 44 153 143 37 142 11 142 96 22 89 177 65 62 22 67 114 74 91 200 178 135 100 102 118 15 1 157 61 155 31 199 47 54 132 146 136 49 86 10 146 17 142 73 9 63 63 181 186 104 148 123 58 36 174 119 172 33 29 67 169 181 181 108 43 157 73 43 113 195 56 158 94 48 43 131 73 98 17 138 142 107 182 56 116 88 85 22 141 87 177 121 86 61 130 108 131 134 96 49 181 31 81 178 91 48 55 112 189 56 178 141 176 6 139 44 188 64 7 4 151 190 38 94 172 180 132 129 177 70 29 157 140 173 156 125 134 92 139 45 46 171 193 33
679
200 200 200 200 200 200 200 200 200 200 200 200 200 200 200 200 200 200 200 200 200 200 200 200 200 200 200 200 200 200 200 200 200 200 200 200 200 200 200 200 200 200 200 200 200 200 200 200 200 200 200 200 200 200 200 200 200 200 200 200 200 200 200 200 200 200 200 200 200 200 200 200 200 200 200 200 200 200 200 200 200 200 200 200 200 200 200 200 200 200 200 200 200 200 200 200 200 200 200 200 200 200 200 200 200 200 200 200 200 200 200 200 200 200 200 200 200 200 200 200 200 200 200 200 200 200 200 200 200 200 200 200 200 200 200 200 200 200 200 200 200 200 200 200 200 200 200 200 200 200 200 200 200 200 200 200 200 200 200 200 200 200 200 200 200 200 200 200 200 200 200 200 200 200 200 200 200 200 200 200 200 200 200 200 200 200 200 200 200 200 200 200 200 200 200 200 200 200 200 200 200 200 200 200 200 200 200 200 200 200 200 200 200 200 200 200 200 200 200 200 200 200 200 200 200 200 200 200 200 200 200 200 200 200 200 200 200 200 200 200 200 200 200 200 200 200 200 200 200 200 200 200 200 200 200 200 200 200 200 200 200 200 200 200 200 200 200 200 200 200 200 200 200 200 200 200 200 200 200 200 200 200 200 200 200 200 200 200 200 200 200 200 200 200 200 200 200 200 200 200 200 200 200 200 200 200 200 200 200 200 200 200 200 200 200 200 200 200 200 200 200 200 200 200 200 200 200 200 200 200 200 200 200 200 200 200 200 200 200 200 200 200 200 200 200 200 200 200 200 200 200 200 200 200 200 200 200 200 200 200 200 200 200 200 200 200 200 200 200 200 200 200 200 200 200 200 200 200 200 200 200 200 200 200 200 200 200 200 200 200 200 200 200 200 200 200 200 200 200 200 200 200 200 200 200 200 200 200 200 200 200 200 200 200 200 200 200 200 200 200 200 200 200 200 200 200 200 200 200 200 200 200 200 200 200 200 200 200 200 200 200 200 200 200 200 200 200 200 200 200 200 200 200 200 200 200 200 200 200 200 200 200 200 200 200 200 200 200 200 200 200 200 200 200 200 200 200 200 200 200 200 200 200 200 200 200 200 200 200 200 200 200 200 200 200 200 200 200 200 200 200 200 200 200 200 200 200 200 200 200 200 200 200 200 200 200 200 200 200 200 200 200 200 200 200 200 200 200 200 200 200 200 200 200 200 200 200 200 200 200 200 200 200 200 200 200 200 200 200 200 200 200 200 200 200 200 200 200 200 200 200 200 200 200 200 200 200 200 200 200 200 200 200 200 200 200 200 200 200 200 200 200 200 200 200 200 200 200 200 200 200 200 200 200 200 200 200 200 200 200 200 200 200 200 200 200 200 200 200 200 200 200 200 200 200 200 200 200 200 200 200 200 200 200 200 200 200 200 200 200 200 200 200 200 200 200 200 200 200 200 200 200 200 200 200 200 200 200 200 200 200 200 200 200 200 200 200 200 200 200 200 200 200 200 200 200 200 200 200 200 200 200 200 200 200 200 200 200 200
320
200 200 200 200 200 200 200 200 200 200 200 200 200 200 200 200 200 200 200 200 200 200 200 200 200 200 200 200 200 200 200 200 200 200 200 200 200 200 200 200 200 200 200 200 200 200 200 200 200 200 200 200 200 200 200 200 200 200 200 200 200 200 200 200 200 200 200 200 200 200 200 200 200 200 200 200 200 200 200 200 200 200 200 200 200 200 200 200 200 200 200 200 200 200 200 200 200 200 200 200 200 200 200 200 200 200 200 200 200 200 200 200 200 200 200 200 200 200 200 200 200 200 200 200 200 200 200 200 200 200 200 200 200 200 200 200 200 200 200 200 200 200 200 200 200 200 200 200 200 200 200 200 200 200 200 200 200 200 200 200 200 200 200 200 200 200 200 200 200 200 200 200 200 200 200 200 200 200 200 200 200 200 200 200 200 200 200 200 200 200 200 200 200 200 200 200 200 200 200 200 200 200 200 200 200 200 200 200 200 200 200 200 200 200 200 200 200 200 200 200 200 200 200 200 200 200 200 200 200 200 200 200 200 200 200 200 200 200 200 200 200 200 200 200 200 200 200 200 200 200 200 200 200 200 200 200 200 200 200 200 200 200 200 200 200 200 200 200 200 200 200 200 200 200 200 200 200 200 200 200 200 200 200 200 200 200 200 200 200 200 200 200 200 200 200 200 200 200 200 200 200 200 200 200 200 200 200 200 200 200 200 200 200 200 200 200 200 200 200 200
108
12 9 16 8 18 17 3 2 10 18 9 10 11 14 10 12 19 2 6 1 12 17 9 17 14 10 18 18 4 8 1 6 5 0 12 19 8 2 10 18 19 14 10 13 0 10 11 5 13 8 15 9 1 3 8 6 15 5 3 6 10 17 1 3 4 11 0 13 16 8 17 15 10 18 16 14 15 6 4 1 19 4 13 12 5 1 11 3 18 17 15 15 17 20 8 12 7 1 0 3 19 12 9 11 13 13 15 16
1
200
794
5 6 9 20 1 11 1 13 0 16 17 19 2 11 1 4 20 20 15 6 14 4 15 2 1 4 18 2 13 2 0 18 19 10 3 14 10 2 8 14 6 9 6 8 1 10 10 19 10 12 3 1 0 5 12 6 19 17 20 10 3 1 14 20 4 3 12 10 15 15 2 0 1 13 4 17 6 3 15 4 9 1 12 14 8 11 1 0 18 2 12 0 20 9 8 17 9 18 18 5 5 18 12 11 7 6 0 14 13 0 7 14 16 2 14 11 17 13 2 18 13 3 15 5 11 10 20 3 5 5 15 9 13 0 0 6 8 4 5 20 9 15 12 10 1 18 4 17 9 19 8 10 3 14 0 6 10 0 12 12 6 1 19 7 2 15 11 14 5 18 1 17 3 9 19 15 5 10 0 11 11 11 8 11 1 9 16 18 0 9 8 5 5 18 14 6 5 11 18 8 6 2 5 9 11 6 8 4 3 5 10 2 2 4 15 18 2 19 5 4 15 16 9 16 20 3 6 17 3 2 18 16 5 0 6 9 17 13 12 15 17 20 10 8 12 17 9 6 9 15 16 17 1 16 11 17 8 17 0 9 9 17 16 5 6 10 15 6 2 11 12 8 3 14 0 10 4 9 6 8 5 18 16 16 19 12 11 15 6 8 10 15 16 9 11 1 11 17 14 8 2 0 17 5 7 13 0 3 12 18 7 11 9 14 19 18 14 18 13 17 19 3 13 13 16 8 9 17 15 7 4 17 19 20 18 1 10 0 2 2 4 1 7 10 1 5 0 14 19 18 17 13 17 10 14 8 15 12 14 4 15 6 2 13 0 3 17 2 15 13 19 13 8 6 18 15 17 11 1 11 11 0 11 10 0 15 7 18 12 16 2 7 19 15 4 7 3 14 6 18 9 0 17 5 15 16 6 15 9 9 19 2 11 8 5 1 0 16 9 0 9 10 4 12 12 1 20 8 7 4 7 2 5 8 3 7 10 9 0 14 14 17 19 17 8 17 5 1 1 6 5 2 0 3 5 20 14 15 9 10 8 19 17 17 12 6 16 7 17 4 19 7 13 17 6 19 20 19 2 12 15 17 14 16 0 20 4 19 5 3 15 6 15 5 9 19 2 7 10 3 18 1 4 15 13 14 4 0 2 10 20 3 10 9 20 19 15 16 1 12 18 14 13 14 17 12 3 14 1 4 12 13 6 12 11 15 16 6 1 18 20 15 11 13 20 19 12 1 1 15 14 7 2 5 15 18 15 11 10 3 5 5 20 6 12 0 6 20 18 8 11 10 3 17 2 13 18 19 19 12 1 15 5 11 16 19 2 20 8 2 5 9 14 17 12 13 9 18 14 5 15 11 14 12 6 6 18 9 3 15 9 4 10 18 5 5 16 8 16 2 14 8 1 12 16 11 18 1 20 9 7 11 15 4 5 19 19 13 1 1 9 6 16 2 14 0 19 12 18 20 14 5 1 4 10 12 14 8 18 0 12 3 7 8 8 18 18 14 18 13 3 8 2 8 5 10 1 12 19 13 0 13 14 19 14 20 1 9 18 13 10 15 3 19 5 20 19 17 12 1 5 8 15 7 17 6 8 8 13 16 13 17 14 10 2 15 13 10 15 14 16 9 12 17 1 4 5 20 5 18 19 17 18 15 14 0 5 16 4 13 16 12 3 20 4 15 14 8 3 2 4 19 9 16 20 17 2 19 15 2 17 19 5 17 9 15 9 17 2 12 10 9 4 20 17 17 3 16 6 7 4 1 15 13 10 15 9 4 3 20 5 3 16 11
733
145 193 127 117 174 110 102 11 39 97 165 195 3 146 119 3 144 200 81 81 85 30 63 110 168 29 165 164 14 41 21 157 117 3 54 70 17 163 169 143 195 36 193 66 190 169 27 5 167 49 96 89 180 193 111 21 125 144 110 135 111 153 164 176 18 77 136 123 64 60 8 168 65 97 177 24 162 15 183 138 35 30 26 104 95 71 155 127 24 15 128 135 109 111 86 32 188 52 105 153 154 7 2 128 150 123 101 63 158 55 150 188 112 140 127 200 118 107 110 48 190 36 164 24 118 142 23 109 32 8 18 4 176 150 28 13 195 185 75 137 168 64 112 146 79 97 64 170 75 119 69 94 92 165 115 132 22 83 186 100 60 4 113 169 51 181 148 99 138 93 5 96 81 132 11 187 64 7 196 186 148 80 185 100 122 104 52 43 70 56 20 14 169 69 56 189 95 143 117 168 41 60 177 98 52 36 98 3 167 165 0 100 156 71 169 6 162 6 161 118 97 41 169 134 57 48 160 174 159 142 35 181 189 30 67 64 58 119 91 174 191 32 99 147 171 76 135 180 146 194 143 41 28 160 35 0 9 37 30 125 2 170 191 190 25 140 195 77 48 195 107 127 37 26 187 96 60 73 96 142 121 68 135 29 123 61 104 88 110 186 45 121 136 71 176 2 154 192 142 47 55 54 67 30 89 157 38 144 162 80 28 134 146 124 178 78 117 58 50 76 50 63 90 190 21 47 141 14 14 160 15 94 151 115 141 91 34 167 85 52 178 4 27 62 170 155 43 58 172 131 7 117 85 88 80 133 52 109 75 68 128 107 22 126 169 45 162 98 99 121 162 185 133 46 118 157 188 81 158 138 6 123 67 74 184 183 50 148 185 128 146 123 198 199 139 136 21 117 42 86 21 119 157 123 114 39 146 122 47 158 71 15 35 66 60 115 188 14 170 52 105 12 16 16 198 200 152 176 29 60 69 42 39 64 50 87 159 157 102 75 161 86 40 83 36 67 167 54 54 40 73 62 68 61 138 29 100 180 115 26 26 135 16 33 179 120 50 4 39 12 183 162 199 153 18 155 107 30 64 124 122 28 7 30 180 175 195 52 124 11 144 186 150 166 102 166 178 156 2 150 2 62 116 108 2 167 78 105 16 48 87 148 192 126 124 86 177 193 130 115 109 112 158 157 104 190 4 106 82 32 70 188 156 60 172 169 109 162 100 151 174 81 31 121 81 174 84 109 29 23 10 187 100 157 65 41 95 45 120 102 79 52 108 81 148 47 49 129 71 120 183 171 145 128 17 52 18 86 134 82 22 94 118 58 137 11 159 132 100 152 149 190 84 31 27 163 45 42 50 182 155 128 86 107 162 117 173 162 35 108 85 88 31 191 166 2 159 181 99 143 125 47 187 67 22 159 184 91 180 193 42 196 149 20 165 108 185 139 98 113 90 81 64 122 79 41 40 122 118 83 196 146 59 72 159 29 34 2 9 34 19 44 30 5 125 14 79 137 126 118 47 163 97 51 96 85 169 70 95 67 156 57 80 143 184 11 126 167 109 119 93 6 91 18 5 44 163 66 176 19 85 195 178 85 27 195 128 62 144 25 97 91 144 155 53 80 139 174 50 41 36 181 200 14 38 167 137 92 83 34 87 64 151
13
197 8 197 59 60 59 8 8 60 8 60 197 8
617
43 16 146 7 57 83 83 88 84 128 88 32 174 128 4 0 146 46 164 107 163 68 43 105 62 87 167 107 191 131 123 52 140 2 183 116 25 123 25 148 112 163 18 138 193 200 88 197 107 110 113 72 85 190 176 99 141 20 37 23 13 59 46 164 24 197 134 41 69 6 3 57 47 80 166 81 177 112 63 86 47 102 173 84 32 30 92 27 9 154 91 36 68 192 56 171 112 133 43 197 192 70 12 18 61 117 55 73 166 40 111 44 106 153 79 184 172 80 54 197 121 147 168 77 63 112 83 191 116 13 100 83 141 48 29 76 27 42 193 14 127 22 181 32 154 122 133 138 101 26 128 1 15 25 122 188 132 90 189 159 109 165 2 55 144 53 109 129 66 195 169 100 19 4 180 67 91 100 68 162 123 54 59 172 135 1 169 64 47 185 2 25 109 171 77 180 25 78 14 65 118 56 18 121 75 101 198 68 38 140 78 135 95 4 142 85 66 196 77 103 118 144 180 117 147 62 46 115 46 51 124 118 35 1 139 159 6 77 193 66 59 72 107 130 138 100 160 107 146 83 184 26 37 29 120 5 70 177 198 8 146 128 79 122 102 143 52 67 85 115 80 157 63 30 130 185 166 89 187 171 25 66 84 55 176 41 182 49 27 169 98 12 67 146 81 78 108 168 196 55 11 127 80 47 31 125 181 69 91 84 148 101 46 159 194 21 119 138 135 20 85 131 26 120 76 82 123 83 44 87 71 164 71 197 29 114 49 173 148 168 118 160 14 139 99 160 183 117 42 6 48 102 56 142 82 114 106 82 180 198 70 17 32 86 155 37 26 27 172 150 18 104 22 107 185 99 13 12 138 2 152 190 71 165 169 119 112 54 167 170 9 6 77 135 130 20 134 100 113 61 21 95 77 148 48 70 95 80 192 83 15 60 3 58 115 171 160 112 88 178 97 3 179 13 131 165 152 101 63 24 84 151 30 132 91 37 54 6 41 59 80 92 136 10 98 187 147 70 84 79 167 194 84 97 132 179 44 150 167 20 102 33 167 66 23 119 25 151 154 182 176 98 197 40 49 161 39 38 103 61 108 95 63 150 16 10 145 36 125 145 30 6 155 60 91 80 98 114 140 188 57 44 155 54 133 161 149 188 194 173 30 13 153 188 195 163 15 69 2 176 189 31 71 149 96 191 108 77 40 95 174 132 42 79 166 83 118 186 188 168 130 0 130 180 77 29 22 57 132 59 188 124 31 15 128 38 172 42 24 108 56 77 192 193 133 197 123 51 25 195 112 12 139 164 28 177 36 133 60 4 198 168 87 2 73 175 35 65 72 16 162 138 66 13 140 198 14 161 65 152 43 66 53 34 183 148 134 157 200 69 147 90 28 79 197 194 142
763
0 0 0 0 0 0 0 0 0 0 0 0 0 0 0 0 0 0 0 0 0 0 0 0 0 0 0 0 0 0 0 0 0 0 0 0 0 0 0 0 0 0 0 0 0 0 0 0 0 0 0 0 0 0 0 0 0 0 0 0 0 0 0 0 0 0 0 0 0 0 0 0 0 0 0 0 0 0 0 0 0 0 0 0 0 0 0 0 0 0 0 0 0 0 0 0 0 0 0 0 0 0 0 0 0 0 0 0 0 0 0 0 0 0 0 0 0 0 0 0 0 0 0 0 0 0 0 0 0 0 0 0 0 0 0 0 0 0 0 0 0 0 0 0 0 0 0 0 0 0 0 0 0 0 0 0 0 0 0 0 0 0 0 0 0 0 0 0 0 0 0 0 0 0 0 0 0 0 0 0 0 0 0 0 0 0 0 0 0 0 0 0 0 0 0 0 0 0 0 0 0 0 0 0 0 0 0 0 0 0 0 0 0 0 0 0 0 0 0 0 0 0 0 0 0 0 0 0 0 0 0 0 0 0 0 0 0 0 0 0 0 0 0 0 0 0 0 0 0 0 0 0 0 0 0 0 0 0 0 0 0 0 0 0 0 0 0 0 0 0 0 0 0 0 0 0 0 0 0 0 0 0 0 0 0 0 0 0 0 0 0 0 0 0 0 0 0 0 0 0 0 0 0 0 0 0 0 0 0 0 0 0 0 0 0 0 0 0 0 0 0 0 0 0 0 0 0 0 0 0 0 0 0 0 0 0 0 0 0 0 0 0 0 0 0 0 0 0 0 0 0 0 0 0 0 0 0 0 0 0 0 0 0 0 0 0 0 0 0 0 0 0 0 0 0 0 0 0 0 0 0 0 0 0 0 0 0 0 0 0 0 0 0 0 0 0 0 0 0 0 0 0 0 0 0 0 0 0 0 0 0 0 0 0 0 0 0 0 0 0 0 0 0 0 0 0 0 0 0 0 0 0 0 0 0 0 0 0 0 0 0 0 0 0 0 0 0 0 0 0 0 0 0 0 0 0 0 0 0 0 0 0 0 0 0 0 0 0 0 0 0 0 0 0 0 0 0 0 0 0 0 0 0 0 0 0 0 0 0 0 0 0 0 0 0 0 0 0 0 0 0 0 0 0 0 0 0 0 0 0 0 0 0 0 0 0 0 0 0 0 0 0 0 0 0 0 0 0 0 0 0 0 0 0 0 0 0 0 0 0 0 0 0 0 0 0 0 0 0 0 0 0 0 0 0 0 0 0 0 0 0 0 0 0 0 0 0 0 0 0 0 0 0 0 0 0 0 0 0 0 0 0 0 0 0 0 0 0 0 0 0 0 0 0 0 0 0 0 0 0 0 0 0 0 0 0 0 0 0 0 0 0 0 0 0 0 0 0 0 0 0 0 0 0 0 0 0 0 0 0 0 0 0 0 0 0 0 0 0 0 0 0 0 0 0 0 0 0 0 0 0 0 0 0 0 0 0 0 0 0 0 0 0 0 0 0 0 0 0 0 0 0 0 0 0 0 0 0 0 0 0 0 0 0 0 0 0 0 0 0 0 0 0 0 0 0 0 0 0 0 0 0 0 0 0 0 0 0 0 0 0 0 0 0 0 0 0 0 0 0 0 0 0 0 0 0 0 0 0 0 0 0 0 0 0 0 0 0 0 0 0 0 0 0 0 0 0 0 0 0 0 0 0 0 0 0 0 0 0 0 0 0 0
475
9 3 16 14 7 5 9 19 150 10 9 19 2 2 0 13 159 151 10 13 3 167 177 5 3 14 9 171 11 190 13 8 5 3 19 3 20 7 194 181 4 17 0 3 185 3 8 11 18 7 6 12 17 184 8 5 200 168 15 173 14 170 19 10 12 8 1 163 17 4 6 1 3 14 12 19 189 20 19 12 0 20 15 1 159 174 162 8 190 0 8 12 16 198 17 4 169 1 3 3 8 150 7 5 1 7 14 197 184 10 15 12 7 11 6 6 192 16 0 2 18 18 16 5 5 3 20 151 8 12 20 19 0 155 8 154 14 2 187 8 7 18 3 4 15 11 193 14 10 10 19 155 6 5 9 13 17 11 3 10 7 18 13 8 186 0 189 150 0 11 6 3 7 7 10 9 13 161 188 10 15 10 7 20 163 9 18 7 16 11 18 185 6 188 0 1 0 18 19 17 14 5 175 195 4 19 17 17 5 5 12 0 181 11 13 6 11 14 14 6 9 15 169 4 19 6 6 8 11 7 13 153 150 13 4 6 9 175 17 9 150 13 191 19 164 2 9 19 199 7 193 4 8 3 0 14 10 18 12 6 5 17 18 17 20 176 4 189 14 15 13 9 14 182 1 181 6 0 9 19 174 3 2 8 156 14 14 8 0 12 157 20 18 0 14 1 0 18 17 10 180 12 20 13 14 7 9 191 14 195 165 18 20 11 4 19 17 2 2 16 8 18 5 18 197 189 171 18 6 2 8 5 0 11 8 2 10 3 10 5 2 5 15 172 15 11 15 0 4 16 5 16 16 4 16 188 11 4 18 7 13 12 15 6 19 18 20 9 6 182 5 7 4 6 8 10 20 18 5 7 183 0 16 4 155 15 7 16 18 189 18 10 161 19 154 3 0 192 20 2 18 3 0 162 185 160 10 6 185 13 10 9 11 153 13 17 1 164 2 2 3 6 20 9 16 12 19 171 7 8 5 3 14 3 12 193 8 8 3 8 17 3 1 13 9 197 3 16 2 2 2 17 173 16 18 5 0 19 12 7 14 157 3 153 9 2 182 11 0 17 15 180 6 14 178
13
187 117 117 44 36 187 187 198 44 36 187 187 117
626
184 199 0 11 18 18 6 9 20 1 178 2 10 16 10 4 157 199 2 1 165 1 3 8 18 2 13 17 3 12 14 11 11 18 8 183 18 8 3 177 3 1 4 4 20 11 15 3 1 170 2 159 9 0 0 10 10 1 7 4 14 12 2 20 19 10 8 11 5 163 10 9 16 6 4 6 16 13 0 3 0 18 12 17 4 3 2 17 6 191 181 9 19 20 9 15 156 175 0 9 162 9 1 191 16 13 152 17 13 8 0 2 0 8 12 17 188 178 1 5 18 5 8 20 164 4 179 14 10 150 200 165 8 175 11 3 188 0 180 1 8 200 11 4 4 3 17 1 178 180 20 200 195 15 6 10 17 173 11 4 14 12 14 166 175 4 5 10 12 14 8 7 2 6 161 15 191 167 160 8 17 200 2 7 5 14 9 10 14 11 6 7 20 15 12 18 10 15 20 18 13 2 10 8 7 20 2 10 161 7 8 13 19 0 11 6 12 17 190 4 7 19 18 10 175 4 7 17 12 9 3 5 5 17 11 5 6 15 163 12 2 5 14 186 15 5 8 20 4 1 8 10 1 6 10 7 7 18 2 15 0 11 158 11 9 190 6 7 10 5 14 10 1 1 9 3 15 6 15 2 0 17 14 3 7 3 5 16 156 13 11 12 190 20 9 8 7 11 16 5 153 197 166 7 14 7 17 19 1 4 4 191 4 12 166 175 11 11 183 5 173 2 16 13 4 17 10 20 3 1 2 3 16 183 187 15 4 15 13 14 20 192 5 167 8 3 15 12 15 15 20 8 19 0 155 191 5 1 10 14 3 13 192 18 4 10 6 20 10 3 15 194 18 11 10 6 6 0 12 9 11 182 3 20 4 170 19 177 4 15 184 1 2 12 13 18 6 10 11 10 18 12 161 13 14 15 17 17 19 8 14 8 7 189 10 2 6 7 4 158 11 3 150 6 158 18 12 1 165 153 19 14 15 191 18 194 6 4 17 5 12 2 10 1 14 152 3 8 6 3 19 18 7 163 188 15 3 171 10 18 12 16 15 4 12 2 11 173 16 10 12 10 186 7 5 14 10 19 168 13 20 16 5 19 9 172 4 17 4 12 6 20 7 169 180 15 191 192 8 2 9 2 3 1 12 15 14 10 0 12 17 9 5 8 1 153 200 177 191 13 5 19 167 18 20 8 5 3 194 14 12 20 9 19 179 12 183 154 15 8 8 164 6 1 4 160 19 16 17 156 12 8 13 7 3 171 17 12 18 5 17 5 19 8 9 8 9 12 9 17 166 174 14 5 5 9 3 17 193 5 15 0 4 9 199 191 20 10 0 1 20 1 4 156 20 0 14 0 14 157 16 175 16 2 12 7 13 191 0 7 2 153 157 10 0 200 3 14 17 18 13 16 13 20 16 1
781
0 200 51 53 87 100 73 107 89 55 55 50 85 81 120 65 107 71 70 62 106 59 79 101 70 76 74 113 74 101 78 107 73 110 104 92 74 60 55 105 64 66 87 75 101 100 94 118 99 104 63 104 90 88 59 99 74 118 101 80 52 112 91 56 94 75 101 106 68 68 113 98 60 68 91 66 107 116 89 99 57 63 117 94 66 55 67 53 97 107 110 54 64 70 85 67 102 106 65 72 83 78 63 95 108 70 73 93 100 82 102 116 93 72 101 93 111 119 67 66 75 83 95 55 110 119 55 86 70 69 115 102 109 83 51 108 107 106 91 58 82 102 85 108 103 65 61 61 89 61 74 58 99 82 119 100 57 119 56 51 86 107 50 102 98 80 92 93 53 86 93 79 91 53 85 83 74 86 92 65 60 94 104 81 58 87 102 54 55 115 81 116 106 76 64 75 89 114 87 69 82 82 59 73 105 76 108 64 52 73 109 112 88 70 70 113 92 54 114 89 97 90 99 66 83 110 117 57 94 106 69 74 115 67 60 103 107 79 56 111 53 61 70 75 51 114 73 117 100 58 93 99 79 81 103 120 57 116 120 82 111 105 104 111 113 95 114 109 116 63 98 52 69 61 85 94 97 84 68 83 82 100 86 117 83 78 67 52 108 83 99 91 114 94 61 73 97 75 61 73 92 116 110 75 79 67 60 60 112 51 73 100 63 100 103 81 60 108 92 88 56 120 99 90 79 76 87 96 70 63 83 117 77 55 113 85 87 83 61 74 51 94 59 110 112 94 62 94 79 69 96 51 114 61 85 109 88 117 59 108 101 112 55 69 118 64 101 86 53 70 55 61 58 114 78 70 118 101 110 81 111 50 106 50 59 71 113 58 76 65 67 68 95 78 117 72 72 97 88 79 114 100 83 54 80 56 92 69 87 103 87 63 103 72 78 58 61 69 56 98 84 93 51 87 88 54 95 55 104 56 79 87 96 109 79 61 63 88 66 78 83 102 72 51 95 106 60 109 103 72 78 96 108 76 68 75 104 56 117 73 92 81 68 85 119 102 70 118 102 68 57 101 54 60 80 64 120 107 96 82 99 92 62 82 102 81 108 62 94 118 117 116 80 54 119 108 81 86 110 98 78 62 63 111 112 73 51 114 60 102 68 110 113 88 60 99 103 72 74 106 59 111 69 104 75 70 109 112 56 54 63 73 91 118 55 70 101 99 70 74 66 95 113 74 73 75 90 97 73 76 74 118 65 56 112 117 99 119 89 77 50 99 102 119 105 87 51 64 68 101 97 51 50 78 81 111 109 75 116 84 57 101 72 68 102 107 80 78 90 58 67 106 117 72 90 89 55 54 119 87 69 62 108 61 93 71 52 115 51 93 90 78 90 55 87 92 108 120 88 55 87 77 50 76 80 84 67 99 56 104 82 58 56 66 74 72 64 60 115 75 91 74 91 60 106 104 85 59 120 93 65 52 73 69 95 111 75 87 118 108 111 101 62 107 82 87 104 95 53 85 70 69 120 84 117 79 77 115 77 84 110 95 71 113 105 90 93 60 66 57 69 54 91 58 120 101 81 97 89 89 54 92 117 53 97 85 86 66 79 105 81 96 75 103 120 66 90 114 93 57 117 99 98 93 67 112 56 109 54 108 75 55 71 91 88 102 80 98 115 58 99 91 69 118 54 72 117 77 73 101 66 74 97 87 99 92 116 50 113 96 94 62 98 80 55 82 102 56 103 62 89 71 96 83 79 78 118 63 79 72 200
346
34 22 176 16 186 98 46 161 47 94 118 67 103 172 180 193 162 90 42 38 199 150 79 26 35 55 136 183 16 95 45 38 178 63 62 122 129 104 69 195 121 69 196 160 188 103 197 171 11 122 123 43 28 145 170 64 168 118 180 87 73 104 181 95 127 9 25 66 90 93 128 141 27 101 87 122 133 158 147 9 13 36 96 132 105 200 160 111 102 39 82 70 194 78 58 170 176 166 100 104 66 125 57 19 147 157 13 88 159 24 107 86 128 8 14 15 76 135 63 155 22 113 73 85 78 57 142 159 118 89 81 40 165 77 144 30 19 121 121 183 142 162 191 134 174 137 56 5 76 4 188 166 62 36 119 123 16 92 4 50 34 28 10 8 133 68 193 150 187 61 29 96 27 6 107 29 125 88 116 100 103 164 42 50 52 187 0 9 91 135 46 165 25 13 52 141 86 129 98 121 38 156 162 72 139 80 156 71 175 50 88 168 35 120 62 200 92 165 189 154 12 39 0 109 9 22 114 82 68 74 1 131 2 171 112 187 16 178 30 56 97 125 101 178 196 181 153 45 179 135 40 36 126 115 93 18 41 68 99 105 77 164 182 48 26 133 80 26 143 68 108 78 79 159 68 191 90 135 157 167 9 29 138 171 170 120 71 65 76 42 200 109 187 47 146 147 190 110 15 143 23 91 108 68 129 154 21 106 156 115 182 76 60 105 4 14 171 25 162 127 45 19 120 200 132 145 88 144 149 69 102 171 92 22 179 170 173 131 19 1 129 135 158 117 8 71
747
98 152 48 142 62 162 117 42 195 23 71 21 23 29 105 63 136 107 98 17 60 187 163 55 149 4 116 82 189 20 182 145 154 25 188 86 92 25 181 153 199 53 149 38 11 61 83 176 9 42 36 179 83 63 187 68 84 19 57 70 104 131 105 43 123 25 84 31 5 106 136 20 177 164 65 127 147 190 159 139 43 132 150 67 81 28 151 155 146 92 25 152 111 155 85 35 103 84 63 168 178 43 193 184 0 88 0 69 105 22 107 145 115 199 189 163 25 58 17 58 166 46 71 166 5 33 104 104 192 156 44 130 132 14 11 181 89 29 149 194 144 49 55 21 176 119 145 35 63 107 14 62 191 160 43 145 109 156 154 113 130 59 68 86 127 74 133 172 42 9 190 84 64 159 1 155 197 70 199 8 188 106 45 71 186 104 178 178 22 50 136 109 115 53 23 30 84 89 28 0 53 8 22 101 188 3 82 97 124 192 151 189 195 158 11 62 74 162 70 197 156 88 49 162 59 11 118 167 138 188 123 110 61 9 61 65 176 31 46 69 46 138 159 104 88 78 94 31 183 185 184 112 143 63 165 195 120 15 101 185 22 95 67 102 155 127 81 75 61 111 104 8 119 106 151 144 165 164 191 61 157 132 33 126 200 131 110 73 121 59 28 97 31 15 35 87 152 147 66 192 199 105 171 87 148 1 189 138 124 83 160 127 147 28 163 144 175 117 118 128 37 51 145 55 179 38 52 139 56 6 49 161 166 57 83 65 58 180 101 148 189 157 155 100 13 163 78 188 147 163 99 11 145 18 60 65 122 84 123 199 149 172 65 67 192 139 162 144 170 193 172 76 128 72 131 135 33 147 66 32 30 169 129 164 65 110 139 146 113 100 149 42 89 37 83 2 135 146 32 85 7 107 19 105 197 136 81 127 22 129 191 181 12 153 5 195 71 146 164 18 7 78 8 78 106 64 163 152 183 58 51 97 71 81 190 108 191 57 46 136 59 23 156 167 4 27 185 99 148 86 96 27 83 156 18 1 105 125 57 10 46 96 53 61 40 163 12 24 39 46 41 36 82 45 179 149 28 85 11 143 167 162 155 29 0 176 50 1 78 92 174 72 11 142 34 147 160 122 176 153 176 86 75 193 29 60 47 71 183 121 131 90 92 13 75 68 13 69 158 197 21 116 69 184 131 35 117 133 82 51 115 10 165 114 67 49 107 12 178 64 195 86 1 2 150 127 192 87 130 89 8 100 113 140 61 167 136 104 36 118 10 199 14 132 59 114 63 32 56 144 188 4 139 124 91 100 200 177 26 115 16 52 143 66 168 97 11 57 0 37 92 152 108 65 98 138 115 6 164 15 9 130 196 44 61 67 115 25 125 53 143 142 65 4 61 59 145 19 98 41 155 89 124 26 110 25 146 7 183 186 61 85 187 71 152 157 126 139 179 50 194 199 157 180 34 96 163 200 189 118 90 142 30 94 180 182 92 4 47 94 31 75 67 52 133 43 190 154 125 69 106 176 147 135 92 180 135 42 187 33 151 136 86 176 116 118 176 129 20 174 84 96 118 58 148 26 112 2 67 197 179 11 162 89 113 89 76 140 95 124 28 33 35 154 51 82 91 52 6 74 44 118 173 54 182 169 72 26 55 178 126 21 48 165 151 136 24 21 21 112 152 55 98 26 165 18 65
840
37 33 46 177 155 78 92 31 141 5 168 25 103 162 83 73 182 86 86 2 184 104 97 27 117 133 75 182 35 137 200 25 143 135 23 173 52 72 184 66 157 71 84 78 101 54 11 35 136 29 28 55 43 184 147 35 32 160 195 178 132 85 138 150 186 113 10 169 168 82 116 133 168 26 21 107 93 186 147 46 82 134 172 143 17 187 160 118 17 189 18 162 129 11 84 188 64 24 91 156 131 152 195 13 124 149 113 125 158 73 75 156 166 6 180 134 98 108 96 186 90 194 116 104 124 56 139 28 78 192 169 76 1 195 88 16 120 116 109 85 59 109 97 3 52 154 49 97 161 18 29 10 41 147 4 36 171 23 124 86 105 23 105 26 140 136 150 149 144 15 112 156 169 195 135 175 184 80 71 181 55 163 88 21 126 90 88 81 20 87 73 34 64 95 200 173 33 64 147 171 175 56 125 147 62 14 126 200 115 135 86 179 182 94 139 89 73 163 118 6 180 112 192 112 157 71 28 108 199 73 188 90 19 15 117 86 165 165 36 80 147 179 33 87 6 11 94 56 13 53 143 91 70 169 165 78 71 119 107 12 79 71 75 77 57 146 36 134 45 177 116 140 96 160 152 20 106 142 150 136 147 42 76 148 178 184 65 47 185 116 60 188 99 136 13 61 123 58 65 101 94 52 33 98 128 87 44 164 124 3 183 105 76 194 17 165 149 105 29 60 97 126 145 147 29 170 119 69 26 159 88 43 168 22 172 113 94 153 94 194 195 1 119 18 102 105 187 97 95 195 127 56 191 165 3 35 6 64 61 41 29 24 188 143 134 194 48 42 176 90 170 172 177 177 6 108 33 149 142 154 165 51 191 107 100 28 53 42 50 195 61 190 110 192 80 112 141 160 114 119 88 193 155 195 140 133 52 128 134 98 144 21 197 148 121 58 200 75 28 8 176 166 137 74 198 20 58 34 163 185 160 38 132 189 15 7 85 29 53 115 97 117 37 80 167 116 29 91 21 78 77 80 167 81 116 140 36 43 188 41 67 143 35 103 71 157 156 16 37 50 14 146 141 147 194 7 189 187 66 35 189 65 86 9 46 82 10 177 15 141 74 101 27 10 167 155 142 143 156 61 55 163 83 50 83 3 103 142 10 24 71 103 112 148 194 138 106 126 65 180 75 170 90 5 147 138 101 62 49 167 79 100 85 179 190 184 144 8 13 61 9 33 172 83 20 67 164 153 52 161 42 128 160 67 132 20 50 129 166 4 43 46 180 65 8 155 31 194 185 5 115 191 49 9 198 16 68 86 14 197 67 61 86 146 187 134 32 129 158 4 180 7 0 79 16 119 115 160 188 99 178 49 20 166 130 14 55 123 26 153 150 44 171 113 199 35 84 120 184 112 23 157 163 172 1 34 45 159 42 176 106 1 17 183 72 42 95 84 21 11 13 88 2 100 76 138 182 110 133 153 153 14 91 94 157 93 180 126 16 167 26 158 185 131 35 104 80 182 126 122 94 142 62 87 37 177 173 38 87 198 28 190 61 33 166 12 61 157 17 91 164 75 90 62 82 98 162 61 178 173 100 67 9 118 137 85 165 111 70 107 167 51 101 156 161 192 197 188 36 63 10 57 161 27 142 20 134 159 1 179 109 148 118 136 134 79 158 64 71 14 9 183 63 163 86 137 102 184 93 46 51 192 130 163 107 162 148 21 129 141 12 75 24 164 130 89 167 102 107 174 80 34 118 71 144 100 77 106 22 24 49 153 196 179 176 157 21 193 115 123 129 31 141 101 139 189 7 86 123 3 33 188 193 134 124 145 108 140 192 123 132 135 2 7 188 124 12 68 91 35 22 80 162 124 66 20 119 60 1 10 15 44 102 123 168 18 92 154 59 102
620
0 200 68 96 102 111 89 81 105 56 74 84 87 118 74 50 115 111 115 113 100 103 91 118 64 94 66 92 57 101 68 66 81 110 51 68 57 53 107 74 97 61 100 115 89 120 83 87 120 90 120 119 94 117 108 57 118 77 105 74 74 92 90 55 117 104 107 88 66 83 97 56 66 111 76 115 94 58 90 77 97 113 70 65 56 115 104 71 111 110 114 73 80 106 84 73 84 101 87 59 63 117 113 61 112 100 120 112 54 100 116 109 93 90 111 65 68 51 60 77 78 106 50 92 102 100 59 112 51 117 52 99 65 111 76 101 120 71 66 115 110 110 76 118 88 104 61 83 97 109 77 66 77 118 87 77 67 111 62 50 88 102 87 96 92 89 88 52 71 77 90 100 70 115 67 84 61 69 111 75 117 111 120 84 105 74 106 73 70 60 70 61 69 70 94 76 93 83 60 74 80 87 54 93 71 87 105 110 117 74 99 100 86 92 59 74 66 50 68 76 54 104 76 85 65 53 93 85 87 59 74 70 111 97 60 117 119 53 75 99 96 91 89 64 100 88 95 57 103 108 88 62 72 117 67 67 86 63 106 55 75 119 112 73 82 112 96 109 75 83 113 85 114 58 73 91 53 111 94 77 104 81 63 108 90 95 60 116 100 62 84 77 86 119 71 111 89 102 56 97 86 108 65 92 91 97 84 91 93 77 108 77 115 102 83 108 96 57 89 57 98 117 62 120 102 63 80 87 57 91 120 88 60 118 71 72 87 64 68 120 87 63 62 113 55 103 118 50 54 114 80 51 94 106 97 99 83 57 53 88 95 102 81 97 103 102 79 61 109 111 60 76 51 66 116 87 62 101 98 83 85 107 111 70 98 57 61 67 63 103 61 75 93 103 58 69 107 62 95 89 51 72 97 116 77 56 68 107 60 66 118 84 81 118 98 119 60 117 54 67 114 77 95 89 59 107 79 91 82 113 93 79 68 107 70 72 69 82 89 73 102 70 94 85 93 106 54 63 101 94 99 63 109 80 85 80 69 50 86 114 83 77 72 109 69 85 100 92 100 91 74 102 62 119 68 51 75 79 91 114 95 110 103 57 82 96 83 81 93 55 113 96 82 55 52 106 106 50 68 65 74 53 100 73 79 73 72 96 81 57 68 68 74 59 92 93 119 55 69 115 78 65 118 106 103 73 108 54 108 64 94 96 109 70 120 63 94 66 96 77 101 54 64 103 66 86 80 77 82 65 93 107 107 59 114 116 67 84 99 120 98 59 116 52 62 74 83 118 87 58 58 83 86 106 83 69 52 117 95 101 72 79 66 80 115 104 87 77 56 90 51 79 100 116 69 67 70 53 120 94 68 118 86 82 94 72 61 50 108 120 51 69 115 90 56 95 62 101 84 200
922
0 0 0 0 0 0 0 0 0 0 0 0 0 0 0 0 0 0 0 0 0 0 0 0 0 0 0 0 0 0 0 0 0 0 0 0 0 0 0 0 0 0 0 0 0 0 0 0 0 0 0 0 0 0 0 0 0 0 0 0 0 0 0 0 0 0 0 0 0 0 0 0 0 0 0 0 0 0 0 0 0 0 0 0 0 0 0 0 0 0 0 0 0 0 0 0 0 0 0 0 0 0 0 0 0 0 0 0 0 0 0 0 0 0 0 0 0 0 0 0 0 0 0 0 0 0 0 0 0 0 0 0 0 0 0 0 0 0 0 0 0 0 0 0 0 0 0 0 0 0 0 0 0 0 0 0 0 0 0 0 0 0 0 0 0 0 0 0 0 0 0 0 0 0 0 0 0 0 0 0 0 0 0 0 0 0 0 0 0 0 0 0 0 0 0 0 0 0 0 0 0 0 0 0 0 0 0 0 0 0 0 0 0 0 0 0 0 0 0 0 0 0 0 0 0 0 0 0 0 0 0 0 0 0 0 0 0 0 0 0 0 0 0 0 0 0 0 0 0 0 0 0 0 0 0 0 0 0 0 0 0 0 0 0 0 0 0 0 0 0 0 0 0 0 0 0 0 0 0 0 0 0 0 0 0 0 0 0 0 0 0 0 0 0 0 0 0 0 0 0 0 0 0 0 0 0 0 0 0 0 0 0 0 0 0 0 0 0 0 0 0 0 0 0 0 0 0 0 0 0 0 0 0 0 0 0 0 0 0 0 0 0 0 0 0 0 0 0 0 0 0 0 0 0 0 0 0 0 0 0 0 0 0 0 0 0 0 0 0 0 0 0 0 0 0 0 0 0 0 0 0 0 0 0 0 0 0 0 0 0 0 0 0 0 0 0 0 0 0 0 0 0 0 0 0 0 0 0 0 0 0 0 0 0 0 0 0 0 0 0 0 0 0 0 0 0 0 0 0 0 0 0 0 0 0 0 0 0 0 0 0 0 0 0 0 0 0 0 0 0 0 0 0 0 0 0 0 0 0 0 0 0 0 0 0 0 0 0 0 0 0 0 0 0 0 0 0 0 0 0 0 0 0 0 0 0 0 0 0 0 0 0 0 0 0 0 0 0 0 0 0 0 0 0 0 0 0 0 0 0 0 0 0 0 0 0 0 0 0 0 0 0 0 0 0 0 0 0 0 0 0 0 0 0 0 0 0 0 0 0 0 0 0 0 0 0 0 0 0 0 0 0 0 0 0 0 0 0 0 0 0 0 0 0 0 0 0 0 0 0 0 0 0 0 0 0 0 0 0 0 0 0 0 0 0 0 0 0 0 0 0 0 0 0 0 0 0 0 0 0 0 0 0 0 0 0 0 0 0 0 0 0 0 0 0 0 0 0 0 0 0 0 0 0 0 0 0 0 0 0 0 0 0 0 0 0 0 0 0 0 0 0 0 0 0 0 0 0 0 0 0 0 0 0 0 0 0 0 0 0 0 0 0 0 0 0 0 0 0 0 0 0 0 0 0 0 0 0 0 0 0 0 0 0 0 0 0 0 0 0 0 0 0 0 0 0 0 0 0 0 0 0 0 0 0 0 0 0 0 0 0 0 0 0 0 0 0 0 0 0 0 0 0 0 0 0 0 0 0 0 0 0 0 0 0 0 0 0 0 0 0 0 0 0 0 0 0 0 0 0 0 0 0 0 0 0 0 0 0 0 0 0 0 0 0 0 0 0 0 0 0 0 0 0 0 0 0 0 0 0 0 0 0 0 0 0 0 0 0 0 0 0 0 0 0 0 0 0 0 0 0 0 0 0 0 0 0 0 0 0 0 0 0 0 0 0 0 0 0 0 0 0 0 0 0 0 0 0 0 0 0 0 0 0 0 0 0 0 0 0 0 0 0 0 0 0 0 0 0 0 0 0 0 0 0 0 0 0 0 0 0 0 0 0 0 0 0 0 0 0 0 0 0 0 0 0 0 0 0 0 0 0 0 0 0 0 0 0 0 0 0 0 0 0 0 0 0 0 0 0 0 0 0 0 0 0 0 0 0 0 0 0 0 0 0 0 0 0 0 0 0 0
900
200 200 200 200 200 200 200 200 200 200 200 200 200 200 200 200 200 200 200 200 200 200 200 200 200 200 200 200 200 200 200 200 200 200 200 200 200 200 200 200 200 200 200 200 200 200 200 200 200 200 200 200 200 200 200 200 200 200 200 200 200 200 200 200 200 200 200 200 200 200 200 200 200 200 200 200 200 200 200 200 200 200 200 200 200 200 200 200 200 200 200 200 200 200 200 200 200 200 200 200 200 200 200 200 200 200 200 200 200 200 200 200 200 200 200 200 200 200 200 200 200 200 200 200 200 200 200 200 200 200 200 200 200 200 200 200 200 200 200 200 200 200 200 200 200 200 200 200 200 200 200 200 200 200 200 200 200 200 200 200 200 200 200 200 200 200 200 200 200 200 200 200 200 200 200 200 200 200 200 200 200 200 200 200 200 200 200 200 200 200 200 200 200 200 200 200 200 200 200 200 200 200 200 200 200 200 200 200 200 200 200 200 200 200 200 200 200 200 200 200 200 200 200 200 200 200 200 200 200 200 200 200 200 200 200 200 200 200 200 200 200 200 200 200 200 200 200 200 200 200 200 200 200 200 200 200 200 200 200 200 200 200 200 200 200 200 200 200 200 200 200 200 200 200 200 200 200 200 200 200 200 200 200 200 200 200 200 200 200 200 200 200 200 200 200 200 200 200 200 200 200 200 200 200 200 200 200 200 200 200 200 200 200 200 200 200 200 200 200 200 200 200 200 200 200 200 200 200 200 200 200 200 200 200 200 200 200 200 200 200 200 200 200 200 200 200 200 200 200 200 200 200 200 200 200 200 200 200 200 200 200 200 200 200 200 200 200 200 200 200 200 200 200 200 200 200 200 200 200 200 200 200 200 200 200 200 200 200 200 200 200 200 200 200 200 200 200 200 200 200 200 200 200 200 200 200 200 200 200 200 200 200 200 200 200 200 200 200 200 200 200 200 200 200 200 200 200 200 200 200 200 200 200 200 200 200 200 200 200 200 200 200 200 200 200 200 200 200 200 200 200 200 200 200 200 200 200 200 200 200 200 200 200 200 200 200 200 200 200 200 200 200 200 200 200 200 200 200 200 200 200 200 200 200 200 200 200 200 200 200 200 200 200 200 200 200 200 200 200 200 200 200 200 200 200 200 200 200 200 200 200 200 200 200 200 200 200 200 200 200 200 200 200 200 200 200 200 200 200 200 200 200 200 200 200 200 200 200 200 200 200 200 200 200 200 200 200 200 200 200 200 200 200 200 200 200 200 200 200 200 200 200 200 200 200 200 200 200 200 200 200 200 200 200 200 200 200 200 200 200 200 200 200 200 200 200 200 200 200 200 200 200 200 200 200 200 200 200 200 200 200 200 200 200 200 200 200 200 200 200 200 200 200 200 200 200 200 200 200 200 200 200 200 200 200 200 200 200 200 200 200 200 200 200 200 200 200 200 200 200 200 200 200 200 200 200 200 200 200 200 200 200 200 200 200 200 200 200 200 200 200 200 200 200 200 200 200 200 200 200 200 200 200 200 200 200 200 200 200 200 200 200 200 200 200 200 200 200 200 200 200 200 200 200 200 200 200 200 200 200 200 200 200 200 200 200 200 200 200 200 200 200 200 200 200 200 200 200 200 200 200 200 200 200 200 200 200 200 200 200 200 200 200 200 200 200 200 200 200 200 200 200 200 200 200 200 200 200 200 200 200 200 200 200 200 200 200 200 200 200 200 200 200 200 200 200 200 200 200 200 200 200 200 200 200 200 200 200 200 200 200 200 200 200 200 200 200 200 200 200 200 200 200 200 200 200 200 200 200 200 200 200 200 200 200 200 200 200 200 200 200 200 200 200 200 200 200 200 200 200 200 200 200 200 200 200 200 200 200 200 200 200 200 200 200 200 200 200 200 200 200 200 200 200 200 200 200 200 200 200 200 200 200 200 200 200 200 200 200 200 200 200 200 200 200 200 200 200 200 200 200 200 200 200 200 200 200 200 200 200 200 200 200 200 200 200 200 200 200 200 200 200 200 200 200 200 200 200 200 200
873
200 200 200 200 200 200 200 200 200 200 200 200 200 200 200 200 200 200 200 200 200 200 200 200 200 200 200 200 200 200 200 200 200 200 200 200 200 200 200 200 200 200 200 200 200 200 200 200 200 200 200 200 200 200 200 200 200 200 200 200 200 200 200 200 200 200 200 200 200 200 200 200 200 200 200 200 200 200 200 200 200 200 200 200 200 200 200 200 200 200 200 200 200 200 200 200 200 200 200 200 200 200 200 200 200 200 200 200 200 200 200 200 200 200 200 200 200 200 200 200 200 200 200 200 200 200 200 200 200 200 200 200 200 200 200 200 200 200 200 200 200 200 200 200 200 200 200 200 200 200 200 200 200 200 200 200 200 200 200 200 200 200 200 200 200 200 200 200 200 200 200 200 200 200 200 200 200 200 200 200 200 200 200 200 200 200 200 200 200 200 200 200 200 200 200 200 200 200 200 200 200 200 200 200 200 200 200 200 200 200 200 200 200 200 200 200 200 200 200 200 200 200 200 200 200 200 200 200 200 200 200 200 200 200 200 200 200 200 200 200 200 200 200 200 200 200 200 200 200 200 200 200 200 200 200 200 200 200 200 200 200 200 200 200 200 200 200 200 200 200 200 200 200 200 200 200 200 200 200 200 200 200 200 200 200 200 200 200 200 200 200 200 200 200 200 200 200 200 200 200 200 200 200 200 200 200 200 200 200 200 200 200 200 200 200 200 200 200 200 200 200 200 200 200 200 200 200 200 200 200 200 200 200 200 200 200 200 200 200 200 200 200 200 200 200 200 200 200 200 200 200 200 200 200 200 200 200 200 200 200 200 200 200 200 200 200 200 200 200 200 200 200 200 200 200 200 200 200 200 200 200 200 200 200 200 200 200 200 200 200 200 200 200 200 200 200 200 200 200 200 200 200 200 200 200 200 200 200 200 200 200 200 200 200 200 200 200 200 200 200 200 200 200 200 200 200 200 200 200 200 200 200 200 200 200 200 200 200 200 200 200 200 200 200 200 200 200 200 200 200 200 200 200 200 200 200 200 200 200 200 200 200 200 200 200 200 200 200 200 200 200 200 200 200 200 200 200 200 200 200 200 200 200 200 200 200 200 200 200 200 200 200 200 200 200 200 200 200 200 200 200 200 200 200 200 200 200 200 200 200 200 200 200 200 200 200 200 200 200 200 200 200 200 200 200 200 200 200 200 200 200 200 200 200 200 200 200 200 200 200 200 200 200 200 200 200 200 200 200 200 200 200 200 200 200 200 200 200 200 200 200 200 200 200 200 200 200 200 200 200 200 200 200 200 200 200 200 200 200 200 200 200 200 200 200 200 200 200 200 200 200 200 200 200 200 200 200 200 200 200 200 200 200 200 200 200 200 200 200 200 200 200 200 200 200 200 200 200 200 200 200 200 200 200 200 200 200 200 200 200 200 200 200 200 200 200 200 200 200 200 200 200 200 200 200 200 200 200 200 200 200 200 200 200 200 200 200 200 200 200 200 200 200 200 200 200 200 200 200 200 200 200 200 200 200 200 200 200 200 200 200 200 200 200 200 200 200 200 200 200 200 200 200 200 200 200 200 200 200 200 200 200 200 200 200 200 200 200 200 200 200 200 200 200 200 200 200 200 200 200 200 200 200 200 200 200 200 200 200 200 200 200 200 200 200 200 200 200 200 200 200 200 200 200 200 200 200 200 200 200 200 200 200 200 200 200 200 200 200 200 200 200 200 200 200 200 200 200 200 200 200 200 200 200 200 200 200 200 200 200 200 200 200 200 200 200 200 200 200 200 200 200 200 200 200 200 200 200 200 200 200 200 200 200 200 200 200 200 200 200 200 200 200 200 200 200 200 200 200 200 200 200 200 200 200 200 200 200 200 200 200 200 200 200 200 200 200 200 200 200 200 200 200 200 200 200 200 200 200 200 200 200 200 200 200 200 200 200 200 200 200 200 200 200 200 200 200 200 200 200 200 200 200
772
0 200 108 85 100 63 57 83 63 80 95 58 113 58 53 103 114 79 92 55 108 114 87 92 56 111 77 119 58 60 80 70 110 87 101 63 92 117 52 101 99 85 69 75 92 61 98 114 50 74 85 66 78 95 108 64 101 83 95 77 85 115 89 110 56 93 85 96 119 72 77 73 102 120 113 77 91 103 83 80 103 113 109 70 93 105 102 95 106 117 74 85 60 57 112 83 111 65 95 74 85 75 88 50 86 110 74 108 87 106 113 73 91 108 60 65 95 120 67 73 65 51 67 86 110 95 86 60 74 105 114 83 114 64 85 75 80 116 110 58 70 77 74 119 73 99 69 73 76 112 79 86 117 117 95 111 98 105 85 54 81 57 55 97 53 115 89 64 109 100 84 60 101 115 81 105 50 85 119 105 107 110 111 111 88 115 107 50 68 111 73 75 69 106 101 84 116 71 70 70 64 118 53 102 86 68 76 50 101 53 86 113 64 81 82 98 95 112 53 106 72 101 71 116 66 96 60 86 114 118 75 58 70 58 67 88 69 117 90 80 108 75 117 70 103 88 52 55 59 79 105 116 81 67 119 58 111 55 85 107 106 54 93 120 52 88 101 73 80 108 69 93 70 81 113 58 73 56 62 55 115 64 76 97 86 57 63 68 84 96 60 74 61 71 108 95 54 51 66 80 115 97 54 112 104 90 58 57 53 70 62 109 55 114 70 98 59 61 77 106 73 70 51 94 85 69 72 111 80 104 88 104 118 96 82 85 83 67 55 77 93 92 83 83 57 112 117 93 113 70 106 92 82 105 111 72 82 109 120 52 68 86 96 61 111 71 73 57 111 50 84 58 60 72 110 87 76 109 117 57 117 109 69 64 65 119 110 88 59 61 95 50 95 106 71 103 68 105 70 88 113 92 115 71 54 52 72 105 115 111 114 66 59 83 97 71 87 110 96 120 75 85 118 80 50 118 111 76 54 112 70 116 107 94 110 118 117 99 85 100 91 67 53 53 50 63 120 83 53 83 81 53 77 93 111 64 62 55 103 103 59 109 59 51 99 76 79 82 102 102 78 87 59 96 86 114 55 77 53 55 65 58 105 116 76 111 81 83 69 81 56 58 69 72 84 53 87 81 100 99 53 92 103 119 120 74 58 79 69 86 81 91 115 91 115 56 108 118 85 98 118 97 113 81 100 84 95 70 108 78 93 85 54 88 90 92 114 75 92 114 58 90 50 58 99 95 102 82 105 106 88 112 80 56 76 119 64 97 107 120 98 104 73 73 59 109 88 106 66 76 53 108 108 82 95 88 101 95 100 71 87 94 119 109 89 85 88 76 81 119 65 54 96 114 112 80 116 59 92 73 95 99 99 104 113 53 75 67 113 50 120 63 120 57 51 64 113 56 61 80 81 116 117 80 104 120 61 109 107 67 79 59 78 72 50 86 72 102 71 101 88 106 97 54 114 66 54 95 81 105 71 99 115 80 67 113 116 72 52 86 64 74 63 90 60 94 107 59 81 118 105 66 79 79 98 69 55 102 107 74 114 55 101 98 90 108 74 84 85 82 86 90 95 55 75 111 96 73 71 78 108 76 73 62 78 64 118 99 72 120 98 73 75 103 80 70 58 96 65 99 65 67 111 108 99 80 90 62 112 79 95 65 80 92 59 118 83 92 75 114 113 99 93 90 55 50 53 83 54 71 73 105 111 110 112 51 102 106 93 60 56 93 103 90 110 94 87 96 83 97 91 200
586
0 0 0 0 0 0 0 0 0 0 0 0 0 0 0 0 0 0 0 0 0 0 0 0 0 0 0 0 0 0 0 0 0 0 0 0 0 0 0 0 0 0 0 0 0 0 0 0 0 0 0 0 0 0 0 0 0 0 0 0 0 0 0 0 0 0 0 0 0 0 0 0 0 0 0 0 0 0 0 0 0 0 0 0 0 0 0 0 0 0 0 0 0 0 0 0 0 0 0 0 0 0 0 0 0 0 0 0 0 0 0 0 0 0 0 0 0 0 0 0 0 0 0 0 0 0 0 0 0 0 0 0 0 0 0 0 0 0 0 0 0 0 0 0 0 0 0 0 0 0 0 0 0 0 0 0 0 0 0 0 0 0 0 0 0 0 0 0 0 0 0 0 0 0 0 0 0 0 0 0 0 0 0 0 0 0 0 0 0 0 0 0 0 0 0 0 0 0 0 0 0 0 0 0 0 0 0 0 0 0 0 0 0 0 0 0 0 0 0 0 0 0 0 0 0 0 0 0 0 0 0 0 0 0 0 0 0 0 0 0 0 0 0 0 0 0 0 0 0 0 0 0 0 0 0 0 0 0 0 0 0 0 0 0 0 0 0 0 0 0 0 0 0 0 0 0 0 0 0 0 0 0 0 0 0 0 0 0 0 0 0 0 0 0 0 0 0 0 0 0 0 0 0 0 0 0 0 0 0 0 0 0 0 0 0 0 0 0 0 0 0 0 0 0 0 0 0 0 0 0 0 0 0 0 0 0 0 0 0 0 0 0 0 0 0 0 0 0 0 0 0 0 0 0 0 0 0 0 0 0 0 0 0 0 0 0 0 0 0 0 0 0 0 0 0 0 0 0 0 0 0 0 0 0 0 0 0 0 0 0 0 0 0 0 0 0 0 0 0 0 0 0 0 0 0 0 0 0 0 0 0 0 0 0 0 0 0 0 0 0 0 0 0 0 0 0 0 0 0 0 0 0 0 0 0 0 0 0 0 0 0 0 0 0 0 0 0 0 0 0 0 0 0 0 0 0 0 0 0 0 0 0 0 0 0 0 0 0 0 0 0 0 0 0 0 0 0 0 0 0 0 0 0 0 0 0 0 0 0 0 0 0 0 0 0 0 0 0 0 0 0 0 0 0 0 0 0 0 0 0 0 0 0 0 0 0 0 0 0 0 0 0 0 0 0 0 0 0 0 0 0 0 0 0 0 0 0 0 0 0 0 0 0 0 0 0 0 0 0 0 0 0 0 0 0 0 0 0 0 0 0 0 0 0 0 0 0 0 0 0 0 0 0 0 0 0 0 0 0 0 0 0 0 0 0 0
256
0 0 0 0 0 0 0 0 0 0 0 0 0 0 0 0 0 0 0 0 0 0 0 0 0 0 0 0 0 0 0 0 0 0 0 0 0 0 0 0 0 0 0 0 0 0 0 0 0 0 0 0 0 0 0 0 0 0 0 0 0 0 0 0 0 0 0 0 0 0 0 0 0 0 0 0 0 0 0 0 0 0 0 0 0 0 0 0 0 0 0 0 0 0 0 0 0 0 0 0 0 0 0 0 0 0 0 0 0 0 0 0 0 0 0 0 0 0 0 0 0 0 0 0 0 0 0 0 0 0 0 0 0 0 0 0 0 0 0 0 0 0 0 0 0 0 0 0 0 0 0 0 0 0 0 0 0 0 0 0 0 0 0 0 0 0 0 0 0 0 0 0 0 0 0 0 0 0 0 0 0 0 0 0 0 0 0 0 0 0 0 0 0 0 0 0 0 0 0 0 0 0 0 0 0 0 0 0 0 0 0 0 0 0 0 0 0 0 0 0 0 0 0 0 0 0 0 0 0 0 0 0 0 0 0 0 0 0 0 0 0 0 0 0 0 0 0 0 0 0 0 0 0 0 0 0
498
5 19 8 7 9 17 173 18 15 20 164 6 7 14 6 163 19 14 13 10 2 7 10 9 18 9 6 0 4 3 20 5 192 13 14 1 4 0 153 189 9 6 5 16 5 8 2 4 14 8 175 15 16 16 5 20 150 10 10 171 8 1 0 19 7 11 156 188 11 6 2 20 14 8 17 4 10 10 0 16 8 20 5 20 20 155 12 1 13 4 15 11 18 20 20 4 193 16 171 185 163 15 10 10 2 1 8 3 3 6 160 8 2 13 20 16 13 12 6 6 13 12 0 6 13 17 15 4 175 1 5 162 4 1 171 19 194 0 171 14 15 17 19 8 10 172 17 0 16 11 7 19 6 2 13 11 11 157 12 18 5 11 166 192 190 11 19 12 1 3 10 9 200 185 2 15 7 20 2 6 14 11 11 10 189 7 12 5 5 19 0 4 18 2 7 172 199 8 200 6 0 17 9 17 8 13 6 6 20 4 5 174 185 6 15 14 17 0 18 10 158 12 10 18 18 168 183 5 160 2 5 11 15 2 3 6 10 16 9 195 16 192 2 171 16 3 12 16 13 15 6 197 20 13 5 161 157 20 192 20 13 10 13 9 9 6 14 11 9 10 16 155 2 19 14 183 20 163 14 14 20 166 172 3 190 6 3 16 200 16 192 9 198 7 176 0 19 4 152 0 17 8 172 14 16 17 184 0 0 1 8 18 14 155 193 17 0 9 173 188 4 154 18 16 9 164 179 14 177 0 11 161 15 10 168 192 3 183 12 20 4 12 8 175 10 12 5 18 7 165 6 173 1 17 2 14 6 10 174 17 157 15 195 18 195 16 8 191 15 12 2 155 6 19 7 9 155 10 13 18 2 2 2 179 3 12 178 15 10 18 16 3 1 15 6 10 0 170 18 4 2 9 2 193 160 170 20 0 4 20 3 8 8 3 5 18 14 155 169 2 157 2 16 15 159 1 11 190 192 10 4 4 189 176 18 157 3 5 20 160 5 2 10 3 6 5 154 5 10 185 19 13 176 8 164 1 11 192 186 172 8 8 182 12 10 6 10 3 2 0 20 12 179 161 12 176 12 18 13 17 19 14 9 154 0 160 185 12 20 8 3 12 6 196 14 7 5 17
652
200 200 200 200 200 200 200 200 200 200 200 200 200 200 200 200 200 200 200 200 200 200 200 200 200 200 200 200 200 200 200 200 200 200 200 200 200 200 200 200 200 200 200 200 200 200 200 200 200 200 200 200 200 200 200 200 200 200 200 200 200 200 200 200 200 200 200 200 200 200 200 200 200 200 200 200 200 200 200 200 200 200 200 200 200 200 200 200 200 200 200 200 200 200 200 200 200 200 200 200 200 200 200 200 200 200 200 200 200 200 200 200 200 200 200 200 200 200 200 200 200 200 200 200 200 200 200 200 200 200 200 200 200 200 200 200 200 200 200 200 200 200 200 200 200 200 200 200 200 200 200 200 200 200 200 200 200 200 200 200 200 200 200 200 200 200 200 200 200 200 200 200 200 200 200 200 200 200 200 200 200 200 200 200 200 200 200 200 200 200 200 200 200 200 200 200 200 200 200 200 200 200 200 200 200 200 200 200 200 200 200 200 200 200 200 200 200 200 200 200 200 200 200 200 200 200 200 200 200 200 200 200 200 200 200 200 200 200 200 200 200 200 200 200 200 200 200 200 200 200 200 200 200 200 200 200 200 200 200 200 200 200 200 200 200 200 200 200 200 200 200 200 200 200 200 200 200 200 200 200 200 200 200 200 200 200 200 200 200 200 200 200 200 200 200 200 200 200 200 200 200 200 200 200 200 200 200 200 200 200 200 200 200 200 200 200 200 200 200 200 200 200 200 200 200 200 200 200 200 200 200 200 200 200 200 200 200 200 200 200 200 200 200 200 200 200 200 200 200 200 200 200 200 200 200 200 200 200 200 200 200 200 200 200 200 200 200 200 200 200 200 200 200 200 200 200 200 200 200 200 200 200 200 200 200 200 200 200 200 200 200 200 200 200 200 200 200 200 200 200 200 200 200 200 200 200 200 200 200 200 200 200 200 200 200 200 200 200 200 200 200 200 200 200 200 200 200 200 200 200 200 200 200 200 200 200 200 200 200 200 200 200 200 200 200 200 200 200 200 200 200 200 200 200 200 200 200 200 200 200 200 200 200 200 200 200 200 200 200 200 200 200 200 200 200 200 200 200 200 200 200 200 200 200 200 200 200 200 200 200 200 200 200 200 200 200 200 200 200 200 200 200 200 200 200 200 200 200 200 200 200 200 200 200 200 200 200 200 200 200 200 200 200 200 200 200 200 200 200 200 200 200 200 200 200 200 200 200 200 200 200 200 200 200 200 200 200 200 200 200 200 200 200 200 200 200 200 200 200 200 200 200 200 200 200 200 200 200 200 200 200 200 200 200 200 200 200 200 200 200 200 200 200 200 200 200 200 200 200 200 200 200 200 200 200 200 200 200 200 200 200 200 200 200 200 200 200 200 200 200 200 200 200 200 200 200 200 200 200 200 200 200 200 200 200 200 200 200 200 200 200 200 200 200 200 200 200 200 200 200 200 200 200 200 200 200 200 200 200 200 200 200
594
15 3 4 13 12 183 186 15 14 182 12 3 13 173 17 166 17 20 162 3 172 4 16 2 176 10 19 194 19 15 187 158 175 171 3 7 20 13 15 6 8 9 2 20 1 161 18 7 17 164 9 8 176 199 17 194 17 16 187 5 20 1 14 5 16 182 12 4 8 18 160 10 10 0 20 14 12 12 17 184 10 17 15 3 189 15 162 20 17 4 3 1 7 13 6 161 11 0 17 0 9 12 154 17 8 19 4 2 7 15 5 8 9 13 10 5 13 15 186 4 5 150 20 15 9 8 13 14 20 20 12 16 162 160 10 16 1 9 179 157 7 9 4 16 11 16 12 11 16 186 19 13 185 5 6 4 163 15 19 192 197 14 165 177 13 20 195 15 20 160 164 13 6 197 10 185 13 8 17 180 10 15 179 162 5 7 176 0 14 8 19 7 1 8 6 8 10 20 16 160 197 189 3 17 17 6 13 13 2 12 5 17 19 3 190 4 5 3 10 5 192 19 1 3 1 19 6 5 3 20 7 5 2 10 10 174 0 16 186 2 7 150 16 3 3 14 179 4 19 14 9 152 9 193 18 9 15 4 13 11 1 17 20 195 1 5 4 17 16 3 15 2 5 14 1 18 157 168 15 163 178 20 9 8 14 2 13 16 17 184 171 18 196 0 5 12 157 4 11 6 19 0 200 19 154 2 4 2 11 20 158 166 5 2 19 9 193 7 10 20 6 8 1 4 7 5 191 8 12 8 182 14 19 156 163 9 194 18 19 12 16 14 19 16 19 19 19 4 172 152 176 12 15 15 4 16 17 154 20 20 16 15 1 182 13 12 11 12 9 193 19 168 10 15 5 2 5 19 12 9 10 152 6 6 156 153 4 1 8 3 4 1 19 13 0 20 6 9 154 1 3 175 17 16 19 181 8 3 1 13 10 14 6 4 178 11 16 15 16 6 11 0 11 3 15 18 9 12 12 6 18 11 18 17 2 10 10 20 187 12 19 15 17 4 181 18 19 14 160 158 14 10 15 16 1 2 2 2 12 8 0 151 14 14 20 162 189 1 13 2 1 6 16 19 1 15 0 10 3 0 4 157 8 4 13 188 18 186 6 19 2 184 194 19 7 20 10 14 20 20 14 11 17 15 20 14 2 4 6 5 17 20 20 177 3 191 2 172 20 187 180 9 7 174 189 11 18 11 150 7 10 175 4 150 4 12 5 13 12 3 6 0 7 3 15 14 0 0 20 13 18 4 16 18 9 13 0 12 8 5 19 13 10 13 5 167 11 172 12 3 15 179 4 152 9 157 8 20 15 11 183 160 16 19 7 154 18 18 157 18 19 12 2 8
400
51 51 51 28 28 51 181 51 28 181 181 51 51 28 181 51 28 51 28 51 181 51 28 51 28 51 51 51 28 51 181 28 28 181 28 28 28 181 28 51 28 181 181 28 28 28 51 51 181 181 181 181 28 51 51 181 28 181 51 51 28 51 181 28 51 181 51 181 28 28 181 51 28 181 181 28 181 51 28 51 28 28 181 28 51 28 51 51 28 181 181 181 181 181 28 28 181 28 51 51 181 51 51 51 28 28 181 181 28 28 51 28 181 51 28 51 28 181 51 181 181 28 181 28 51 51 181 28 51 28 181 51 51 181 51 51 28 181 181 181 51 51 51 28 181 28 51 28 51 51 51 181 28 51 28 51 28 28 28 181 51 28 28 181 51 181 51 181 181 28 28 51 51 28 28 51 181 51 181 181 181 28 51 181 181 51 181 51 28 181 51 181 51 181 181 181 28 51 28 28 51 28 28 181 181 28 51 51 181 181 51 181 51 51 181 28 181 28 181 181 181 28 181 51 51 181 181 28 181 51 51 51 28 51 181 51 28 181 181 51 181 28 28 28 28 28 28 181 181 51 28 51 181 28 181 28 181 181 51 181 28 181 181 181 28 181 51 28 28 51 51 181 28 28 51 181 181 51 51 51 28 28 181 51 181 51 181 28 28 181 51 28 181 51 28 181 28 181 28 181 51 181 51 28 181 181 28 181 51 181 51 181 28 181 28 28 28 51 28 51 28 28 51 181 51 181 28 51 51 181 28 28 51 181 51 181 181 51 181 51 51 51 28 181 181 51 51 51 28 181 51 51 28 28 28 51 28 28 181 28 28 181 28 51 181 181 51 28 181 181 28 181 51 28 51 51 51 181 51 51 51 51 28 181 28 51 28 28 51 51 51 181 181 181 181 51 181 28 51 28
22
0 0 0 0 0 0 0 0 0 0 0 0 0 0 0 0 0 0 0 0 0 0
303
0 200 57 99 73 119 106 117 90 63 99 64 84 59 89 104 67 66 59 86 85 71 111 120 68 88 79 93 110 53 107 118 100 63 90 94 112 100 76 71 115 109 95 56 94 69 90 51 55 64 81 99 84 59 108 82 105 118 100 112 87 68 98 119 106 103 75 102 69 60 51 78 72 78 56 57 101 90 109 84 61 106 55 91 59 109 85 56 52 51 53 81 80 78 84 67 73 98 93 108 116 102 98 119 106 94 67 50 80 82 70 116 110 57 71 86 56 88 86 99 119 65 111 86 69 118 100 64 80 88 64 78 81 109 57 55 83 102 78 95 69 51 99 102 90 86 119 72 66 97 61 74 81 74 106 78 65 97 100 64 79 110 58 94 83 86 78 112 107 115 60 97 51 80 96 78 104 87 107 73 117 88 114 61 86 90 55 70 55 93 101 79 98 76 108 72 112 70 107 62 98 65 55 77 68 115 92 101 89 59 80 58 91 97 52 79 110 78 65 89 95 72 75 52 97 102 77 78 90 62 82 82 73 90 58 75 59 77 111 70 74 83 67 83 75 71 62 94 117 107 80 74 107 115 112 58 91 106 86 76 62 73 76 106 94 63 106 82 84 100 67 93 77 99 71 96 99 94 73 69 60 73 92 85 59 76 60 53 88 107 94 77 91 64 64 93 119 74 51 51 86 79 200
136
7 87 9 10 157 113 162 85 65 24 153 142 72 89 91 101 74 89 131 165 38 59 14 182 17 91 158 149 174 13 74 191 32 19 149 74 200 46 22 154 130 124 100 197 180 25 102 54 68 175 13 3 96 28 155 118 16 47 54 118 197 177 104 86 30 41 86 83 138 95 89 55 192 170 85 46 20 146 89 184 107 181 84 45 192 135 142 134 7 46 74 4 158 169 136 65 36 36 164 12 117 106 17 146 30 120 125 23 199 107 85 174 106 77 114 14 97 123 4 177 38 98 134 147 106 95 66 174 150 191 177 86 2 182 84 58
833
0 0 0 0 0 0 0 0 0 0 0 0 0 0 0 0 0 0 0 0 0 0 0 0 0 0 0 0 0 0 0 0 0 0 0 0 0 0 0 0 0 0 0 0 0 0 0 0 0 0 0 0 0 0 0 0 0 0 0 0 0 0 0 0 0 0 0 0 0 0 0 0 0 0 0 0 0 0 0 0 0 0 0 0 0 0 0 0 0 0 0 0 0 0 0 0 0 0 0 0 0 0 0 0 0 0 0 0 0 0 0 0 0 0 0 0 0 0 0 0 0 0 0 0 0 0 0 0 0 0 0 0 0 0 0 0 0 0 0 0 0 0 0 0 0 0 0 0 0 0 0 0 0 0 0 0 0 0 0 0 0 0 0 0 0 0 0 0 0 0 0 0 0 0 0 0 0 0 0 0 0 0 0 0 0 0 0 0 0 0 0 0 0 0 0 0 0 0 0 0 0 0 0 0 0 0 0 0 0 0 0 0 0 0 0 0 0 0 0 0 0 0 0 0 0 0 0 0 0 0 0 0 0 0 0 0 0 0 0 0 0 0 0 0 0 0 0 0 0 0 0 0 0 0 0 0 0 0 0 0 0 0 0 0 0 0 0 0 0 0 0 0 0 0 0 0 0 0 0 0 0 0 0 0 0 0 0 0 0 0 0 0 0 0 0 0 0 0 0 0 0 0 0 0 0 0 0 0 0 0 0 0 0 0 0 0 0 0 0 0 0 0 0 0 0 0 0 0 0 0 0 0 0 0 0 0 0 0 0 0 0 0 0 0 0 0 0 0 0 0 0 0 0 0 0 0 0 0 0 0 0 0 0 0 0 0 0 0 0 0 0 0 0 0 0 0 0 0 0 0 0 0 0 0 0 0 0 0 0 0 0 0 0 0 0 0 0 0 0 0 0 0 0 0 0 0 0 0 0 0 0 0 0 0 0 0 0 0 0 0 0 0 0 0 0 0 0 0 0 0 0 0 0 0 0 0 0 0 0 0 0 0 0 0 0 0 0 0 0 0 0 0 0 0 0 0 0 0 0 0 0 0 0 0 0 0 0 0 0 0 0 0 0 0 0 0 0 0 0 0 0 0 0 0 0 0 0 0 0 0 0 0 0 0 0 0 0 0 0 0 0 0 0 0 0 0 0 0 0 0 0 0 0 0 0 0 0 0 0 0 0 0 0 0 0 0 0 0 0 0 0 0 0 0 0 0 0 0 0 0 0 0 0 0 0 0 0 0 0 0 0 0 0 0 0 0 0 0 0 0 0 0 0 0 0 0 0 0 0 0 0 0 0 0 0 0 0 0 0 0 0 0 0 0 0 0 0 0 0 0 0 0 0 0 0 0 0 0 0 0 0 0 0 0 0 0 0 0 0 0 0 0 0 0 0 0 0 0 0 0 0 0 0 0 0 0 0 0 0 0 0 0 0 0 0 0 0 0 0 0 0 0 0 0 0 0 0 0 0 0 0 0 0 0 0 0 0 0 0 0 0 0 0 0 0 0 0 0 0 0 0 0 0 0 0 0 0 0 0 0 0 0 0 0 0 0 0 0 0 0 0 0 0 0 0 0 0 0 0 0 0 0 0 0 0 0 0 0 0 0 0 0 0 0 0 0 0 0 0 0 0 0 0 0 0 0 0 0 0 0 0 0 0 0 0 0 0 0 0 0 0 0 0 0 0 0 0 0 0 0 0 0 0 0 0 0 0 0 0 0 0 0 0 0 0 0 0 0 0 0 0 0 0 0 0 0 0 0 0 0 0 0 0 0 0 0 0 0 0 0 0 0 0 0 0 0 0 0 0 0 0 0 0 0 0 0 0 0 0 0 0 0 0 0 0 0 0 0 0 0 0 0 0 0 0 0 0 0 0 0 0 0 0
995
0 0 0 0 0 0 0 0 0 0 0 0 0 0 0 0 0 0 0 0 0 0 0 0 0 0 0 0 0 0 0 0 0 0 0 0 0 0 0 0 0 0 0 0 0 0 0 0 0 0 0 0 0 0 0 0 0 0 0 0 0 0 0 0 0 0 0 0 0 0 0 0 0 0 0 0 0 0 0 0 0 0 0 0 0 0 0 0 0 0 0 0 0 0 0 0 0 0 0 0 0 0 0 0 0 0 0 0 0 0 0 0 0 0 0 0 0 0 0 0 0 0 0 0 0 0 0 0 0 0 0 0 0 0 0 0 0 0 0 0 0 0 0 0 0 0 0 0 0 0 0 0 0 0 0 0 0 0 0 0 0 0 0 0 0 0 0 0 0 0 0 0 0 0 0 0 0 0 0 0 0 0 0 0 0 0 0 0 0 0 0 0 0 0 0 0 0 0 0 0 0 0 0 0 0 0 0 0 0 0 0 0 0 0 0 0 0 0 0 0 0 0 0 0 0 0 0 0 0 0 0 0 0 0 0 0 0 0 0 0 0 0 0 0 0 0 0 0 0 0 0 0 0 0 0 0 0 0 0 0 0 0 0 0 0 0 0 0 0 0 0 0 0 0 0 0 0 0 0 0 0 0 0 0 0 0 0 0 0 0 0 0 0 0 0 0 0 0 0 0 0 0 0 0 0 0 0 0 0 0 0 0 0 0 0 0 0 0 0 0 0 0 0 0 0 0 0 0 0 0 0 0 0 0 0 0 0 0 0 0 0 0 0 0 0 0 0 0 0 0 0 0 0 0 0 0 0 0 0 0 0 0 0 0 0 0 0 0 0 0 0 0 0 0 0 0 0 0 0 0 0 0 0 0 0 0 0 0 0 0 0 0 0 0 0 0 0 0 0 0 0 0 0 0 0 0 0 0 0 0 0 0 0 0 0 0 0 0 0 0 0 0 0 0 0 0 0 0 0 0 0 0 0 0 0 0 0 0 0 0 0 0 0 0 0 0 0 0 0 0 0 0 0 0 0 0 0 0 0 0 0 0 0 0 0 0 0 0 0 0 0 0 0 0 0 0 0 0 0 0 0 0 0 0 0 0 0 0 0 0 0 0 0 0 0 0 0 0 0 0 0 0 0 0 0 0 0 0 0 0 0 0 0 0 0 0 0 0 0 0 0 0 0 0 0 0 0 0 0 0 0 0 0 0 0 0 0 0 0 0 0 0 0 0 0 0 0 0 0 0 0 0 0 0 0 0 0 0 0 0 0 0 0 0 0 0 0 0 0 0 0 0 0 0 0 0 0 0 0 0 0 0 0 0 0 0 0 0 0 0 0 0 0 0 0 0 0 0 0 0 0 0 0 0 0 0 0 0 0 0 0 0 0 0 0 0 0 0 0 0 0 0 0 0 0 0 0 0 0 0 0 0 0 0 0 0 0 0 0 0 0 0 0 0 0 0 0 0 0 0 0 0 0 0 0 0 0 0 0 0 0 0 0 0 0 0 0 0 0 0 0 0 0 0 0 0 0 0 0 0 0 0 0 0 0 0 0 0 0 0 0 0 0 0 0 0 0 0 0 0 0 0 0 0 0 0 0 0 0 0 0 0 0 0 0 0 0 0 0 0 0 0 0 0 0 0 0 0 0 0 0 0 0 0 0 0 0 0 0 0 0 0 0 0 0 0 0 0 0 0 0 0 0 0 0 0 0 0 0 0 0 0 0 0 0 0 0 0 0 0 0 0 0 0 0 0 0 0 0 0 0 0 0 0 0 0 0 0 0 0 0 0 0 0 0 0 0 0 0 0 0 0 0 0 0 0 0 0 0 0 0 0 0 0 0 0 0 0 0 0 0 0 0 0 0 0 0 0 0 0 0 0 0 0 0 0 0 0 0 0 0 0 0 0 0 0 0 0 0 0 0 0 0 0 0 0 0 0 0 0 0 0 0 0 0 0 0 0 0 0 0 0 0 0 0 0 0 0 0 0 0 0 0 0 0 0 0 0 0 0 0 0 0 0 0 0 0 0 0 0 0 0 0 0 0 0 0 0 0 0 0 0 0 0 0 0 0 0 0 0 0 0 0 0 0 0 0 0 0 0 0 0 0 0 0 0 0 0 0 0 0 0 0 0 0 0 0 0 0 0 0 0 0 0 0 0 0 0 0 0 0 0 0 0 0 0 0 0 0 0 0 0 0 0 0 0 0 0 0 0 0 0 0 0 0 0 0 0 0 0 0 0 0 0 0
832
19 2 7 4 10 5 17 14 4 12 14 16 19 0 10 0 5 14 4 5 6 10 9 9 5 10 13 8 1 10 4 20 8 16 17 13 2 14 19 20 6 4 5 3 18 5 3 1 11 20 1 7 15 6 3 3 16 10 9 18 1 10 18 4 11 1 2 18 6 10 19 6 20 1 11 9 20 14 9 18 3 5 15 6 9 4 2 2 16 17 17 6 16 20 13 7 9 10 6 13 2 1 16 3 8 0 2 18 0 10 18 9 0 8 7 19 11 13 2 3 13 2 15 5 6 2 15 8 17 7 6 5 9 20 2 18 7 20 2 19 7 15 5 19 14 17 8 5 15 7 5 10 16 18 16 12 9 11 3 5 19 1 9 5 9 18 20 0 8 1 16 15 11 9 20 9 6 8 9 9 3 3 8 10 15 15 7 15 13 0 20 18 13 12 20 9 10 1 5 16 16 11 15 7 13 7 3 7 10 0 4 4 15 1 20 3 13 11 18 14 17 18 4 12 13 19 0 0 20 16 4 0 8 1 1 20 5 6 6 5 14 0 3 16 2 1 17 0 17 16 16 0 0 18 7 7 19 15 18 7 0 19 6 4 18 7 2 19 7 7 10 11 17 18 6 7 12 0 18 13 3 20 5 11 3 12 0 18 15 11 12 14 7 19 7 19 3 2 4 17 11 1 6 15 2 18 6 3 10 0 18 12 20 8 11 16 11 3 17 17 5 17 12 2 12 0 16 5 16 18 17 11 13 7 13 17 7 4 20 4 9 16 12 9 6 11 19 9 11 16 0 4 9 1 9 19 14 12 19 11 11 14 18 6 4 15 7 11 13 13 19 10 2 19 5 13 12 2 14 5 6 11 12 4 18 11 4 19 5 6 13 8 13 1 19 5 5 19 16 12 15 16 13 10 12 5 18 18 7 4 11 9 2 4 8 2 19 0 6 4 0 16 13 14 5 19 14 0 14 19 3 17 5 14 8 0 4 1 8 10 5 1 10 19 3 13 6 6 16 18 1 15 7 13 12 3 5 17 2 9 16 2 3 8 19 14 4 10 1 7 14 15 19 16 12 13 19 18 10 1 4 2 6 10 8 6 4 0 0 1 1 2 12 19 6 9 5 9 2 11 6 4 8 20 0 14 1 1 12 6 19 17 12 6 3 12 12 4 10 19 17 10 3 13 17 1 1 12 9 19 15 18 4 2 7 2 15 20 1 17 14 14 11 3 20 7 13 14 20 0 18 16 4 11 10 1 11 4 13 12 19 11 4 14 13 16 16 16 20 19 9 19 11 12 13 17 6 13 6 6 3 0 1 17 11 3 7 3 19 18 5 3 5 19 4 14 11 3 4 19 5 14 5 9 5 12 3 5 20 7 17 17 9 19 3 14 18 7 6 1 19 18 15 14 20 10 9 10 0 3 5 9 1 10 6 8 7 14 4 17 4 14 7 15 20 13 5 19 15 5 6 11 14 18 19 12 17 18 12 5 19 5 10 17 3 9 20 13 8 10 6 14 14 11 9 14 4 16 11 1 14 12 12 18 13 5 15 6 4 10 12 4 14 16 10 9 19 20 1 7 7 13 11 14 8 3 8 7 6 12 8 9 8 12 14 5 2 20 9 13 0 10 11 6 15 15 13 2 11 20 3 5 0 6 15 2 19 4 20 17 5 12 16 18 16 7 11 1 8 15 13 12 0 5 6 13 16 10 0 9 13 13 15 7 11 14 13 17 15 6 2 1 10 2 8 14 2 13 18 2 5 7 10 1 1 17 14 2 8 11 2 20 18 11 9 14 14 6 17 4 17 4 6 16 4 7 0 1 3 7 10 18 2 1 10 19 4 14 16 14 16 10 9 6 15 11 15 13 17 8 15 16
859
0 200 112 76 67 58 97 118 120 50 57 82 66 77 83 84 108 76 86 79 52 86 83 73 59 87 95 116 56 79 86 92 51 101 79 101 97 97 96 78 78 102 117 66 81 67 111 96 100 61 104 99 100 107 82 116 106 56 103 63 64 88 73 96 103 105 114 99 105 106 91 84 104 99 105 78 63 94 92 101 99 101 116 102 81 77 105 106 76 93 93 60 78 66 99 59 113 91 70 59 76 65 78 119 59 103 99 96 57 82 67 52 102 108 93 90 118 92 65 62 106 103 92 98 75 65 92 69 78 110 77 65 76 99 57 63 57 74 116 78 69 80 92 68 108 73 66 50 90 94 114 95 118 58 87 57 95 60 116 52 99 115 108 78 86 111 82 95 78 55 105 80 53 61 108 95 103 119 50 86 105 52 89 82 64 80 72 104 69 76 93 85 56 100 81 94 80 98 103 109 83 68 117 95 92 109 118 107 108 58 60 68 102 114 92 57 51 86 81 90 84 107 53 75 81 72 79 53 71 94 68 96 98 78 57 61 96 109 78 78 94 53 96 51 85 58 91 62 72 82 63 57 96 98 99 105 109 59 82 71 58 119 95 104 61 103 101 120 107 60 58 100 58 56 66 112 68 119 85 113 71 96 61 74 58 110 58 62 50 96 96 76 71 62 96 74 85 52 96 95 67 61 74 61 81 81 103 63 57 52 84 114 87 118 54 119 53 73 66 82 102 61 75 78 54 86 103 102 99 100 116 109 103 104 74 91 86 58 58 63 63 52 107 84 114 78 54 52 88 113 94 61 91 82 105 93 118 105 99 79 88 82 55 59 87 65 79 71 111 67 68 64 79 113 112 109 114 63 59 80 51 95 87 60 114 53 93 90 52 53 94 114 90 93 112 67 117 69 59 78 52 119 119 55 85 96 119 54 52 105 90 51 101 63 81 69 72 63 57 63 93 69 93 95 114 91 63 88 70 81 62 95 65 107 117 54 99 71 115 95 75 118 50 93 111 96 54 80 74 54 62 113 74 90 97 109 91 103 59 120 57 83 112 77 58 78 79 96 90 61 94 53 99 84 104 99 101 108 84 70 106 118 109 108 120 101 106 74 117 58 117 97 88 55 98 81 93 105 103 110 69 67 78 106 116 52 79 54 120 69 96 58 118 120 56 101 50 112 94 98 104 107 56 87 60 93 120 56 100 85 117 72 56 51 115 57 65 96 94 109 51 107 58 84 64 94 102 70 51 86 60 112 52 95 102 64 95 104 88 88 73 57 60 78 51 59 113 93 55 95 114 95 118 106 88 81 76 50 95 83 66 58 51 53 100 96 95 73 108 86 60 55 61 85 65 104 108 62 119 110 108 63 91 73 105 50 94 57 73 69 76 102 97 115 103 84 60 73 92 110 64 76 57 73 53 114 78 105 71 114 94 65 59 63 83 73 77 87 83 56 95 54 69 107 64 52 54 77 94 57 60 70 97 93 89 54 106 63 77 55 52 64 68 104 70 68 118 106 110 99 106 65 87 66 58 82 107 100 62 66 89 61 54 81 103 107 108 119 114 113 94 72 99 117 110 60 65 116 55 79 76 100 82 76 55 97 94 74 60 83 101 53 86 71 75 80 68 63 70 90 87 57 74 52 71 50 67 69 112 86 106 76 68 60 88 68 84 95 58 70 76 78 83 59 50 80 88 65 97 58 106 110 90 90 79 114 109 74 107 77 91 65 75 92 98 70 110 115 66 59 101 91 52 106 50 107 74 50 94 56 77 108 58 95 107 72 63 67 109 54 116 98 92 115 89 86 60 94 93 116 90 107 56 51 73 59 58 53 60 102 91 86 86 110 112 119 106 60 95 71 110 100 54 75 88 90 71 87 87 95 109 69 107 68 99 77 98 60 82 99 119 74 119 64 77 101 110 89 116 85 80 73 51 92 93 110 83 54 200
440
200 200 200 200 200 200 200 200 200 200 200 200 200 200 200 200 200 200 200 200 200 200 200 200 200 200 200 200 200 200 200 200 200 200 200 200 200 200 200 200 200 200 200 200 200 200 200 200 200 200 200 200 200 200 200 200 200 200 200 200 200 200 200 200 200 200 200 200 200 200 200 200 200 200 200 200 200 200 200 200 200 200 200 200 200 200 200 200 200 200 200 200 200 200 200 200 200 200 200 200 200 200 200 200 200 200 200 200 200 200 200 200 200 200 200 200 200 200 200 200 200 200 200 200 200 200 200 200 200 200 200 200 200 200 200 200 200 200 200 200 200 200 200 200 200 200 200 200 200 200 200 200 200 200 200 200 200 200 200 200 200 200 200 200 200 200 200 200 200 200 200 200 200 200 200 200 200 200 200 200 200 200 200 200 200 200 200 200 200 200 200 200 200 200 200 200 200 200 200 200 200 200 200 200 200 200 200 200 200 200 200 200 200 200 200 200 200 200 200 200 200 200 200 200 200 200 200 200 200 200 200 200 200 200 200 200 200 200 200 200 200 200 200 200 200 200 200 200 200 200 200 200 200 200 200 200 200 200 200 200 200 200 200 200 200 200 200 200 200 200 200 200 200 200 200 200 200 200 200 200 200 200 200 200 200 200 200 200 200 200 200 200 200 200 200 200 200 200 200 200 200 200 200 200 200 200 200 200 200 200 200 200 200 200 200 200 200 200 200 200 200 200 200 200 200 200 200 200 200 200 200 200 200 200 200 200 200 200 200 200 200 200 200 200 200 200 200 200 200 200 200 200 200 200 200 200 200 200 200 200 200 200 200 200 200 200 200 200 200 200 200 200 200 200 200 200 200 200 200 200 200 200 200 200 200 200 200 200 200 200 200 200 200 200 200 200 200 200 200 200 200 200 200 200 200 200 200 200 200 200 200 200 200 200 200 200 200 200 200 200 200 200 200 200 200 200 200 200 200 200 200 200 200 200 200 200 200 200 200 200
117
0 200 119 95 74 96 91 66 88 98 64 103 108 90 114 66 118 111 95 84 113 68 90 113 65 57 72 97 97 110 72 54 91 84 118 84 69 116 52 80 117 94 107 106 57 51 50 88 77 119 59 119 111 117 111 117 116 67 98 87 83 101 99 72 72 112 120 59 115 120 81 60 58 79 85 105 84 118 107 91 72 66 109 105 80 65 71 59 61 119 112 117 70 108 64 76 77 60 113 108 106 66 99 119 74 70 66 69 62 108 99 87 88 53 60 96 200
34
8 172 159 0 9 10 19 17 191 0 18 17 11 19 16 19 19 12 7 6 20 14 10 150 187 19 19 3 0 174 16 15 16 4
955
10 11 10 3 0 5 20 11 15 9 172 184 10 4 0 4 19 13 164 152 15 153 19 2 1 14 12 20 165 178 181 8 20 1 15 13 11 11 13 11 13 13 6 10 6 6 16 9 17 2 9 9 4 183 199 15 14 9 18 174 20 18 10 189 4 10 4 193 4 0 2 6 14 8 169 16 4 12 6 18 19 19 14 17 5 11 5 14 16 16 15 193 10 17 10 10 18 17 14 156 9 5 0 4 12 157 8 12 15 191 16 10 18 0 182 15 16 19 8 7 6 175 186 14 17 5 17 8 184 160 14 19 7 17 199 18 17 17 4 6 167 2 7 10 18 8 20 20 2 14 176 6 4 150 13 4 4 181 5 15 13 8 9 7 189 191 20 11 13 5 13 180 3 6 0 12 2 4 174 9 11 2 10 19 1 176 164 13 16 5 183 9 180 6 7 173 5 181 188 9 16 2 9 4 19 10 17 12 19 12 13 4 8 7 19 8 12 18 158 195 18 16 3 165 20 16 11 11 20 158 14 16 2 13 191 15 15 2 191 11 159 17 16 9 2 8 196 19 165 7 16 152 4 176 18 189 18 7 1 1 7 18 15 175 20 7 17 13 3 6 3 180 12 173 2 11 0 0 18 157 0 190 1 18 155 8 18 15 10 12 0 196 14 16 14 10 3 180 191 13 12 9 3 15 11 1 153 18 2 9 16 17 180 6 186 15 19 9 159 7 2 0 3 0 2 3 16 5 13 20 4 16 0 7 167 15 1 8 20 17 5 18 177 171 15 20 17 8 11 191 153 10 3 17 11 3 7 10 153 10 0 174 18 11 158 4 16 19 10 10 3 12 5 2 10 0 20 17 1 18 7 10 1 11 187 178 0 13 9 8 20 11 8 3 14 15 8 18 14 186 10 5 15 9 165 10 13 8 162 13 5 16 151 7 13 17 13 20 196 4 5 12 14 16 3 8 11 12 7 173 11 190 156 158 164 172 16 14 9 3 17 10 13 14 18 187 3 5 17 17 171 18 1 16 196 8 10 157 14 13 10 12 16 17 151 0 19 0 151 7 20 152 12 184 13 11 4 152 19 193 15 177 4 0 8 192 6 20 10 12 12 196 1 11 8 181 14 164 155 6 1 194 0 3 190 18 195 4 14 2 2 190 10 12 175 19 6 1 197 18 0 16 1 13 0 1 9 3 5 20 189 2 12 151 11 167 162 16 0 20 13 9 7 3 14 17 1 10 7 13 1 4 10 6 156 20 13 6 1 9 18 1 3 3 2 12 7 5 7 0 15 191 17 20 16 194 9 10 17 8 14 14 190 190 20 13 7 15 1 16 3 12 11 199 0 173 12 189 14 3 9 8 11 175 18 0 9 191 6 167 16 14 8 4 3 15 10 2 19 1 4 185 8 3 184 0 8 9 16 20 0 18 12 152 5 9 20 1 158 156 9 11 160 3 9 188 194 170 15 168 17 10 16 4 3 1 5 182 12 177 163 0 15 199 3 10 15 13 5 19 0 10 8 1 9 18 4 13 19 9 9 182 4 3 162 199 5 18 15 18 157 1 179 193 155 17 0 3 3 179 12 0 10 5 6 20 7 18 150 5 152 20 169 165 20 13 2 16 159 18 0 9 10 11 9 5 0 20 183 10 1 196 181 1 18 9 193 17 17 156 2 2 3 17 14 4 194 7 12 186 20 7 1 19 18 8 153 167 17 20 7 1 19 3 10 5 178 16 17 13 16 3 3 3 194 16 7 7 12 6 11 5 11 10 171 19 188 11 20 9 0 16 18 20 12 5 16 20 8 1 14 2 177 3 6 5 187 19 3 15 7 16 10 156 5 9 1 164 190 186 11 185 4 10 14 4 18 15 13 11 11 2 1 174 10 18 10 9 7 5 8 12 177 197 174 3 2 17 16 0 7 16 152 4 1 3 11 170 14 2 16 10 17 16 10 176 14 5 163 170 19 18 12 18 19 15 15 10 17 16 179 20 16 11 4 8 11 16 12 11 187 19 6 184 7 1 9 18 2 16 14 5 8 1 4 10 19 11 14 192 0 14 191 19 171 10 0 7 18 5 18 15 15 175 167 19 20 199 1 13 20 2 161 16 12 14 9 180 16 194 194 1 159 14 15 6 18 16 155 11 15 9 18 20 9
798
9 4 15 9 19 0 2 12 9 11 6 3 14 12 15 20 0 13 14 12 6 16 8 1 14 7 3 16 6 8 6 2 15 15 8 6 4 16 10 2 0 20 16 15 13 17 12 0 17 4 10 1 11 17 11 7 11 6 20 15 16 6 7 19 16 19 10 9 14 5 13 8 9 4 12 9 17 9 15 7 10 19 1 3 17 3 4 20 10 9 20 18 1 8 20 17 5 0 4 10 10 13 9 17 13 0 11 1 12 20 19 2 9 15 6 18 14 7 3 6 20 7 18 10 19 5 5 0 15 9 0 5 5 19 7 1 2 11 4 20 6 0 18 9 20 19 5 10 2 18 9 15 14 19 8 19 20 2 17 8 14 5 0 3 18 15 18 7 0 17 1 1 1 14 9 19 1 7 3 2 3 18 11 10 6 20 10 3 15 12 10 6 19 17 17 18 6 20 13 4 6 17 17 10 20 0 1 0 7 11 4 6 3 12 12 8 15 18 20 3 10 20 15 14 3 3 3 17 15 8 10 9 20 14 8 19 19 3 2 7 18 0 13 4 4 18 8 1 15 13 15 5 6 17 11 6 15 4 1 17 19 9 6 12 7 5 0 12 5 2 5 7 5 19 20 17 2 5 6 17 8 4 4 9 16 18 3 11 11 8 14 8 17 20 1 15 11 9 14 11 1 13 17 2 20 17 20 6 5 9 14 12 3 0 20 20 12 19 13 17 11 16 1 9 17 20 0 0 3 10 18 5 2 4 4 9 10 6 0 5 17 1 18 8 13 7 10 8 13 8 13 19 12 8 15 8 12 20 2 15 13 14 2 0 19 7 3 14 20 1 13 6 10 15 15 2 20 3 18 5 13 13 20 4 18 13 2 1 11 14 10 6 1 14 17 3 18 0 11 5 5 5 18 9 17 6 20 6 10 13 8 5 3 15 20 13 9 16 18 14 16 7 4 20 3 4 8 0 1 18 16 8 1 19 2 12 9 20 12 12 8 19 5 2 17 16 10 14 4 13 15 0 5 5 6 8 9 18 7 14 12 12 3 2 9 0 11 0 1 4 20 6 19 15 16 4 16 4 12 4 17 13 5 5 11 2 4 3 19 9 5 13 1 0 5 18 6 5 12 15 15 13 19 1 9 12 13 2 8 18 6 20 4 3 6 9 13 9 9 13 7 14 20 10 10 7 4 11 3 5 16 3 19 17 15 11 10 16 11 19 15 5 6 3 12 4 20 11 6 6 3 15 8 0 12 4 16 11 3 3 14 17 10 8 6 9 7 13 16 8 17 9 4 16 18 12 7 0 20 12 10 1 14 11 5 10 9 15 18 1 7 5 11 2 8 12 10 4 15 18 1 6 15 0 15 13 6 9 18 5 15 6 15 6 1 15 3 7 3 4 18 2 4 8 2 12 5 18 6 1 14 4 18 13 16 18 18 10 2 11 1 4 15 11 7 4 8 6 7 20 14 7 6 15 12 10 0 7 3 11 16 15 16 6 1 13 19 1 16 5 16 5 10 20 19 7 14 15 8 4 2 10 5 5 4 15 4 14 10 7 12 7 3 17 3 5 2 15 17 8 11 10 6 6 19 17 19 11 18 3 8 8 1 6 20 19 16 15 0 9 0 19 1 8 1 10 4 9 17 16 20 11 2 8 16 12 17 0 0 7 10 14 12 4 12 14 7 9 8 4 5 1 8 6 5 8 3 9 5 13 19 1 15 16 1 20 18 20 3 11 19 16 2 5 12 17 20 12 4 9 1 0 17 18 0 18 13 20 7 19 15 12 9 9 18 14 20 7
640
196 2 0 11 12 6 5 160 3 6 9 15 194 12 16 7 20 2 8 163 20 12 3 3 151 12 20 8 13 12 16 5 9 5 12 2 3 8 10 2 6 1 8 11 10 0 5 168 187 8 8 10 6 1 2 10 10 12 3 4 156 17 4 1 19 13 2 1 13 182 0 10 11 5 7 13 12 10 4 17 4 17 155 14 2 177 2 0 1 20 18 9 11 15 188 9 5 5 4 7 10 3 16 4 157 20 168 2 6 170 9 12 5 10 181 11 20 10 8 5 19 13 1 5 14 0 17 19 179 190 5 15 190 16 16 0 10 5 19 7 197 3 16 16 1 7 18 8 16 12 17 14 8 3 11 150 14 200 9 9 12 6 0 2 20 10 184 13 13 10 188 10 19 8 15 195 20 19 20 10 170 4 195 18 8 3 12 9 17 8 10 14 11 10 11 186 16 4 9 4 10 13 11 10 17 4 9 169 17 0 6 7 16 0 6 188 2 191 195 2 10 18 8 6 12 19 7 18 19 19 16 13 9 192 3 16 9 2 18 18 19 18 165 8 20 15 6 163 13 20 164 180 8 19 168 11 18 17 20 153 4 186 19 3 11 11 3 2 12 7 14 18 9 10 5 9 4 181 14 14 19 19 3 18 15 168 6 153 10 16 2 14 6 15 17 6 7 156 19 10 192 20 5 20 4 10 15 185 155 18 14 2 17 158 17 2 11 5 12 14 2 8 13 1 3 10 19 6 13 10 16 20 20 4 18 9 173 170 16 11 6 13 14 15 17 0 6 2 5 16 2 6 15 13 5 179 1 11 20 5 3 18 5 0 20 193 167 2 10 157 196 11 19 1 16 12 16 19 15 3 3 182 2 165 6 9 12 13 20 12 16 11 17 14 4 17 4 20 162 19 1 151 14 20 2 160 193 5 4 2 193 17 5 157 3 196 1 18 3 17 6 158 10 16 2 18 20 11 14 1 6 171 9 15 16 4 10 13 20 0 10 6 20 4 12 172 163 172 8 170 180 153 1 191 6 17 19 181 3 157 0 20 182 194 199 0 164 7 163 14 7 1 2 3 196 18 17 19 2 9 15 6 19 16 12 4 178 7 8 175 10 8 193 3 1 17 7 3 20 6 152 1 186 2 17 11 1 4 9 0 13 6 18 153 18 165 18 198 16 19 160 12 183 18 9 10 20 14 18 7 14 158 9 14 12 13 18 6 5 12 15 16 10 2 14 6 164 13 0 5 20 17 15 17 18 5 17 20 11 12 191 10 0 15 9 183 12 194 19 1 16 15 158 18 11 4 0 6 3 2 195 5 17 6 8 2 6 15 8 4 6 16 11 6 0 5 10 14 17 20 9 3 15 9 3 177 170 11 15 6 158 5 173 17 18 170 1 0 159 186 163 18 18 5 180 9 18 19 13 1 13 14 9 187 16 8 0 1 18 169
786
4 4 0 15 19 4 20 13 155 1 8 154 16 198 151 3 193 6 17 2 15 2 20 12 15 12 3 6 18 14 9 10 1 176 20 7 1 19 200 11 7 7 3 157 16 153 4 12 12 159 195 19 5 4 14 19 158 11 8 17 7 14 4 11 2 20 175 14 7 14 20 169 10 3 10 176 187 15 16 12 1 13 13 8 177 13 150 3 12 199 12 7 14 13 2 1 191 14 8 5 13 11 194 2 179 14 181 1 10 4 187 18 4 14 3 14 157 12 2 10 156 181 15 181 14 18 20 17 5 11 5 7 12 13 181 19 0 9 187 13 5 10 14 18 11 9 5 14 2 16 10 20 167 1 7 170 0 7 10 195 12 4 16 4 15 151 12 169 4 178 18 152 17 13 20 13 11 19 152 19 15 154 162 195 15 20 8 17 3 5 7 17 13 12 20 11 4 153 0 9 190 6 184 10 16 2 2 16 3 190 15 13 174 1 10 8 184 17 1 171 19 179 0 4 2 0 18 19 11 17 172 171 9 13 13 20 14 2 17 18 6 16 17 10 10 7 161 10 174 20 8 6 10 4 9 17 13 20 11 3 7 19 10 4 0 8 6 10 4 0 7 15 16 11 13 15 3 5 0 8 15 12 1 6 20 16 5 4 3 4 13 10 14 9 8 160 172 0 14 8 8 166 13 13 187 7 175 16 18 19 4 10 0 6 197 9 5 1 16 15 158 6 169 17 174 12 19 19 161 2 13 19 5 7 8 166 4 190 1 7 13 7 7 11 174 13 0 187 168 18 19 13 15 12 158 13 173 17 165 197 8 0 177 162 19 1 186 3 6 192 165 3 12 1 12 0 13 10 19 16 12 166 9 14 16 2 3 2 182 20 14 192 4 8 9 18 187 17 4 157 3 174 8 0 6 17 3 5 8 15 9 12 13 1 5 16 2 1 18 0 1 18 2 11 16 195 10 9 194 13 4 18 6 7 150 6 9 18 9 4 10 0 14 5 14 6 2 14 185 190 13 11 1 187 18 0 14 10 4 10 11 15 13 164 12 162 12 198 194 11 172 1 13 9 12 178 19 157 6 176 12 20 16 192 1 13 3 17 155 200 165 3 15 11 8 19 13 8 7 200 16 12 3 9 1 17 19 3 3 8 20 0 4 11 13 166 14 7 162 1 9 0 3 0 165 1 17 18 0 3 13 7 3 13 7 12 9 20 16 10 165 173 7 6 7 190 7 5 6 1 4 173 12 2 171 2 13 10 13 5 19 153 16 2 0 20 7 8 19 8 9 20 3 2 15 14 0 18 8 10 6 14 5 14 196 13 3 175 0 10 0 8 1 163 3 5 15 6 12 160 9 159 18 8 13 15 170 11 16 14 14 193 4 5 11 12 19 6 15 6 0 172 4 16 10 9 20 4 9 17 16 12 13 13 4 179 18 11 17 13 6 4 176 18 15 6 9 3 2 170 3 3 6 10 0 17 7 10 3 16 17 17 164 4 4 8 0 1 7 2 8 9 14 166 11 11 3 0 13 17 20 5 173 0 20 16 6 7 17 188 10 9 13 16 9 2 6 184 196 11 184 4 198 4 12 199 194 20 1 6 4 170 13 12 14 12 10 15 0 20 5 2 10 157 16 161 3 16 182 8 195 11 16 9 162 13 15 17 171 160 5 13 189 18 6 20 13 7 15 18 193 20 17 15 19 18 15 0 7 198 2 5 6 197 6 12 16 4 14 18 6 172 9 168 20 19 7 3 6 6 15 15 18 10 1 9
560
18 46 153 92 8 159 154 150 31 164 65 172 164 90 193 149 38 2 11 105 125 7 125 46 35 13 38 141 28 90 13 84 192 191 124 110 168 52 9 35 175 55 25 15 175 85 102 25 157 144 129 7 73 2 149 66 85 35 39 59 103 53 150 53 98 98 72 25 182 27 178 153 80 28 82 70 101 107 36 127 54 146 116 195 136 121 134 135 11 129 53 99 128 52 28 78 6 193 198 195 110 121 24 123 41 184 20 115 82 146 98 113 13 185 43 163 28 129 130 187 35 91 140 156 98 133 134 120 126 131 8 65 157 65 36 26 16 17 81 2 88 109 147 134 70 197 137 32 119 177 13 89 172 117 109 152 11 121 163 63 196 66 44 146 32 67 161 83 85 165 10 33 97 155 29 70 165 1 103 66 107 85 46 19 177 139 122 181 41 63 95 109 126 183 34 156 14 89 1 40 154 128 101 108 108 0 30 137 55 199 74 154 61 140 60 41 51 106 74 22 111 25 95 146 0 170 124 95 53 181 45 83 125 149 143 24 79 134 184 40 170 31 96 197 58 168 157 41 42 0 23 122 35 151 182 6 111 39 74 159 28 23 18 103 192 170 167 83 154 36 154 86 177 77 19 190 0 110 187 14 196 66 175 35 132 100 16 72 101 106 100 87 122 71 32 81 28 174 3 103 5 90 176 124 6 97 174 43 12 48 77 151 127 50 87 63 126 135 116 70 14 76 108 43 108 161 141 120 60 186 75 174 48 94 85 116 172 91 103 151 68 66 6 200 40 10 170 41 7 167 65 29 20 172 160 105 80 89 27 5 49 180 28 27 8 145 20 147 7 57 37 177 50 39 113 64 137 4 20 7 171 19 152 16 75 50 89 76 136 41 0 39 86 177 76 153 161 103 8 120 155 90 160 65 121 75 71 12 102 105 29 78 40 181 184 153 154 167 167 189 92 13 82 28 113 31 20 131 85 152 180 198 129 17 91 196 31 84 0 146 75 168 139 193 24 44 6 48 153 42 8 136 20 48 155 48 128 74 118 20 62 119 121 127 32 120 164 44 197 200 82 166 142 95 146 167 11 13 142 171 125 129 86 144 76 55 2 182 33 56 120 81 149 69 57 135 107 157 188 182 132 30 129 76 133 9 147 15 43 108 85 78 98 48 134 141 60 126 122 13 145 199 91 61 188 175 113 73 47 146 161 93 79 92 106 182 54 131 0 194 21 96 133 172 6 31 27 18 198 47 14 44 171 9 35 122 163 69 100 189
624
200 200 200 200 200 200 200 200 200 200 200 200 200 200 200 200 200 200 200 200 200 200 200 200 200 200 200 200 200 200 200 200 200 200 200 200 200 200 200 200 200 200 200 200 200 200 200 200 200 200 200 200 200 200 200 200 200 200 200 200 200 200 200 200 200 200 200 200 200 200 200 200 200 200 200 200 200 200 200 200 200 200 200 200 200 200 200 200 200 200 200 200 200 200 200 200 200 200 200 200 200 200 200 200 200 200 200 200 200 200 200 200 200 200 200 200 200 200 200 200 200 200 200 200 200 200 200 200 200 200 200 200 200 200 200 200 200 200 200 200 200 200 200 200 200 200 200 200 200 200 200 200 200 200 200 200 200 200 200 200 200 200 200 200 200 200 200 200 200 200 200 200 200 200 200 200 200 200 200 200 200 200 200 200 200 200 200 200 200 200 200 200 200 200 200 200 200 200 200 200 200 200 200 200 200 200 200 200 200 200 200 200 200 200 200 200 200 200 200 200 200 200 200 200 200 200 200 200 200 200 200 200 200 200 200 200 200 200 200 200 200 200 200 200 200 200 200 200 200 200 200 200 200 200 200 200 200 200 200 200 200 200 200 200 200 200 200 200 200 200 200 200 200 200 200 200 200 200 200 200 200 200 200 200 200 200 200 200 200 200 200 200 200 200 200 200 200 200 200 200 200 200 200 200 200 200 200 200 200 200 200 200 200 200 200 200 200 200 200 200 200 200 200 200 200 200 200 200 200 200 200 200 200 200 200 200 200 200 200 200 200 200 200 200 200 200 200 200 200 200 200 200 200 200 200 200 200 200 200 200 200 200 200 200 200 200 200 200 200 200 200 200 200 200 200 200 200 200 200 200 200 200 200 200 200 200 200 200 200 200 200 200 200 200 200 200 200 200 200 200 200 200 200 200 200 200 200 200 200 200 200 200 200 200 200 200 200 200 200 200 200 200 200 200 200 200 200 200 200 200 200 200 200 200 200 200 200 200 200 200 200 200 200 200 200 200 200 200 200 200 200 200 200 200 200 200 200 200 200 200 200 200 200 200 200 200 200 200 200 200 200 200 200 200 200 200 200 200 200 200 200 200 200 200 200 200 200 200 200 200 200 200 200 200 200 200 200 200 200 200 200 200 200 200 200 200 200 200 200 200 200 200 200 200 200 200 200 200 200 200 200 200 200 200 200 200 200 200 200 200 200 200 200 200 200 200 200 200 200 200 200 200 200 200 200 200 200 200 200 200 200 200 200 200 200 200 200 200 200 200 200 200 200 200 200 200 200 200 200 200 200 200 200 200 200 200 200 200 200 200 200 200 200 200 200 200 200 200 200 200 200 200 200 200 200 200 200 200 200 200 200 200 200 200 200 200 200 200 200 200 200 200 200 200 200 200 200 200 200 200 200 200 200 200
286
96 159 126 159 126 126 96 126 159 159 126 96 159 191 96 96 191 191 126 96 126 126 159 126 96 96 191 159 159 96 96 126 159 191 126 96 96 159 191 126 159 159 191 159 191 191 191 159 191 96 126 159 159 159 96 96 96 96 96 191 96 159 191 191 159 191 96 159 126 191 96 159 159 191 159 159 96 126 191 159 126 126 159 159 126 96 126 96 159 126 191 126 96 159 159 191 126 96 191 126 96 191 159 159 191 96 126 191 96 126 96 159 191 191 159 159 159 159 126 191 191 126 126 159 159 159 159 96 126 96 96 96 96 96 96 96 191 191 126 191 96 191 96 159 159 96 159 96 159 191 159 126 96 191 191 191 96 191 96 159 159 191 191 126 96 96 126 96 126 126 126 96 96 96 96 191 96 191 159 96 126 126 191 96 191 191 96 126 159 126 126 126 191 126 126 96 159 96 159 96 96 159 159 159 191 96 191 159 191 96 159 96 96 159 126 159 96 126 159 96 96 96 126 159 96 191 96 126 96 191 126 159 191 126 96 126 96 159 191 126 96 96 126 159 191 191 191 126 126 159 126 159 96 191 96 191 191 96 159 126 191 126 126 159 191 126 191 191 159 96 159 191 159 159 96 159 191 191 191 96 96 159 159 126 96 126
785
44 68 7 133 91 137 124 23 117 58 25 106 17 32 5 12 143 89 154 34 131 50 196 153 31 153 193 68 102 112 97 197 12 108 70 23 37 36 82 23 69 87 131 119 24 41 150 177 186 126 168 42 198 194 135 181 107 57 187 7 188 165 185 125 65 153 48 94 165 4 148 44 49 144 148 148 25 171 187 151 57 56 87 182 23 183 84 25 155 28 105 186 110 90 107 70 35 120 43 0 34 111 153 5 114 135 98 176 111 101 121 196 18 101 88 151 88 5 160 79 200 160 60 25 131 112 111 65 43 160 164 10 173 67 85 50 57 169 18 100 48 114 153 107 148 149 55 170 189 71 55 88 49 103 199 32 130 9 43 65 141 174 156 43 173 123 130 16 128 53 59 110 46 7 120 2 89 98 199 16 19 4 80 12 57 55 176 28 171 191 118 55 89 37 123 134 70 49 79 42 76 39 63 101 131 130 122 163 11 120 89 191 53 133 92 44 158 114 143 46 178 128 73 5 42 192 102 45 173 199 38 61 53 192 193 198 178 165 135 198 102 51 77 60 189 132 74 91 198 149 66 128 115 63 26 137 25 183 198 178 78 93 180 75 154 129 158 88 7 58 94 61 86 77 60 124 118 46 107 15 59 164 31 179 106 108 61 199 158 76 36 130 119 152 179 80 96 124 199 94 153 107 18 194 66 7 8 27 42 182 12 175 170 130 91 196 127 17 165 162 96 147 51 72 165 25 167 85 2 124 89 117 73 86 183 144 137 180 55 52 18 71 129 47 77 56 89 173 142 157 78 33 163 0 166 23 7 176 153 20 171 192 124 181 30 29 79 49 141 116 160 121 131 113 75 116 7 80 12 101 139 165 109 150 6 78 22 189 20 28 60 30 48 2 82 150 112 162 13 117 68 127 38 54 106 174 175 155 149 13 159 194 95 56 171 67 11 65 29 176 134 53 75 127 44 68 65 19 39 154 138 94 0 130 141 63 187 64 103 152 108 92 196 134 198 133 150 34 17 32 116 36 145 80 92 129 15 166 84 34 23 173 167 84 16 24 47 92 159 6 1 0 153 98 43 80 92 108 87 21 183 190 133 3 177 79 128 192 111 90 120 105 139 148 3 87 198 192 19 82 148 110 114 177 116 178 34 82 95 93 30 125 90 62 8 55 110 187 69 30 103 141 194 26 107 121 146 101 147 167 187 147 34 22 0 62 75 172 175 5 39 66 71 163 92 35 103 171 73 66 109 191 62 113 169 116 171 199 84 66 18 34 140 82 78 34 101 157 30 29 65 92 92 140 151 12 186 163 13 193 195 169 166 198 23 93 66 91 168 182 18 133 81 123 9 143 122 120 70 46 143 136 114 63 27 104 92 60 114 144 126 30 71 30 29 63 188 36 22 159 9 56 111 110 135 148 117 109 84 29 77 57 67 84 113 44 99 166 194 171 187 24 193 23 186 107 3 168 68 8 0 62 76 44 77 190 163 148 22 147 174 154 35 27 154 164 12 81 46 6 64 176 46 176 69 88 180 16 18 7 186 34 144 159 153 80 67 17 140 148 115 152 156 51 15 27 72 71 157 23 51 35 4 135 71 34 143 163 178 43 155 40 45 90 184 132 188 151 30 14 79 158 157 150 74 110 102 186 94 116 153 82 91 191 172 40 67 1 23 131 25 184 52 100 140 3 57 126 156 137 108 85 115 49 80 112 87 143 15 101 72 163 49 198 24 52 125 63 129 16 126 171 187 162 141 193 164 16 198 197 143 71 192 182 200
254
0 0 0 0 0 0 0 0 0 0 0 0 0 0 0 0 0 0 0 0 0 0 0 0 0 0 0 0 0 0 0 0 0 0 0 0 0 0 0 0 0 0 0 0 0 0 0 0 0 0 0 0 0 0 0 0 0 0 0 0 0 0 0 0 0 0 0 0 0 0 0 0 0 0 0 0 0 0 0 0 0 0 0 0 0 0 0 0 0 0 0 0 0 0 0 0 0 0 0 0 0 0 0 0 0 0 0 0 0 0 0 0 0 0 0 0 0 0 0 0 0 0 0 0 0 0 0 0 0 0 0 0 0 0 0 0 0 0 0 0 0 0 0 0 0 0 0 0 0 0 0 0 0 0 0 0 0 0 0 0 0 0 0 0 0 0 0 0 0 0 0 0 0 0 0 0 0 0 0 0 0 0 0 0 0 0 0 0 0 0 0 0 0 0 0 0 0 0 0 0 0 0 0 0 0 0 0 0 0 0 0 0 0 0 0 0 0 0 0 0 0 0 0 0 0 0 0 0 0 0 0 0 0 0 0 0 0 0 0 0 0 0 0 0 0 0 0 0 0 0 0 0 0 0
743
0 200 93 74 54 50 114 87 54 112 81 70 67 117 99 74 51 59 112 102 59 80 66 64 72 85 74 97 119 90 105 97 82 88 83 94 56 74 64 87 96 107 54 76 92 103 54 59 50 111 88 118 87 114 116 70 120 99 114 64 72 90 79 104 56 84 105 73 112 99 57 66 113 61 60 79 85 59 62 65 51 95 59 51 108 110 85 52 87 62 90 83 103 103 111 57 58 114 65 52 109 75 112 88 89 107 79 100 109 85 60 92 110 97 120 90 118 67 83 59 103 51 91 75 68 90 73 113 91 56 117 54 73 100 115 105 115 109 68 104 79 93 88 119 92 50 114 82 102 113 72 61 57 81 116 105 118 108 70 98 79 86 74 117 96 77 120 94 103 107 119 114 77 105 119 86 97 69 64 80 107 95 98 115 52 51 103 110 102 89 77 117 81 60 51 91 91 57 86 52 114 96 80 65 68 72 66 105 111 96 117 91 69 66 114 84 114 74 100 83 64 86 92 87 88 110 91 107 72 96 90 60 89 64 58 61 79 81 82 76 55 99 101 71 54 111 71 71 81 52 69 117 97 90 68 77 112 114 116 71 78 85 120 80 97 105 116 80 109 118 114 118 79 59 70 100 50 115 92 87 107 60 55 119 92 114 109 90 50 102 52 101 50 98 53 63 79 100 80 109 107 65 85 105 97 60 102 78 52 101 68 87 59 114 81 108 62 53 82 70 96 98 74 92 69 87 95 95 50 101 113 58 57 84 66 96 100 119 109 114 88 106 115 52 113 87 90 65 108 115 65 74 99 78 120 67 82 74 62 66 60 67 66 112 114 86 105 58 65 94 69 75 61 56 117 97 79 111 102 102 63 93 102 112 53 75 99 88 110 90 54 64 112 63 106 66 69 54 55 86 52 56 62 57 93 103 95 59 73 63 108 74 111 72 64 66 107 83 81 106 80 75 69 91 69 80 68 96 115 69 51 65 103 65 88 73 108 77 53 59 91 102 101 93 118 80 69 86 120 84 81 71 97 107 78 56 55 108 119 91 64 64 93 96 60 64 91 104 69 104 93 65 57 108 93 95 119 50 94 71 82 62 71 88 57 57 89 96 90 84 62 94 53 72 109 72 119 111 51 85 81 62 97 105 80 106 103 109 64 64 94 90 90 85 52 53 91 79 51 52 76 88 92 92 120 94 117 98 53 61 114 72 84 78 99 115 57 57 107 120 82 83 107 115 75 60 61 92 90 57 59 76 95 76 98 111 62 85 96 91 86 73 71 116 62 78 74 93 102 81 76 83 65 102 53 99 78 79 112 90 72 57 116 117 85 74 101 110 86 113 115 59 99 64 53 62 67 80 106 108 111 60 115 58 96 90 73 72 84 71 90 53 72 84 88 111 115 90 61 66 64 55 55 64 91 81 101 82 68 120 63 105 64 107 59 59 61 77 66 99 99 107 112 86 83 109 50 103 55 91 94 69 71 111 88 114 108 58 97 67 83 84 77 103 76 100 73 115 102 100 97 79 71 120 120 102 116 90 94 112 74 78 79 54 52 77 111 104 59 78 65 65 50 61 98 77 64 91 86 97 73 81 72 68 67 66 91 102 82 86 90 64 73 98 57 80 66 118 83 110 74 77 117 101 64 66 84 112 75 75 112 97 77 101 97 82 55 80 58 74 95 85 200
849
0 0 0 0 0 0 0 0 0 0 0 0 0 0 0 0 0 0 0 0 0 0 0 0 0 0 0 0 0 0 0 0 0 0 0 0 0 0 0 0 0 0 0 0 0 0 0 0 0 0 0 0 0 0 0 0 0 0 0 0 0 0 0 0 0 0 0 0 0 0 0 0 0 0 0 0 0 0 0 0 0 0 0 0 0 0 0 0 0 0 0 0 0 0 0 0 0 0 0 0 0 0 0 0 0 0 0 0 0 0 0 0 0 0 0 0 0 0 0 0 0 0 0 0 0 0 0 0 0 0 0 0 0 0 0 0 0 0 0 0 0 0 0 0 0 0 0 0 0 0 0 0 0 0 0 0 0 0 0 0 0 0 0 0 0 0 0 0 0 0 0 0 0 0 0 0 0 0 0 0 0 0 0 0 0 0 0 0 0 0 0 0 0 0 0 0 0 0 0 0 0 0 0 0 0 0 0 0 0 0 0 0 0 0 0 0 0 0 0 0 0 0 0 0 0 0 0 0 0 0 0 0 0 0 0 0 0 0 0 0 0 0 0 0 0 0 0 0 0 0 0 0 0 0 0 0 0 0 0 0 0 0 0 0 0 0 0 0 0 0 0 0 0 0 0 0 0 0 0 0 0 0 0 0 0 0 0 0 0 0 0 0 0 0 0 0 0 0 0 0 0 0 0 0 0 0 0 0 0 0 0 0 0 0 0 0 0 0 0 0 0 0 0 0 0 0 0 0 0 0 0 0 0 0 0 0 0 0 0 0 0 0 0 0 0 0 0 0 0 0 0 0 0 0 0 0 0 0 0 0 0 0 0 0 0 0 0 0 0 0 0 0 0 0 0 0 0 0 0 0 0 0 0 0 0 0 0 0 0 0 0 0 0 0 0 0 0 0 0 0 0 0 0 0 0 0 0 0 0 0 0 0 0 0 0 0 0 0 0 0 0 0 0 0 0 0 0 0 0 0 0 0 0 0 0 0 0 0 0 0 0 0 0 0 0 0 0 0 0 0 0 0 0 0 0 0 0 0 0 0 0 0 0 0 0 0 0 0 0 0 0 0 0 0 0 0 0 0 0 0 0 0 0 0 0 0 0 0 0 0 0 0 0 0 0 0 0 0 0 0 0 0 0 0 0 0 0 0 0 0 0 0 0 0 0 0 0 0 0 0 0 0 0 0 0 0 0 0 0 0 0 0 0 0 0 0 0 0 0 0 0 0 0 0 0 0 0 0 0 0 0 0 0 0 0 0 0 0 0 0 0 0 0 0 0 0 0 0 0 0 0 0 0 0 0 0 0 0 0 0 0 0 0 0 0 0 0 0 0 0 0 0 0 0 0 0 0 0 0 0 0 0 0 0 0 0 0 0 0 0 0 0 0 0 0 0 0 0 0 0 0 0 0 0 0 0 0 0 0 0 0 0 0 0 0 0 0 0 0 0 0 0 0 0 0 0 0 0 0 0 0 0 0 0 0 0 0 0 0 0 0 0 0 0 0 0 0 0 0 0 0 0 0 0 0 0 0 0 0 0 0 0 0 0 0 0 0 0 0 0 0 0 0 0 0 0 0 0 0 0 0 0 0 0 0 0 0 0 0 0 0 0 0 0 0 0 0 0 0 0 0 0 0 0 0 0 0 0 0 0 0 0 0 0 0 0 0 0 0 0 0 0 0 0 0 0 0 0 0 0 0 0 0 0 0 0 0 0 0 0 0 0 0 0 0 0 0 0 0 0 0 0 0 0 0 0 0 0 0 0 0 0 0 0 0 0 0 0 0 0 0 0 0 0 0 0 0 0 0 0 0 0 0 0 0 0 0 0 0 0 0 0 0 0 0 0 0 0 0 0 0 0 0 0 0 0 0 0 0 0 0 0 0 0 0 0 0 0 0 0 0 0 0 0 0 0 0 0 0
705
124 79 184 20 79 79 20 20 124 79 184 20 79 20 20 79 79 20 124 184 79 124 184 184 124 79 79 184 124 124 79 184 79 184 184 79 79 124 184 184 124 20 184 184 124 124 20 184 79 184 124 79 184 124 184 79 20 184 124 79 20 124 124 124 184 20 20 20 184 184 124 184 79 79 20 184 184 79 20 79 124 79 20 79 20 184 79 79 20 79 20 184 184 184 124 124 184 20 79 124 20 20 184 184 184 20 20 79 124 124 79 184 184 20 184 79 184 20 79 184 124 20 79 184 79 184 20 79 124 124 20 184 79 184 79 124 124 124 20 79 124 79 79 184 79 184 20 184 184 79 79 124 20 124 20 124 124 184 184 20 124 124 124 124 124 184 184 79 124 124 20 184 124 79 20 124 79 124 20 124 124 184 184 20 124 79 184 124 20 79 20 79 79 124 124 20 184 124 20 20 79 184 184 184 184 79 20 184 20 184 184 184 184 184 79 20 20 184 20 20 20 124 124 124 79 79 20 79 20 124 20 184 79 79 20 20 79 124 184 184 79 124 124 79 79 79 184 20 79 79 184 184 20 20 20 20 124 79 20 184 20 79 20 184 124 20 79 124 79 124 20 20 20 124 184 20 184 20 184 79 184 124 184 184 79 184 20 79 20 79 124 184 124 20 79 184 184 124 184 184 184 124 124 184 124 124 184 20 79 20 124 124 20 20 20 79 184 79 184 79 79 124 184 20 79 79 20 79 20 184 20 20 20 20 124 20 79 79 124 79 20 124 184 184 20 20 124 79 20 20 124 79 20 20 20 124 124 79 20 124 79 184 124 184 124 79 20 79 79 124 184 20 124 79 20 20 184 79 184 20 20 79 79 184 20 184 79 184 184 79 124 124 124 184 20 79 20 79 184 124 79 20 124 79 184 124 184 124 20 79 124 20 79 124 184 20 20 79 79 20 79 184 184 20 79 124 184 184 79 124 20 79 184 184 184 79 79 184 184 124 20 79 20 20 184 124 20 124 124 184 79 124 79 20 124 124 124 184 184 79 124 20 20 184 20 184 20 184 184 20 124 79 124 124 184 20 20 79 184 79 184 184 184 124 124 124 20 124 184 124 20 79 79 20 79 124 20 124 79 20 184 20 124 79 79 184 20 79 20 184 124 20 20 124 184 124 79 124 20 124 124 20 184 184 79 20 184 124 20 20 79 184 184 184 184 79 79 124 20 124 79 79 184 184 20 20 20 20 184 79 79 20 124 124 184 184 184 20 124 79 79 20 79 79 79 20 124 184 20 79 184 124 184 184 79 124 79 79 20 20 79 124 20 79 79 79 79 79 79 184 184 79 124 124 124 79 79 124 20 20 20 79 79 184 184 184 124 79 20 124 20 124 79 79 79 124 124 184 124 79 124 79 124 79 124 124 124 184 184 124 20 79 79 79 79 79 20 20 184 20 184 124 184 184 184 79 124 124 184 124 79 20 79 20 184 124 20 20 20 20 184 124 79 124 124 79 79 184 124 79 79 20 20 124 79 20 79 124 20 79 20 184 79 124 124 20 79 124 184 20 20 20 20 124 184 184 79 184 79 184 20 79 20 79 20
950
200 200 200 200 200 200 200 200 200 200 200 200 200 200 200 200 200 200 200 200 200 200 200 200 200 200 200 200 200 200 200 200 200 200 200 200 200 200 200 200 200 200 200 200 200 200 200 200 200 200 200 200 200 200 200 200 200 200 200 200 200 200 200 200 200 200 200 200 200 200 200 200 200 200 200 200 200 200 200 200 200 200 200 200 200 200 200 200 200 200 200 200 200 200 200 200 200 200 200 200 200 200 200 200 200 200 200 200 200 200 200 200 200 200 200 200 200 200 200 200 200 200 200 200 200 200 200 200 200 200 200 200 200 200 200 200 200 200 200 200 200 200 200 200 200 200 200 200 200 200 200 200 200 200 200 200 200 200 200 200 200 200 200 200 200 200 200 200 200 200 200 200 200 200 200 200 200 200 200 200 200 200 200 200 200 200 200 200 200 200 200 200 200 200 200 200 200 200 200 200 200 200 200 200 200 200 200 200 200 200 200 200 200 200 200 200 200 200 200 200 200 200 200 200 200 200 200 200 200 200 200 200 200 200 200 200 200 200 200 200 200 200 200 200 200 200 200 200 200 200 200 200 200 200 200 200 200 200 200 200 200 200 200 200 200 200 200 200 200 200 200 200 200 200 200 200 200 200 200 200 200 200 200 200 200 200 200 200 200 200 200 200 200 200 200 200 200 200 200 200 200 200 200 200 200 200 200 200 200 200 200 200 200 200 200 200 200 200 200 200 200 200 200 200 200 200 200 200 200 200 200 200 200 200 200 200 200 200 200 200 200 200 200 200 200 200 200 200 200 200 200 200 200 200 200 200 200 200 200 200 200 200 200 200 200 200 200 200 200 200 200 200 200 200 200 200 200 200 200 200 200 200 200 200 200 200 200 200 200 200 200 200 200 200 200 200 200 200 200 200 200 200 200 200 200 200 200 200 200 200 200 200 200 200 200 200 200 200 200 200 200 200 200 200 200 200 200 200 200 200 200 200 200 200 200 200 200 200 200 200 200 200 200 200 200 200 200 200 200 200 200 200 200 200 200 200 200 200 200 200 200 200 200 200 200 200 200 200 200 200 200 200 200 200 200 200 200 200 200 200 200 200 200 200 200 200 200 200 200 200 200 200 200 200 200 200 200 200 200 200 200 200 200 200 200 200 200 200 200 200 200 200 200 200 200 200 200 200 200 200 200 200 200 200 200 200 200 200 200 200 200 200 200 200 200 200 200 200 200 200 200 200 200 200 200 200 200 200 200 200 200 200 200 200 200 200 200 200 200 200 200 200 200 200 200 200 200 200 200 200 200 200 200 200 200 200 200 200 200 200 200 200 200 200 200 200 200 200 200 200 200 200 200 200 200 200 200 200 200 200 200 200 200 200 200 200 200 200 200 200 200 200 200 200 200 200 200 200 200 200 200 200 200 200 200 200 200 200 200 200 200 200 200 200 200 200 200 200 200 200 200 200 200 200 200 200 200 200 200 200 200 200 200 200 200 200 200 200 200 200 200 200 200 200 200 200 200 200 200 200 200 200 200 200 200 200 200 200 200 200 200 200 200 200 200 200 200 200 200 200 200 200 200 200 200 200 200 200 200 200 200 200 200 200 200 200 200 200 200 200 200 200 200 200 200 200 200 200 200 200 200 200 200 200 200 200 200 200 200 200 200 200 200 200 200 200 200 200 200 200 200 200 200 200 200 200 200 200 200 200 200 200 200 200 200 200 200 200 200 200 200 200 200 200 200 200 200 200 200 200 200 200 200 200 200 200 200 200 200 200 200 200 200 200 200 200 200 200 200 200 200 200 200 200 200 200 200 200 200 200 200 200 200 200 200 200 200 200 200 200 200 200 200 200 200 200 200 200 200 200 200 200 200 200 200 200 200 200 200 200 200 200 200 200 200 200 200 200 200 200 200 200 200 200 200 200 200 200 200 200 200 200 200 200 200 200 200 200 200 200 200 200 200 200 200 200 200 200 200 200 200 200 200 200 200 200 200 200 200 200 200 200 200 200 200 200 200 200 200 200 200 200 200 200 200 200 200 200 200 200 200 200 200 200 200 200 200 200 200 200 200 200 200 200 200 200 200 200 200 200 200 200 200 200 200 200 200 200 200 200 200 200 200 200 200 200 200 200 200 200 200 200 200 200 200 200 200 200 200 200
234
109 143 60 69 16 79 114 82 65 198 130 81 49 84 178 90 80 120 189 129 68 158 58 9 61 187 1 16 89 50 2 106 165 27 75 5 80 31 24 76 148 78 40 77 191 56 119 32 104 111 157 107 68 120 130 143 111 63 30 48 40 42 16 190 4 10 85 99 151 57 10 182 160 134 25 127 196 15 130 19 59 118 173 11 199 116 145 56 139 152 105 79 172 42 27 122 30 129 40 14 199 158 190 70 40 41 194 50 77 191 126 75 142 101 164 118 45 111 101 55 3 19 36 17 119 166 88 150 101 153 37 72 56 152 31 43 179 190 66 100 60 196 139 106 42 161 14 38 113 139 102 98 70 118 170 118 123 64 102 58 0 115 105 102 168 164 166 199 191 92 28 162 96 135 31 5 65 46 173 115 24 134 42 81 84 25 84 159 115 167 155 146 8 92 163 38 47 200 111 136 185 149 64 88 12 148 22 91 64 121 153 192 121 93 26 72 97 26 78 65 13 107 127 179 3 28 57 169 115 10 185 97 97 95
556
0 0 0 0 0 0 0 0 0 0 0 0 0 0 0 0 0 0 0 0 0 0 0 0 0 0 0 0 0 0 0 0 0 0 0 0 0 0 0 0 0 0 0 0 0 0 0 0 0 0 0 0 0 0 0 0 0 0 0 0 0 0 0 0 0 0 0 0 0 0 0 0 0 0 0 0 0 0 0 0 0 0 0 0 0 0 0 0 0 0 0 0 0 0 0 0 0 0 0 0 0 0 0 0 0 0 0 0 0 0 0 0 0 0 0 0 0 0 0 0 0 0 0 0 0 0 0 0 0 0 0 0 0 0 0 0 0 0 0 0 0 0 0 0 0 0 0 0 0 0 0 0 0 0 0 0 0 0 0 0 0 0 0 0 0 0 0 0 0 0 0 0 0 0 0 0 0 0 0 0 0 0 0 0 0 0 0 0 0 0 0 0 0 0 0 0 0 0 0 0 0 0 0 0 0 0 0 0 0 0 0 0 0 0 0 0 0 0 0 0 0 0 0 0 0 0 0 0 0 0 0 0 0 0 0 0 0 0 0 0 0 0 0 0 0 0 0 0 0 0 0 0 0 0 0 0 0 0 0 0 0 0 0 0 0 0 0 0 0 0 0 0 0 0 0 0 0 0 0 0 0 0 0 0 0 0 0 0 0 0 0 0 0 0 0 0 0 0 0 0 0 0 0 0 0 0 0 0 0 0 0 0 0 0 0 0 0 0 0 0 0 0 0 0 0 0 0 0 0 0 0 0 0 0 0 0 0 0 0 0 0 0 0 0 0 0 0 0 0 0 0 0 0 0 0 0 0 0 0 0 0 0 0 0 0 0 0 0 0 0 0 0 0 0 0 0 0 0 0 0 0 0 0 0 0 0 0 0 0 0 0 0 0 0 0 0 0 0 0 0 0 0 0 0 0 0 0 0 0 0 0 0 0 0 0 0 0 0 0 0 0 0 0 0 0 0 0 0 0 0 0 0 0 0 0 0 0 0 0 0 0 0 0 0 0 0 0 0 0 0 0 0 0 0 0 0 0 0 0 0 0 0 0 0 0 0 0 0 0 0 0 0 0 0 0 0 0 0 0 0 0 0 0 0 0 0 0 0 0 0 0 0 0 0 0 0 0 0 0 0 0 0 0 0 0 0 0 0 0 0 0 0 0 0 0 0 0 0 0 0 0 0 0 0 0 0 0 0 0 0 0 0 0 0 0 0 0 0 0 0 0 0 0 0 0 0 0 0 0 0 0 0 0 0 0 0
26
15 8 12 1 4 17 8 5 13 19 20 8 16 3 12 14 12 0 7 6 18 12 4 10 13 12
175
0 0 0 0 0 0 0 0 0 0 0 0 0 0 0 0 0 0 0 0 0 0 0 0 0 0 0 0 0 0 0 0 0 0 0 0 0 0 0 0 0 0 0 0 0 0 0 0 0 0 0 0 0 0 0 0 0 0 0 0 0 0 0 0 0 0 0 0 0 0 0 0 0 0 0 0 0 0 0 0 0 0 0 0 0 0 0 0 0 0 0 0 0 0 0 0 0 0 0 0 0 0 0 0 0 0 0 0 0 0 0 0 0 0 0 0 0 0 0 0 0 0 0 0 0 0 0 0 0 0 0 0 0 0 0 0 0 0 0 0 0 0 0 0 0 0 0 0 0 0 0 0 0 0 0 0 0 0 0 0 0 0 0 0 0 0 0 0 0 0 0 0 0 0 0
779
200 200 200 200 200 200 200 200 200 200 200 200 200 200 200 200 200 200 200 200 200 200 200 200 200 200 200 200 200 200 200 200 200 200 200 200 200 200 200 200 200 200 200 200 200 200 200 200 200 200 200 200 200 200 200 200 200 200 200 200 200 200 200 200 200 200 200 200 200 200 200 200 200 200 200 200 200 200 200 200 200 200 200 200 200 200 200 200 200 200 200 200 200 200 200 200 200 200 200 200 200 200 200 200 200 200 200 200 200 200 200 200 200 200 200 200 200 200 200 200 200 200 200 200 200 200 200 200 200 200 200 200 200 200 200 200 200 200 200 200 200 200 200 200 200 200 200 200 200 200 200 200 200 200 200 200 200 200 200 200 200 200 200 200 200 200 200 200 200 200 200 200 200 200 200 200 200 200 200 200 200 200 200 200 200 200 200 200 200 200 200 200 200 200 200 200 200 200 200 200 200 200 200 200 200 200 200 200 200 200 200 200 200 200 200 200 200 200 200 200 200 200 200 200 200 200 200 200 200 200 200 200 200 200 200 200 200 200 200 200 200 200 200 200 200 200 200 200 200 200 200 200 200 200 200 200 200 200 200 200 200 200 200 200 200 200 200 200 200 200 200 200 200 200 200 200 200 200 200 200 200 200 200 200 200 200 200 200 200 200 200 200 200 200 200 200 200 200 200 200 200 200 200 200 200 200 200 200 200 200 200 200 200 200 200 200 200 200 200 200 200 200 200 200 200 200 200 200 200 200 200 200 200 200 200 200 200 200 200 200 200 200 200 200 200 200 200 200 200 200 200 200 200 200 200 200 200 200 200 200 200 200 200 200 200 200 200 200 200 200 200 200 200 200 200 200 200 200 200 200 200 200 200 200 200 200 200 200 200 200 200 200 200 200 200 200 200 200 200 200 200 200 200 200 200 200 200 200 200 200 200 200 200 200 200 200 200 200 200 200 200 200 200 200 200 200 200 200 200 200 200 200 200 200 200 200 200 200 200 200 200 200 200 200 200 200 200 200 200 200 200 200 200 200 200 200 200 200 200 200 200 200 200 200 200 200 200 200 200 200 200 200 200 200 200 200 200 200 200 200 200 200 200 200 200 200 200 200 200 200 200 200 200 200 200 200 200 200 200 200 200 200 200 200 200 200 200 200 200 200 200 200 200 200 200 200 200 200 200 200 200 200 200 200 200 200 200 200 200 200 200 200 200 200 200 200 200 200 200 200 200 200 200 200 200 200 200 200 200 200 200 200 200 200 200 200 200 200 200 200 200 200 200 200 200 200 200 200 200 200 200 200 200 200 200 200 200 200 200 200 200 200 200 200 200 200 200 200 200 200 200 200 200 200 200 200 200 200 200 200 200 200 200 200 200 200 200 200 200 200 200 200 200 200 200 200 200 200 200 200 200 200 200 200 200 200 200 200 200 200 200 200 200 200 200 200 200 200 200 200 200 200 200 200 200 200 200 200 200 200 200 200 200 200 200 200 200 200 200 200 200 200 200 200 200 200 200 200 200 200 200 200 200 200 200 200 200 200 200 200 200 200 200 200 200 200 200 200 200 200 200 200 200 200 200 200 200 200 200 200 200 200 200 200 200 200 200 200 200 200 200 200 200 200 200 200 200 200 200 200 200 200 200 200 200 200 200 200 200 200 200 200 200 200 200 200 200 200 200 200 200 200 200 200 200 200 200 200 200 200 200 200 200 200 200 200 200 200 200 200 200 200 200 200 200 200 200 200 200 200 200 200 200 200 200 200 200 200 200
260
0 200 103 58 102 83 88 90 96 95 105 85 112 117 118 103 74 87 100 120 72 87 89 71 90 107 80 75 99 68 89 92 98 74 94 67 82 103 79 115 58 74 119 91 72 69 108 113 79 104 67 75 61 65 93 95 51 104 100 56 58 118 120 120 50 93 117 51 103 92 69 81 57 97 99 59 68 110 60 91 50 91 86 88 71 72 60 65 56 74 51 104 74 63 119 58 91 90 105 85 69 63 59 106 87 84 107 82 55 113 110 99 92 108 76 89 111 61 57 88 109 105 120 104 95 88 104 88 79 87 85 63 76 97 113 64 100 114 110 75 108 116 118 87 64 71 100 89 70 94 52 61 95 105 50 71 87 114 62 88 119 65 119 106 61 57 61 68 108 114 59 119 97 103 93 99 74 96 113 97 104 68 100 87 69 105 56 70 52 52 106 77 65 93 95 55 107 116 99 116 100 120 62 52 71 52 99 71 112 89 52 50 71 62 54 84 77 95 87 59 100 72 58 119 63 91 68 72 88 66 113 70 98 100 77 72 60 82 85 84 60 56 57 64 110 112 93 64 84 54 82 50 79 120 86 72 62 83 81 200
829
200 200 200 200 200 200 200 200 200 200 200 200 200 200 200 200 200 200 200 200 200 200 200 200 200 200 200 200 200 200 200 200 200 200 200 200 200 200 200 200 200 200 200 200 200 200 200 200 200 200 200 200 200 200 200 200 200 200 200 200 200 200 200 200 200 200 200 200 200 200 200 200 200 200 200 200 200 200 200 200 200 200 200 200 200 200 200 200 200 200 200 200 200 200 200 200 200 200 200 200 200 200 200 200 200 200 200 200 200 200 200 200 200 200 200 200 200 200 200 200 200 200 200 200 200 200 200 200 200 200 200 200 200 200 200 200 200 200 200 200 200 200 200 200 200 200 200 200 200 200 200 200 200 200 200 200 200 200 200 200 200 200 200 200 200 200 200 200 200 200 200 200 200 200 200 200 200 200 200 200 200 200 200 200 200 200 200 200 200 200 200 200 200 200 200 200 200 200 200 200 200 200 200 200 200 200 200 200 200 200 200 200 200 200 200 200 200 200 200 200 200 200 200 200 200 200 200 200 200 200 200 200 200 200 200 200 200 200 200 200 200 200 200 200 200 200 200 200 200 200 200 200 200 200 200 200 200 200 200 200 200 200 200 200 200 200 200 200 200 200 200 200 200 200 200 200 200 200 200 200 200 200 200 200 200 200 200 200 200 200 200 200 200 200 200 200 200 200 200 200 200 200 200 200 200 200 200 200 200 200 200 200 200 200 200 200 200 200 200 200 200 200 200 200 200 200 200 200 200 200 200 200 200 200 200 200 200 200 200 200 200 200 200 200 200 200 200 200 200 200 200 200 200 200 200 200 200 200 200 200 200 200 200 200 200 200 200 200 200 200 200 200 200 200 200 200 200 200 200 200 200 200 200 200 200 200 200 200 200 200 200 200 200 200 200 200 200 200 200 200 200 200 200 200 200 200 200 200 200 200 200 200 200 200 200 200 200 200 200 200 200 200 200 200 200 200 200 200 200 200 200 200 200 200 200 200 200 200 200 200 200 200 200 200 200 200 200 200 200 200 200 200 200 200 200 200 200 200 200 200 200 200 200 200 200 200 200 200 200 200 200 200 200 200 200 200 200 200 200 200 200 200 200 200 200 200 200 200 200 200 200 200 200 200 200 200 200 200 200 200 200 200 200 200 200 200 200 200 200 200 200 200 200 200 200 200 200 200 200 200 200 200 200 200 200 200 200 200 200 200 200 200 200 200 200 200 200 200 200 200 200 200 200 200 200 200 200 200 200 200 200 200 200 200 200 200 200 200 200 200 200 200 200 200 200 200 200 200 200 200 200 200 200 200 200 200 200 200 200 200 200 200 200 200 200 200 200 200 200 200 200 200 200 200 200 200 200 200 200 200 200 200 200 200 200 200 200 200 200 200 200 200 200 200 200 200 200 200 200 200 200 200 200 200 200 200 200 200 200 200 200 200 200 200 200 200 200 200 200 200 200 200 200 200 200 200 200 200 200 200 200 200 200 200 200 200 200 200 200 200 200 200 200 200 200 200 200 200 200 200 200 200 200 200 200 200 200 200 200 200 200 200 200 200 200 200 200 200 200 200 200 200 200 200 200 200 200 200 200 200 200 200 200 200 200 200 200 200 200 200 200 200 200 200 200 200 200 200 200 200 200 200 200 200 200 200 200 200 200 200 200 200 200 200 200 200 200 200 200 200 200 200 200 200 200 200 200 200 200 200 200 200 200 200 200 200 200 200 200 200 200 200 200 200 200 200 200 200 200 200 200 200 200 200 200 200 200 200 200 200 200 200 200 200 200 200 200 200 200 200 200 200 200 200 200 200 200 200 200 200 200 200 200 200 200 200 200 200 200 200 200 200 200 200 200 200 200 200 200 200 200 200 200 200 200 200 200 200 200
281
79 79 79 31 79 107 107 79 31 31 31 107 31 31 107 79 31 79 31 31 79 107 31 79 79 79 79 31 31 31 31 31 79 107 79 107 31 107 31 107 107 79 107 107 107 79 79 31 107 107 31 31 107 107 79 107 31 31 79 31 79 107 107 31 107 31 79 31 107 31 107 79 79 107 107 31 107 31 31 31 107 107 79 79 31 107 31 79 79 107 79 107 107 31 31 31 79 31 107 31 31 107 79 107 107 79 31 79 31 79 107 79 31 107 107 107 31 107 79 31 107 107 31 79 31 31 79 31 79 107 107 107 107 79 107 79 31 107 79 31 31 79 31 107 31 107 31 31 79 107 107 107 79 31 107 31 31 31 107 107 79 79 107 79 79 31 31 107 107 79 107 107 107 79 79 79 107 107 79 79 31 79 107 79 31 79 79 79 107 107 31 107 31 79 31 79 107 31 107 31 107 79 79 79 79 79 79 31 31 31 79 31 79 31 79 79 31 31 31 107 107 31 107 79 79 79 79 107 79 79 107 107 31 79 79 79 107 31 31 79 79 107 107 79 79 79 31 107 107 31 31 31 31 107 31 31 31 31 31 79 107 79 79 107 31 31 79 31 31 79 31 31 31 31 31 79 31 79 79 31 79
861
6 10 7 11 14 0 7 2 5 10 20 18 9 4 20 0 3 9 13 18 7 14 16 12 15 10 17 9 20 16 15 11 20 18 10 19 9 13 2 15 2 9 17 2 5 9 3 17 8 2 4 14 1 5 2 17 9 12 15 7 18 2 15 14 5 17 20 15 13 7 11 14 2 17 13 15 15 20 20 7 13 11 15 0 6 0 8 6 20 14 1 18 19 9 2 6 8 6 9 8 6 11 12 9 11 16 6 3 13 10 7 0 1 2 15 17 19 6 20 6 2 12 14 7 9 4 4 2 14 14 6 5 13 4 15 1 6 0 14 6 6 9 14 7 17 16 12 10 4 20 1 7 20 17 17 17 10 3 19 4 20 5 0 20 9 20 15 3 13 19 4 5 14 2 11 8 3 8 19 6 0 5 10 5 20 18 0 5 14 6 2 7 20 18 13 20 13 6 3 17 2 13 18 4 16 6 8 16 19 0 0 9 12 5 1 5 19 12 13 14 11 19 10 7 19 14 3 18 4 2 14 17 16 11 14 16 10 16 19 8 9 4 5 7 18 8 6 6 5 1 3 6 1 20 11 18 8 10 5 13 10 17 1 4 11 2 18 10 8 1 18 20 18 7 17 6 15 10 9 13 18 15 16 1 1 12 16 16 18 2 18 4 14 13 17 5 4 0 1 20 20 1 16 10 16 13 9 2 18 2 2 0 15 16 10 10 14 14 1 12 2 20 3 19 19 3 7 1 20 18 14 20 12 0 4 1 17 8 19 20 9 17 7 9 18 7 16 8 14 14 6 10 9 7 0 15 18 3 3 9 10 9 19 12 20 20 3 18 18 15 17 11 5 10 18 15 6 15 4 10 7 7 3 16 0 12 9 12 11 0 9 8 20 20 14 11 6 17 19 0 17 7 10 0 16 16 15 17 17 12 8 10 2 20 19 15 7 3 5 5 2 14 4 5 10 19 17 16 9 19 10 8 15 7 9 9 20 17 10 4 8 12 4 3 15 15 4 16 20 2 6 13 6 10 6 19 9 9 17 20 14 5 17 6 13 1 0 5 13 2 11 4 16 6 13 3 14 19 15 6 15 0 2 15 17 16 10 16 14 1 17 5 10 11 7 18 4 4 12 17 9 20 7 11 8 10 13 11 17 1 14 15 9 16 4 20 4 3 7 19 10 17 2 20 0 17 3 11 6 1 10 3 11 4 9 7 5 6 4 17 12 5 20 14 6 16 13 5 19 15 15 8 7 5 8 15 4 12 5 3 10 15 0 15 18 5 20 15 15 8 11 1 20 9 0 16 12 10 2 4 13 16 17 17 4 0 3 1 4 14 10 2 19 14 19 4 6 9 9 5 15 6 11 18 9 15 18 17 17 2 18 10 11 13 0 12 2 3 10 14 13 3 12 20 4 12 8 17 7 14 11 12 0 16 15 19 1 2 10 8 2 0 11 13 10 10 19 16 9 10 2 16 19 5 13 8 0 15 14 1 15 3 11 8 5 20 1 6 3 15 1 13 14 2 13 9 2 18 2 7 1 2 11 3 14 9 16 19 18 8 0 1 11 11 20 5 16 0 19 2 1 11 16 3 9 19 8 11 19 16 11 5 13 9 17 10 20 13 2 9 20 9 2 3 18 8 3 10 11 7 14 3 18 4 12 15 4 18 6 2 16 5 4 1 8 0 0 11 2 9 2 11 19 11 10 2 7 9 7 3 7 18 19 20 11 8 7 0 6 14 15 19 6 0 13 6 12 5 6 13 9 3 3 19 4 7 14 7 7 13 0 9 18 14 15 1 3 4 13 14 7 0 10 7 1 7 10 0 14 8 14 17 4 13 16 15 9 5 1 6 6 8 10 19 3 10 2 2 7 1 14 9 18 5 12 17 5 16 3 3 2 14 8 18 14 9 1 16 15 20 16 0 18 7 11 4 8 12 17 12 6
5
200 200 200 200 200
211
53 113 11 78 76 197 107 182 137 61 67 96 73 74 116 4 99 164 114 69 156 48 53 153 36 114 36 48 21 67 167 117 79 163 106 80 34 152 7 17 198 156 50 185 77 109 189 149 138 131 147 5 115 170 38 139 129 148 33 102 51 143 80 142 139 108 44 3 166 182 78 122 171 197 172 12 137 46 29 147 140 35 116 132 127 33 54 51 16 110 159 68 88 159 116 97 73 65 61 81 3 150 75 8 2 63 55 60 114 115 119 43 153 4 58 19 45 137 74 131 15 32 197 12 73 4 35 81 28 74 196 198 45 39 152 158 42 48 180 176 160 74 128 148 186 10 58 197 170 134 163 175 12 126 171 76 21 155 79 93 132 120 90 153 163 1 188 102 8 65 67 5 101 132 141 47 64 107 61 92 76 43 47 169 98 145 172 167 49 155 145 90 159 103 104 185 52 168 152 65 92 149 23 37 19 181 18 29 110 48 193
369
200 200 200 200 200 200 200 200 200 200 200 200 200 200 200 200 200 200 200 200 200 200 200 200 200 200 200 200 200 200 200 200 200 200 200 200 200 200 200 200 200 200 200 200 200 200 200 200 200 200 200 200 200 200 200 200 200 200 200 200 200 200 200 200 200 200 200 200 200 200 200 200 200 200 200 200 200 200 200 200 200 200 200 200 200 200 200 200 200 200 200 200 200 200 200 200 200 200 200 200 200 200 200 200 200 200 200 200 200 200 200 200 200 200 200 200 200 200 200 200 200 200 200 200 200 200 200 200 200 200 200 200 200 200 200 200 200 200 200 200 200 200 200 200 200 200 200 200 200 200 200 200 200 200 200 200 200 200 200 200 200 200 200 200 200 200 200 200 200 200 200 200 200 200 200 200 200 200 200 200 200 200 200 200 200 200 200 200 200 200 200 200 200 200 200 200 200 200 200 200 200 200 200 200 200 200 200 200 200 200 200 200 200 200 200 200 200 200 200 200 200 200 200 200 200 200 200 200 200 200 200 200 200 200 200 200 200 200 200 200 200 200 200 200 200 200 200 200 200 200 200 200 200 200 200 200 200 200 200 200 200 200 200 200 200 200 200 200 200 200 200 200 200 200 200 200 200 200 200 200 200 200 200 200 200 200 200 200 200 200 200 200 200 200 200 200 200 200 200 200 200 200 200 200 200 200 200 200 200 200 200 200 200 200 200 200 200 200 200 200 200 200 200 200 200 200 200 200 200 200 200 200 200 200 200 200 200 200 200 200 200 200 200 200 200 200 200 200 200 200 200 200 200 200 200 200 200 200 200 200 200 200 200 200 200 200 200 200 200
496
174 105 81 124 91 49 108 154 64 7 131 108 133 74 80 43 39 85 156 7 77 184 11 200 139 104 15 131 115 137 134 11 2 16 195 40 81 65 93 70 52 0 159 29 26 45 83 7 189 122 164 157 163 168 124 20 68 81 81 62 160 198 98 32 103 192 71 50 88 178 43 172 55 76 182 55 14 16 30 200 117 120 17 40 33 96 72 182 168 173 91 30 96 71 127 76 168 197 164 173 48 103 30 181 177 112 40 52 7 194 79 65 100 146 125 57 60 35 66 74 34 68 185 158 94 156 127 181 46 148 154 102 46 37 45 37 78 86 20 23 11 23 194 63 105 192 44 165 155 98 183 40 151 1 90 45 140 189 127 25 120 162 48 6 147 6 34 159 174 18 119 104 184 198 93 121 126 86 131 199 93 95 27 75 4 167 43 44 147 184 103 194 3 148 183 81 147 100 64 176 28 91 109 34 51 126 107 157 170 119 147 100 105 135 191 169 2 100 12 35 57 13 195 86 40 84 56 12 148 95 103 158 41 115 32 198 51 24 196 121 88 10 105 67 188 187 122 143 190 140 116 151 45 114 75 198 126 50 83 27 170 9 195 167 167 17 111 42 133 161 29 36 160 158 102 71 83 15 141 90 95 65 175 44 143 155 32 109 154 19 21 69 181 97 68 48 170 144 29 60 37 138 147 185 7 124 61 173 57 4 12 165 60 142 104 178 144 13 166 36 66 140 88 184 137 0 75 76 165 79 170 177 80 91 53 122 111 165 103 155 29 95 58 64 172 55 58 0 80 125 160 47 131 124 188 176 130 77 20 58 34 43 24 162 84 140 63 67 69 91 147 121 141 36 11 48 51 174 162 173 146 114 143 187 183 135 10 154 126 30 6 195 102 105 89 112 15 186 188 197 188 59 131 157 97 32 75 16 133 29 167 94 71 104 138 36 114 37 28 46 1 116 26 101 99 168 37 198 143 89 164 91 82 177 97 1 83 104 80 200 139 100 113 183 194 90 39 155 67 132 25 27 166 195 182 15 181 3 88 46 166 73 197 121 44 32 37 175 119 3 168 151 72 101 124 122 107 159 165 77 141 0 135 111 89 56 161 89 192 144 81 148 111 103 10 121
81
11 4 2 20 165 20 18 19 5 181 4 15 14 17 4 193 160 11 18 20 17 18 169 10 14 4 9 197 9 187 1 14 1 17 18 19 20 7 172 163 156 13 196 15 160 20 18 17 160 10 188 20 11 3 10 180 19 153 159 0 180 178 5 8 10 17 166 155 8 10 11 3 158 15 169 12 157 16 3 185 9
350
168 85 5 106 22 109 121 61 129 38 102 146 88 137 170 171 185 72 98 134 11 3 82 77 39 61 143 156 72 150 15 124 6 166 60 183 6 98 52 46 51 164 34 4 94 106 152 103 176 122 164 35 190 142 98 25 188 25 109 152 16 121 170 181 111 29 127 3 60 104 71 74 146 175 56 188 73 8 3 118 78 107 176 125 83 71 55 34 125 75 43 20 151 118 152 123 1 44 172 131 7 170 142 127 85 134 80 56 192 104 7 96 49 42 101 20 37 135 183 73 171 117 163 122 113 22 164 193 187 179 6 76 199 10 20 168 182 46 51 138 45 108 74 162 102 180 85 158 135 16 72 134 43 93 122 80 146 43 123 18 156 75 164 75 194 14 155 4 34 35 61 186 183 176 136 165 26 55 36 23 112 90 68 91 74 111 89 78 49 107 56 148 109 155 198 92 100 22 8 97 182 68 106 111 60 100 170 169 150 165 51 14 50 144 191 182 77 145 76 132 99 91 30 157 121 128 48 60 84 188 163 45 18 104 117 99 184 138 119 91 25 175 47 62 36 181 169 121 43 114 88 74 149 126 5 156 75 15 63 98 28 148 94 124 38 29 8 0 44 11 84 105 197 87 182 102 172 106 40 160 189 172 170 165 45 111 104 119 169 73 67 40 37 172 5 190 24 136 64 155 186 3 181 32 34 81 102 83 124 1 180 175 53 88 46 46 37 33 51 66 97 85 2 128 173 49 65 45 69 188 11 75 185 191 156 128 193 41 113 151 164 176 91 14 147 66 27 36 22 157
523
200 200 200 200 200 200 200 200 200 200 200 200 200 200 200 200 200 200 200 200 200 200 200 200 200 200 200 200 200 200 200 200 200 200 200 200 200 200 200 200 200 200 200 200 200 200 200 200 200 200 200 200 200 200 200 200 200 200 200 200 200 200 200 200 200 200 200 200 200 200 200 200 200 200 200 200 200 200 200 200 200 200 200 200 200 200 200 200 200 200 200 200 200 200 200 200 200 200 200 200 200 200 200 200 200 200 200 200 200 200 200 200 200 200 200 200 200 200 200 200 200 200 200 200 200 200 200 200 200 200 200 200 200 200 200 200 200 200 200 200 200 200 200 200 200 200 200 200 200 200 200 200 200 200 200 200 200 200 200 200 200 200 200 200 200 200 200 200 200 200 200 200 200 200 200 200 200 200 200 200 200 200 200 200 200 200 200 200 200 200 200 200 200 200 200 200 200 200 200 200 200 200 200 200 200 200 200 200 200 200 200 200 200 200 200 200 200 200 200 200 200 200 200 200 200 200 200 200 200 200 200 200 200 200 200 200 200 200 200 200 200 200 200 200 200 200 200 200 200 200 200 200 200 200 200 200 200 200 200 200 200 200 200 200 200 200 200 200 200 200 200 200 200 200 200 200 200 200 200 200 200 200 200 200 200 200 200 200 200 200 200 200 200 200 200 200 200 200 200 200 200 200 200 200 200 200 200 200 200 200 200 200 200 200 200 200 200 200 200 200 200 200 200 200 200 200 200 200 200 200 200 200 200 200 200 200 200 200 200 200 200 200 200 200 200 200 200 200 200 200 200 200 200 200 200 200 200 200 200 200 200 200 200 200 200 200 200 200 200 200 200 200 200 200 200 200 200 200 200 200 200 200 200 200 200 200 200 200 200 200 200 200 200 200 200 200 200 200 200 200 200 200 200 200 200 200 200 200 200 200 200 200 200 200 200 200 200 200 200 200 200 200 200 200 200 200 200 200 200 200 200 200 200 200 200 200 200 200 200 200 200 200 200 200 200 200 200 200 200 200 200 200 200 200 200 200 200 200 200 200 200 200 200 200 200 200 200 200 200 200 200 200 200 200 200 200 200 200 200 200 200 200 200 200 200 200 200 200 200 200 200 200 200 200 200 200 200 200 200 200 200 200 200 200 200 200 200 200 200 200 200 200 200 200 200 200 200 200 200 200 200 200 200
775
0 0 0 0 0 0 0 0 0 0 0 0 0 0 0 0 0 0 0 0 0 0 0 0 0 0 0 0 0 0 0 0 0 0 0 0 0 0 0 0 0 0 0 0 0 0 0 0 0 0 0 0 0 0 0 0 0 0 0 0 0 0 0 0 0 0 0 0 0 0 0 0 0 0 0 0 0 0 0 0 0 0 0 0 0 0 0 0 0 0 0 0 0 0 0 0 0 0 0 0 0 0 0 0 0 0 0 0 0 0 0 0 0 0 0 0 0 0 0 0 0 0 0 0 0 0 0 0 0 0 0 0 0 0 0 0 0 0 0 0 0 0 0 0 0 0 0 0 0 0 0 0 0 0 0 0 0 0 0 0 0 0 0 0 0 0 0 0 0 0 0 0 0 0 0 0 0 0 0 0 0 0 0 0 0 0 0 0 0 0 0 0 0 0 0 0 0 0 0 0 0 0 0 0 0 0 0 0 0 0 0 0 0 0 0 0 0 0 0 0 0 0 0 0 0 0 0 0 0 0 0 0 0 0 0 0 0 0 0 0 0 0 0 0 0 0 0 0 0 0 0 0 0 0 0 0 0 0 0 0 0 0 0 0 0 0 0 0 0 0 0 0 0 0 0 0 0 0 0 0 0 0 0 0 0 0 0 0 0 0 0 0 0 0 0 0 0 0 0 0 0 0 0 0 0 0 0 0 0 0 0 0 0 0 0 0 0 0 0 0 0 0 0 0 0 0 0 0 0 0 0 0 0 0 0 0 0 0 0 0 0 0 0 0 0 0 0 0 0 0 0 0 0 0 0 0 0 0 0 0 0 0 0 0 0 0 0 0 0 0 0 0 0 0 0 0 0 0 0 0 0 0 0 0 0 0 0 0 0 0 0 0 0 0 0 0 0 0 0 0 0 0 0 0 0 0 0 0 0 0 0 0 0 0 0 0 0 0 0 0 0 0 0 0 0 0 0 0 0 0 0 0 0 0 0 0 0 0 0 0 0 0 0 0 0 0 0 0 0 0 0 0 0 0 0 0 0 0 0 0 0 0 0 0 0 0 0 0 0 0 0 0 0 0 0 0 0 0 0 0 0 0 0 0 0 0 0 0 0 0 0 0 0 0 0 0 0 0 0 0 0 0 0 0 0 0 0 0 0 0 0 0 0 0 0 0 0 0 0 0 0 0 0 0 0 0 0 0 0 0 0 0 0 0 0 0 0 0 0 0 0 0 0 0 0 0 0 0 0 0 0 0 0 0 0 0 0 0 0 0 0 0 0 0 0 0 0 0 0 0 0 0 0 0 0 0 0 0 0 0 0 0 0 0 0 0 0 0 0 0 0 0 0 0 0 0 0 0 0 0 0 0 0 0 0 0 0 0 0 0 0 0 0 0 0 0 0 0 0 0 0 0 0 0 0 0 0 0 0 0 0 0 0 0 0 0 0 0 0 0 0 0 0 0 0 0 0 0 0 0 0 0 0 0 0 0 0 0 0 0 0 0 0 0 0 0 0 0 0 0 0 0 0 0 0 0 0 0 0 0 0 0 0 0 0 0 0 0 0 0 0 0 0 0 0 0 0 0 0 0 0 0 0 0 0 0 0 0 0 0 0 0 0 0 0 0 0 0 0 0 0 0 0 0 0 0 0 0 0 0 0 0 0 0 0 0 0 0 0 0 0 0 0 0 0 0 0 0 0 0 0 0 0 0 0 0 0 0 0 0 0 0 0 0 0 0 0 0 0 0 0 0 0 0 0
243
6 4 13 16 0 1 9 7 12 20 4 17 19 10 19 15 19 0 18 3 18 15 12 14 14 13 2 12 10 6 8 20 2 7 14 18 19 16 15 9 8 16 13 18 10 4 16 1 19 7 7 17 10 0 4 14 10 16 16 12 12 0 4 13 13 20 6 13 1 6 17 19 1 18 20 2 15 3 20 5 2 9 13 6 19 7 8 9 14 11 20 1 14 14 18 0 3 11 13 8 11 2 19 13 7 11 17 17 7 14 4 7 9 9 11 4 14 4 16 6 2 6 13 16 5 14 12 13 1 7 20 1 5 9 16 4 17 16 13 8 1 15 6 8 4 11 9 12 9 13 5 10 10 0 9 5 7 7 2 4 11 16 6 15 11 4 4 0 20 13 3 10 0 16 7 10 11 12 9 8 16 19 9 9 15 6 15 11 12 6 9 0 19 15 18 6 2 8 13 15 1 19 16 1 3 0 9 12 11 19 10 17 1 11 5 6 3 3 17 20 7 17 17 17 17 14 18 9 1 14 2 1 14 13 14 5 18 0 2 17 1 0 2
637
6 3 16 4 18 12 11 2 15 0 10 19 2 5 12 4 8 10 14 20 3 13 6 0 15 7 6 1 2 10 9 3 1 4 15 6 11 8 6 14 5 7 7 17 5 2 7 16 13 16 14 1 9 9 7 13 17 17 3 15 17 1 18 16 14 16 7 10 1 5 13 7 12 10 17 10 5 3 11 5 6 13 4 0 6 10 10 3 13 8 12 16 17 17 4 4 6 13 1 16 5 19 0 2 16 13 17 0 10 19 4 12 4 2 17 8 11 15 4 8 14 9 15 8 13 13 11 2 13 8 4 16 3 10 5 4 11 9 10 0 15 3 0 14 1 6 9 19 16 10 4 8 10 10 10 4 13 14 19 15 0 2 6 2 19 13 20 10 13 14 14 7 19 10 2 17 6 20 4 0 5 18 0 15 3 3 18 6 20 9 11 14 9 14 15 11 12 10 12 8 11 15 6 18 6 13 7 10 16 1 0 17 20 14 18 18 9 2 18 12 1 7 6 6 12 0 10 14 2 1 19 9 6 2 6 20 11 12 3 5 14 15 9 9 6 5 14 3 15 5 19 2 4 14 19 15 20 13 11 18 18 6 8 6 12 13 11 6 4 17 13 11 1 6 20 14 11 2 6 18 7 11 6 6 9 5 7 9 1 15 5 1 14 12 6 15 0 7 15 20 8 7 7 8 19 1 9 20 12 10 4 9 10 3 11 7 0 7 9 13 13 11 1 13 13 5 18 0 3 6 20 16 17 10 10 20 20 11 5 20 4 6 0 3 7 18 7 0 1 12 8 5 9 5 9 20 3 6 12 2 8 0 0 4 13 9 16 16 15 1 7 5 20 15 15 3 8 8 1 3 2 17 16 2 5 7 9 4 1 2 3 18 11 4 19 8 7 2 12 16 8 16 19 19 11 2 6 0 4 19 9 3 2 14 18 10 1 4 7 5 15 5 5 0 7 10 13 2 14 1 11 9 8 6 2 15 15 3 2 15 20 11 15 16 7 18 14 0 1 12 15 0 0 2 1 1 6 17 17 2 7 17 17 14 12 19 6 18 20 1 6 11 4 10 16 5 5 8 12 15 19 13 9 12 16 9 4 5 15 5 10 18 19 8 10 2 16 0 7 1 9 12 4 10 18 15 19 8 1 18 3 18 15 18 19 6 0 11 14 12 15 8 9 16 0 0 7 0 6 14 9 20 15 6 15 8 7 17 19 12 7 15 3 3 13 7 4 16 8 4 20 5 11 13 11 12 3 5 9 7 5 6 17 2 20 18 16 15 19 3 4 18 14 18 0 20 7 15 11 8 3 7 9 16 14 12 10 10 16 11 7 19 11 0 8 13 0 18 1 11 5 9 14 7 0 13 3 16 6 20 1 11 3 7 13 19 10 10 14 2 18 6 13 15 2 13 15 7 0 17 0 13 11 15 13 5 0
903
160 163 160 82 138 138 163 163 138 163 163 82 35 73 160 160 160 73 35 160 160 73 73 138 160 163 82 73 160 35 82 163 163 35 82 73 82 163 35 138 73 73 138 160 138 160 163 82 82 35 35 160 160 73 73 160 73 73 163 82 163 73 163 138 163 138 160 73 35 73 82 138 163 35 138 73 163 82 73 160 35 35 160 163 35 138 160 35 163 163 35 73 160 73 35 160 163 35 163 163 138 163 160 160 138 138 163 73 35 35 163 138 82 35 35 138 82 138 163 160 160 73 138 35 138 138 138 73 163 160 35 160 82 163 73 160 160 82 82 73 35 163 138 73 82 160 35 138 160 73 35 160 82 138 82 138 163 73 160 163 35 160 73 138 82 138 160 138 35 138 138 138 82 163 160 73 73 160 163 163 35 163 138 163 82 163 82 73 163 163 73 82 163 73 138 35 160 163 138 160 138 82 73 160 35 160 163 35 73 35 73 138 73 138 35 163 35 73 160 35 138 82 163 138 138 160 163 35 82 73 163 73 73 73 35 160 163 138 35 160 163 160 160 73 138 73 35 73 82 82 73 163 73 82 82 82 160 35 73 73 35 160 160 35 138 73 160 163 35 160 138 35 163 160 73 163 73 160 35 163 73 82 82 82 160 160 73 35 35 73 160 138 73 163 163 138 35 163 73 82 160 73 160 138 73 160 82 138 160 163 160 35 138 163 35 82 82 163 82 82 35 82 35 163 82 160 35 82 35 138 35 35 163 160 35 138 82 35 160 35 35 138 160 163 160 73 73 35 163 160 160 73 35 73 73 82 163 73 160 138 35 160 163 138 160 138 73 163 138 163 160 73 35 82 73 73 160 73 35 73 35 73 163 35 160 138 35 82 160 163 82 73 163 163 160 160 35 35 82 160 163 82 160 82 163 163 82 73 82 35 138 35 35 82 73 163 35 82 138 82 138 163 160 35 138 73 163 82 163 73 35 82 163 73 35 35 163 82 138 73 82 82 163 160 35 163 160 160 73 82 82 160 160 163 138 82 82 138 163 163 160 163 138 163 73 82 82 138 160 138 138 35 138 138 160 160 35 35 160 73 82 160 138 73 163 82 138 73 82 160 163 35 138 73 82 73 138 160 35 138 73 160 138 160 35 160 73 138 160 163 160 73 73 138 73 138 73 163 163 138 73 73 73 35 138 35 82 82 138 73 138 160 138 160 35 82 82 163 160 82 160 35 35 138 82 138 82 82 163 163 163 35 35 163 160 82 160 73 138 35 138 82 73 138 160 35 138 160 160 138 35 163 73 35 35 82 82 138 35 35 73 82 160 163 163 138 73 35 160 138 160 73 160 35 163 35 35 73 35 163 73 138 160 73 73 73 82 163 73 35 160 73 82 163 82 82 73 160 138 138 35 160 35 160 82 82 163 35 73 73 82 160 160 82 160 82 138 35 160 73 73 138 82 35 160 82 82 138 160 35 82 73 73 82 82 160 82 138 82 82 35 138 35 73 163 160 35 163 73 35 73 163 73 82 160 138 35 35 163 82 138 138 73 73 35 73 73 73 160 138 138 163 160 82 82 160 35 73 160 73 163 160 138 163 35 35 35 163 82 138 82 163 35 73 163 82 73 35 82 160 163 138 138 82 160 35 35 82 73 138 82 163 163 138 138 73 160 160 138 35 73 138 163 163 160 138 73 138 35 163 73 35 160 160 138 138 35 163 160 160 82 163 138 163 73 138 138 160 160 160 35 163 73 160 138 82 138 138 82 82 35 73 73 163 160 35 73 160 82 160 73 73 82 160 82 138 160 138 163 138 160 35 160 82 35 73 163 163 35 35 138 73 138 163 73 138 138 73 73 73 82 35 163 160 82 82 73 138 138 163 163 73 82 163 138 160 138 35 73 35 82 138 82 73 73 163 35 82 138 138 73 160 160 160 73 160 73 35 35 163 163 160 73 160 163 82 73 82 163 138 163 73 163 35 82 35 35 35 138 160 82 35 82 138 138 163 160 35 35 160 82 35 82 35 35 138 138 138 138 163 138 82 82
13
3 2 11 3 7 11 12 9 10 3 16 9 7
320
63 170 154 17 169 22 10 128 180 168 137 8 72 156 156 164 84 137 145 19 171 111 91 109 75 143 95 23 172 168 177 138 97 135 47 137 57 135 61 70 125 44 28 50 3 21 16 192 133 92 55 60 88 57 15 135 82 73 67 105 42 121 171 142 157 69 112 76 83 20 20 118 38 152 148 87 140 23 117 100 200 177 34 77 63 9 17 165 123 11 57 6 27 63 110 20 169 176 71 194 155 90 115 38 118 73 107 117 42 150 176 73 14 128 164 186 41 170 177 122 66 138 195 50 177 27 147 94 191 47 179 137 160 189 195 104 91 96 88 110 43 13 64 41 70 177 46 68 135 32 61 175 13 131 157 108 137 163 102 151 177 25 51 134 148 13 87 114 91 169 167 60 45 171 111 157 69 141 199 19 48 29 52 8 129 48 192 192 88 151 36 42 4 3 64 71 192 85 83 31 145 174 11 78 39 29 152 191 100 102 138 171 122 35 86 118 158 97 56 100 94 150 128 94 177 153 61 74 119 30 51 156 137 132 109 177 189 21 11 165 86 193 182 23 200 33 56 83 118 152 31 63 52 60 7 120 113 1 91 187 37 16 183 47 196 116 81 182 186 11 156 106 136 82 15 75 142 148 104 82 4 0 136 158 127 129 26 5 41 47 49 86 151 33 178 174 178 55 167 130 119 86 31 195 96 38 130 56 72 128 79 21 90 181 71 135 37 106 169 29
548
118 125 0 33 191 30 52 19 19 118 74 40 181 7 147 84 45 4 30 102 31 40 125 85 137 14 7 154 188 88 149 111 147 171 62 179 175 162 10 68 144 150 31 39 80 1 68 132 177 9 158 15 128 74 47 197 171 74 85 114 101 140 63 192 25 157 64 70 0 72 156 99 17 74 117 82 152 115 20 123 29 135 149 154 9 52 118 89 68 33 51 100 64 194 148 18 153 62 138 154 26 135 161 146 60 40 17 100 189 39 10 20 17 101 178 153 197 18 45 162 7 16 60 196 88 150 181 112 35 164 2 42 183 188 95 189 86 101 41 100 71 142 190 9 75 108 72 196 51 120 125 94 148 154 133 110 174 186 55 172 121 104 19 54 51 108 186 48 129 106 174 14 88 171 190 116 112 44 8 153 71 142 23 106 49 3 25 42 135 102 91 104 26 21 113 19 148 121 171 40 81 100 69 37 15 22 182 144 84 152 20 42 128 159 20 134 185 147 64 114 118 22 29 177 163 88 182 128 147 98 151 137 35 14 122 105 19 132 136 180 118 60 65 93 26 138 192 0 152 20 20 76 123 84 185 23 169 53 144 97 75 5 143 26 186 191 137 72 37 53 22 3 4 100 23 56 15 116 106 102 85 48 8 77 153 147 103 52 143 38 94 53 110 124 23 144 89 115 40 97 182 85 160 162 66 39 148 24 147 191 115 62 119 50 130 44 98 76 43 43 40 180 25 27 68 192 69 171 21 196 24 61 72 89 117 116 43 51 88 9 20 167 20 145 4 41 117 175 132 185 192 35 56 170 98 97 166 141 40 100 10 199 188 198 192 4 138 96 100 184 11 64 142 81 149 4 189 88 10 71 40 79 47 59 62 154 151 131 199 84 83 149 35 36 134 10 37 78 67 25 157 38 100 157 50 137 105 43 162 180 121 2 19 29 0 12 111 2 14 16 82 64 158 143 9 150 133 124 154 149 140 132 57 144 47 194 80 15 33 145 87 185 72 185 190 54 21 30 109 27 200 165 188 102 53 161 183 92 164 156 152 124 14 168 100 12 22 117 129 170 148 129 181 88 63 70 177 36 133 177 50 56 55 17 30 191 159 71 191 78 7 146 103 111 174 1 138 108 33 128 31 145 168 14 197 169 147 152 94 114 111 83 83 65 20 167 169 177 111 162 167 72 23 164 2 170 65 187 41 132 15 31 94 178 171 178 42 88 78 173 73 1 30 136 148 150 100 139
240
6 3 0 10 15 0 19 11 9 13 13 5 4 2 9 16 0 10 7 13 20 0 9 2 20 1 19 1 14 12 18 9 2 20 14 9 14 19 15 12 4 18 12 15 2 11 2 20 2 7 17 4 12 7 19 9 4 3 8 8 19 2 7 9 12 8 9 4 13 9 19 9 17 13 5 7 11 3 1 14 20 16 13 19 19 17 1 8 11 1 2 1 0 11 5 20 11 11 7 8 7 1 0 0 1 5 14 4 4 8 16 9 12 20 8 10 4 17 13 6 12 1 8 10 20 15 3 18 9 1 14 17 9 10 0 14 5 18 0 4 10 5 0 11 7 1 0 20 10 20 10 7 14 4 17 5 1 2 12 17 14 12 7 12 10 20 10 15 2 12 8 17 19 1 8 8 0 3 19 13 10 5 16 16 8 15 13 4 17 12 8 17 3 7 13 1 7 10 12 13 19 11 10 12 0 20 0 17 6 4 16 6 0 5 16 4 9 11 6 11 10 16 13 5 9 20 14 18 12 15 1 6 0 0 0 3 6 9 10 3
698
120 94 162 120 148 162 148 94 84 200 120 148 120 200 84 94 148 148 200 200 148 148 148 84 162 84 148 120 120 200 162 84 200 148 120 84 84 148 162 94 148 200 94 162 200 200 120 148 162 148 148 162 94 120 162 200 200 200 148 200 148 148 94 84 148 94 200 200 84 94 84 148 162 120 120 94 162 120 162 148 148 162 200 84 162 200 162 120 148 162 162 162 94 120 84 120 200 120 84 148 84 120 84 162 148 200 84 148 200 200 94 148 162 148 148 148 200 200 162 94 148 120 84 120 84 200 120 148 200 148 120 200 84 120 84 120 200 200 200 84 94 162 84 148 200 162 120 162 84 148 148 120 148 148 120 162 84 162 162 94 200 200 120 84 94 94 94 200 120 148 120 94 94 200 94 200 148 162 84 148 200 94 162 84 200 84 120 84 120 200 120 94 94 148 148 162 148 94 94 162 148 120 162 162 94 94 94 200 120 200 200 200 148 84 148 162 120 148 162 120 94 148 148 84 84 120 120 162 84 162 148 84 120 162 148 162 120 120 84 94 120 120 120 200 200 84 200 148 94 148 162 148 120 148 120 120 120 162 200 84 200 162 200 148 162 162 148 120 162 120 162 162 148 162 148 200 200 84 148 200 84 120 148 162 162 84 94 200 148 200 120 94 162 94 148 84 148 84 162 84 120 84 200 120 84 94 148 162 162 84 148 84 148 94 148 84 162 162 120 84 162 148 94 162 200 162 148 120 94 84 162 162 200 84 120 94 148 84 162 200 162 94 148 148 94 120 94 94 200 120 200 120 200 200 148 162 148 84 84 162 148 162 94 148 94 162 94 200 162 94 200 84 120 162 94 162 120 84 120 84 162 84 162 200 84 84 200 162 120 200 84 120 162 200 148 120 162 200 200 94 148 94 120 200 120 84 200 94 94 84 94 162 200 94 162 94 120 162 84 200 120 94 162 148 84 94 148 84 162 120 84 200 162 200 148 84 120 200 120 84 94 148 94 84 200 84 148 94 120 200 200 120 84 94 120 120 148 120 200 94 94 94 120 84 148 94 94 120 200 200 162 162 148 162 94 148 200 162 84 200 148 148 148 120 162 162 94 120 84 94 148 120 94 84 200 148 148 94 162 200 84 120 120 162 200 120 94 148 200 84 94 200 148 148 84 94 120 162 148 120 148 120 200 94 120 94 94 120 84 162 120 162 120 120 148 200 200 148 148 148 200 162 120 200 94 200 94 200 148 84 120 94 120 94 120 162 148 162 162 162 94 200 200 94 200 200 200 162 148 148 148 200 84 120 84 94 200 148 84 94 120 120 94 162 120 120 94 162 120 84 120 94 120 120 148 84 84 162 162 94 162 162 200 120 148 84 162 120 162 148 94 120 200 94 94 120 148 120 84 94 120 200 148 162 162 94 148 200 94 200 120 94 84 94 120 148 120 94 162 120 162 84 162 148 148 120 162 148 94 200 200 162 200 200 148 120 120 162 148 120 162 84 120 162 148 162 148 148 200 94 200 94 162 120 162 120 120 120 148 200 94 200 162 120 148 84 120 162 120 200 120 120 200 120 94 120 200 94
442
0 0 0 0 0 0 0 0 0 0 0 0 0 0 0 0 0 0 0 0 0 0 0 0 0 0 0 0 0 0 0 0 0 0 0 0 0 0 0 0 0 0 0 0 0 0 0 0 0 0 0 0 0 0 0 0 0 0 0 0 0 0 0 0 0 0 0 0 0 0 0 0 0 0 0 0 0 0 0 0 0 0 0 0 0 0 0 0 0 0 0 0 0 0 0 0 0 0 0 0 0 0 0 0 0 0 0 0 0 0 0 0 0 0 0 0 0 0 0 0 0 0 0 0 0 0 0 0 0 0 0 0 0 0 0 0 0 0 0 0 0 0 0 0 0 0 0 0 0 0 0 0 0 0 0 0 0 0 0 0 0 0 0 0 0 0 0 0 0 0 0 0 0 0 0 0 0 0 0 0 0 0 0 0 0 0 0 0 0 0 0 0 0 0 0 0 0 0 0 0 0 0 0 0 0 0 0 0 0 0 0 0 0 0 0 0 0 0 0 0 0 0 0 0 0 0 0 0 0 0 0 0 0 0 0 0 0 0 0 0 0 0 0 0 0 0 0 0 0 0 0 0 0 0 0 0 0 0 0 0 0 0 0 0 0 0 0 0 0 0 0 0 0 0 0 0 0 0 0 0 0 0 0 0 0 0 0 0 0 0 0 0 0 0 0 0 0 0 0 0 0 0 0 0 0 0 0 0 0 0 0 0 0 0 0 0 0 0 0 0 0 0 0 0 0 0 0 0 0 0 0 0 0 0 0 0 0 0 0 0 0 0 0 0 0 0 0 0 0 0 0 0 0 0 0 0 0 0 0 0 0 0 0 0 0 0 0 0 0 0 0 0 0 0 0 0 0 0 0 0 0 0 0 0 0 0 0 0 0 0 0 0 0 0 0 0 0 0 0 0 0 0 0 0 0 0 0 0 0 0 0 0 0 0 0 0 0 0 0 0 0 0 0 0 0 0 0 0 0 0 0 0 0 0 0 0 0 0 0 0 0 0
364
156 193 69 120 183 49 61 184 114 151 118 11 172 127 50 199 20 89 119 101 173 48 150 72 51 187 57 48 98 167 111 170 114 3 176 100 162 139 70 82 139 179 7 16 137 106 36 60 48 90 146 101 56 156 126 180 138 40 58 187 192 134 57 137 75 97 82 126 118 161 123 160 3 78 138 147 109 15 152 174 15 142 67 62 85 33 22 6 166 186 166 38 175 57 151 34 102 57 181 132 100 68 125 0 147 28 105 20 182 61 16 47 185 169 71 53 145 59 139 108 101 158 199 155 47 102 12 190 87 42 182 35 190 168 158 196 99 32 126 146 177 142 46 160 186 99 193 36 77 140 6 147 158 120 82 38 83 40 94 15 12 174 163 71 150 157 1 136 36 135 97 68 97 132 171 13 174 5 160 58 153 182 3 43 195 16 164 137 4 94 124 197 135 63 56 156 63 104 126 8 178 182 143 156 169 79 139 27 76 84 79 27 76 143 135 30 46 177 20 91 43 103 80 159 61 94 56 163 36 96 89 36 100 52 196 36 173 40 198 169 26 33 31 76 177 157 99 106 103 38 100 100 197 121 112 85 68 24 41 9 129 148 155 197 104 142 125 86 111 168 149 61 4 104 57 80 177 199 24 153 159 69 54 105 190 40 57 15 103 105 178 154 25 79 72 32 39 169 145 61 154 72 94 138 164 184 68 7 159 24 11 174 197 123 176 30 38 92 172 25 99 3 170 192 47 188 53 49 105 50 187 43 36 199 79 129 4 120 200 48 134 122 41 71 176 1 64 117 10 156 196 117 18 60 163 82 95 69 73 25 162 98 15 66
951
181 103 4 108 174 41 161 15 154 114 122 130 177 168 40 190 139 53 194 87 175 57 75 71 86 68 132 181 20 156 179 127 55 31 22 157 187 187 8 28 107 130 48 106 113 65 121 118 156 113 111 90 193 194 125 138 168 160 127 195 155 78 131 154 127 64 114 8 129 0 109 123 39 104 7 158 182 25 63 58 44 101 148 6 86 149 83 133 122 106 0 145 159 110 15 170 199 139 18 15 147 148 62 117 96 86 178 149 185 5 171 158 78 119 98 79 167 73 72 101 112 147 132 32 4 192 17 73 149 165 8 147 4 84 37 176 121 73 9 111 70 24 3 184 2 143 128 1 86 66 157 126 129 149 143 184 144 2 189 118 96 22 115 199 27 71 56 98 24 108 185 185 10 10 85 116 132 191 101 26 64 108 41 129 11 89 159 110 177 64 89 93 69 26 179 97 182 141 80 47 91 49 192 190 143 74 164 71 20 97 195 1 67 132 128 164 6 76 171 127 35 94 72 49 187 112 134 18 84 158 40 186 115 9 138 164 87 111 53 195 187 148 193 165 91 45 165 61 22 24 156 32 83 42 10 125 14 183 5 46 50 163 67 11 14 19 200 137 35 87 41 21 107 1 91 66 93 49 183 52 142 64 105 142 57 62 0 96 92 198 159 176 84 174 66 51 142 25 92 124 47 18 160 150 195 192 137 200 21 16 169 195 18 164 161 42 42 184 149 37 50 9 113 60 193 59 8 124 36 118 150 117 50 124 161 115 162 146 160 8 106 111 46 88 31 179 18 197 150 77 50 53 114 85 42 164 76 76 25 129 73 120 71 98 28 80 129 24 124 170 99 133 191 130 123 50 16 134 125 67 137 27 105 27 164 143 23 174 156 82 73 170 135 117 34 42 61 40 38 46 159 37 55 41 55 11 185 14 6 165 86 67 162 25 17 113 57 198 113 49 63 145 10 22 21 108 117 86 164 85 191 117 107 150 164 80 79 165 21 138 111 169 5 18 127 92 54 69 0 63 92 64 123 120 24 113 66 135 63 43 176 6 110 175 53 172 27 165 24 11 4 32 141 188 198 105 26 94 145 157 18 64 63 145 124 82 131 52 167 75 198 107 41 188 86 91 34 40 138 6 132 61 154 155 30 130 50 162 106 73 148 3 187 46 163 147 52 38 58 196 155 18 37 148 2 97 14 159 66 143 127 84 107 191 39 122 115 55 168 161 111 43 22 162 137 95 27 178 87 105 151 190 198 170 180 78 64 57 98 2 59 78 142 50 57 27 56 165 117 48 197 131 4 63 152 66 119 180 30 16 196 152 79 56 124 8 17 148 144 85 79 149 75 37 118 63 166 49 27 161 123 137 63 103 183 169 130 13 22 168 140 44 124 45 19 48 78 69 62 145 22 135 109 186 50 31 72 49 110 63 140 38 199 98 80 191 179 161 62 175 140 51 6 12 13 80 123 56 107 128 155 93 0 117 14 145 111 150 51 124 78 48 89 72 183 182 172 2 68 153 128 120 200 197 38 19 186 58 60 87 66 183 163 62 26 18 27 166 133 98 118 146 61 7 20 111 31 141 66 139 54 131 174 141 2 46 114 94 136 17 106 145 56 151 100 99 154 132 87 164 45 71 3 72 117 54 84 170 184 14 144 15 53 186 169 171 58 184 78 164 31 159 170 88 90 150 110 89 187 173 168 83 41 14 185 171 193 91 193 170 133 41 2 6 183 46 83 36 200 42 142 17 167 107 41 25 30 197 162 140 38 81 119 69 52 66 185 34 189 34 117 95 1 66 198 186 131 68 156 24 145 159 161 72 88 67 160 26 12 192 27 116 148 109 154 77 38 122 160 191 55 193 84 165 128 191 153 58 109 121 172 174 179 103 68 162 24 145 29 77 153 7 73 132 131 123 48 63 113 98 131 21 120 192 44 119 100 154 78 83 179 173 148 91 11 46 22 178 7 120 106 39 193 96 85 89 180 112 14 18 157 95 58 131 104 122 152 120 17 43 3 31 66 44 121 50 159 156 184 76 24 57 125 47 18 39 188 26 61 180 167 149 18 22 127 17 185 43 133 92 95 58 156 24 129 67 50 37 156 149 111 136 172 108 117 130 153 104 105 69 19 90 96 29 134 177 62 9 20 180 95
618
0 200 50 115 52 106 103 82 68 89 65 100 61 99 77 74 84 63 76 79 99 110 87 66 111 85 53 107 57 61 102 58 119 106 113 112 97 67 106 84 101 69 52 120 83 59 53 52 111 100 109 101 88 61 93 92 55 53 113 73 112 92 105 75 72 52 70 95 62 87 90 95 55 116 85 95 55 65 91 110 63 104 52 108 113 97 60 102 58 56 101 91 67 83 80 85 69 61 97 112 68 92 63 113 77 95 62 120 113 73 97 59 67 100 76 56 109 76 58 66 77 93 74 97 60 101 113 69 83 62 60 113 91 110 83 83 69 77 73 63 53 78 98 52 54 52 106 60 87 112 83 97 116 78 68 105 102 98 97 87 58 98 78 82 65 58 71 103 90 88 80 89 101 69 74 83 112 87 52 100 82 66 82 117 74 51 84 89 62 86 90 74 114 65 57 57 65 96 107 102 109 102 103 79 80 71 109 99 75 112 76 117 51 64 83 81 62 114 82 116 79 79 118 120 108 82 72 80 116 98 70 101 51 72 95 74 65 111 81 113 118 104 112 76 116 88 89 78 80 115 51 119 84 109 92 85 106 75 72 52 50 85 85 78 61 52 115 59 116 92 86 91 58 58 60 105 88 65 81 70 81 56 81 80 69 54 84 118 50 119 106 85 70 116 93 118 92 66 61 53 52 115 66 52 66 50 113 93 100 91 92 112 94 57 73 59 106 89 65 52 79 56 93 99 103 73 102 110 109 90 91 83 82 51 106 67 102 117 60 55 66 113 61 96 54 87 75 83 104 85 111 100 66 104 73 102 81 88 51 100 106 75 79 111 88 77 64 77 106 85 113 71 82 95 107 114 103 56 78 118 99 101 101 95 93 101 96 115 63 50 71 75 66 120 54 87 115 71 50 104 61 88 70 81 82 70 74 80 117 112 75 95 114 112 91 61 89 104 78 97 90 114 86 111 65 96 115 52 92 70 55 84 116 69 115 66 70 88 61 52 57 83 87 56 102 59 69 93 69 86 56 107 66 87 75 60 69 94 75 65 60 96 60 79 110 100 118 93 69 107 55 99 95 98 111 80 78 102 116 95 80 79 80 58 101 88 113 119 94 70 82 113 107 112 59 114 91 105 53 79 55 99 55 88 100 86 57 117 105 64 80 118 95 53 111 69 96 57 75 104 50 74 55 60 120 50 103 109 93 85 90 106 61 54 71 92 78 95 91 117 66 93 103 78 69 63 83 66 56 116 106 82 98 76 89 70 108 76 118 89 112 77 77 95 96 86 105 70 101 101 79 76 98 116 86 50 62 71 51 54 106 56 77 117 118 106 78 109 78 108 98 120 85 60 119 103 100 66 111 117 56 60 107 54 102 80 108 52 114 87 92 94 64 120 98 82 56 200
357
0 0 0 0 0 0 0 0 0 0 0 0 0 0 0 0 0 0 0 0 0 0 0 0 0 0 0 0 0 0 0 0 0 0 0 0 0 0 0 0 0 0 0 0 0 0 0 0 0 0 0 0 0 0 0 0 0 0 0 0 0 0 0 0 0 0 0 0 0 0 0 0 0 0 0 0 0 0 0 0 0 0 0 0 0 0 0 0 0 0 0 0 0 0 0 0 0 0 0 0 0 0 0 0 0 0 0 0 0 0 0 0 0 0 0 0 0 0 0 0 0 0 0 0 0 0 0 0 0 0 0 0 0 0 0 0 0 0 0 0 0 0 0 0 0 0 0 0 0 0 0 0 0 0 0 0 0 0 0 0 0 0 0 0 0 0 0 0 0 0 0 0 0 0 0 0 0 0 0 0 0 0 0 0 0 0 0 0 0 0 0 0 0 0 0 0 0 0 0 0 0 0 0 0 0 0 0 0 0 0 0 0 0 0 0 0 0 0 0 0 0 0 0 0 0 0 0 0 0 0 0 0 0 0 0 0 0 0 0 0 0 0 0 0 0 0 0 0 0 0 0 0 0 0 0 0 0 0 0 0 0 0 0 0 0 0 0 0 0 0 0 0 0 0 0 0 0 0 0 0 0 0 0 0 0 0 0 0 0 0 0 0 0 0 0 0 0 0 0 0 0 0 0 0 0 0 0 0 0 0 0 0 0 0 0 0 0 0 0 0 0 0 0 0 0 0 0 0 0 0 0 0 0 0 0 0 0 0 0 0 0 0 0 0 0 0 0 0 0 0 0 0 0 0 0 0 0
565
17 16 0 17 16 15 7 7 9 20 0 12 1 4 19 9 14 10 10 1 12 8 10 16 19 2 19 13 5 11 8 5 17 4 20 12 1 19 12 20 2 13 13 9 19 18 8 16 13 0 19 13 7 14 5 2 17 9 5 5 12 14 6 13 11 6 9 15 2 20 13 12 15 3 0 7 12 15 19 4 6 5 0 13 20 14 7 8 4 6 17 0 19 0 20 6 13 17 16 20 1 9 12 10 5 13 8 0 2 16 6 0 20 9 9 2 19 9 2 9 3 11 13 16 9 7 15 20 13 10 2 11 13 17 11 6 0 11 12 19 20 8 8 15 18 10 16 11 0 18 12 15 16 3 16 19 6 18 18 5 5 18 5 20 11 2 2 17 13 7 8 0 13 7 19 8 16 18 7 10 1 16 20 14 5 15 9 18 20 18 8 8 13 17 17 10 7 10 18 5 16 11 17 9 18 3 20 14 7 19 19 4 4 7 3 17 13 18 4 2 2 5 8 19 1 10 1 3 12 1 14 1 19 14 3 4 16 14 17 4 6 10 18 18 17 9 19 3 9 11 11 4 4 6 17 9 2 8 14 0 11 15 13 7 0 8 20 17 7 1 5 19 3 18 10 13 8 2 9 15 15 1 6 0 9 10 5 8 7 0 5 17 16 12 2 4 11 8 13 12 16 20 17 18 14 0 14 0 16 14 12 11 18 5 18 3 8 14 2 10 11 2 7 13 7 7 20 12 13 17 9 4 19 3 6 19 14 5 15 17 13 9 3 11 13 8 0 12 1 0 14 0 6 2 14 15 13 10 12 16 2 2 8 8 20 1 11 11 11 10 2 20 15 15 16 15 9 4 16 0 7 11 2 16 12 11 18 3 7 17 6 5 4 4 6 16 13 0 17 19 4 6 13 7 0 9 3 0 4 6 13 16 18 8 12 1 4 16 17 11 4 14 9 12 1 11 2 12 2 14 12 16 6 3 14 8 11 2 9 19 14 19 13 18 19 3 0 20 1 12 19 6 5 14 9 3 17 7 10 5 14 4 12 6 19 12 6 5 20 5 14 16 7 17 18 0 20 11 2 17 8 11 9 11 17 20 17 3 4 14 5 3 4 0 6 4 7 10 2 3 10 4 7 6 8 3 11 6 16 5 7 14 4 20 0 0 16 18 9 8 13 6 6 2 1 15 13 3 12 16 11 10 8 8 19 6 5 13 1 19 15 19 9 10 4 17 13 20 5 15 7 9 14 4 17 19 3 8 12 16 2 12 8 20 3
476
48 153 161 133 191 8 89 159 186 66 109 80 192 125 19 198 139 146 31 76 132 12 51 13 133 71 155 128 115 143 32 183 51 174 22 121 67 115 188 38 161 78 61 11 31 105 13 30 189 94 156 178 82 185 106 20 138 74 29 189 189 184 194 139 152 38 120 7 146 167 78 59 134 8 74 156 160 86 124 127 91 179 33 36 112 11 24 142 54 173 105 188 143 106 89 161 120 16 40 98 170 156 19 76 127 76 33 129 165 70 106 63 174 102 64 46 90 46 110 200 55 25 85 13 71 162 96 175 177 122 154 176 155 33 161 26 6 169 49 57 180 82 155 176 139 153 119 139 0 70 59 95 144 176 41 16 148 0 93 22 42 132 93 3 156 161 156 44 97 37 112 198 149 168 9 79 59 94 184 91 73 197 37 24 186 38 6 18 70 173 75 190 86 55 84 9 99 120 172 195 186 99 133 144 99 124 23 152 38 95 167 32 35 54 120 35 159 95 14 104 37 73 20 31 187 111 164 23 196 34 116 151 195 15 129 29 23 57 187 50 95 134 68 3 9 191 25 72 112 178 35 137 74 95 178 4 118 4 166 60 57 122 135 11 148 192 109 158 1 171 130 96 59 167 44 198 155 153 4 98 13 24 131 100 23 4 55 192 107 9 87 191 80 137 35 170 136 199 181 170 106 2 69 161 50 43 139 142 131 2 142 9 195 38 167 11 115 160 132 133 82 51 97 125 188 147 175 95 76 46 22 121 23 37 196 43 159 130 58 194 59 167 200 44 145 148 30 56 1 33 11 164 53 150 107 56 171 185 114 70 71 61 129 58 83 119 181 167 131 71 140 72 39 33 21 84 95 58 77 28 184 145 71 87 194 161 83 92 137 16 64 116 150 162 117 131 200 152 81 70 117 78 163 127 55 97 64 175 195 61 165 31 159 95 85 200 22 155 115 141 35 28 24 191 162 28 171 66 134 54 169 18 69 80 17 53 48 54 57 122 200 37 198 72 21 30 141 174 181 46 148 161 83 31 25 17 143 54 54 179 169 8 111 171 71 102 198 182 6 186 183 85 144 103 185 122
232
37 178 178 178 178 131 37 178 131 178 178 178 131 178 131 178 178 178 37 178 131 131 178 178 178 37 131 37 131 178 131 131 37 131 178 178 37 178 178 178 131 37 178 178 178 37 178 37 37 131 178 131 131 37 178 131 37 37 178 37 178 37 178 178 131 131 178 178 37 131 131 178 37 37 178 131 37 178 37 178 37 178 37 178 131 37 37 178 37 37 37 37 131 131 131 37 37 178 131 37 131 178 178 178 131 131 37 37 178 37 131 178 37 131 37 178 131 37 131 37 131 37 131 37 37 37 37 37 37 178 131 37 131 178 37 37 37 178 131 131 178 178 37 37 178 37 178 37 131 178 178 131 37 37 178 131 37 37 131 37 131 37 131 131 131 178 131 131 131 178 178 178 178 178 178 37 37 178 178 131 37 37 131 37 37 37 37 131 37 178 37 37 178 131 178 178 178 37 37 131 178 131 178 37 37 178 131 131 131 131 131 37 131 131 131 37 131 131 37 37 131 131 178 131 37 178 37 178 131 131 37 131
574
0 200 73 56 89 89 120 52 65 73 74 97 90 113 101 99 118 70 50 114 98 91 56 105 84 106 112 70 112 113 83 86 108 102 108 98 59 68 100 108 101 50 111 116 58 76 66 93 89 91 87 52 88 114 118 120 112 73 74 54 105 107 59 67 116 84 55 94 94 94 86 101 74 59 79 93 111 62 96 74 61 98 117 98 76 76 101 101 61 106 89 65 84 99 97 69 105 70 96 80 90 115 93 92 61 101 115 73 50 65 77 109 120 85 65 81 100 86 111 60 98 50 73 85 92 108 64 118 83 54 84 86 84 89 92 98 67 52 117 60 85 71 75 96 61 65 90 72 102 75 78 58 88 83 102 120 72 71 113 116 65 70 73 53 67 62 112 90 65 55 115 92 71 109 71 116 82 93 86 115 82 65 66 98 117 109 99 92 120 87 100 64 68 70 95 88 69 119 100 90 116 120 59 88 90 90 118 104 92 88 105 82 78 77 93 81 105 57 117 72 112 97 73 114 86 71 120 112 74 108 73 77 112 103 57 50 53 96 87 88 100 71 110 58 102 65 65 88 62 51 88 107 72 57 107 85 105 73 93 77 61 106 116 70 118 119 62 98 73 71 83 64 110 59 101 80 92 52 73 116 80 110 89 56 107 85 118 116 74 59 106 120 84 108 77 95 55 117 106 90 53 70 83 50 57 55 92 112 74 86 64 81 52 57 91 70 52 67 70 66 61 73 72 117 116 74 104 68 63 82 106 87 115 111 55 79 90 58 69 64 77 90 53 107 73 112 101 69 92 70 89 105 56 75 101 65 65 80 120 101 110 104 108 106 94 64 90 114 89 109 93 65 94 110 66 63 70 112 53 59 78 76 58 67 63 102 109 83 80 103 97 96 120 82 84 91 55 87 62 63 90 99 68 104 69 74 109 53 50 113 72 72 85 103 83 79 83 115 80 75 105 93 59 54 76 55 95 60 63 80 106 60 111 93 92 66 89 64 95 75 101 71 76 66 54 76 65 90 61 54 102 53 116 100 88 66 114 114 55 104 56 100 88 56 67 55 110 66 80 112 85 56 56 78 63 107 78 92 79 79 119 94 88 76 100 77 72 69 81 89 102 108 59 97 61 69 89 67 110 114 76 74 88 64 108 74 76 96 103 101 91 71 109 113 118 75 95 115 107 109 66 74 84 97 88 106 64 116 74 103 70 100 91 53 116 116 112 105 102 66 98 80 60 94 67 118 74 63 95 91 64 80 95 91 87 85 74 113 64 51 51 62 106 120 102 82 114 107 60 114 63 95 60 200
409
84 27 185 67 42 64 153 145 138 25 39 26 18 139 25 197 17 180 170 47 151 156 21 16 45 129 168 1 126 154 50 89 76 12 63 23 101 172 178 139 64 33 22 32 37 42 182 20 143 104 68 199 174 7 169 44 123 195 50 142 192 143 101 70 188 126 37 61 127 30 32 97 147 186 171 98 163 102 10 175 0 182 95 52 100 80 186 40 37 169 33 53 32 153 79 101 164 81 100 7 135 80 115 57 160 152 70 146 152 55 78 12 47 19 95 197 135 66 55 173 68 71 102 23 146 112 15 145 107 131 187 199 135 130 35 129 39 169 150 28 177 199 1 172 107 85 175 188 90 66 103 98 198 172 191 129 158 149 165 57 117 49 96 82 144 109 167 35 59 25 129 58 58 12 92 51 66 129 141 146 36 186 4 189 152 7 55 32 178 194 51 1 54 27 175 155 26 107 52 175 84 175 166 135 179 42 125 102 149 186 89 105 125 111 182 162 36 140 121 149 148 81 85 52 194 119 191 97 25 67 107 18 65 198 111 156 6 173 17 154 24 195 95 32 151 64 158 69 44 72 171 149 10 146 147 72 33 1 64 0 78 36 158 3 104 108 153 136 110 1 98 138 72 63 197 128 104 97 186 59 69 52 92 96 90 194 27 4 174 166 26 135 75 154 32 151 161 135 81 108 101 43 2 120 164 59 133 190 17 18 182 20 160 112 106 139 89 53 1 172 48 1 115 114 19 178 12 114 78 8 7 194 150 143 197 64 97 29 36 20 3 42 37 48 82 145 52 142 4 107 160 143 187 5 171 164 96 12 116 41 31 182 162 70 91 98 26 7 192 64 160 28 139 154 154 194 173 25 68 7 110 120 35 91 73 51 119 152 78 197 92 47 56 16 187 65 175 15 149 139 45 152 5 39 173 148 62 191 72
880
20 158 11 4 15 3 0 14 20 13 14 19 0 5 15 174 195 15 6 7 12 19 19 12 6 3 5 8 6 17 7 0 11 15 5 8 13 16 5 18 16 13 188 184 1 15 2 184 9 192 11 166 16 13 0 154 7 6 17 8 14 189 10 16 0 5 13 8 0 10 19 16 16 3 10 184 1 2 10 6 12 4 14 161 17 15 11 176 6 6 19 188 14 5 152 1 5 162 11 19 18 11 172 153 8 8 185 152 10 182 174 156 162 1 1 8 13 5 3 8 15 15 5 3 12 1 1 14 178 12 17 20 1 10 0 1 10 17 4 172 9 10 198 6 20 13 192 17 11 1 0 199 2 7 16 161 10 0 11 187 10 14 6 13 2 11 179 13 174 18 10 4 8 17 160 13 197 16 197 14 13 1 14 152 5 1 1 7 165 173 13 12 152 186 186 3 18 173 1 11 19 152 13 0 15 6 4 172 12 9 13 187 20 20 13 2 8 20 183 0 1 4 17 13 6 14 192 164 19 4 12 10 6 187 19 154 8 18 150 19 11 189 17 20 161 6 18 1 8 7 18 6 4 3 10 5 18 4 200 187 11 12 5 16 3 5 16 182 2 16 6 8 5 1 13 9 8 12 19 11 11 10 15 18 195 199 17 6 16 7 7 9 4 14 20 13 13 0 4 14 8 9 4 20 5 0 19 0 0 8 20 19 11 7 18 159 19 19 9 13 11 13 0 14 4 9 12 184 16 13 2 190 7 15 176 12 18 165 11 174 157 14 1 163 18 6 162 20 2 3 0 16 12 159 172 18 12 182 186 13 166 2 9 5 4 9 17 8 4 4 17 9 1 2 13 16 14 2 3 14 5 13 1 10 1 14 12 15 7 4 179 16 1 9 2 187 11 6 9 12 174 14 15 8 187 14 171 11 19 14 0 6 14 168 14 20 0 3 2 6 12 9 3 10 1 18 6 182 182 10 8 5 6 176 0 15 7 3 8 20 3 0 12 15 175 18 9 13 182 16 13 8 1 5 8 18 18 191 13 15 18 0 14 2 167 165 10 17 1 0 20 10 18 8 17 5 156 170 0 10 17 166 19 4 11 2 5 7 3 14 2 20 20 6 5 7 17 2 12 13 11 18 151 2 9 11 197 19 3 9 11 3 10 177 1 18 15 16 17 3 16 2 6 12 5 6 5 2 18 6 10 173 10 4 164 0 9 3 180 7 17 14 9 13 11 1 13 12 152 16 16 184 9 13 1 181 4 15 17 15 175 7 18 14 11 6 12 4 173 183 158 7 10 10 7 4 0 4 18 175 19 159 7 186 5 150 171 18 4 3 20 150 15 1 9 1 12 8 160 8 20 13 12 7 17 1 18 6 0 184 8 2 20 2 7 5 8 2 5 6 179 165 6 8 191 12 5 16 5 7 16 10 158 9 163 184 193 7 8 15 0 16 152 195 18 0 17 17 8 16 18 6 18 5 5 18 18 7 3 1 17 165 8 7 18 16 12 16 197 6 1 190 20 7 10 172 16 14 8 7 179 9 12 17 3 19 16 192 164 9 1 3 18 9 172 9 1 154 2 15 19 2 191 4 12 9 1 19 16 4 13 7 171 19 4 200 19 10 11 10 10 0 6 16 4 6 16 185 0 1 19 3 19 17 19 13 7 19 13 13 180 165 12 8 18 3 8 7 155 12 6 19 6 1 2 12 5 17 5 12 3 14 6 7 196 169 7 11 3 183 11 7 0 7 157 0 4 12 186 175 156 186 20 8 3 9 19 6 5 182 16 173 20 8 2 19 9 165 177 0 19 153 198 162 7 6 12 16 2 5 2 4 20 0 7 14 8 8 4 20 12 7 169 162 5 16 1 10 20 9 5 18 2 7 17 161 10 9 159 160 0 150 3 20 14 10 9 8 18 17 2 8 180 2 4 161 5 9 169 11 12 11 7 12 152 7 193 155 13 154 17 11 3 15 8 1 16 163 181 15
844
0 0 0 0 0 0 0 0 0 0 0 0 0 0 0 0 0 0 0 0 0 0 0 0 0 0 0 0 0 0 0 0 0 0 0 0 0 0 0 0 0 0 0 0 0 0 0 0 0 0 0 0 0 0 0 0 0 0 0 0 0 0 0 0 0 0 0 0 0 0 0 0 0 0 0 0 0 0 0 0 0 0 0 0 0 0 0 0 0 0 0 0 0 0 0 0 0 0 0 0 0 0 0 0 0 0 0 0 0 0 0 0 0 0 0 0 0 0 0 0 0 0 0 0 0 0 0 0 0 0 0 0 0 0 0 0 0 0 0 0 0 0 0 0 0 0 0 0 0 0 0 0 0 0 0 0 0 0 0 0 0 0 0 0 0 0 0 0 0 0 0 0 0 0 0 0 0 0 0 0 0 0 0 0 0 0 0 0 0 0 0 0 0 0 0 0 0 0 0 0 0 0 0 0 0 0 0 0 0 0 0 0 0 0 0 0 0 0 0 0 0 0 0 0 0 0 0 0 0 0 0 0 0 0 0 0 0 0 0 0 0 0 0 0 0 0 0 0 0 0 0 0 0 0 0 0 0 0 0 0 0 0 0 0 0 0 0 0 0 0 0 0 0 0 0 0 0 0 0 0 0 0 0 0 0 0 0 0 0 0 0 0 0 0 0 0 0 0 0 0 0 0 0 0 0 0 0 0 0 0 0 0 0 0 0 0 0 0 0 0 0 0 0 0 0 0 0 0 0 0 0 0 0 0 0 0 0 0 0 0 0 0 0 0 0 0 0 0 0 0 0 0 0 0 0 0 0 0 0 0 0 0 0 0 0 0 0 0 0 0 0 0 0 0 0 0 0 0 0 0 0 0 0 0 0 0 0 0 0 0 0 0 0 0 0 0 0 0 0 0 0 0 0 0 0 0 0 0 0 0 0 0 0 0 0 0 0 0 0 0 0 0 0 0 0 0 0 0 0 0 0 0 0 0 0 0 0 0 0 0 0 0 0 0 0 0 0 0 0 0 0 0 0 0 0 0 0 0 0 0 0 0 0 0 0 0 0 0 0 0 0 0 0 0 0 0 0 0 0 0 0 0 0 0 0 0 0 0 0 0 0 0 0 0 0 0 0 0 0 0 0 0 0 0 0 0 0 0 0 0 0 0 0 0 0 0 0 0 0 0 0 0 0 0 0 0 0 0 0 0 0 0 0 0 0 0 0 0 0 0 0 0 0 0 0 0 0 0 0 0 0 0 0 0 0 0 0 0 0 0 0 0 0 0 0 0 0 0 0 0 0 0 0 0 0 0 0 0 0 0 0 0 0 0 0 0 0 0 0 0 0 0 0 0 0 0 0 0 0 0 0 0 0 0 0 0 0 0 0 0 0 0 0 0 0 0 0 0 0 0 0 0 0 0 0 0 0 0 0 0 0 0 0 0 0 0 0 0 0 0 0 0 0 0 0 0 0 0 0 0 0 0 0 0 0 0 0 0 0 0 0 0 0 0 0 0 0 0 0 0 0 0 0 0 0 0 0 0 0 0 0 0 0 0 0 0 0 0 0 0 0 0 0 0 0 0 0 0 0 0 0 0 0 0 0 0 0 0 0 0 0 0 0 0 0 0 0 0 0 0 0 0 0 0 0 0 0 0 0 0 0 0 0 0 0 0 0 0 0 0 0 0 0 0 0 0 0 0 0 0 0 0 0 0 0 0 0 0 0 0 0 0 0 0 0 0 0 0 0 0 0 0 0 0 0 0 0 0 0 0 0 0 0 0 0 0 0 0 0 0 0 0 0 0 0 0 0 0 0 0 0 0 0 0 0 0 0 0 0 0 0 0 0 0 0 0 0 0 0 0 0 0 0 0 0 0 0 0 0 0 0 0 0 0 0 0 0 0 0 0 0 0 0 0
671
4 11 6 0 20 11 11 15 10 20 11 11 16 0 3 17 7 10 18 4 12 12 18 14 6 9 18 6 18 13 18 9 18 6 17 7 4 2 11 18 11 12 0 16 13 15 6 13 17 13 13 18 12 20 17 3 3 12 10 7 14 5 5 5 14 20 15 12 11 7 11 10 16 8 19 17 13 7 0 11 2 7 16 9 4 12 19 12 14 7 2 13 17 4 0 12 17 12 14 15 6 16 15 9 16 20 17 0 14 4 17 18 6 15 15 20 10 3 5 3 1 15 11 20 0 6 17 9 20 2 8 18 13 7 1 10 2 11 18 20 11 15 19 10 13 14 14 4 6 0 18 14 9 2 15 13 14 11 10 12 4 5 1 15 10 14 6 2 3 8 4 8 1 10 3 16 0 12 1 5 10 8 16 11 19 13 19 15 10 10 13 5 7 12 12 3 10 20 18 1 5 6 1 0 14 10 17 1 4 10 5 1 14 12 4 6 5 5 2 17 8 3 6 2 9 20 17 9 11 16 20 7 20 13 2 7 5 12 7 9 12 9 2 13 16 13 2 17 3 9 7 20 1 15 15 6 6 12 5 10 7 20 13 11 13 14 0 5 7 20 11 18 14 18 15 18 0 6 3 12 12 19 16 1 13 18 12 5 0 11 20 17 14 14 13 12 4 3 1 8 20 4 10 1 19 11 6 11 3 18 14 6 14 0 16 16 15 5 12 18 15 17 20 7 7 8 20 16 13 9 0 16 16 15 11 19 19 6 10 2 4 0 4 4 9 6 12 16 5 19 12 8 1 20 10 10 4 9 17 8 3 12 4 20 0 5 12 9 11 18 8 19 11 10 10 3 19 16 8 6 12 2 20 6 12 11 11 8 9 14 19 4 1 5 17 7 10 15 19 11 8 7 8 4 17 14 19 1 0 14 16 17 10 17 6 19 2 1 18 3 8 9 2 2 0 19 18 5 8 9 18 13 9 4 6 12 14 2 17 11 9 8 5 11 19 12 13 20 19 11 11 9 17 2 19 5 8 18 2 11 6 15 20 5 10 12 17 9 6 14 18 8 0 9 4 18 15 0 6 19 18 11 3 17 16 20 8 7 16 12 0 16 15 20 18 0 17 9 15 13 10 15 2 14 9 8 19 19 14 5 16 8 19 12 15 2 6 20 2 13 4 0 6 3 2 14 19 16 17 17 3 17 14 0 6 13 15 20 13 19 11 4 2 4 11 10 17 15 4 5 2 7 11 2 5 16 4 14 15 7 6 4 6 10 14 20 8 13 7 1 19 0 10 1 19 15 1 10 7 19 17 19 1 5 20 1 2 16 5 13 17 8 0 10 20 14 15 20 15 14 4 15 1 3 18 9 7 1 16 10 18 12 14 11 9 16 4 3 5 2 8 6 17 8 13 2 10 14 3 20 11 5 19 10 10 10 2 8 16 4 10 10 1 11 2 13 3 3 18 8 19 13 4 15 18 3 4 4 4 19 9 16 3 20 16 14 5 8 8 7 6
178
0 200 116 70 53 108 112 90 72 110 109 73 53 101 117 65 82 66 72 120 110 106 56 88 86 97 84 57 87 72 90 114 102 102 73 95 98 112 88 56 50 75 72 80 113 103 101 113 87 109 85 90 117 52 93 91 104 57 112 92 79 76 119 66 100 89 116 82 83 52 102 85 103 120 67 99 76 73 81 89 67 50 78 54 70 57 50 107 83 54 80 110 93 115 84 68 83 96 92 111 56 79 82 78 53 51 90 74 67 98 88 83 98 104 51 73 71 113 94 62 111 78 50 96 87 119 103 77 57 107 105 115 85 64 106 102 81 60 109 115 67 111 105 65 94 51 102 76 60 90 76 58 112 97 92 54 119 82 75 77 93 54 112 55 61 111 104 110 104 103 102 108 57 71 97 54 105 200
906
19 19 11 19 8 7 1 1 9 7 17 12 16 13 1 15 2 14 9 9 20 9 15 6 18 4 20 13 3 4 14 18 13 0 3 11 6 20 10 13 9 16 5 15 9 14 11 20 10 19 10 3 9 15 19 12 17 6 6 3 20 13 2 5 7 4 9 12 5 3 17 5 12 9 7 18 19 12 9 11 8 2 12 8 7 4 14 0 10 1 15 11 15 7 0 3 1 14 16 19 8 12 1 5 2 9 3 14 2 1 10 9 7 6 7 9 0 9 7 0 19 3 19 18 10 17 7 0 11 8 5 20 11 13 10 15 12 9 3 5 19 0 12 6 10 3 18 16 18 19 8 8 14 11 16 8 10 20 20 3 12 14 3 10 9 1 4 17 6 8 9 14 19 7 5 6 15 12 16 7 9 4 7 12 12 0 16 11 6 19 11 16 19 18 5 14 16 9 20 16 12 6 11 4 15 1 1 20 13 3 0 19 18 1 17 2 4 0 19 10 2 9 4 11 16 12 14 19 15 17 15 19 3 16 7 15 1 18 1 16 17 12 0 3 5 4 8 5 18 4 20 19 5 14 19 11 5 7 13 12 0 5 1 16 14 5 6 11 9 12 9 4 13 6 4 2 1 10 18 0 17 14 12 7 7 4 2 5 1 10 5 6 14 0 15 0 5 1 9 8 6 17 17 16 12 12 18 2 10 1 19 5 2 12 4 9 19 17 18 1 6 7 19 11 3 3 5 4 9 20 4 3 2 4 13 11 12 9 20 3 11 20 14 3 16 18 0 12 5 2 16 10 10 8 4 2 12 3 16 0 17 14 7 10 15 15 4 10 19 9 20 19 15 16 5 10 3 8 11 18 11 17 17 12 18 15 9 11 13 12 4 20 9 1 11 8 1 8 19 16 7 17 18 4 14 4 13 2 12 8 13 2 19 2 0 4 4 13 3 14 8 13 7 7 15 9 15 5 1 4 14 3 3 10 7 14 7 1 8 9 17 4 15 18 14 16 8 4 14 14 5 17 11 20 1 2 20 7 18 4 3 3 4 6 6 11 9 13 5 20 8 0 18 10 15 2 8 6 14 19 20 1 15 17 18 11 2 7 16 11 20 6 17 13 16 16 12 7 11 16 8 18 18 20 19 13 13 16 14 2 2 1 2 14 8 8 14 2 12 4 18 9 15 10 13 1 3 8 6 20 14 15 18 18 12 18 3 14 3 19 8 20 3 17 7 0 17 1 19 16 0 5 5 0 15 8 17 6 2 3 11 15 18 8 6 2 9 10 16 19 17 2 14 19 20 18 13 6 13 5 11 3 7 18 9 3 10 20 20 3 8 13 18 12 4 5 10 6 1 7 17 7 0 18 18 19 5 11 0 15 19 13 20 19 0 0 16 15 8 12 20 13 20 4 19 9 9 14 17 20 7 15 3 1 10 17 5 8 2 18 9 16 0 7 2 11 9 5 13 0 4 15 9 5 17 10 9 0 16 1 19 6 8 3 9 5 15 19 13 3 1 2 18 2 7 9 0 19 10 11 0 13 8 0 0 8 12 17 8 4 4 6 18 0 0 10 10 11 4 2 10 16 6 19 15 18 4 17 18 0 20 13 12 13 3 15 17 16 12 0 4 3 12 12 2 7 1 13 18 18 11 0 6 12 15 6 9 10 20 14 20 10 17 4 8 0 1 3 8 8 2 5 19 17 3 2 20 16 14 16 5 12 11 14 4 7 18 2 16 5 12 17 8 11 9 19 19 11 5 10 10 19 16 3 15 7 4 1 12 5 11 3 13 3 7 5 19 6 6 4 5 13 20 10 4 15 19 2 12 4 5 0 2 5 19 6 20 0 8 2 19 15 9 4 7 20 19 16 2 10 4 12 5 14 13 18 19 1 20 10 13 16 8 3 14 1 18 13 10 20 10 17 1 3 7 11 18 18 6 12 1 19 17 16 15 16 3 10 0 0 4 19 14 4 5 11 16 14 0 15 16 9 18 11 13 20 11 14 19 17 15 20 17 19 7 18 6 0 6 19 0 19 17 12 7 9
38
19 9 0 11 8 0 3 12 3 13 19 19 7 10 13 20 17 18 0 15 5 4 19 13 0 16 1 18 20 15 2 10 19 7 11 3 11 16
353
3 20 0 13 3 9 15 12 18 11 12 14 15 8 13 0 9 5 13 15 19 1 18 5 4 19 3 19 4 14 8 11 0 12 2 14 7 3 0 0 12 12 19 11 6 17 7 12 9 7 9 0 13 17 7 3 15 5 4 1 11 9 20 13 2 3 16 6 2 13 12 20 19 9 19 2 16 1 16 2 19 15 20 4 16 12 18 9 4 19 4 17 3 20 8 20 10 9 12 5 3 4 16 13 4 20 13 15 5 13 10 16 18 1 17 9 15 17 9 6 7 20 7 1 12 9 1 1 4 10 8 6 17 7 14 14 11 4 20 9 11 16 5 18 12 8 19 12 13 4 7 2 14 5 4 2 6 9 4 7 14 1 20 5 14 15 7 16 14 3 13 8 14 5 19 5 1 2 15 15 15 6 5 12 14 15 14 14 7 6 5 10 16 4 12 15 20 7 8 11 15 16 6 4 18 5 14 4 16 5 13 9 0 3 12 6 9 2 12 9 6 9 18 10 1 12 10 5 18 3 18 18 14 17 6 9 11 11 11 5 12 4 19 18 1 10 10 0 11 10 2 8 6 16 13 17 8 8 18 12 0 16 16 7 12 9 17 14 5 14 9 9 13 2 12 15 6 7 13 5 0 17 6 3 3 6 7 11 5 18 4 10 4 14 15 7 12 17 13 12 20 15 0 0 0 11 8 8 11 3 1 6 17 12 11 13 10 11 10 15 18 0 7 0 15 2 9 6 15 0 7 7 11 0 4 17 9 1 2 12 10 6 8 19 16 11 13 14 0 16 9 17 18
639
103 96 97 96 97 103 103 96 97 103 96 103 96 96 103 97 103 96 97 103 96 103 103 97 97 97 103 97 97 96 97 103 103 103 97 96 103 103 103 103 97 96 97 97 103 96 96 103 96 97 96 103 97 103 97 97 96 97 103 97 96 96 97 103 97 96 103 96 96 97 103 97 96 96 96 97 97 97 97 97 97 97 96 97 103 97 96 97 103 103 103 103 96 97 97 97 103 103 103 97 96 97 96 96 97 96 103 96 103 97 96 103 96 103 96 96 103 103 96 97 96 97 96 97 103 97 97 97 97 96 96 97 97 96 97 103 96 103 103 96 97 96 96 96 103 97 96 96 103 97 97 97 97 97 96 96 103 103 103 97 103 103 96 103 103 96 103 103 97 97 96 97 103 96 97 103 97 103 97 97 96 103 97 97 97 97 103 103 103 103 96 103 103 103 103 97 96 103 97 96 103 96 97 103 97 103 96 103 103 96 103 96 97 96 103 103 103 96 96 96 96 97 97 103 103 97 103 103 97 96 97 97 97 103 103 97 96 103 96 103 96 103 97 96 103 97 97 103 96 96 96 97 96 96 97 97 96 96 97 97 96 96 96 97 97 97 97 103 97 97 103 103 96 103 97 103 103 96 97 103 97 103 96 103 97 97 96 97 103 97 103 103 97 103 97 96 103 103 96 96 103 96 97 103 103 97 103 97 103 97 103 97 96 103 97 97 103 103 97 96 97 96 97 103 97 97 96 103 97 97 103 96 103 97 96 103 96 96 97 96 103 96 103 97 97 96 103 97 96 96 97 103 103 97 103 97 103 96 103 103 96 96 97 103 97 97 103 97 103 96 103 97 103 96 97 97 103 96 97 103 103 96 96 97 103 96 97 97 97 97 103 97 103 96 103 97 97 97 97 96 96 103 96 96 96 103 97 103 97 103 103 97 103 103 97 103 103 103 97 96 103 97 96 97 97 97 96 103 103 96 97 96 97 96 103 103 103 103 96 103 96 96 96 103 103 96 97 97 97 97 96 103 97 103 103 96 103 103 103 103 97 97 97 97 97 97 103 103 97 103 97 97 96 96 97 96 97 96 97 97 97 103 97 97 103 97 103 96 96 97 103 103 103 96 96 96 96 96 103 96 96 96 96 97 97 103 96 103 103 103 103 96 97 97 96 97 103 103 103 97 103 103 96 97 97 103 103 103 103 97 96 96 103 103 103 96 96 96 97 97 103 97 96 96 103 96 96 96 96 103 103 96 97 97 103 103 97 96 103 103 97 103 103 96 103 103 103 103 103 96 103 96 97 96 96 97 103 96 97 103 96 97 103 103 96 97 97 96 96 97 96 97 103 97 103 96 96 103 96 96 103 97 96 96 103 96 96 96 97 97 96 96 96 96 96 103 96 96 96 96 96 96 103 103 103 97 96 103 97 103 97 96 96 103 103 97 97 97 97
85
200 200 200 200 200 200 200 200 200 200 200 200 200 200 200 200 200 200 200 200 200 200 200 200 200 200 200 200 200 200 200 200 200 200 200 200 200 200 200 200 200 200 200 200 200 200 200 200 200 200 200 200 200 200 200 200 200 200 200 200 200 200 200 200 200 200 200 200 200 200 200 200 200 200 200 200 200 200 200 200 200 200 200 200 200
427
38 38 48 38 97 97 48 38 38 48 48 97 38 38 48 48 97 48 97 38 48 38 38 38 97 48 48 38 38 97 38 38 97 38 48 48 97 97 97 38 97 38 38 97 97 48 97 97 48 48 48 48 38 38 97 38 48 97 48 38 97 97 38 38 38 48 48 48 97 48 38 38 38 48 38 38 97 97 48 48 48 48 97 48 97 97 97 48 97 97 97 38 48 38 38 97 48 48 48 97 38 48 38 48 97 38 38 97 38 48 38 38 97 48 97 38 97 97 48 97 48 97 97 48 97 48 48 97 97 97 38 48 48 38 48 38 38 97 38 48 97 38 38 38 38 48 48 38 38 38 48 97 97 97 97 48 97 48 97 38 97 97 38 48 38 38 97 97 38 38 38 48 48 38 38 97 48 97 38 97 97 97 48 48 97 38 38 48 38 97 38 97 97 48 48 48 38 97 38 38 48 97 97 38 38 48 48 97 97 38 38 38 48 38 48 48 48 97 38 48 48 48 48 97 97 97 38 97 38 97 48 38 38 38 38 97 48 48 48 97 97 97 38 48 48 97 48 38 97 48 48 38 97 97 48 97 38 97 48 48 48 38 38 48 48 38 97 48 38 48 97 38 97 48 48 48 38 97 97 38 97 97 48 48 97 48 48 97 48 38 38 38 97 38 97 48 38 38 48 38 97 97 38 97 48 38 38 48 97 97 48 48 48 38 97 48 97 48 97 38 38 38 38 38 97 38 38 97 38 38 48 97 97 48 48 97 97 97 97 38 38 38 48 48 97 38 97 38 38 97 48 48 38 48 38 48 48 97 48 38 48 38 38 38 97 97 48 97 48 38 48 97 97 38 48 97 97 48 38 48 48 97 38 97 97 97 97 97 48 48 97 48 48 97 97 38 48 97 48 97 48 38 97 97 38 38 38 97 48 38 48 38 38 97 97 38 38 97 48 38 97 48 48 38 38 48 97
829
200 200 200 200 200 200 200 200 200 200 200 200 200 200 200 200 200 200 200 200 200 200 200 200 200 200 200 200 200 200 200 200 200 200 200 200 200 200 200 200 200 200 200 200 200 200 200 200 200 200 200 200 200 200 200 200 200 200 200 200 200 200 200 200 200 200 200 200 200 200 200 200 200 200 200 200 200 200 200 200 200 200 200 200 200 200 200 200 200 200 200 200 200 200 200 200 200 200 200 200 200 200 200 200 200 200 200 200 200 200 200 200 200 200 200 200 200 200 200 200 200 200 200 200 200 200 200 200 200 200 200 200 200 200 200 200 200 200 200 200 200 200 200 200 200 200 200 200 200 200 200 200 200 200 200 200 200 200 200 200 200 200 200 200 200 200 200 200 200 200 200 200 200 200 200 200 200 200 200 200 200 200 200 200 200 200 200 200 200 200 200 200 200 200 200 200 200 200 200 200 200 200 200 200 200 200 200 200 200 200 200 200 200 200 200 200 200 200 200 200 200 200 200 200 200 200 200 200 200 200 200 200 200 200 200 200 200 200 200 200 200 200 200 200 200 200 200 200 200 200 200 200 200 200 200 200 200 200 200 200 200 200 200 200 200 200 200 200 200 200 200 200 200 200 200 200 200 200 200 200 200 200 200 200 200 200 200 200 200 200 200 200 200 200 200 200 200 200 200 200 200 200 200 200 200 200 200 200 200 200 200 200 200 200 200 200 200 200 200 200 200 200 200 200 200 200 200 200 200 200 200 200 200 200 200 200 200 200 200 200 200 200 200 200 200 200 200 200 200 200 200 200 200 200 200 200 200 200 200 200 200 200 200 200 200 200 200 200 200 200 200 200 200 200 200 200 200 200 200 200 200 200 200 200 200 200 200 200 200 200 200 200 200 200 200 200 200 200 200 200 200 200 200 200 200 200 200 200 200 200 200 200 200 200 200 200 200 200 200 200 200 200 200 200 200 200 200 200 200 200 200 200 200 200 200 200 200 200 200 200 200 200 200 200 200 200 200 200 200 200 200 200 200 200 200 200 200 200 200 200 200 200 200 200 200 200 200 200 200 200 200 200 200 200 200 200 200 200 200 200 200 200 200 200 200 200 200 200 200 200 200 200 200 200 200 200 200 200 200 200 200 200 200 200 200 200 200 200 200 200 200 200 200 200 200 200 200 200 200 200 200 200 200 200 200 200 200 200 200 200 200 200 200 200 200 200 200 200 200 200 200 200 200 200 200 200 200 200 200 200 200 200 200 200 200 200 200 200 200 200 200 200 200 200 200 200 200 200 200 200 200 200 200 200 200 200 200 200 200 200 200 200 200 200 200 200 200 200 200 200 200 200 200 200 200 200 200 200 200 200 200 200 200 200 200 200 200 200 200 200 200 200 200 200 200 200 200 200 200 200 200 200 200 200 200 200 200 200 200 200 200 200 200 200 200 200 200 200 200 200 200 200 200 200 200 200 200 200 200 200 200 200 200 200 200 200 200 200 200 200 200 200 200 200 200 200 200 200 200 200 200 200 200 200 200 200 200 200 200 200 200 200 200 200 200 200 200 200 200 200 200 200 200 200 200 200 200 200 200 200 200 200 200 200 200 200 200 200 200 200 200 200 200 200 200 200 200 200 200 200 200 200 200 200 200 200 200 200 200 200 200 200 200 200 200 200 200 200 200 200 200 200 200 200 200 200 200 200 200 200 200 200 200 200 200 200 200 200 200 200 200 200 200 200 200 200 200 200 200 200 200 200 200 200 200 200 200 200 200 200 200 200 200 200 200 200 200 200 200 200 200 200 200 200 200 200 200 200 200 200 200 200 200 200 200 200 200 200 200 200 200 200 200 200 200 200 200 200 200 200 200 200 200 200 200 200 200 200 200
217
200 200 200 200 200 200 200 200 200 200 200 200 200 200 200 200 200 200 200 200 200 200 200 200 200 200 200 200 200 200 200 200 200 200 200 200 200 200 200 200 200 200 200 200 200 200 200 200 200 200 200 200 200 200 200 200 200 200 200 200 200 200 200 200 200 200 200 200 200 200 200 200 200 200 200 200 200 200 200 200 200 200 200 200 200 200 200 200 200 200 200 200 200 200 200 200 200 200 200 200 200 200 200 200 200 200 200 200 200 200 200 200 200 200 200 200 200 200 200 200 200 200 200 200 200 200 200 200 200 200 200 200 200 200 200 200 200 200 200 200 200 200 200 200 200 200 200 200 200 200 200 200 200 200 200 200 200 200 200 200 200 200 200 200 200 200 200 200 200 200 200 200 200 200 200 200 200 200 200 200 200 200 200 200 200 200 200 200 200 200 200 200 200 200 200 200 200 200 200 200 200 200 200 200 200 200 200 200 200 200 200 200 200 200 200 200 200
562
1 14 17 1 15 1 5 17 15 8 1 18 0 13 17 9 20 14 10 20 6 6 9 11 14 3 20 8 1 19 11 8 6 11 2 18 6 3 18 20 19 14 8 11 17 5 12 1 5 8 16 9 16 12 9 19 3 14 19 9 5 19 12 6 5 5 18 3 12 1 13 17 10 9 6 15 18 14 3 2 20 0 9 13 0 20 16 3 18 18 7 13 16 5 3 2 8 11 18 14 17 1 3 11 10 16 17 18 0 10 6 2 5 11 0 7 12 20 15 0 13 10 10 18 14 18 3 6 0 8 10 8 10 0 7 12 16 17 17 16 3 20 11 4 8 15 15 14 1 13 4 17 4 19 10 16 14 9 15 10 8 9 4 2 1 6 18 5 11 18 11 4 10 11 18 15 15 4 0 19 18 11 11 16 0 10 14 2 2 12 19 10 11 8 9 1 13 17 6 3 17 13 14 0 12 13 16 1 13 7 9 17 17 11 17 20 12 18 15 11 6 5 4 18 18 19 13 3 12 20 6 0 12 4 11 3 18 12 5 20 17 14 10 1 14 15 4 2 7 7 6 6 7 6 10 1 3 19 0 4 15 16 9 8 19 9 20 6 5 19 18 6 4 13 16 16 13 1 5 2 7 5 9 9 1 2 0 20 12 0 5 20 18 6 3 13 4 12 16 15 20 9 14 20 11 19 6 17 20 3 2 14 19 20 17 3 16 4 13 4 2 4 5 14 15 5 15 16 15 19 15 4 20 18 13 13 6 15 7 19 8 8 3 18 14 8 7 19 2 19 11 16 13 3 9 16 3 5 18 0 17 16 20 16 19 1 5 7 5 6 8 13 6 14 6 4 9 4 7 6 14 16 13 13 14 6 8 7 16 15 18 7 12 18 9 20 13 9 6 14 19 3 20 13 5 3 12 10 6 12 16 14 19 4 18 3 9 18 17 20 4 4 12 9 12 20 13 6 1 7 11 1 17 3 11 9 10 20 5 13 9 5 6 1 15 7 11 11 16 5 2 7 18 15 18 13 14 6 19 18 1 2 1 14 12 18 14 5 19 6 11 17 15 8 11 7 5 19 4 7 10 9 14 11 6 11 20 17 16 19 12 5 20 14 13 6 8 3 5 6 15 5 13 16 16 12 14 19 20 2 9 1 15 1 10 10 2 5 7 8 8 9 14 7 20 15 17 7 5 7 6 19 10 10 5 2 14 11 20 5 14 0 19 5 12 7 1 19 3 4 19 15 2 10 10 12 10 17 16 5 7 10
360
180 10 180 3 6 11 3 199 14 195 193 9 5 0 186 12 1 4 13 0 2 19 16 10 194 12 18 2 13 9 4 18 167 14 16 183 175 9 5 0 190 7 0 10 17 11 8 20 1 14 1 9 19 18 150 19 0 9 15 18 11 13 1 14 0 6 11 15 20 3 0 15 11 9 10 10 154 12 178 0 3 20 5 4 19 160 197 16 12 5 3 20 10 198 11 5 8 172 19 13 10 177 0 10 182 0 4 152 8 6 8 16 0 3 18 153 19 154 191 12 11 9 15 17 6 0 4 18 4 5 183 7 2 188 15 161 2 11 18 176 14 151 0 20 10 6 13 20 1 5 5 7 7 15 196 9 197 1 6 19 19 4 160 17 19 18 12 184 14 198 6 19 10 17 187 15 174 11 7 160 14 15 17 6 1 20 156 7 16 1 10 2 19 13 151 20 199 11 3 199 157 11 12 178 11 174 18 14 16 151 0 151 11 2 17 9 20 0 175 176 10 8 3 17 9 15 3 1 15 10 9 18 195 14 20 153 3 12 20 0 6 6 4 12 4 8 4 9 13 156 7 164 6 14 0 9 4 15 11 151 18 2 17 7 6 9 2 1 15 8 4 7 189 4 17 168 171 13 7 14 159 10 11 187 9 18 16 4 2 6 0 164 2 11 12 9 9 2 7 154 198 0 199 8 190 16 176 1 5 1 20 3 188 3 16 159 1 11 14 12 4 7 197 19 10 198 159 6 12 3 4 20 20 1 16 4 14 16 11 20 9 0 17 200 4 180 5 182 6 1 7 17 2 16 15 154 4 18 5 14
828
20 10 4 7 9 15 5 18 7 20 9 18 6 16 19 10 9 20 9 20 7 0 19 16 15 19 3 6 4 20 10 20 7 3 19 17 16 11 17 5 19 8 7 18 13 15 13 10 13 10 5 18 7 17 4 15 2 1 9 18 17 1 11 20 6 0 1 6 4 10 16 19 0 15 7 3 19 0 7 7 17 2 10 18 5 8 2 20 14 9 20 18 1 17 20 17 12 15 8 12 20 6 6 13 0 4 10 12 13 18 16 20 7 10 17 6 0 17 16 14 7 12 20 17 17 0 6 9 12 13 17 10 11 7 17 8 11 3 3 5 10 2 2 2 7 20 3 20 14 6 4 8 3 2 15 0 1 15 8 1 7 12 0 18 18 1 14 17 5 17 12 5 16 15 16 0 9 11 4 2 5 16 12 20 9 13 13 1 2 11 5 15 8 14 4 19 9 19 3 6 3 19 7 5 17 15 8 9 7 15 16 17 4 18 1 8 3 7 20 8 11 2 4 20 12 20 15 5 8 15 1 15 2 12 6 19 19 0 14 17 2 2 15 8 9 10 20 9 19 3 3 17 13 3 7 18 20 10 5 7 0 7 0 3 15 18 15 19 9 17 15 4 12 16 18 9 3 2 9 14 9 6 20 10 5 4 11 19 11 10 16 9 6 1 3 19 0 9 10 3 16 16 4 6 18 15 2 10 6 20 1 15 18 9 13 3 15 18 3 11 11 15 13 12 7 9 6 13 7 20 5 11 5 16 17 19 8 12 5 16 18 8 15 20 8 10 19 3 5 4 7 18 0 13 7 6 10 18 1 3 3 0 7 5 15 10 6 7 5 18 20 3 13 1 9 7 7 2 3 11 16 19 19 20 2 6 20 16 10 2 4 7 1 19 4 14 16 5 19 7 15 9 15 20 19 1 1 13 17 2 8 19 19 17 18 17 7 2 15 14 18 20 5 11 6 1 11 3 2 3 10 12 12 10 8 14 14 16 6 5 17 9 19 4 19 16 7 1 16 1 16 17 11 7 5 5 1 8 17 9 7 8 15 18 10 12 7 18 3 12 19 12 8 19 8 19 2 11 1 9 19 17 14 3 2 4 3 18 0 18 11 19 3 7 9 9 9 18 6 2 1 17 10 17 13 17 17 6 2 1 3 10 1 4 17 14 11 4 10 7 6 0 19 7 3 5 1 12 10 15 4 3 2 1 10 1 5 7 6 16 10 9 10 20 15 16 11 14 13 1 13 8 9 4 17 5 11 18 17 16 14 18 12 10 1 15 7 4 0 4 12 17 9 15 0 7 7 16 4 20 12 17 16 3 15 20 2 8 18 18 10 0 16 8 7 9 10 2 8 6 3 15 8 18 1 19 18 3 9 0 9 1 4 18 3 8 7 11 6 12 1 1 5 15 6 1 6 10 11 12 4 6 18 20 4 18 17 20 10 1 9 18 9 15 4 11 0 1 4 9 1 4 1 9 5 17 11 7 15 12 6 12 15 4 1 10 10 0 16 5 0 19 17 16 15 20 6 2 15 7 8 18 19 9 17 13 11 13 14 11 7 1 12 12 19 1 0 10 16 17 16 20 18 20 18 5 18 11 9 4 20 1 9 5 7 14 16 6 15 7 0 0 16 4 2 3 16 16 9 6 15 9 2 16 15 8 13 7 6 9 5 6 18 14 12 10 1 17 4 6 12 2 13 0 4 17 14 13 1 15 13 19 2 18 13 3 11 2 17 6 6 12 17 10 0 1 8 5 11 4 3 17 10 14 3 7 20 20 18 7 17 14 20 19 13 6 6 11 1 7 14 6 4 13 19 19 7 9 11 7 11 4 16 15 8 16 4 11 1 7 1 15 12 17 11 6 14 11
234
84 84 151 53 151 114 53 84 151 84 151 84 114 48 84 151 53 48 53 84 48 151 84 151 114 114 151 151 84 114 53 114 48 151 48 114 48 84 53 84 53 84 114 151 53 53 151 48 84 114 48 114 48 84 114 114 151 53 151 114 84 84 48 84 114 151 84 48 84 48 114 151 53 53 151 53 48 151 114 151 53 151 151 151 151 53 53 48 114 53 114 84 151 84 84 48 48 114 114 114 151 151 48 114 53 53 53 114 48 48 48 114 151 53 114 53 114 48 114 84 48 114 151 48 48 48 114 114 48 114 151 48 53 84 53 151 48 114 53 53 151 48 151 151 53 48 151 53 53 53 151 151 84 84 53 84 53 48 48 151 151 151 48 84 114 151 48 151 53 114 48 84 151 53 84 114 114 53 53 114 151 53 151 48 84 114 84 151 84 84 84 48 151 84 48 48 114 151 53 53 151 84 151 53 114 114 114 53 48 114 84 114 53 53 53 114 84 53 53 114 84 84 53 48 114 84 48 84 48 151 53 53 151 114
909
0 0 0 0 0 0 0 0 0 0 0 0 0 0 0 0 0 0 0 0 0 0 0 0 0 0 0 0 0 0 0 0 0 0 0 0 0 0 0 0 0 0 0 0 0 0 0 0 0 0 0 0 0 0 0 0 0 0 0 0 0 0 0 0 0 0 0 0 0 0 0 0 0 0 0 0 0 0 0 0 0 0 0 0 0 0 0 0 0 0 0 0 0 0 0 0 0 0 0 0 0 0 0 0 0 0 0 0 0 0 0 0 0 0 0 0 0 0 0 0 0 0 0 0 0 0 0 0 0 0 0 0 0 0 0 0 0 0 0 0 0 0 0 0 0 0 0 0 0 0 0 0 0 0 0 0 0 0 0 0 0 0 0 0 0 0 0 0 0 0 0 0 0 0 0 0 0 0 0 0 0 0 0 0 0 0 0 0 0 0 0 0 0 0 0 0 0 0 0 0 0 0 0 0 0 0 0 0 0 0 0 0 0 0 0 0 0 0 0 0 0 0 0 0 0 0 0 0 0 0 0 0 0 0 0 0 0 0 0 0 0 0 0 0 0 0 0 0 0 0 0 0 0 0 0 0 0 0 0 0 0 0 0 0 0 0 0 0 0 0 0 0 0 0 0 0 0 0 0 0 0 0 0 0 0 0 0 0 0 0 0 0 0 0 0 0 0 0 0 0 0 0 0 0 0 0 0 0 0 0 0 0 0 0 0 0 0 0 0 0 0 0 0 0 0 0 0 0 0 0 0 0 0 0 0 0 0 0 0 0 0 0 0 0 0 0 0 0 0 0 0 0 0 0 0 0 0 0 0 0 0 0 0 0 0 0 0 0 0 0 0 0 0 0 0 0 0 0 0 0 0 0 0 0 0 0 0 0 0 0 0 0 0 0 0 0 0 0 0 0 0 0 0 0 0 0 0 0 0 0 0 0 0 0 0 0 0 0 0 0 0 0 0 0 0 0 0 0 0 0 0 0 0 0 0 0 0 0 0 0 0 0 0 0 0 0 0 0 0 0 0 0 0 0 0 0 0 0 0 0 0 0 0 0 0 0 0 0 0 0 0 0 0 0 0 0 0 0 0 0 0 0 0 0 0 0 0 0 0 0 0 0 0 0 0 0 0 0 0 0 0 0 0 0 0 0 0 0 0 0 0 0 0 0 0 0 0 0 0 0 0 0 0 0 0 0 0 0 0 0 0 0 0 0 0 0 0 0 0 0 0 0 0 0 0 0 0 0 0 0 0 0 0 0 0 0 0 0 0 0 0 0 0 0 0 0 0 0 0 0 0 0 0 0 0 0 0 0 0 0 0 0 0 0 0 0 0 0 0 0 0 0 0 0 0 0 0 0 0 0 0 0 0 0 0 0 0 0 0 0 0 0 0 0 0 0 0 0 0 0 0 0 0 0 0 0 0 0 0 0 0 0 0 0 0 0 0 0 0 0 0 0 0 0 0 0 0 0 0 0 0 0 0 0 0 0 0 0 0 0 0 0 0 0 0 0 0 0 0 0 0 0 0 0 0 0 0 0 0 0 0 0 0 0 0 0 0 0 0 0 0 0 0 0 0 0 0 0 0 0 0 0 0 0 0 0 0 0 0 0 0 0 0 0 0 0 0 0 0 0 0 0 0 0 0 0 0 0 0 0 0 0 0 0 0 0 0 0 0 0 0 0 0 0 0 0 0 0 0 0 0 0 0 0 0 0 0 0 0 0 0 0 0 0 0 0 0 0 0 0 0 0 0 0 0 0 0 0 0 0 0 0 0 0 0 0 0 0 0 0 0 0 0 0 0 0 0 0 0 0 0 0 0 0 0 0 0 0 0 0 0 0 0 0 0 0 0 0 0 0 0 0 0 0 0 0 0 0 0 0 0 0 0 0 0 0 0 0 0 0 0 0 0 0 0 0 0 0 0 0 0 0 0 0 0 0 0 0 0 0 0 0 0 0 0 0 0 0 0 0 0 0 0 0 0 0 0 0 0 0 0 0 0 0 0 0 0 0 0 0 0 0 0 0 0 0 0 0 0 0 0 0 0 0 0 0 0 0 0
715
3 2 12 18 19 14 5 11 18 15 7 18 4 1 3 1 3 6 11 4 12 15 3 10 3 5 7 0 12 6 14 6 17 13 8 13 7 5 14 2 9 18 18 11 11 12 10 8 10 20 19 14 17 16 8 7 10 4 20 20 5 9 0 6 7 9 1 18 3 19 10 0 16 7 11 1 6 2 2 19 14 14 17 9 8 14 6 2 12 13 5 13 11 4 11 12 4 14 9 10 0 1 12 13 11 0 12 15 8 19 10 7 15 8 1 16 11 8 11 20 4 17 19 6 10 12 5 11 1 16 18 6 10 16 20 1 5 15 10 17 12 7 19 17 16 4 19 13 18 12 1 16 8 14 17 18 0 19 16 17 10 18 5 10 9 18 6 14 20 16 10 3 7 20 14 19 12 3 15 0 15 20 2 5 4 10 8 17 0 16 9 10 1 5 8 10 1 0 19 15 17 7 12 16 4 5 19 12 4 18 1 17 7 2 12 4 10 15 19 5 6 1 8 1 9 5 16 6 16 7 9 6 6 0 6 2 0 2 16 15 5 3 4 6 11 11 20 8 10 14 6 13 0 3 7 12 6 13 14 17 3 19 10 17 1 8 19 13 19 8 7 8 3 20 2 11 6 1 7 13 1 10 1 18 12 10 10 17 14 12 3 18 20 2 20 4 20 5 17 4 1 6 12 14 12 5 18 20 1 18 2 4 2 12 15 20 10 11 3 12 11 10 12 2 12 8 8 1 13 1 17 14 6 1 5 8 10 13 20 0 4 3 10 5 9 1 9 17 12 7 11 11 17 16 5 18 12 20 8 4 20 18 1 18 8 0 5 16 0 12 17 5 8 15 19 4 16 11 7 6 11 4 2 11 0 7 7 10 9 16 19 12 5 0 7 12 7 8 7 3 4 7 0 12 18 10 5 7 3 12 4 17 4 15 7 0 4 15 4 0 14 1 11 13 10 12 17 9 16 15 14 12 1 13 17 10 15 16 3 9 18 15 17 5 12 8 4 9 19 5 2 7 2 19 13 6 1 17 12 3 6 4 13 14 7 9 11 3 2 3 20 12 11 3 11 20 6 6 0 10 11 17 7 14 13 12 8 14 4 14 2 14 16 0 16 5 19 0 17 17 12 3 13 1 6 4 16 8 16 2 4 15 7 0 20 15 8 17 6 17 4 20 12 2 6 2 2 10 20 8 16 8 9 9 15 9 9 20 17 19 6 7 2 5 15 8 5 15 20 12 4 14 16 12 5 8 15 18 11 9 12 7 2 6 7 11 15 0 10 6 19 5 11 15 8 11 17 16 10 15 17 18 10 0 17 3 6 17 8 8 5 1 0 14 13 14 3 7 19 16 7 1 3 0 7 15 7 10 0 12 8 2 3 4 18 6 1 19 20 4 2 14 17 7 7 8 8 4 17 3 13 2 16 3 4 5 0 19 11 11 13 13 17 8 8 11 9 20 7 14 9 2 11 7 16 13 1 16 5 19 10 17 5 18 15 17 4 4 15 7 9 6 15 8 4 2 10 4 9 4 18 17 10 1 1 5 12 12 4 18 18 7 15 3 3 13 12 7 14 7 12 9 7 7 18 6 16 4 13 10 20 8 16 9 16
462
0 0 0 0 0 0 0 0 0 0 0 0 0 0 0 0 0 0 0 0 0 0 0 0 0 0 0 0 0 0 0 0 0 0 0 0 0 0 0 0 0 0 0 0 0 0 0 0 0 0 0 0 0 0 0 0 0 0 0 0 0 0 0 0 0 0 0 0 0 0 0 0 0 0 0 0 0 0 0 0 0 0 0 0 0 0 0 0 0 0 0 0 0 0 0 0 0 0 0 0 0 0 0 0 0 0 0 0 0 0 0 0 0 0 0 0 0 0 0 0 0 0 0 0 0 0 0 0 0 0 0 0 0 0 0 0 0 0 0 0 0 0 0 0 0 0 0 0 0 0 0 0 0 0 0 0 0 0 0 0 0 0 0 0 0 0 0 0 0 0 0 0 0 0 0 0 0 0 0 0 0 0 0 0 0 0 0 0 0 0 0 0 0 0 0 0 0 0 0 0 0 0 0 0 0 0 0 0 0 0 0 0 0 0 0 0 0 0 0 0 0 0 0 0 0 0 0 0 0 0 0 0 0 0 0 0 0 0 0 0 0 0 0 0 0 0 0 0 0 0 0 0 0 0 0 0 0 0 0 0 0 0 0 0 0 0 0 0 0 0 0 0 0 0 0 0 0 0 0 0 0 0 0 0 0 0 0 0 0 0 0 0 0 0 0 0 0 0 0 0 0 0 0 0 0 0 0 0 0 0 0 0 0 0 0 0 0 0 0 0 0 0 0 0 0 0 0 0 0 0 0 0 0 0 0 0 0 0 0 0 0 0 0 0 0 0 0 0 0 0 0 0 0 0 0 0 0 0 0 0 0 0 0 0 0 0 0 0 0 0 0 0 0 0 0 0 0 0 0 0 0 0 0 0 0 0 0 0 0 0 0 0 0 0 0 0 0 0 0 0 0 0 0 0 0 0 0 0 0 0 0 0 0 0 0 0 0 0 0 0 0 0 0 0 0 0 0 0 0 0 0 0 0 0 0 0 0 0 0 0 0 0 0 0 0 0 0 0 0 0 0 0 0 0 0 0 0 0 0 0 0 0
647
200 12 183 14 12 15 10 0 18 6 10 14 6 12 18 13 5 12 153 9 17 180 20 11 14 194 17 12 162 3 8 1 2 8 6 1 158 11 14 0 178 20 0 15 187 18 8 17 1 20 158 151 188 10 13 11 11 18 10 20 16 7 9 18 6 15 1 188 0 173 17 192 8 12 19 156 17 6 12 198 18 14 19 10 8 18 15 14 15 8 18 17 7 10 16 8 14 19 19 179 17 13 17 152 9 2 3 20 17 9 2 164 16 20 6 16 12 14 189 154 12 18 184 12 6 2 11 166 17 7 17 10 7 3 5 9 18 9 12 13 1 20 190 18 18 13 5 5 9 14 176 4 20 10 8 160 11 2 176 15 162 17 12 4 7 1 19 187 0 0 180 150 15 14 18 197 9 2 1 12 16 8 195 10 14 175 191 5 12 167 7 5 157 1 174 19 5 17 12 14 2 184 12 195 16 2 9 13 2 0 0 5 14 18 18 11 12 10 8 2 5 200 13 0 15 15 3 8 150 177 7 7 11 12 13 11 15 8 175 2 11 11 19 14 0 11 198 8 3 17 160 15 15 180 11 15 20 4 19 196 17 1 14 196 2 20 184 15 16 11 16 3 18 0 1 164 1 7 4 4 187 151 163 3 6 9 16 191 16 0 8 19 7 181 166 182 5 16 157 13 10 2 166 1 5 8 0 10 173 15 191 15 185 190 154 6 6 7 18 180 187 195 10 173 185 197 15 12 0 18 10 9 19 19 15 5 9 15 13 18 19 4 177 16 6 197 2 4 3 180 155 13 14 0 196 15 15 1 191 2 2 13 3 2 3 15 1 16 4 3 4 14 17 11 17 13 15 189 4 162 11 183 1 19 20 11 167 8 3 18 5 14 14 2 19 156 19 2 13 18 4 161 13 14 12 19 183 11 4 20 6 9 2 184 17 3 7 2 174 17 185 7 11 19 10 0 197 19 18 4 196 197 11 7 2 16 159 18 3 159 20 17 19 14 20 18 13 10 13 7 5 11 8 159 15 7 10 16 12 7 3 10 1 171 0 3 13 1 9 172 14 19 3 16 16 8 17 9 11 196 13 15 161 19 19 19 12 17 13 173 157 6 18 8 18 8 5 174 17 17 5 162 184 18 176 9 8 3 16 183 9 14 9 180 11 198 3 192 198 10 161 4 5 11 5 16 170 157 166 18 14 8 150 16 1 3 176 14 3 18 1 18 9 20 10 20 15 12 19 172 12 14 192 11 1 10 20 10 2 0 175 11 17 7 16 20 200 7 20 175 3 2 4 12 11 10 19 161 4 8 150 1 9 171 19 17 199 5 18 164 0 163 11 155 10 157 15 198 0 7 20 1 11 9 9 19 16 19 185 13 18 173 13 12 10 5 9 0 189 8 11 15 8 7 15 9 161 3 4 7 1 1 6 3 8 152 15 187 8 8 14 12 152 20 15 2 12
743
0 0 0 0 0 0 0 0 0 0 0 0 0 0 0 0 0 0 0 0 0 0 0 0 0 0 0 0 0 0 0 0 0 0 0 0 0 0 0 0 0 0 0 0 0 0 0 0 0 0 0 0 0 0 0 0 0 0 0 0 0 0 0 0 0 0 0 0 0 0 0 0 0 0 0 0 0 0 0 0 0 0 0 0 0 0 0 0 0 0 0 0 0 0 0 0 0 0 0 0 0 0 0 0 0 0 0 0 0 0 0 0 0 0 0 0 0 0 0 0 0 0 0 0 0 0 0 0 0 0 0 0 0 0 0 0 0 0 0 0 0 0 0 0 0 0 0 0 0 0 0 0 0 0 0 0 0 0 0 0 0 0 0 0 0 0 0 0 0 0 0 0 0 0 0 0 0 0 0 0 0 0 0 0 0 0 0 0 0 0 0 0 0 0 0 0 0 0 0 0 0 0 0 0 0 0 0 0 0 0 0 0 0 0 0 0 0 0 0 0 0 0 0 0 0 0 0 0 0 0 0 0 0 0 0 0 0 0 0 0 0 0 0 0 0 0 0 0 0 0 0 0 0 0 0 0 0 0 0 0 0 0 0 0 0 0 0 0 0 0 0 0 0 0 0 0 0 0 0 0 0 0 0 0 0 0 0 0 0 0 0 0 0 0 0 0 0 0 0 0 0 0 0 0 0 0 0 0 0 0 0 0 0 0 0 0 0 0 0 0 0 0 0 0 0 0 0 0 0 0 0 0 0 0 0 0 0 0 0 0 0 0 0 0 0 0 0 0 0 0 0 0 0 0 0 0 0 0 0 0 0 0 0 0 0 0 0 0 0 0 0 0 0 0 0 0 0 0 0 0 0 0 0 0 0 0 0 0 0 0 0 0 0 0 0 0 0 0 0 0 0 0 0 0 0 0 0 0 0 0 0 0 0 0 0 0 0 0 0 0 0 0 0 0 0 0 0 0 0 0 0 0 0 0 0 0 0 0 0 0 0 0 0 0 0 0 0 0 0 0 0 0 0 0 0 0 0 0 0 0 0 0 0 0 0 0 0 0 0 0 0 0 0 0 0 0 0 0 0 0 0 0 0 0 0 0 0 0 0 0 0 0 0 0 0 0 0 0 0 0 0 0 0 0 0 0 0 0 0 0 0 0 0 0 0 0 0 0 0 0 0 0 0 0 0 0 0 0 0 0 0 0 0 0 0 0 0 0 0 0 0 0 0 0 0 0 0 0 0 0 0 0 0 0 0 0 0 0 0 0 0 0 0 0 0 0 0 0 0 0 0 0 0 0 0 0 0 0 0 0 0 0 0 0 0 0 0 0 0 0 0 0 0 0 0 0 0 0 0 0 0 0 0 0 0 0 0 0 0 0 0 0 0 0 0 0 0 0 0 0 0 0 0 0 0 0 0 0 0 0 0 0 0 0 0 0 0 0 0 0 0 0 0 0 0 0 0 0 0 0 0 0 0 0 0 0 0 0 0 0 0 0 0 0 0 0 0 0 0 0 0 0 0 0 0 0 0 0 0 0 0 0 0 0 0 0 0 0 0 0 0 0 0 0 0 0 0 0 0 0 0 0 0 0 0 0 0 0 0 0 0 0 0 0 0 0 0 0 0 0 0 0 0 0 0 0 0 0 0 0 0 0 0 0 0 0 0 0 0 0 0 0 0
730
94 20 20 20 20 94 20 94 94 94 94 94 20 20 94 94 94 20 20 20 94 20 20 94 94 94 20 20 94 20 94 94 94 94 20 20 94 94 20 94 94 94 94 20 94 20 20 20 94 20 94 94 94 20 20 20 94 20 20 94 94 94 94 94 94 94 20 94 20 20 20 20 94 20 94 94 94 94 20 20 20 20 94 20 94 94 94 94 20 94 20 20 94 94 94 20 20 94 94 94 20 94 94 20 94 94 94 94 20 94 20 20 20 94 94 94 94 20 20 20 20 20 94 20 20 20 20 20 94 20 20 94 94 94 94 20 20 20 94 20 20 20 94 94 94 20 20 94 20 94 20 94 94 20 94 94 94 94 94 94 20 20 94 20 20 94 20 94 94 20 94 20 94 20 20 94 20 20 20 20 20 20 20 20 94 20 20 20 20 20 94 94 94 94 94 94 20 20 94 94 20 20 94 20 20 20 94 20 94 94 94 20 20 20 94 20 94 20 94 20 94 20 94 20 94 94 94 20 20 20 20 20 94 94 20 94 94 94 20 20 20 20 20 20 94 20 94 20 20 94 20 94 94 20 20 20 94 94 94 94 20 20 20 94 94 20 20 94 20 94 20 94 94 20 94 20 94 20 94 20 20 20 94 94 94 20 94 20 20 20 20 94 20 20 20 20 94 20 94 20 94 20 20 20 20 94 94 94 20 20 20 94 94 94 94 94 20 20 20 94 94 20 94 94 94 20 20 20 94 20 20 20 20 20 94 94 94 20 94 94 94 20 94 20 94 20 94 94 94 94 94 20 94 94 94 20 20 94 94 94 94 20 94 20 94 94 94 94 94 20 20 20 20 94 94 20 20 94 94 94 20 20 94 20 94 94 20 94 94 20 20 94 94 94 94 94 94 94 20 94 94 20 94 20 20 94 94 94 20 94 20 94 20 20 20 20 94 94 20 94 94 20 20 20 94 94 94 20 94 94 20 20 94 20 94 20 20 94 94 20 20 94 94 20 94 20 94 94 20 20 20 94 94 94 94 94 94 94 94 94 20 20 20 94 94 94 94 20 94 94 20 94 94 94 94 20 94 94 94 20 94 20 20 20 94 20 20 20 20 94 20 20 94 94 94 20 20 20 20 20 94 94 94 94 20 94 20 94 20 20 20 20 94 94 20 94 94 20 94 20 20 20 20 94 20 94 94 94 20 94 94 94 94 94 94 94 94 94 20 94 20 94 20 94 94 20 20 20 94 94 94 94 20 20 20 20 20 94 20 20 20 94 94 20 20 20 94 20 94 94 20 20 94 94 20 94 94 94 20 20 94 20 94 94 20 94 94 94 20 94 94 94 20 94 20 94 94 94 94 94 20 94 94 94 20 94 94 20 20 94 94 94 94 94 94 20 94 20 94 20 94 94 94 94 94 94 20 94 20 20 20 94 20 20 94 94 94 20 20 94 20 20 20 94 94 20 20 94 94 94 20 94 94 94 20 20 94 20 20 20 94 20 20 94 20 20 94 20 94 20 20 94 20 20 94 20 94 94 94 94 20 20 20 20 94 20 20 20 94 94 94 20 94 94 94 20 20 20 94 20 94 94 20 94 20 20 94 94 20 20 94 20 94 94 20 94 94 94 94 20 94 94 94 20 94 20 94 94 20 94
398
0 0 0 0 0 0 0 0 0 0 0 0 0 0 0 0 0 0 0 0 0 0 0 0 0 0 0 0 0 0 0 0 0 0 0 0 0 0 0 0 0 0 0 0 0 0 0 0 0 0 0 0 0 0 0 0 0 0 0 0 0 0 0 0 0 0 0 0 0 0 0 0 0 0 0 0 0 0 0 0 0 0 0 0 0 0 0 0 0 0 0 0 0 0 0 0 0 0 0 0 0 0 0 0 0 0 0 0 0 0 0 0 0 0 0 0 0 0 0 0 0 0 0 0 0 0 0 0 0 0 0 0 0 0 0 0 0 0 0 0 0 0 0 0 0 0 0 0 0 0 0 0 0 0 0 0 0 0 0 0 0 0 0 0 0 0 0 0 0 0 0 0 0 0 0 0 0 0 0 0 0 0 0 0 0 0 0 0 0 0 0 0 0 0 0 0 0 0 0 0 0 0 0 0 0 0 0 0 0 0 0 0 0 0 0 0 0 0 0 0 0 0 0 0 0 0 0 0 0 0 0 0 0 0 0 0 0 0 0 0 0 0 0 0 0 0 0 0 0 0 0 0 0 0 0 0 0 0 0 0 0 0 0 0 0 0 0 0 0 0 0 0 0 0 0 0 0 0 0 0 0 0 0 0 0 0 0 0 0 0 0 0 0 0 0 0 0 0 0 0 0 0 0 0 0 0 0 0 0 0 0 0 0 0 0 0 0 0 0 0 0 0 0 0 0 0 0 0 0 0 0 0 0 0 0 0 0 0 0 0 0 0 0 0 0 0 0 0 0 0 0 0 0 0 0 0 0 0 0 0 0 0 0 0 0 0 0 0 0 0 0 0 0 0 0 0 0 0 0 0 0 0 0 0 0 0 0 0 0 0 0 0 0 0 0 0 0 0
523
16 10 16 9 1 9 16 10 8 19 15 14 7 8 17 11 15 8 7 18 17 10 8 11 12 7 9 15 17 2 16 12 10 9 9 12 9 12 17 18 4 15 2 1 2 16 4 19 16 7 7 8 5 0 9 0 15 10 5 8 10 2 5 14 0 4 10 14 16 12 20 0 13 7 8 3 6 0 12 16 16 9 9 1 5 10 18 12 14 9 7 13 5 15 8 18 0 2 10 19 17 2 9 19 2 9 11 14 13 19 8 20 11 11 2 0 2 18 4 13 8 1 6 3 7 9 0 14 16 0 18 10 20 3 17 2 4 9 6 20 0 3 0 20 6 20 15 2 0 4 13 12 15 6 2 3 2 18 5 14 5 17 20 8 1 2 20 17 4 17 0 2 13 19 8 15 14 0 18 6 1 9 9 0 16 20 0 0 11 7 2 0 13 14 8 1 10 16 12 0 0 15 14 2 9 0 6 16 19 0 3 20 5 5 8 11 0 16 20 11 0 15 10 7 15 9 6 14 12 18 13 3 17 5 5 16 5 19 11 13 19 18 0 4 10 1 19 8 12 0 13 14 20 0 11 7 19 16 0 12 14 1 18 3 4 12 3 18 13 14 8 20 20 11 3 12 7 10 2 5 4 13 7 1 11 10 20 12 11 19 9 7 3 20 20 7 13 12 7 20 4 10 10 19 20 16 18 20 5 16 4 0 14 17 6 5 15 13 13 14 16 3 12 0 9 10 19 15 20 12 18 0 10 11 1 3 17 4 9 16 0 13 1 11 14 0 10 20 1 18 6 5 19 1 17 9 9 20 10 9 5 11 16 15 9 19 8 7 18 8 0 9 7 9 6 2 12 17 4 18 20 4 17 4 9 0 3 2 19 14 3 15 1 2 8 2 15 1 4 6 5 17 4 15 7 15 16 5 6 17 11 13 19 6 1 12 0 8 2 19 9 4 6 17 7 0 13 0 1 0 7 5 9 2 18 11 16 11 7 12 5 5 4 6 15 7 9 14 15 11 10 7 6 19 15 16 13 7 14 4 18 15 13 16 11 10 5 20 17 15 14 4 13 15 4 2 7 5 8 11 10 19 2 3 6 15 9 15 2 20 10 4 15 2 9 5 8 5 5 0 2 9 3 2 0 16 1 16 11 15 3 6 10 20 20 2 4 19 20 16 17 10 20
182
173 173 147 106 115 147 115 115 173 173 106 106 173 115 115 147 173 173 147 147 173 115 115 106 173 147 106 173 106 173 173 115 106 147 147 147 173 173 173 173 115 147 115 115 115 115 173 173 147 106 173 173 147 106 147 173 115 115 173 147 115 173 115 106 106 147 115 173 147 147 106 115 106 147 106 115 147 147 173 173 173 147 173 115 147 115 106 147 147 106 106 173 115 147 173 147 173 147 173 147 106 147 147 115 106 106 147 106 147 115 106 173 115 147 147 147 173 106 147 106 115 106 115 115 147 106 173 147 115 147 147 173 147 115 147 106 173 115 173 173 173 106 115 147 173 147 115 147 173 147 115 173 147 115 106 106 106 147 115 106 106 147 173 115 115 173 173 173 173 106 173 173 115 115 173 147 115 173 106 147 173 147
491
118 8 196 94 16 74 153 9 88 140 79 29 186 93 180 35 188 67 63 87 150 49 114 95 121 39 184 151 129 43 10 156 55 180 75 22 60 10 86 6 138 116 1 123 153 168 198 194 191 106 45 111 49 63 200 134 135 8 103 41 145 3 22 122 137 82 44 181 114 192 5 191 161 86 120 26 176 78 108 173 71 24 30 58 42 130 55 95 184 174 200 54 136 191 15 180 186 10 167 136 38 132 7 111 156 3 77 57 81 96 94 67 147 24 79 2 63 121 116 166 119 150 61 134 51 116 153 138 117 13 138 166 11 114 165 56 43 13 75 90 62 60 28 30 143 9 34 55 132 67 196 57 51 63 25 48 61 67 14 11 1 125 154 58 51 126 155 48 85 180 86 48 168 85 38 1 47 97 107 127 83 185 180 59 2 122 194 10 153 139 123 122 121 134 47 92 196 150 125 62 188 177 54 138 111 80 110 144 130 22 165 159 43 121 69 75 154 192 57 62 161 159 79 95 47 47 36 195 30 40 80 144 67 16 2 125 137 85 126 109 200 46 106 52 35 74 33 164 33 187 119 129 95 57 165 145 92 161 131 198 123 179 115 87 91 2 120 173 193 101 38 172 60 9 185 4 137 119 115 6 125 164 166 94 118 149 81 24 179 174 167 96 120 28 126 164 97 28 143 196 151 149 102 153 26 65 107 91 19 12 192 77 182 169 144 131 27 96 165 198 140 45 7 184 177 4 99 84 62 22 57 65 14 140 93 87 134 188 160 106 6 51 32 79 67 126 114 60 177 122 61 102 189 29 145 99 159 59 49 197 82 31 68 62 105 88 193 5 0 69 41 72 82 136 108 87 87 91 72 193 173 156 81 132 25 136 154 179 137 28 126 122 63 132 196 80 133 154 171 108 197 10 83 178 133 33 169 178 58 65 188 73 18 11 178 139 187 25 149 108 134 199 144 76 47 15 56 188 116 28 198 163 101 68 18 64 97 192 35 102 86 45 145 107 74 28 18 128 45 127 65 17 10 177 30 16 51 32 190 98 152 121 86 171 76 132 189 95 73 44 196 179 53 110 32 192 6 189 159 48 51 60 156 116 52 158 28 85 54 87 121
786
42 71 43 25 109 145 153 125 3 125 149 7 26 106 52 166 105 179 158 106 3 173 87 138 31 135 34 129 67 188 144 98 147 87 165 61 164 27 183 12 101 151 136 91 36 91 52 178 69 58 18 140 14 17 150 147 30 128 196 76 188 128 134 192 40 83 120 82 170 152 20 63 158 127 165 60 130 41 109 21 158 23 127 136 56 77 6 69 97 32 171 140 125 93 48 28 137 94 41 53 124 6 199 25 116 192 185 12 136 159 160 143 137 189 127 194 172 14 160 179 61 56 88 54 91 117 77 193 6 97 27 72 44 126 44 77 159 83 115 115 97 173 193 123 184 5 43 32 163 177 35 37 49 26 54 178 119 24 160 14 105 157 54 98 62 115 68 17 113 12 73 42 163 102 43 89 145 60 52 6 85 196 119 43 84 150 124 12 145 106 199 71 94 139 154 127 118 145 106 130 160 45 134 17 135 46 24 163 56 134 97 198 103 174 178 116 37 120 84 195 158 105 73 100 50 75 129 29 165 74 150 33 36 14 124 126 83 182 42 112 184 144 17 0 148 195 14 108 66 65 68 194 30 18 92 121 93 125 163 32 129 200 150 8 158 148 180 36 83 38 165 68 172 190 98 95 67 83 112 189 105 36 40 176 124 37 166 67 135 105 30 147 165 120 90 80 198 132 2 111 34 185 21 95 137 73 85 125 58 60 72 36 163 6 186 1 1 43 9 59 138 164 54 5 165 7 61 1 123 3 129 150 39 44 117 31 9 182 8 68 183 144 38 114 117 81 125 44 126 99 106 192 129 87 159 139 61 157 136 69 54 108 90 126 54 93 111 123 107 187 14 39 9 128 61 150 62 46 155 66 61 20 133 22 126 180 190 196 189 33 78 150 35 159 154 149 23 106 136 172 151 186 37 92 164 159 128 23 89 73 81 75 166 184 19 150 123 129 93 104 2 37 131 41 0 196 95 83 91 104 93 64 27 50 149 100 109 76 149 126 120 16 16 43 34 31 65 63 173 5 40 190 90 200 158 197 81 100 40 190 55 37 17 18 14 3 169 196 0 197 82 195 69 190 45 124 105 34 108 108 193 155 140 135 124 189 70 87 66 61 112 189 48 71 126 30 13 72 98 103 197 21 45 105 167 113 50 142 102 54 136 46 108 27 76 115 55 109 90 168 184 151 176 120 191 122 157 195 176 112 71 24 109 33 15 89 135 56 23 64 181 194 178 0 61 105 174 130 188 54 168 189 6 173 99 158 77 8 176 121 174 126 147 160 132 148 35 65 193 55 77 184 199 40 170 4 200 111 98 33 143 50 8 80 34 111 96 40 118 151 51 88 197 181 87 38 78 196 63 171 68 29 5 45 45 51 83 13 176 50 100 177 51 21 181 32 157 130 189 150 154 68 188 41 88 68 140 9 171 32 177 129 166 75 82 122 21 1 16 158 179 124 35 44 126 20 149 90 89 16 185 118 74 88 150 48 144 135 175 67 36 159 65 173 145 77 106 154 88 32 67 63 125 14 166 199 22 7 53 185 134 48 105 102 101 91 174 114 180 59 33 182 172 83 168 42 30 56 83 45 174 167 60 114 171 166 197 99 91 94 7 23 99 111 106 20 18 93 98 32 45 184 129 197 182 114 153 60 86 85 139 132 143 172 10 107 72 96 84 88 30 35 33 101 126 88 117 172 44 107 175 86 126 138 68 189 63 118 6 145 0 193 127 28 164 126 175 103 142 34 61 141 4 126 200 93 72 68 191 192 76 176 192 4 43 39
83
0 0 0 0 0 0 0 0 0 0 0 0 0 0 0 0 0 0 0 0 0 0 0 0 0 0 0 0 0 0 0 0 0 0 0 0 0 0 0 0 0 0 0 0 0 0 0 0 0 0 0 0 0 0 0 0 0 0 0 0 0 0 0 0 0 0 0 0 0 0 0 0 0 0 0 0 0 0 0 0 0 0 0
839
0 200 65 108 109 97 100 79 91 90 106 97 89 117 61 108 79 60 82 111 102 64 53 89 67 85 102 71 98 94 101 69 80 113 56 94 68 120 92 117 89 107 90 70 92 102 73 53 89 73 90 93 87 78 100 81 59 94 62 108 98 70 97 90 88 105 104 81 86 71 102 52 71 81 62 98 63 78 111 63 104 106 64 58 90 52 115 109 68 81 57 61 68 70 81 60 117 76 66 85 111 105 50 89 52 81 105 64 57 90 63 89 102 76 54 95 85 56 90 112 60 50 102 115 111 114 120 120 61 50 59 86 64 103 109 112 99 52 118 117 92 77 85 93 53 76 77 80 67 51 84 96 103 56 114 62 109 102 106 105 60 77 52 109 118 74 85 56 116 74 113 119 120 111 118 89 92 104 102 86 57 103 106 96 88 76 101 111 74 97 113 103 64 52 100 86 53 66 95 112 82 74 118 109 53 64 50 100 99 95 94 106 89 118 89 52 77 91 59 72 56 75 87 119 52 87 92 91 104 53 66 113 114 88 68 105 93 70 72 87 96 53 105 61 53 93 107 117 59 60 64 82 83 102 90 91 115 101 84 68 64 64 104 105 87 77 105 96 120 90 97 73 64 105 117 76 95 78 74 56 94 94 95 62 105 91 96 65 96 62 116 95 85 101 106 98 109 60 57 116 111 102 73 52 73 66 88 101 97 114 64 57 89 65 57 77 91 102 107 75 107 75 80 50 113 93 112 64 89 109 105 112 50 111 65 102 72 91 54 68 68 63 55 112 56 58 113 52 54 78 111 99 68 84 91 63 75 115 107 96 109 56 95 70 93 89 106 86 75 91 100 83 85 60 81 70 107 99 89 88 77 68 104 94 102 100 76 59 96 106 112 112 73 61 113 119 70 102 87 88 51 118 84 89 79 120 67 90 90 74 65 65 96 112 61 71 92 72 87 113 56 50 50 54 89 85 77 76 106 117 52 66 64 97 112 116 82 105 64 86 76 119 91 60 69 74 113 90 68 94 68 68 110 112 77 115 59 50 117 97 107 93 74 92 111 70 76 87 67 57 103 80 84 90 81 120 58 93 94 79 115 60 69 93 51 59 90 114 97 54 89 115 81 63 66 92 71 98 50 64 92 79 118 101 77 90 112 65 105 50 104 100 67 76 105 82 120 111 118 56 109 118 114 113 69 99 105 70 112 79 116 53 73 110 115 51 73 50 70 62 58 97 103 98 55 59 97 100 74 70 117 112 74 80 111 73 97 53 53 82 88 101 53 107 82 83 93 88 93 50 71 99 93 51 91 78 102 90 57 62 74 66 117 102 110 50 88 94 103 69 70 107 76 68 71 105 72 71 91 116 58 62 97 64 90 68 57 79 118 109 68 112 106 66 94 103 115 116 68 97 55 82 76 51 115 73 88 99 82 99 52 62 116 55 92 89 107 113 92 61 54 75 97 102 72 86 72 89 105 104 110 75 109 91 82 100 98 93 66 61 98 103 64 59 112 56 103 57 67 83 87 91 89 90 119 110 111 64 91 79 71 110 86 60 118 88 52 56 57 102 92 108 60 108 64 71 107 53 114 101 89 106 103 79 67 57 56 90 72 76 71 106 102 67 83 62 111 93 89 60 70 79 54 114 78 58 71 78 99 85 115 74 84 73 113 107 115 75 88 119 115 97 77 68 95 51 71 97 101 79 82 61 108 117 91 54 53 51 83 96 76 97 58 70 89 77 103 68 91 114 75 100 58 62 52 88 50 119 54 51 100 101 67 72 62 80 101 60 70 75 114 96 89 74 102 96 109 111 94 105 67 95 103 100 80 103 59 120 105 112 104 76 55 86 62 77 117 64 105 120 91 101 56 64 119 71 57 70 90 62 111 106 99 94 112 78 71 86 200
150
7 0 1 15 6 3 14 15 12 8 16 16 15 12 4 6 4 5 15 15 18 6 4 4 0 14 7 20 18 9 6 8 3 4 5 4 2 2 2 13 9 0 17 19 13 13 10 3 6 12 10 11 2 20 18 0 0 8 1 7 20 0 0 14 11 10 14 7 18 7 5 5 4 2 16 10 10 9 16 8 7 16 1 9 6 15 16 7 7 6 3 9 19 20 19 17 8 4 4 1 8 12 9 7 18 6 7 16 4 0 20 14 7 8 4 0 13 19 2 18 10 14 0 19 10 1 5 3 17 6 0 15 4 2 19 1 13 2 7 16 6 18 12 12 10 5 10 2 2 2
482
0 12 3 18 7 15 12 12 1 18 14 6 7 3 17 6 9 9 9 3 14 15 12 7 15 20 11 1 5 18 5 11 13 8 0 9 13 20 1 9 9 10 5 13 8 3 2 1 12 14 1 18 2 10 17 17 12 13 20 8 15 18 5 18 11 2 19 18 10 6 9 5 5 1 5 10 7 1 14 18 15 5 15 8 7 9 16 9 17 5 5 18 11 17 2 4 13 17 4 7 5 16 4 14 10 10 15 16 6 6 19 13 14 8 2 19 19 17 16 6 10 2 18 3 5 3 6 13 9 13 7 16 5 12 6 7 2 8 15 20 19 2 8 12 7 1 0 20 5 6 7 17 13 11 11 10 4 11 2 2 7 11 8 16 0 14 20 4 4 9 3 1 20 1 9 6 15 2 17 13 19 11 15 2 18 3 8 3 7 12 12 1 7 15 0 0 6 20 7 17 20 12 6 12 17 9 13 11 11 7 14 9 2 9 14 10 1 3 7 4 5 18 13 10 4 19 16 2 13 12 18 8 16 15 0 1 0 7 3 14 20 7 19 10 5 0 19 10 4 8 15 13 7 2 4 1 17 1 0 7 5 3 2 0 9 18 14 16 0 2 12 1 0 7 17 9 12 9 1 14 12 6 3 9 4 20 20 20 16 7 12 13 15 11 0 18 18 19 12 12 11 15 7 0 16 18 7 5 16 19 15 6 15 13 18 17 11 1 2 8 7 13 13 6 0 10 14 1 10 9 7 6 18 2 18 14 18 5 17 11 5 12 5 8 1 15 7 16 16 3 19 0 14 20 5 8 17 1 8 11 12 2 20 9 4 16 2 15 3 12 17 11 8 19 12 19 12 0 10 3 12 0 4 2 0 10 0 10 0 13 2 12 9 12 19 0 5 4 11 4 14 10 19 16 0 9 10 3 0 1 19 6 17 0 14 8 7 17 0 16 2 6 11 5 12 3 2 8 20 20 19 2 20 18 3 20 8 5 16 20 16 18 5 11 14 14 1 3 1 19 14 5 13 0 14 7 19 19 7 17 12 17 10 9 14 8 9 0 11 0 5 15 16 0 7 10 0 20 5 19 0 18
418
200 200 200 200 200 200 200 200 200 200 200 200 200 200 200 200 200 200 200 200 200 200 200 200 200 200 200 200 200 200 200 200 200 200 200 200 200 200 200 200 200 200 200 200 200 200 200 200 200 200 200 200 200 200 200 200 200 200 200 200 200 200 200 200 200 200 200 200 200 200 200 200 200 200 200 200 200 200 200 200 200 200 200 200 200 200 200 200 200 200 200 200 200 200 200 200 200 200 200 200 200 200 200 200 200 200 200 200 200 200 200 200 200 200 200 200 200 200 200 200 200 200 200 200 200 200 200 200 200 200 200 200 200 200 200 200 200 200 200 200 200 200 200 200 200 200 200 200 200 200 200 200 200 200 200 200 200 200 200 200 200 200 200 200 200 200 200 200 200 200 200 200 200 200 200 200 200 200 200 200 200 200 200 200 200 200 200 200 200 200 200 200 200 200 200 200 200 200 200 200 200 200 200 200 200 200 200 200 200 200 200 200 200 200 200 200 200 200 200 200 200 200 200 200 200 200 200 200 200 200 200 200 200 200 200 200 200 200 200 200 200 200 200 200 200 200 200 200 200 200 200 200 200 200 200 200 200 200 200 200 200 200 200 200 200 200 200 200 200 200 200 200 200 200 200 200 200 200 200 200 200 200 200 200 200 200 200 200 200 200 200 200 200 200 200 200 200 200 200 200 200 200 200 200 200 200 200 200 200 200 200 200 200 200 200 200 200 200 200 200 200 200 200 200 200 200 200 200 200 200 200 200 200 200 200 200 200 200 200 200 200 200 200 200 200 200 200 200 200 200 200 200 200 200 200 200 200 200 200 200 200 200 200 200 200 200 200 200 200 200 200 200 200 200 200 200 200 200 200 200 200 200 200 200 200 200 200 200 200 200 200 200 200 200 200 200 200 200 200 200 200 200 200 200 200 200 200 200 200 200 200 200 200 200 200 200 200 200
708
69 69 36 36 69 69 69 36 36 69 69 36 69 69 69 36 36 36 36 69 69 69 36 36 69 69 36 69 36 69 69 36 69 69 69 69 36 69 69 36 69 36 36 36 69 36 69 69 36 36 36 69 69 36 36 69 69 36 69 69 36 36 69 36 36 36 36 36 69 36 69 69 36 36 69 36 36 69 69 69 36 36 69 69 69 36 69 36 69 69 69 69 69 36 36 36 69 36 36 36 36 69 69 36 36 69 69 69 69 36 36 36 36 36 69 69 69 69 36 36 36 36 36 36 36 36 69 69 69 69 69 69 36 69 69 36 69 69 36 36 36 36 69 36 36 69 69 36 69 69 69 36 36 36 36 36 69 36 36 69 36 36 36 36 69 69 69 36 69 36 36 36 69 69 69 69 36 69 36 69 69 36 69 36 36 36 69 69 69 36 69 69 69 36 36 69 36 69 69 69 36 69 69 69 36 36 36 69 69 36 36 36 69 36 69 69 69 36 36 36 69 36 36 36 36 69 69 36 69 69 69 36 69 36 69 36 69 69 69 36 36 69 36 69 69 36 69 36 36 69 69 36 69 69 69 36 36 36 69 69 36 69 36 69 69 36 36 69 69 69 36 36 69 36 69 36 36 69 69 69 36 69 69 69 69 69 69 69 36 36 36 36 69 69 36 69 69 69 36 36 69 36 36 36 36 36 36 69 36 36 69 36 36 69 36 69 36 69 69 69 69 69 69 36 69 36 69 36 69 36 69 69 36 69 36 69 36 69 36 36 36 36 36 69 69 69 36 36 36 36 69 36 36 36 36 69 69 69 36 36 69 36 69 36 69 69 69 36 69 69 36 69 36 36 69 69 36 36 69 36 69 69 69 69 36 36 36 69 36 36 36 36 36 69 36 36 69 36 69 69 36 69 69 36 69 36 36 36 69 69 69 69 69 36 36 36 36 36 69 69 36 69 69 69 36 36 69 69 69 69 36 36 69 69 69 69 36 36 36 36 36 69 69 69 36 69 69 36 69 36 36 69 36 69 36 69 69 69 69 36 36 69 69 69 69 69 36 36 69 36 69 36 36 36 69 69 69 69 69 36 69 69 69 36 36 36 69 69 36 36 69 69 36 36 69 36 69 36 36 69 36 69 69 69 36 69 36 36 69 36 36 69 36 36 36 36 69 36 36 36 36 69 69 36 69 36 36 69 69 36 69 69 69 36 36 36 69 69 36 36 36 36 36 69 69 36 36 69 36 36 69 36 36 36 69 36 36 36 36 36 36 69 36 36 69 36 69 36 36 69 69 36 69 69 36 69 69 36 36 69 69 36 69 36 69 69 36 36 36 36 36 69 36 69 69 69 36 36 69 36 69 36 36 36 36 69 69 69 69 69 69 36 36 69 69 36 36 69 36 36 36 69 69 69 69 36 36 69 36 36 69 36 69 36 36 69 36 36 69 69 69 69 69 36 36 69 36 69 69 69 69 69 69 69 69 69 69 36 69 69 36 69 36 36 69 69 36 69 36 69 69 69 69 36 36 36 36 36 36 36 69 36 69 36 36 69 36 36 36 69 36 69 36 69 36 36 36 69 36 36 69 36 36 36 69 69 69 69
583
0 0 0 0 0 0 0 0 0 0 0 0 0 0 0 0 0 0 0 0 0 0 0 0 0 0 0 0 0 0 0 0 0 0 0 0 0 0 0 0 0 0 0 0 0 0 0 0 0 0 0 0 0 0 0 0 0 0 0 0 0 0 0 0 0 0 0 0 0 0 0 0 0 0 0 0 0 0 0 0 0 0 0 0 0 0 0 0 0 0 0 0 0 0 0 0 0 0 0 0 0 0 0 0 0 0 0 0 0 0 0 0 0 0 0 0 0 0 0 0 0 0 0 0 0 0 0 0 0 0 0 0 0 0 0 0 0 0 0 0 0 0 0 0 0 0 0 0 0 0 0 0 0 0 0 0 0 0 0 0 0 0 0 0 0 0 0 0 0 0 0 0 0 0 0 0 0 0 0 0 0 0 0 0 0 0 0 0 0 0 0 0 0 0 0 0 0 0 0 0 0 0 0 0 0 0 0 0 0 0 0 0 0 0 0 0 0 0 0 0 0 0 0 0 0 0 0 0 0 0 0 0 0 0 0 0 0 0 0 0 0 0 0 0 0 0 0 0 0 0 0 0 0 0 0 0 0 0 0 0 0 0 0 0 0 0 0 0 0 0 0 0 0 0 0 0 0 0 0 0 0 0 0 0 0 0 0 0 0 0 0 0 0 0 0 0 0 0 0 0 0 0 0 0 0 0 0 0 0 0 0 0 0 0 0 0 0 0 0 0 0 0 0 0 0 0 0 0 0 0 0 0 0 0 0 0 0 0 0 0 0 0 0 0 0 0 0 0 0 0 0 0 0 0 0 0 0 0 0 0 0 0 0 0 0 0 0 0 0 0 0 0 0 0 0 0 0 0 0 0 0 0 0 0 0 0 0 0 0 0 0 0 0 0 0 0 0 0 0 0 0 0 0 0 0 0 0 0 0 0 0 0 0 0 0 0 0 0 0 0 0 0 0 0 0 0 0 0 0 0 0 0 0 0 0 0 0 0 0 0 0 0 0 0 0 0 0 0 0 0 0 0 0 0 0 0 0 0 0 0 0 0 0 0 0 0 0 0 0 0 0 0 0 0 0 0 0 0 0 0 0 0 0 0 0 0 0 0 0 0 0 0 0 0 0 0 0 0 0 0 0 0 0 0 0 0 0 0 0 0 0 0 0 0 0 0 0 0 0 0 0 0 0 0 0 0 0 0 0 0 0 0 0 0 0 0 0 0 0 0 0 0 0 0 0 0 0 0 0 0 0 0 0 0 0 0 0 0 0 0 0 0 0 0 0 0 0 0 0 0 0 0 0 0 0 0 0 0 0 0 0 0 0
858
0 0 0 0 0 0 0 0 0 0 0 0 0 0 0 0 0 0 0 0 0 0 0 0 0 0 0 0 0 0 0 0 0 0 0 0 0 0 0 0 0 0 0 0 0 0 0 0 0 0 0 0 0 0 0 0 0 0 0 0 0 0 0 0 0 0 0 0 0 0 0 0 0 0 0 0 0 0 0 0 0 0 0 0 0 0 0 0 0 0 0 0 0 0 0 0 0 0 0 0 0 0 0 0 0 0 0 0 0 0 0 0 0 0 0 0 0 0 0 0 0 0 0 0 0 0 0 0 0 0 0 0 0 0 0 0 0 0 0 0 0 0 0 0 0 0 0 0 0 0 0 0 0 0 0 0 0 0 0 0 0 0 0 0 0 0 0 0 0 0 0 0 0 0 0 0 0 0 0 0 0 0 0 0 0 0 0 0 0 0 0 0 0 0 0 0 0 0 0 0 0 0 0 0 0 0 0 0 0 0 0 0 0 0 0 0 0 0 0 0 0 0 0 0 0 0 0 0 0 0 0 0 0 0 0 0 0 0 0 0 0 0 0 0 0 0 0 0 0 0 0 0 0 0 0 0 0 0 0 0 0 0 0 0 0 0 0 0 0 0 0 0 0 0 0 0 0 0 0 0 0 0 0 0 0 0 0 0 0 0 0 0 0 0 0 0 0 0 0 0 0 0 0 0 0 0 0 0 0 0 0 0 0 0 0 0 0 0 0 0 0 0 0 0 0 0 0 0 0 0 0 0 0 0 0 0 0 0 0 0 0 0 0 0 0 0 0 0 0 0 0 0 0 0 0 0 0 0 0 0 0 0 0 0 0 0 0 0 0 0 0 0 0 0 0 0 0 0 0 0 0 0 0 0 0 0 0 0 0 0 0 0 0 0 0 0 0 0 0 0 0 0 0 0 0 0 0 0 0 0 0 0 0 0 0 0 0 0 0 0 0 0 0 0 0 0 0 0 0 0 0 0 0 0 0 0 0 0 0 0 0 0 0 0 0 0 0 0 0 0 0 0 0 0 0 0 0 0 0 0 0 0 0 0 0 0 0 0 0 0 0 0 0 0 0 0 0 0 0 0 0 0 0 0 0 0 0 0 0 0 0 0 0 0 0 0 0 0 0 0 0 0 0 0 0 0 0 0 0 0 0 0 0 0 0 0 0 0 0 0 0 0 0 0 0 0 0 0 0 0 0 0 0 0 0 0 0 0 0 0 0 0 0 0 0 0 0 0 0 0 0 0 0 0 0 0 0 0 0 0 0 0 0 0 0 0 0 0 0 0 0 0 0 0 0 0 0 0 0 0 0 0 0 0 0 0 0 0 0 0 0 0 0 0 0 0 0 0 0 0 0 0 0 0 0 0 0 0 0 0 0 0 0 0 0 0 0 0 0 0 0 0 0 0 0 0 0 0 0 0 0 0 0 0 0 0 0 0 0 0 0 0 0 0 0 0 0 0 0 0 0 0 0 0 0 0 0 0 0 0 0 0 0 0 0 0 0 0 0 0 0 0 0 0 0 0 0 0 0 0 0 0 0 0 0 0 0 0 0 0 0 0 0 0 0 0 0 0 0 0 0 0 0 0 0 0 0 0 0 0 0 0 0 0 0 0 0 0 0 0 0 0 0 0 0 0 0 0 0 0 0 0 0 0 0 0 0 0 0 0 0 0 0 0 0 0 0 0 0 0 0 0 0 0 0 0 0 0 0 0 0 0 0 0 0 0 0 0 0 0 0 0 0 0 0 0 0 0 0 0 0 0 0 0 0 0 0 0 0 0 0 0 0 0 0 0 0 0 0 0 0 0 0 0 0 0 0 0 0 0 0 0 0 0 0 0 0 0 0 0 0 0 0 0 0 0 0 0 0 0 0 0 0 0 0 0 0 0 0 0 0 0 0 0 0 0 0 0 0 0 0 0 0 0 0 0 0 0
117
0 200 51 102 70 71 96 82 102 88 80 56 65 56 71 77 53 77 102 118 110 77 117 69 52 65 111 58 101 78 60 54 64 96 56 65 64 87 67 79 82 69 100 68 90 101 109 114 83 85 55 53 97 85 58 55 69 75 75 64 57 77 70 63 51 63 89 81 62 107 63 90 60 104 84 96 79 62 64 56 105 61 81 56 58 70 103 60 112 85 75 104 86 94 54 73 101 95 99 103 58 106 109 118 77 68 119 79 75 91 97 89 54 71 100 57 200
537
198 7 5 9 0 12 11 6 168 191 16 190 8 5 20 163 13 3 18 193 10 20 3 13 19 175 8 3 7 18 185 1 156 153 3 10 163 16 186 172 19 20 13 152 16 12 15 4 16 20 18 175 3 7 4 13 11 17 14 19 153 10 1 0 200 3 171 17 5 197 188 3 7 20 15 19 15 13 3 9 20 15 15 15 16 13 155 182 12 15 1 180 171 9 13 16 4 17 4 5 0 11 6 17 186 18 171 6 158 8 5 10 5 159 170 151 17 19 0 177 9 3 18 160 195 190 10 19 2 16 19 12 17 17 10 167 13 3 6 20 10 9 8 14 13 2 167 2 7 8 5 16 20 15 0 178 15 18 11 152 7 7 20 15 6 18 4 20 12 7 10 12 20 173 9 13 9 15 17 17 6 1 12 10 19 199 18 3 185 0 8 18 8 2 17 166 18 9 2 8 3 20 11 179 5 7 19 168 9 182 10 17 15 9 4 15 17 4 13 173 4 6 7 0 19 158 17 3 165 1 6 19 20 14 8 5 18 14 174 20 6 15 3 6 7 17 18 1 2 5 165 18 13 18 17 8 150 8 4 11 11 13 18 9 14 20 7 20 178 9 16 0 12 11 0 169 19 8 190 3 7 12 11 13 16 0 173 189 188 9 7 9 14 0 6 178 9 16 178 0 176 9 13 20 5 165 5 4 17 11 13 1 4 170 15 17 6 153 17 19 11 19 179 159 20 17 5 13 1 18 12 166 8 8 165 5 16 12 1 12 1 189 9 1 20 174 2 10 199 2 18 10 160 16 17 16 20 13 7 20 4 8 192 12 14 10 16 13 13 16 7 5 9 11 0 10 192 0 200 2 151 16 10 2 4 1 17 0 11 9 8 185 4 193 4 7 6 11 188 12 1 2 3 4 5 5 0 3 3 9 11 12 18 5 18 186 11 0 8 157 16 4 4 8 9 7 179 1 7 19 2 10 15 4 7 13 15 18 16 8 11 12 19 10 18 20 6 174 17 4 7 4 10 184 20 12 3 1 10 0 14 2 171 0 19 13 7 18 19 10 10 8 3 17 194 14 156 13 193 10 173 12 15 7 12 5 197 0 19 3 11 6 17 16 1 12 15 16 15 4 159 4 169 16 2 10 2 3 189 3 6 3 1 3 197 8 2 4 0 153 173 157 7 19 17 8 16 6 19 173 8 18 17 188 5 20 7
671
5 134 134 183 134 5 5 134 183 134 134 134 183 5 183 183 134 183 183 183 134 134 134 5 183 183 183 5 183 134 5 134 5 183 5 134 5 5 5 134 134 183 183 134 5 134 5 5 5 183 5 134 134 183 134 5 134 5 134 134 5 5 134 5 183 5 5 5 5 5 5 183 5 134 183 134 134 5 5 134 5 5 134 134 183 5 183 183 5 134 5 5 5 183 134 134 183 5 5 134 5 5 5 134 183 183 134 5 134 134 183 134 183 5 134 5 5 134 5 183 183 134 134 183 5 5 134 5 183 134 5 183 183 183 183 183 183 134 5 183 183 5 134 5 134 5 134 134 183 5 134 183 183 134 134 5 5 134 183 5 134 134 134 5 183 5 183 134 134 183 134 183 183 183 5 183 5 134 183 183 134 5 134 5 5 134 183 5 183 183 5 5 134 183 5 134 183 5 134 5 134 5 5 5 183 183 134 5 183 134 5 5 134 5 134 183 183 5 183 183 5 5 183 5 5 5 183 134 5 134 134 134 5 183 5 183 183 183 183 134 5 183 183 5 183 134 183 183 5 134 183 134 183 134 183 5 5 5 5 183 183 183 183 134 5 5 183 5 134 5 5 183 134 5 5 134 5 183 183 183 134 134 183 183 5 5 183 134 5 5 5 183 134 183 183 134 5 5 5 134 183 5 5 183 5 134 183 5 134 5 134 183 134 183 5 134 5 5 134 134 5 183 5 134 5 183 183 183 134 5 134 5 134 5 134 134 5 5 134 5 134 134 134 183 134 183 134 5 5 5 5 183 5 134 5 134 183 134 183 134 5 134 5 5 5 5 5 5 134 134 134 134 183 134 5 5 134 183 183 134 5 134 134 183 5 183 183 183 134 134 134 5 183 134 134 134 134 5 183 134 134 183 183 5 134 134 134 183 5 183 134 5 183 134 134 5 5 134 183 134 183 134 134 134 134 134 183 134 5 134 5 183 183 134 134 134 183 5 183 183 134 134 183 5 183 183 183 5 134 134 134 5 134 183 5 5 183 134 183 134 134 134 134 183 5 5 134 183 5 134 5 5 5 183 5 183 134 183 134 5 5 134 134 134 5 5 134 134 134 5 183 134 5 134 134 183 183 183 5 134 134 134 5 183 183 5 134 134 134 183 183 5 183 134 183 134 183 5 134 183 5 5 183 183 5 5 183 134 134 183 5 5 134 134 134 183 183 5 183 5 5 134 183 183 134 183 5 5 5 5 5 183 5 134 134 5 134 183 5 134 183 183 5 183 5 183 134 183 5 134 134 134 183 183 183 183 134 134 183 5 183 134 5 5 183 183 183 5 5 5 183 5 5 134 183 5 183 5 5 5 183 5 134 5 5 183 183 5 183 134 183 183 5 5 5 134 134 5 134 5 5 134 134 5 183 183 5 183 134 134 134 5 183 5 5 183 134 134 134 134 183 134 134 183 134 134 5 5 134 134 134 183 134 5 5 5 134 134 5 134 183 134 134 5 134 183 134 183 5 183 134
817
200 200 200 200 200 200 200 200 200 200 200 200 200 200 200 200 200 200 200 200 200 200 200 200 200 200 200 200 200 200 200 200 200 200 200 200 200 200 200 200 200 200 200 200 200 200 200 200 200 200 200 200 200 200 200 200 200 200 200 200 200 200 200 200 200 200 200 200 200 200 200 200 200 200 200 200 200 200 200 200 200 200 200 200 200 200 200 200 200 200 200 200 200 200 200 200 200 200 200 200 200 200 200 200 200 200 200 200 200 200 200 200 200 200 200 200 200 200 200 200 200 200 200 200 200 200 200 200 200 200 200 200 200 200 200 200 200 200 200 200 200 200 200 200 200 200 200 200 200 200 200 200 200 200 200 200 200 200 200 200 200 200 200 200 200 200 200 200 200 200 200 200 200 200 200 200 200 200 200 200 200 200 200 200 200 200 200 200 200 200 200 200 200 200 200 200 200 200 200 200 200 200 200 200 200 200 200 200 200 200 200 200 200 200 200 200 200 200 200 200 200 200 200 200 200 200 200 200 200 200 200 200 200 200 200 200 200 200 200 200 200 200 200 200 200 200 200 200 200 200 200 200 200 200 200 200 200 200 200 200 200 200 200 200 200 200 200 200 200 200 200 200 200 200 200 200 200 200 200 200 200 200 200 200 200 200 200 200 200 200 200 200 200 200 200 200 200 200 200 200 200 200 200 200 200 200 200 200 200 200 200 200 200 200 200 200 200 200 200 200 200 200 200 200 200 200 200 200 200 200 200 200 200 200 200 200 200 200 200 200 200 200 200 200 200 200 200 200 200 200 200 200 200 200 200 200 200 200 200 200 200 200 200 200 200 200 200 200 200 200 200 200 200 200 200 200 200 200 200 200 200 200 200 200 200 200 200 200 200 200 200 200 200 200 200 200 200 200 200 200 200 200 200 200 200 200 200 200 200 200 200 200 200 200 200 200 200 200 200 200 200 200 200 200 200 200 200 200 200 200 200 200 200 200 200 200 200 200 200 200 200 200 200 200 200 200 200 200 200 200 200 200 200 200 200 200 200 200 200 200 200 200 200 200 200 200 200 200 200 200 200 200 200 200 200 200 200 200 200 200 200 200 200 200 200 200 200 200 200 200 200 200 200 200 200 200 200 200 200 200 200 200 200 200 200 200 200 200 200 200 200 200 200 200 200 200 200 200 200 200 200 200 200 200 200 200 200 200 200 200 200 200 200 200 200 200 200 200 200 200 200 200 200 200 200 200 200 200 200 200 200 200 200 200 200 200 200 200 200 200 200 200 200 200 200 200 200 200 200 200 200 200 200 200 200 200 200 200 200 200 200 200 200 200 200 200 200 200 200 200 200 200 200 200 200 200 200 200 200 200 200 200 200 200 200 200 200 200 200 200 200 200 200 200 200 200 200 200 200 200 200 200 200 200 200 200 200 200 200 200 200 200 200 200 200 200 200 200 200 200 200 200 200 200 200 200 200 200 200 200 200 200 200 200 200 200 200 200 200 200 200 200 200 200 200 200 200 200 200 200 200 200 200 200 200 200 200 200 200 200 200 200 200 200 200 200 200 200 200 200 200 200 200 200 200 200 200 200 200 200 200 200 200 200 200 200 200 200 200 200 200 200 200 200 200 200 200 200 200 200 200 200 200 200 200 200 200 200 200 200 200 200 200 200 200 200 200 200 200 200 200 200 200 200 200 200 200 200 200 200 200 200 200 200 200 200 200 200 200 200 200 200 200 200 200 200 200 200 200 200 200 200 200 200 200 200 200 200 200 200 200 200 200 200 200 200 200 200 200 200 200 200 200 200 200 200 200 200 200 200 200 200 200 200 200 200 200 200 200 200 200 200 200 200 200 200 200
422
22 29 47 47 106 47 29 152 47 106 29 152 29 29 47 29 29 29 22 152 47 22 22 29 106 106 152 22 29 47 29 22 106 22 47 29 29 106 22 47 152 29 152 152 47 47 22 106 106 29 22 29 47 106 29 22 106 22 47 22 29 152 47 47 47 29 106 22 152 22 47 29 106 106 47 47 106 22 47 29 47 106 22 47 22 106 22 22 22 152 152 47 29 22 106 29 22 22 29 152 29 152 22 106 22 22 106 47 152 29 152 47 47 29 29 29 106 47 152 152 106 22 29 47 106 106 47 29 106 106 47 29 22 22 22 47 22 29 22 29 47 106 47 152 106 29 47 22 22 106 29 22 152 106 29 106 152 152 47 47 22 22 22 47 29 22 29 106 106 152 106 152 22 29 106 29 106 106 29 152 29 106 152 47 47 152 22 152 106 152 106 106 152 152 152 22 29 106 22 22 152 47 106 152 29 29 29 152 106 152 22 106 22 29 47 29 22 152 22 106 152 106 22 29 22 29 152 152 29 22 47 29 152 47 29 47 22 106 22 47 47 22 22 29 47 152 47 47 29 152 22 29 29 47 152 47 47 152 29 106 152 152 22 152 22 47 152 29 22 22 106 22 152 106 47 106 152 106 152 22 47 29 47 22 152 29 47 106 106 152 47 152 47 47 152 47 22 106 152 106 152 106 47 22 106 22 106 152 29 29 106 106 22 106 152 29 29 106 152 22 106 106 47 47 106 22 106 152 47 152 47 152 106 47 29 22 152 29 22 47 22 106 47 152 22 106 47 29 106 22 106 152 106 106 106 29 47 47 22 22 106 106 106 22 47 152 152 29 152 29 22 106 106 22 22 22 47 106 29 152 152 106 152 152 152 22 106 22 29 152 152 152 29 29 22 106 29 47 22 106 29 29 152 47 106 106 106 106 22 152 152 152 152 47 47 29 106 152 22 29 22 29
169
33 124 124 124 33 33 33 124 124 124 124 124 124 33 33 124 124 124 33 124 124 124 33 33 33 124 33 124 33 33 33 124 124 124 33 33 33 124 124 124 124 124 33 124 124 33 124 124 33 124 33 124 124 33 124 33 33 124 33 124 124 124 124 33 33 124 124 33 33 124 124 124 124 33 33 124 33 33 124 124 33 33 33 124 124 124 33 33 33 124 33 33 33 33 33 33 33 33 33 33 124 33 33 124 33 124 124 33 33 124 124 33 124 124 33 33 124 33 33 33 124 124 33 124 124 124 33 124 33 124 33 33 124 33 33 33 33 124 124 33 124 124 124 33 124 33 33 33 33 33 33 33 124 33 124 33 33 124 124 33 124 33 33 124 124 124 33 33 124
508
0 200 113 87 66 111 59 79 72 71 85 62 85 50 66 62 105 56 74 93 87 87 118 120 118 104 100 95 99 81 105 101 59 103 66 119 77 76 89 75 52 88 64 60 84 53 58 86 70 120 63 82 71 117 101 103 53 70 59 103 92 87 98 56 65 83 82 101 116 113 65 89 72 54 87 88 66 85 120 114 120 67 110 63 104 103 51 98 79 95 118 85 84 101 97 64 90 79 83 106 53 99 74 112 85 65 108 65 83 94 69 66 83 76 106 54 73 69 91 90 92 57 111 74 115 65 77 62 115 76 74 80 100 60 50 114 71 108 74 69 82 97 53 98 119 66 106 106 107 79 103 97 61 84 87 57 118 103 118 90 77 65 74 101 61 51 106 63 66 111 74 100 78 111 105 95 106 68 92 50 103 55 58 93 100 70 107 71 59 57 62 103 69 104 84 79 117 61 106 51 119 71 85 75 99 87 117 112 65 96 68 116 110 68 85 97 96 76 112 81 87 56 115 102 95 100 119 119 79 92 112 98 65 68 56 104 92 82 99 57 78 99 62 74 52 75 60 50 86 66 50 72 117 63 91 85 116 84 98 116 108 111 98 69 118 68 57 112 80 71 64 87 110 87 82 115 65 100 62 68 57 81 70 59 102 52 119 102 97 108 73 111 105 61 65 94 106 103 110 107 104 112 116 105 105 119 74 86 91 54 54 53 76 57 62 88 78 76 115 114 90 76 85 81 60 71 62 87 118 108 51 80 64 51 69 73 53 101 65 118 81 90 64 92 118 108 59 70 92 113 99 50 81 113 102 79 120 71 106 80 110 69 107 96 60 118 76 64 104 96 114 77 115 58 103 103 67 73 95 120 112 95 59 74 103 66 58 79 118 117 112 60 87 72 105 91 65 117 95 86 88 113 72 105 75 53 57 103 72 60 79 70 55 68 90 70 110 72 53 71 62 91 114 53 79 52 63 89 75 59 62 81 66 117 81 114 68 58 63 55 64 58 120 101 51 112 87 96 82 100 117 94 61 103 75 105 101 110 59 115 106 115 110 80 83 51 99 93 102 101 94 65 80 61 101 101 89 52 73 120 54 70 51 117 80 91 54 61 51 93 80 80 64 75 79 69 86 74 109 59 52 99 111 91 81 84 105 200
7
3 10 14 8 13 18 5
598
0 0 0 0 0 0 0 0 0 0 0 0 0 0 0 0 0 0 0 0 0 0 0 0 0 0 0 0 0 0 0 0 0 0 0 0 0 0 0 0 0 0 0 0 0 0 0 0 0 0 0 0 0 0 0 0 0 0 0 0 0 0 0 0 0 0 0 0 0 0 0 0 0 0 0 0 0 0 0 0 0 0 0 0 0 0 0 0 0 0 0 0 0 0 0 0 0 0 0 0 0 0 0 0 0 0 0 0 0 0 0 0 0 0 0 0 0 0 0 0 0 0 0 0 0 0 0 0 0 0 0 0 0 0 0 0 0 0 0 0 0 0 0 0 0 0 0 0 0 0 0 0 0 0 0 0 0 0 0 0 0 0 0 0 0 0 0 0 0 0 0 0 0 0 0 0 0 0 0 0 0 0 0 0 0 0 0 0 0 0 0 0 0 0 0 0 0 0 0 0 0 0 0 0 0 0 0 0 0 0 0 0 0 0 0 0 0 0 0 0 0 0 0 0 0 0 0 0 0 0 0 0 0 0 0 0 0 0 0 0 0 0 0 0 0 0 0 0 0 0 0 0 0 0 0 0 0 0 0 0 0 0 0 0 0 0 0 0 0 0 0 0 0 0 0 0 0 0 0 0 0 0 0 0 0 0 0 0 0 0 0 0 0 0 0 0 0 0 0 0 0 0 0 0 0 0 0 0 0 0 0 0 0 0 0 0 0 0 0 0 0 0 0 0 0 0 0 0 0 0 0 0 0 0 0 0 0 0 0 0 0 0 0 0 0 0 0 0 0 0 0 0 0 0 0 0 0 0 0 0 0 0 0 0 0 0 0 0 0 0 0 0 0 0 0 0 0 0 0 0 0 0 0 0 0 0 0 0 0 0 0 0 0 0 0 0 0 0 0 0 0 0 0 0 0 0 0 0 0 0 0 0 0 0 0 0 0 0 0 0 0 0 0 0 0 0 0 0 0 0 0 0 0 0 0 0 0 0 0 0 0 0 0 0 0 0 0 0 0 0 0 0 0 0 0 0 0 0 0 0 0 0 0 0 0 0 0 0 0 0 0 0 0 0 0 0 0 0 0 0 0 0 0 0 0 0 0 0 0 0 0 0 0 0 0 0 0 0 0 0 0 0 0 0 0 0 0 0 0 0 0 0 0 0 0 0 0 0 0 0 0 0 0 0 0 0 0 0 0 0 0 0 0 0 0 0 0 0 0 0 0 0 0 0 0 0 0 0 0 0 0 0 0 0 0 0 0 0 0 0 0 0 0 0 0 0 0 0 0 0 0 0 0 0 0 0 0 0 0 0 0 0 0 0 0 0 0 0 0 0 0 0 0 0 0 0 0 0
773
0 200 62 82 105 63 112 58 84 73 91 108 89 120 81 100 101 56 113 114 106 107 53 61 96 95 71 107 103 117 82 60 99 53 69 57 108 109 119 83 61 112 79 98 55 66 107 103 85 58 78 105 79 57 53 100 98 67 64 86 78 72 119 50 69 75 91 95 86 64 61 91 100 52 108 91 94 117 114 93 77 78 106 118 68 63 61 59 100 91 94 119 105 90 112 56 97 99 92 113 94 63 101 79 65 109 71 59 59 92 116 118 88 82 102 105 87 77 66 80 77 70 58 55 65 72 50 93 73 84 90 77 116 114 58 108 94 103 62 85 114 73 86 82 106 91 54 62 88 102 78 115 78 63 107 103 52 111 68 120 118 67 108 80 50 61 68 111 116 103 78 52 56 99 87 120 96 89 99 116 53 83 90 114 62 82 92 77 64 55 94 71 64 90 61 95 57 98 69 120 102 57 117 89 105 84 72 70 97 101 84 64 96 119 50 57 116 83 77 94 72 112 115 60 68 105 83 77 51 73 51 70 79 93 102 68 97 87 64 101 90 81 58 105 55 67 50 105 108 75 75 52 61 114 56 111 83 62 52 89 82 106 88 61 109 79 84 104 95 119 80 54 61 65 54 72 98 51 112 91 52 92 87 84 53 65 119 107 69 115 73 59 53 83 106 118 115 52 73 117 53 72 70 85 112 118 56 67 81 76 61 69 73 72 56 78 118 91 77 55 71 104 108 76 79 68 99 52 97 92 97 72 113 110 98 80 90 72 51 92 102 78 56 55 87 74 90 50 69 115 87 64 111 101 68 96 96 77 76 102 94 109 104 93 119 116 119 91 51 114 64 111 61 79 77 109 113 85 98 63 87 119 84 73 111 97 88 75 89 73 113 89 69 112 120 107 110 101 68 117 67 120 99 87 72 111 61 117 79 53 67 93 55 53 97 69 57 112 66 80 82 57 88 70 67 81 97 120 52 63 59 86 58 78 71 92 98 63 60 87 71 68 80 70 104 55 105 68 70 73 96 109 77 53 67 55 108 50 66 71 105 59 93 103 68 95 73 117 89 66 106 90 76 114 76 80 53 52 91 82 91 115 63 92 100 84 83 95 62 58 113 51 95 71 62 64 55 110 117 87 98 112 50 93 114 95 53 61 79 109 93 104 95 62 105 52 72 85 102 97 62 92 120 71 74 73 99 63 72 63 93 64 116 85 56 65 89 109 98 111 114 87 95 90 79 55 97 92 108 52 90 58 57 120 105 71 101 65 95 112 61 65 84 64 77 94 70 80 52 59 108 100 113 67 55 77 50 51 82 97 61 59 82 83 117 66 81 81 60 115 107 56 85 98 74 90 55 66 58 50 76 106 104 75 98 75 77 73 51 57 80 110 93 109 81 100 80 86 103 73 104 66 77 106 54 81 93 98 59 103 97 79 68 67 59 66 109 115 57 54 78 107 115 77 64 66 90 52 50 61 76 97 112 58 114 98 103 110 61 51 70 51 106 119 61 102 81 100 81 56 54 64 65 109 102 108 58 102 112 74 75 102 90 66 114 118 65 76 97 76 76 64 90 53 86 114 116 113 109 56 85 116 56 87 114 97 60 77 92 53 117 92 57 115 112 97 111 96 79 116 66 104 84 114 119 61 88 58 107 113 116 50 82 51 55 105 81 71 109 99 89 119 50 96 101 67 50 118 67 71 61 93 69 56 68 69 88 111 86 84 107 89 108 69 61 81 60 55 76 76 120 105 200
589
0 200 85 75 93 110 59 94 114 65 75 116 103 98 96 71 97 69 96 72 70 55 83 108 112 112 85 80 110 69 105 81 51 79 56 89 61 57 61 98 91 111 81 93 59 52 110 100 61 51 93 97 96 102 59 108 93 55 98 93 78 107 61 80 119 66 106 95 111 114 58 96 81 80 57 67 100 98 91 64 91 107 62 57 110 117 89 72 65 61 97 50 104 66 84 66 88 70 64 52 63 63 80 105 79 116 96 54 73 94 110 67 72 66 100 71 114 70 104 72 56 93 115 118 111 51 86 58 57 54 109 58 111 109 66 81 67 96 59 71 90 55 88 118 119 101 69 59 93 51 78 116 111 110 113 106 63 76 57 96 92 80 65 70 78 72 52 72 117 58 76 52 114 53 90 113 95 101 66 84 103 105 92 94 92 92 75 72 64 75 63 70 72 65 114 93 75 78 85 87 106 93 114 120 90 100 92 93 93 114 53 71 95 65 91 103 115 88 78 109 73 65 54 102 52 67 81 57 81 120 53 99 118 99 53 96 101 106 97 119 118 80 80 57 99 57 65 68 104 70 61 67 73 70 81 64 72 110 97 52 119 110 119 78 91 61 83 60 93 115 72 59 102 54 72 91 81 72 89 98 73 109 103 76 110 114 86 94 119 59 70 52 58 110 79 54 93 120 63 61 100 110 64 92 101 68 106 118 53 82 63 86 73 86 85 89 81 90 115 104 94 52 98 89 116 86 69 60 61 105 107 107 103 53 62 120 59 55 96 93 119 56 101 51 65 56 108 120 116 95 85 71 60 59 96 78 58 80 118 93 103 59 59 91 65 58 98 50 107 68 119 56 91 117 79 77 96 57 91 70 98 85 96 86 77 82 101 110 97 86 95 63 104 53 99 64 79 84 115 109 104 118 110 61 85 109 64 74 56 79 88 119 51 65 106 63 53 76 109 80 53 60 55 108 83 85 80 108 75 50 87 75 62 113 117 50 106 81 106 100 111 58 64 52 57 100 103 93 98 99 77 63 91 63 78 86 119 90 117 79 54 60 92 88 88 83 117 56 85 93 104 105 83 98 83 117 68 99 86 119 98 55 87 59 95 109 77 78 107 106 51 56 110 93 117 103 108 63 107 83 75 71 118 52 111 106 98 114 88 97 89 99 116 85 51 63 71 94 119 69 100 56 105 91 98 100 69 103 64 64 50 95 106 84 86 82 55 91 107 87 117 64 54 90 82 63 60 101 112 98 97 97 50 107 85 81 72 62 69 112 74 107 115 54 66 63 60 55 62 108 87 119 106 117 50 111 78 82 111 107 87 80 53 58 68 87 86 55 200
225
59 142 168 174 163 110 4 9 112 54 18 12 159 64 70 197 187 66 58 163 123 187 126 74 198 111 156 170 29 171 137 74 85 117 27 34 98 142 196 195 47 189 142 80 111 117 62 154 67 161 50 83 104 118 101 59 165 1 173 149 180 131 167 157 58 4 14 77 98 169 140 164 137 3 198 62 77 137 120 158 58 122 165 178 5 29 155 64 92 79 72 82 28 132 123 158 107 173 155 200 78 148 26 21 152 11 110 52 126 175 78 162 137 11 180 148 162 176 14 38 24 196 6 172 157 165 45 61 41 31 73 84 153 129 31 139 0 28 107 129 131 108 36 6 123 137 92 63 90 101 189 173 169 16 194 172 43 24 66 47 77 76 92 126 131 127 159 125 127 177 45 82 26 187 187 59 189 192 151 188 129 145 152 14 85 157 51 105 20 163 90 187 154 153 29 175 175 184 152 86 195 197 178 178 145 32 145 169 155 5 154 143 149 15 89 162 128 2 22 120 119 97 119 177 170
461
4 10 9 14 18 17 6 9 2 3 16 9 4 0 0 8 9 16 13 20 4 7 2 9 16 19 19 16 8 18 4 17 7 9 16 4 4 3 2 18 19 20 8 20 5 9 15 1 1 16 1 19 8 10 13 7 6 14 11 13 6 14 17 10 7 10 10 16 9 14 18 7 7 10 2 9 19 4 7 19 4 20 10 12 18 11 18 3 1 10 14 9 8 16 13 14 18 15 15 16 9 4 3 1 6 17 1 3 20 18 13 17 18 10 6 4 2 4 6 12 12 7 5 12 3 20 6 19 8 9 20 9 4 4 8 9 7 7 4 10 14 7 5 18 8 0 0 0 14 4 4 19 14 3 1 8 12 19 5 7 19 0 0 3 11 0 11 6 15 3 20 6 16 1 5 13 9 13 14 16 1 4 12 13 2 5 12 12 6 12 17 0 9 20 20 1 8 8 3 0 19 4 1 5 9 13 2 5 16 1 18 8 9 14 19 13 4 2 18 0 14 1 1 8 20 12 4 18 3 7 16 13 12 11 17 20 10 7 8 0 6 9 16 9 20 6 1 4 11 12 11 10 18 17 16 7 12 18 14 11 3 4 7 15 17 19 6 20 9 13 12 6 7 1 1 13 7 3 2 11 1 12 0 6 12 14 11 19 2 3 13 3 0 17 7 4 1 1 1 3 15 14 7 17 12 16 8 11 14 16 20 10 5 19 6 18 5 10 16 8 14 15 20 19 9 14 2 1 14 20 13 14 12 19 2 10 10 14 2 13 20 5 19 12 3 3 6 3 4 5 18 10 1 3 6 10 3 4 9 12 20 19 7 17 11 20 9 17 10 15 13 11 10 1 5 7 10 16 11 0 3 1 6 7 15 6 7 0 5 11 12 1 15 12 18 4 13 15 16 1 19 16 14 5 2 15 10 0 15 3 8 0 20 19 19 18 6 9 17 11 6 0 5 14 9 18 10 13 9 8 19 15 17 16 4 19 5 14 10 4 14 2 20 13 14 12 5 20 0 17 9 20 15 4 17 0 14 13 20 6 0
312
9 193 4 8 6 20 155 19 13 13 15 12 2 14 187 192 168 178 183 173 5 10 12 0 156 10 10 17 0 8 189 8 153 180 15 18 2 19 8 3 18 9 13 11 18 10 9 11 9 16 20 2 7 13 19 10 10 3 9 19 10 3 20 0 14 8 13 197 7 11 19 3 8 200 18 19 8 1 3 19 9 178 1 16 2 3 8 10 5 20 0 15 15 6 18 18 8 18 1 16 6 157 19 189 18 14 4 2 20 9 20 5 1 12 188 13 160 5 198 187 172 16 4 2 0 191 10 1 16 2 4 16 9 6 5 8 17 20 10 5 196 166 4 16 15 16 194 172 19 7 11 13 17 12 186 5 16 185 9 6 12 4 4 1 13 10 0 19 20 4 14 185 16 1 8 1 12 0 18 19 200 13 2 1 189 181 0 13 14 3 15 14 19 196 198 0 11 5 154 7 0 8 190 19 19 174 11 15 192 160 162 153 20 20 11 5 192 8 6 190 3 19 2 2 0 6 11 11 150 5 19 11 19 17 2 10 4 20 0 14 13 176 17 189 10 18 153 3 8 160 1 18 154 159 13 17 7 8 3 1 15 198 1 0 9 18 7 8 19 9 14 9 11 2 11 153 155 0 4 0 3 8 169 177 15 0 10 174 11 18 0 154 20 10 6 12 0 13 17 6 6 13 19 3 9 4 5 0 169 11 11 20
28
55 193 55 193 193 55 158 45 158 158 158 55 158 158 193 158 55 193 55 193 193 158 193 55 55 193 158 158
22
0 200 63 53 72 70 80 82 74 108 59 71 109 50 84 56 114 117 78 72 105 200
716
4 11 57 86 60 45 33 163 9 154 47 155 94 46 195 98 17 44 67 141 61 14 89 0 171 112 197 199 33 128 126 0 38 5 50 26 173 108 175 89 16 106 19 195 128 136 37 171 130 5 113 32 150 32 107 117 166 26 81 40 131 81 101 37 169 93 145 77 138 151 161 71 9 5 51 104 97 31 31 145 75 89 18 174 110 193 136 97 25 9 107 118 143 49 21 3 24 50 95 135 54 196 185 17 152 163 12 161 18 30 130 179 3 97 193 34 118 150 138 82 33 164 10 4 137 32 21 79 153 2 145 104 22 33 62 45 187 198 134 162 194 45 152 188 32 149 27 167 121 62 165 169 77 113 121 32 0 96 196 148 76 108 24 94 171 24 159 50 105 194 14 164 17 160 103 88 76 122 196 111 146 132 18 13 113 197 98 157 29 147 185 167 68 16 176 112 140 105 61 47 170 151 83 19 143 27 112 80 75 196 87 172 1 131 192 44 192 29 20 136 92 136 66 27 166 109 106 103 195 118 29 169 36 39 18 2 100 2 59 199 118 124 86 87 83 150 161 92 97 190 26 19 79 118 63 87 176 181 5 45 69 101 90 142 96 117 36 140 197 44 122 15 89 61 134 171 23 172 123 14 14 134 176 60 43 140 62 161 173 105 8 79 34 155 176 101 2 16 13 82 1 163 48 69 74 31 0 38 136 143 36 54 125 114 55 38 125 12 64 16 84 192 173 97 47 28 181 81 143 194 188 190 167 139 174 30 0 77 119 98 16 174 7 119 112 18 36 91 124 200 26 166 79 184 175 174 111 158 44 198 117 123 42 102 86 123 37 83 197 8 69 0 7 40 107 21 21 153 169 93 9 186 189 32 32 104 173 67 180 97 129 70 68 36 54 79 176 71 171 23 2 10 99 113 178 95 198 104 106 44 103 98 84 95 176 75 18 162 16 82 191 146 139 49 128 126 29 92 177 0 26 138 178 104 34 17 110 148 122 171 177 175 173 0 59 63 105 37 38 91 37 26 137 168 3 194 95 64 7 31 21 186 112 7 39 12 128 142 105 85 80 170 125 111 48 161 100 138 21 68 102 6 166 129 159 171 121 200 150 119 14 99 60 3 26 23 193 151 148 38 162 8 23 58 47 141 179 155 23 4 20 35 27 8 1 134 175 46 158 77 125 47 13 164 81 151 130 132 15 193 69 35 148 163 91 127 4 144 145 170 42 123 194 141 114 31 120 105 55 135 113 120 86 75 199 59 71 49 198 58 186 180 17 47 88 185 22 173 198 123 170 144 178 4 162 34 172 144 191 171 183 157 112 81 144 187 114 45 120 160 132 114 25 152 55 135 122 84 2 10 102 53 115 156 67 153 147 145 75 94 59 186 123 174 81 141 24 86 171 188 24 168 24 123 123 91 129 103 25 20 62 155 31 195 192 155 112 165 197 194 13 28 96 188 170 196 117 0 120 22 35 112 162 32 10 177 79 173 66 125 63 163 23 95 104 63 116 8 143 141 54 72 162 197 23 102 22 52 114 43 137 78 89 153 9 87 70 104 83 151 63 122 147 7 50 78 151 61 62 142 20 156 59 89 179 197 196 173 104 181 123 93 158 27 69 31
398
0 0 0 0 0 0 0 0 0 0 0 0 0 0 0 0 0 0 0 0 0 0 0 0 0 0 0 0 0 0 0 0 0 0 0 0 0 0 0 0 0 0 0 0 0 0 0 0 0 0 0 0 0 0 0 0 0 0 0 0 0 0 0 0 0 0 0 0 0 0 0 0 0 0 0 0 0 0 0 0 0 0 0 0 0 0 0 0 0 0 0 0 0 0 0 0 0 0 0 0 0 0 0 0 0 0 0 0 0 0 0 0 0 0 0 0 0 0 0 0 0 0 0 0 0 0 0 0 0 0 0 0 0 0 0 0 0 0 0 0 0 0 0 0 0 0 0 0 0 0 0 0 0 0 0 0 0 0 0 0 0 0 0 0 0 0 0 0 0 0 0 0 0 0 0 0 0 0 0 0 0 0 0 0 0 0 0 0 0 0 0 0 0 0 0 0 0 0 0 0 0 0 0 0 0 0 0 0 0 0 0 0 0 0 0 0 0 0 0 0 0 0 0 0 0 0 0 0 0 0 0 0 0 0 0 0 0 0 0 0 0 0 0 0 0 0 0 0 0 0 0 0 0 0 0 0 0 0 0 0 0 0 0 0 0 0 0 0 0 0 0 0 0 0 0 0 0 0 0 0 0 0 0 0 0 0 0 0 0 0 0 0 0 0 0 0 0 0 0 0 0 0 0 0 0 0 0 0 0 0 0 0 0 0 0 0 0 0 0 0 0 0 0 0 0 0 0 0 0 0 0 0 0 0 0 0 0 0 0 0 0 0 0 0 0 0 0 0 0 0 0 0 0 0 0 0 0 0 0 0 0 0 0 0 0 0 0 0 0 0 0 0 0 0 0 0 0 0 0 0 0 0 0 0 0 0 0 0 0 0 0 0 0 0 0 0 0 0
212
200 200 200 200 200 200 200 200 200 200 200 200 200 200 200 200 200 200 200 200 200 200 200 200 200 200 200 200 200 200 200 200 200 200 200 200 200 200 200 200 200 200 200 200 200 200 200 200 200 200 200 200 200 200 200 200 200 200 200 200 200 200 200 200 200 200 200 200 200 200 200 200 200 200 200 200 200 200 200 200 200 200 200 200 200 200 200 200 200 200 200 200 200 200 200 200 200 200 200 200 200 200 200 200 200 200 200 200 200 200 200 200 200 200 200 200 200 200 200 200 200 200 200 200 200 200 200 200 200 200 200 200 200 200 200 200 200 200 200 200 200 200 200 200 200 200 200 200 200 200 200 200 200 200 200 200 200 200 200 200 200 200 200 200 200 200 200 200 200 200 200 200 200 200 200 200 200 200 200 200 200 200 200 200 200 200 200 200 200 200 200 200 200 200 200 200 200 200 200 200 200 200 200 200 200 200 200 200 200 200 200 200
50
14 14 188 124 132 118 161 158 147 78 139 51 94 84 38 177 157 68 81 187 139 32 115 58 98 84 163 106 85 106 196 123 68 135 122 96 52 10 191 142 135 59 80 72 121 162 149 53 124 11
725
200 200 200 200 200 200 200 200 200 200 200 200 200 200 200 200 200 200 200 200 200 200 200 200 200 200 200 200 200 200 200 200 200 200 200 200 200 200 200 200 200 200 200 200 200 200 200 200 200 200 200 200 200 200 200 200 200 200 200 200 200 200 200 200 200 200 200 200 200 200 200 200 200 200 200 200 200 200 200 200 200 200 200 200 200 200 200 200 200 200 200 200 200 200 200 200 200 200 200 200 200 200 200 200 200 200 200 200 200 200 200 200 200 200 200 200 200 200 200 200 200 200 200 200 200 200 200 200 200 200 200 200 200 200 200 200 200 200 200 200 200 200 200 200 200 200 200 200 200 200 200 200 200 200 200 200 200 200 200 200 200 200 200 200 200 200 200 200 200 200 200 200 200 200 200 200 200 200 200 200 200 200 200 200 200 200 200 200 200 200 200 200 200 200 200 200 200 200 200 200 200 200 200 200 200 200 200 200 200 200 200 200 200 200 200 200 200 200 200 200 200 200 200 200 200 200 200 200 200 200 200 200 200 200 200 200 200 200 200 200 200 200 200 200 200 200 200 200 200 200 200 200 200 200 200 200 200 200 200 200 200 200 200 200 200 200 200 200 200 200 200 200 200 200 200 200 200 200 200 200 200 200 200 200 200 200 200 200 200 200 200 200 200 200 200 200 200 200 200 200 200 200 200 200 200 200 200 200 200 200 200 200 200 200 200 200 200 200 200 200 200 200 200 200 200 200 200 200 200 200 200 200 200 200 200 200 200 200 200 200 200 200 200 200 200 200 200 200 200 200 200 200 200 200 200 200 200 200 200 200 200 200 200 200 200 200 200 200 200 200 200 200 200 200 200 200 200 200 200 200 200 200 200 200 200 200 200 200 200 200 200 200 200 200 200 200 200 200 200 200 200 200 200 200 200 200 200 200 200 200 200 200 200 200 200 200 200 200 200 200 200 200 200 200 200 200 200 200 200 200 200 200 200 200 200 200 200 200 200 200 200 200 200 200 200 200 200 200 200 200 200 200 200 200 200 200 200 200 200 200 200 200 200 200 200 200 200 200 200 200 200 200 200 200 200 200 200 200 200 200 200 200 200 200 200 200 200 200 200 200 200 200 200 200 200 200 200 200 200 200 200 200 200 200 200 200 200 200 200 200 200 200 200 200 200 200 200 200 200 200 200 200 200 200 200 200 200 200 200 200 200 200 200 200 200 200 200 200 200 200 200 200 200 200 200 200 200 200 200 200 200 200 200 200 200 200 200 200 200 200 200 200 200 200 200 200 200 200 200 200 200 200 200 200 200 200 200 200 200 200 200 200 200 200 200 200 200 200 200 200 200 200 200 200 200 200 200 200 200 200 200 200 200 200 200 200 200 200 200 200 200 200 200 200 200 200 200 200 200 200 200 200 200 200 200 200 200 200 200 200 200 200 200 200 200 200 200 200 200 200 200 200 200 200 200 200 200 200 200 200 200 200 200 200 200 200 200 200 200 200 200 200 200 200 200 200 200 200 200 200 200 200 200 200 200 200 200 200 200 200 200 200 200 200 200 200 200 200 200 200 200 200 200 200 200 200 200 200 200 200 200 200 200 200 200 200 200 200 200 200 200 200 200 200 200 200 200 200 200 200 200 200 200 200 200
400
16 20 11 18 2 5 3 16 20 19 3 5 16 7 20 19 16 5 8 7 9 9 5 8 9 6 13 6 9 7 10 7 10 9 19 12 10 13 9 11 20 16 11 19 11 0 10 11 1 15 12 15 7 18 19 6 15 9 15 9 18 3 5 11 15 3 1 14 4 18 14 17 12 17 13 13 0 14 8 3 5 11 15 13 15 18 13 3 1 13 20 16 19 7 3 19 20 18 8 13 14 16 10 12 19 3 14 10 10 20 18 1 1 11 1 20 1 16 6 3 17 0 7 20 20 18 5 6 20 7 17 17 12 7 18 18 10 17 13 1 19 8 14 16 14 16 4 0 3 11 9 1 20 15 16 4 12 2 3 20 11 8 6 14 18 15 15 1 8 14 5 10 14 5 7 15 14 5 4 14 5 8 18 18 8 16 9 13 20 18 5 6 0 9 15 11 6 2 15 14 12 8 14 9 6 5 6 1 11 9 2 20 8 2 6 4 13 4 11 1 4 4 8 15 5 8 14 18 11 6 20 2 20 8 13 13 3 12 14 5 1 3 8 19 13 16 0 8 14 16 8 6 15 19 20 15 16 7 0 7 16 20 18 0 9 19 8 19 2 10 2 8 20 8 0 6 14 16 14 8 15 20 3 1 1 4 5 17 11 19 2 5 8 15 8 7 19 1 13 3 19 6 3 2 12 11 7 15 13 0 5 13 3 15 16 3 13 7 16 6 12 3 18 10 15 19 15 10 6 11 3 20 7 2 13 15 0 12 17 11 15 7 18 18 20 0 18 14 11 19 1 15 7 9 17 4 3 11 2 1 9 11 2 17 12 15 7 4 4 6 8 7 19 1 18 12 2 10 18 10 17 2 19 4 19 19 18 8 7 0 6 13 9 4 7 17 5 6 9 11
18
7 1 4 15 2 5 11 6 15 16 4 15 20 0 6 9 2 20
645
200 200 200 200 200 200 200 200 200 200 200 200 200 200 200 200 200 200 200 200 200 200 200 200 200 200 200 200 200 200 200 200 200 200 200 200 200 200 200 200 200 200 200 200 200 200 200 200 200 200 200 200 200 200 200 200 200 200 200 200 200 200 200 200 200 200 200 200 200 200 200 200 200 200 200 200 200 200 200 200 200 200 200 200 200 200 200 200 200 200 200 200 200 200 200 200 200 200 200 200 200 200 200 200 200 200 200 200 200 200 200 200 200 200 200 200 200 200 200 200 200 200 200 200 200 200 200 200 200 200 200 200 200 200 200 200 200 200 200 200 200 200 200 200 200 200 200 200 200 200 200 200 200 200 200 200 200 200 200 200 200 200 200 200 200 200 200 200 200 200 200 200 200 200 200 200 200 200 200 200 200 200 200 200 200 200 200 200 200 200 200 200 200 200 200 200 200 200 200 200 200 200 200 200 200 200 200 200 200 200 200 200 200 200 200 200 200 200 200 200 200 200 200 200 200 200 200 200 200 200 200 200 200 200 200 200 200 200 200 200 200 200 200 200 200 200 200 200 200 200 200 200 200 200 200 200 200 200 200 200 200 200 200 200 200 200 200 200 200 200 200 200 200 200 200 200 200 200 200 200 200 200 200 200 200 200 200 200 200 200 200 200 200 200 200 200 200 200 200 200 200 200 200 200 200 200 200 200 200 200 200 200 200 200 200 200 200 200 200 200 200 200 200 200 200 200 200 200 200 200 200 200 200 200 200 200 200 200 200 200 200 200 200 200 200 200 200 200 200 200 200 200 200 200 200 200 200 200 200 200 200 200 200 200 200 200 200 200 200 200 200 200 200 200 200 200 200 200 200 200 200 200 200 200 200 200 200 200 200 200 200 200 200 200 200 200 200 200 200 200 200 200 200 200 200 200 200 200 200 200 200 200 200 200 200 200 200 200 200 200 200 200 200 200 200 200 200 200 200 200 200 200 200 200 200 200 200 200 200 200 200 200 200 200 200 200 200 200 200 200 200 200 200 200 200 200 200 200 200 200 200 200 200 200 200 200 200 200 200 200 200 200 200 200 200 200 200 200 200 200 200 200 200 200 200 200 200 200 200 200 200 200 200 200 200 200 200 200 200 200 200 200 200 200 200 200 200 200 200 200 200 200 200 200 200 200 200 200 200 200 200 200 200 200 200 200 200 200 200 200 200 200 200 200 200 200 200 200 200 200 200 200 200 200 200 200 200 200 200 200 200 200 200 200 200 200 200 200 200 200 200 200 200 200 200 200 200 200 200 200 200 200 200 200 200 200 200 200 200 200 200 200 200 200 200 200 200 200 200 200 200 200 200 200 200 200 200 200 200 200 200 200 200 200 200 200 200 200 200 200 200 200 200 200 200 200 200 200 200 200 200 200 200 200 200 200 200 200 200 200 200 200 200 200 200 200 200 200 200 200 200 200 200 200 200
626
0 200 73 88 108 99 87 72 66 76 103 109 52 64 79 68 98 60 108 73 74 68 101 120 79 62 104 102 63 103 93 104 120 85 55 88 99 57 75 51 93 80 61 69 94 73 77 83 99 85 115 76 73 59 104 81 73 74 59 97 94 84 76 78 101 57 111 75 56 115 119 113 70 57 66 98 66 66 71 111 102 82 91 79 97 91 111 118 78 76 108 84 106 88 98 96 108 53 118 119 90 112 86 95 115 120 73 86 90 85 83 120 106 51 110 94 113 62 60 54 99 54 112 119 65 109 119 85 64 81 118 65 120 50 51 102 53 63 120 73 62 89 65 81 67 89 83 99 120 59 113 61 112 104 74 56 110 55 114 64 103 87 81 100 82 95 67 113 59 117 89 77 75 103 77 66 102 107 113 74 77 91 74 65 94 85 102 106 83 115 87 59 55 55 94 72 94 65 74 113 84 54 52 111 96 83 120 79 115 114 102 111 54 93 107 55 88 109 102 90 73 91 93 109 88 112 57 83 77 87 76 84 105 59 51 72 87 119 74 93 57 51 75 92 66 110 95 114 119 59 120 83 105 63 94 71 90 79 89 95 107 72 84 103 89 62 117 81 92 70 82 64 105 68 86 85 103 56 52 65 68 106 74 104 91 83 108 105 93 116 107 68 91 93 95 55 119 95 84 94 89 58 60 53 101 116 114 75 116 68 90 112 88 110 115 119 64 101 51 84 76 113 58 60 117 81 98 94 63 52 99 87 71 59 62 57 58 106 101 95 79 91 90 90 67 87 96 65 102 84 112 73 109 54 120 107 59 83 109 63 98 69 98 120 87 52 76 116 73 63 106 55 56 68 119 112 50 79 116 113 119 87 101 104 103 75 103 95 55 51 98 115 75 78 74 117 89 63 79 75 68 66 78 79 106 81 70 86 95 61 54 95 87 86 116 90 55 90 60 80 96 105 55 101 75 61 72 68 71 50 56 55 117 110 100 54 73 84 73 52 83 120 111 82 92 100 110 99 87 60 92 83 119 84 67 56 104 77 75 56 65 111 91 61 115 97 117 70 51 119 92 89 104 88 59 53 89 70 61 94 107 102 93 97 118 114 88 101 81 99 95 102 86 62 76 93 70 87 66 87 99 110 79 110 61 78 66 79 112 85 119 57 50 99 69 112 90 105 64 68 76 72 88 74 92 66 55 111 104 96 116 79 91 100 105 76 119 88 108 75 67 84 109 63 89 79 65 61 55 111 70 64 95 74 96 86 95 64 67 83 117 67 100 69 84 111 105 92 61 56 61 120 107 99 78 67 77 90 55 66 105 65 88 118 91 74 96 69 52 109 70 119 99 71 74 52 93 71 105 86 50 115 99 94 117 114 62 50 96 59 97 72 98 74 92 52 87 81 101 113 109 117 119 69 56 200
428
198 29 5 52 18 146 84 30 145 150 28 18 100 39 173 134 186 150 129 47 96 29 164 16 92 93 161 30 124 194 172 139 20 53 134 110 140 13 197 52 165 161 116 36 37 158 110 24 32 99 60 47 45 146 198 56 4 68 84 132 105 67 104 183 132 55 146 137 197 136 57 28 139 190 115 170 119 82 26 195 195 80 52 44 97 113 89 106 32 168 109 112 17 164 99 143 36 94 31 46 32 9 78 73 94 51 11 57 165 198 186 47 30 105 79 184 149 200 85 92 82 132 180 174 89 34 81 151 119 11 178 39 16 72 4 156 54 138 72 63 63 27 72 59 65 24 33 38 140 149 169 110 168 172 197 196 191 113 109 57 13 43 56 167 32 77 198 90 10 88 14 131 14 173 22 81 181 13 21 24 60 51 187 101 110 106 80 39 75 3 6 190 72 136 16 167 98 140 36 49 158 150 14 154 180 149 193 38 126 52 198 166 175 78 10 58 189 167 133 133 71 52 89 55 133 53 40 40 37 68 194 96 86 76 163 105 173 100 199 13 52 5 87 124 112 179 123 75 148 27 176 61 58 6 196 143 19 116 131 82 197 173 112 76 88 35 94 177 103 76 166 91 91 140 14 113 113 193 26 131 59 146 39 98 47 158 49 32 97 0 43 159 105 187 24 71 150 31 179 153 131 50 6 145 21 36 50 142 82 191 115 166 127 77 97 169 102 194 142 197 2 109 65 194 123 3 98 10 16 104 24 58 75 166 10 103 103 115 94 158 47 51 121 15 36 148 34 73 138 31 54 28 151 77 170 11 146 105 160 59 117 9 12 14 101 62 75 8 67 29 177 38 119 57 1 164 75 107 130 51 87 163 6 83 115 109 158 130 195 182 81 54 68 14 109 114 10 31 124 52 32 64 6 122 75 2 118 7 43 114 88 149 95 56 154 188 53 143 185 122 78 65 103 92 115 182 33 27
12
65 96 70 70 51 96 65 51 70 57 51 65
354
11 17 20 5 2 5 2 169 1 15 5 14 13 170 193 0 10 166 1 8 18 11 8 161 11 8 197 1 197 5 7 4 3 12 12 16 15 9 3 7 172 164 4 178 7 3 20 18 150 11 11 14 12 171 17 9 168 199 175 11 4 20 10 2 8 1 14 5 8 2 17 10 8 20 16 11 8 5 15 18 8 0 18 8 200 15 150 10 3 158 10 0 6 1 16 17 11 18 6 2 18 173 20 9 5 13 19 13 151 12 3 193 7 12 14 6 13 9 13 190 180 9 19 7 0 0 3 3 200 8 7 3 0 171 0 1 6 186 16 3 1 10 12 4 19 169 9 10 7 1 14 16 16 16 7 20 20 3 10 11 3 20 17 14 12 15 0 9 9 192 13 15 16 15 12 175 5 7 14 10 11 15 5 182 4 6 1 18 9 7 2 158 16 15 17 7 8 15 189 4 0 165 2 12 180 9 2 4 0 13 178 16 20 9 1 9 181 7 162 16 10 3 6 184 19 186 160 4 169 10 9 13 19 11 0 13 9 15 19 153 162 18 167 19 186 8 4 17 2 2 14 9 5 14 19 13 14 7 0 9 4 15 20 10 16 6 3 20 192 18 16 0 10 20 184 152 0 7 10 0 4 162 4 0 17 17 13 8 16 6 14 8 191 14 0 189 17 16 6 3 10 5 8 12 20 150 6 0 4 12 192 17 195 0 166 19 3 11 14 164 195 20 6 1 183 152 1 196 14 10 183 12 6 19 19 19 7 17 13 198 19 157 8 187 3 7 11 192 11 10 196 18 19 15
187
0 0 0 0 0 0 0 0 0 0 0 0 0 0 0 0 0 0 0 0 0 0 0 0 0 0 0 0 0 0 0 0 0 0 0 0 0 0 0 0 0 0 0 0 0 0 0 0 0 0 0 0 0 0 0 0 0 0 0 0 0 0 0 0 0 0 0 0 0 0 0 0 0 0 0 0 0 0 0 0 0 0 0 0 0 0 0 0 0 0 0 0 0 0 0 0 0 0 0 0 0 0 0 0 0 0 0 0 0 0 0 0 0 0 0 0 0 0 0 0 0 0 0 0 0 0 0 0 0 0 0 0 0 0 0 0 0 0 0 0 0 0 0 0 0 0 0 0 0 0 0 0 0 0 0 0 0 0 0 0 0 0 0 0 0 0 0 0 0 0 0 0 0 0 0 0 0 0 0 0 0 0 0 0 0 0 0
735
18 18 18 18 18 117 117 18 117 18 18 117 18 18 18 117 18 18 117 117 18 18 117 117 117 18 18 117 117 117 117 117 117 117 18 18 117 117 117 117 18 117 18 18 18 117 18 117 117 117 18 117 18 117 18 18 18 117 18 117 117 117 18 18 18 18 18 18 18 18 18 18 18 117 117 18 18 18 18 117 18 117 18 18 117 18 117 117 117 18 18 117 18 18 117 18 117 117 117 117 117 18 18 18 18 18 117 117 18 117 18 18 18 117 117 117 117 18 117 18 117 18 18 18 18 18 117 18 18 18 117 117 117 117 117 18 117 18 117 117 117 18 18 18 117 117 18 18 117 18 18 18 117 18 117 117 18 117 117 117 117 18 18 117 18 18 117 18 117 117 117 117 18 117 117 18 117 117 18 18 18 18 18 117 18 117 18 117 117 117 117 117 18 117 117 117 18 18 18 117 18 117 117 18 18 18 117 117 18 117 18 117 117 18 18 117 18 18 18 117 117 117 18 117 117 117 117 117 117 18 117 117 18 117 117 18 18 117 117 117 117 117 18 117 18 117 117 18 18 117 117 18 18 117 117 117 117 117 18 18 117 18 117 117 18 117 117 117 18 117 18 18 117 117 117 18 117 18 18 117 117 117 18 18 18 117 18 117 117 18 117 18 117 18 117 18 18 117 18 18 117 117 18 18 18 18 18 117 18 18 18 18 117 18 117 18 18 117 18 117 18 117 117 18 117 18 18 18 18 117 117 18 117 18 18 117 117 117 117 18 18 117 18 117 117 117 117 117 18 18 117 18 18 117 117 18 117 18 117 117 18 117 18 117 117 18 117 117 18 18 117 18 18 117 117 117 117 18 117 117 18 18 18 18 117 18 117 18 18 18 117 117 18 18 18 117 18 18 18 18 18 18 18 18 18 117 18 18 117 18 18 117 18 117 18 117 117 18 18 117 117 117 117 18 117 117 117 18 117 117 18 117 18 117 18 18 18 117 18 18 18 117 18 117 117 117 18 18 18 18 117 117 18 117 117 18 18 18 18 18 117 18 117 18 18 117 117 117 117 18 117 117 117 18 117 18 117 18 117 117 117 18 18 117 18 18 18 18 18 117 117 18 117 18 18 117 18 117 117 18 117 18 117 117 18 117 117 18 117 18 117 18 117 18 18 18 18 117 117 18 117 117 117 117 18 18 117 117 117 18 18 18 18 117 18 18 117 18 117 18 117 18 117 18 117 18 117 18 117 117 117 18 18 117 117 117 18 117 18 18 18 117 18 117 117 18 117 117 18 117 18 18 18 117 18 18 18 117 117 117 117 117 18 18 117 117 18 117 18 18 18 117 117 18 117 18 117 117 18 117 117 117 18 18 18 117 18 117 18 18 117 117 117 117 117 18 18 117 18 117 117 18 18 117 18 117 18 117 18 18 18 117 117 117 117 18 18 18 117 18 117 117 18 18 18 18 18 117 18 117 117 18 18 18 18 18 117 117 18 18 117 117 117 117 117 18 18 18 18 117 117 18 18 18 117 18 117 18 117 18 117 18 117 117 117 18 117 117 117 117 117 18 117 18 18 18 117 18 18 117 18 18 117 117 18 18 117 18 18 117 117 117 18 117 117 18 18 18 18 117 18 117 18 18 117 117 117 117 18 117 117 117 18 18 117
128
200 190 20 199 12 157 10 2 15 10 12 6 181 1 165 4 3 179 11 14 17 5 13 12 11 7 5 3 5 191 178 8 3 11 2 172 18 1 18 3 12 12 3 187 13 3 1 18 4 5 5 20 2 182 153 17 167 189 10 8 177 155 1 4 6 20 196 13 0 14 19 8 170 4 18 155 8 12 5 10 19 3 2 20 184 0 18 9 19 191 7 13 13 13 10 19 157 0 19 19 17 5 18 13 9 155 17 20 18 0 1 181 16 10 3 18 169 20 19 2 2 15 14 13 191 19 3 18
671
185 9 7 14 18 2 19 159 14 19 4 3 0 3 17 184 4 5 12 9 2 19 1 18 3 178 15 12 15 11 161 19 198 0 4 167 0 9 11 2 8 2 20 11 160 175 177 8 0 10 18 2 17 20 14 157 19 5 176 165 8 19 151 18 20 3 171 5 7 14 18 196 6 4 179 4 17 166 8 194 9 9 0 2 19 5 164 10 159 7 3 167 3 5 0 20 10 167 19 159 18 2 17 3 13 175 18 3 4 20 18 9 7 197 17 7 13 20 173 9 162 8 8 8 14 1 1 20 2 179 4 18 13 7 172 13 19 5 11 8 199 13 1 15 160 168 18 6 16 7 17 14 162 8 13 11 0 19 10 10 151 191 3 8 12 158 9 182 16 9 6 14 20 181 155 163 14 6 9 19 0 7 15 1 150 4 4 15 17 184 20 12 16 13 3 1 10 19 176 19 0 15 20 4 4 20 11 15 16 6 187 11 18 16 20 13 13 20 169 11 13 18 17 13 17 163 0 16 4 17 16 3 153 13 2 1 171 0 13 13 196 9 13 17 0 173 0 18 6 8 6 14 18 155 191 13 2 194 5 180 13 2 175 16 19 10 7 6 13 196 188 192 13 193 6 8 10 20 172 189 183 20 18 17 17 8 18 12 12 1 18 0 195 16 15 1 2 190 16 5 1 16 163 194 10 9 17 157 192 6 4 11 9 156 4 2 14 2 10 20 4 18 20 159 0 189 4 14 2 194 18 7 18 18 7 20 10 6 150 2 6 0 11 185 17 13 17 6 159 9 13 19 19 10 165 16 193 4 17 14 150 15 16 12 13 2 9 14 8 19 2 1 7 20 12 196 8 6 8 18 16 16 16 5 200 3 15 11 188 9 1 3 4 189 3 7 3 13 18 189 188 153 1 5 20 6 11 17 17 199 4 18 16 3 10 7 9 188 18 0 15 14 12 3 14 193 1 190 14 6 11 19 19 15 192 17 192 3 9 5 4 1 1 8 158 7 8 17 4 6 199 20 12 5 171 167 15 170 15 11 8 12 184 11 16 175 172 16 18 155 14 172 5 16 200 2 8 19 16 195 10 13 168 14 179 157 0 20 10 151 14 4 6 16 10 17 173 14 6 168 6 157 14 17 154 3 3 10 14 18 14 2 181 0 193 7 10 11 3 5 14 8 14 17 9 179 19 14 16 14 2 179 0 13 10 19 17 10 4 19 8 191 16 14 7 179 16 2 160 11 5 13 2 0 5 164 19 1 19 17 17 0 15 150 9 14 13 17 179 7 3 197 167 14 6 199 152 3 162 17 15 194 13 9 12 18 12 15 5 14 4 4 11 15 198 194 197 176 1 2 198 11 18 20 186 11 12 11 11 2 150 17 0 11 6 6 4 13 4 2 12 16 0 18 10 0 20 1 11 11 1 10 20 10 157 156 11 10 12 6 6 197 8 164 3 193 167 4 194 15 15 13 1 3 3 19 18 9 6 14 14 11 20 10 169 2 3 19 166 4 190
34
100 113 174 199 81 114 12 181 42 125 37 121 111 187 48 156 128 58 146 98 120 162 172 172 140 193 82 89 165 76 67 24 183 2
506
113 68 111 53 119 131 157 130 89 93 7 153 91 188 53 59 113 60 26 104 68 177 39 36 110 100 111 191 60 29 146 5 199 144 163 41 42 61 156 64 97 141 6 98 20 167 70 118 136 4 86 193 196 173 123 67 70 114 15 24 166 165 194 135 13 17 165 157 196 196 24 177 48 145 117 139 41 112 96 71 76 161 45 141 158 37 9 32 37 136 189 104 103 148 39 119 66 152 44 122 60 147 51 186 46 0 104 188 108 103 132 3 64 169 194 17 198 63 61 56 15 170 120 105 89 29 119 101 157 117 19 137 13 134 147 170 174 165 11 153 145 118 54 82 80 137 156 185 23 71 87 119 97 180 139 152 71 113 6 137 145 120 6 58 79 89 42 26 129 147 184 32 141 145 101 189 28 162 60 131 142 102 179 25 187 37 28 133 87 194 25 163 49 11 37 168 163 59 85 31 64 12 106 143 80 92 17 0 1 1 182 46 78 131 109 116 166 54 177 49 24 149 160 4 97 143 36 92 54 78 71 45 33 88 163 76 81 132 34 50 135 38 89 88 164 65 56 190 77 20 113 97 86 153 68 25 36 56 117 68 144 124 142 106 168 54 3 15 84 142 116 81 191 101 74 128 3 115 183 126 134 62 21 77 35 4 90 146 116 117 102 40 174 79 158 15 55 197 61 103 38 21 176 181 102 105 183 140 0 78 10 24 110 176 102 199 21 16 35 191 59 68 127 100 157 45 54 192 36 88 167 163 152 178 104 77 150 8 119 111 6 1 116 147 104 34 2 130 103 20 187 39 57 92 95 123 197 138 156 13 31 191 146 159 133 199 103 114 167 81 117 51 65 78 152 123 104 30 165 141 14 50 46 150 20 45 10 71 190 83 29 164 92 178 14 104 199 157 68 126 7 125 63 124 103 182 113 75 41 171 108 62 40 29 95 163 103 158 177 15 65 41 78 51 16 37 2 56 155 26 82 1 35 179 128 74 65 49 7 168 34 109 151 33 58 187 140 129 20 73 60 19 182 133 9 107 184 32 164 136 37 35 153 18 98 44 57 85 92 7 197 48 137 39 37 64 196 176 46 12 58 34 127 85 77 102 56 128 167 53 101 8 21 101 1 48 73 26 65 150 171 124 109 60 95 171
818
200 200 200 200 200 200 200 200 200 200 200 200 200 200 200 200 200 200 200 200 200 200 200 200 200 200 200 200 200 200 200 200 200 200 200 200 200 200 200 200 200 200 200 200 200 200 200 200 200 200 200 200 200 200 200 200 200 200 200 200 200 200 200 200 200 200 200 200 200 200 200 200 200 200 200 200 200 200 200 200 200 200 200 200 200 200 200 200 200 200 200 200 200 200 200 200 200 200 200 200 200 200 200 200 200 200 200 200 200 200 200 200 200 200 200 200 200 200 200 200 200 200 200 200 200 200 200 200 200 200 200 200 200 200 200 200 200 200 200 200 200 200 200 200 200 200 200 200 200 200 200 200 200 200 200 200 200 200 200 200 200 200 200 200 200 200 200 200 200 200 200 200 200 200 200 200 200 200 200 200 200 200 200 200 200 200 200 200 200 200 200 200 200 200 200 200 200 200 200 200 200 200 200 200 200 200 200 200 200 200 200 200 200 200 200 200 200 200 200 200 200 200 200 200 200 200 200 200 200 200 200 200 200 200 200 200 200 200 200 200 200 200 200 200 200 200 200 200 200 200 200 200 200 200 200 200 200 200 200 200 200 200 200 200 200 200 200 200 200 200 200 200 200 200 200 200 200 200 200 200 200 200 200 200 200 200 200 200 200 200 200 200 200 200 200 200 200 200 200 200 200 200 200 200 200 200 200 200 200 200 200 200 200 200 200 200 200 200 200 200 200 200 200 200 200 200 200 200 200 200 200 200 200 200 200 200 200 200 200 200 200 200 200 200 200 200 200 200 200 200 200 200 200 200 200 200 200 200 200 200 200 200 200 200 200 200 200 200 200 200 200 200 200 200 200 200 200 200 200 200 200 200 200 200 200 200 200 200 200 200 200 200 200 200 200 200 200 200 200 200 200 200 200 200 200 200 200 200 200 200 200 200 200 200 200 200 200 200 200 200 200 200 200 200 200 200 200 200 200 200 200 200 200 200 200 200 200 200 200 200 200 200 200 200 200 200 200 200 200 200 200 200 200 200 200 200 200 200 200 200 200 200 200 200 200 200 200 200 200 200 200 200 200 200 200 200 200 200 200 200 200 200 200 200 200 200 200 200 200 200 200 200 200 200 200 200 200 200 200 200 200 200 200 200 200 200 200 200 200 200 200 200 200 200 200 200 200 200 200 200 200 200 200 200 200 200 200 200 200 200 200 200 200 200 200 200 200 200 200 200 200 200 200 200 200 200 200 200 200 200 200 200 200 200 200 200 200 200 200 200 200 200 200 200 200 200 200 200 200 200 200 200 200 200 200 200 200 200 200 200 200 200 200 200 200 200 200 200 200 200 200 200 200 200 200 200 200 200 200 200 200 200 200 200 200 200 200 200 200 200 200 200 200 200 200 200 200 200 200 200 200 200 200 200 200 200 200 200 200 200 200 200 200 200 200 200 200 200 200 200 200 200 200 200 200 200 200 200 200 200 200 200 200 200 200 200 200 200 200 200 200 200 200 200 200 200 200 200 200 200 200 200 200 200 200 200 200 200 200 200 200 200 200 200 200 200 200 200 200 200 200 200 200 200 200 200 200 200 200 200 200 200 200 200 200 200 200 200 200 200 200 200 200 200 200 200 200 200 200 200 200 200 200 200 200 200 200 200 200 200 200 200 200 200 200 200 200 200 200 200 200 200 200 200 200 200 200 200 200 200 200 200 200 200 200 200 200 200 200 200 200 200 200 200 200 200 200 200 200 200 200 200 200 200 200 200 200 200 200 200 200 200 200 200 200 200 200 200 200 200 200 200 200 200 200 200 200 200 200 200 200 200 200 200 200 200 200 200 200 200 200 200 200 200 200 200 200 200
965
181 16 166 20 15 9 16 2 163 12 14 8 10 186 7 18 183 5 163 8 16 177 18 11 20 9 165 200 9 5 10 168 15 5 13 12 3 153 17 4 17 9 10 18 154 17 17 15 15 18 1 19 10 16 18 6 14 192 3 14 18 6 14 2 14 18 9 163 171 13 166 7 14 187 13 0 16 181 5 1 18 5 12 2 6 20 0 13 10 13 20 4 174 154 20 5 16 4 19 155 20 5 1 20 158 14 177 4 5 17 3 2 4 18 8 12 10 13 4 163 12 4 6 153 172 20 0 2 7 12 155 18 12 5 16 13 1 13 0 0 8 12 152 4 177 0 176 14 7 10 11 6 177 151 186 11 19 159 3 163 20 10 6 16 6 9 165 9 18 2 13 10 14 178 183 173 3 17 188 8 6 10 7 166 9 6 5 11 6 17 15 19 188 19 8 18 16 4 1 157 161 162 12 198 152 182 8 8 158 20 7 199 155 8 152 4 19 10 10 1 4 10 10 8 8 2 17 16 3 200 16 3 9 9 3 12 11 14 20 20 5 20 4 165 8 10 0 13 11 14 18 11 3 163 19 6 188 19 5 12 5 9 19 19 10 157 159 194 187 12 7 18 12 0 12 20 6 6 176 11 8 1 10 178 8 14 1 14 6 0 4 191 19 16 10 7 13 2 10 11 160 187 13 18 153 17 19 15 189 18 4 151 13 13 14 8 11 6 5 15 183 173 6 170 0 7 7 19 2 20 15 17 8 165 162 3 150 20 8 17 7 5 6 168 9 10 9 5 4 4 16 16 7 19 16 187 15 19 9 159 19 151 187 16 179 16 0 4 10 3 11 20 191 6 10 171 18 150 152 4 4 9 159 5 15 6 4 15 4 17 5 1 183 8 196 20 179 9 7 18 13 19 15 1 12 19 10 20 6 7 6 187 182 7 0 12 196 12 17 2 20 11 13 7 1 17 15 4 15 4 162 7 175 183 1 18 6 15 17 9 19 0 13 17 14 1 4 3 1 0 0 5 8 18 1 1 13 3 16 19 168 15 6 9 9 8 12 20 5 158 3 168 15 176 11 162 6 6 4 11 190 4 10 3 154 165 2 16 6 8 5 182 14 16 15 13 10 1 12 1 3 10 2 0 14 6 180 18 3 1 0 0 5 4 7 20 16 20 7 2 9 20 178 9 16 192 15 156 160 19 7 3 2 4 8 14 16 4 166 15 14 161 11 13 2 1 9 174 6 14 17 15 18 8 6 19 2 6 8 168 17 8 9 11 4 3 10 2 5 14 16 0 12 5 7 7 188 13 189 174 19 11 16 7 12 180 20 9 171 13 15 9 2 4 8 178 12 14 189 186 20 19 10 15 14 172 5 12 164 19 17 6 11 174 160 12 5 19 5 168 185 194 9 10 16 157 17 2 5 18 8 16 16 16 9 4 1 9 184 4 1 8 5 16 178 14 18 18 14 13 20 12 5 6 0 4 159 14 8 197 5 16 2 16 8 177 7 186 20 188 6 6 197 11 12 151 16 2 159 17 8 6 15 192 8 8 191 17 4 14 160 11 17 15 154 9 14 181 13 161 176 181 11 13 15 152 2 14 17 12 2 15 8 17 16 170 166 8 14 2 183 17 2 188 1 9 1 11 12 9 193 0 0 7 0 2 159 11 10 2 9 5 10 5 2 12 7 16 14 2 18 3 159 5 180 16 176 181 18 3 2 15 20 1 197 14 14 14 7 13 9 192 157 11 4 6 11 13 190 10 19 13 15 10 196 195 173 12 13 8 4 9 16 199 190 184 190 8 4 197 185 11 20 166 8 8 16 6 10 3 170 15 195 1 174 196 16 14 17 10 6 8 6 5 1 5 168 9 181 180 13 5 174 184 20 2 8 16 1 3 16 19 188 2 5 17 2 1 5 15 13 12 151 1 198 13 0 15 151 163 9 20 7 13 14 167 3 200 12 20 13 6 17 19 11 195 10 197 10 10 12 12 19 1 1 169 14 13 2 7 5 157 8 200 10 183 14 13 17 4 1 2 6 1 154 8 190 0 174 4 7 4 17 0 18 19 0 9 0 4 180 167 11 18 17 19 4 12 9 189 5 19 19 5 16 17 12 10 13 20 12 168 4 9 151 20 18 165 0 11 9 14 1 3 12 20 18 182 17 1 171 10 19 7 2
364
15 13 19 2 5 18 14 3 12 4 11 4 14 20 20 9 15 4 14 17 20 14 14 13 11 8 8 6 16 18 8 16 9 7 2 0 10 17 16 5 12 4 0 7 10 10 11 15 4 14 0 7 12 1 10 10 1 7 17 20 4 3 10 5 9 6 7 8 13 1 20 0 16 12 13 17 4 6 6 0 9 4 19 19 8 8 4 12 15 6 14 3 3 5 1 14 3 17 7 6 20 9 4 3 10 11 1 18 13 19 20 7 15 6 17 19 19 19 13 11 8 11 18 0 5 0 4 7 11 9 2 17 18 12 19 2 14 14 19 14 14 16 18 11 8 20 12 2 2 5 14 14 2 13 10 8 15 7 7 18 1 15 8 17 15 12 16 16 12 17 20 2 16 12 2 13 1 14 20 19 0 0 7 12 4 10 10 5 17 8 9 1 14 4 4 5 8 1 13 9 19 9 3 18 20 18 19 2 7 10 8 20 2 10 12 4 9 0 12 1 6 5 16 14 14 18 6 11 14 9 15 9 17 1 6 9 4 12 16 15 2 6 8 2 12 3 10 6 5 15 20 1 13 10 11 14 20 10 10 16 18 0 20 16 5 14 5 19 19 8 11 2 1 11 19 5 19 10 4 11 2 20 3 16 10 3 3 7 1 7 9 19 6 17 15 16 18 3 10 5 7 5 1 11 9 0 4 3 14 20 1 8 19 5 4 14 9 7 12 6 11 20 15 3 7 12 9 3 18 7 10 15 10 12 10 19 7 18 19 3 11 12 7 9 19 5 1 10 13 4 17 1 9 0 4 5 15 9 20 20 13 2 9 19
75
200 200 200 200 200 200 200 200 200 200 200 200 200 200 200 200 200 200 200 200 200 200 200 200 200 200 200 200 200 200 200 200 200 200 200 200 200 200 200 200 200 200 200 200 200 200 200 200 200 200 200 200 200 200 200 200 200 200 200 200 200 200 200 200 200 200 200 200 200 200 200 200 200 200 200
731
17 153 10 9 9 8 4 5 178 176 13 6 11 13 15 17 177 12 3 11 0 7 20 7 183 7 17 18 16 9 6 19 20 6 8 5 198 13 1 16 155 16 150 157 6 7 6 11 3 3 12 170 184 2 9 5 14 2 171 12 10 11 13 8 9 168 13 14 0 157 1 1 10 20 1 10 12 12 1 6 20 182 4 183 17 15 14 18 1 193 7 19 155 1 7 14 18 1 185 167 12 14 17 150 3 10 1 20 164 12 16 17 16 20 17 11 165 3 7 5 7 17 12 20 8 18 19 15 8 167 153 16 10 2 7 11 8 7 18 14 13 0 19 10 14 179 2 3 13 1 15 19 9 13 13 4 5 11 11 196 6 163 175 2 7 16 14 13 14 11 2 7 10 11 154 150 20 191 169 1 20 4 10 5 4 17 1 7 183 5 2 196 189 163 20 191 5 20 9 5 150 15 1 195 0 20 2 8 12 157 11 13 17 167 7 12 9 10 6 192 20 170 0 18 0 6 4 10 195 9 2 0 12 11 17 16 16 1 15 183 171 1 178 5 4 5 14 14 5 13 2 13 178 10 16 180 175 1 186 15 18 2 10 3 4 15 2 19 19 10 11 4 9 8 2 190 6 15 20 15 165 14 200 6 179 19 1 9 18 11 20 13 184 175 3 2 2 18 14 11 16 186 5 19 19 15 19 19 1 7 18 17 13 10 2 14 15 6 1 158 10 177 4 20 16 185 18 20 7 12 153 18 5 17 6 13 153 16 2 163 20 16 9 16 14 3 3 11 12 7 18 14 10 9 16 197 1 13 10 6 11 7 168 20 7 12 2 15 20 19 10 20 3 2 7 7 16 20 192 6 4 17 18 3 9 6 5 181 198 18 19 3 18 13 20 4 9 3 14 180 184 155 17 14 13 6 5 8 12 19 11 1 13 1 7 0 5 181 6 14 10 17 19 11 6 4 8 13 2 11 4 4 193 166 5 11 181 18 193 15 175 16 184 4 190 6 177 8 5 19 18 6 11 187 174 19 1 2 0 6 3 17 16 2 11 151 197 152 154 170 2 13 3 10 8 8 12 1 11 1 188 19 18 12 3 3 6 19 169 189 8 12 11 13 1 16 20 15 11 4 16 16 15 17 16 13 12 169 160 6 12 0 4 17 11 18 178 170 7 18 19 6 16 0 16 4 19 8 0 13 10 10 162 191 9 0 11 16 13 19 11 20 18 12 9 8 175 11 177 9 14 15 165 14 200 17 8 9 3 18 6 19 11 8 14 5 10 17 195 10 9 16 15 6 1 20 189 180 6 11 11 176 20 19 179 186 5 8 20 8 153 5 18 12 170 16 13 16 4 1 156 9 5 1 198 20 161 173 3 18 3 150 7 200 3 2 5 182 7 1 12 4 5 10 19 17 11 179 181 1 0 17 195 10 0 6 20 155 7 14 18 19 193 19 195 15 9 9 184 6 10 195 14 4 11 7 12 10 14 3 164 2 20 171 1 2 14 11 3 10 19 177 14 0 156 15 164 14 154 14 17 4 2 197 162 11 16 5 17 150 153 0 2 0 0 9 12 14 16 6 0 15 5 6 13 6 18 12 18 6 183 17 15 157 16 15 10 195 19 8 5 15 8 7 14 12 17 20 180 0 20
352
3 7 13 10 17 9 168 9 4 10 9 179 16 8 15 20 5 18 10 12 11 17 6 4 14 7 0 1 4 2 4 6 12 9 6 10 8 16 0 19 13 13 10 12 18 15 19 14 7 18 19 181 5 15 12 12 189 18 181 10 0 13 158 0 11 19 14 20 4 11 18 194 15 12 15 14 164 11 160 11 4 18 5 200 12 2 1 8 1 9 13 4 3 166 16 7 13 6 177 197 7 189 2 1 20 4 11 9 2 8 157 8 190 15 16 182 6 16 13 19 13 12 170 11 11 14 174 4 197 11 5 5 9 12 16 7 7 163 175 3 186 1 7 8 15 151 9 13 14 3 1 6 200 3 7 4 17 3 18 16 10 6 4 0 16 17 15 17 5 19 6 164 11 3 15 8 20 11 0 18 12 163 0 2 20 2 7 160 9 193 2 6 17 8 17 155 2 152 9 11 11 17 11 4 12 18 3 171 19 17 187 10 8 5 20 1 191 6 7 7 3 18 0 16 19 18 6 20 11 6 3 199 7 13 151 189 1 199 182 19 0 170 17 6 19 4 174 198 20 2 195 20 13 16 152 9 7 157 17 16 164 3 2 165 4 1 2 5 1 7 9 153 184 14 18 0 19 18 1 5 6 3 185 2 4 14 10 14 5 20 4 13 19 193 164 12 15 6 6 169 185 16 10 16 3 8 16 3 3 8 3 7 7 9 18 7 8 168 8 2 182 16 14 175 14 173 19 8 16 14 10 1 170 13 16 3 13 150 11 18 15 2 10 1 17 11 20 3 10 183 186 192
265
13 9 19 18 4 8 5 18 4 12 1 13 13 7 3 9 12 6 0 10 11 13 2 12 9 1 3 6 1 19 20 17 18 1 6 8 15 19 16 17 15 1 18 16 0 11 14 4 10 5 5 1 3 17 19 12 17 16 19 6 5 19 5 8 15 14 3 9 20 8 16 16 18 9 8 10 0 18 18 14 12 17 17 9 16 13 4 20 3 4 4 15 19 5 9 12 5 7 1 13 12 12 5 17 10 15 0 3 4 17 18 0 7 6 15 7 16 5 9 12 6 5 13 4 0 0 2 20 7 7 5 2 18 5 10 1 8 3 1 12 17 13 20 13 16 18 18 16 2 3 11 0 9 18 2 10 0 13 17 0 8 20 1 16 2 16 14 12 12 18 0 13 1 4 3 17 1 7 20 11 16 10 10 15 8 7 2 15 19 11 7 9 7 9 11 1 6 6 6 20 18 12 1 4 20 18 18 14 13 1 12 6 12 4 18 14 8 12 10 20 14 16 7 19 0 15 2 19 3 5 9 14 5 18 9 1 13 16 16 16 10 8 16 3 17 6 13 13 6 15 16 1 8 15 19 10 4 9 17 2 18 8 20 16 16
595
102 103 143 29 184 74 163 70 106 11 132 145 189 113 46 95 153 57 3 90 50 69 155 38 16 43 113 55 72 123 9 25 178 74 105 75 158 99 48 45 181 200 51 185 47 78 121 183 163 112 69 14 198 86 144 175 40 192 68 115 27 10 65 112 74 106 129 57 167 41 114 21 50 109 199 154 50 85 177 169 123 118 117 166 116 129 151 136 29 115 133 148 136 51 32 106 122 191 169 174 172 80 20 97 57 46 69 52 53 80 175 24 200 24 35 44 139 137 72 118 36 141 185 109 43 125 72 162 87 100 17 131 183 174 151 82 61 18 41 154 101 103 74 142 16 120 91 191 184 115 161 3 166 48 125 22 107 38 94 38 122 79 25 27 52 172 160 98 43 135 26 70 172 73 42 189 78 160 69 127 35 132 88 185 106 112 149 140 17 40 1 164 136 92 37 111 162 197 47 120 176 15 120 132 181 196 10 72 92 33 24 83 161 188 167 90 76 46 130 187 178 92 43 154 112 67 146 106 81 156 179 184 162 143 118 156 1 176 126 14 51 61 5 31 172 84 172 138 11 10 14 175 77 49 42 43 61 153 97 95 60 115 76 50 179 68 57 3 195 131 7 123 76 3 1 161 21 107 69 102 43 1 65 45 24 96 130 19 178 20 111 164 83 7 44 14 101 179 138 103 120 161 111 200 9 102 98 52 19 62 101 195 160 14 31 166 134 177 82 107 90 145 29 129 106 67 116 123 71 51 113 24 52 7 93 29 93 11 128 148 192 84 160 50 100 74 22 124 15 133 115 164 101 18 93 122 147 32 189 39 61 167 148 28 34 60 158 60 81 183 62 70 18 103 65 40 16 11 137 8 119 149 178 70 151 76 107 141 84 31 131 184 95 164 132 183 5 87 1 71 151 144 105 158 23 167 11 52 110 89 55 194 84 122 49 7 160 139 152 118 200 61 163 132 173 44 114 184 198 65 62 91 92 156 130 49 200 43 30 93 169 83 134 130 89 146 126 163 126 0 91 35 4 27 24 75 68 53 115 78 113 56 95 171 193 164 41 98 11 106 136 108 110 118 56 26 100 16 195 104 132 193 79 119 28 133 150 65 23 125 156 123 6 188 179 111 111 124 111 171 81 93 156 171 174 188 68 119 182 170 76 71 35 15 16 31 161 51 180 125 14 155 123 42 24 105 164 125 88 125 107 194 181 123 88 24 116 136 186 12 150 115 118 175 8 19 60 106 95 168 176 120 18 101 107 148 42 60 172 92 155 88 82 54 200 23 92 14 183 177 142 57 159 164 65 5 128 169 195 105 10 165 199 3 149 12 78 125 25 9 107 75 106 74 157
289
29 120 29 120 120 120 120 29 29 29 120 120 120 120 29 29 120 120 29 120 29 120 29 29 120 120 120 120 120 120 29 120 120 29 29 120 120 120 29 120 120 29 29 29 29 29 120 120 120 29 29 29 120 120 120 120 29 120 29 29 29 120 120 29 120 120 120 120 29 120 120 29 120 29 29 29 120 120 29 29 120 120 29 29 120 29 120 120 29 120 29 120 120 29 120 29 29 29 120 29 120 29 120 29 29 29 120 29 29 29 29 120 120 120 29 120 120 120 120 120 120 120 120 120 29 120 29 120 120 29 120 29 120 29 29 29 29 29 29 29 120 29 120 120 120 29 120 29 29 29 120 120 29 120 29 120 120 120 29 29 29 29 120 29 120 29 120 29 120 120 120 120 29 29 120 120 120 120 29 120 29 29 120 29 29 29 29 29 29 29 120 29 120 29 29 120 120 120 29 120 29 29 120 29 120 120 120 29 29 120 29 120 29 120 120 29 120 120 120 29 29 120 29 29 120 29 29 120 29 29 120 29 29 120 29 120 29 120 120 120 29 29 120 29 29 120 29 120 120 29 120 29 29 120 120 29 120 29 29 120 29 120 120 120 120 29 29 120 29 29 120 120 120 29 29 29 120 120 29 120 29 29 120 120 29 29 29 120 120
752
74 108 56 56 54 37 54 108 108 74 74 54 108 74 37 56 54 108 80 74 108 80 108 80 54 56 37 54 54 56 54 80 74 56 108 74 37 80 80 74 56 74 74 37 56 108 74 108 56 54 56 56 74 56 108 108 74 56 37 74 56 56 74 80 54 80 80 37 37 37 80 80 80 74 37 80 80 37 56 37 56 108 74 80 56 56 37 54 56 37 108 54 74 74 108 108 56 37 56 37 54 108 74 54 54 108 56 74 37 37 74 74 108 108 74 54 80 37 37 108 37 54 54 37 108 80 56 80 54 108 54 54 108 56 54 80 74 80 54 54 56 56 37 108 80 54 54 37 37 56 54 108 74 108 108 54 54 108 74 54 56 56 54 74 74 54 108 108 108 56 56 37 37 37 80 54 37 108 56 108 56 74 56 74 56 54 37 37 108 74 74 56 56 74 37 74 74 80 54 80 74 108 54 80 56 56 54 74 37 80 54 108 80 80 74 54 74 108 56 56 37 54 56 74 108 37 54 56 80 80 37 56 54 54 108 37 37 54 80 54 108 54 108 54 74 80 37 108 74 108 56 54 54 80 80 37 56 37 80 108 80 80 54 80 37 56 37 54 108 80 54 74 56 56 37 74 37 80 37 37 80 108 56 54 74 108 37 108 80 74 37 37 80 74 108 37 108 108 108 108 56 56 56 56 74 54 80 54 54 74 74 37 74 80 37 80 56 56 80 74 108 80 54 54 74 56 37 54 56 80 80 37 108 74 54 108 37 54 54 56 37 37 56 56 37 74 37 56 37 108 108 37 80 108 74 54 37 56 74 80 108 80 56 80 54 37 108 56 80 108 54 80 108 56 74 56 37 54 108 74 108 37 56 56 56 108 37 37 80 80 37 108 54 74 80 54 74 74 54 37 80 54 54 108 54 80 80 80 74 37 37 37 80 80 80 56 108 108 80 108 56 74 74 74 108 54 108 56 37 108 54 80 54 56 56 54 80 108 80 56 108 56 108 56 37 74 74 80 80 37 80 54 80 37 108 56 54 80 80 54 37 56 74 80 108 80 54 37 74 56 80 37 54 74 80 74 108 54 54 54 37 74 108 74 80 37 56 56 108 80 74 54 108 37 108 80 74 80 80 108 74 80 54 56 74 74 56 37 108 74 108 37 54 56 80 37 108 74 80 54 56 54 74 80 74 74 80 108 108 54 74 56 54 54 74 37 108 54 56 37 54 37 54 37 37 80 80 74 108 108 80 56 108 80 80 108 108 74 56 54 54 74 80 37 54 37 56 74 108 54 74 37 37 80 54 80 108 56 80 74 54 54 54 80 74 108 56 74 80 108 54 80 74 37 74 74 56 54 56 108 54 54 108 54 37 54 74 56 56 54 74 54 80 74 56 56 74 37 74 56 108 37 37 56 74 56 80 108 56 80 37 54 54 74 56 74 37 56 37 74 80 108 37 74 80 56 56 56 54 56 56 108 54 54 108 54 80 80 74 74 56 56 80 56 37 80 37 54 74 74 108 37 54 37 37 56 54 54 74 80 80 108 80 54 80 56 54 74 80 108 56 56 80 74 80 74 54 108 56 37 108 108 37 56 56 74 54 74 108 54 56 108 108 108 56 37 80 37 74 80 37 37 56 56 54 56 74 108 108 37 74 74 56 74 54 54 74 54 56 37 74 80 108 74 74 108 108 56 108 74 54 37
905
180 107 71 105 164 110 171 25 78 130 128 120 14 41 138 89 38 51 139 58 43 113 146 95 119 15 27 194 51 64 98 175 56 81 29 12 149 153 175 79 195 172 177 4 159 3 137 136 194 64 180 182 108 80 1 123 62 95 49 156 169 192 153 18 67 94 159 1 13 32 65 167 31 30 170 5 82 146 54 99 30 196 151 198 161 141 117 36 60 35 163 66 43 63 181 81 31 173 182 48 109 4 188 199 171 170 63 2 178 43 34 66 187 14 15 128 79 87 17 190 175 158 177 113 50 83 53 61 105 123 64 11 78 200 62 127 186 188 66 29 70 39 136 113 118 63 137 47 178 25 54 18 60 42 186 116 128 30 68 136 52 51 184 53 101 92 47 72 148 182 154 134 7 141 14 182 38 32 122 151 75 136 29 115 115 110 39 169 88 163 198 170 124 17 178 43 104 165 105 121 65 91 68 110 199 71 194 184 50 99 123 170 97 114 183 169 37 75 41 159 56 148 2 171 178 89 133 45 173 187 40 83 135 177 156 70 5 155 165 70 144 56 189 200 49 153 171 120 23 38 169 128 69 55 33 112 49 119 86 3 29 94 5 29 5 119 33 181 140 37 117 112 131 198 43 103 55 183 41 198 167 169 113 61 11 130 61 168 148 47 158 78 177 123 11 41 56 110 174 173 158 116 95 56 63 126 144 82 185 2 32 84 17 182 15 19 10 19 94 22 91 139 95 14 93 150 105 23 70 198 89 68 104 165 58 72 167 190 40 4 43 9 75 191 35 2 32 117 0 132 75 94 88 194 117 76 166 63 197 129 85 75 6 132 164 28 193 131 132 5 81 56 118 149 37 15 183 170 129 154 160 162 108 119 151 68 91 66 49 21 158 81 175 5 92 22 110 55 16 194 136 105 83 174 193 49 102 135 102 38 39 164 88 94 117 48 17 72 184 39 49 105 65 99 1 127 89 69 135 97 94 115 110 195 11 200 189 35 159 62 44 83 89 74 129 67 179 189 97 6 59 131 31 198 96 10 28 111 102 60 65 147 168 27 37 96 161 102 33 47 56 4 117 1 80 131 36 17 134 68 150 173 191 98 117 50 155 127 118 183 43 15 155 70 145 29 10 196 13 98 184 163 128 117 180 109 121 168 40 154 19 30 51 169 119 49 52 27 152 179 62 90 18 86 138 30 118 155 112 21 194 93 162 15 74 63 146 89 5 24 184 131 21 150 192 70 195 156 200 52 62 156 155 65 162 192 114 33 92 144 135 95 174 139 192 121 24 20 99 152 43 53 45 43 47 78 4 196 77 190 80 72 75 134 141 197 39 107 80 162 84 93 45 114 86 126 109 97 198 23 22 135 62 48 196 86 53 88 85 155 128 158 44 162 2 42 5 189 126 154 192 125 129 36 67 114 113 130 197 101 11 138 163 48 28 116 6 147 1 147 167 131 164 37 61 70 35 0 56 20 145 29 88 140 21 62 177 121 171 166 167 118 104 59 111 72 155 95 4 8 174 36 28 132 196 1 110 21 65 158 16 130 20 28 73 92 185 72 187 16 84 180 127 71 143 26 93 51 1 128 19 127 114 154 174 104 171 53 60 167 63 25 83 1 56 180 117 131 10 85 176 114 74 104 112 56 80 98 130 133 85 51 116 122 171 59 111 128 58 146 38 105 45 72 16 170 195 143 45 146 184 192 73 127 20 79 13 129 13 73 39 23 6 134 68 130 95 171 75 2 62 157 8 192 72 159 43 15 114 50 165 64 96 22 54 47 125 44 22 42 192 32 54 148 161 156 50 190 135 199 193 75 120 163 69 67 198 81 55 171 19 64 128 129 24 123 10 192 128 32 32 21 130 98 22 48 8 38 20 169 126 190 12 67 29 148 26 18 16 73 122 99 8 23 108 42 161 195 17 178 4 39 172 92 27 57 51 25 103 116 92 134 72 142 158 16 156 98 113 126 53 0 200 89 146 115 36 54 157 88 138 177 127 60 196 76 59 114 181 160 155 154 22 140 56 171 120 78 53 172 144 34 186 36 100
815
0 0 0 0 0 0 0 0 0 0 0 0 0 0 0 0 0 0 0 0 0 0 0 0 0 0 0 0 0 0 0 0 0 0 0 0 0 0 0 0 0 0 0 0 0 0 0 0 0 0 0 0 0 0 0 0 0 0 0 0 0 0 0 0 0 0 0 0 0 0 0 0 0 0 0 0 0 0 0 0 0 0 0 0 0 0 0 0 0 0 0 0 0 0 0 0 0 0 0 0 0 0 0 0 0 0 0 0 0 0 0 0 0 0 0 0 0 0 0 0 0 0 0 0 0 0 0 0 0 0 0 0 0 0 0 0 0 0 0 0 0 0 0 0 0 0 0 0 0 0 0 0 0 0 0 0 0 0 0 0 0 0 0 0 0 0 0 0 0 0 0 0 0 0 0 0 0 0 0 0 0 0 0 0 0 0 0 0 0 0 0 0 0 0 0 0 0 0 0 0 0 0 0 0 0 0 0 0 0 0 0 0 0 0 0 0 0 0 0 0 0 0 0 0 0 0 0 0 0 0 0 0 0 0 0 0 0 0 0 0 0 0 0 0 0 0 0 0 0 0 0 0 0 0 0 0 0 0 0 0 0 0 0 0 0 0 0 0 0 0 0 0 0 0 0 0 0 0 0 0 0 0 0 0 0 0 0 0 0 0 0 0 0 0 0 0 0 0 0 0 0 0 0 0 0 0 0 0 0 0 0 0 0 0 0 0 0 0 0 0 0 0 0 0 0 0 0 0 0 0 0 0 0 0 0 0 0 0 0 0 0 0 0 0 0 0 0 0 0 0 0 0 0 0 0 0 0 0 0 0 0 0 0 0 0 0 0 0 0 0 0 0 0 0 0 0 0 0 0 0 0 0 0 0 0 0 0 0 0 0 0 0 0 0 0 0 0 0 0 0 0 0 0 0 0 0 0 0 0 0 0 0 0 0 0 0 0 0 0 0 0 0 0 0 0 0 0 0 0 0 0 0 0 0 0 0 0 0 0 0 0 0 0 0 0 0 0 0 0 0 0 0 0 0 0 0 0 0 0 0 0 0 0 0 0 0 0 0 0 0 0 0 0 0 0 0 0 0 0 0 0 0 0 0 0 0 0 0 0 0 0 0 0 0 0 0 0 0 0 0 0 0 0 0 0 0 0 0 0 0 0 0 0 0 0 0 0 0 0 0 0 0 0 0 0 0 0 0 0 0 0 0 0 0 0 0 0 0 0 0 0 0 0 0 0 0 0 0 0 0 0 0 0 0 0 0 0 0 0 0 0 0 0 0 0 0 0 0 0 0 0 0 0 0 0 0 0 0 0 0 0 0 0 0 0 0 0 0 0 0 0 0 0 0 0 0 0 0 0 0 0 0 0 0 0 0 0 0 0 0 0 0 0 0 0 0 0 0 0 0 0 0 0 0 0 0 0 0 0 0 0 0 0 0 0 0 0 0 0 0 0 0 0 0 0 0 0 0 0 0 0 0 0 0 0 0 0 0 0 0 0 0 0 0 0 0 0 0 0 0 0 0 0 0 0 0 0 0 0 0 0 0 0 0 0 0 0 0 0 0 0 0 0 0 0 0 0 0 0 0 0 0 0 0 0 0 0 0 0 0 0 0 0 0 0 0 0 0 0 0 0 0 0 0 0 0 0 0 0 0 0 0 0 0 0 0 0 0 0 0 0 0 0 0 0 0 0 0 0 0 0 0 0 0 0 0 0 0 0 0 0 0 0 0 0 0 0 0 0 0 0 0 0 0 0 0 0 0 0 0 0 0 0 0 0 0 0 0 0 0 0 0 0 0 0 0 0 0 0 0 0 0 0 0 0 0 0 0 0 0 0 0 0 0 0
961
0 200 66 119 58 63 63 110 69 92 88 66 120 87 54 77 115 113 56 53 115 59 95 117 115 88 77 50 56 70 67 101 106 59 78 96 107 55 107 102 97 85 107 72 90 89 95 74 108 120 73 87 87 96 96 72 104 110 66 55 52 108 117 71 98 62 76 68 104 98 51 72 87 87 113 82 50 58 97 104 105 56 57 75 111 78 65 83 102 61 60 99 66 110 64 107 105 59 63 94 109 68 52 54 117 75 117 72 74 97 97 54 70 118 57 57 88 83 50 100 88 81 110 50 57 111 56 103 71 95 82 52 91 51 93 54 52 110 55 84 106 110 52 62 86 81 90 104 119 102 118 51 70 91 62 68 70 102 117 112 103 106 117 77 89 91 53 82 112 60 94 85 84 95 89 99 59 74 112 92 100 54 98 65 104 91 117 79 56 79 77 116 116 95 118 113 89 78 50 51 85 120 52 61 116 98 100 108 58 68 78 72 120 77 53 105 110 63 103 114 95 96 89 74 69 112 74 73 56 53 65 85 108 66 50 60 61 68 97 113 84 109 106 89 70 79 83 88 56 81 62 93 116 111 77 106 64 74 55 81 102 78 84 86 97 85 79 92 81 92 80 79 107 109 84 91 79 66 117 106 101 90 56 118 114 76 51 91 68 112 51 91 64 81 79 71 99 91 93 74 106 99 70 115 82 112 114 70 50 85 72 56 79 93 100 100 112 64 120 103 64 76 59 55 82 70 59 56 81 67 102 85 52 60 112 82 108 76 104 65 114 81 95 86 90 100 95 110 116 112 84 67 113 72 97 100 75 98 103 74 116 98 51 85 61 111 115 66 60 59 99 60 60 82 88 115 96 72 98 100 119 90 106 117 104 79 69 66 112 89 99 68 87 69 116 83 102 94 52 67 116 96 113 73 102 70 63 51 91 87 68 108 92 96 92 113 111 93 59 84 65 62 61 117 114 72 101 88 93 57 62 98 55 83 66 73 72 90 99 94 88 79 80 103 72 120 67 95 69 117 84 62 101 56 75 73 73 74 100 57 68 64 83 62 116 103 73 113 87 75 111 55 114 94 76 51 101 71 89 117 60 113 55 104 101 95 101 55 58 89 104 110 116 56 83 98 99 60 87 108 87 82 112 51 90 88 113 120 62 71 107 61 53 64 74 54 108 51 109 66 51 104 76 67 78 86 55 120 113 62 96 67 54 70 87 63 59 94 97 53 120 80 63 51 119 106 82 98 62 65 64 103 56 51 114 65 112 109 86 104 118 60 97 65 71 89 56 69 60 115 79 88 90 88 114 65 89 66 116 115 96 90 77 108 102 93 120 73 85 89 54 93 94 68 94 82 71 82 89 67 104 105 120 91 50 78 119 71 101 57 75 91 74 77 88 109 80 50 117 91 54 92 91 86 90 71 68 61 56 85 108 73 68 53 55 102 96 53 113 84 120 54 70 101 120 116 60 117 87 68 66 98 88 61 99 105 82 59 115 114 86 77 112 59 118 73 102 68 83 80 51 71 50 91 80 82 116 85 66 77 57 56 58 77 73 104 94 112 109 64 62 61 81 78 107 92 90 76 58 60 112 60 106 93 55 81 96 92 103 110 57 75 77 89 74 74 64 81 84 73 77 64 65 76 90 93 109 69 70 71 50 63 92 69 63 115 120 99 54 81 99 119 76 98 91 111 63 78 79 60 107 109 115 91 112 119 82 100 106 115 111 89 68 66 96 114 83 83 119 81 108 115 63 102 104 84 66 107 110 54 54 56 72 110 70 92 65 91 78 60 92 111 56 75 98 89 103 61 110 107 53 94 64 69 82 118 59 53 97 54 99 69 120 112 64 103 113 62 70 75 67 89 55 114 112 116 78 72 109 113 52 111 91 82 89 50 98 94 61 120 117 55 86 97 92 56 68 57 84 119 111 112 113 106 59 61 76 52 114 58 63 61 105 98 77 104 71 56 59 108 76 61 69 52 59 120 57 107 86 60 62 59 80 57 112 61 95 80 86 89 116 61 77 51 63 76 90 98 81 52 106 98 100 59 63 75 59 89 92 89 106 116 94 72 86 118 84 77 56 90 96 116 119 61 68 89 90 103 120 73 53 108 65 78 114 114 81 108 101 100 104 114 104 105 108 90 111 86 69 109 76 87 90 98 55 112 103 106 93 55 200
193
200 200 200 200 200 200 200 200 200 200 200 200 200 200 200 200 200 200 200 200 200 200 200 200 200 200 200 200 200 200 200 200 200 200 200 200 200 200 200 200 200 200 200 200 200 200 200 200 200 200 200 200 200 200 200 200 200 200 200 200 200 200 200 200 200 200 200 200 200 200 200 200 200 200 200 200 200 200 200 200 200 200 200 200 200 200 200 200 200 200 200 200 200 200 200 200 200 200 200 200 200 200 200 200 200 200 200 200 200 200 200 200 200 200 200 200 200 200 200 200 200 200 200 200 200 200 200 200 200 200 200 200 200 200 200 200 200 200 200 200 200 200 200 200 200 200 200 200 200 200 200 200 200 200 200 200 200 200 200 200 200 200 200 200 200 200 200 200 200 200 200 200 200 200 200 200 200 200 200 200 200 200 200 200 200 200 200 200 200 200 200 200 200
950
200 200 200 200 200 200 200 200 200 200 200 200 200 200 200 200 200 200 200 200 200 200 200 200 200 200 200 200 200 200 200 200 200 200 200 200 200 200 200 200 200 200 200 200 200 200 200 200 200 200 200 200 200 200 200 200 200 200 200 200 200 200 200 200 200 200 200 200 200 200 200 200 200 200 200 200 200 200 200 200 200 200 200 200 200 200 200 200 200 200 200 200 200 200 200 200 200 200 200 200 200 200 200 200 200 200 200 200 200 200 200 200 200 200 200 200 200 200 200 200 200 200 200 200 200 200 200 200 200 200 200 200 200 200 200 200 200 200 200 200 200 200 200 200 200 200 200 200 200 200 200 200 200 200 200 200 200 200 200 200 200 200 200 200 200 200 200 200 200 200 200 200 200 200 200 200 200 200 200 200 200 200 200 200 200 200 200 200 200 200 200 200 200 200 200 200 200 200 200 200 200 200 200 200 200 200 200 200 200 200 200 200 200 200 200 200 200 200 200 200 200 200 200 200 200 200 200 200 200 200 200 200 200 200 200 200 200 200 200 200 200 200 200 200 200 200 200 200 200 200 200 200 200 200 200 200 200 200 200 200 200 200 200 200 200 200 200 200 200 200 200 200 200 200 200 200 200 200 200 200 200 200 200 200 200 200 200 200 200 200 200 200 200 200 200 200 200 200 200 200 200 200 200 200 200 200 200 200 200 200 200 200 200 200 200 200 200 200 200 200 200 200 200 200 200 200 200 200 200 200 200 200 200 200 200 200 200 200 200 200 200 200 200 200 200 200 200 200 200 200 200 200 200 200 200 200 200 200 200 200 200 200 200 200 200 200 200 200 200 200 200 200 200 200 200 200 200 200 200 200 200 200 200 200 200 200 200 200 200 200 200 200 200 200 200 200 200 200 200 200 200 200 200 200 200 200 200 200 200 200 200 200 200 200 200 200 200 200 200 200 200 200 200 200 200 200 200 200 200 200 200 200 200 200 200 200 200 200 200 200 200 200 200 200 200 200 200 200 200 200 200 200 200 200 200 200 200 200 200 200 200 200 200 200 200 200 200 200 200 200 200 200 200 200 200 200 200 200 200 200 200 200 200 200 200 200 200 200 200 200 200 200 200 200 200 200 200 200 200 200 200 200 200 200 200 200 200 200 200 200 200 200 200 200 200 200 200 200 200 200 200 200 200 200 200 200 200 200 200 200 200 200 200 200 200 200 200 200 200 200 200 200 200 200 200 200 200 200 200 200 200 200 200 200 200 200 200 200 200 200 200 200 200 200 200 200 200 200 200 200 200 200 200 200 200 200 200 200 200 200 200 200 200 200 200 200 200 200 200 200 200 200 200 200 200 200 200 200 200 200 200 200 200 200 200 200 200 200 200 200 200 200 200 200 200 200 200 200 200 200 200 200 200 200 200 200 200 200 200 200 200 200 200 200 200 200 200 200 200 200 200 200 200 200 200 200 200 200 200 200 200 200 200 200 200 200 200 200 200 200 200 200 200 200 200 200 200 200 200 200 200 200 200 200 200 200 200 200 200 200 200 200 200 200 200 200 200 200 200 200 200 200 200 200 200 200 200 200 200 200 200 200 200 200 200 200 200 200 200 200 200 200 200 200 200 200 200 200 200 200 200 200 200 200 200 200 200 200 200 200 200 200 200 200 200 200 200 200 200 200 200 200 200 200 200 200 200 200 200 200 200 200 200 200 200 200 200 200 200 200 200 200 200 200 200 200 200 200 200 200 200 200 200 200 200 200 200 200 200 200 200 200 200 200 200 200 200 200 200 200 200 200 200 200 200 200 200 200 200 200 200 200 200 200 200 200 200 200 200 200 200 200 200 200 200 200 200 200 200 200 200 200 200 200 200 200 200 200 200 200 200 200 200 200 200 200 200 200 200 200 200 200 200 200 200 200 200 200 200 200 200 200 200 200 200 200 200 200 200 200 200 200 200 200 200 200 200 200 200 200 200 200 200 200 200 200 200 200 200 200 200 200 200 200 200 200 200 200 200 200 200 200 200 200 200 200 200 200 200 200 200 200 200 200 200 200 200 200 200 200 200 200 200 200 200 200 200 200 200 200 200 200 200 200 200 200 200 200 200 200 200 200 200 200 200 200 200 200 200 200 200 200 200 200 200 200 200 200 200 200
152
0 200 98 102 59 52 114 96 91 53 110 105 103 114 70 74 114 65 113 73 99 74 59 110 84 54 111 115 67 79 102 79 80 62 55 80 73 99 73 86 57 54 113 98 68 110 103 52 58 68 69 75 99 59 80 74 57 90 103 101 63 63 94 51 98 94 99 100 85 51 71 50 97 68 114 120 111 97 99 117 114 114 119 66 85 64 91 85 73 79 69 95 67 104 62 74 101 116 107 108 96 110 54 103 119 110 68 50 70 52 120 73 63 88 92 93 94 111 88 93 105 111 78 98 64 75 75 74 78 65 98 88 65 74 80 89 69 112 114 93 63 62 103 67 94 108 81 101 107 120 70 200
618
0 200 66 102 82 73 115 102 62 113 59 103 75 117 114 89 111 89 99 77 60 94 69 81 80 68 68 117 89 108 79 93 81 79 55 57 68 96 62 69 89 102 59 86 76 63 107 70 91 88 89 77 87 103 59 117 67 69 67 52 105 65 93 90 80 59 116 61 83 97 62 105 52 56 62 54 53 100 71 117 91 86 116 73 89 101 73 54 55 80 70 112 108 59 80 55 100 108 85 102 106 78 59 89 119 103 79 99 88 85 113 55 77 117 66 94 58 115 118 85 56 57 101 84 59 55 75 113 86 80 109 103 59 106 64 100 86 57 65 68 57 51 57 97 53 54 108 50 78 85 89 62 113 74 77 79 98 78 50 100 71 70 116 60 98 100 89 73 56 72 118 54 82 119 100 106 118 81 113 77 114 77 60 114 87 67 87 101 107 56 74 104 89 119 100 114 118 56 68 104 52 86 113 107 120 110 77 51 73 84 81 60 60 85 69 85 51 84 85 83 117 107 103 68 56 111 60 96 99 77 120 101 98 72 88 97 65 87 69 110 66 52 83 55 59 56 105 79 117 118 114 61 63 52 114 113 72 72 63 59 77 82 109 74 98 80 76 92 85 50 105 104 114 54 97 91 52 73 62 111 86 72 68 64 81 70 83 97 94 60 71 54 108 85 91 53 90 90 54 76 109 84 88 67 69 90 66 100 61 107 73 67 90 55 81 68 103 67 93 110 93 108 73 59 55 112 66 53 100 114 84 96 118 94 106 97 79 106 62 112 104 60 117 91 116 83 54 60 108 80 102 107 66 119 70 107 92 93 100 91 69 116 88 72 53 116 62 120 86 85 94 54 80 50 101 91 56 65 72 82 115 61 112 92 65 75 87 83 50 59 89 111 89 75 105 90 85 69 51 107 103 56 100 58 113 65 118 93 58 106 93 52 51 66 98 70 93 59 85 102 116 78 91 76 93 70 85 75 106 58 84 118 76 99 83 103 55 53 118 72 83 94 113 114 62 50 106 51 64 77 98 63 73 105 63 84 64 68 81 105 95 108 115 80 96 89 72 91 97 82 75 85 78 85 113 79 97 101 108 55 53 51 112 58 79 111 118 108 55 82 77 77 57 55 72 110 116 103 85 112 58 98 103 87 92 91 120 111 109 59 81 61 73 86 110 73 69 70 115 84 111 78 112 70 100 97 94 88 83 70 64 63 56 115 56 66 76 67 77 76 58 57 69 68 74 107 108 70 57 107 100 111 95 79 76 56 114 61 59 104 107 117 116 51 112 114 81 101 71 114 66 61 68 92 89 51 69 115 69 67 98 116 76 119 83 80 98 64 120 107 93 94 51 68 78 98 79 54 111 113 61 56 102 56 103 54 119 71 89 105 87 78 102 90 108 65 54 200
550
0 200 69 80 107 50 105 77 54 103 55 87 109 104 56 55 61 108 66 52 65 57 94 79 93 103 59 78 61 120 79 73 55 98 86 65 109 94 115 71 77 62 95 89 99 68 111 71 101 101 61 72 86 52 106 84 74 65 59 83 115 108 86 76 112 64 88 50 74 119 113 58 53 70 67 75 65 57 71 89 104 73 87 84 103 90 55 109 117 104 119 74 102 119 78 55 70 62 80 85 98 62 88 69 82 115 72 50 52 108 109 68 107 54 89 51 116 76 74 52 63 61 54 69 59 76 118 95 107 63 106 94 103 93 84 54 62 106 89 74 50 74 86 59 61 65 67 67 68 72 107 90 77 114 106 76 77 56 93 73 67 50 63 71 100 102 62 54 69 52 92 61 109 120 96 54 99 104 114 53 97 103 86 111 107 83 58 112 86 68 81 63 53 114 70 76 64 94 88 85 94 61 118 107 119 97 58 100 81 97 116 63 68 82 57 94 114 81 97 78 72 84 67 56 67 90 95 95 73 60 101 78 58 111 112 78 110 60 73 65 114 51 104 119 91 115 106 106 54 72 90 59 76 103 62 98 116 89 115 103 80 67 52 98 71 115 73 104 71 60 75 120 84 64 95 75 107 114 89 78 89 73 96 51 117 114 82 107 86 99 55 103 119 110 119 83 52 106 119 115 98 55 79 59 78 108 66 104 94 50 76 98 63 101 68 52 109 93 73 108 103 67 58 64 111 95 55 113 106 116 64 81 110 66 97 67 51 107 79 107 119 59 118 62 102 77 51 118 100 67 104 58 74 54 90 89 107 55 118 101 112 93 105 62 78 69 56 78 87 67 76 66 92 90 72 95 75 102 55 103 53 62 120 104 85 79 111 96 97 120 114 84 98 67 72 109 73 96 64 117 60 72 116 61 103 59 52 81 74 89 63 93 107 114 90 56 54 52 58 70 56 67 116 51 100 106 63 98 93 120 65 98 118 69 65 60 82 77 93 112 110 67 58 92 68 87 87 60 53 64 64 67 64 109 82 71 63 53 96 119 57 53 92 86 95 58 118 79 55 88 86 71 107 93 50 56 116 69 95 72 85 75 98 73 58 97 91 73 83 104 113 99 56 111 74 109 88 92 115 73 113 92 53 115 68 110 101 63 101 61 80 117 89 74 59 110 93 82 84 86 59 66 56 105 103 70 91 75 99 99 105 110 64 97 75 93 117 108 55 118 59 115 67 105 94 78 96 84 99 200
843
173 6 14 7 175 188 4 14 6 159 172 16 20 20 3 8 158 18 1 181 0 12 13 9 10 13 12 8 169 0 175 5 16 10 9 11 7 12 8 9 4 8 200 0 16 18 13 11 13 8 10 157 16 171 12 17 0 2 11 6 12 200 8 183 176 14 20 14 12 0 13 173 19 12 11 15 19 11 12 1 10 3 196 14 2 181 11 8 13 5 2 1 10 3 4 17 12 2 9 186 191 8 158 5 16 10 8 3 19 3 2 172 5 11 181 8 3 18 4 5 19 1 159 13 2 0 5 0 20 2 20 4 16 15 165 12 13 11 170 4 9 3 4 12 158 8 182 181 13 20 15 12 152 8 3 5 194 4 9 5 2 165 3 197 1 1 2 9 10 2 8 16 9 2 4 161 10 1 159 184 2 13 6 12 0 20 1 17 19 165 154 9 7 14 165 10 20 159 18 2 5 17 192 12 14 6 8 13 13 1 5 15 11 15 14 19 186 12 9 11 5 12 13 20 6 3 8 11 9 12 9 20 158 6 8 2 180 9 1 5 6 8 2 19 2 18 8 14 16 18 9 20 5 18 16 183 3 0 14 2 3 3 3 7 0 16 2 19 179 6 15 19 13 170 16 183 195 10 19 1 9 0 1 180 12 10 18 188 19 19 5 13 172 3 187 2 12 11 2 17 7 5 7 7 19 5 4 11 180 6 6 14 168 5 2 14 16 170 15 0 177 1 189 18 150 17 4 196 18 11 8 186 7 1 5 17 20 19 0 9 155 15 3 178 3 194 175 3 6 13 172 2 157 172 18 19 2 20 11 10 152 153 8 19 11 2 184 1 1 3 5 7 6 8 3 167 17 17 20 1 17 8 8 7 191 19 11 8 18 168 175 12 4 4 7 8 19 16 7 5 3 2 8 1 5 5 6 17 0 5 2 4 3 7 6 3 2 16 2 6 7 15 2 188 20 13 176 18 17 7 9 196 14 16 16 16 1 11 191 19 11 9 13 1 166 8 20 14 8 157 0 19 193 5 6 10 20 18 5 12 15 12 166 2 2 10 19 7 2 152 2 10 19 194 12 18 17 15 16 6 163 187 158 12 188 5 4 186 12 11 14 8 19 11 12 181 2 5 1 20 2 17 15 18 174 1 11 13 17 14 172 7 182 4 4 12 1 6 2 181 1 18 1 7 10 3 4 9 15 10 11 152 168 19 20 3 9 11 17 12 17 4 184 176 0 2 14 11 19 6 18 0 2 193 6 9 17 16 178 16 154 8 189 16 20 16 5 11 159 9 187 3 173 178 20 17 5 9 8 7 11 160 10 17 20 192 5 17 11 10 3 0 11 151 6 8 14 11 188 9 11 14 11 18 2 8 166 4 16 1 19 13 1 17 3 169 14 155 19 14 11 4 19 16 18 2 159 174 7 5 1 150 10 191 198 1 10 189 199 13 15 198 4 16 187 178 181 5 15 16 17 9 194 12 2 0 19 192 18 20 6 16 18 152 194 12 169 15 16 14 175 19 14 20 6 190 17 15 7 20 4 10 20 17 5 6 13 7 15 152 11 7 11 2 158 18 7 14 19 11 158 12 182 3 17 170 10 20 4 19 7 11 4 17 9 0 177 14 8 11 169 20 14 17 12 6 164 9 20 11 2 18 155 14 166 18 17 179 17 1 16 16 12 8 18 11 5 13 20 19 3 13 192 181 4 5 10 1 16 20 166 181 157 14 180 2 14 191 4 16 17 8 200 7 19 6 2 8 7 8 4 17 7 0 13 14 13 4 18 194 11 7 15 195 18 4 13 14 18 0 9 9 7 163 5 3 6 15 171 6 18 1 159 1 14 9 163 0 199 159 2 160 17 10 6 3 12 154 180 8 20 11 1 15 13 5 7 15 16 11 14 11 8
797
5 8 171 14 4 7 162 2 164 13 18 2 0 5 9 14 20 18 180 155 13 17 8 152 177 0 6 6 11 18 157 197 14 156 167 9 14 165 11 17 8 4 4 164 3 14 15 184 5 3 8 157 14 163 6 1 5 9 0 9 1 11 6 7 5 2 18 11 19 18 7 18 3 150 16 15 8 174 19 5 4 9 7 9 177 19 6 19 16 15 3 15 18 20 175 10 15 5 5 10 11 14 15 11 0 9 171 7 9 195 9 6 17 2 184 196 9 15 20 12 5 4 19 10 6 2 16 19 179 5 184 5 166 10 4 9 4 14 1 12 0 189 150 161 154 16 15 2 172 15 195 10 4 15 3 8 5 6 8 167 1 179 4 4 168 177 178 11 13 6 5 14 2 11 19 8 2 14 17 10 1 6 14 2 17 11 9 12 3 187 7 199 1 1 10 11 20 3 16 9 4 151 10 18 169 6 8 17 10 189 2 191 168 11 15 0 6 19 186 200 12 17 0 12 153 3 14 1 1 1 15 5 10 14 13 9 14 8 12 5 14 8 17 2 19 4 168 20 18 0 8 12 0 15 14 0 8 20 6 15 19 11 12 4 20 3 168 175 10 14 17 2 9 17 167 18 2 19 18 16 156 8 11 2 11 13 0 19 16 15 164 0 163 3 19 189 16 8 191 18 4 5 8 17 20 17 7 4 0 7 11 16 16 10 18 164 3 188 200 11 169 18 171 5 8 153 166 175 18 14 0 16 6 1 19 6 191 6 13 160 6 154 13 13 193 12 10 19 16 19 8 18 196 5 6 19 2 16 6 1 186 4 0 3 155 167 13 165 151 8 1 7 7 18 4 160 5 2 12 13 4 9 192 3 0 3 2 10 0 16 9 3 20 16 9 175 164 16 3 14 20 0 175 16 10 7 15 1 0 157 20 16 155 199 9 172 16 0 2 8 198 11 10 1 18 8 168 4 154 150 15 183 4 11 9 18 8 194 0 17 16 20 19 13 10 10 20 1 7 165 20 6 11 17 20 160 19 19 6 16 163 19 13 15 172 6 11 17 7 1 6 172 8 11 182 20 14 8 184 197 6 6 12 168 10 11 194 8 5 6 8 20 13 12 1 200 18 11 14 6 4 18 2 12 2 158 5 18 6 7 19 16 12 0 17 15 10 20 20 5 4 10 7 12 152 6 168 154 168 166 168 9 5 3 17 13 1 13 3 18 5 9 8 16 3 13 18 1 15 17 10 157 2 16 13 12 19 9 2 5 151 17 13 19 0 13 163 14 7 153 8 13 3 3 13 13 13 6 0 18 0 20 15 5 9 3 11 11 20 9 15 16 14 16 10 5 19 19 163 2 8 12 1 13 14 176 19 20 19 3 181 11 176 185 9 14 19 184 175 11 14 17 0 2 0 14 18 1 2 184 7 18 17 15 2 152 11 179 161 14 162 3 1 16 3 1 5 178 194 19 1 15 1 9 1 6 18 186 184 0 10 6 176 18 13 181 17 14 14 190 15 152 19 174 5 0 1 10 12 2 2 172 1 155 13 3 18 14 10 188 170 11 17 16 2 1 13 16 9 3 19 187 155 18 7 183 14 8 17 0 10 8 17 3 2 7 14 7 18 19 15 19 18 177 10 13 20 17 19 11 16 16 3 9 4 13 6 4 12 9 3 170 9 0 178 11 6 11 12 15 200 6 15 17 9 167 12 4 20 12 14 14 6 15 7 3 1 14 7 172 1 179 155 18 18 181 12 166 151 16 19 5 15 17 3 8 6 16 15 1 17 8 1 1 3 16 10
709
39 137 92 185 23 187 44 40 148 172 166 194 75 123 166 63 175 99 66 180 66 108 95 146 11 6 160 157 81 186 150 89 80 88 148 80 50 137 98 189 45 200 131 9 45 8 124 145 6 154 98 74 47 68 140 178 177 118 192 67 4 156 185 115 127 153 180 39 103 17 176 185 157 59 17 144 89 84 2 101 91 22 169 173 92 178 139 163 42 193 87 137 14 161 97 106 23 52 57 121 149 27 176 114 25 173 3 150 112 48 139 87 97 20 11 22 175 16 95 121 19 57 41 140 111 3 85 164 177 174 122 62 18 72 115 14 65 34 0 109 66 155 81 101 193 31 43 47 179 12 140 136 68 132 65 47 109 197 9 24 124 103 128 115 45 65 25 117 139 112 143 28 12 102 94 37 52 31 35 100 53 31 181 170 71 27 50 176 119 155 114 42 47 26 19 190 58 108 67 179 115 12 66 178 158 27 80 144 191 93 112 129 25 21 80 21 172 43 183 73 182 155 94 156 162 151 136 27 24 1 83 63 42 79 18 127 78 189 55 161 117 196 61 176 136 139 101 109 40 176 12 98 122 167 182 146 129 90 134 41 179 148 14 137 197 156 150 156 2 132 75 198 172 57 61 39 89 136 31 180 104 34 80 103 183 80 11 131 19 190 30 197 30 155 199 156 27 183 150 117 194 142 127 105 165 151 44 41 18 16 175 53 98 95 160 194 190 24 11 89 61 1 164 130 145 139 86 185 103 44 119 65 168 77 192 106 58 141 171 167 164 120 151 84 167 105 137 177 114 111 165 115 166 192 62 121 79 10 200 82 110 122 12 159 51 161 189 89 87 84 33 43 190 14 168 123 112 136 12 81 41 5 66 167 138 152 5 40 176 192 166 164 159 81 116 9 68 81 127 127 172 118 32 134 142 150 63 183 127 106 0 41 110 100 43 10 58 145 47 101 136 169 124 24 62 11 106 91 13 163 47 129 67 147 192 141 23 157 146 139 42 77 91 0 49 104 76 178 164 29 56 99 22 140 182 35 200 119 169 63 0 193 117 168 60 24 64 114 86 60 89 140 160 115 48 120 163 78 40 197 80 119 41 81 174 169 1 112 197 194 109 34 2 79 142 132 192 49 144 24 96 23 12 166 78 154 108 13 71 3 196 120 82 61 117 149 32 200 193 26 89 91 74 29 157 43 1 123 192 62 104 194 5 43 2 155 85 52 200 163 101 102 43 131 169 130 193 2 17 1 58 29 132 6 62 1 198 67 9 116 111 169 14 113 185 146 190 44 163 185 124 28 24 49 133 91 64 44 142 81 0 91 57 35 115 14 158 94 189 158 131 5 102 158 64 18 83 13 169 135 175 45 144 103 130 38 31 173 166 45 152 61 62 0 26 51 102 151 74 150 55 51 168 4 176 103 75 185 186 60 186 28 67 64 193 51 20 181 2 34 46 18 71 30 182 139 87 155 139 99 68 85 131 146 180 82 123 52 199 12 41 189 198 125 100 163 171 69 184 68 125 36 178 155 11 62 143 158 25 101 72 68 195 148 136 82 71 173 114 162 57 89 174 48 188 77 200 154 19 152 189 117 166 178 143 180 125 197 134
167
12 3 7 5 10 16 19 17 2 12 13 3 17 9 9 16 14 19 16 6 11 20 2 20 0 6 11 10 7 17 14 14 20 6 9 5 17 18 9 5 15 6 17 2 18 0 11 5 18 10 17 12 10 0 16 6 1 1 2 4 19 11 15 14 15 18 4 1 9 8 9 4 18 20 0 2 19 14 9 1 4 1 12 6 12 3 3 2 19 2 3 17 10 16 10 15 3 6 9 20 4 13 6 1 4 16 8 14 1 11 9 7 8 9 6 16 11 7 4 1 15 11 18 7 10 1 6 14 9 0 12 19 1 14 3 0 2 3 13 4 2 0 20 7 3 11 7 17 18 18 4 3 12 14 17 4 6 5 0 19 16 11 10 9 13 18 7
935
0 200 78 106 96 90 58 84 113 91 65 74 63 104 82 67 88 59 88 74 66 76 95 89 65 96 90 63 94 107 111 56 83 62 84 67 105 86 100 84 77 70 65 108 99 97 54 65 118 104 95 63 83 74 98 66 82 84 114 118 65 120 119 67 69 117 113 104 92 95 85 74 54 74 83 85 93 90 92 64 110 108 64 56 104 88 101 114 116 73 108 71 52 65 53 109 114 68 86 69 62 56 69 51 86 55 52 87 75 103 94 95 87 51 118 56 99 87 106 76 117 62 70 51 65 58 68 111 95 68 60 81 64 101 52 98 73 55 68 88 81 71 116 66 50 77 83 73 113 93 90 66 78 106 115 111 56 78 56 94 84 90 65 67 79 99 77 62 95 114 113 114 102 108 110 73 50 62 86 110 89 97 74 104 118 118 108 67 106 114 65 70 60 56 81 99 70 74 75 52 82 105 52 97 56 96 106 77 99 85 113 60 71 58 51 84 91 104 80 74 111 72 110 63 109 55 109 85 57 64 114 88 84 103 81 111 119 99 56 118 68 64 75 50 86 74 52 78 70 72 77 91 100 70 52 108 74 93 78 70 69 118 111 56 119 75 68 74 97 94 77 59 60 109 113 107 61 101 103 72 66 75 54 86 70 61 81 84 96 53 55 69 112 56 81 77 90 85 60 96 118 73 93 64 91 94 52 82 61 77 90 64 100 71 107 57 96 51 104 54 96 82 90 60 104 77 94 105 117 112 53 93 111 72 83 51 52 94 112 71 81 118 57 107 58 87 50 87 68 63 106 73 107 61 64 103 64 57 79 118 84 110 115 59 74 78 63 72 99 100 113 68 64 68 106 85 64 117 86 70 113 98 82 94 80 87 105 56 79 94 50 111 109 119 70 113 74 109 72 85 112 96 111 84 84 103 68 106 52 62 98 112 62 119 68 99 63 51 62 54 119 68 106 62 53 62 92 52 87 64 58 51 103 69 116 52 103 117 56 113 112 104 90 67 114 60 71 118 84 101 81 76 77 110 105 60 115 105 53 115 83 93 76 67 93 52 85 76 51 70 62 64 119 89 101 68 74 66 118 96 107 96 98 74 54 99 100 88 84 76 67 99 57 118 62 111 104 83 58 93 55 97 56 87 79 83 71 82 73 51 71 60 54 76 119 80 107 105 70 56 64 75 55 100 86 53 82 108 74 75 97 81 71 76 80 80 84 69 68 68 91 65 75 97 111 53 86 85 67 106 119 70 73 53 102 110 99 83 58 57 80 77 63 94 76 68 86 108 107 120 61 88 83 119 50 107 112 99 63 92 90 96 77 92 76 100 63 105 108 112 91 109 67 72 60 89 54 91 116 82 72 119 50 93 116 53 89 119 85 65 65 58 118 98 74 102 113 118 54 100 94 106 74 71 58 110 107 52 104 113 78 69 71 119 68 96 75 119 91 53 58 84 119 118 60 95 96 74 62 56 88 76 99 95 109 95 115 70 65 105 101 78 57 61 61 68 105 63 112 64 66 110 110 77 106 105 61 83 55 117 56 100 107 60 108 90 96 66 111 117 73 79 70 107 118 62 120 116 95 80 72 91 81 64 82 77 70 90 94 119 97 87 73 113 119 58 73 89 80 98 62 88 80 87 104 87 114 107 68 78 114 115 88 68 82 92 86 113 74 55 66 76 91 72 53 54 75 79 86 110 94 111 65 111 61 114 113 78 86 90 111 95 117 81 114 98 103 69 82 63 101 107 102 56 68 106 105 104 68 60 97 105 114 79 62 97 116 107 116 95 89 101 66 88 103 83 58 60 62 54 66 82 73 90 67 119 120 59 87 57 85 72 104 53 52 57 77 97 86 58 112 114 99 84 65 101 54 69 79 88 93 90 85 119 84 87 90 51 66 53 57 73 91 69 84 94 56 120 106 78 85 74 72 117 95 51 66 102 87 117 106 94 63 87 118 79 69 50 85 95 99 57 75 116 103 100 85 112 82 72 101 60 86 92 72 82 75 108 66 115 97 88 50 71 50 73 97 100 91 63 120 82 96 97 66 88 100 53 63 65 88 99 62 96 70 77 61 50 115 53 120 71 97 109 98 73 120 76 56 112 66 69 57 81 200
773
3 18 5 1 17 15 17 174 6 11 2 16 16 18 182 161 12 1 191 8 3 187 7 7 12 18 11 15 10 19 16 12 4 197 9 159 12 13 1 4 5 15 1 174 6 5 18 14 20 155 2 11 6 19 18 6 11 9 9 11 196 17 14 6 189 161 198 160 10 1 9 5 10 18 6 12 12 2 193 1 17 15 15 0 16 4 11 196 9 10 17 15 16 162 16 1 5 16 193 5 8 8 176 13 186 16 3 17 162 9 153 6 20 15 20 9 18 5 3 17 15 5 17 171 168 13 157 154 2 20 11 1 156 161 2 9 2 16 20 13 200 9 174 5 8 16 19 186 14 15 13 12 158 20 8 162 161 182 20 162 2 13 19 19 17 190 19 156 163 6 185 198 5 13 156 10 16 5 0 14 177 1 2 18 7 19 15 1 9 8 17 11 15 14 14 169 19 177 12 13 11 2 13 9 3 20 11 2 14 6 14 12 10 6 2 2 9 3 4 2 17 6 8 188 17 3 12 12 8 6 4 9 198 10 158 12 151 1 181 0 13 19 18 14 16 16 4 7 12 15 182 11 14 18 8 7 9 14 157 15 15 9 9 174 9 13 12 13 20 13 9 10 4 20 177 165 3 174 16 3 159 1 183 187 176 2 15 0 17 7 12 0 194 194 17 177 18 9 19 2 168 4 3 17 9 10 13 17 0 5 18 5 7 18 198 19 1 13 15 12 5 8 9 17 12 2 165 4 7 15 6 150 160 14 16 191 18 14 10 2 3 18 167 6 5 20 13 12 1 9 4 1 18 0 197 13 162 152 13 4 19 175 10 0 1 7 15 8 11 18 199 12 4 13 0 6 18 161 189 19 15 4 1 7 174 5 0 16 175 12 8 20 5 8 19 3 20 16 12 11 189 159 6 162 197 17 12 11 14 12 194 16 5 7 178 12 18 3 179 4 20 184 10 19 175 1 12 10 7 10 5 5 10 20 10 2 8 15 3 17 2 14 195 10 5 7 18 18 188 12 10 11 0 7 16 4 4 197 16 12 14 5 10 3 159 2 3 15 10 194 10 5 3 2 17 175 13 0 153 2 7 15 16 11 20 20 9 9 2 8 12 13 17 166 14 184 0 15 15 199 197 185 4 12 17 11 7 14 9 177 17 10 2 0 0 13 3 7 5 190 20 14 200 9 8 187 10 17 12 12 14 11 19 14 6 185 2 18 17 5 158 12 14 167 2 19 11 14 12 1 3 3 170 8 14 14 10 8 0 164 180 4 8 19 16 15 160 14 6 11 6 16 16 4 14 165 7 4 199 13 12 5 17 3 18 9 8 10 19 2 2 5 180 8 4 190 187 5 19 14 165 19 5 184 5 19 14 4 20 0 169 198 17 155 13 20 156 13 5 13 2 2 12 20 13 2 20 11 15 15 6 10 178 14 188 16 13 4 185 4 16 8 12 18 18 10 0 11 5 157 8 2 1 5 13 19 18 18 17 2 19 14 19 11 5 20 19 10 3 19 20 1 12 12 2 13 7 5 13 8 2 5 173 15 18 19 6 11 171 9 19 11 156 5 14 0 20 4 1 5 11 6 167 9 6 9 3 12 1 182 18 7 170 10 0 5 165 167 177 8 8 169 15 9 3 20 176 11 4 4 5 17 1 7 7 3 10 18 16 17 17 4 17 15 160 3 5 20 182 19 16 12 1 20 2 7 18 179 15 14 155 6 2 4 0 11 8 167 0 171 19 14 5
50
7 16 13 199 0 14 19 11 11 1 15 7 18 18 16 14 172 13 195 14 19 14 13 163 15 153 6 7 6 11 9 15 3 0 3 10 16 0 5 13 1 184 153 8 19 193 4 15 0 0
94
0 0 0 0 0 0 0 0 0 0 0 0 0 0 0 0 0 0 0 0 0 0 0 0 0 0 0 0 0 0 0 0 0 0 0 0 0 0 0 0 0 0 0 0 0 0 0 0 0 0 0 0 0 0 0 0 0 0 0 0 0 0 0 0 0 0 0 0 0 0 0 0 0 0 0 0 0 0 0 0 0 0 0 0 0 0 0 0 0 0 0 0 0 0
833
200 200 200 200 200 200 200 200 200 200 200 200 200 200 200 200 200 200 200 200 200 200 200 200 200 200 200 200 200 200 200 200 200 200 200 200 200 200 200 200 200 200 200 200 200 200 200 200 200 200 200 200 200 200 200 200 200 200 200 200 200 200 200 200 200 200 200 200 200 200 200 200 200 200 200 200 200 200 200 200 200 200 200 200 200 200 200 200 200 200 200 200 200 200 200 200 200 200 200 200 200 200 200 200 200 200 200 200 200 200 200 200 200 200 200 200 200 200 200 200 200 200 200 200 200 200 200 200 200 200 200 200 200 200 200 200 200 200 200 200 200 200 200 200 200 200 200 200 200 200 200 200 200 200 200 200 200 200 200 200 200 200 200 200 200 200 200 200 200 200 200 200 200 200 200 200 200 200 200 200 200 200 200 200 200 200 200 200 200 200 200 200 200 200 200 200 200 200 200 200 200 200 200 200 200 200 200 200 200 200 200 200 200 200 200 200 200 200 200 200 200 200 200 200 200 200 200 200 200 200 200 200 200 200 200 200 200 200 200 200 200 200 200 200 200 200 200 200 200 200 200 200 200 200 200 200 200 200 200 200 200 200 200 200 200 200 200 200 200 200 200 200 200 200 200 200 200 200 200 200 200 200 200 200 200 200 200 200 200 200 200 200 200 200 200 200 200 200 200 200 200 200 200 200 200 200 200 200 200 200 200 200 200 200 200 200 200 200 200 200 200 200 200 200 200 200 200 200 200 200 200 200 200 200 200 200 200 200 200 200 200 200 200 200 200 200 200 200 200 200 200 200 200 200 200 200 200 200 200 200 200 200 200 200 200 200 200 200 200 200 200 200 200 200 200 200 200 200 200 200 200 200 200 200 200 200 200 200 200 200 200 200 200 200 200 200 200 200 200 200 200 200 200 200 200 200 200 200 200 200 200 200 200 200 200 200 200 200 200 200 200 200 200 200 200 200 200 200 200 200 200 200 200 200 200 200 200 200 200 200 200 200 200 200 200 200 200 200 200 200 200 200 200 200 200 200 200 200 200 200 200 200 200 200 200 200 200 200 200 200 200 200 200 200 200 200 200 200 200 200 200 200 200 200 200 200 200 200 200 200 200 200 200 200 200 200 200 200 200 200 200 200 200 200 200 200 200 200 200 200 200 200 200 200 200 200 200 200 200 200 200 200 200 200 200 200 200 200 200 200 200 200 200 200 200 200 200 200 200 200 200 200 200 200 200 200 200 200 200 200 200 200 200 200 200 200 200 200 200 200 200 200 200 200 200 200 200 200 200 200 200 200 200 200 200 200 200 200 200 200 200 200 200 200 200 200 200 200 200 200 200 200 200 200 200 200 200 200 200 200 200 200 200 200 200 200 200 200 200 200 200 200 200 200 200 200 200 200 200 200 200 200 200 200 200 200 200 200 200 200 200 200 200 200 200 200 200 200 200 200 200 200 200 200 200 200 200 200 200 200 200 200 200 200 200 200 200 200 200 200 200 200 200 200 200 200 200 200 200 200 200 200 200 200 200 200 200 200 200 200 200 200 200 200 200 200 200 200 200 200 200 200 200 200 200 200 200 200 200 200 200 200 200 200 200 200 200 200 200 200 200 200 200 200 200 200 200 200 200 200 200 200 200 200 200 200 200 200 200 200 200 200 200 200 200 200 200 200 200 200 200 200 200 200 200 200 200 200 200 200 200 200 200 200 200 200 200 200 200 200 200 200 200 200 200 200 200 200 200 200 200 200 200 200 200 200 200 200 200 200 200 200 200 200 200 200 200 200 200 200 200 200 200 200 200 200 200 200 200 200 200 200 200 200 200 200 200 200 200 200 200 200 200 200 200 200 200 200 200 200 200 200 200 200 200 200 200 200 200 200 200 200 200
351
0 0 0 0 0 0 0 0 0 0 0 0 0 0 0 0 0 0 0 0 0 0 0 0 0 0 0 0 0 0 0 0 0 0 0 0 0 0 0 0 0 0 0 0 0 0 0 0 0 0 0 0 0 0 0 0 0 0 0 0 0 0 0 0 0 0 0 0 0 0 0 0 0 0 0 0 0 0 0 0 0 0 0 0 0 0 0 0 0 0 0 0 0 0 0 0 0 0 0 0 0 0 0 0 0 0 0 0 0 0 0 0 0 0 0 0 0 0 0 0 0 0 0 0 0 0 0 0 0 0 0 0 0 0 0 0 0 0 0 0 0 0 0 0 0 0 0 0 0 0 0 0 0 0 0 0 0 0 0 0 0 0 0 0 0 0 0 0 0 0 0 0 0 0 0 0 0 0 0 0 0 0 0 0 0 0 0 0 0 0 0 0 0 0 0 0 0 0 0 0 0 0 0 0 0 0 0 0 0 0 0 0 0 0 0 0 0 0 0 0 0 0 0 0 0 0 0 0 0 0 0 0 0 0 0 0 0 0 0 0 0 0 0 0 0 0 0 0 0 0 0 0 0 0 0 0 0 0 0 0 0 0 0 0 0 0 0 0 0 0 0 0 0 0 0 0 0 0 0 0 0 0 0 0 0 0 0 0 0 0 0 0 0 0 0 0 0 0 0 0 0 0 0 0 0 0 0 0 0 0 0 0 0 0 0 0 0 0 0 0 0 0 0 0 0 0 0 0 0 0 0 0 0 0 0 0 0 0 0 0 0 0 0 0 0 0 0 0 0 0 0
347
0 200 72 102 50 62 109 78 62 114 73 96 82 91 114 65 84 93 91 102 74 65 85 102 63 74 90 69 54 113 87 72 90 81 108 91 76 116 111 97 86 52 76 110 93 120 78 75 71 77 101 52 63 89 115 104 102 117 108 103 50 100 118 86 57 114 91 93 91 72 55 120 57 67 85 107 57 58 87 70 71 86 105 100 59 89 75 101 81 87 70 65 96 52 59 116 98 120 71 57 111 94 62 90 80 52 65 101 103 90 63 80 104 86 120 58 62 101 93 90 59 108 104 118 104 98 50 98 86 50 100 72 100 57 77 92 83 88 104 87 87 72 85 68 80 56 92 50 75 104 101 63 86 112 101 102 118 102 102 117 111 115 92 97 113 105 60 117 93 62 52 110 119 59 67 58 101 54 117 52 93 98 80 97 105 118 54 95 71 118 114 80 80 114 74 88 111 65 112 93 79 111 114 98 58 118 120 93 85 89 86 113 93 88 75 89 82 111 72 80 53 67 102 71 83 109 95 93 95 92 69 61 106 80 71 51 68 101 90 83 113 117 75 98 66 77 108 65 118 67 105 83 92 53 77 58 59 102 71 91 59 66 117 55 87 77 87 106 66 50 114 90 116 91 79 62 86 63 82 75 61 58 67 75 104 115 120 84 102 90 64 65 120 119 84 107 117 89 104 99 59 92 92 106 62 65 88 64 113 68 96 63 91 53 73 64 105 78 101 76 97 76 74 57 113 96 63 51 54 94 81 55 81 105 61 86 93 89 106 120 75 88 101 74 114 97 200
594
0 200 57 63 118 95 73 115 78 95 52 51 104 113 65 79 76 116 53 113 87 55 68 89 61 64 70 111 74 117 63 111 120 100 104 58 110 58 66 120 67 53 91 69 120 58 92 61 79 98 114 106 77 61 57 70 106 105 79 71 76 97 68 53 71 68 58 70 56 92 59 118 98 75 90 68 88 97 112 77 106 92 78 119 111 72 98 90 57 81 97 120 112 71 74 99 110 81 69 99 100 115 63 81 79 115 98 104 69 53 67 105 107 53 56 50 73 100 59 91 108 83 55 58 77 87 65 61 99 57 98 53 114 83 77 64 78 74 113 77 111 87 111 91 94 67 104 92 109 88 104 50 119 57 73 91 51 96 102 66 62 113 56 96 74 52 70 95 108 90 101 67 58 97 90 77 77 86 64 65 68 59 92 75 104 55 59 120 117 93 61 112 103 118 93 79 111 50 62 113 106 91 65 101 106 54 113 94 113 93 88 118 103 74 110 70 105 99 86 68 65 115 108 113 105 59 87 86 62 51 97 51 120 62 56 68 103 119 101 58 100 70 51 90 70 107 87 119 63 69 79 82 118 57 74 81 100 80 112 51 91 69 85 55 84 63 63 120 116 66 104 71 53 117 107 117 78 88 114 107 104 75 53 101 118 83 54 75 66 118 85 65 69 97 55 116 81 66 68 95 79 60 105 111 109 67 116 57 103 117 68 60 77 104 68 83 70 107 70 65 80 58 115 104 84 68 96 119 97 64 89 66 61 107 93 84 55 88 107 88 107 69 105 102 89 113 97 92 65 97 109 92 55 73 90 109 75 52 73 89 69 76 100 116 64 66 87 99 78 112 101 93 112 99 92 117 109 105 64 97 103 86 60 119 87 104 77 76 86 87 81 67 64 68 61 92 94 100 114 80 52 84 72 68 69 74 111 119 120 106 86 100 61 66 58 100 104 91 120 87 96 70 76 103 50 113 96 120 99 112 82 107 79 90 99 71 73 109 71 59 80 84 107 76 67 81 65 59 82 97 109 89 75 113 101 83 52 91 76 64 86 76 95 108 100 90 78 59 64 80 79 83 95 77 76 83 54 85 70 95 77 50 105 115 65 80 89 66 82 75 97 91 74 73 97 95 119 107 96 93 59 116 92 70 53 73 117 52 61 114 110 61 57 118 92 70 53 75 62 51 114 53 104 60 68 89 103 57 60 78 118 106 96 117 108 116 113 55 84 115 96 62 58 101 86 54 50 79 74 62 76 87 77 102 105 76 96 110 114 112 61 87 80 84 111 114 113 64 87 99 70 105 101 61 94 89 68 50 98 113 95 115 111 63 107 109 107 119 118 58 55 114 74 200
331
0 0 0 0 0 0 0 0 0 0 0 0 0 0 0 0 0 0 0 0 0 0 0 0 0 0 0 0 0 0 0 0 0 0 0 0 0 0 0 0 0 0 0 0 0 0 0 0 0 0 0 0 0 0 0 0 0 0 0 0 0 0 0 0 0 0 0 0 0 0 0 0 0 0 0 0 0 0 0 0 0 0 0 0 0 0 0 0 0 0 0 0 0 0 0 0 0 0 0 0 0 0 0 0 0 0 0 0 0 0 0 0 0 0 0 0 0 0 0 0 0 0 0 0 0 0 0 0 0 0 0 0 0 0 0 0 0 0 0 0 0 0 0 0 0 0 0 0 0 0 0 0 0 0 0 0 0 0 0 0 0 0 0 0 0 0 0 0 0 0 0 0 0 0 0 0 0 0 0 0 0 0 0 0 0 0 0 0 0 0 0 0 0 0 0 0 0 0 0 0 0 0 0 0 0 0 0 0 0 0 0 0 0 0 0 0 0 0 0 0 0 0 0 0 0 0 0 0 0 0 0 0 0 0 0 0 0 0 0 0 0 0 0 0 0 0 0 0 0 0 0 0 0 0 0 0 0 0 0 0 0 0 0 0 0 0 0 0 0 0 0 0 0 0 0 0 0 0 0 0 0 0 0 0 0 0 0 0 0 0 0 0 0 0 0 0 0 0 0 0 0 0 0 0 0 0 0 0 0 0 0 0 0 0 0 0 0 0 0 0 0 0 0 0 0 0 0 0 0 0 0
943
200 200 200 200 200 200 200 200 200 200 200 200 200 200 200 200 200 200 200 200 200 200 200 200 200 200 200 200 200 200 200 200 200 200 200 200 200 200 200 200 200 200 200 200 200 200 200 200 200 200 200 200 200 200 200 200 200 200 200 200 200 200 200 200 200 200 200 200 200 200 200 200 200 200 200 200 200 200 200 200 200 200 200 200 200 200 200 200 200 200 200 200 200 200 200 200 200 200 200 200 200 200 200 200 200 200 200 200 200 200 200 200 200 200 200 200 200 200 200 200 200 200 200 200 200 200 200 200 200 200 200 200 200 200 200 200 200 200 200 200 200 200 200 200 200 200 200 200 200 200 200 200 200 200 200 200 200 200 200 200 200 200 200 200 200 200 200 200 200 200 200 200 200 200 200 200 200 200 200 200 200 200 200 200 200 200 200 200 200 200 200 200 200 200 200 200 200 200 200 200 200 200 200 200 200 200 200 200 200 200 200 200 200 200 200 200 200 200 200 200 200 200 200 200 200 200 200 200 200 200 200 200 200 200 200 200 200 200 200 200 200 200 200 200 200 200 200 200 200 200 200 200 200 200 200 200 200 200 200 200 200 200 200 200 200 200 200 200 200 200 200 200 200 200 200 200 200 200 200 200 200 200 200 200 200 200 200 200 200 200 200 200 200 200 200 200 200 200 200 200 200 200 200 200 200 200 200 200 200 200 200 200 200 200 200 200 200 200 200 200 200 200 200 200 200 200 200 200 200 200 200 200 200 200 200 200 200 200 200 200 200 200 200 200 200 200 200 200 200 200 200 200 200 200 200 200 200 200 200 200 200 200 200 200 200 200 200 200 200 200 200 200 200 200 200 200 200 200 200 200 200 200 200 200 200 200 200 200 200 200 200 200 200 200 200 200 200 200 200 200 200 200 200 200 200 200 200 200 200 200 200 200 200 200 200 200 200 200 200 200 200 200 200 200 200 200 200 200 200 200 200 200 200 200 200 200 200 200 200 200 200 200 200 200 200 200 200 200 200 200 200 200 200 200 200 200 200 200 200 200 200 200 200 200 200 200 200 200 200 200 200 200 200 200 200 200 200 200 200 200 200 200 200 200 200 200 200 200 200 200 200 200 200 200 200 200 200 200 200 200 200 200 200 200 200 200 200 200 200 200 200 200 200 200 200 200 200 200 200 200 200 200 200 200 200 200 200 200 200 200 200 200 200 200 200 200 200 200 200 200 200 200 200 200 200 200 200 200 200 200 200 200 200 200 200 200 200 200 200 200 200 200 200 200 200 200 200 200 200 200 200 200 200 200 200 200 200 200 200 200 200 200 200 200 200 200 200 200 200 200 200 200 200 200 200 200 200 200 200 200 200 200 200 200 200 200 200 200 200 200 200 200 200 200 200 200 200 200 200 200 200 200 200 200 200 200 200 200 200 200 200 200 200 200 200 200 200 200 200 200 200 200 200 200 200 200 200 200 200 200 200 200 200 200 200 200 200 200 200 200 200 200 200 200 200 200 200 200 200 200 200 200 200 200 200 200 200 200 200 200 200 200 200 200 200 200 200 200 200 200 200 200 200 200 200 200 200 200 200 200 200 200 200 200 200 200 200 200 200 200 200 200 200 200 200 200 200 200 200 200 200 200 200 200 200 200 200 200 200 200 200 200 200 200 200 200 200 200 200 200 200 200 200 200 200 200 200 200 200 200 200 200 200 200 200 200 200 200 200 200 200 200 200 200 200 200 200 200 200 200 200 200 200 200 200 200 200 200 200 200 200 200 200 200 200 200 200 200 200 200 200 200 200 200 200 200 200 200 200 200 200 200 200 200 200 200 200 200 200 200 200 200 200 200 200 200 200 200 200 200 200 200 200 200 200 200 200 200 200 200 200 200 200 200 200 200 200 200 200 200 200 200 200 200 200 200 200 200 200 200 200 200 200 200 200 200 200 200 200 200 200 200 200 200 200 200 200 200 200 200 200 200 200 200 200 200 200 200 200 200 200 200 200 200 200 200 200 200 200 200 200 200 200 200 200 200 200 200 200 200 200 200 200 200 200 200 200 200 200 200 200 200 200 200 200 200 200 200 200 200 200 200 200 200 200 200 200 200 200 200 200 200 200 200 200 200 200 200 200 200 200 200 200
838
200 200 200 200 200 200 200 200 200 200 200 200 200 200 200 200 200 200 200 200 200 200 200 200 200 200 200 200 200 200 200 200 200 200 200 200 200 200 200 200 200 200 200 200 200 200 200 200 200 200 200 200 200 200 200 200 200 200 200 200 200 200 200 200 200 200 200 200 200 200 200 200 200 200 200 200 200 200 200 200 200 200 200 200 200 200 200 200 200 200 200 200 200 200 200 200 200 200 200 200 200 200 200 200 200 200 200 200 200 200 200 200 200 200 200 200 200 200 200 200 200 200 200 200 200 200 200 200 200 200 200 200 200 200 200 200 200 200 200 200 200 200 200 200 200 200 200 200 200 200 200 200 200 200 200 200 200 200 200 200 200 200 200 200 200 200 200 200 200 200 200 200 200 200 200 200 200 200 200 200 200 200 200 200 200 200 200 200 200 200 200 200 200 200 200 200 200 200 200 200 200 200 200 200 200 200 200 200 200 200 200 200 200 200 200 200 200 200 200 200 200 200 200 200 200 200 200 200 200 200 200 200 200 200 200 200 200 200 200 200 200 200 200 200 200 200 200 200 200 200 200 200 200 200 200 200 200 200 200 200 200 200 200 200 200 200 200 200 200 200 200 200 200 200 200 200 200 200 200 200 200 200 200 200 200 200 200 200 200 200 200 200 200 200 200 200 200 200 200 200 200 200 200 200 200 200 200 200 200 200 200 200 200 200 200 200 200 200 200 200 200 200 200 200 200 200 200 200 200 200 200 200 200 200 200 200 200 200 200 200 200 200 200 200 200 200 200 200 200 200 200 200 200 200 200 200 200 200 200 200 200 200 200 200 200 200 200 200 200 200 200 200 200 200 200 200 200 200 200 200 200 200 200 200 200 200 200 200 200 200 200 200 200 200 200 200 200 200 200 200 200 200 200 200 200 200 200 200 200 200 200 200 200 200 200 200 200 200 200 200 200 200 200 200 200 200 200 200 200 200 200 200 200 200 200 200 200 200 200 200 200 200 200 200 200 200 200 200 200 200 200 200 200 200 200 200 200 200 200 200 200 200 200 200 200 200 200 200 200 200 200 200 200 200 200 200 200 200 200 200 200 200 200 200 200 200 200 200 200 200 200 200 200 200 200 200 200 200 200 200 200 200 200 200 200 200 200 200 200 200 200 200 200 200 200 200 200 200 200 200 200 200 200 200 200 200 200 200 200 200 200 200 200 200 200 200 200 200 200 200 200 200 200 200 200 200 200 200 200 200 200 200 200 200 200 200 200 200 200 200 200 200 200 200 200 200 200 200 200 200 200 200 200 200 200 200 200 200 200 200 200 200 200 200 200 200 200 200 200 200 200 200 200 200 200 200 200 200 200 200 200 200 200 200 200 200 200 200 200 200 200 200 200 200 200 200 200 200 200 200 200 200 200 200 200 200 200 200 200 200 200 200 200 200 200 200 200 200 200 200 200 200 200 200 200 200 200 200 200 200 200 200 200 200 200 200 200 200 200 200 200 200 200 200 200 200 200 200 200 200 200 200 200 200 200 200 200 200 200 200 200 200 200 200 200 200 200 200 200 200 200 200 200 200 200 200 200 200 200 200 200 200 200 200 200 200 200 200 200 200 200 200 200 200 200 200 200 200 200 200 200 200 200 200 200 200 200 200 200 200 200 200 200 200 200 200 200 200 200 200 200 200 200 200 200 200 200 200 200 200 200 200 200 200 200 200 200 200 200 200 200 200 200 200 200 200 200 200 200 200 200 200 200 200 200 200 200 200 200 200 200 200 200 200 200 200 200 200 200 200 200 200 200 200 200 200 200 200 200 200 200 200 200 200 200 200 200 200 200 200 200 200 200 200 200 200 200 200 200 200 200 200 200 200 200 200 200 200 200 200 200 200 200 200 200 200 200 200
350
16 2 5 5 18 18 152 20 18 18 19 186 9 155 4 3 157 2 9 3 162 12 7 14 6 12 13 191 1 0 17 17 6 20 173 0 167 18 7 193 15 5 18 175 173 9 15 19 8 12 11 7 11 15 1 16 7 1 1 20 13 190 9 15 0 16 4 10 177 152 1 8 181 14 152 7 0 2 19 199 20 9 152 19 5 18 3 172 11 10 13 170 7 15 16 16 4 188 19 4 5 16 10 9 193 186 20 17 20 9 12 177 19 183 13 17 18 1 176 14 13 173 10 10 2 154 11 1 14 180 1 12 14 161 175 0 19 15 158 171 15 164 7 1 14 166 182 18 151 12 153 7 15 176 8 6 177 13 159 12 17 3 13 155 17 8 190 13 175 19 15 15 7 6 6 12 12 5 17 9 0 186 168 11 4 7 150 6 20 5 7 15 19 159 2 8 6 14 164 16 11 20 16 17 5 18 17 17 2 9 18 7 1 150 17 176 10 167 6 10 10 16 13 1 4 20 11 161 4 11 187 9 158 8 2 13 7 18 14 20 195 13 1 2 15 10 10 11 1 200 196 20 11 12 10 15 10 14 3 18 3 182 180 3 3 2 13 17 15 16 4 19 19 14 12 13 13 10 2 16 8 7 12 20 3 11 12 4 164 1 6 12 173 4 6 14 8 3 4 19 4 15 14 2 5 12 2 18 8 3 5 10 18 18 16 6 14 10 11 197 1 11 11 14 11 14 6 0 18 4 12 20 8 156 16 0 1 14 160 14 5 5 193 12 8 13 2 161 15 19
493
200 200 200 200 200 200 200 200 200 200 200 200 200 200 200 200 200 200 200 200 200 200 200 200 200 200 200 200 200 200 200 200 200 200 200 200 200 200 200 200 200 200 200 200 200 200 200 200 200 200 200 200 200 200 200 200 200 200 200 200 200 200 200 200 200 200 200 200 200 200 200 200 200 200 200 200 200 200 200 200 200 200 200 200 200 200 200 200 200 200 200 200 200 200 200 200 200 200 200 200 200 200 200 200 200 200 200 200 200 200 200 200 200 200 200 200 200 200 200 200 200 200 200 200 200 200 200 200 200 200 200 200 200 200 200 200 200 200 200 200 200 200 200 200 200 200 200 200 200 200 200 200 200 200 200 200 200 200 200 200 200 200 200 200 200 200 200 200 200 200 200 200 200 200 200 200 200 200 200 200 200 200 200 200 200 200 200 200 200 200 200 200 200 200 200 200 200 200 200 200 200 200 200 200 200 200 200 200 200 200 200 200 200 200 200 200 200 200 200 200 200 200 200 200 200 200 200 200 200 200 200 200 200 200 200 200 200 200 200 200 200 200 200 200 200 200 200 200 200 200 200 200 200 200 200 200 200 200 200 200 200 200 200 200 200 200 200 200 200 200 200 200 200 200 200 200 200 200 200 200 200 200 200 200 200 200 200 200 200 200 200 200 200 200 200 200 200 200 200 200 200 200 200 200 200 200 200 200 200 200 200 200 200 200 200 200 200 200 200 200 200 200 200 200 200 200 200 200 200 200 200 200 200 200 200 200 200 200 200 200 200 200 200 200 200 200 200 200 200 200 200 200 200 200 200 200 200 200 200 200 200 200 200 200 200 200 200 200 200 200 200 200 200 200 200 200 200 200 200 200 200 200 200 200 200 200 200 200 200 200 200 200 200 200 200 200 200 200 200 200 200 200 200 200 200 200 200 200 200 200 200 200 200 200 200 200 200 200 200 200 200 200 200 200 200 200 200 200 200 200 200 200 200 200 200 200 200 200 200 200 200 200 200 200 200 200 200 200 200 200 200 200 200 200 200 200 200 200 200 200 200 200 200 200 200 200 200 200 200 200 200 200 200 200 200 200 200 200 200 200 200 200 200 200 200 200 200 200 200 200 200 200 200
240
85 197 142 142 6 85 142 197 142 85 142 161 85 142 6 142 85 85 142 85 161 134 142 85 85 6 134 161 134 161 6 134 6 161 85 161 161 142 197 85 6 161 197 134 161 85 197 6 85 6 6 142 142 6 134 197 6 197 6 6 142 134 6 85 134 197 142 142 197 85 197 85 197 161 161 85 142 142 161 161 161 142 161 161 197 6 197 6 142 6 197 161 85 134 142 142 142 197 161 6 134 6 197 161 142 197 142 142 161 85 161 161 197 142 134 6 134 134 142 85 85 85 134 142 6 6 161 134 161 6 142 6 197 161 6 85 134 142 161 134 161 85 6 197 134 85 85 6 142 197 142 142 197 134 6 134 134 161 161 85 161 134 85 6 142 161 134 142 134 197 6 85 85 134 161 197 85 161 161 85 85 197 161 161 134 6 142 134 142 142 6 134 6 142 161 6 134 142 85 85 134 197 85 6 161 6 134 142 85 85 6 161 161 161 134 197 142 161 142 142 6 161 134 142 85 85 6 197 161 197 6 6 85 134 161 197 6 6 161 161
492
200 200 200 200 200 200 200 200 200 200 200 200 200 200 200 200 200 200 200 200 200 200 200 200 200 200 200 200 200 200 200 200 200 200 200 200 200 200 200 200 200 200 200 200 200 200 200 200 200 200 200 200 200 200 200 200 200 200 200 200 200 200 200 200 200 200 200 200 200 200 200 200 200 200 200 200 200 200 200 200 200 200 200 200 200 200 200 200 200 200 200 200 200 200 200 200 200 200 200 200 200 200 200 200 200 200 200 200 200 200 200 200 200 200 200 200 200 200 200 200 200 200 200 200 200 200 200 200 200 200 200 200 200 200 200 200 200 200 200 200 200 200 200 200 200 200 200 200 200 200 200 200 200 200 200 200 200 200 200 200 200 200 200 200 200 200 200 200 200 200 200 200 200 200 200 200 200 200 200 200 200 200 200 200 200 200 200 200 200 200 200 200 200 200 200 200 200 200 200 200 200 200 200 200 200 200 200 200 200 200 200 200 200 200 200 200 200 200 200 200 200 200 200 200 200 200 200 200 200 200 200 200 200 200 200 200 200 200 200 200 200 200 200 200 200 200 200 200 200 200 200 200 200 200 200 200 200 200 200 200 200 200 200 200 200 200 200 200 200 200 200 200 200 200 200 200 200 200 200 200 200 200 200 200 200 200 200 200 200 200 200 200 200 200 200 200 200 200 200 200 200 200 200 200 200 200 200 200 200 200 200 200 200 200 200 200 200 200 200 200 200 200 200 200 200 200 200 200 200 200 200 200 200 200 200 200 200 200 200 200 200 200 200 200 200 200 200 200 200 200 200 200 200 200 200 200 200 200 200 200 200 200 200 200 200 200 200 200 200 200 200 200 200 200 200 200 200 200 200 200 200 200 200 200 200 200 200 200 200 200 200 200 200 200 200 200 200 200 200 200 200 200 200 200 200 200 200 200 200 200 200 200 200 200 200 200 200 200 200 200 200 200 200 200 200 200 200 200 200 200 200 200 200 200 200 200 200 200 200 200 200 200 200 200 200 200 200 200 200 200 200 200 200 200 200 200 200 200 200 200 200 200 200 200 200 200 200 200 200 200 200 200 200 200 200 200 200 200 200 200 200 200 200 200 200 200 200 200 200 200 200 200
650
200 200 200 200 200 200 200 200 200 200 200 200 200 200 200 200 200 200 200 200 200 200 200 200 200 200 200 200 200 200 200 200 200 200 200 200 200 200 200 200 200 200 200 200 200 200 200 200 200 200 200 200 200 200 200 200 200 200 200 200 200 200 200 200 200 200 200 200 200 200 200 200 200 200 200 200 200 200 200 200 200 200 200 200 200 200 200 200 200 200 200 200 200 200 200 200 200 200 200 200 200 200 200 200 200 200 200 200 200 200 200 200 200 200 200 200 200 200 200 200 200 200 200 200 200 200 200 200 200 200 200 200 200 200 200 200 200 200 200 200 200 200 200 200 200 200 200 200 200 200 200 200 200 200 200 200 200 200 200 200 200 200 200 200 200 200 200 200 200 200 200 200 200 200 200 200 200 200 200 200 200 200 200 200 200 200 200 200 200 200 200 200 200 200 200 200 200 200 200 200 200 200 200 200 200 200 200 200 200 200 200 200 200 200 200 200 200 200 200 200 200 200 200 200 200 200 200 200 200 200 200 200 200 200 200 200 200 200 200 200 200 200 200 200 200 200 200 200 200 200 200 200 200 200 200 200 200 200 200 200 200 200 200 200 200 200 200 200 200 200 200 200 200 200 200 200 200 200 200 200 200 200 200 200 200 200 200 200 200 200 200 200 200 200 200 200 200 200 200 200 200 200 200 200 200 200 200 200 200 200 200 200 200 200 200 200 200 200 200 200 200 200 200 200 200 200 200 200 200 200 200 200 200 200 200 200 200 200 200 200 200 200 200 200 200 200 200 200 200 200 200 200 200 200 200 200 200 200 200 200 200 200 200 200 200 200 200 200 200 200 200 200 200 200 200 200 200 200 200 200 200 200 200 200 200 200 200 200 200 200 200 200 200 200 200 200 200 200 200 200 200 200 200 200 200 200 200 200 200 200 200 200 200 200 200 200 200 200 200 200 200 200 200 200 200 200 200 200 200 200 200 200 200 200 200 200 200 200 200 200 200 200 200 200 200 200 200 200 200 200 200 200 200 200 200 200 200 200 200 200 200 200 200 200 200 200 200 200 200 200 200 200 200 200 200 200 200 200 200 200 200 200 200 200 200 200 200 200 200 200 200 200 200 200 200 200 200 200 200 200 200 200 200 200 200 200 200 200 200 200 200 200 200 200 200 200 200 200 200 200 200 200 200 200 200 200 200 200 200 200 200 200 200 200 200 200 200 200 200 200 200 200 200 200 200 200 200 200 200 200 200 200 200 200 200 200 200 200 200 200 200 200 200 200 200 200 200 200 200 200 200 200 200 200 200 200 200 200 200 200 200 200 200 200 200 200 200 200 200 200 200 200 200 200 200 200 200 200 200 200 200 200 200 200 200 200 200 200 200 200 200 200 200 200 200 200 200 200 200 200 200 200 200 200 200 200 200 200 200 200 200 200 200 200 200 200 200 200 200 200 200 200 200 200 200 200 200 200 200 200
851
165 127 153 96 168 169 95 95 130 151 62 31 23 168 33 2 22 87 49 198 175 88 99 3 182 39 162 167 36 70 144 132 93 64 72 62 14 121 48 62 115 111 125 159 172 69 6 116 40 85 144 92 195 182 133 153 29 23 142 52 127 52 178 12 181 134 7 120 133 10 66 179 99 146 116 6 154 164 10 117 175 192 131 179 110 34 7 196 171 55 118 184 136 97 196 96 13 19 169 73 5 173 150 103 3 18 181 191 25 57 58 36 115 52 27 154 12 109 139 13 149 185 142 0 186 22 126 70 189 191 125 181 139 194 150 117 134 17 60 47 116 14 92 162 91 100 65 93 122 134 190 73 60 164 156 100 152 195 40 34 189 145 68 56 19 2 105 144 84 168 93 116 197 153 68 176 46 88 38 24 135 53 109 46 14 177 71 146 109 183 177 60 85 41 85 19 109 198 158 57 181 135 172 53 129 152 179 112 197 41 195 92 37 48 7 40 94 72 43 80 170 32 53 163 96 131 2 25 132 166 154 167 132 176 38 11 146 176 105 198 160 199 158 120 20 95 54 84 24 175 30 23 64 186 116 50 17 142 191 147 116 164 121 111 82 48 67 106 144 74 44 137 122 84 77 111 141 118 118 9 129 195 88 91 197 0 52 10 104 116 16 0 196 116 5 189 56 99 124 72 56 177 49 64 67 139 197 145 2 112 29 44 51 173 198 33 197 172 200 187 169 39 69 137 146 184 16 133 148 113 63 118 44 53 72 56 43 168 23 7 82 65 195 104 102 85 9 56 0 109 160 5 89 57 171 25 63 88 4 20 122 32 170 37 6 156 131 100 106 7 168 199 175 181 8 148 99 76 39 43 135 168 78 67 188 57 72 105 76 182 8 0 17 95 56 143 20 30 140 185 13 45 112 103 161 58 15 5 42 152 158 18 186 63 25 39 7 55 3 171 38 190 179 82 151 36 86 164 90 4 169 141 130 160 92 53 82 198 47 176 185 28 110 81 18 7 72 12 79 149 60 197 8 126 54 131 187 182 0 179 69 101 45 6 19 54 129 183 153 99 52 187 70 167 189 7 20 141 48 44 64 177 137 80 44 39 28 118 24 101 89 55 153 178 94 46 60 164 64 33 196 192 0 117 82 167 45 153 184 139 127 41 146 175 54 24 7 13 174 195 186 37 116 99 58 163 87 200 126 29 120 12 195 192 78 18 116 14 148 3 109 195 95 173 55 40 44 70 156 151 136 24 16 159 155 141 175 186 181 174 122 143 8 199 86 153 156 103 164 90 67 49 57 121 74 155 15 13 2 91 108 106 79 102 2 164 72 79 144 166 102 164 80 109 173 56 30 52 42 170 122 22 97 120 28 102 189 6 178 10 184 37 91 65 89 2 151 13 94 117 137 186 164 61 88 88 117 142 10 198 171 41 33 49 3 123 84 125 155 41 67 124 174 70 39 54 184 38 185 134 24 181 184 158 91 74 131 115 148 147 57 93 0 71 121 8 182 142 100 89 200 118 133 22 46 59 190 16 200 150 105 80 39 175 136 59 71 50 128 133 104 64 161 55 187 44 80 38 193 26 129 55 83 36 60 108 138 175 79 79 119 169 162 107 99 181 115 79 185 118 157 183 8 0 158 75 4 65 140 107 126 165 186 103 69 192 187 12 27 55 161 32 93 56 86 191 38 161 173 150 46 49 98 145 94 21 188 49 118 6 15 178 9 60 172 48 154 60 114 26 119 182 96 161 176 79 137 125 107 200 116 35 158 169 157 124 101 34 101 142 183 56 82 139 57 142 185 126 131 152 122 168 104 149 145 47 91 145 145 189 142 184 140 137 61 29 10 198 102 177 74 29 104 185 84 168 11 156 42 59 61 183 11 32 101 57 115 142 24 81 166 82 193 6 140 122 157 75 105 128 38
877
4 5 155 4 17 13 2 17 150 13 15 16 9 18 154 173 7 5 20 14 2 13 5 11 195 3 152 7 154 16 6 10 0 199 4 155 19 0 13 180 0 1 14 13 1 15 173 17 0 183 10 17 174 20 172 176 188 14 19 1 1 10 13 15 171 11 20 11 7 9 0 10 2 156 2 9 17 17 157 4 5 20 8 0 187 17 174 10 14 6 196 8 12 13 0 4 3 1 10 19 13 13 12 11 11 16 20 12 15 12 158 2 15 17 0 3 20 163 18 18 12 14 16 7 11 0 7 17 184 175 186 20 6 13 200 6 11 0 7 19 5 6 5 12 10 191 176 12 3 16 0 20 11 1 20 5 16 3 16 1 198 14 13 1 153 161 13 163 14 12 16 15 10 8 1 158 17 1 8 16 4 164 183 6 162 15 13 9 19 14 161 172 168 2 191 7 20 199 10 11 155 11 0 153 11 5 15 4 0 17 15 10 6 7 13 6 5 3 9 13 1 6 4 157 5 6 18 10 155 11 9 9 11 2 9 15 7 1 3 4 3 178 6 0 8 5 18 11 14 14 1 195 17 9 4 14 0 15 11 198 15 15 199 13 15 3 3 18 198 8 5 0 184 7 0 8 17 199 0 8 5 19 167 163 19 18 18 17 8 9 9 7 16 19 183 160 5 154 11 19 186 17 18 14 1 20 16 3 5 0 8 15 1 15 16 5 196 18 18 17 11 161 14 6 166 189 20 190 3 6 10 12 17 181 7 18 4 11 11 11 154 165 191 9 1 11 9 16 15 182 20 16 15 10 10 15 1 4 12 6 5 15 10 20 174 9 17 13 11 192 7 168 8 0 20 11 7 9 2 14 167 13 7 160 191 10 2 157 5 183 186 185 2 178 9 12 171 17 17 8 1 11 162 162 183 0 1 9 5 2 0 192 6 18 161 2 9 6 200 11 16 19 18 2 1 8 16 2 6 20 10 1 2 7 19 12 10 4 192 154 1 14 11 6 14 13 0 14 14 15 12 198 6 10 182 5 7 7 150 5 4 4 4 0 5 1 164 152 189 19 187 13 11 14 5 19 20 19 2 19 19 16 12 19 12 19 167 197 190 10 13 14 17 18 13 199 0 1 14 12 13 9 11 19 17 12 185 15 14 8 3 0 11 12 2 0 10 4 6 14 11 19 15 2 173 155 6 9 8 7 17 0 12 7 178 15 177 12 5 159 7 19 2 13 20 184 194 0 13 151 163 16 18 16 11 6 16 19 197 6 200 19 11 17 8 14 20 12 175 6 9 17 193 8 10 9 6 16 14 2 18 15 12 169 188 157 153 20 193 12 19 16 16 10 8 8 6 17 1 18 2 13 3 7 10 10 2 0 8 9 9 20 17 150 10 4 11 16 20 3 18 7 18 6 11 7 15 4 10 13 9 172 0 20 18 182 18 3 0 13 200 12 20 4 0 180 172 6 6 11 5 12 20 184 163 8 18 9 175 13 13 190 153 18 158 17 7 178 8 10 5 10 20 15 3 20 6 165 17 20 6 173 13 12 195 18 3 197 182 157 10 163 175 1 5 12 150 19 11 4 7 13 6 5 9 15 9 4 15 11 13 9 4 10 7 8 19 4 151 7 10 155 10 16 15 2 8 1 1 12 1 7 9 19 195 3 19 7 11 12 2 1 4 13 12 5 5 151 12 184 10 16 16 18 156 12 198 1 6 17 11 182 189 0 6 17 159 11 17 13 188 15 171 17 12 1 196 185 13 18 0 13 4 6 192 8 5 15 183 12 18 18 17 10 12 15 15 15 164 18 15 0 6 8 1 16 2 3 176 15 19 8 15 17 191 9 18 14 16 19 192 11 20 8 7 158 3 4 1 14 152 156 16 18 179 173 1 197 5 158 184 2 0 177 1 2 20 8 17 10 189 2 8 152 16 6 5 17 13 188 180 6 20 12 16 13 1 18 2 9 158 20 12 179 1 5 18
663
0 0 0 0 0 0 0 0 0 0 0 0 0 0 0 0 0 0 0 0 0 0 0 0 0 0 0 0 0 0 0 0 0 0 0 0 0 0 0 0 0 0 0 0 0 0 0 0 0 0 0 0 0 0 0 0 0 0 0 0 0 0 0 0 0 0 0 0 0 0 0 0 0 0 0 0 0 0 0 0 0 0 0 0 0 0 0 0 0 0 0 0 0 0 0 0 0 0 0 0 0 0 0 0 0 0 0 0 0 0 0 0 0 0 0 0 0 0 0 0 0 0 0 0 0 0 0 0 0 0 0 0 0 0 0 0 0 0 0 0 0 0 0 0 0 0 0 0 0 0 0 0 0 0 0 0 0 0 0 0 0 0 0 0 0 0 0 0 0 0 0 0 0 0 0 0 0 0 0 0 0 0 0 0 0 0 0 0 0 0 0 0 0 0 0 0 0 0 0 0 0 0 0 0 0 0 0 0 0 0 0 0 0 0 0 0 0 0 0 0 0 0 0 0 0 0 0 0 0 0 0 0 0 0 0 0 0 0 0 0 0 0 0 0 0 0 0 0 0 0 0 0 0 0 0 0 0 0 0 0 0 0 0 0 0 0 0 0 0 0 0 0 0 0 0 0 0 0 0 0 0 0 0 0 0 0 0 0 0 0 0 0 0 0 0 0 0 0 0 0 0 0 0 0 0 0 0 0 0 0 0 0 0 0 0 0 0 0 0 0 0 0 0 0 0 0 0 0 0 0 0 0 0 0 0 0 0 0 0 0 0 0 0 0 0 0 0 0 0 0 0 0 0 0 0 0 0 0 0 0 0 0 0 0 0 0 0 0 0 0 0 0 0 0 0 0 0 0 0 0 0 0 0 0 0 0 0 0 0 0 0 0 0 0 0 0 0 0 0 0 0 0 0 0 0 0 0 0 0 0 0 0 0 0 0 0 0 0 0 0 0 0 0 0 0 0 0 0 0 0 0 0 0 0 0 0 0 0 0 0 0 0 0 0 0 0 0 0 0 0 0 0 0 0 0 0 0 0 0 0 0 0 0 0 0 0 0 0 0 0 0 0 0 0 0 0 0 0 0 0 0 0 0 0 0 0 0 0 0 0 0 0 0 0 0 0 0 0 0 0 0 0 0 0 0 0 0 0 0 0 0 0 0 0 0 0 0 0 0 0 0 0 0 0 0 0 0 0 0 0 0 0 0 0 0 0 0 0 0 0 0 0 0 0 0 0 0 0 0 0 0 0 0 0 0 0 0 0 0 0 0 0 0 0 0 0 0 0 0 0 0 0 0 0 0 0 0 0 0 0 0 0 0 0 0 0 0 0 0 0 0 0 0 0 0 0 0 0 0 0 0 0 0 0 0 0 0 0 0 0 0 0 0 0 0 0 0 0 0 0 0 0 0 0 0 0 0 0 0 0 0 0 0 0 0 0 0 0 0 0 0 0 0 0 0 0 0 0 0 0 0 0 0 0 0 0 0 0 0 0 0 0 0
80
197 100 134 152 124 73 154 78 119 78 114 85 197 136 58 181 118 124 155 186 49 39 35 160 180 53 114 44 78 93 159 161 141 182 130 26 0 190 15 158 142 34 130 110 15 196 176 12 161 180 57 54 96 174 64 33 30 150 112 92 38 192 91 122 177 171 191 68 71 148 99 155 32 154 106 182 194 111 88 100
547
200 200 200 200 200 200 200 200 200 200 200 200 200 200 200 200 200 200 200 200 200 200 200 200 200 200 200 200 200 200 200 200 200 200 200 200 200 200 200 200 200 200 200 200 200 200 200 200 200 200 200 200 200 200 200 200 200 200 200 200 200 200 200 200 200 200 200 200 200 200 200 200 200 200 200 200 200 200 200 200 200 200 200 200 200 200 200 200 200 200 200 200 200 200 200 200 200 200 200 200 200 200 200 200 200 200 200 200 200 200 200 200 200 200 200 200 200 200 200 200 200 200 200 200 200 200 200 200 200 200 200 200 200 200 200 200 200 200 200 200 200 200 200 200 200 200 200 200 200 200 200 200 200 200 200 200 200 200 200 200 200 200 200 200 200 200 200 200 200 200 200 200 200 200 200 200 200 200 200 200 200 200 200 200 200 200 200 200 200 200 200 200 200 200 200 200 200 200 200 200 200 200 200 200 200 200 200 200 200 200 200 200 200 200 200 200 200 200 200 200 200 200 200 200 200 200 200 200 200 200 200 200 200 200 200 200 200 200 200 200 200 200 200 200 200 200 200 200 200 200 200 200 200 200 200 200 200 200 200 200 200 200 200 200 200 200 200 200 200 200 200 200 200 200 200 200 200 200 200 200 200 200 200 200 200 200 200 200 200 200 200 200 200 200 200 200 200 200 200 200 200 200 200 200 200 200 200 200 200 200 200 200 200 200 200 200 200 200 200 200 200 200 200 200 200 200 200 200 200 200 200 200 200 200 200 200 200 200 200 200 200 200 200 200 200 200 200 200 200 200 200 200 200 200 200 200 200 200 200 200 200 200 200 200 200 200 200 200 200 200 200 200 200 200 200 200 200 200 200 200 200 200 200 200 200 200 200 200 200 200 200 200 200 200 200 200 200 200 200 200 200 200 200 200 200 200 200 200 200 200 200 200 200 200 200 200 200 200 200 200 200 200 200 200 200 200 200 200 200 200 200 200 200 200 200 200 200 200 200 200 200 200 200 200 200 200 200 200 200 200 200 200 200 200 200 200 200 200 200 200 200 200 200 200 200 200 200 200 200 200 200 200 200 200 200 200 200 200 200 200 200 200 200 200 200 200 200 200 200 200 200 200 200 200 200 200 200 200 200 200 200 200 200 200 200 200 200 200 200 200 200 200 200 200 200 200 200 200 200 200 200 200 200 200 200 200 200 200 200 200 200 200 200 200 200 200 200 200 200 200 200 200 200 200 200 200 200
357
12 149 149 149 107 12 107 107 149 149 149 149 12 12 107 12 107 149 149 107 107 107 107 12 149 107 149 149 107 149 107 149 107 107 107 107 149 107 12 149 12 107 149 12 149 149 12 149 149 12 12 107 149 12 12 12 107 149 12 149 12 149 12 149 12 107 149 149 149 149 12 107 12 149 107 12 107 149 12 149 149 107 107 12 12 107 107 107 149 149 12 107 149 107 149 149 149 107 12 149 12 149 12 107 149 107 107 12 12 107 107 149 12 149 149 149 107 149 12 149 149 12 12 107 12 149 149 12 12 149 149 149 149 149 12 12 12 149 149 149 12 12 12 12 12 12 12 107 12 149 12 149 107 12 149 12 12 149 107 12 149 12 107 12 107 107 107 107 149 107 107 107 12 12 12 149 149 12 107 12 107 107 107 107 12 107 12 149 149 149 12 107 149 107 149 149 149 149 149 12 12 149 12 12 107 12 149 12 12 149 12 149 107 12 149 149 12 149 149 12 107 12 107 149 12 149 12 107 107 149 12 149 149 149 149 149 107 149 149 107 149 107 107 107 107 12 149 149 149 12 107 107 12 107 149 149 107 149 149 12 149 107 149 149 12 149 12 107 149 107 149 12 149 149 12 12 12 12 149 149 107 107 107 149 149 149 12 107 12 107 107 12 107 149 149 107 107 107 107 149 107 149 12 12 12 12 12 149 149 107 149 149 107 149 107 107 149 149 107 12 107 12 12 12 107 107 149 107 12 107 12 107 149 12 12 149 149 149 107 149 12 107 12 149 12 107 107 107 149 107 107 12 149 12 12 107 149
404
200 200 200 200 200 200 200 200 200 200 200 200 200 200 200 200 200 200 200 200 200 200 200 200 200 200 200 200 200 200 200 200 200 200 200 200 200 200 200 200 200 200 200 200 200 200 200 200 200 200 200 200 200 200 200 200 200 200 200 200 200 200 200 200 200 200 200 200 200 200 200 200 200 200 200 200 200 200 200 200 200 200 200 200 200 200 200 200 200 200 200 200 200 200 200 200 200 200 200 200 200 200 200 200 200 200 200 200 200 200 200 200 200 200 200 200 200 200 200 200 200 200 200 200 200 200 200 200 200 200 200 200 200 200 200 200 200 200 200 200 200 200 200 200 200 200 200 200 200 200 200 200 200 200 200 200 200 200 200 200 200 200 200 200 200 200 200 200 200 200 200 200 200 200 200 200 200 200 200 200 200 200 200 200 200 200 200 200 200 200 200 200 200 200 200 200 200 200 200 200 200 200 200 200 200 200 200 200 200 200 200 200 200 200 200 200 200 200 200 200 200 200 200 200 200 200 200 200 200 200 200 200 200 200 200 200 200 200 200 200 200 200 200 200 200 200 200 200 200 200 200 200 200 200 200 200 200 200 200 200 200 200 200 200 200 200 200 200 200 200 200 200 200 200 200 200 200 200 200 200 200 200 200 200 200 200 200 200 200 200 200 200 200 200 200 200 200 200 200 200 200 200 200 200 200 200 200 200 200 200 200 200 200 200 200 200 200 200 200 200 200 200 200 200 200 200 200 200 200 200 200 200 200 200 200 200 200 200 200 200 200 200 200 200 200 200 200 200 200 200 200 200 200 200 200 200 200 200 200 200 200 200 200 200 200 200 200 200 200 200 200 200 200 200 200 200 200 200 200 200 200 200 200 200 200 200 200 200 200 200 200 200 200 200 200 200 200 200 200 200 200 200 200 200
1
0
936
0 200 99 95 105 56 94 71 97 92 91 107 96 56 62 79 80 106 114 57 52 93 99 93 73 53 69 79 80 109 119 73 71 98 108 58 57 91 66 77 76 53 66 70 113 84 112 107 53 105 73 89 54 99 118 55 52 96 69 64 95 117 73 98 64 82 66 101 51 61 61 64 65 65 60 119 101 91 92 98 78 111 80 109 111 104 116 56 76 78 82 102 111 112 55 65 54 56 71 112 97 62 71 78 97 83 91 87 119 52 97 106 117 102 88 55 54 73 86 118 105 96 88 88 74 63 93 109 99 111 69 94 56 77 57 82 55 104 78 66 90 106 112 88 56 58 79 97 120 78 55 85 78 100 110 94 56 114 58 106 69 92 55 78 75 63 61 70 66 75 65 97 114 69 108 57 88 61 120 67 77 59 51 79 63 51 50 118 58 97 82 50 106 54 113 61 77 119 87 54 84 50 81 113 89 119 91 93 110 62 88 84 102 63 116 110 76 82 88 96 57 78 54 91 59 95 120 104 104 113 106 110 84 113 105 58 107 85 52 53 85 79 65 81 116 92 90 51 56 54 64 77 78 69 67 60 68 61 120 90 74 114 52 97 82 54 50 88 102 79 72 98 62 87 74 89 98 78 55 113 87 62 50 88 113 117 77 63 87 78 96 69 54 105 93 66 91 60 87 92 105 115 55 85 52 81 84 117 116 66 111 70 94 115 106 75 108 93 117 120 82 84 101 108 81 107 117 75 52 116 103 96 113 51 63 92 72 67 58 55 72 64 59 56 54 81 79 88 88 60 78 114 120 111 89 51 112 98 85 79 91 88 69 93 51 119 81 120 50 91 118 115 95 52 110 84 65 73 90 120 51 50 58 77 118 52 80 81 119 101 92 78 120 72 59 50 55 88 58 93 110 70 74 72 95 89 63 62 76 112 74 94 112 114 96 72 97 85 65 104 96 51 113 102 74 87 60 75 80 93 71 98 78 99 94 79 76 50 70 80 73 109 89 117 99 118 111 84 100 113 70 91 96 50 60 119 58 104 108 95 116 88 82 65 99 66 75 88 58 74 63 95 112 74 74 106 98 112 70 65 115 53 60 73 82 88 116 110 61 111 66 63 75 118 56 101 54 90 109 63 54 50 61 50 52 98 63 57 92 89 69 50 111 87 107 54 58 50 57 79 85 69 109 105 100 110 116 114 113 99 53 90 109 74 86 66 91 86 116 87 98 88 111 55 51 109 63 97 71 74 80 65 74 117 81 73 98 79 50 103 110 111 70 104 95 70 110 79 92 52 81 118 65 80 119 71 86 118 92 64 63 69 96 58 92 110 109 65 62 101 79 110 77 57 82 69 111 106 117 109 60 113 54 91 97 118 53 97 109 69 103 56 82 66 80 104 100 56 59 54 69 61 88 65 73 107 68 93 73 110 66 91 94 56 108 111 92 108 119 98 106 103 56 94 114 95 107 101 69 56 88 90 98 56 55 61 68 103 98 70 64 83 76 120 83 58 117 107 62 88 118 70 80 75 106 119 110 89 72 106 72 93 64 56 67 93 87 115 59 106 91 63 58 107 52 69 61 76 116 78 114 105 68 92 102 88 106 54 76 111 96 105 97 78 57 69 67 93 85 84 113 75 80 117 101 114 99 61 61 67 98 120 67 88 115 50 91 66 56 60 116 95 120 75 117 79 84 119 105 60 102 69 105 82 65 91 112 102 102 100 86 88 100 117 84 112 100 77 59 56 62 63 70 85 91 109 60 104 113 104 98 84 117 88 112 86 74 84 75 114 80 84 92 117 62 90 102 58 96 95 96 118 103 55 59 96 64 99 88 85 102 91 112 102 68 104 116 85 53 104 55 54 101 109 77 72 58 73 72 54 101 93 110 76 78 54 114 51 104 114 85 108 53 55 67 75 114 120 56 65 98 70 50 102 96 101 71 77 112 84 52 115 97 53 113 109 65 98 81 81 81 99 83 50 65 87 50 53 100 99 72 52 87 63 68 103 97 58 50 87 63 66 96 102 116 118 80 81 73 115 72 67 86 116 56 77 58 78 65 65 94 53 88 70 100 67 53 77 113 92 59 118 118 78 51 78 61 101 102 114 112 54 78 95 98 200
990
0 200 82 108 106 85 115 77 74 54 97 77 83 92 67 85 93 112 75 68 105 96 84 90 81 96 90 90 82 108 74 71 118 99 98 99 104 55 93 87 54 64 82 61 86 62 118 70 81 116 91 67 60 63 96 70 88 74 103 110 51 65 58 98 54 59 107 85 65 68 88 53 117 68 79 93 107 97 84 84 72 55 52 109 105 67 116 109 120 99 86 91 98 107 91 72 78 109 50 86 108 102 85 85 96 102 60 109 57 115 93 103 52 50 101 111 80 67 91 72 111 85 50 108 88 117 118 74 81 115 76 52 100 73 105 106 91 68 83 114 108 82 85 104 109 61 110 57 105 58 74 81 115 70 57 72 120 110 116 69 96 50 112 52 52 109 95 92 85 111 90 80 89 118 55 93 93 72 96 111 74 75 101 92 54 61 90 88 120 83 85 58 60 102 104 52 54 103 111 116 80 50 108 78 80 83 90 61 50 115 63 65 74 108 68 108 83 59 91 115 103 72 84 76 85 72 65 69 94 108 108 67 85 79 81 96 103 61 67 90 55 84 83 106 63 92 113 62 62 51 87 97 113 90 55 75 99 103 53 77 85 82 76 104 58 119 70 118 100 95 109 117 76 106 92 107 69 56 69 76 94 59 87 115 112 90 107 82 118 112 71 67 52 61 76 76 66 82 113 84 81 52 51 117 115 59 114 98 87 80 94 96 70 74 58 100 51 85 52 110 100 100 97 99 100 93 74 93 109 66 112 96 53 80 117 69 92 60 106 118 69 66 68 73 50 108 75 54 80 64 115 94 98 81 60 60 90 116 117 87 114 98 114 54 109 79 90 110 61 97 101 50 115 73 111 109 107 109 119 91 103 56 91 101 115 98 74 107 116 62 78 97 95 54 75 98 79 105 82 70 55 57 79 90 58 109 65 75 73 70 107 86 100 102 100 104 110 80 81 50 102 109 80 95 106 118 92 55 108 105 58 54 77 101 101 62 69 70 113 72 52 86 89 83 60 90 116 108 117 111 80 108 104 68 65 80 116 52 114 59 68 86 51 55 92 87 56 115 56 69 57 76 60 93 73 60 65 101 96 79 87 103 99 64 67 93 90 65 77 109 73 117 105 68 107 58 120 72 95 87 90 78 80 60 92 99 98 107 115 120 74 105 109 69 112 51 59 101 91 113 51 116 111 93 50 62 52 81 110 99 55 51 89 95 72 89 72 52 101 80 78 71 119 107 54 112 64 105 106 119 50 105 60 118 87 114 68 102 98 56 79 56 111 105 55 98 115 83 98 81 96 96 64 62 87 88 50 76 53 51 70 85 119 84 51 116 117 114 81 86 66 91 97 56 112 77 114 79 94 106 105 51 60 61 108 112 67 90 57 73 65 114 54 115 67 83 64 93 76 94 79 106 52 71 50 79 60 88 57 96 107 73 77 112 54 54 116 105 57 80 79 86 75 73 113 94 74 77 114 105 83 82 75 117 70 80 83 93 103 87 103 95 60 113 85 116 110 71 78 78 77 112 72 106 62 72 88 56 91 99 112 105 117 72 105 92 79 97 58 62 100 116 117 71 80 52 82 83 105 73 85 83 96 59 66 60 66 119 59 51 113 55 65 98 79 89 94 90 77 112 101 89 97 90 77 106 93 52 118 82 52 67 66 67 91 107 60 105 108 56 98 108 81 66 99 53 120 87 66 98 95 97 75 58 68 84 97 71 88 66 77 120 111 92 67 58 84 111 116 114 119 51 112 89 103 56 63 81 80 72 55 94 55 94 111 85 108 74 70 116 74 98 72 87 100 68 103 103 67 100 118 100 54 73 83 89 86 61 70 75 73 67 76 97 70 117 80 54 70 61 56 64 57 62 100 113 53 107 75 59 77 111 74 109 109 86 99 82 101 105 80 63 64 75 84 115 120 117 89 65 63 98 75 58 61 61 57 105 51 52 118 53 65 106 99 72 56 70 98 75 119 102 103 93 107 52 84 67 120 93 50 50 83 69 64 120 53 54 66 55 100 100 78 52 86 119 69 100 108 52 118 117 106 82 105 55 96 116 68 70 56 86 65 106 96 57 111 106 67 106 56 109 64 84 61 103 88 104 51 71 91 104 55 113 60 107 105 53 113 112 101 68 82 88 71 92 82 105 54 110 103 115 92 52 58 107 57 83 99 55 117 111 97 106 81 62 103 108 64 82 62 91 93 73 100 83 75 114 66 67 90 112 111 118 115 85 73 68 54 200
65
0 200 56 67 104 104 52 120 68 58 50 79 62 80 54 58 102 87 66 62 93 100 76 61 94 91 107 56 65 76 106 57 108 52 90 68 80 60 98 74 60 94 56 92 62 109 91 97 54 97 66 88 63 119 55 109 101 79 106 109 76 50 61 84 200
227
198 34 34 97 198 34 172 97 182 195 198 172 97 182 34 172 97 182 172 97 97 97 198 34 34 198 34 97 172 182 97 198 34 182 97 195 182 172 198 34 198 182 198 198 195 97 182 182 182 182 97 182 198 34 182 34 198 195 172 34 97 97 97 172 198 34 198 172 195 97 198 172 172 97 97 97 195 195 182 198 172 97 182 198 97 195 172 182 172 172 195 198 34 172 172 97 97 195 172 198 172 172 172 172 198 34 97 172 172 195 195 172 34 172 172 198 34 97 172 34 34 34 97 182 182 198 97 97 34 182 172 97 97 34 97 34 195 34 195 195 198 198 97 198 198 182 97 172 34 34 172 97 172 182 97 195 182 195 172 195 34 182 34 195 198 198 182 34 198 195 195 34 172 195 97 182 97 195 198 172 195 172 172 34 34 195 182 97 198 182 172 172 34 195 182 172 172 172 195 34 198 34 198 97 198 195 182 97 34 182 198 182 182 97 97 172 198 198 34 97 182 172 182 182 182 97 182
851
110 109 101 100 123 39 49 48 11 14 6 107 95 160 26 36 125 79 112 196 179 149 73 174 178 113 23 69 135 123 29 130 52 67 92 100 118 22 1 109 136 1 1 61 184 8 136 168 162 120 68 174 33 95 171 153 187 151 91 83 189 97 47 13 76 11 36 195 164 39 24 170 79 112 171 164 105 9 191 101 102 199 180 161 58 39 144 117 155 154 194 137 132 75 159 123 28 66 196 151 4 163 121 77 32 24 179 132 12 75 138 139 163 146 159 90 116 91 42 4 19 147 138 200 27 194 99 18 180 167 71 126 50 110 44 107 94 183 181 94 82 190 13 56 87 103 138 106 181 114 75 80 105 180 25 3 192 6 192 78 160 28 167 14 147 50 118 129 186 184 166 22 13 121 161 102 200 130 137 151 109 31 44 67 130 82 102 158 15 154 62 82 181 161 134 94 146 174 45 199 140 164 116 54 79 36 136 124 12 113 186 150 1 190 130 166 156 168 170 145 167 123 173 82 103 18 53 186 93 79 154 189 67 69 94 12 116 79 120 0 148 9 78 9 59 37 141 117 153 44 26 95 58 167 43 145 6 180 117 132 28 62 91 26 59 18 43 64 26 150 91 51 181 23 168 135 107 191 127 119 90 28 182 33 81 8 121 156 119 60 17 153 10 187 164 69 46 166 97 9 196 104 34 47 21 131 63 160 116 193 97 120 161 65 68 175 121 40 30 145 2 36 111 159 55 142 47 101 157 197 104 122 71 140 113 144 102 197 124 73 166 121 140 3 90 76 144 190 158 192 149 104 21 65 151 94 166 16 91 28 116 97 89 93 171 154 141 183 167 182 12 47 155 112 176 39 29 39 36 172 107 192 171 106 123 93 4 23 36 48 68 82 56 157 42 158 94 158 108 110 103 109 162 124 193 60 177 164 53 181 86 68 86 105 154 168 193 168 62 27 21 6 74 81 90 72 97 21 37 176 143 47 23 143 23 117 18 20 133 43 119 118 192 170 153 54 32 165 82 22 1 129 72 107 44 109 51 23 114 17 97 84 110 3 69 53 46 53 71 143 49 44 153 8 103 194 75 166 76 41 16 167 40 103 65 36 3 49 187 151 129 179 10 78 37 122 50 22 2 129 137 27 155 109 15 158 38 165 93 94 2 118 11 76 65 38 180 62 15 20 64 199 51 123 63 189 21 78 130 56 14 185 171 109 59 190 29 84 191 35 69 142 47 131 129 16 92 24 182 7 191 25 108 21 108 121 78 74 67 128 188 44 181 99 38 62 113 190 68 9 174 15 144 107 55 193 162 94 154 40 70 39 146 115 0 87 67 128 153 70 187 158 83 155 15 55 17 25 188 70 99 115 82 153 124 109 56 74 108 83 148 31 136 183 63 188 12 139 158 125 56 117 83 141 152 163 134 169 191 42 6 187 77 51 181 81 27 96 89 8 117 91 26 61 132 56 150 86 38 198 41 32 173 165 129 184 174 90 83 185 100 25 169 53 7 107 70 31 21 161 10 191 182 165 15 165 51 152 165 71 172 177 105 6 96 50 167 187 183 186 26 115 88 9 82 180 152 170 140 153 161 152 11 185 119 20 188 2 36 148 48 73 63 39 118 122 85 31 170 45 46 119 53 200 34 43 106 17 70 3 107 70 127 103 73 22 99 169 168 152 99 98 155 176 122 103 153 33 32 18 29 111 143 134 189 129 112 156 20 16 96 51 82 25 147 141 22 42 89 172 32 16 154 51 175 113 178 116 20 83 198 5 163 160 27 200 181 91 181 41 163 10 5 25 106 154 94 136 138 9 162 134 25 107 27 44 38 198 4 170 75 194 49 69 3 120 193 156 121 107 120 174 132 182 44 83 77 165 127 124 106 67 147 107 14 71 98 29 59 142 75 108 93 180 163 144 173 58 200 53 146
748
13 0 12 3 7 20 13 5 8 20 19 9 7 1 14 15 2 5 17 15 13 16 15 1 16 17 13 8 7 10 0 0 0 5 17 3 0 15 1 1 3 12 2 11 9 2 3 4 3 15 5 2 17 17 17 20 9 0 2 8 1 18 12 16 20 11 19 17 15 12 9 19 12 18 15 13 1 8 14 12 14 15 10 19 8 15 1 14 17 15 17 13 7 20 9 15 0 3 5 14 14 8 4 13 13 3 18 11 10 7 13 7 17 9 3 13 9 17 5 9 10 14 15 20 12 15 18 3 20 2 8 17 19 2 0 3 2 6 18 13 14 16 13 9 19 10 15 16 3 18 16 17 17 11 20 5 14 3 18 10 8 8 14 10 12 8 11 19 2 17 18 9 4 3 18 16 0 18 0 13 6 15 20 14 13 18 20 0 17 0 10 18 10 14 8 19 13 2 15 3 0 17 14 20 13 0 8 20 16 12 4 18 7 1 3 14 19 19 1 0 3 12 19 19 11 18 12 20 15 17 7 20 17 15 13 1 9 9 14 5 17 0 10 11 16 7 13 0 0 12 7 0 8 18 6 3 19 20 9 16 9 19 0 6 3 20 1 12 19 1 5 18 18 0 14 15 10 15 12 19 10 14 11 0 2 20 6 11 11 18 5 1 8 18 3 9 7 10 12 6 17 18 12 19 9 16 15 10 18 11 3 18 3 5 20 8 8 3 5 5 8 1 4 4 1 17 19 18 6 2 14 13 7 3 9 15 3 12 20 19 13 6 16 15 7 20 6 14 9 17 4 14 4 20 13 20 3 16 7 13 3 18 7 3 10 1 2 15 2 7 12 4 20 11 5 14 8 15 2 11 9 12 8 3 20 10 12 18 10 2 19 14 6 17 20 15 13 3 4 11 16 17 20 7 5 12 3 11 1 20 10 4 4 16 8 15 13 2 10 19 4 7 1 15 11 16 14 3 11 6 11 19 1 1 13 0 19 20 7 4 11 19 6 7 11 13 19 15 14 6 3 9 15 19 8 14 13 9 18 10 15 16 8 17 11 7 3 15 0 14 14 5 9 15 0 10 15 6 17 12 14 5 17 13 3 9 4 5 5 4 18 4 14 7 18 15 16 10 17 16 13 5 14 1 6 17 0 11 18 13 9 3 20 6 14 10 10 1 15 17 13 10 11 11 5 18 14 0 15 0 2 16 1 18 12 8 11 14 10 9 4 10 10 14 14 2 18 13 13 20 9 1 13 18 17 1 8 20 20 12 4 4 16 20 4 0 16 5 12 0 15 5 3 13 8 7 19 4 14 5 0 3 10 4 0 20 15 18 2 5 2 7 19 20 3 18 10 13 17 18 20 7 3 11 16 12 1 11 17 6 16 12 17 7 10 1 3 13 8 0 14 13 11 4 5 2 4 3 18 17 2 3 1 11 17 13 4 10 18 0 9 15 14 0 4 4 16 17 7 13 1 1 16 18 14 2 16 1 7 12 14 0 20 12 4 3 4 9 9 7 9 20 8 5 8 18 1 16 19 9 12 3 9 14 3 0 4 11 3 4 18 7 7 13 8 5 19 2 4 7 12 10 5 17 9 3 2 5 2 18 18 1 6 15 3 20 4 17 11 8 5 12 11 14 17 9 3 10 3 18 17 2 18 8 2 9 9 12 19 4 5 0 10 11 16 7 16 2
846
176 127 123 2 127 127 176 197 123 197 61 61 197 176 127 61 123 127 61 123 197 123 61 61 127 176 176 127 197 123 197 2 176 197 61 127 176 2 61 197 176 61 197 127 197 197 197 61 123 123 127 176 127 176 61 2 123 2 123 127 2 127 61 176 2 2 123 197 176 127 176 2 197 197 2 127 123 197 123 127 197 127 127 123 197 127 61 61 61 197 197 197 176 123 2 2 61 197 197 2 123 176 197 2 127 123 127 127 127 127 176 176 61 176 123 176 127 127 127 197 61 176 123 123 2 127 123 197 123 2 123 127 61 61 127 176 176 61 123 123 197 176 123 2 176 127 123 61 2 127 61 61 176 176 2 123 127 176 197 127 2 127 123 123 197 123 197 123 127 197 176 127 123 61 197 123 176 127 2 123 2 2 197 176 127 127 197 197 61 2 123 61 123 123 123 61 61 176 127 127 61 123 197 2 127 127 2 127 197 123 123 61 176 127 176 197 176 127 127 197 61 197 123 197 61 61 197 2 2 127 2 176 197 176 123 127 123 176 127 123 123 176 127 197 123 61 61 197 2 61 2 2 2 176 61 2 197 176 127 127 176 127 123 197 197 176 127 61 2 2 197 176 61 123 176 2 123 197 61 176 2 2 176 123 61 123 127 176 61 61 127 176 176 176 176 176 127 127 197 176 61 123 123 61 123 197 2 123 197 2 123 2 127 127 197 127 197 176 197 197 123 2 127 127 127 127 176 127 127 123 2 123 61 176 197 197 61 127 2 176 176 127 176 127 61 176 197 127 61 61 197 123 197 61 61 176 197 2 61 61 2 127 127 123 197 197 176 197 197 176 2 176 197 197 2 2 176 2 176 2 123 127 176 197 197 176 127 2 2 61 176 61 197 123 61 2 127 123 123 197 176 176 61 2 176 61 176 197 197 197 127 61 2 123 176 123 197 123 2 127 2 61 2 61 176 123 176 61 2 197 61 61 176 61 176 61 127 127 123 197 61 197 123 197 176 197 127 123 61 127 61 176 197 61 176 197 176 61 61 2 2 176 61 176 197 127 197 123 61 176 61 176 2 176 2 197 123 127 176 2 61 197 61 61 2 123 127 197 197 123 2 61 2 61 127 2 2 176 197 176 176 176 176 2 123 176 2 123 197 123 176 127 127 176 123 176 127 61 127 197 127 197 176 2 61 197 176 127 127 127 123 197 123 197 2 61 176 123 2 2 123 2 2 2 61 61 176 123 176 197 127 2 176 197 2 197 127 197 61 2 2 2 2 127 2 197 127 123 197 197 2 123 123 176 61 2 176 127 2 123 123 127 2 2 176 127 123 176 197 2 123 176 123 61 123 2 2 127 197 61 2 176 123 2 176 123 123 197 127 197 176 197 123 2 197 123 123 127 127 127 127 2 2 61 123 197 176 61 176 123 123 123 2 61 123 61 123 127 127 123 2 61 127 127 2 176 123 127 176 197 176 197 176 123 176 176 176 61 61 123 127 127 61 197 127 127 197 2 61 197 123 127 197 176 61 127 127 127 197 176 2 61 61 176 197 176 2 61 2 2 176 2 127 176 176 123 197 197 61 123 61 123 123 123 197 2 176 61 197 197 2 127 176 197 197 2 61 123 123 176 123 127 127 197 2 61 176 61 123 123 61 61 61 123 176 197 123 123 123 197 123 2 2 176 127 123 197 61 2 123 176 123 2 123 2 127 61 2 197 2 61 2 2 197 2 127 127 2 127 61 61 197 2 123 2 127 127 127 197 176 127 176 127 176 176 127 127 127 197 2 176 2 127 61 123 123 2 123 197 197 2 176 127 176 61 123 127 197 61 2 176 127 123 197 123 176 197 176 197 197 61 176 127 61 61 176 197 123 127 123 176 176 197 127 2 2 127 123 127 61 176 2 123 123 197 197
532
6 12 2 14 10 8 5 15 17 16 6 14 10 2 0 2 13 17 4 10 0 20 3 15 16 20 13 10 7 16 11 15 20 7 6 15 12 15 8 20 13 13 0 19 2 3 13 2 10 19 2 16 1 9 14 0 3 12 5 2 15 16 17 14 3 16 1 3 0 1 9 1 18 18 3 19 18 13 8 17 12 6 18 1 3 18 13 12 19 14 20 5 10 3 19 4 4 7 3 14 2 12 3 9 0 16 11 7 15 1 17 10 5 19 3 4 9 9 19 4 1 8 2 10 2 1 12 10 3 7 8 1 11 4 9 5 11 16 6 4 16 12 5 14 14 12 14 14 5 10 1 17 16 15 16 2 20 6 2 12 2 3 16 5 19 19 5 7 16 16 18 5 18 8 18 4 12 8 2 16 18 4 0 14 11 9 16 8 20 5 11 5 8 0 15 19 15 14 20 13 16 14 14 14 20 19 2 0 16 14 19 0 6 12 5 7 15 0 19 7 9 5 5 19 13 8 9 11 2 12 1 6 13 17 3 14 18 18 2 18 3 7 9 0 15 0 18 14 20 5 7 6 19 11 12 2 8 2 13 14 14 0 9 14 4 6 2 3 12 13 0 14 12 20 8 6 3 18 9 4 3 8 14 4 0 4 7 20 18 20 11 8 15 0 11 4 9 18 9 9 15 7 5 16 2 5 15 20 17 9 6 10 8 2 19 15 12 16 13 20 1 7 18 7 7 19 16 16 11 16 2 9 9 9 10 9 11 3 0 12 15 11 11 13 6 13 12 8 6 6 15 17 0 17 16 9 12 8 17 20 7 4 19 14 3 13 1 16 5 17 16 20 4 1 11 2 16 12 1 13 5 3 5 17 20 14 19 14 16 14 11 1 3 2 19 13 11 19 2 17 14 7 0 17 7 0 14 8 0 3 20 19 8 19 15 17 2 14 4 15 2 13 13 12 14 18 4 7 4 17 7 12 11 5 11 8 0 2 16 19 17 19 8 10 10 1 1 12 18 9 13 11 17 4 12 7 10 18 14 9 6 8 17 2 16 9 5 9 20 13 15 18 4 7 12 3 16 19 14 17 7 8 7 13 7 3 14 19 9 0 0 1 13 16 6 2 12 10 5 7 10 12 0 0 20 3 13 20 18 20 5 19 2 16 9 0 15 5 9 19 12 3 3 4 5 17 18 4 8 2 13 18
149
166 87 87 62 87 181 181 62 87 62 62 87 87 166 166 166 62 166 87 62 166 181 181 62 87 87 166 166 87 87 87 62 181 87 166 166 87 87 87 87 62 87 87 166 181 87 62 181 87 62 87 62 166 181 62 87 166 87 87 87 166 62 87 62 181 87 181 181 166 87 181 87 87 87 166 87 166 62 181 87 87 87 87 87 166 87 166 62 181 87 62 166 166 181 166 87 166 181 62 87 87 87 181 181 181 181 166 181 87 166 87 87 87 87 87 62 62 87 87 87 87 87 62 166 166 62 181 87 181 181 181 87 87 166 166 87 181 87 181 181 87 166 166 62 166 181 87 166 87
125
18 160 0 166 18 19 0 16 168 6 1 18 13 20 4 16 6 20 5 20 19 9 20 12 14 9 1 6 15 13 16 4 4 169 14 11 8 7 8 14 16 6 10 175 19 3 4 19 162 1 1 12 12 9 175 3 5 178 6 1 5 1 5 3 16 10 7 165 2 166 3 17 6 12 4 1 12 20 6 19 0 11 1 8 3 196 16 10 174 17 10 177 0 178 12 4 18 20 13 0 17 19 12 4 13 17 19 8 6 173 19 198 2 16 6 5 155 12 182 160 15 196 13 152 20
903
200 200 200 200 200 200 200 200 200 200 200 200 200 200 200 200 200 200 200 200 200 200 200 200 200 200 200 200 200 200 200 200 200 200 200 200 200 200 200 200 200 200 200 200 200 200 200 200 200 200 200 200 200 200 200 200 200 200 200 200 200 200 200 200 200 200 200 200 200 200 200 200 200 200 200 200 200 200 200 200 200 200 200 200 200 200 200 200 200 200 200 200 200 200 200 200 200 200 200 200 200 200 200 200 200 200 200 200 200 200 200 200 200 200 200 200 200 200 200 200 200 200 200 200 200 200 200 200 200 200 200 200 200 200 200 200 200 200 200 200 200 200 200 200 200 200 200 200 200 200 200 200 200 200 200 200 200 200 200 200 200 200 200 200 200 200 200 200 200 200 200 200 200 200 200 200 200 200 200 200 200 200 200 200 200 200 200 200 200 200 200 200 200 200 200 200 200 200 200 200 200 200 200 200 200 200 200 200 200 200 200 200 200 200 200 200 200 200 200 200 200 200 200 200 200 200 200 200 200 200 200 200 200 200 200 200 200 200 200 200 200 200 200 200 200 200 200 200 200 200 200 200 200 200 200 200 200 200 200 200 200 200 200 200 200 200 200 200 200 200 200 200 200 200 200 200 200 200 200 200 200 200 200 200 200 200 200 200 200 200 200 200 200 200 200 200 200 200 200 200 200 200 200 200 200 200 200 200 200 200 200 200 200 200 200 200 200 200 200 200 200 200 200 200 200 200 200 200 200 200 200 200 200 200 200 200 200 200 200 200 200 200 200 200 200 200 200 200 200 200 200 200 200 200 200 200 200 200 200 200 200 200 200 200 200 200 200 200 200 200 200 200 200 200 200 200 200 200 200 200 200 200 200 200 200 200 200 200 200 200 200 200 200 200 200 200 200 200 200 200 200 200 200 200 200 200 200 200 200 200 200 200 200 200 200 200 200 200 200 200 200 200 200 200 200 200 200 200 200 200 200 200 200 200 200 200 200 200 200 200 200 200 200 200 200 200 200 200 200 200 200 200 200 200 200 200 200 200 200 200 200 200 200 200 200 200 200 200 200 200 200 200 200 200 200 200 200 200 200 200 200 200 200 200 200 200 200 200 200 200 200 200 200 200 200 200 200 200 200 200 200 200 200 200 200 200 200 200 200 200 200 200 200 200 200 200 200 200 200 200 200 200 200 200 200 200 200 200 200 200 200 200 200 200 200 200 200 200 200 200 200 200 200 200 200 200 200 200 200 200 200 200 200 200 200 200 200 200 200 200 200 200 200 200 200 200 200 200 200 200 200 200 200 200 200 200 200 200 200 200 200 200 200 200 200 200 200 200 200 200 200 200 200 200 200 200 200 200 200 200 200 200 200 200 200 200 200 200 200 200 200 200 200 200 200 200 200 200 200 200 200 200 200 200 200 200 200 200 200 200 200 200 200 200 200 200 200 200 200 200 200 200 200 200 200 200 200 200 200 200 200 200 200 200 200 200 200 200 200 200 200 200 200 200 200 200 200 200 200 200 200 200 200 200 200 200 200 200 200 200 200 200 200 200 200 200 200 200 200 200 200 200 200 200 200 200 200 200 200 200 200 200 200 200 200 200 200 200 200 200 200 200 200 200 200 200 200 200 200 200 200 200 200 200 200 200 200 200 200 200 200 200 200 200 200 200 200 200 200 200 200 200 200 200 200 200 200 200 200 200 200 200 200 200 200 200 200 200 200 200 200 200 200 200 200 200 200 200 200 200 200 200 200 200 200 200 200 200 200 200 200 200 200 200 200 200 200 200 200 200 200 200 200 200 200 200 200 200 200 200 200 200 200 200 200 200 200 200 200 200 200 200 200 200 200 200 200 200 200 200 200 200 200 200 200 200 200 200 200 200 200 200 200 200 200 200 200 200 200 200 200 200 200 200 200 200 200 200 200 200 200 200 200 200 200 200 200 200 200 200 200 200 200 200 200 200 200 200 200 200 200 200 200 200 200 200 200 200 200 200 200 200 200 200 200 200 200 200 200 200 200 200 200 200 200 200 200 200 200 200 200 200 200
61
11 12 12 9 5 7 17 13 2 0 4 1 16 14 13 18 20 8 9 15 10 8 2 6 11 0 12 4 16 0 17 20 10 3 0 18 2 17 16 8 10 6 9 11 5 11 0 6 0 10 6 1 0 12 2 0 20 4 0 11 7
556
135 135 135 194 194 135 135 79 79 79 79 79 135 135 194 194 79 135 135 79 79 79 194 135 79 79 194 194 194 79 135 194 79 194 194 79 79 79 79 135 135 79 135 79 135 194 79 135 79 135 135 135 79 135 135 79 79 194 135 79 79 194 135 79 135 194 194 135 194 194 79 135 194 194 135 194 194 194 135 135 79 135 79 79 194 135 79 135 79 194 79 194 79 79 135 79 194 194 135 79 194 135 135 194 135 79 194 194 79 194 79 135 194 79 194 79 135 135 79 194 135 194 194 79 194 79 135 79 135 79 135 135 135 79 79 79 135 135 194 135 135 79 135 79 194 79 79 79 194 135 194 79 194 79 194 79 135 79 194 79 79 135 79 135 79 79 79 135 135 79 79 79 79 135 194 194 194 79 79 194 135 79 135 79 194 79 194 79 79 135 79 79 135 135 135 194 79 135 194 135 135 194 135 135 135 79 79 194 79 135 135 135 135 79 79 194 194 79 135 135 135 135 135 135 79 194 135 79 135 135 135 79 79 194 135 79 194 79 135 194 194 135 194 194 135 194 79 79 194 135 194 194 194 135 194 135 135 194 79 79 79 79 135 135 135 135 194 194 135 135 135 135 79 135 194 194 194 135 79 135 194 79 194 79 194 135 194 194 194 135 79 135 135 79 79 135 79 79 135 194 194 194 194 79 79 135 79 194 194 79 194 135 79 79 135 79 79 194 135 194 79 79 79 135 79 79 135 135 79 79 135 135 135 135 79 194 135 194 79 135 194 135 79 194 194 135 79 135 79 194 79 79 135 194 194 79 135 79 135 79 135 194 135 79 135 135 79 79 79 135 194 135 194 79 79 194 194 135 194 194 194 194 79 135 79 79 79 135 79 135 79 79 79 79 79 135 194 135 79 135 194 194 79 135 135 79 194 194 135 194 135 79 79 135 135 135 79 194 194 194 135 135 79 135 135 135 135 79 194 194 135 194 79 79 135 79 194 79 135 194 79 135 194 79 135 79 194 194 194 135 135 135 79 79 194 194 194 79 79 135 135 194 135 135 194 135 135 194 135 135 194 135 135 194 194 135 194 135 135 79 194 194 79 194 135 194 135 194 194 194 135 135 135 135 135 135 194 194 135 194 194 194 135 79 194 194 135 79 79 194 194 135 79 135 135 79 79 79 135 135 135 135 135 194 194 79 135 194 135 79 79 194 135 194 135 79 135 135 79 194 135 79 194 135 135 194 135 79 135 135 135 135 79 194 79 194
382
200 200 200 200 200 200 200 200 200 200 200 200 200 200 200 200 200 200 200 200 200 200 200 200 200 200 200 200 200 200 200 200 200 200 200 200 200 200 200 200 200 200 200 200 200 200 200 200 200 200 200 200 200 200 200 200 200 200 200 200 200 200 200 200 200 200 200 200 200 200 200 200 200 200 200 200 200 200 200 200 200 200 200 200 200 200 200 200 200 200 200 200 200 200 200 200 200 200 200 200 200 200 200 200 200 200 200 200 200 200 200 200 200 200 200 200 200 200 200 200 200 200 200 200 200 200 200 200 200 200 200 200 200 200 200 200 200 200 200 200 200 200 200 200 200 200 200 200 200 200 200 200 200 200 200 200 200 200 200 200 200 200 200 200 200 200 200 200 200 200 200 200 200 200 200 200 200 200 200 200 200 200 200 200 200 200 200 200 200 200 200 200 200 200 200 200 200 200 200 200 200 200 200 200 200 200 200 200 200 200 200 200 200 200 200 200 200 200 200 200 200 200 200 200 200 200 200 200 200 200 200 200 200 200 200 200 200 200 200 200 200 200 200 200 200 200 200 200 200 200 200 200 200 200 200 200 200 200 200 200 200 200 200 200 200 200 200 200 200 200 200 200 200 200 200 200 200 200 200 200 200 200 200 200 200 200 200 200 200 200 200 200 200 200 200 200 200 200 200 200 200 200 200 200 200 200 200 200 200 200 200 200 200 200 200 200 200 200 200 200 200 200 200 200 200 200 200 200 200 200 200 200 200 200 200 200 200 200 200 200 200 200 200 200 200 200 200 200 200 200 200 200 200 200 200 200 200 200 200 200 200 200 200 200 200 200 200 200 200 200 200 200 200 200 200 200 200 200 200 200 200 200
180
200 200 200 200 200 200 200 200 200 200 200 200 200 200 200 200 200 200 200 200 200 200 200 200 200 200 200 200 200 200 200 200 200 200 200 200 200 200 200 200 200 200 200 200 200 200 200 200 200 200 200 200 200 200 200 200 200 200 200 200 200 200 200 200 200 200 200 200 200 200 200 200 200 200 200 200 200 200 200 200 200 200 200 200 200 200 200 200 200 200 200 200 200 200 200 200 200 200 200 200 200 200 200 200 200 200 200 200 200 200 200 200 200 200 200 200 200 200 200 200 200 200 200 200 200 200 200 200 200 200 200 200 200 200 200 200 200 200 200 200 200 200 200 200 200 200 200 200 200 200 200 200 200 200 200 200 200 200 200 200 200 200 200 200 200 200 200 200 200 200 200 200 200 200 200 200 200 200 200 200
727
0 0 0 0 0 0 0 0 0 0 0 0 0 0 0 0 0 0 0 0 0 0 0 0 0 0 0 0 0 0 0 0 0 0 0 0 0 0 0 0 0 0 0 0 0 0 0 0 0 0 0 0 0 0 0 0 0 0 0 0 0 0 0 0 0 0 0 0 0 0 0 0 0 0 0 0 0 0 0 0 0 0 0 0 0 0 0 0 0 0 0 0 0 0 0 0 0 0 0 0 0 0 0 0 0 0 0 0 0 0 0 0 0 0 0 0 0 0 0 0 0 0 0 0 0 0 0 0 0 0 0 0 0 0 0 0 0 0 0 0 0 0 0 0 0 0 0 0 0 0 0 0 0 0 0 0 0 0 0 0 0 0 0 0 0 0 0 0 0 0 0 0 0 0 0 0 0 0 0 0 0 0 0 0 0 0 0 0 0 0 0 0 0 0 0 0 0 0 0 0 0 0 0 0 0 0 0 0 0 0 0 0 0 0 0 0 0 0 0 0 0 0 0 0 0 0 0 0 0 0 0 0 0 0 0 0 0 0 0 0 0 0 0 0 0 0 0 0 0 0 0 0 0 0 0 0 0 0 0 0 0 0 0 0 0 0 0 0 0 0 0 0 0 0 0 0 0 0 0 0 0 0 0 0 0 0 0 0 0 0 0 0 0 0 0 0 0 0 0 0 0 0 0 0 0 0 0 0 0 0 0 0 0 0 0 0 0 0 0 0 0 0 0 0 0 0 0 0 0 0 0 0 0 0 0 0 0 0 0 0 0 0 0 0 0 0 0 0 0 0 0 0 0 0 0 0 0 0 0 0 0 0 0 0 0 0 0 0 0 0 0 0 0 0 0 0 0 0 0 0 0 0 0 0 0 0 0 0 0 0 0 0 0 0 0 0 0 0 0 0 0 0 0 0 0 0 0 0 0 0 0 0 0 0 0 0 0 0 0 0 0 0 0 0 0 0 0 0 0 0 0 0 0 0 0 0 0 0 0 0 0 0 0 0 0 0 0 0 0 0 0 0 0 0 0 0 0 0 0 0 0 0 0 0 0 0 0 0 0 0 0 0 0 0 0 0 0 0 0 0 0 0 0 0 0 0 0 0 0 0 0 0 0 0 0 0 0 0 0 0 0 0 0 0 0 0 0 0 0 0 0 0 0 0 0 0 0 0 0 0 0 0 0 0 0 0 0 0 0 0 0 0 0 0 0 0 0 0 0 0 0 0 0 0 0 0 0 0 0 0 0 0 0 0 0 0 0 0 0 0 0 0 0 0 0 0 0 0 0 0 0 0 0 0 0 0 0 0 0 0 0 0 0 0 0 0 0 0 0 0 0 0 0 0 0 0 0 0 0 0 0 0 0 0 0 0 0 0 0 0 0 0 0 0 0 0 0 0 0 0 0 0 0 0 0 0 0 0 0 0 0 0 0 0 0 0 0 0 0 0 0 0 0 0 0 0 0 0 0 0 0 0 0 0 0 0 0 0 0 0 0 0 0 0 0 0 0 0 0 0 0 0 0 0 0 0 0 0 0 0 0 0 0 0 0 0 0 0 0 0 0 0 0 0 0 0 0 0 0 0 0 0 0 0 0 0 0 0 0 0 0 0 0 0 0 0 0 0 0 0 0 0 0 0 0 0 0
503
88 22 7 23 159 92 15 194 58 106 123 11 118 157 46 154 85 127 73 193 39 28 26 68 173 124 95 195 8 9 157 20 130 135 142 171 116 9 70 177 73 119 102 3 150 117 27 158 102 11 4 29 140 108 52 95 113 152 1 159 147 185 193 116 7 174 136 158 132 170 73 112 114 50 8 13 135 140 160 49 188 85 103 90 74 140 22 189 78 32 91 185 112 112 112 198 154 126 16 44 102 72 176 27 48 195 34 79 35 7 54 187 43 86 118 153 97 87 80 27 2 130 7 122 179 46 156 166 15 75 161 86 172 39 130 173 61 89 63 101 106 21 2 1 73 77 42 80 193 14 165 104 149 4 44 198 80 77 0 85 160 175 185 6 82 9 61 197 44 47 115 16 200 192 89 166 30 187 50 130 188 118 81 126 194 135 69 193 93 184 84 3 99 12 45 130 78 73 137 172 131 88 196 95 87 104 63 173 180 4 49 94 145 71 163 101 144 51 117 156 119 34 130 68 176 37 176 12 99 82 187 65 61 195 72 29 178 3 117 180 166 95 23 51 83 192 15 183 88 68 62 22 67 195 24 157 61 132 103 176 124 64 125 98 35 80 114 189 182 82 77 198 122 31 179 129 198 60 179 138 175 162 192 155 2 99 165 35 147 34 187 8 97 136 146 109 73 167 129 128 163 20 128 142 180 184 56 74 31 74 164 121 184 78 108 34 15 33 35 121 178 11 32 55 52 113 0 114 168 123 151 162 200 135 124 41 186 116 33 24 14 13 81 139 161 101 45 105 71 192 103 179 64 105 38 154 18 64 18 133 185 191 20 134 163 89 11 48 129 63 89 192 57 112 186 143 99 84 72 0 34 140 73 191 109 68 51 108 53 65 72 73 26 164 51 173 196 109 38 31 196 137 65 118 16 0 5 20 112 95 1 127 188 52 126 69 130 162 109 174 33 25 92 49 101 96 83 190 194 159 148 101 191 2 85 96 90 39 117 22 59 74 197 83 77 139 85 66 79 163 167 123 56 10 68 192 84 101 23 159 200 157 6 11 188 82 20 132 54 40 162 157 114 119 21 28 176 29 158 33 174 103 94 84 30 41 162 31 153 89 97 51 64 139 125 47 120 89 110 85 120 106 18
929
6 17 19 8 10 6 10 15 13 4 20 8 19 15 5 6 20 17 10 3 14 4 14 5 3 1 6 10 7 12 7 7 14 14 13 7 3 6 2 7 6 16 20 16 18 15 19 1 6 9 11 17 6 3 5 4 19 7 3 16 15 0 12 15 15 14 15 7 5 13 9 0 15 9 16 5 11 8 13 15 4 7 2 8 1 17 3 14 11 16 12 6 15 20 15 2 2 19 7 20 8 3 20 17 6 13 8 15 9 10 13 13 5 1 8 0 14 0 9 12 13 13 11 5 13 2 19 7 14 18 0 10 17 10 11 5 9 12 10 5 6 9 13 12 19 15 13 20 19 3 9 7 11 5 2 3 19 15 13 10 13 4 17 0 7 18 15 3 12 16 5 6 0 7 15 12 18 3 0 5 8 13 7 3 15 18 13 9 0 2 20 9 9 6 18 11 0 14 11 18 10 5 5 8 18 1 14 14 3 0 2 4 0 0 11 11 9 15 5 1 3 17 9 7 12 8 11 12 0 19 4 5 4 16 4 17 12 19 0 9 16 1 8 10 8 6 19 2 6 0 12 20 12 18 4 1 20 17 7 16 13 6 19 13 16 5 7 16 7 17 13 6 10 12 12 5 16 15 11 4 16 17 9 0 14 15 12 8 5 15 9 20 3 4 17 15 2 0 5 8 11 20 0 17 15 16 15 5 12 0 4 2 12 13 17 20 8 8 20 14 14 3 8 8 8 2 3 10 15 3 8 6 12 11 20 5 6 18 7 20 1 4 19 7 18 15 0 14 16 1 17 1 4 18 0 19 0 20 9 2 17 3 11 16 8 16 4 11 9 8 5 18 9 16 11 15 11 0 13 18 0 4 15 1 11 20 5 15 3 11 5 13 10 10 20 10 13 16 8 15 3 1 10 8 3 14 4 17 0 6 5 16 9 16 12 3 2 11 7 11 11 0 0 1 18 12 17 1 3 19 19 14 4 11 12 19 0 11 12 16 11 14 15 1 5 4 20 5 2 3 9 15 17 11 17 5 16 12 11 10 16 15 9 2 12 18 2 1 5 14 16 19 14 16 16 6 8 2 1 11 6 2 10 12 4 13 4 13 12 14 4 4 16 16 18 10 11 2 7 4 20 0 4 18 14 4 14 13 16 12 4 20 0 1 10 4 17 13 2 19 14 15 7 5 15 18 7 17 11 13 14 17 2 20 8 14 0 1 5 19 13 2 4 19 4 8 4 2 7 10 6 17 4 20 3 8 9 15 6 15 0 20 7 0 18 16 15 12 12 14 19 7 18 20 5 8 11 3 12 2 15 15 3 1 0 16 7 16 16 4 14 12 18 0 14 7 1 8 2 0 17 15 9 17 6 11 16 19 7 4 3 9 10 10 6 3 9 17 12 17 8 10 2 7 18 19 15 4 7 1 0 19 1 18 13 9 0 6 20 7 17 16 17 15 17 12 2 3 10 0 19 11 10 4 8 1 20 17 15 3 0 18 12 2 6 16 6 15 1 4 1 2 18 4 18 1 1 3 18 10 1 17 16 13 12 10 10 0 5 16 8 17 7 14 3 8 18 19 3 3 5 19 11 9 6 5 17 11 10 0 15 20 17 1 7 5 8 1 11 4 19 16 5 15 12 0 12 14 8 3 5 7 1 3 10 4 0 12 5 5 2 2 15 12 11 16 3 9 13 15 15 7 15 6 14 19 6 20 12 13 11 4 15 9 8 19 1 13 4 18 18 3 6 6 17 3 19 10 14 1 11 12 17 2 10 5 3 4 4 14 18 20 7 3 19 12 13 3 3 8 3 1 10 14 18 19 5 14 9 14 20 6 6 19 16 2 6 9 1 7 5 17 2 19 20 11 17 6 0 14 17 18 7 11 6 19 17 4 14 3 3 3 20 11 19 8 1 9 20 15 1 19 9 4 3 10 13 5 5 13 2 19 2 11 0 9 15 1 8 9 2 9 14 18 9 18 4 10 16 7 8 2 6 20 5 12 14 0 1 6 9 18 8 20 9 3 0 11 2 6 3 17 9 11 14 3 10 0 6 5 3 8 7 17 3 19 1 8 12 7 6 11 9 0 6 13 20 6 18
423
0 200 51 69 89 119 66 113 50 103 78 52 104 65 63 69 117 91 104 89 91 69 83 51 62 56 53 77 97 58 85 74 68 88 100 83 75 72 76 76 116 106 91 92 120 111 105 117 84 67 104 72 112 84 118 79 61 108 89 116 115 103 73 75 58 60 58 95 120 87 77 50 54 58 84 66 116 88 92 69 115 80 65 68 112 92 120 99 87 85 82 79 107 76 95 111 105 61 73 98 90 114 60 95 110 84 89 84 57 88 77 76 72 119 90 61 56 92 68 83 90 64 116 74 81 87 53 106 65 103 53 76 111 94 95 71 70 79 65 98 91 67 66 96 88 98 66 117 100 72 76 112 103 83 116 54 52 119 104 76 52 114 60 69 97 104 106 106 93 98 57 100 112 102 119 111 81 76 81 119 75 118 97 59 96 67 55 115 75 106 104 113 100 83 73 114 86 109 105 55 86 119 75 101 78 56 72 119 67 75 108 102 62 92 53 112 77 118 90 96 90 62 67 65 104 60 110 75 112 79 73 100 83 108 100 78 89 111 117 120 78 52 115 63 99 73 112 111 93 67 51 106 110 71 96 93 67 91 70 96 70 103 57 101 89 97 89 96 94 70 114 120 110 98 60 99 103 100 104 58 71 118 111 110 120 119 59 108 57 51 62 96 59 110 77 97 100 101 63 92 51 88 64 62 69 84 94 88 61 80 114 115 80 94 63 89 113 115 77 115 81 118 65 80 100 79 51 70 63 78 102 93 74 110 62 69 119 108 53 70 76 96 97 71 58 87 86 85 59 99 59 66 94 116 82 76 65 94 92 88 106 116 107 103 86 65 58 50 89 84 103 97 75 105 82 92 55 87 97 72 50 117 71 75 58 81 78 71 84 102 93 97 97 53 112 115 89 55 65 88 57 105 52 112 85 66 118 97 116 71 54 96 97 81 89 86 110 94 70 88 88 83 200
491
200 200 200 200 200 200 200 200 200 200 200 200 200 200 200 200 200 200 200 200 200 200 200 200 200 200 200 200 200 200 200 200 200 200 200 200 200 200 200 200 200 200 200 200 200 200 200 200 200 200 200 200 200 200 200 200 200 200 200 200 200 200 200 200 200 200 200 200 200 200 200 200 200 200 200 200 200 200 200 200 200 200 200 200 200 200 200 200 200 200 200 200 200 200 200 200 200 200 200 200 200 200 200 200 200 200 200 200 200 200 200 200 200 200 200 200 200 200 200 200 200 200 200 200 200 200 200 200 200 200 200 200 200 200 200 200 200 200 200 200 200 200 200 200 200 200 200 200 200 200 200 200 200 200 200 200 200 200 200 200 200 200 200 200 200 200 200 200 200 200 200 200 200 200 200 200 200 200 200 200 200 200 200 200 200 200 200 200 200 200 200 200 200 200 200 200 200 200 200 200 200 200 200 200 200 200 200 200 200 200 200 200 200 200 200 200 200 200 200 200 200 200 200 200 200 200 200 200 200 200 200 200 200 200 200 200 200 200 200 200 200 200 200 200 200 200 200 200 200 200 200 200 200 200 200 200 200 200 200 200 200 200 200 200 200 200 200 200 200 200 200 200 200 200 200 200 200 200 200 200 200 200 200 200 200 200 200 200 200 200 200 200 200 200 200 200 200 200 200 200 200 200 200 200 200 200 200 200 200 200 200 200 200 200 200 200 200 200 200 200 200 200 200 200 200 200 200 200 200 200 200 200 200 200 200 200 200 200 200 200 200 200 200 200 200 200 200 200 200 200 200 200 200 200 200 200 200 200 200 200 200 200 200 200 200 200 200 200 200 200 200 200 200 200 200 200 200 200 200 200 200 200 200 200 200 200 200 200 200 200 200 200 200 200 200 200 200 200 200 200 200 200 200 200 200 200 200 200 200 200 200 200 200 200 200 200 200 200 200 200 200 200 200 200 200 200 200 200 200 200 200 200 200 200 200 200 200 200 200 200 200 200 200 200 200 200 200 200 200 200 200 200 200 200 200 200 200 200 200 200 200 200 200 200 200 200 200 200 200 200 200 200 200 200 200 200 200 200 200 200 200 200 200 200 200 200 200 200 200 200 200
792
0 0 0 0 0 0 0 0 0 0 0 0 0 0 0 0 0 0 0 0 0 0 0 0 0 0 0 0 0 0 0 0 0 0 0 0 0 0 0 0 0 0 0 0 0 0 0 0 0 0 0 0 0 0 0 0 0 0 0 0 0 0 0 0 0 0 0 0 0 0 0 0 0 0 0 0 0 0 0 0 0 0 0 0 0 0 0 0 0 0 0 0 0 0 0 0 0 0 0 0 0 0 0 0 0 0 0 0 0 0 0 0 0 0 0 0 0 0 0 0 0 0 0 0 0 0 0 0 0 0 0 0 0 0 0 0 0 0 0 0 0 0 0 0 0 0 0 0 0 0 0 0 0 0 0 0 0 0 0 0 0 0 0 0 0 0 0 0 0 0 0 0 0 0 0 0 0 0 0 0 0 0 0 0 0 0 0 0 0 0 0 0 0 0 0 0 0 0 0 0 0 0 0 0 0 0 0 0 0 0 0 0 0 0 0 0 0 0 0 0 0 0 0 0 0 0 0 0 0 0 0 0 0 0 0 0 0 0 0 0 0 0 0 0 0 0 0 0 0 0 0 0 0 0 0 0 0 0 0 0 0 0 0 0 0 0 0 0 0 0 0 0 0 0 0 0 0 0 0 0 0 0 0 0 0 0 0 0 0 0 0 0 0 0 0 0 0 0 0 0 0 0 0 0 0 0 0 0 0 0 0 0 0 0 0 0 0 0 0 0 0 0 0 0 0 0 0 0 0 0 0 0 0 0 0 0 0 0 0 0 0 0 0 0 0 0 0 0 0 0 0 0 0 0 0 0 0 0 0 0 0 0 0 0 0 0 0 0 0 0 0 0 0 0 0 0 0 0 0 0 0 0 0 0 0 0 0 0 0 0 0 0 0 0 0 0 0 0 0 0 0 0 0 0 0 0 0 0 0 0 0 0 0 0 0 0 0 0 0 0 0 0 0 0 0 0 0 0 0 0 0 0 0 0 0 0 0 0 0 0 0 0 0 0 0 0 0 0 0 0 0 0 0 0 0 0 0 0 0 0 0 0 0 0 0 0 0 0 0 0 0 0 0 0 0 0 0 0 0 0 0 0 0 0 0 0 0 0 0 0 0 0 0 0 0 0 0 0 0 0 0 0 0 0 0 0 0 0 0 0 0 0 0 0 0 0 0 0 0 0 0 0 0 0 0 0 0 0 0 0 0 0 0 0 0 0 0 0 0 0 0 0 0 0 0 0 0 0 0 0 0 0 0 0 0 0 0 0 0 0 0 0 0 0 0 0 0 0 0 0 0 0 0 0 0 0 0 0 0 0 0 0 0 0 0 0 0 0 0 0 0 0 0 0 0 0 0 0 0 0 0 0 0 0 0 0 0 0 0 0 0 0 0 0 0 0 0 0 0 0 0 0 0 0 0 0 0 0 0 0 0 0 0 0 0 0 0 0 0 0 0 0 0 0 0 0 0 0 0 0 0 0 0 0 0 0 0 0 0 0 0 0 0 0 0 0 0 0 0 0 0 0 0 0 0 0 0 0 0 0 0 0 0 0 0 0 0 0 0 0 0 0 0 0 0 0 0 0 0 0 0 0 0 0 0 0 0 0 0 0 0 0 0 0 0 0 0 0 0 0 0 0 0 0 0 0 0 0 0 0 0 0 0 0 0 0 0 0 0 0 0 0 0 0 0 0 0 0 0 0 0 0 0 0 0 0 0 0 0 0 0 0 0 0 0 0 0 0 0 0 0 0 0 0 0 0 0 0 0 0 0 0 0 0 0 0 0 0 0 0 0 0
768
200 200 200 200 200 200 200 200 200 200 200 200 200 200 200 200 200 200 200 200 200 200 200 200 200 200 200 200 200 200 200 200 200 200 200 200 200 200 200 200 200 200 200 200 200 200 200 200 200 200 200 200 200 200 200 200 200 200 200 200 200 200 200 200 200 200 200 200 200 200 200 200 200 200 200 200 200 200 200 200 200 200 200 200 200 200 200 200 200 200 200 200 200 200 200 200 200 200 200 200 200 200 200 200 200 200 200 200 200 200 200 200 200 200 200 200 200 200 200 200 200 200 200 200 200 200 200 200 200 200 200 200 200 200 200 200 200 200 200 200 200 200 200 200 200 200 200 200 200 200 200 200 200 200 200 200 200 200 200 200 200 200 200 200 200 200 200 200 200 200 200 200 200 200 200 200 200 200 200 200 200 200 200 200 200 200 200 200 200 200 200 200 200 200 200 200 200 200 200 200 200 200 200 200 200 200 200 200 200 200 200 200 200 200 200 200 200 200 200 200 200 200 200 200 200 200 200 200 200 200 200 200 200 200 200 200 200 200 200 200 200 200 200 200 200 200 200 200 200 200 200 200 200 200 200 200 200 200 200 200 200 200 200 200 200 200 200 200 200 200 200 200 200 200 200 200 200 200 200 200 200 200 200 200 200 200 200 200 200 200 200 200 200 200 200 200 200 200 200 200 200 200 200 200 200 200 200 200 200 200 200 200 200 200 200 200 200 200 200 200 200 200 200 200 200 200 200 200 200 200 200 200 200 200 200 200 200 200 200 200 200 200 200 200 200 200 200 200 200 200 200 200 200 200 200 200 200 200 200 200 200 200 200 200 200 200 200 200 200 200 200 200 200 200 200 200 200 200 200 200 200 200 200 200 200 200 200 200 200 200 200 200 200 200 200 200 200 200 200 200 200 200 200 200 200 200 200 200 200 200 200 200 200 200 200 200 200 200 200 200 200 200 200 200 200 200 200 200 200 200 200 200 200 200 200 200 200 200 200 200 200 200 200 200 200 200 200 200 200 200 200 200 200 200 200 200 200 200 200 200 200 200 200 200 200 200 200 200 200 200 200 200 200 200 200 200 200 200 200 200 200 200 200 200 200 200 200 200 200 200 200 200 200 200 200 200 200 200 200 200 200 200 200 200 200 200 200 200 200 200 200 200 200 200 200 200 200 200 200 200 200 200 200 200 200 200 200 200 200 200 200 200 200 200 200 200 200 200 200 200 200 200 200 200 200 200 200 200 200 200 200 200 200 200 200 200 200 200 200 200 200 200 200 200 200 200 200 200 200 200 200 200 200 200 200 200 200 200 200 200 200 200 200 200 200 200 200 200 200 200 200 200 200 200 200 200 200 200 200 200 200 200 200 200 200 200 200 200 200 200 200 200 200 200 200 200 200 200 200 200 200 200 200 200 200 200 200 200 200 200 200 200 200 200 200 200 200 200 200 200 200 200 200 200 200 200 200 200 200 200 200 200 200 200 200 200 200 200 200 200 200 200 200 200 200 200 200 200 200 200 200 200 200 200 200 200 200 200 200 200 200 200 200 200 200 200 200 200 200 200 200 200 200 200 200 200 200 200 200 200 200 200 200 200 200 200 200 200 200 200 200 200 200 200 200 200 200 200 200 200 200 200 200 200 200 200 200 200 200 200 200 200 200 200 200 200 200 200 200 200 200 200 200 200 200 200 200 200 200 200 200 200 200 200 200 200 200 200 200 200 200 200 200 200 200 200 200 200
10
89 89 1 89 42 1 110 110 69 1
237
21 73 24 167 159 128 54 36 148 13 47 32 92 129 22 162 136 135 160 110 80 103 147 143 48 105 67 102 62 144 194 42 120 134 126 81 23 47 194 26 66 20 93 177 68 98 8 100 119 6 87 87 166 48 59 151 89 2 106 17 87 107 154 29 132 74 187 4 199 120 165 151 130 6 78 140 34 121 73 53 38 172 178 154 99 39 175 87 52 88 138 78 142 1 46 113 54 198 77 164 109 129 29 183 182 83 96 175 69 17 64 160 41 58 38 179 86 14 76 124 107 62 57 75 107 61 170 67 106 162 92 64 116 4 42 182 154 140 3 95 105 194 52 67 3 142 25 12 200 15 36 101 177 65 92 139 105 142 101 85 107 42 158 165 52 121 129 128 117 170 160 197 37 32 26 80 30 196 137 153 39 176 22 22 186 126 162 66 144 192 84 124 175 161 56 180 159 79 50 20 99 127 29 105 54 5 73 166 168 50 81 4 112 74 149 63 189 85 6 72 56 74 19 15 24 114 62 7 103 133 116 68 161 151 181 44 125
895
135 172 135 196 196 172 135 172 135 172 196 172 172 196 135 135 172 172 196 196 196 196 196 172 135 135 172 135 135 172 135 196 172 196 135 196 135 172 172 135 135 135 196 196 172 172 196 196 172 172 196 196 196 196 172 196 135 135 172 196 172 135 135 135 196 172 172 135 172 135 196 172 135 172 135 135 135 135 135 172 196 172 172 135 135 172 135 196 135 172 135 172 196 172 135 172 172 135 135 135 135 172 135 172 172 196 172 196 172 135 196 135 172 172 172 196 196 172 172 135 172 172 135 172 196 196 172 172 196 135 172 135 196 196 172 196 135 135 196 135 172 196 196 135 196 172 172 172 172 172 196 135 135 135 135 135 172 172 135 172 196 196 135 172 172 135 172 196 135 196 172 135 135 172 196 172 172 172 135 196 172 196 196 135 172 172 196 135 172 196 172 135 196 135 135 135 196 135 172 135 196 135 196 172 172 135 196 172 135 196 172 196 196 196 172 172 135 196 172 196 135 135 135 172 135 196 135 172 196 135 196 172 135 172 196 196 135 135 135 135 135 135 196 135 135 196 196 172 196 135 196 135 172 196 135 196 135 172 135 172 196 196 135 196 172 172 172 172 135 135 196 172 196 196 196 135 196 135 135 135 135 172 172 172 172 172 135 135 196 172 196 196 172 135 196 196 135 135 172 135 172 172 135 172 196 172 135 135 172 172 196 196 196 172 172 196 135 172 172 196 196 196 135 172 135 172 172 172 196 196 172 196 135 196 172 196 135 135 172 172 135 196 135 196 135 135 135 172 135 135 172 172 172 135 172 172 172 172 135 135 172 196 196 172 135 135 196 196 172 135 196 196 196 196 196 135 135 172 135 135 172 172 135 135 196 172 172 196 135 196 196 172 172 196 135 172 172 196 172 135 196 135 196 172 172 172 196 196 135 135 135 135 135 135 172 135 135 196 196 135 172 196 172 135 135 172 135 196 172 196 135 172 196 135 135 172 135 135 196 196 172 135 172 135 135 135 196 196 196 135 196 196 196 196 196 172 135 172 172 135 196 135 196 135 172 196 196 135 135 196 135 172 135 196 196 135 196 196 172 196 172 172 196 172 172 196 196 196 135 172 196 196 135 172 172 135 172 135 135 196 172 196 172 196 172 135 196 196 196 172 172 196 196 196 172 196 172 172 196 135 172 135 196 196 196 196 172 135 196 196 172 196 196 135 196 172 135 196 196 172 172 172 172 172 172 196 196 135 172 135 172 135 135 135 135 196 135 196 172 135 135 196 135 196 172 172 172 172 135 196 135 135 196 196 135 196 172 196 135 172 172 196 196 135 135 196 196 196 135 135 196 172 196 196 196 196 196 196 172 135 196 172 196 196 196 172 196 172 196 172 135 135 196 172 172 135 135 135 135 172 172 172 135 172 172 135 196 172 172 172 196 172 135 172 196 196 135 196 196 172 172 172 196 135 135 196 196 196 196 172 135 172 135 172 196 196 196 135 196 172 196 135 172 135 172 196 172 135 196 172 135 172 172 135 196 172 135 196 135 196 135 196 196 172 135 135 196 135 135 196 196 172 135 135 196 135 196 196 196 172 172 196 172 172 172 196 135 196 172 135 196 135 196 196 135 135 135 196 196 135 172 172 196 135 135 196 135 196 172 135 172 135 196 135 196 135 196 135 135 172 172 135 196 196 172 172 196 196 172 172 196 135 135 135 135 172 135 135 172 196 135 135 135 196 172 135 196 135 196 135 135 196 172 135 135 196 135 196 196 172 135 172 172 135 172 135 196 135 196 172 196 135 172 135 196 135 196 196 196 196 196 196 196 172 172 196 135 172 135 135 172 196 135 135 172 172 135 196 196 172 172 135 172 135 196 196 135 172 196 135 196 196 196 135 172 172 172 135 135 135 135 135 196 172 196 196 172 196 135 135 135 172 135 135 172 196 172 172 196 172 135 172 135 196 135 172 196 135 196 172 172 172 196 135 196 135 172 172 172 196 196 172 196 172 135 172 135 172 172 135 172 196 172 172 172
978
0 200 84 55 51 77 53 60 55 61 99 82 115 52 112 65 77 66 79 61 66 94 56 73 75 120 110 56 60 57 95 69 115 89 87 93 73 65 56 102 111 98 90 102 92 82 91 67 86 71 66 76 90 83 120 115 93 75 74 89 120 87 76 66 103 63 53 75 86 85 117 99 76 67 61 97 53 108 115 97 84 70 83 120 69 50 110 109 88 64 94 83 66 79 63 107 110 91 100 120 87 105 119 95 86 110 67 74 92 67 50 63 63 81 117 117 92 87 93 75 62 81 57 116 77 99 68 54 55 93 54 93 57 114 62 116 51 85 109 90 59 64 58 79 55 105 94 96 86 118 105 114 83 74 80 115 65 103 99 58 83 87 77 52 88 67 118 60 58 64 51 91 104 69 104 55 109 88 90 55 90 97 117 94 56 109 80 57 92 118 85 83 81 116 84 102 99 114 82 105 71 62 72 78 105 67 69 61 77 88 70 63 76 106 94 83 104 96 62 115 90 80 83 51 107 90 106 91 70 64 89 116 63 67 71 95 75 98 75 79 84 64 76 74 105 117 76 57 59 119 95 57 83 95 102 104 79 109 50 54 107 105 50 109 120 117 56 62 54 50 52 62 51 100 76 96 85 74 79 104 109 82 95 72 99 82 58 66 109 75 76 80 72 72 96 94 101 65 67 113 113 70 73 86 103 96 63 94 77 86 59 72 72 82 93 89 76 101 57 74 65 90 117 50 97 75 55 112 55 97 59 82 89 116 64 60 65 54 82 75 72 58 77 117 83 93 67 107 75 91 65 91 96 91 90 53 78 63 91 77 68 61 64 86 62 83 54 119 70 69 96 120 75 103 95 117 85 60 73 98 62 60 61 75 120 79 103 87 67 61 88 95 115 85 98 73 53 50 51 64 85 87 53 112 118 115 60 67 103 118 54 88 83 59 50 94 112 56 104 116 74 97 72 62 68 69 117 55 110 99 63 94 101 67 74 91 93 75 55 77 93 101 84 70 81 74 77 61 90 74 68 74 120 67 120 116 115 76 105 63 64 81 71 73 69 118 79 62 105 118 107 92 80 90 101 57 95 72 86 54 55 104 118 50 88 75 79 68 88 71 76 61 72 93 95 52 74 81 70 97 88 84 58 89 116 115 98 57 91 68 80 111 117 110 117 118 69 114 103 79 56 75 87 114 82 76 90 114 82 55 109 103 65 117 91 82 100 89 60 120 107 77 70 109 114 98 55 93 81 120 91 117 62 64 99 77 63 92 89 120 73 108 101 110 108 54 92 73 63 91 64 50 107 64 74 67 54 94 92 51 53 51 67 68 98 94 109 57 80 115 62 68 60 61 66 57 113 64 115 94 87 108 89 63 113 64 100 104 61 112 87 80 109 91 88 114 98 82 90 101 65 78 119 92 115 87 120 69 75 100 103 54 73 95 82 82 118 107 62 113 59 117 63 81 54 86 54 67 72 85 93 75 116 92 118 58 119 76 108 110 102 82 92 79 76 55 98 70 93 96 102 100 58 88 108 93 112 119 115 63 52 67 97 92 94 120 117 54 68 115 100 115 96 102 65 83 58 118 99 64 71 118 110 67 69 63 87 57 51 77 68 82 72 118 86 103 72 109 117 72 120 98 112 95 64 109 51 109 87 63 54 51 102 115 89 54 55 106 94 84 91 99 71 101 77 98 105 99 116 106 108 61 69 120 92 102 89 101 114 90 107 115 72 89 73 79 74 98 113 63 104 62 86 50 82 87 76 95 72 73 64 66 59 97 115 83 82 104 98 82 50 94 65 112 120 81 94 64 61 103 78 98 102 79 81 51 72 105 70 87 63 109 66 77 80 53 100 60 84 76 73 96 107 110 59 62 73 82 57 56 105 72 75 90 69 96 112 62 103 79 69 53 56 103 90 99 63 103 90 93 77 61 98 93 98 79 69 101 110 102 118 118 50 87 117 103 104 65 103 83 81 96 96 73 88 68 95 51 118 56 104 50 119 113 110 110 68 63 110 59 91 57 85 57 74 53 119 77 71 108 72 119 81 82 87 63 65 78 51 60 81 51 76 108 56 63 56 57 69 75 57 107 104 91 87 91 59 96 115 81 108 55 96 88 67 58 61 55 64 52 106 66 89 94 116 57 90 113 93 57 111 108 110 90 60 53 96 72 99 85 53 115 56 112 98 96 72 92 57 86 66 72 86 96 97 70 83 200
429
0 0 0 0 0 0 0 0 0 0 0 0 0 0 0 0 0 0 0 0 0 0 0 0 0 0 0 0 0 0 0 0 0 0 0 0 0 0 0 0 0 0 0 0 0 0 0 0 0 0 0 0 0 0 0 0 0 0 0 0 0 0 0 0 0 0 0 0 0 0 0 0 0 0 0 0 0 0 0 0 0 0 0 0 0 0 0 0 0 0 0 0 0 0 0 0 0 0 0 0 0 0 0 0 0 0 0 0 0 0 0 0 0 0 0 0 0 0 0 0 0 0 0 0 0 0 0 0 0 0 0 0 0 0 0 0 0 0 0 0 0 0 0 0 0 0 0 0 0 0 0 0 0 0 0 0 0 0 0 0 0 0 0 0 0 0 0 0 0 0 0 0 0 0 0 0 0 0 0 0 0 0 0 0 0 0 0 0 0 0 0 0 0 0 0 0 0 0 0 0 0 0 0 0 0 0 0 0 0 0 0 0 0 0 0 0 0 0 0 0 0 0 0 0 0 0 0 0 0 0 0 0 0 0 0 0 0 0 0 0 0 0 0 0 0 0 0 0 0 0 0 0 0 0 0 0 0 0 0 0 0 0 0 0 0 0 0 0 0 0 0 0 0 0 0 0 0 0 0 0 0 0 0 0 0 0 0 0 0 0 0 0 0 0 0 0 0 0 0 0 0 0 0 0 0 0 0 0 0 0 0 0 0 0 0 0 0 0 0 0 0 0 0 0 0 0 0 0 0 0 0 0 0 0 0 0 0 0 0 0 0 0 0 0 0 0 0 0 0 0 0 0 0 0 0 0 0 0 0 0 0 0 0 0 0 0 0 0 0 0 0 0 0 0 0 0 0 0 0 0 0 0 0 0 0 0 0 0 0 0 0 0 0 0 0 0 0 0 0 0 0 0 0 0 0 0 0 0 0 0 0 0 0 0 0 0 0 0 0 0 0 0 0 0 0 0 0 0 0
801
17 7 4 2 15 2 19 12 13 2 12 18 19 6 17 4 15 6 18 7 10 6 7 15 0 19 4 4 4 17 2 7 3 0 5 5 6 1 8 20 8 5 9 8 12 14 8 9 5 10 0 5 15 1 14 14 11 5 18 0 6 12 10 15 7 4 6 19 19 8 2 19 1 8 10 12 15 19 16 20 3 2 19 16 9 0 15 15 16 14 8 11 19 14 16 9 11 14 7 13 3 4 8 14 15 20 4 9 14 20 1 17 8 5 9 7 11 15 11 5 18 7 0 3 13 2 0 3 9 9 6 6 9 7 1 12 18 18 15 1 4 4 20 2 4 6 4 5 12 20 19 18 15 8 5 7 9 12 6 13 18 18 3 9 6 14 1 10 11 19 16 14 19 11 18 3 19 19 17 13 9 20 1 6 2 5 16 16 15 9 1 14 7 14 0 19 5 2 4 3 19 18 8 8 11 10 9 1 10 1 5 1 3 14 6 16 1 3 13 15 1 8 10 3 18 6 16 16 5 14 0 12 10 3 12 19 10 15 12 12 8 1 4 7 16 16 3 1 12 7 6 10 11 6 20 5 13 12 9 9 3 3 8 17 20 17 2 15 13 10 2 9 2 9 2 5 3 14 3 1 13 9 13 0 4 8 3 13 12 12 17 13 11 9 10 10 10 19 13 17 4 6 20 15 7 19 7 12 6 13 16 14 13 17 18 10 3 13 8 13 18 12 3 17 11 1 10 19 0 17 8 0 15 15 9 1 19 20 5 20 16 16 8 14 19 13 14 15 16 16 16 7 4 12 17 7 9 2 15 4 3 15 3 14 1 18 20 7 15 6 18 11 9 13 1 1 11 13 11 15 0 8 2 16 20 13 17 3 18 3 17 20 0 16 4 19 14 14 15 14 17 9 6 3 4 12 2 14 2 7 10 20 8 20 5 8 11 15 4 7 16 11 5 9 2 13 15 6 3 6 10 11 2 20 15 8 9 18 11 6 20 3 12 3 5 18 5 15 10 18 17 5 14 4 15 16 5 18 2 1 16 5 10 8 9 16 0 1 4 0 20 5 16 7 20 0 10 5 6 10 11 18 18 1 19 1 14 11 16 7 16 20 5 1 16 18 7 12 1 17 6 0 14 8 13 20 10 1 9 14 6 14 14 3 19 2 3 9 9 4 11 12 5 20 20 15 16 19 17 9 15 16 8 5 11 15 7 17 12 13 4 15 11 5 16 1 8 4 12 17 15 20 17 5 9 8 3 1 7 3 3 13 9 20 14 17 20 13 8 19 9 19 17 2 11 4 5 16 16 12 11 2 9 18 11 16 9 6 18 1 2 4 1 19 20 17 8 13 20 8 6 6 9 18 7 4 8 1 8 12 0 2 0 14 9 1 4 9 0 8 10 20 15 20 20 1 2 0 14 13 2 15 10 20 5 8 3 14 16 6 19 12 8 4 4 1 6 14 16 1 14 20 9 9 10 18 20 15 9 1 3 19 2 17 15 20 19 16 8 3 12 4 20 13 14 13 11 20 14 3 8 10 6 19 4 10 14 1 7 2 9 9 4 15 16 3 9 7 2 0 18 15 0 15 18 11 6 12 12 19 12 14 13 12 0 11 0 4 19 12 16 7 10 15 10 2 16 18 14 12 15 6 11 12 12 13 19 17 19 13 3 11 13 10 5 4 10 18 9 4 9 8 17 19 11 20 15 10 1 0 16 5 4 16 11 17 20 6 19 5 1 0 16 2 18 20 3 14 15 1 6 14 7 11 20 4 3 17 7 11 14 17 17 10 10 20 20 3 16 19 10
808
183 59 13 59 13 59 13 183 13 59 183 59 59 183 13 59 13 13 59 183 59 183 59 183 59 183 183 183 13 59 183 59 13 59 59 13 183 59 13 13 59 59 59 59 183 59 13 183 183 59 59 13 13 13 59 183 183 59 59 13 13 59 183 183 59 59 183 183 59 13 183 59 59 183 59 183 59 183 59 183 13 13 59 13 59 13 59 59 183 183 13 13 13 183 183 13 183 183 59 59 59 59 13 59 59 59 183 13 59 59 183 183 13 59 183 13 13 59 183 183 13 13 183 59 59 59 13 59 13 59 183 59 183 13 13 183 59 59 13 59 183 59 13 59 59 183 183 59 183 59 59 183 13 183 13 183 59 13 59 59 59 59 183 183 13 59 13 183 59 59 183 13 183 59 13 183 59 183 183 183 183 13 183 13 183 13 13 59 13 59 13 183 13 183 59 13 59 59 13 59 183 183 59 183 59 13 59 13 59 183 59 59 183 59 13 183 59 59 183 183 59 59 59 59 13 183 59 59 59 13 59 59 59 59 59 183 183 59 183 59 13 59 183 13 13 59 183 59 59 59 13 183 13 59 13 183 59 13 13 183 13 183 59 183 13 59 59 183 183 59 59 183 13 13 183 13 183 183 183 13 183 59 59 13 183 59 13 13 59 13 183 59 183 13 183 183 13 59 59 13 13 59 183 13 183 183 59 183 13 13 59 59 183 59 59 183 13 59 59 59 59 59 183 13 59 183 59 13 183 59 59 59 59 13 183 13 13 59 183 183 59 59 59 59 59 183 59 59 13 59 183 13 183 183 13 13 183 13 183 59 59 13 59 59 13 59 13 183 13 13 13 183 59 13 13 183 13 183 183 183 59 183 183 13 13 183 183 59 183 13 183 59 183 183 13 183 183 59 59 183 59 13 59 59 13 59 59 183 59 183 183 183 183 183 183 13 183 183 59 183 183 13 13 13 183 13 59 183 59 13 183 183 183 183 13 13 183 13 13 59 183 183 13 183 59 183 13 59 59 183 183 183 13 183 13 59 183 59 13 13 13 59 183 59 59 13 183 13 59 59 59 183 59 13 13 183 13 13 13 13 13 59 183 13 59 183 183 59 183 13 183 13 59 59 13 59 183 13 183 59 13 59 59 59 59 13 59 59 183 59 13 59 13 183 13 13 183 13 183 59 59 183 183 183 13 13 13 59 13 59 59 13 183 13 59 13 13 59 13 59 13 13 59 59 183 59 183 59 183 13 59 183 183 59 13 13 59 183 59 59 13 183 59 13 13 59 59 183 13 59 59 59 183 13 59 13 183 59 183 13 13 59 59 183 13 183 59 183 183 13 59 183 13 183 13 59 183 183 13 183 13 59 13 59 13 183 59 13 13 183 183 59 13 59 183 183 13 59 183 183 13 59 13 13 183 59 59 13 13 183 59 183 183 183 59 59 13 13 13 13 13 13 183 13 183 183 13 59 183 183 59 13 13 13 13 13 183 13 13 183 59 183 183 59 13 59 183 13 13 59 13 183 183 59 13 183 13 13 13 59 183 59 59 183 13 59 13 13 183 13 59 13 13 13 183 59 13 59 59 183 13 183 59 13 59 183 183 183 13 59 183 13 183 183 13 183 13 183 59 13 183 13 59 13 13 13 13 13 59 13 183 59 13 59 13 13 183 13 59 183 183 183 183 183 59 183 59 183 13 13 13 13 183 13 183 59 59 59 183 183 13 59 13 13 183 183 183 13 183 13 13 59 13 13 183 13 13 59 59 183 59 59 13 13 183 13 183 59 183 183 13 13 59 183 13 13 183 183 59 183 59 59 183 183 13 183 183 183
435
2 181 193 168 166 176 3 3 14 20 20 17 0 0 7 20 15 12 2 13 20 13 19 9 18 12 153 6 7 14 181 11 168 8 18 2 1 2 2 5 184 163 6 186 16 19 152 16 11 19 20 157 20 179 14 14 6 9 16 194 15 193 6 4 18 3 18 14 3 10 159 9 0 4 8 11 7 15 11 178 14 16 17 0 13 20 189 153 160 8 11 19 0 10 152 151 13 19 20 14 152 16 7 0 183 19 196 20 6 2 14 14 18 18 7 3 20 8 3 1 18 16 16 1 181 159 10 19 4 16 20 7 17 9 20 18 3 20 11 14 13 3 18 5 1 4 20 17 12 13 198 5 151 9 17 17 183 4 174 2 6 6 3 18 14 13 15 14 153 19 151 10 150 9 10 11 19 15 3 2 4 1 19 20 9 8 194 2 8 11 15 169 18 169 8 14 15 10 12 12 13 6 1 1 18 2 9 19 13 0 7 14 6 152 4 196 7 1 5 19 180 20 7 189 1 188 3 9 17 13 7 8 7 13 10 185 19 1 8 18 19 16 12 11 11 12 183 14 188 14 9 10 9 15 7 19 17 13 12 4 3 16 10 7 10 7 7 17 5 4 20 4 19 177 1 15 0 11 19 2 7 170 20 17 10 190 10 5 167 1 14 4 14 7 168 16 187 18 187 15 176 9 13 14 9 17 18 0 189 17 0 0 15 16 16 196 18 3 2 5 14 151 13 3 7 152 5 15 167 182 18 10 194 18 1 11 18 20 194 8 194 7 5 8 2 18 7 150 20 159 165 19 194 0 156 15 17 157 165 162 3 13 19 17 14 10 3 6 14 4 17 0 14 161 15 10 20 176 18 11 186 11 3 10 170 177 18 194 19 13 18 2 19 0 163 19 14 19 20 19 9 5 184 18 0 18 20 8 16 0 15 2 20 5 151 184 10 12 19 4 3 18 14 20 20 16 13 168 1 162 12 17 196 195 196
240
82 44 196 10 104 11 124 80 108 38 157 12 18 32 69 23 72 124 20 116 111 196 3 43 110 140 184 31 153 36 172 32 86 190 71 85 104 156 43 126 166 63 40 59 155 65 156 116 192 183 122 92 122 45 98 155 117 111 139 153 91 94 33 193 8 37 91 86 138 160 71 12 200 96 9 48 165 118 33 112 125 142 181 92 0 99 135 16 15 157 13 20 164 181 128 46 96 168 46 123 70 28 88 168 79 144 59 119 1 172 29 39 189 1 128 72 44 123 94 67 20 68 29 109 149 9 195 9 46 155 97 2 135 22 100 197 1 130 19 194 196 156 117 66 62 151 140 133 30 30 180 173 34 90 74 63 139 72 99 145 68 92 24 156 193 116 144 194 196 77 129 40 46 43 162 41 96 25 167 125 185 182 138 157 165 36 97 190 193 63 150 29 12 113 90 106 180 85 127 182 58 117 189 182 143 65 133 14 56 181 34 47 60 185 101 189 98 68 20 145 161 36 153 67 194 127 105 19 170 77 188 183 73 119 194 142 125 73 21 44
686
11 17 12 17 18 14 4 14 15 11 17 19 17 12 6 20 19 16 12 11 15 8 2 5 2 6 7 2 4 10 4 13 9 11 18 1 7 13 11 14 16 19 0 12 1 1 9 12 15 10 10 19 14 14 7 7 17 11 11 7 19 20 14 14 0 4 5 3 5 15 7 7 11 9 1 12 0 10 19 20 13 18 14 5 5 15 20 19 10 13 12 17 2 17 7 0 10 9 8 5 0 0 17 10 19 7 13 18 10 4 18 18 9 0 8 12 19 9 12 4 8 3 20 0 10 16 8 6 18 10 19 4 17 7 11 0 10 17 8 20 13 15 7 15 15 8 2 19 15 11 14 6 5 9 5 18 16 4 18 3 16 7 10 8 3 7 2 17 10 9 15 3 14 15 4 2 20 20 13 19 15 13 8 0 2 1 5 7 1 18 11 16 10 17 18 18 7 11 6 4 17 20 8 18 8 4 0 9 12 16 16 20 5 11 16 12 6 9 7 18 6 20 5 13 2 18 3 14 10 3 19 9 12 15 9 17 15 16 16 5 3 9 9 20 18 1 19 14 7 1 20 1 20 17 10 8 10 1 19 8 1 20 8 17 11 18 3 15 14 1 0 11 20 20 10 5 11 5 4 16 11 12 6 20 8 13 19 1 14 14 6 3 14 4 5 12 0 4 17 2 19 8 1 16 4 10 16 17 15 10 16 16 8 1 6 9 2 20 6 20 8 13 2 7 4 1 16 9 5 7 7 9 6 18 8 13 9 6 20 8 18 1 20 13 14 3 3 8 0 19 16 1 20 10 0 12 4 5 17 11 15 2 2 2 13 4 4 9 13 3 10 0 2 10 18 11 14 17 11 17 17 11 7 13 18 9 13 3 11 2 9 6 3 2 14 13 11 11 8 16 2 3 13 19 4 12 19 15 12 10 17 7 9 9 1 18 19 18 13 10 3 10 7 0 15 18 15 8 14 7 18 4 0 12 20 14 0 12 4 10 4 17 8 19 3 16 10 3 9 18 9 8 7 1 19 16 1 11 3 19 1 13 3 11 7 6 0 17 6 18 9 10 15 9 2 10 19 18 18 3 10 1 18 19 19 14 5 13 12 16 20 20 18 11 2 5 11 3 18 8 17 6 7 4 6 2 19 17 12 5 13 4 5 13 12 14 4 6 8 4 7 5 9 6 14 18 13 14 16 2 10 10 17 0 10 6 12 16 6 6 5 0 15 6 12 0 18 19 5 0 2 12 15 6 15 6 19 8 0 11 4 11 17 19 8 8 12 4 12 1 11 11 2 9 20 18 4 4 9 20 0 4 15 1 16 2 8 16 1 0 17 15 9 0 12 9 1 0 5 8 9 16 3 9 20 0 18 3 4 7 2 18 11 3 3 10 9 7 17 5 17 9 8 12 10 6 10 3 13 20 5 8 11 10 15 3 4 15 9 20 4 6 4 15 12 9 3 1 18 9 8 13 2 15 16 2 19 1 3 12 15 6 2 8 15 17 14 0 17 13 0 18 2 7 5 1 17 16 17 12 2 15 16 1 1 19
603
200 200 200 200 200 200 200 200 200 200 200 200 200 200 200 200 200 200 200 200 200 200 200 200 200 200 200 200 200 200 200 200 200 200 200 200 200 200 200 200 200 200 200 200 200 200 200 200 200 200 200 200 200 200 200 200 200 200 200 200 200 200 200 200 200 200 200 200 200 200 200 200 200 200 200 200 200 200 200 200 200 200 200 200 200 200 200 200 200 200 200 200 200 200 200 200 200 200 200 200 200 200 200 200 200 200 200 200 200 200 200 200 200 200 200 200 200 200 200 200 200 200 200 200 200 200 200 200 200 200 200 200 200 200 200 200 200 200 200 200 200 200 200 200 200 200 200 200 200 200 200 200 200 200 200 200 200 200 200 200 200 200 200 200 200 200 200 200 200 200 200 200 200 200 200 200 200 200 200 200 200 200 200 200 200 200 200 200 200 200 200 200 200 200 200 200 200 200 200 200 200 200 200 200 200 200 200 200 200 200 200 200 200 200 200 200 200 200 200 200 200 200 200 200 200 200 200 200 200 200 200 200 200 200 200 200 200 200 200 200 200 200 200 200 200 200 200 200 200 200 200 200 200 200 200 200 200 200 200 200 200 200 200 200 200 200 200 200 200 200 200 200 200 200 200 200 200 200 200 200 200 200 200 200 200 200 200 200 200 200 200 200 200 200 200 200 200 200 200 200 200 200 200 200 200 200 200 200 200 200 200 200 200 200 200 200 200 200 200 200 200 200 200 200 200 200 200 200 200 200 200 200 200 200 200 200 200 200 200 200 200 200 200 200 200 200 200 200 200 200 200 200 200 200 200 200 200 200 200 200 200 200 200 200 200 200 200 200 200 200 200 200 200 200 200 200 200 200 200 200 200 200 200 200 200 200 200 200 200 200 200 200 200 200 200 200 200 200 200 200 200 200 200 200 200 200 200 200 200 200 200 200 200 200 200 200 200 200 200 200 200 200 200 200 200 200 200 200 200 200 200 200 200 200 200 200 200 200 200 200 200 200 200 200 200 200 200 200 200 200 200 200 200 200 200 200 200 200 200 200 200 200 200 200 200 200 200 200 200 200 200 200 200 200 200 200 200 200 200 200 200 200 200 200 200 200 200 200 200 200 200 200 200 200 200 200 200 200 200 200 200 200 200 200 200 200 200 200 200 200 200 200 200 200 200 200 200 200 200 200 200 200 200 200 200 200 200 200 200 200 200 200 200 200 200 200 200 200 200 200 200 200 200 200 200 200 200 200 200 200 200 200 200 200 200 200 200 200 200 200 200 200 200 200 200 200 200 200 200 200 200 200 200 200 200 200 200 200 200 200 200 200 200 200 200 200 200 200 200 200 200 200 200 200 200 200 200 200 200 200 200 200 200
86
0 0 0 0 0 0 0 0 0 0 0 0 0 0 0 0 0 0 0 0 0 0 0 0 0 0 0 0 0 0 0 0 0 0 0 0 0 0 0 0 0 0 0 0 0 0 0 0 0 0 0 0 0 0 0 0 0 0 0 0 0 0 0 0 0 0 0 0 0 0 0 0 0 0 0 0 0 0 0 0 0 0 0 0 0 0
656
173 166 67 173 199 200 149 150 129 138 158 5 77 138 31 150 45 61 114 47 109 185 103 62 57 94 120 11 153 138 63 82 7 195 198 65 30 48 35 43 14 115 130 1 27 105 50 145 40 56 12 135 87 102 192 175 88 38 110 180 58 149 124 9 75 22 39 74 87 111 131 155 38 113 124 180 85 21 176 178 165 129 102 82 51 14 196 19 142 172 125 151 65 13 174 31 19 35 17 34 16 7 100 2 200 73 12 133 24 146 117 151 82 7 191 53 33 99 165 178 183 50 185 199 98 1 172 52 88 119 8 84 174 129 106 81 128 139 157 147 158 11 37 123 115 22 144 92 200 30 3 187 82 49 196 61 72 52 65 96 79 69 40 129 177 191 200 113 70 74 195 94 101 22 141 54 79 94 161 67 72 82 52 84 99 125 149 169 5 84 54 50 77 54 77 32 65 101 123 11 179 180 39 135 135 190 174 109 141 188 70 98 29 59 48 145 41 60 15 18 23 65 115 176 63 13 48 144 83 178 57 14 3 162 23 126 164 136 180 137 15 114 77 26 165 187 108 58 81 194 185 34 36 159 67 42 22 171 26 91 140 107 168 35 31 34 146 108 166 101 121 10 13 105 184 35 62 17 142 22 119 187 96 61 133 61 190 175 66 47 34 122 17 189 160 29 46 176 128 186 50 17 180 6 197 85 13 88 146 118 35 151 158 11 150 26 31 195 29 162 181 35 49 133 58 27 50 191 60 25 30 59 168 179 104 135 160 97 105 140 4 94 66 141 185 82 15 34 21 37 97 17 151 181 192 69 163 121 115 51 113 33 72 140 20 162 113 198 21 26 41 105 19 166 158 30 116 147 104 153 151 44 162 133 179 72 139 8 110 166 191 44 120 34 68 132 125 5 20 6 9 152 147 154 20 164 10 30 111 152 191 61 192 183 178 87 184 70 126 82 177 90 37 145 189 176 102 35 40 108 182 185 126 85 36 10 196 43 154 71 151 50 108 147 107 79 141 146 74 45 130 34 77 169 197 139 192 167 36 170 77 61 170 128 181 38 192 86 156 92 2 101 42 17 111 101 59 8 14 106 3 129 198 196 84 165 45 23 112 162 79 163 36 41 59 136 107 131 135 180 117 200 82 172 83 25 37 123 54 143 37 75 199 66 70 78 17 95 188 148 104 59 29 175 88 20 4 87 3 122 191 32 12 0 59 190 18 160 25 105 126 63 118 131 179 140 165 111 100 190 11 147 33 114 116 80 5 131 92 0 153 184 128 181 153 151 190 40 12 52 39 88 100 51 83 1 123 99 129 57 42 34 42 27 39 194 111 125 118 180 80 152 83 199 68 26 55 185 110 167 47 162 157 9 56 12 88 161 56 195 160 11 8 95 27 86 94 189 133 160 98 154 124 189 194 163 94 145 124 96 29 165 30 58 73 156 128 5 156 78 52 0 168 53 113 102 153 139 51 67 75 137 140 139 65 62
526
0 0 0 0 0 0 0 0 0 0 0 0 0 0 0 0 0 0 0 0 0 0 0 0 0 0 0 0 0 0 0 0 0 0 0 0 0 0 0 0 0 0 0 0 0 0 0 0 0 0 0 0 0 0 0 0 0 0 0 0 0 0 0 0 0 0 0 0 0 0 0 0 0 0 0 0 0 0 0 0 0 0 0 0 0 0 0 0 0 0 0 0 0 0 0 0 0 0 0 0 0 0 0 0 0 0 0 0 0 0 0 0 0 0 0 0 0 0 0 0 0 0 0 0 0 0 0 0 0 0 0 0 0 0 0 0 0 0 0 0 0 0 0 0 0 0 0 0 0 0 0 0 0 0 0 0 0 0 0 0 0 0 0 0 0 0 0 0 0 0 0 0 0 0 0 0 0 0 0 0 0 0 0 0 0 0 0 0 0 0 0 0 0 0 0 0 0 0 0 0 0 0 0 0 0 0 0 0 0 0 0 0 0 0 0 0 0 0 0 0 0 0 0 0 0 0 0 0 0 0 0 0 0 0 0 0 0 0 0 0 0 0 0 0 0 0 0 0 0 0 0 0 0 0 0 0 0 0 0 0 0 0 0 0 0 0 0 0 0 0 0 0 0 0 0 0 0 0 0 0 0 0 0 0 0 0 0 0 0 0 0 0 0 0 0 0 0 0 0 0 0 0 0 0 0 0 0 0 0 0 0 0 0 0 0 0 0 0 0 0 0 0 0 0 0 0 0 0 0 0 0 0 0 0 0 0 0 0 0 0 0 0 0 0 0 0 0 0 0 0 0 0 0 0 0 0 0 0 0 0 0 0 0 0 0 0 0 0 0 0 0 0 0 0 0 0 0 0 0 0 0 0 0 0 0 0 0 0 0 0 0 0 0 0 0 0 0 0 0 0 0 0 0 0 0 0 0 0 0 0 0 0 0 0 0 0 0 0 0 0 0 0 0 0 0 0 0 0 0 0 0 0 0 0 0 0 0 0 0 0 0 0 0 0 0 0 0 0 0 0 0 0 0 0 0 0 0 0 0 0 0 0 0 0 0 0 0 0 0 0 0 0 0 0 0 0 0 0 0 0 0 0 0 0 0 0 0 0 0 0 0 0 0 0 0 0 0 0 0 0 0 0 0 0 0 0 0 0 0 0 0 0 0 0 0 0 0 0 0 0 0 0 0 0 0 0
388
200 200 200 200 200 200 200 200 200 200 200 200 200 200 200 200 200 200 200 200 200 200 200 200 200 200 200 200 200 200 200 200 200 200 200 200 200 200 200 200 200 200 200 200 200 200 200 200 200 200 200 200 200 200 200 200 200 200 200 200 200 200 200 200 200 200 200 200 200 200 200 200 200 200 200 200 200 200 200 200 200 200 200 200 200 200 200 200 200 200 200 200 200 200 200 200 200 200 200 200 200 200 200 200 200 200 200 200 200 200 200 200 200 200 200 200 200 200 200 200 200 200 200 200 200 200 200 200 200 200 200 200 200 200 200 200 200 200 200 200 200 200 200 200 200 200 200 200 200 200 200 200 200 200 200 200 200 200 200 200 200 200 200 200 200 200 200 200 200 200 200 200 200 200 200 200 200 200 200 200 200 200 200 200 200 200 200 200 200 200 200 200 200 200 200 200 200 200 200 200 200 200 200 200 200 200 200 200 200 200 200 200 200 200 200 200 200 200 200 200 200 200 200 200 200 200 200 200 200 200 200 200 200 200 200 200 200 200 200 200 200 200 200 200 200 200 200 200 200 200 200 200 200 200 200 200 200 200 200 200 200 200 200 200 200 200 200 200 200 200 200 200 200 200 200 200 200 200 200 200 200 200 200 200 200 200 200 200 200 200 200 200 200 200 200 200 200 200 200 200 200 200 200 200 200 200 200 200 200 200 200 200 200 200 200 200 200 200 200 200 200 200 200 200 200 200 200 200 200 200 200 200 200 200 200 200 200 200 200 200 200 200 200 200 200 200 200 200 200 200 200 200 200 200 200 200 200 200 200 200 200 200 200 200 200 200 200 200 200 200 200 200 200 200 200 200 200 200 200 200 200 200 200 200 200 200 200 200
898
108 108 199 108 108 87 108 87 87 87 87 199 199 108 87 199 199 108 87 108 199 199 108 87 108 87 108 108 87 87 87 199 199 108 87 108 199 87 87 199 108 87 199 87 87 199 199 199 199 199 199 199 87 199 199 199 199 199 199 199 87 87 199 108 108 87 87 108 87 87 108 87 87 108 87 108 108 87 199 87 87 87 108 108 87 199 199 199 199 87 87 108 199 199 199 108 199 108 87 108 108 87 87 199 199 87 199 108 199 108 108 108 199 108 87 108 87 108 108 199 108 199 87 87 199 199 199 87 199 108 108 199 108 87 108 199 87 87 87 87 199 87 108 199 108 87 87 87 108 108 199 108 87 87 199 108 87 87 199 108 199 87 108 87 199 199 199 199 108 108 87 87 108 199 87 87 199 199 87 87 87 199 199 87 199 199 87 199 199 199 108 108 199 199 87 87 108 108 108 199 108 108 199 108 87 108 199 108 199 199 87 108 108 87 87 108 199 87 108 108 108 87 87 108 199 108 108 199 108 87 108 87 87 87 87 87 199 108 108 108 199 108 87 108 87 87 199 108 87 108 199 87 108 87 108 87 199 87 108 87 87 108 108 199 199 199 87 108 199 199 199 87 108 199 87 108 87 108 108 87 108 108 87 87 108 199 108 87 199 87 87 108 108 108 108 199 87 108 199 87 108 87 87 108 108 199 108 87 108 199 199 108 108 199 87 199 108 199 199 108 108 87 108 108 87 108 87 87 199 108 87 199 108 199 199 108 199 199 108 108 87 108 108 108 108 108 87 199 87 108 108 199 108 199 87 199 108 108 87 199 199 87 108 108 199 199 108 108 87 108 87 108 87 108 87 199 87 108 87 199 108 108 87 199 199 87 108 108 199 199 199 87 87 87 199 108 87 108 108 87 199 108 199 108 199 87 199 108 87 87 87 108 108 87 87 199 87 199 87 87 87 199 87 199 87 199 199 108 108 199 87 108 108 199 87 108 87 108 87 87 199 87 199 199 87 87 108 199 199 199 108 87 199 87 199 87 199 199 87 199 87 108 199 108 108 108 87 199 108 108 87 87 199 108 199 87 87 87 108 108 87 199 108 108 108 108 108 108 87 87 87 87 108 108 87 199 87 108 87 87 87 199 199 108 199 108 87 108 108 108 199 87 199 108 108 199 87 87 87 108 87 87 108 87 87 199 199 87 199 108 87 108 199 87 108 199 87 87 108 108 108 108 199 87 108 108 199 108 199 87 199 108 199 199 108 87 108 199 87 199 87 87 108 108 199 108 87 108 199 199 87 108 199 199 199 87 108 87 199 108 199 199 108 108 108 108 199 108 108 87 108 199 199 87 108 199 199 108 108 87 199 199 108 108 199 87 199 108 108 199 108 199 108 199 87 199 199 108 87 108 87 108 108 87 87 108 199 108 108 87 87 87 108 199 108 108 108 199 87 87 87 108 108 108 199 108 199 87 199 199 108 108 87 108 199 108 108 199 87 108 108 87 87 87 108 108 199 87 199 108 87 199 108 87 87 199 87 87 108 87 108 108 199 108 199 199 108 108 87 108 108 199 108 199 199 108 199 108 108 87 87 87 87 87 199 199 199 87 108 199 199 87 87 108 199 199 199 87 108 87 87 108 199 199 199 199 108 87 199 199 87 87 108 87 199 199 199 199 199 87 87 108 87 87 199 199 108 199 87 199 199 199 108 108 87 87 199 87 199 108 87 87 87 108 87 108 87 108 108 108 108 108 87 87 108 87 199 199 108 108 87 87 108 87 87 108 108 199 87 87 108 199 108 199 199 108 87 87 199 199 199 199 87 199 108 108 199 108 87 108 108 199 108 108 108 108 199 108 108 199 108 87 199 108 108 87 87 108 108 199 87 87 108 199 87 108 199 87 108 199 199 199 108 87 87 108 87 87 87 108 108 199 108 108 108 199 199 87 199 108 108 87 87 108 87 108 108 108 87 199 108 199 199 199 199 108 108 199 87 199 108 199 87 108 87 108 199 199 199 87 87 199 87 199 87 108 108 199
303
13 14 2 2 6 200 150 193 156 13 2 5 8 9 14 1 196 0 14 17 16 6 14 5 5 2 11 1 10 14 152 14 154 4 15 14 10 20 12 11 1 18 0 163 16 19 1 198 4 17 178 181 11 180 7 19 191 166 5 1 9 3 16 20 154 4 16 198 177 186 10 16 19 196 3 178 170 3 14 161 13 8 11 3 7 1 157 16 12 18 16 196 12 14 15 10 3 178 9 188 181 3 17 153 12 19 2 183 7 199 10 9 6 0 172 14 16 18 4 11 195 168 2 20 196 5 4 192 15 20 17 18 13 13 1 4 12 1 11 190 12 153 0 6 19 7 3 16 3 173 2 12 170 7 186 10 13 6 1 5 4 18 16 16 180 19 2 13 189 190 0 156 7 1 9 8 19 15 169 3 15 3 4 14 11 20 182 15 170 158 3 10 12 163 18 14 3 1 9 18 2 19 6 18 12 156 15 10 12 2 17 184 189 1 2 175 16 16 5 8 19 5 3 12 189 8 15 19 16 167 19 14 6 182 191 8 9 171 6 5 164 0 159 6 14 193 14 19 5 172 19 11 3 2 182 11 20 187 18 20 161 6 17 9 10 191 155 8 17 155 4 177 4 8 11 19 10 4 6 198 164 3 16 6 6 2 19 185 171 11 16 5 186 20 10 16 6 16 7 163 17 10 5
334
200 200 200 200 200 200 200 200 200 200 200 200 200 200 200 200 200 200 200 200 200 200 200 200 200 200 200 200 200 200 200 200 200 200 200 200 200 200 200 200 200 200 200 200 200 200 200 200 200 200 200 200 200 200 200 200 200 200 200 200 200 200 200 200 200 200 200 200 200 200 200 200 200 200 200 200 200 200 200 200 200 200 200 200 200 200 200 200 200 200 200 200 200 200 200 200 200 200 200 200 200 200 200 200 200 200 200 200 200 200 200 200 200 200 200 200 200 200 200 200 200 200 200 200 200 200 200 200 200 200 200 200 200 200 200 200 200 200 200 200 200 200 200 200 200 200 200 200 200 200 200 200 200 200 200 200 200 200 200 200 200 200 200 200 200 200 200 200 200 200 200 200 200 200 200 200 200 200 200 200 200 200 200 200 200 200 200 200 200 200 200 200 200 200 200 200 200 200 200 200 200 200 200 200 200 200 200 200 200 200 200 200 200 200 200 200 200 200 200 200 200 200 200 200 200 200 200 200 200 200 200 200 200 200 200 200 200 200 200 200 200 200 200 200 200 200 200 200 200 200 200 200 200 200 200 200 200 200 200 200 200 200 200 200 200 200 200 200 200 200 200 200 200 200 200 200 200 200 200 200 200 200 200 200 200 200 200 200 200 200 200 200 200 200 200 200 200 200 200 200 200 200 200 200 200 200 200 200 200 200 200 200 200 200 200 200 200 200 200 200 200 200 200 200 200 200 200 200 200 200 200 200 200 200
197
125 125 199 128 128 104 152 104 128 199 152 104 152 125 199 152 199 104 104 199 125 104 199 125 152 104 128 125 128 104 199 128 125 128 104 199 128 125 125 152 128 104 152 152 152 199 128 199 128 199 152 125 128 104 152 152 199 152 152 104 152 104 104 199 199 125 125 128 128 104 128 199 104 104 125 199 104 152 128 199 152 152 128 199 199 199 104 125 128 128 199 199 128 104 199 125 199 125 104 104 128 152 199 128 152 199 152 128 152 104 128 125 199 125 125 128 104 128 199 152 125 125 152 104 128 152 152 152 125 199 125 128 128 104 199 128 125 199 152 128 128 152 125 104 125 152 128 128 152 125 125 152 199 104 128 152 152 199 199 152 199 125 104 125 152 128 104 152 128 104 125 199 104 125 152 199 104 128 125 125 104 152 128 104 125 152 125 128 199 199 104 199 104 199 104 125 104
473
0 0 0 0 0 0 0 0 0 0 0 0 0 0 0 0 0 0 0 0 0 0 0 0 0 0 0 0 0 0 0 0 0 0 0 0 0 0 0 0 0 0 0 0 0 0 0 0 0 0 0 0 0 0 0 0 0 0 0 0 0 0 0 0 0 0 0 0 0 0 0 0 0 0 0 0 0 0 0 0 0 0 0 0 0 0 0 0 0 0 0 0 0 0 0 0 0 0 0 0 0 0 0 0 0 0 0 0 0 0 0 0 0 0 0 0 0 0 0 0 0 0 0 0 0 0 0 0 0 0 0 0 0 0 0 0 0 0 0 0 0 0 0 0 0 0 0 0 0 0 0 0 0 0 0 0 0 0 0 0 0 0 0 0 0 0 0 0 0 0 0 0 0 0 0 0 0 0 0 0 0 0 0 0 0 0 0 0 0 0 0 0 0 0 0 0 0 0 0 0 0 0 0 0 0 0 0 0 0 0 0 0 0 0 0 0 0 0 0 0 0 0 0 0 0 0 0 0 0 0 0 0 0 0 0 0 0 0 0 0 0 0 0 0 0 0 0 0 0 0 0 0 0 0 0 0 0 0 0 0 0 0 0 0 0 0 0 0 0 0 0 0 0 0 0 0 0 0 0 0 0 0 0 0 0 0 0 0 0 0 0 0 0 0 0 0 0 0 0 0 0 0 0 0 0 0 0 0 0 0 0 0 0 0 0 0 0 0 0 0 0 0 0 0 0 0 0 0 0 0 0 0 0 0 0 0 0 0 0 0 0 0 0 0 0 0 0 0 0 0 0 0 0 0 0 0 0 0 0 0 0 0 0 0 0 0 0 0 0 0 0 0 0 0 0 0 0 0 0 0 0 0 0 0 0 0 0 0 0 0 0 0 0 0 0 0 0 0 0 0 0 0 0 0 0 0 0 0 0 0 0 0 0 0 0 0 0 0 0 0 0 0 0 0 0 0 0 0 0 0 0 0 0 0 0 0 0 0 0 0 0 0 0 0 0 0 0 0 0 0 0 0 0 0 0 0 0 0 0 0 0 0 0 0 0 0 0 0 0 0 0 0 0
829
127 58 81 97 180 109 136 190 192 163 148 38 8 83 127 97 63 7 137 9 6 189 184 87 15 186 134 106 80 8 54 139 90 146 63 43 30 155 5 47 101 118 103 79 97 115 40 58 122 105 154 103 139 122 163 96 148 173 6 169 130 62 108 162 157 25 76 71 199 100 118 79 51 53 103 100 140 17 6 154 176 22 103 38 129 150 0 163 113 126 158 122 37 12 23 57 46 63 67 44 140 180 78 134 50 167 140 94 83 60 116 16 164 97 82 172 181 196 1 120 79 170 113 89 120 152 135 137 58 48 105 98 88 102 114 34 98 125 81 46 175 147 135 7 169 196 136 199 26 140 32 121 21 78 194 24 131 93 22 196 163 154 62 126 128 29 66 124 177 92 170 172 60 28 127 6 63 152 100 18 0 6 186 166 83 73 85 37 189 96 40 176 91 145 96 5 90 23 39 131 99 128 153 186 60 93 31 185 103 50 180 57 184 83 146 165 62 75 9 75 198 75 197 97 152 84 184 146 53 169 65 105 59 70 168 200 167 122 49 8 92 135 17 172 163 84 10 75 163 46 31 124 193 67 109 0 179 193 140 8 52 125 32 153 93 63 86 78 198 10 198 169 3 194 69 66 26 175 22 191 156 0 137 16 177 21 178 79 96 52 190 108 195 82 186 144 179 93 37 35 0 20 0 100 200 22 149 177 146 77 189 178 191 51 193 85 182 39 16 163 26 71 156 88 103 197 178 114 58 165 130 141 51 75 76 98 131 181 166 198 113 106 60 54 70 152 186 159 38 38 146 40 193 19 110 69 101 74 166 101 151 190 121 30 75 197 96 160 35 40 166 2 27 156 110 52 166 40 0 163 149 192 113 2 156 105 139 98 61 20 152 59 174 181 106 71 29 13 48 144 125 160 77 13 83 13 103 74 110 93 82 79 3 0 66 103 68 70 36 109 24 125 106 174 160 151 9 175 192 34 23 138 62 191 64 171 40 179 132 56 116 138 141 139 75 31 52 158 42 122 7 97 188 101 115 162 88 36 192 96 73 115 104 30 156 99 60 100 180 177 116 15 175 157 21 102 120 24 147 180 115 99 81 157 152 186 198 170 42 147 200 90 116 117 30 68 78 190 65 102 10 169 142 78 102 115 23 72 198 133 151 61 1 152 11 104 127 181 154 86 108 138 128 39 65 189 7 181 51 107 168 93 36 166 188 88 135 183 14 47 88 69 112 164 187 97 10 132 28 87 196 33 109 77 156 166 119 116 41 149 46 8 6 107 0 5 56 64 54 69 169 59 102 10 140 157 101 169 70 42 61 14 154 129 37 127 161 143 131 13 65 154 82 35 31 12 9 9 42 96 70 118 165 194 142 157 153 70 16 77 154 19 70 9 134 17 23 79 198 69 29 200 28 189 183 148 182 155 72 116 166 117 48 127 35 113 200 180 124 68 118 80 117 33 180 48 196 90 110 34 86 38 112 61 22 128 71 20 59 188 128 126 90 126 47 85 74 27 42 11 176 174 80 18 116 46 175 136 81 24 69 125 192 72 100 99 139 26 87 170 89 125 101 46 99 103 93 151 61 15 143 6 37 45 95 82 144 44 80 200 147 45 137 151 67 134 107 40 33 28 146 43 116 17 19 183 138 17 80 45 162 147 152 200 25 65 18 112 108 15 196 18 33 41 3 175 190 104 54 135 171 31 70 114 83 143 140 116 188 11 89 138 120 129 20 67 20 180 153 188 87 101 148 24 108 158 138 125 64 70 118 181 16 196 33 119 88 199 70 77 175 108 169 64 0 141 45 7 100 154 179 3 176 99 37 171 120 62 153 96 166 57 97 161 111 26 100 26 13 93 110 80 159 104 19 123 61 70 26
172
0 200 53 96 106 74 110 110 50 79 80 102 81 94 100 57 73 68 65 84 71 101 79 118 78 108 117 53 79 74 98 115 85 60 92 74 118 54 52 77 73 102 119 53 64 95 53 101 54 120 109 72 100 50 90 68 65 66 64 70 110 102 78 119 69 120 102 60 114 98 96 55 97 72 66 72 95 76 59 69 71 89 67 95 74 91 67 64 89 93 72 103 115 82 71 98 117 117 101 78 80 113 97 58 95 120 102 83 106 53 93 114 62 53 90 59 113 88 77 60 80 86 109 113 117 63 106 86 110 97 78 112 96 101 104 99 99 79 92 54 63 93 75 57 56 113 66 82 53 92 84 66 78 52 104 57 86 71 63 85 56 67 77 94 90 61 50 97 62 61 69 200
650
4 20 12 5 10 18 182 164 5 17 17 17 17 1 1 12 19 8 192 12 11 191 196 9 11 157 3 4 14 17 7 19 151 1 20 166 17 0 8 200 15 11 3 167 5 15 19 199 18 2 8 17 18 9 5 19 20 3 11 4 170 8 17 15 175 10 15 158 11 18 4 0 7 17 13 15 0 15 16 15 15 8 170 1 8 0 190 12 20 191 17 10 8 185 2 11 0 3 6 13 18 10 19 166 0 170 16 0 16 17 4 17 163 20 194 8 160 1 18 14 6 1 191 159 16 15 12 11 151 16 9 2 13 17 2 196 13 179 155 18 14 2 10 16 16 183 13 11 12 12 15 11 4 13 15 4 18 7 16 177 18 11 156 14 1 10 5 8 10 6 9 9 183 0 7 162 20 15 0 15 8 19 11 153 188 181 4 7 5 6 12 2 20 186 6 156 19 8 18 16 188 0 10 4 10 17 20 13 13 2 1 186 13 2 5 10 13 9 8 161 191 3 8 12 20 10 9 10 16 184 6 3 187 199 17 154 15 180 17 5 166 2 167 10 5 16 194 15 8 175 189 7 18 7 158 3 4 4 162 20 16 5 14 0 10 13 0 19 19 4 4 17 2 12 15 0 11 4 1 11 8 11 18 18 14 11 15 19 0 11 17 173 16 3 4 17 151 178 3 7 1 5 0 14 194 14 18 5 7 17 14 200 159 11 18 13 15 196 189 3 3 192 7 164 1 13 0 2 11 174 8 7 1 3 18 16 17 164 17 4 16 13 185 11 17 4 1 15 18 194 8 197 199 8 177 20 3 20 11 1 197 20 4 8 12 7 12 2 6 20 9 20 6 5 19 6 0 163 0 3 2 155 10 1 158 3 14 7 8 11 9 180 20 11 2 5 11 19 187 19 17 17 2 8 17 157 10 15 4 19 7 162 4 6 7 18 190 2 164 5 6 9 11 198 3 9 180 5 12 4 194 161 5 0 20 14 2 0 1 20 16 200 13 19 7 15 14 195 0 8 5 8 14 1 12 15 19 11 2 178 151 0 6 4 10 1 151 10 4 20 4 12 1 4 0 13 6 15 14 6 8 16 197 17 20 4 173 7 7 3 7 0 18 20 16 18 13 20 17 2 0 13 4 13 16 2 19 0 10 15 168 5 20 16 177 5 181 11 10 5 10 3 163 20 173 155 9 20 7 9 2 16 8 1 18 11 11 11 6 1 0 3 15 13 20 20 7 3 11 8 11 3 180 15 3 17 176 14 3 185 162 11 20 11 19 186 15 15 14 18 2 155 150 172 182 196 2 171 5 0 1 155 16 14 197 10 11 0 17 8 184 14 10 9 19 18 16 192 17 19 12 185 10 19 15 163 11 4 174 6 14 4 16 1 5 8 192 7 3 19 0 15 7 2 158 17 199 169 18 19 16 1 12 14 164 2 1 153 14 12 16 171 196 14 11 17 12 193 10 162
534
0 200 82 61 107 59 83 118 89 120 70 108 68 79 52 80 78 85 90 92 55 117 89 103 100 81 65 61 83 105 52 101 64 97 106 118 77 76 81 83 97 84 71 83 79 117 119 101 103 79 66 69 115 71 65 72 81 92 76 85 52 73 115 50 86 53 118 87 92 51 93 56 109 67 104 119 81 81 109 73 65 82 81 54 110 95 61 75 80 61 64 105 81 116 57 82 115 113 104 94 52 68 112 58 64 54 81 110 110 108 79 100 83 82 54 78 110 103 61 57 57 118 74 91 90 66 58 78 99 56 89 60 59 81 65 72 51 95 60 103 94 101 60 99 98 95 78 67 57 116 56 118 60 59 119 120 96 61 110 55 84 55 90 64 81 63 112 77 74 92 91 90 80 76 99 70 54 91 100 109 63 90 107 109 62 112 77 96 100 100 107 72 61 72 94 102 109 103 76 55 104 102 116 106 71 69 114 91 56 84 72 110 96 82 118 65 88 103 94 65 79 106 118 109 69 77 58 104 67 63 60 114 98 54 91 99 60 54 91 120 64 110 110 60 63 92 54 61 70 70 76 57 101 85 99 113 110 110 96 118 53 54 70 107 59 52 96 58 109 114 53 95 88 92 119 61 64 86 54 97 75 58 86 51 105 113 53 77 86 77 62 58 120 84 62 99 73 81 54 110 113 64 64 67 69 107 112 51 119 109 119 114 54 77 78 89 91 95 67 83 94 104 88 72 111 90 67 102 110 72 50 97 116 96 117 97 98 86 102 77 59 94 98 87 58 70 80 75 90 79 103 60 71 72 56 66 64 60 80 92 90 68 92 84 107 71 56 83 63 77 88 118 55 91 66 76 64 78 54 82 70 120 118 80 114 50 96 56 117 93 83 108 80 101 61 66 67 116 57 77 74 75 78 58 69 117 80 64 77 109 50 112 93 94 117 95 90 53 109 76 110 60 94 58 70 120 104 90 116 118 107 99 79 53 74 116 115 111 83 54 77 65 89 114 107 108 50 82 75 70 110 82 53 73 57 88 68 71 59 77 67 82 89 71 104 93 120 76 82 66 91 95 118 58 92 57 60 118 106 114 53 89 71 71 101 56 64 89 101 70 119 92 111 84 98 56 76 108 100 56 69 78 100 86 56 59 53 108 87 112 112 74 93 74 72 54 70 86 71 113 85 59 91 67 94 89 114 69 86 81 117 78 76 200
889
200 200 200 200 200 200 200 200 200 200 200 200 200 200 200 200 200 200 200 200 200 200 200 200 200 200 200 200 200 200 200 200 200 200 200 200 200 200 200 200 200 200 200 200 200 200 200 200 200 200 200 200 200 200 200 200 200 200 200 200 200 200 200 200 200 200 200 200 200 200 200 200 200 200 200 200 200 200 200 200 200 200 200 200 200 200 200 200 200 200 200 200 200 200 200 200 200 200 200 200 200 200 200 200 200 200 200 200 200 200 200 200 200 200 200 200 200 200 200 200 200 200 200 200 200 200 200 200 200 200 200 200 200 200 200 200 200 200 200 200 200 200 200 200 200 200 200 200 200 200 200 200 200 200 200 200 200 200 200 200 200 200 200 200 200 200 200 200 200 200 200 200 200 200 200 200 200 200 200 200 200 200 200 200 200 200 200 200 200 200 200 200 200 200 200 200 200 200 200 200 200 200 200 200 200 200 200 200 200 200 200 200 200 200 200 200 200 200 200 200 200 200 200 200 200 200 200 200 200 200 200 200 200 200 200 200 200 200 200 200 200 200 200 200 200 200 200 200 200 200 200 200 200 200 200 200 200 200 200 200 200 200 200 200 200 200 200 200 200 200 200 200 200 200 200 200 200 200 200 200 200 200 200 200 200 200 200 200 200 200 200 200 200 200 200 200 200 200 200 200 200 200 200 200 200 200 200 200 200 200 200 200 200 200 200 200 200 200 200 200 200 200 200 200 200 200 200 200 200 200 200 200 200 200 200 200 200 200 200 200 200 200 200 200 200 200 200 200 200 200 200 200 200 200 200 200 200 200 200 200 200 200 200 200 200 200 200 200 200 200 200 200 200 200 200 200 200 200 200 200 200 200 200 200 200 200 200 200 200 200 200 200 200 200 200 200 200 200 200 200 200 200 200 200 200 200 200 200 200 200 200 200 200 200 200 200 200 200 200 200 200 200 200 200 200 200 200 200 200 200 200 200 200 200 200 200 200 200 200 200 200 200 200 200 200 200 200 200 200 200 200 200 200 200 200 200 200 200 200 200 200 200 200 200 200 200 200 200 200 200 200 200 200 200 200 200 200 200 200 200 200 200 200 200 200 200 200 200 200 200 200 200 200 200 200 200 200 200 200 200 200 200 200 200 200 200 200 200 200 200 200 200 200 200 200 200 200 200 200 200 200 200 200 200 200 200 200 200 200 200 200 200 200 200 200 200 200 200 200 200 200 200 200 200 200 200 200 200 200 200 200 200 200 200 200 200 200 200 200 200 200 200 200 200 200 200 200 200 200 200 200 200 200 200 200 200 200 200 200 200 200 200 200 200 200 200 200 200 200 200 200 200 200 200 200 200 200 200 200 200 200 200 200 200 200 200 200 200 200 200 200 200 200 200 200 200 200 200 200 200 200 200 200 200 200 200 200 200 200 200 200 200 200 200 200 200 200 200 200 200 200 200 200 200 200 200 200 200 200 200 200 200 200 200 200 200 200 200 200 200 200 200 200 200 200 200 200 200 200 200 200 200 200 200 200 200 200 200 200 200 200 200 200 200 200 200 200 200 200 200 200 200 200 200 200 200 200 200 200 200 200 200 200 200 200 200 200 200 200 200 200 200 200 200 200 200 200 200 200 200 200 200 200 200 200 200 200 200 200 200 200 200 200 200 200 200 200 200 200 200 200 200 200 200 200 200 200 200 200 200 200 200 200 200 200 200 200 200 200 200 200 200 200 200 200 200 200 200 200 200 200 200 200 200 200 200 200 200 200 200 200 200 200 200 200 200 200 200 200 200 200 200 200 200 200 200 200 200 200 200 200 200 200 200 200 200 200 200 200 200 200 200 200 200 200 200 200 200 200 200 200 200 200 200 200 200 200 200 200 200 200 200 200 200 200 200 200 200 200 200 200 200 200 200 200 200 200 200 200 200 200 200 200 200 200 200 200 200 200 200 200 200 200 200 200 200 200 200 200 200 200 200 200 200 200 200 200 200 200 200 200 200 200 200 200 200 200 200 200
976
0 200 81 103 81 66 102 105 118 51 59 68 75 57 117 75 77 60 92 63 83 115 118 105 65 103 86 112 70 88 65 98 84 53 62 71 57 73 106 77 51 120 100 84 53 70 59 87 83 106 86 62 64 68 73 80 86 109 74 58 105 56 109 116 105 116 82 120 75 117 74 61 70 73 119 72 106 69 96 106 74 90 73 107 101 77 81 57 51 99 76 90 57 112 88 52 120 92 70 89 53 113 68 61 119 93 95 54 118 95 118 75 100 57 102 90 109 61 91 58 102 99 100 89 94 103 119 109 117 105 53 100 120 102 112 114 81 110 96 80 119 59 66 87 119 74 55 120 104 120 76 115 103 56 60 103 52 80 95 87 67 65 59 62 114 79 89 104 116 83 70 119 87 54 53 106 114 65 82 77 51 106 111 63 50 103 84 62 87 92 87 67 112 103 99 60 118 89 116 65 84 54 101 94 80 76 72 95 59 114 83 52 120 93 92 77 53 59 83 88 112 111 82 66 83 54 57 118 58 71 71 88 116 98 86 61 75 78 104 61 74 116 115 83 106 91 77 80 50 51 107 115 61 105 79 91 114 69 100 96 104 98 51 115 118 60 103 76 65 77 85 88 104 83 100 103 71 70 108 101 118 112 89 85 88 66 95 71 68 120 56 86 113 75 111 53 100 78 110 108 76 51 58 113 58 78 54 56 109 89 108 107 54 72 85 109 58 74 87 86 81 69 57 72 52 119 89 90 90 87 107 94 75 68 60 103 104 53 73 110 63 98 85 96 65 68 50 95 92 91 55 57 115 62 117 114 75 91 101 112 58 63 50 52 103 61 112 71 85 55 53 60 104 112 72 50 74 56 62 76 109 65 78 86 107 58 94 82 54 81 113 60 92 108 95 57 91 64 104 53 87 82 86 75 63 118 93 71 52 97 94 116 64 110 102 119 77 68 91 54 88 115 50 64 87 86 98 77 102 60 76 105 111 79 92 102 77 99 74 67 67 99 77 94 90 89 105 67 71 109 105 111 90 59 50 62 95 87 71 77 116 99 89 108 59 70 75 82 80 75 105 117 100 83 94 61 117 110 116 93 66 54 105 95 92 78 77 105 102 73 78 68 76 117 80 96 74 101 112 107 87 120 67 62 75 95 60 56 83 115 118 119 50 113 81 51 85 97 83 109 115 98 68 111 70 91 108 108 102 118 72 97 57 57 69 116 116 103 54 56 114 81 120 88 94 78 67 98 56 61 70 86 72 77 60 113 96 90 72 96 86 53 65 100 84 64 81 56 55 118 118 78 104 72 59 113 82 105 88 79 56 72 110 93 116 105 109 79 54 75 96 57 73 65 85 110 62 118 105 75 112 69 74 62 81 120 63 102 93 57 93 61 111 52 77 96 63 62 83 105 90 96 53 109 90 68 67 60 79 83 54 56 62 53 53 66 96 110 91 69 57 91 70 58 112 76 57 73 65 106 115 62 50 99 92 78 100 65 92 100 113 117 101 98 95 93 70 92 77 77 78 120 84 85 84 72 53 58 89 77 91 81 82 53 94 84 87 107 111 91 73 69 67 77 67 89 118 54 100 73 96 73 101 86 94 111 52 104 94 107 51 52 94 52 80 105 87 78 115 85 113 79 111 91 112 88 119 60 118 98 65 97 89 97 51 58 55 77 52 117 95 100 82 78 72 65 92 116 113 81 97 87 112 88 105 120 59 91 80 58 93 75 60 75 76 62 117 57 50 113 96 54 50 65 71 95 71 93 70 86 66 87 100 64 74 55 110 120 110 74 69 63 68 102 78 73 67 84 74 50 76 66 82 50 120 67 96 73 94 95 104 84 89 115 57 94 72 69 75 60 109 95 93 50 52 116 75 60 57 77 84 99 102 87 62 94 95 106 115 79 104 64 81 95 94 75 86 111 67 87 118 115 88 96 85 69 62 87 59 87 54 50 91 54 112 73 97 107 97 110 78 89 115 89 104 97 106 97 101 118 117 76 109 86 92 59 97 107 72 74 103 93 68 52 71 113 81 54 63 113 90 83 86 105 66 77 74 101 109 84 105 99 118 120 89 103 75 117 58 112 106 80 81 71 57 67 79 68 72 77 118 58 53 59 120 79 80 117 60 84 118 106 50 60 64 57 85 97 66 81 114 54 73 88 66 119 77 63 109 76 98 70 58 80 86 50 118 88 96 109 119 105 113 63 55 200
356
135 89 135 89 135 89 89 135 89 89 89 135 135 135 135 89 89 89 89 89 135 89 89 135 89 89 135 89 89 89 135 135 135 135 89 89 135 135 135 135 89 89 89 89 89 89 135 89 135 89 135 89 89 135 135 135 89 135 89 135 135 89 89 89 135 135 89 89 135 135 89 89 89 89 89 89 135 89 135 135 135 89 135 135 89 89 89 135 135 89 89 89 135 135 89 135 135 89 135 135 89 89 135 89 135 89 89 89 89 135 89 135 135 135 135 135 89 89 89 135 135 135 135 135 89 135 135 135 89 135 89 89 135 89 135 89 135 89 89 89 89 135 135 135 89 89 135 135 135 135 89 135 135 135 89 135 89 135 135 89 135 135 135 135 135 89 89 89 135 89 135 89 135 135 135 89 135 135 135 135 89 135 135 89 135 89 135 135 135 89 89 135 135 135 89 135 89 135 135 89 135 89 135 135 135 89 135 89 135 89 89 135 135 135 135 89 135 89 89 135 135 89 89 135 135 89 89 135 135 89 89 135 89 89 135 89 89 89 89 135 89 89 89 135 135 89 135 135 135 135 135 135 89 135 135 135 135 135 135 135 89 135 89 135 135 89 89 89 89 135 135 89 135 135 135 135 89 135 89 135 135 89 135 135 135 89 89 135 89 135 135 89 89 135 135 135 135 135 89 89 135 135 135 89 89 135 89 89 89 135 135 135 135 135 135 135 89 89 135 135 135 135 89 89 89 89 135 89 89 89 135 89 135 89 89 135 135 135 135 89 89 135 135 89 89 89 135 89 89 89 135 89 135 89 135 89
703
0 200 112 52 117 89 116 72 116 119 54 74 101 55 62 92 61 65 59 79 57 92 77 107 81 100 71 79 75 80 106 113 79 106 51 116 97 51 103 110 76 110 85 92 112 92 60 99 78 66 92 60 85 64 66 56 89 79 67 85 79 75 97 88 65 95 108 80 89 73 63 102 79 113 67 103 59 107 108 61 52 63 56 92 62 83 117 103 102 89 80 97 108 81 89 63 72 119 95 115 115 103 58 52 86 85 77 101 97 90 88 63 59 58 61 88 51 94 117 98 85 73 76 95 95 77 56 55 65 117 104 113 77 75 104 82 111 114 109 58 104 84 51 68 80 103 86 86 61 110 78 74 67 81 116 91 110 106 79 72 110 55 59 112 113 109 84 70 85 59 82 93 97 50 87 77 110 79 84 71 115 97 88 56 68 67 84 66 63 68 59 109 68 83 85 81 99 94 89 83 50 63 50 55 84 73 85 59 82 70 79 104 118 100 85 94 61 101 100 54 113 119 71 54 58 62 72 83 98 66 94 101 80 112 112 78 107 106 109 118 105 88 62 66 62 60 54 90 65 100 79 68 85 65 91 62 113 54 57 120 81 81 81 79 88 53 85 73 109 72 73 98 110 68 103 117 115 105 72 61 106 73 105 76 91 69 118 107 86 79 99 55 71 79 105 79 103 80 101 52 71 66 84 81 115 66 56 75 95 68 87 114 116 61 88 91 101 88 75 68 97 66 78 113 75 120 79 56 81 66 92 102 58 81 101 117 90 90 95 76 105 111 60 117 78 71 108 102 82 119 62 63 92 68 59 112 112 102 77 98 112 88 64 84 74 82 69 103 54 106 92 118 113 120 97 120 71 75 113 79 116 58 50 117 115 80 74 110 118 107 75 74 107 69 64 64 53 71 103 90 56 87 107 50 112 56 102 103 78 76 84 101 118 118 97 94 60 83 53 115 52 119 71 87 98 80 103 111 68 108 68 120 87 68 84 99 90 100 101 117 97 70 60 109 82 99 83 116 83 63 112 73 91 71 84 65 115 92 116 72 114 102 107 74 104 116 115 57 91 119 113 112 91 56 77 81 120 69 50 60 105 115 85 95 73 96 98 112 107 67 52 112 67 58 54 56 75 77 101 75 80 117 101 56 90 71 98 86 101 119 100 81 69 99 50 89 77 84 76 94 64 61 87 111 79 55 99 84 105 76 77 54 101 61 93 95 56 75 73 111 120 114 51 61 81 53 86 72 112 113 108 84 71 65 72 66 60 92 66 65 113 57 59 54 71 96 96 50 65 103 82 66 60 73 90 119 58 114 61 52 108 83 53 100 88 68 80 54 102 110 85 67 115 103 58 73 92 96 86 95 54 117 67 89 99 51 57 107 51 83 53 103 118 83 66 58 111 98 119 84 73 87 74 66 108 50 109 95 95 106 119 101 79 59 57 78 60 93 63 58 106 100 80 81 103 107 87 54 84 66 71 77 106 98 108 68 90 98 116 58 90 52 101 59 84 113 91 91 67 87 115 66 61 101 70 52 120 76 73 91 64 56 85 89 91 103 114 76 68 79 91 50 66 83 99 120 118 120 85 62 70 111 200
206
6 1 18 14 4 15 2 5 9 12 20 13 1 164 3 183 2 10 20 16 3 173 19 196 8 1 150 186 154 15 191 15 18 17 13 13 1 200 9 17 18 4 0 11 11 2 13 20 4 177 7 17 9 2 9 3 2 14 166 7 2 3 17 18 5 173 13 20 18 10 6 20 13 15 1 184 10 185 20 7 8 2 7 15 1 17 10 10 19 10 18 0 10 0 166 19 15 10 10 0 12 9 11 19 7 0 12 2 18 8 13 13 11 5 19 4 150 11 13 3 15 16 0 2 171 166 1 0 4 1 152 2 15 13 1 5 13 10 9 2 196 1 13 195 5 170 1 19 4 171 8 150 176 11 17 18 163 2 5 182 7 173 8 5 193 1 10 12 19 17 6 1 18 1 12 14 15 7 191 2 3 10 196 167 4 171 16 200 4 15 14 19 0 189 18 11 15 7 7 13 12 1 151 14 157 6
762
154 102 117 106 173 154 102 154 117 174 106 117 154 154 174 174 117 106 173 174 173 117 106 117 173 173 117 117 154 106 106 174 154 154 106 102 173 173 106 117 106 106 106 117 102 173 117 106 102 106 173 117 106 117 173 117 174 102 173 154 106 154 117 173 173 106 174 174 173 154 154 117 173 106 117 102 117 117 174 174 117 173 173 174 173 117 173 102 102 106 117 154 106 173 154 154 117 154 102 174 102 174 154 106 106 102 173 174 117 154 154 173 102 106 102 102 117 154 117 154 117 106 154 154 154 102 102 106 106 102 174 102 173 102 173 154 102 154 173 174 154 154 154 102 174 174 117 154 173 173 173 102 154 117 174 117 117 154 106 173 174 102 154 106 174 102 154 174 174 173 117 154 173 106 173 154 117 102 106 106 102 106 106 154 174 106 174 117 102 102 173 106 102 106 106 173 102 174 102 154 106 154 102 174 173 106 117 106 154 154 174 173 106 154 106 173 106 154 106 154 154 173 154 117 102 102 117 173 117 106 154 154 154 173 106 154 117 106 106 174 174 173 173 102 154 102 106 154 174 117 173 106 173 174 174 154 117 106 174 117 154 174 102 174 174 154 174 117 174 174 117 173 154 117 117 154 154 106 173 174 174 117 154 102 174 154 173 174 173 117 102 154 154 173 117 154 117 117 117 173 102 154 174 173 102 173 102 117 173 106 174 154 102 102 106 174 106 173 154 174 106 173 106 174 106 102 117 154 154 106 102 106 154 106 117 106 173 102 154 117 117 173 117 154 173 117 106 174 106 154 173 106 173 102 174 102 154 106 117 102 106 173 106 154 102 102 106 106 102 106 174 117 154 102 173 174 154 154 154 102 174 106 102 173 154 154 117 102 173 154 117 173 174 117 174 154 117 117 102 117 117 102 117 174 154 106 174 174 173 173 154 102 173 173 106 102 117 102 102 174 154 173 174 117 117 106 102 106 174 117 106 102 117 106 106 173 106 154 102 154 117 102 106 154 102 174 106 106 174 106 106 174 102 173 173 174 174 174 102 174 106 117 102 117 154 102 106 174 173 117 154 102 117 102 102 154 173 106 154 154 173 173 174 106 174 106 117 154 154 173 102 102 102 117 102 117 173 154 174 154 117 174 174 106 102 174 102 173 174 173 102 102 154 106 106 106 174 173 174 173 117 117 117 117 117 102 106 102 117 117 117 173 117 106 173 102 117 102 106 117 102 174 117 154 154 102 174 117 173 174 174 173 154 173 106 174 173 106 173 154 173 154 154 174 174 117 154 173 154 117 173 154 173 173 117 117 173 102 154 117 106 154 173 154 106 174 102 106 106 102 173 154 174 173 173 117 117 174 173 117 102 173 102 174 174 174 154 117 102 173 117 106 154 106 102 174 117 117 173 117 102 154 174 102 106 174 173 102 102 106 154 106 173 174 106 154 102 102 106 117 173 173 173 106 117 117 154 154 117 102 154 102 174 102 173 106 106 106 173 154 173 174 174 117 117 174 154 102 106 117 102 173 102 102 117 117 102 154 174 102 173 174 154 117 117 102 173 173 102 102 173 174 154 102 174 106 173 106 102 154 154 174 173 173 106 106 174 117 173 173 154 174 173 174 174 174 174 173 106 117 173 173 154 154 117 174 106 106 154 102 173 154 173 173 106 117 154 174 106 117 106 102 154 106 154 154 102 154 102 117 174 174 174 154 174 154 106 102 173 117 106 154
849
30 101 31 63 123 178 191 128 90 197 185 48 175 44 138 149 96 92 149 165 76 153 84 0 77 25 103 56 27 23 185 44 44 97 157 117 31 141 15 94 190 132 74 30 28 32 138 38 175 129 118 20 20 71 45 127 68 88 180 88 172 0 19 196 157 56 186 16 16 2 126 12 170 12 178 157 183 19 83 78 177 163 197 142 2 156 121 56 124 31 58 156 131 49 123 185 5 49 100 155 102 133 68 60 53 166 86 190 52 150 20 113 182 125 38 100 59 185 16 99 16 147 169 84 53 153 109 10 66 158 37 148 154 72 7 168 188 52 113 163 100 200 85 132 153 123 172 155 23 5 140 187 75 170 149 146 101 193 123 22 139 100 38 199 133 60 15 122 53 27 70 101 146 123 80 187 134 161 177 198 74 118 168 106 55 135 4 22 67 3 54 175 14 132 110 195 134 122 112 37 61 192 114 19 5 76 184 120 7 97 108 36 80 107 20 12 122 49 95 163 88 106 175 5 84 111 166 96 54 89 141 108 89 194 177 10 109 151 139 14 39 58 138 16 5 47 189 168 121 48 195 176 39 10 194 162 24 117 3 14 5 37 30 45 155 39 132 130 68 52 97 138 115 154 5 30 145 46 56 119 6 42 181 103 111 50 143 35 72 157 62 38 14 167 190 121 139 41 17 167 88 29 3 189 111 4 5 170 56 92 158 22 90 100 187 61 27 189 78 58 135 38 149 29 190 200 37 124 109 106 22 194 116 131 42 195 146 33 57 117 96 82 3 154 32 105 170 164 87 131 182 107 161 141 149 16 49 145 126 158 75 37 170 81 33 53 197 90 32 55 40 105 152 157 131 106 83 105 103 126 123 76 90 142 106 22 153 80 131 85 99 103 120 115 137 169 45 81 92 143 160 125 129 119 138 156 178 110 136 113 142 53 2 132 161 27 191 169 97 30 73 1 69 142 127 36 122 124 116 33 97 99 7 36 58 132 54 45 165 41 111 29 15 4 123 13 126 143 91 25 44 65 38 128 93 6 105 96 112 46 90 0 61 120 2 194 94 10 122 154 193 159 197 158 157 180 64 24 180 189 83 46 134 82 132 69 14 164 24 18 52 192 105 178 199 123 160 14 26 129 192 124 19 76 65 38 144 56 62 79 68 164 30 134 8 160 80 139 59 114 40 97 165 75 166 77 145 164 137 136 143 193 114 95 61 174 148 108 192 193 115 145 161 127 178 14 66 99 132 16 179 54 180 179 4 163 17 133 21 109 39 46 65 163 63 23 198 104 123 188 106 122 52 134 175 75 80 140 79 11 26 36 144 35 167 99 176 117 63 52 156 46 144 127 65 0 84 97 30 121 26 14 116 9 163 140 3 146 67 9 99 43 121 189 1 71 55 42 122 178 43 64 80 53 103 87 76 175 0 153 18 193 170 188 142 65 50 92 174 96 54 116 85 165 22 11 158 9 139 105 150 173 192 55 22 55 184 156 184 10 115 50 64 144 176 10 84 83 42 126 94 191 73 29 9 47 130 69 79 196 65 64 123 70 111 124 188 129 129 174 111 114 113 70 52 83 21 128 180 166 53 120 188 57 112 55 127 38 49 113 71 199 158 168 123 103 62 200 160 63 191 52 139 60 120 199 139 193 24 31 39 55 14 181 123 14 178 103 71 174 115 82 79 28 102 155 37 45 71 103 85 130 163 147 13 103 15 153 186 87 149 1 111 176 174 132 120 194 37 105 101 96 8 126 142 159 184 72 193 69 100 41 52 159 114 153 87 119 78 33 92 85 126 175 87 22 132 96 200 198 55 117 143 77 158 98 149 110 84 51 39 64 58 199 190 133 104 179 60 102 19 178 154 17 155 46 79 140 42 87 127 99 85 108 108 182 2 53 124 31 13 46 69 104 13 95 6 162 185
769
8 8 6 20 7 15 15 12 10 9 0 1 2 4 9 18 8 5 8 7 18 2 4 4 7 15 0 4 3 1 7 19 3 12 17 0 4 13 10 12 7 8 20 13 17 5 17 14 8 5 13 8 1 18 0 2 15 13 2 0 14 18 13 2 14 11 1 0 11 19 7 12 12 17 15 7 8 7 15 17 3 3 10 18 9 10 6 20 1 13 16 3 19 18 18 9 4 13 6 1 5 6 17 9 14 0 20 18 10 14 17 1 0 13 12 16 11 7 4 11 17 4 9 16 4 3 12 16 15 9 16 18 5 4 14 10 5 4 16 10 12 18 6 8 15 5 0 3 13 10 6 13 20 10 15 7 4 5 12 1 2 2 0 20 5 2 1 14 20 14 18 20 5 9 16 6 6 19 3 3 6 2 3 2 2 5 0 19 2 0 19 17 19 6 8 15 1 3 17 8 4 0 0 18 2 18 18 17 12 16 16 2 6 5 13 10 6 7 18 1 10 1 0 14 10 20 15 17 0 5 14 16 20 17 20 5 17 16 1 13 20 9 17 10 19 15 14 15 3 10 7 8 2 7 18 5 8 2 0 3 9 4 0 6 14 4 11 1 11 8 7 14 11 10 12 19 18 5 16 4 18 15 4 19 12 9 7 12 13 13 8 20 20 9 8 2 11 20 16 20 16 16 18 5 1 5 3 6 7 6 1 6 13 20 10 18 16 14 8 0 7 3 15 12 16 11 19 14 13 9 11 20 15 14 8 0 17 5 2 5 19 9 19 14 3 20 16 4 19 2 2 10 9 11 15 8 4 19 6 19 6 5 1 12 2 17 1 6 4 12 2 6 1 16 10 2 8 7 9 2 11 8 9 2 16 4 9 10 14 4 12 19 2 4 18 15 19 9 1 1 18 12 6 16 18 11 1 12 0 13 19 6 2 11 18 19 6 3 11 3 0 18 4 15 15 19 14 9 3 3 7 7 14 8 17 14 2 7 10 7 1 19 12 12 2 10 3 11 10 17 8 13 0 17 1 4 15 2 10 15 6 14 0 10 0 11 17 20 15 7 15 0 5 2 4 2 3 11 19 3 16 17 10 5 8 19 15 3 9 16 2 8 20 4 17 16 5 4 19 3 14 17 11 0 10 12 7 12 12 16 16 9 17 17 3 1 5 10 18 20 7 1 11 4 20 15 10 5 19 18 14 18 13 16 7 16 19 15 18 5 19 14 19 5 15 17 11 3 14 5 16 8 15 10 11 5 18 12 20 9 3 20 2 4 7 0 6 9 2 16 10 19 14 16 5 6 19 12 17 19 12 10 3 13 3 18 0 18 16 20 17 1 11 14 14 11 16 18 20 11 0 4 7 20 12 2 11 2 4 18 3 14 14 10 11 2 13 7 13 11 7 2 16 15 3 19 20 4 1 17 10 2 5 16 3 19 9 9 7 10 3 19 9 15 16 15 10 10 16 14 20 2 1 9 15 18 7 15 1 17 5 12 14 0 7 16 6 12 6 15 12 16 10 16 20 4 5 18 0 6 13 8 4 0 10 20 13 3 6 12 19 15 10 3 9 12 11 1 19 3 19 6 1 11 10 3 5 18 19 16 20 13 14 8 14 5 9 9 13 16 5 0 16 14 16 19 0 16 17 13 0 14 10 19 14 10 17 9 16 11 12 11 13 20 14 16 13 2 8 15 6 9 2 2 17 16 4 8 4 0 3 19 3 19 11 18 11 12 11
331
2 18 20 13 2 19 11 7 7 20 19 1 13 12 3 7 19 10 3 6 5 15 14 14 17 6 1 7 20 12 2 18 6 14 2 7 3 2 13 11 18 6 7 16 14 6 8 7 12 12 2 6 4 20 14 5 1 8 3 20 20 7 13 12 5 8 4 19 8 20 11 13 16 0 14 17 18 14 1 11 14 0 5 8 17 18 4 3 17 0 0 19 0 17 9 7 4 6 6 11 9 10 16 3 16 8 9 13 9 13 11 12 16 7 2 20 4 4 20 11 5 1 7 9 17 12 16 20 14 1 2 4 20 8 0 20 11 4 11 9 8 3 16 15 12 3 20 6 8 9 5 4 13 9 6 14 3 9 17 5 12 12 10 2 20 17 2 5 14 18 6 15 4 14 19 1 18 9 20 9 14 1 15 9 8 5 3 2 12 14 2 5 9 1 17 2 11 14 11 13 16 17 12 0 18 3 13 14 6 12 12 16 9 10 7 14 12 5 20 11 7 5 4 5 17 5 14 10 7 7 16 10 0 7 3 0 6 16 19 8 13 9 17 11 14 17 16 14 13 14 20 18 18 15 5 0 20 17 6 9 12 16 14 3 10 13 0 11 15 11 4 17 8 16 13 0 5 19 15 20 14 18 7 18 1 11 1 0 10 14 10 11 11 16 15 8 19 13 2 16 7 2 20 1 16 7 9 13 17 5 15 1 2 17 3 17 5 20 8 20 13 7 1 16 16 2 14 16 4 18 20
887
125 144 152 125 64 144 166 166 68 64 64 152 144 166 125 152 166 64 166 166 166 144 64 64 152 64 64 144 152 166 68 152 152 64 64 152 144 152 166 64 64 166 144 64 152 125 166 144 125 64 64 152 152 125 144 64 68 68 166 152 64 68 125 125 166 152 68 125 152 152 152 68 144 152 68 166 64 144 125 64 166 64 68 152 68 68 64 125 152 152 144 68 166 68 144 125 68 166 125 152 125 68 152 166 144 144 166 152 144 64 64 64 166 144 152 68 144 68 64 166 144 152 125 144 68 152 64 68 68 125 144 152 144 125 64 152 125 125 125 166 152 125 125 152 125 166 144 166 144 152 166 152 166 68 144 166 166 166 166 125 125 144 64 64 68 166 68 144 125 144 166 64 64 64 64 64 152 64 166 144 152 64 144 68 144 68 68 125 64 68 144 125 64 68 64 68 144 68 64 166 125 68 125 125 64 64 125 125 68 125 152 144 64 64 152 144 68 68 125 152 68 166 68 144 125 64 166 166 152 144 64 152 64 68 64 166 144 125 68 64 152 125 166 68 152 125 152 68 144 125 64 152 152 125 166 68 125 166 64 144 64 125 125 125 68 144 68 166 144 152 152 166 125 144 152 152 125 64 144 152 125 68 152 152 125 68 64 166 64 125 64 144 125 64 64 64 68 64 152 64 68 152 152 64 64 166 166 64 152 125 144 68 68 152 166 68 166 68 152 64 68 68 64 144 68 64 144 64 144 68 166 152 152 152 152 152 166 152 64 166 144 152 152 152 125 166 144 68 64 125 125 64 68 68 68 144 125 166 152 125 125 152 152 125 68 125 68 64 64 64 125 144 152 68 64 166 125 144 125 152 152 125 166 144 68 64 166 64 166 125 64 166 64 68 152 144 68 166 152 125 144 166 152 152 64 68 152 125 144 125 68 68 125 152 144 152 64 144 152 68 125 144 125 144 64 64 152 166 125 125 64 64 68 166 144 64 144 68 152 166 64 166 144 68 166 64 166 64 152 166 166 166 125 144 68 68 125 166 125 152 125 144 125 64 144 166 68 68 125 144 125 166 68 144 166 166 144 68 152 152 152 152 166 166 166 166 64 152 152 152 144 125 125 152 64 125 125 152 166 68 166 166 152 166 166 152 125 152 125 68 125 68 152 152 68 64 125 166 125 125 64 125 166 166 68 152 166 68 166 64 166 144 64 125 125 64 144 166 64 144 68 68 166 166 152 152 144 166 125 68 68 125 125 166 64 166 152 166 144 64 166 125 68 125 152 144 152 68 152 166 166 125 64 152 144 125 68 68 144 166 125 64 125 144 152 152 152 152 68 68 152 166 144 125 144 68 125 166 68 125 68 166 68 166 125 152 68 68 68 152 125 166 166 64 64 68 68 125 152 125 144 68 125 125 68 64 125 68 144 68 144 125 166 125 144 152 166 144 68 64 152 64 144 68 64 125 152 166 68 144 125 144 144 68 125 144 68 64 144 125 152 166 166 68 166 125 166 125 152 144 144 64 144 166 125 166 166 152 125 152 144 125 144 64 144 68 125 68 144 152 64 125 152 166 68 64 125 68 64 152 64 152 125 166 166 125 144 166 152 166 125 64 152 68 152 64 64 64 166 152 68 144 166 64 68 125 144 64 64 68 166 64 68 166 144 68 152 68 125 125 125 64 166 166 166 152 64 64 64 68 144 144 166 152 68 144 144 152 152 144 144 125 68 68 144 144 125 166 166 68 152 125 68 68 144 144 68 64 64 144 152 166 68 125 152 152 64 64 125 166 152 125 166 152 152 68 64 68 144 152 64 144 68 125 64 166 152 64 64 125 64 152 68 166 64 144 125 166 144 68 166 64 64 166 166 125 152 144 144 144 166 68 125 125 125 144 152 68 125 68 64 125 64 68 144 68 166 125 68 152 166 166 125 144 152 64 68 166 68 166 166 68 166 125 152 125 144 125 64 144 125 125 144 166 152 64 144 166 144 144 68 125 125 125 125 64 64
406
2 171 4 154 20 182 5 14 3 182 5 6 167 6 17 1 4 0 1 152 3 2 10 15 0 8 157 12 7 13 8 9 1 15 14 12 0 6 19 150 20 18 153 152 167 16 18 20 5 12 16 19 10 192 15 12 20 14 176 19 2 154 17 2 7 17 6 19 4 10 7 10 9 17 19 17 183 5 12 16 14 178 150 12 4 15 11 19 0 156 19 17 16 19 2 15 19 15 181 2 16 11 163 13 6 5 20 2 3 2 19 14 2 6 192 16 186 11 10 1 158 20 8 17 1 14 6 9 15 1 2 13 10 5 5 15 15 9 5 12 17 198 0 10 7 167 199 188 15 4 190 186 172 174 16 20 13 6 20 19 16 168 177 5 0 16 14 151 20 1 8 166 0 18 18 20 189 18 16 3 5 20 12 18 5 180 16 17 11 7 193 7 18 196 14 168 16 6 193 193 178 11 2 1 20 10 181 7 190 5 18 175 20 7 3 12 13 181 12 20 12 160 9 0 12 0 8 15 20 14 8 196 15 13 1 5 9 18 11 15 13 1 156 11 5 0 19 7 3 7 1 14 4 13 7 4 174 18 15 18 15 1 13 17 11 6 17 17 6 5 18 9 178 2 20 13 162 5 8 171 6 16 13 0 1 9 165 162 19 154 10 160 0 2 11 7 4 19 11 4 18 20 1 155 10 14 5 176 158 14 9 3 15 7 19 9 12 10 2 13 152 6 3 16 160 18 1 7 14 0 13 197 188 1 19 16 155 9 164 5 2 7 11 0 11 2 178 2 173 160 171 5 199 9 20 168 1 6 6 2 0 15 5 10 0 16 16 17 18 19 0 18 5 10 13 7 15 195 170 18 16 0 3 0 15 5 192 12 20 4 12 0 11 8 16 20 7 7 153 2 163 4 6 185 9 13
205
10 11 11 14 1 2 18 15 2 2 20 16 9 10 12 6 19 1 12 18 4 17 20 8 13 19 20 2 19 1 19 6 3 18 15 18 17 1 14 10 6 12 12 14 19 6 11 0 13 10 17 8 2 8 18 1 13 13 13 16 14 9 18 8 19 15 20 7 17 15 17 11 6 2 15 15 19 19 2 12 0 17 14 16 17 9 9 0 9 13 5 18 12 7 6 2 4 10 19 4 17 1 11 10 13 11 1 2 19 7 3 17 19 16 5 13 9 13 18 17 3 4 3 19 6 6 3 11 5 9 20 13 3 15 13 10 17 0 12 5 1 10 6 4 6 11 10 18 20 11 7 2 16 13 0 5 13 16 8 5 8 15 6 7 11 4 19 14 17 8 6 11 5 4 11 3 6 5 12 19 8 13 1 8 14 3 9 8 20 5 0 3 3 15 18 0 19 5 18 14 7 5 19 6 1
756
5 12 4 5 5 3 0 3 19 9 19 6 18 18 14 10 11 1 2 18 17 14 8 1 15 9 19 7 10 12 2 15 14 18 7 9 5 9 0 10 20 16 10 1 15 9 18 0 12 1 12 16 10 19 20 5 20 0 7 12 13 18 8 20 19 3 13 7 1 0 5 0 12 17 14 5 12 16 7 11 2 9 0 4 15 14 11 1 15 1 11 16 14 17 14 11 1 5 5 18 16 6 12 19 1 19 0 15 0 4 12 18 11 7 16 19 19 19 11 8 1 14 11 0 16 13 14 13 8 9 0 12 6 3 17 19 5 20 16 18 5 2 15 1 16 5 7 0 18 3 5 16 1 8 17 6 1 15 9 0 1 13 6 10 14 7 6 19 19 17 5 16 12 1 19 10 5 0 1 8 16 2 6 14 5 11 20 19 13 6 12 6 8 5 3 8 10 20 0 20 20 6 16 11 18 14 10 3 11 4 18 3 18 3 17 0 15 9 16 20 17 2 11 11 6 17 12 12 0 5 5 17 16 4 19 17 13 18 15 4 1 14 3 20 2 11 3 15 3 5 10 0 2 19 12 7 1 8 7 7 11 3 0 18 0 8 14 14 10 18 10 15 19 7 12 6 5 18 15 8 17 12 3 9 8 0 18 10 11 0 10 17 19 15 4 7 7 13 12 5 8 10 10 4 13 15 14 13 7 2 18 7 17 18 17 3 14 16 14 1 6 0 19 7 19 6 3 3 11 16 5 1 6 2 10 20 3 18 6 14 18 19 7 8 2 17 17 1 8 12 19 20 4 2 4 7 17 1 13 12 2 0 17 7 8 17 5 11 4 15 10 11 0 5 14 19 10 7 15 3 6 3 5 12 20 20 15 7 14 2 12 16 1 17 1 14 12 14 1 13 20 14 11 6 13 1 20 1 0 20 10 20 14 2 14 4 0 3 16 6 6 1 1 17 5 4 16 10 20 12 9 5 3 6 2 10 8 2 16 17 0 17 11 19 8 13 11 16 6 1 10 0 7 15 13 18 7 14 9 15 13 7 1 9 8 7 5 9 8 0 2 13 5 8 7 5 20 18 12 13 9 13 4 18 3 15 8 15 1 5 11 3 14 2 18 18 2 1 17 17 14 17 17 20 10 10 5 19 13 18 14 15 13 10 10 12 5 5 13 16 2 9 11 1 1 6 10 3 20 3 9 15 3 18 18 16 10 4 5 6 7 9 2 20 4 17 19 20 17 2 12 5 19 12 6 16 0 13 18 17 19 1 0 5 7 19 0 18 20 2 15 14 20 19 16 4 5 0 1 3 13 6 3 5 9 6 17 20 8 11 7 18 14 7 4 8 4 9 20 2 6 6 4 18 3 12 12 19 1 1 11 7 6 14 5 0 6 5 5 0 20 12 1 4 10 0 7 0 15 10 13 19 6 0 17 1 4 7 3 14 6 4 14 9 1 6 5 13 3 19 5 3 20 19 1 14 17 10 17 17 7 13 5 17 11 16 4 15 13 3 10 7 17 1 20 0 10 6 20 1 19 7 6 20 4 20 13 1 8 9 4 3 17 12 20 1 14 3 9 12 4 18 19 10 11 20 4 7 6 3 19 20 9 6 2 8 8 17 19 16 0 16 10 20 12 12 9 3 5 9 10 4 7 15 5 16 9 12 4 1 20 18 18 10 8 17 0 15 5 8 18 1 15 15 9 15
241
0 200 114 63 104 114 52 120 113 82 110 71 96 113 50 64 101 59 56 118 72 58 120 50 60 118 67 71 91 56 118 53 84 99 93 94 106 82 67 102 62 88 94 71 64 108 71 100 110 106 83 115 96 71 66 101 93 114 95 93 98 55 81 85 63 63 115 108 74 79 51 105 52 70 95 50 56 59 99 97 55 64 103 103 96 98 61 104 76 79 115 60 89 72 54 66 107 53 89 51 112 94 67 77 116 82 89 64 52 86 92 84 104 117 84 52 111 74 86 116 90 119 81 70 96 113 63 91 64 79 63 65 65 113 55 113 85 58 56 93 107 109 74 90 104 92 97 93 112 79 104 71 100 117 118 73 100 91 118 57 110 98 75 51 52 110 53 112 57 105 52 62 91 52 108 106 82 53 59 56 56 120 102 73 99 78 120 113 118 52 62 54 54 79 73 107 102 59 114 100 69 83 56 74 117 62 119 58 88 70 58 80 74 65 89 96 103 100 89 87 94 112 117 117 65 85 99 61 76 96 82 71 100 72 96 119 74 108 114 80 200
34
16 17 0 12 0 19 3 17 15 7 7 0 17 3 7 6 5 1 4 17 4 6 7 19 11 3 4 8 3 20 18 2 7 1
10
47 148 77 168 159 85 167 139 124 198
200
6 17 2 165 12 12 19 12 15 20 19 8 18 11 17 12 14 157 2 7 5 19 7 7 11 10 0 8 14 15 0 14 200 13 11 14 19 15 19 15 19 18 3 17 2 16 9 1 6 3 18 3 8 8 11 177 11 6 167 9 10 16 10 1 4 6 0 171 12 17 151 2 19 19 18 20 6 18 5 18 18 11 12 0 16 1 180 194 9 1 18 184 7 159 3 17 150 4 14 179 190 19 5 196 18 161 155 10 5 10 13 3 20 6 16 5 0 17 20 19 11 5 199 12 9 8 7 14 177 11 8 18 18 20 13 16 1 19 10 20 2 3 14 11 3 1 13 11 178 7 17 7 6 187 17 11 6 187 11 19 173 17 11 158 175 20 160 20 14 16 1 9 3 14 2 171 175 9 0 3 7 7 15 15 8 13 10 10 20 13 0 19 11 6 17 3 2 20 185 14
221
179 33 135 66 133 159 166 44 4 140 67 63 72 161 61 66 70 29 144 187 200 116 188 11 127 77 104 122 38 21 145 101 137 50 140 47 2 140 11 126 22 132 122 15 176 151 140 35 30 34 121 10 108 125 103 107 129 145 35 108 139 78 24 132 91 163 186 64 184 100 101 19 41 90 179 39 174 129 138 125 145 96 38 128 80 190 104 135 24 24 79 82 165 148 106 153 123 88 31 173 109 99 124 66 8 28 168 141 60 21 30 13 31 164 173 96 99 33 155 138 193 139 130 176 105 184 93 52 83 34 34 166 92 184 42 136 168 88 168 101 66 110 108 120 169 140 60 123 33 96 148 5 40 173 44 188 84 116 197 112 32 127 148 140 109 113 136 98 141 136 57 105 111 154 190 154 134 54 40 121 103 15 33 42 131 60 153 192 198 183 148 154 162 92 26 10 104 56 179 198 119 86 126 133 140 55 78 85 12 108 6 143 172 143 56 10 68 156 82 22 62
575
0 0 0 0 0 0 0 0 0 0 0 0 0 0 0 0 0 0 0 0 0 0 0 0 0 0 0 0 0 0 0 0 0 0 0 0 0 0 0 0 0 0 0 0 0 0 0 0 0 0 0 0 0 0 0 0 0 0 0 0 0 0 0 0 0 0 0 0 0 0 0 0 0 0 0 0 0 0 0 0 0 0 0 0 0 0 0 0 0 0 0 0 0 0 0 0 0 0 0 0 0 0 0 0 0 0 0 0 0 0 0 0 0 0 0 0 0 0 0 0 0 0 0 0 0 0 0 0 0 0 0 0 0 0 0 0 0 0 0 0 0 0 0 0 0 0 0 0 0 0 0 0 0 0 0 0 0 0 0 0 0 0 0 0 0 0 0 0 0 0 0 0 0 0 0 0 0 0 0 0 0 0 0 0 0 0 0 0 0 0 0 0 0 0 0 0 0 0 0 0 0 0 0 0 0 0 0 0 0 0 0 0 0 0 0 0 0 0 0 0 0 0 0 0 0 0 0 0 0 0 0 0 0 0 0 0 0 0 0 0 0 0 0 0 0 0 0 0 0 0 0 0 0 0 0 0 0 0 0 0 0 0 0 0 0 0 0 0 0 0 0 0 0 0 0 0 0 0 0 0 0 0 0 0 0 0 0 0 0 0 0 0 0 0 0 0 0 0 0 0 0 0 0 0 0 0 0 0 0 0 0 0 0 0 0 0 0 0 0 0 0 0 0 0 0 0 0 0 0 0 0 0 0 0 0 0 0 0 0 0 0 0 0 0 0 0 0 0 0 0 0 0 0 0 0 0 0 0 0 0 0 0 0 0 0 0 0 0 0 0 0 0 0 0 0 0 0 0 0 0 0 0 0 0 0 0 0 0 0 0 0 0 0 0 0 0 0 0 0 0 0 0 0 0 0 0 0 0 0 0 0 0 0 0 0 0 0 0 0 0 0 0 0 0 0 0 0 0 0 0 0 0 0 0 0 0 0 0 0 0 0 0 0 0 0 0 0 0 0 0 0 0 0 0 0 0 0 0 0 0 0 0 0 0 0 0 0 0 0 0 0 0 0 0 0 0 0 0 0 0 0 0 0 0 0 0 0 0 0 0 0 0 0 0 0 0 0 0 0 0 0 0 0 0 0 0 0 0 0 0 0 0 0 0 0 0 0 0 0 0 0 0 0 0 0 0 0 0 0 0 0 0 0 0 0 0 0 0 0 0 0 0 0 0 0 0 0 0 0 0 0 0 0 0 0 0 0 0 0 0 0 0 0 0 0 0 0 0 0 0 0 0 0 0 0
168
18 9 17 1 6 19 15 17 6 0 15 16 18 12 4 19 12 2 3 13 1 15 4 4 2 5 13 9 15 13 18 17 19 4 17 19 12 7 8 18 14 15 10 5 13 12 8 5 7 8 1 1 3 0 0 3 8 3 0 12 2 8 9 3 1 20 7 18 4 1 6 2 13 15 13 9 17 17 17 11 20 18 19 3 12 0 16 1 3 16 4 1 2 2 15 1 17 3 9 16 8 18 14 2 13 9 9 13 6 14 8 3 19 9 1 7 5 6 8 13 2 7 18 12 20 20 12 11 5 7 1 1 15 3 0 2 2 4 10 12 20 1 11 2 1 9 18 12 1 1 10 15 20 15 12 12 13 4 20 5 4 3 18 11 20 18 18 7
867
114 93 168 114 0 60 172 81 103 134 9 75 113 106 16 108 32 105 58 128 129 91 104 121 4 190 106 3 113 158 73 197 51 194 159 111 104 180 146 43 36 156 39 103 32 174 135 69 125 154 79 41 163 92 82 12 53 55 167 190 117 156 179 87 97 34 76 179 186 80 102 88 115 105 42 105 163 4 72 5 50 34 78 149 40 156 128 107 156 148 139 73 82 100 189 0 113 28 188 107 131 164 50 136 107 112 32 112 134 113 52 102 148 166 130 31 6 72 179 64 188 197 145 125 196 77 128 99 53 102 155 51 94 53 158 89 46 0 76 86 16 38 131 160 136 170 118 150 74 126 100 129 195 77 192 107 142 47 156 35 86 22 172 30 40 30 190 57 199 74 183 181 54 135 48 7 34 65 136 17 167 18 155 43 98 77 29 197 41 105 70 57 76 96 127 77 61 56 124 199 30 173 111 66 104 126 69 12 49 54 146 139 22 54 157 56 72 24 109 53 4 38 67 173 198 36 191 24 39 186 174 52 108 30 118 51 108 96 43 30 195 120 116 94 63 186 87 6 113 114 171 61 89 135 56 149 39 124 0 181 75 57 53 42 156 185 63 67 169 16 77 34 53 74 181 55 185 44 27 143 75 48 40 46 5 50 188 145 178 128 154 170 173 61 165 34 40 192 150 9 148 178 89 51 86 31 38 75 20 21 35 8 162 135 148 38 123 43 111 0 30 12 185 93 61 50 10 32 18 69 188 92 143 63 105 101 113 33 178 152 115 26 117 40 40 171 185 187 83 86 78 140 156 165 173 104 148 133 148 148 125 68 77 183 116 169 53 141 159 55 160 134 191 162 55 74 104 139 200 33 146 15 88 70 37 39 73 31 167 56 178 141 85 182 52 19 64 99 52 60 107 77 53 23 176 184 195 49 51 192 27 50 70 135 180 177 24 169 180 89 129 144 107 67 22 81 113 68 197 169 140 144 50 94 62 119 42 121 3 112 42 179 155 76 91 114 130 143 143 101 168 6 161 163 139 173 65 195 2 160 55 172 90 22 33 170 190 184 39 105 86 174 21 159 68 132 156 88 75 158 140 162 67 87 112 181 114 113 118 138 19 101 2 143 90 195 16 5 137 6 164 31 79 167 45 195 101 25 71 58 161 42 163 102 158 97 149 69 70 28 6 30 194 144 6 107 119 169 159 22 165 195 139 134 112 34 10 146 107 134 12 136 153 74 176 63 88 18 54 88 117 115 132 146 119 177 130 65 44 20 140 155 47 187 98 151 96 144 81 19 32 119 18 40 110 139 61 133 93 38 182 187 171 17 87 179 16 118 145 108 23 38 165 121 54 86 169 131 159 22 13 101 78 183 14 119 139 169 150 16 100 153 83 88 85 140 139 149 80 51 74 182 78 4 176 16 76 38 39 145 185 148 124 63 91 54 148 157 174 142 153 51 0 47 19 137 57 176 89 73 88 176 161 53 55 91 159 36 36 120 182 107 167 81 140 37 148 199 197 31 86 39 82 147 139 151 52 105 170 101 44 146 94 145 187 103 2 16 38 43 136 164 188 59 43 188 71 5 63 32 52 37 26 136 82 119 155 17 180 94 91 116 126 33 158 160 93 182 142 132 54 163 118 197 1 97 108 11 163 148 117 36 9 89 127 104 101 58 147 35 150 127 59 120 134 122 118 185 51 85 77 18 184 189 168 188 149 63 62 182 39 6 142 112 106 50 171 88 158 136 118 3 193 41 157 11 115 85 172 10 30 34 91 161 93 53 87 123 137 89 133 21 84 77 108 117 102 183 27 44 120 135 123 134 164 124 78 63 101 163 5 112 40 5 182 124 137 169 131 70 171 170 62 172 147 15 4 5 43 142 152 118 31 172 104 32 186 26 87 16 41 155 17 167 87 3 85 86 129 10 66 197 63 22 32 90 93 191 35 200 143 4 126 89 19 161 57
604
0 0 0 0 0 0 0 0 0 0 0 0 0 0 0 0 0 0 0 0 0 0 0 0 0 0 0 0 0 0 0 0 0 0 0 0 0 0 0 0 0 0 0 0 0 0 0 0 0 0 0 0 0 0 0 0 0 0 0 0 0 0 0 0 0 0 0 0 0 0 0 0 0 0 0 0 0 0 0 0 0 0 0 0 0 0 0 0 0 0 0 0 0 0 0 0 0 0 0 0 0 0 0 0 0 0 0 0 0 0 0 0 0 0 0 0 0 0 0 0 0 0 0 0 0 0 0 0 0 0 0 0 0 0 0 0 0 0 0 0 0 0 0 0 0 0 0 0 0 0 0 0 0 0 0 0 0 0 0 0 0 0 0 0 0 0 0 0 0 0 0 0 0 0 0 0 0 0 0 0 0 0 0 0 0 0 0 0 0 0 0 0 0 0 0 0 0 0 0 0 0 0 0 0 0 0 0 0 0 0 0 0 0 0 0 0 0 0 0 0 0 0 0 0 0 0 0 0 0 0 0 0 0 0 0 0 0 0 0 0 0 0 0 0 0 0 0 0 0 0 0 0 0 0 0 0 0 0 0 0 0 0 0 0 0 0 0 0 0 0 0 0 0 0 0 0 0 0 0 0 0 0 0 0 0 0 0 0 0 0 0 0 0 0 0 0 0 0 0 0 0 0 0 0 0 0 0 0 0 0 0 0 0 0 0 0 0 0 0 0 0 0 0 0 0 0 0 0 0 0 0 0 0 0 0 0 0 0 0 0 0 0 0 0 0 0 0 0 0 0 0 0 0 0 0 0 0 0 0 0 0 0 0 0 0 0 0 0 0 0 0 0 0 0 0 0 0 0 0 0 0 0 0 0 0 0 0 0 0 0 0 0 0 0 0 0 0 0 0 0 0 0 0 0 0 0 0 0 0 0 0 0 0 0 0 0 0 0 0 0 0 0 0 0 0 0 0 0 0 0 0 0 0 0 0 0 0 0 0 0 0 0 0 0 0 0 0 0 0 0 0 0 0 0 0 0 0 0 0 0 0 0 0 0 0 0 0 0 0 0 0 0 0 0 0 0 0 0 0 0 0 0 0 0 0 0 0 0 0 0 0 0 0 0 0 0 0 0 0 0 0 0 0 0 0 0 0 0 0 0 0 0 0 0 0 0 0 0 0 0 0 0 0 0 0 0 0 0 0 0 0 0 0 0 0 0 0 0 0 0 0 0 0 0 0 0 0 0 0 0 0 0 0 0 0 0 0 0 0 0 0 0 0 0 0 0 0 0 0 0 0 0 0 0 0 0 0 0 0 0 0 0 0 0 0 0 0 0 0 0 0 0 0 0 0 0 0 0 0 0 0 0 0 0
574
0 0 0 0 0 0 0 0 0 0 0 0 0 0 0 0 0 0 0 0 0 0 0 0 0 0 0 0 0 0 0 0 0 0 0 0 0 0 0 0 0 0 0 0 0 0 0 0 0 0 0 0 0 0 0 0 0 0 0 0 0 0 0 0 0 0 0 0 0 0 0 0 0 0 0 0 0 0 0 0 0 0 0 0 0 0 0 0 0 0 0 0 0 0 0 0 0 0 0 0 0 0 0 0 0 0 0 0 0 0 0 0 0 0 0 0 0 0 0 0 0 0 0 0 0 0 0 0 0 0 0 0 0 0 0 0 0 0 0 0 0 0 0 0 0 0 0 0 0 0 0 0 0 0 0 0 0 0 0 0 0 0 0 0 0 0 0 0 0 0 0 0 0 0 0 0 0 0 0 0 0 0 0 0 0 0 0 0 0 0 0 0 0 0 0 0 0 0 0 0 0 0 0 0 0 0 0 0 0 0 0 0 0 0 0 0 0 0 0 0 0 0 0 0 0 0 0 0 0 0 0 0 0 0 0 0 0 0 0 0 0 0 0 0 0 0 0 0 0 0 0 0 0 0 0 0 0 0 0 0 0 0 0 0 0 0 0 0 0 0 0 0 0 0 0 0 0 0 0 0 0 0 0 0 0 0 0 0 0 0 0 0 0 0 0 0 0 0 0 0 0 0 0 0 0 0 0 0 0 0 0 0 0 0 0 0 0 0 0 0 0 0 0 0 0 0 0 0 0 0 0 0 0 0 0 0 0 0 0 0 0 0 0 0 0 0 0 0 0 0 0 0 0 0 0 0 0 0 0 0 0 0 0 0 0 0 0 0 0 0 0 0 0 0 0 0 0 0 0 0 0 0 0 0 0 0 0 0 0 0 0 0 0 0 0 0 0 0 0 0 0 0 0 0 0 0 0 0 0 0 0 0 0 0 0 0 0 0 0 0 0 0 0 0 0 0 0 0 0 0 0 0 0 0 0 0 0 0 0 0 0 0 0 0 0 0 0 0 0 0 0 0 0 0 0 0 0 0 0 0 0 0 0 0 0 0 0 0 0 0 0 0 0 0 0 0 0 0 0 0 0 0 0 0 0 0 0 0 0 0 0 0 0 0 0 0 0 0 0 0 0 0 0 0 0 0 0 0 0 0 0 0 0 0 0 0 0 0 0 0 0 0 0 0 0 0 0 0 0 0 0 0 0 0 0 0 0 0 0 0 0 0 0 0 0 0 0 0 0 0 0 0 0 0 0 0 0 0 0 0 0 0 0 0 0 0 0 0 0 0 0 0 0 0
918
0 200 70 88 93 89 105 102 85 76 70 50 119 91 87 117 67 85 55 66 84 99 55 63 69 105 101 87 95 110 109 63 69 55 105 119 73 55 118 107 78 82 85 58 111 52 73 114 61 114 54 63 99 76 96 57 98 107 72 107 59 103 87 66 90 118 91 106 101 118 111 52 106 55 62 105 107 65 104 89 81 67 94 103 119 112 97 100 90 110 118 51 88 70 117 60 108 95 86 86 80 78 111 50 96 55 115 58 85 78 79 64 60 120 86 116 93 119 64 111 79 86 76 96 75 86 100 114 86 78 113 86 83 117 83 113 103 74 58 79 120 57 58 100 63 108 51 72 112 83 81 51 110 51 101 72 95 57 61 79 62 54 74 55 67 58 119 75 56 82 86 68 115 57 88 111 53 71 78 75 98 117 102 51 60 50 120 60 90 83 51 84 101 114 61 69 76 56 117 107 70 89 52 50 116 69 96 59 84 63 71 61 51 94 85 103 102 63 101 67 120 99 76 54 91 101 70 65 111 100 87 112 79 91 103 80 65 52 80 54 53 88 60 67 51 67 99 64 64 75 88 97 110 108 56 91 99 116 119 104 106 109 102 99 96 78 63 63 59 120 119 72 84 101 69 85 84 108 96 90 105 72 72 107 68 102 93 103 85 91 99 75 80 114 108 103 50 58 90 89 103 98 88 82 119 66 94 83 118 87 69 91 117 91 96 59 63 53 76 74 82 64 71 69 61 75 67 99 53 79 118 117 102 65 60 60 97 77 116 51 54 76 55 57 55 56 52 116 85 58 65 120 52 70 114 119 78 55 50 85 111 118 99 93 107 103 106 60 65 79 114 89 51 102 62 62 89 96 84 60 53 106 69 111 82 87 72 116 58 81 52 82 53 92 105 68 75 100 50 118 65 117 74 97 72 91 91 79 86 58 75 84 102 74 74 73 101 64 54 100 116 59 119 108 75 115 90 79 82 78 110 74 83 53 53 97 107 62 103 105 65 107 58 102 91 79 85 83 70 72 69 118 80 86 98 120 101 85 92 120 81 62 70 97 108 102 104 68 89 75 73 57 94 66 114 86 100 103 59 106 77 80 74 58 64 120 105 76 118 89 71 88 57 65 53 55 50 89 79 63 71 108 120 76 75 88 92 102 118 114 62 111 116 65 80 80 97 118 105 74 110 119 103 72 90 99 100 105 54 73 114 56 107 96 101 82 110 112 114 57 72 59 58 73 85 96 85 64 56 76 82 72 52 85 71 116 75 57 67 87 70 64 82 50 72 71 94 97 104 115 101 95 97 113 72 72 59 114 100 71 63 102 100 79 61 115 113 116 60 111 117 54 53 110 64 60 120 66 118 117 92 81 106 107 118 55 102 56 85 94 62 59 113 91 60 106 94 91 104 109 73 58 61 93 110 81 63 89 97 109 81 108 67 71 116 75 111 73 66 93 66 117 106 91 52 67 107 57 52 60 78 61 62 117 99 74 93 111 83 95 107 103 101 76 76 50 66 82 72 120 111 72 115 85 57 68 62 80 65 65 96 109 71 62 116 53 85 112 93 73 58 103 118 80 62 86 77 50 84 94 115 98 95 109 81 109 70 74 111 86 51 62 89 100 88 51 94 92 55 71 108 69 87 58 68 96 106 67 65 106 79 86 96 68 84 101 69 80 91 55 85 108 61 97 58 62 116 119 120 87 60 62 84 62 57 74 109 59 102 53 50 95 66 104 105 99 88 87 52 114 54 104 59 83 112 61 116 82 116 55 118 57 50 99 57 111 101 51 80 68 83 70 69 106 117 75 115 87 69 53 91 62 72 73 72 93 61 100 81 68 117 74 55 50 75 97 93 55 89 56 63 105 96 94 107 76 63 116 96 75 94 75 111 63 112 96 65 65 72 62 95 56 83 97 69 96 85 111 104 73 66 118 69 72 60 113 51 68 110 93 71 71 114 51 91 104 87 85 103 60 100 104 90 59 68 99 75 101 74 62 113 82 96 95 97 71 76 94 75 60 65 50 66 52 52 66 112 117 108 86 115 112 113 86 111 81 59 91 86 93 69 116 82 73 80 79 116 200
589
8 6 3 9 20 14 3 2 7 14 7 12 13 12 8 17 20 13 17 16 6 5 7 10 4 19 6 14 11 13 0 14 3 16 3 14 7 12 19 9 17 17 0 7 10 20 8 12 1 2 6 12 15 17 18 15 4 8 1 17 16 10 5 9 3 1 16 13 15 1 8 0 10 3 17 19 3 8 13 10 6 3 9 20 19 19 2 5 7 9 1 2 17 2 6 5 8 19 16 13 9 2 12 13 5 18 15 12 19 12 19 5 1 6 7 17 12 15 14 18 8 9 13 10 6 8 1 13 16 6 19 13 5 10 19 13 7 2 11 1 1 9 8 18 0 0 16 15 5 3 10 16 16 3 7 6 3 13 18 5 17 14 2 7 18 20 1 1 12 20 5 7 15 5 3 4 16 15 20 9 16 10 9 2 12 9 0 0 1 4 18 16 12 9 10 10 11 4 10 11 5 18 18 1 9 8 14 2 1 10 4 8 0 15 2 17 10 11 9 12 9 7 15 12 17 12 14 0 12 2 13 7 7 13 5 11 6 3 3 8 18 8 2 13 15 15 20 6 13 20 2 7 8 1 17 10 11 5 3 8 8 17 15 1 10 10 11 17 3 12 20 13 19 13 4 11 9 7 11 9 13 5 4 12 10 19 1 2 0 11 6 18 8 14 18 19 19 9 19 5 12 10 1 9 9 4 10 19 12 0 11 6 3 3 8 11 6 17 5 8 4 8 17 13 10 19 12 17 14 4 11 5 18 1 3 17 7 18 4 14 17 5 5 16 18 11 2 0 18 20 19 20 3 8 12 20 17 13 4 2 3 4 5 15 10 6 13 3 10 6 10 0 9 1 13 13 16 3 8 1 9 11 15 4 2 2 16 17 14 1 7 10 9 9 14 7 0 6 6 13 11 5 8 9 1 0 1 2 17 6 19 14 17 1 0 10 5 19 15 0 12 12 17 6 3 9 5 8 18 2 8 3 10 14 0 6 18 11 15 9 1 10 8 14 17 8 9 11 0 9 5 14 16 11 15 6 5 2 4 17 9 8 10 6 3 4 17 8 18 6 17 7 0 15 13 6 13 7 2 7 0 1 18 0 12 16 17 18 11 20 17 18 2 2 1 14 16 20 10 18 8 2 18 1 7 20 0 5 16 10 18 7 14 8 11 11 9 11 20 15 12 16 17 1 4 10 10 17 16 3 5 6 20 18 14 5 1 20 6 16 15 14 9 2 6 11 20 11 7 17 1 7 0 16 17 1 1 19 5 19 19 0 10 6 7 2 1 12 5 19 0 8 8 9 20 20 8 18 1 7 11 12 9 13 4 16 4 4 14
131
20 0 7 19 5 8 19 13 11 4 1 11 16 1 17 17 5 12 7 13 5 12 9 17 17 4 12 2 8 1 20 17 15 1 7 19 8 7 16 4 11 19 20 0 11 17 19 16 6 12 9 9 0 8 19 12 4 1 11 0 6 1 10 2 9 1 1 10 16 15 14 1 4 3 11 19 11 9 6 2 9 0 1 0 13 19 10 3 18 5 5 11 8 16 7 18 9 18 6 3 7 0 18 20 11 19 12 18 8 4 6 7 7 0 17 5 7 9 17 17 19 13 3 4 13 4 2 6 6 18 10
647
0 200 104 120 118 57 81 96 107 89 69 93 50 63 102 79 110 100 77 77 89 62 59 120 56 113 95 109 73 86 72 64 52 103 114 74 89 65 108 70 59 97 74 97 97 68 79 109 102 92 76 72 86 70 53 73 88 58 76 93 114 98 58 92 101 63 92 65 54 119 62 60 83 72 79 102 91 92 111 93 74 102 58 74 59 110 79 50 71 98 53 98 101 102 71 91 83 118 97 97 109 69 58 59 99 110 61 83 78 77 90 83 117 82 52 73 101 95 65 106 88 50 112 82 107 112 107 108 86 107 118 117 116 54 119 109 101 108 91 67 108 80 54 115 91 120 86 86 71 91 54 93 98 53 65 61 120 52 89 115 102 101 75 61 102 80 100 60 73 51 109 64 93 110 105 106 68 60 53 78 102 117 69 71 100 94 110 116 104 73 83 92 54 107 114 74 112 60 105 79 89 75 65 81 90 114 97 55 112 83 86 58 110 96 90 120 67 103 118 89 104 52 72 115 80 63 115 83 118 93 80 77 119 56 88 85 115 106 56 106 60 77 90 71 92 78 56 76 106 109 118 88 96 91 71 119 52 69 62 109 58 63 76 90 63 113 93 59 105 105 90 116 112 52 71 87 118 88 117 89 91 60 55 107 87 64 94 62 84 67 116 120 64 52 53 98 103 118 118 105 114 56 115 74 115 63 102 86 111 76 66 95 50 72 118 100 53 55 76 111 92 120 76 95 98 64 77 77 113 118 52 75 108 92 83 95 110 104 116 97 110 106 120 84 99 63 82 83 93 118 53 110 64 91 84 89 101 64 67 55 109 59 85 114 67 114 90 103 120 96 54 71 99 99 60 57 56 70 50 104 80 53 70 94 88 88 93 85 103 94 92 120 112 117 82 83 95 60 81 77 104 86 66 74 110 77 80 97 114 63 52 109 95 106 82 100 108 83 103 103 98 71 80 63 87 55 93 106 85 103 70 92 65 88 103 99 83 106 111 103 79 101 112 108 110 57 58 71 54 83 59 80 82 53 50 68 110 107 64 69 61 105 94 115 66 52 103 54 62 82 115 117 93 92 110 77 101 96 79 62 115 118 92 62 106 62 108 65 87 75 63 100 104 58 114 97 113 119 114 50 72 72 53 75 65 77 69 77 60 64 115 83 64 93 117 80 60 61 120 96 104 75 65 117 73 63 83 54 108 66 59 119 117 111 61 66 94 85 76 64 102 87 67 71 75 112 54 106 65 62 54 101 66 92 118 119 87 72 64 52 111 60 67 94 55 96 108 80 64 51 120 113 103 108 118 115 114 54 64 109 111 52 52 103 54 108 69 92 62 103 60 74 67 72 85 94 119 107 108 85 66 95 62 118 96 61 51 112 78 105 53 100 75 91 86 53 94 63 91 76 81 102 58 120 110 103 92 82 103 109 80 102 105 111 113 76 102 65 87 95 95 100 101 68 100 118 200
596
159 165 89 175 162 168 3 44 169 101 197 186 120 185 128 28 46 29 126 167 86 156 131 152 154 172 128 186 25 182 148 51 159 127 164 26 176 178 58 162 114 79 86 77 163 182 23 80 11 120 146 62 11 81 95 154 6 0 119 178 23 53 118 120 56 166 108 92 192 130 130 30 177 135 70 84 194 4 182 165 32 162 37 120 184 105 127 49 161 113 167 197 172 10 141 118 195 31 75 84 38 123 128 106 99 13 87 94 81 20 4 103 63 107 182 161 198 134 9 24 9 30 173 167 25 100 85 81 196 173 122 143 59 160 117 98 16 175 154 193 178 141 181 68 109 47 54 148 64 17 111 170 92 118 174 0 68 46 102 184 162 134 135 13 4 39 91 150 161 71 165 125 185 108 62 173 142 94 116 94 61 150 41 151 163 114 0 104 83 73 36 103 162 184 85 8 51 13 17 152 41 44 9 25 31 29 181 48 54 25 175 40 198 55 63 45 9 78 65 197 112 52 99 136 119 130 11 129 156 56 130 161 114 181 95 164 159 99 169 177 113 138 158 145 140 47 80 161 60 24 111 172 9 93 24 141 63 87 61 144 1 63 168 144 185 156 97 95 47 196 38 103 56 153 158 42 61 74 73 20 112 175 144 67 195 60 73 197 12 115 166 173 24 51 181 14 50 175 20 27 22 171 189 73 199 101 128 194 51 169 166 171 64 112 99 0 8 153 106 77 37 30 141 115 13 11 173 199 8 73 8 58 22 9 14 11 6 55 136 50 83 74 107 195 83 117 116 8 13 96 10 15 64 0 65 166 73 79 26 86 108 111 99 52 194 122 53 180 187 30 130 17 150 133 89 199 67 45 101 154 140 21 85 95 102 80 28 21 50 92 102 134 48 150 150 58 192 77 107 194 107 177 116 162 169 131 119 60 199 194 115 111 124 37 81 13 174 199 109 117 126 130 37 2 36 130 185 3 88 119 136 85 112 183 40 96 114 171 12 198 70 61 16 33 110 26 174 3 17 5 178 169 121 137 67 74 139 127 48 155 40 138 155 36 111 13 86 69 33 177 166 94 99 167 137 80 181 68 152 32 94 48 145 162 87 134 25 15 110 81 44 160 31 173 177 177 160 139 139 126 3 124 102 61 15 159 164 89 182 179 97 118 11 181 25 138 67 175 74 0 58 137 170 30 171 81 104 32 185 140 7 28 42 84 191 56 193 146 47 181 75 95 148 77 23 55 76 17 18 173 43 176 137 148 10 116 81 125 7 35 117 197 82 168 192 84 2 62 171 163 140 82 44 56 66 83 178 188 177 111 180 45 97 49 115 26 7 87 15 82 160 83 82 5 114 170
29
19 14 12 4 6 0 17 13 188 9 10 0 172 156 6 18 185 16 18 18 17 3 4 10 1 3 17 3 6
202
190 190 180 180 190 180 190 190 180 190 190 190 180 180 190 180 190 180 190 180 190 180 180 180 180 190 180 190 190 180 180 190 180 180 190 180 190 180 190 180 180 190 180 180 180 180 180 180 180 190 190 190 180 180 190 190 180 180 180 180 190 180 190 190 190 190 180 190 180 190 180 190 190 190 190 190 180 180 180 190 190 190 180 190 190 190 190 180 190 180 190 180 190 190 180 190 190 190 190 180 190 190 180 180 190 190 190 190 190 190 190 190 190 190 190 190 180 180 190 180 180 180 190 190 190 180 190 190 180 180 180 190 180 190 180 190 180 180 180 190 190 190 180 190 180 190 190 190 180 180 180 190 180 180 180 190 180 190 190 190 180 180 180 190 190 190 180 190 190 180 180 190 190 180 180 180 180 180 190 190 180 180 190 180 190 190 190 180 190 180 180 190 180 190 180 190 180 190 180 180 180 180
804
18 179 91 186 132 133 76 118 189 147 53 160 82 165 106 117 179 165 43 141 48 135 86 8 195 169 147 57 94 157 67 102 130 20 144 200 156 119 134 105 58 122 26 136 152 100 15 197 147 167 98 0 181 149 200 187 116 58 93 3 78 163 186 26 60 138 34 169 168 186 158 119 6 25 159 69 58 53 186 132 196 200 140 71 131 104 113 94 40 16 110 125 94 103 153 61 156 1 131 168 132 179 47 90 19 110 169 107 28 26 184 62 147 82 131 189 45 197 68 61 12 35 52 66 8 83 153 44 97 94 69 192 173 13 200 51 190 65 93 4 154 128 90 127 14 132 125 39 187 147 103 134 105 187 87 143 162 193 15 35 73 171 14 179 72 115 9 119 196 157 100 181 189 114 63 183 113 10 118 59 81 199 95 150 184 38 191 119 70 178 182 192 154 2 55 85 5 105 142 58 138 54 56 176 25 149 121 79 101 183 158 157 58 46 185 70 192 122 15 178 116 103 80 31 93 22 99 82 118 105 169 104 173 167 176 178 1 95 110 49 21 19 53 125 136 81 104 180 130 180 69 10 187 179 56 36 94 166 183 118 3 44 139 101 187 92 191 11 114 142 172 84 142 104 91 40 15 71 87 150 66 151 150 172 75 191 1 195 117 147 153 88 64 28 92 87 98 146 34 69 172 158 121 158 163 156 168 144 69 45 53 54 183 61 130 93 37 117 55 95 23 160 52 123 0 182 16 100 199 150 7 198 99 67 122 42 25 134 196 137 41 40 138 109 118 91 25 171 132 180 169 84 57 171 31 138 97 4 29 36 51 40 155 82 165 154 175 83 27 45 101 193 6 151 191 146 94 65 66 158 176 87 89 195 187 188 53 82 161 103 184 195 43 82 153 6 114 73 93 89 45 193 136 181 175 140 96 84 151 107 180 186 84 105 48 28 111 96 9 94 131 192 17 58 19 20 174 60 91 166 120 186 57 44 98 78 74 177 178 86 0 62 200 37 156 108 182 148 134 112 33 57 82 198 180 127 148 108 49 12 188 184 99 145 96 122 171 13 77 198 16 31 68 88 156 57 194 73 185 22 38 118 92 0 142 74 77 27 16 126 81 56 153 103 17 104 44 153 103 47 193 81 169 178 90 108 130 62 148 194 108 38 195 168 4 190 17 100 61 173 52 178 184 157 107 161 52 165 195 82 2 114 179 89 44 145 152 50 57 122 123 83 149 198 59 98 20 52 198 128 32 137 163 152 55 46 28 3 16 191 150 91 124 7 156 119 200 152 121 44 76 42 171 146 8 55 121 166 97 151 144 185 19 42 116 28 145 58 166 77 107 107 197 173 49 184 35 37 121 101 52 7 88 147 170 146 165 186 76 31 17 65 148 24 8 117 194 23 58 44 11 99 39 26 148 162 133 159 92 93 186 32 27 111 171 122 81 114 165 78 75 137 199 134 70 146 2 180 34 37 146 74 149 19 90 32 159 23 178 17 88 3 75 179 197 157 125 173 107 177 70 190 130 35 143 102 73 21 35 171 134 164 200 40 27 173 52 81 5 20 104 70 107 26 140 142 181 38 83 68 117 2 183 51 105 42 15 89 127 71 174 165 104 119 194 99 153 2 93 109 189 89 73 22 20 17 39 144 98 126 61 29 77 116 180 164 122 60 167 34 81 194 185 71 174 4 80 167 195 199 118 118 175 13 200 78 50 130 47 86 92 60 136 65 133 102 177 29 38 154 168 82 189 97 129 122 18 122 192 44 66 81 40 119 180 106 108 139 172 49 86 65 150 63 16 159 89 155 194 132 27 59 158 100
448
200 200 200 200 200 200 200 200 200 200 200 200 200 200 200 200 200 200 200 200 200 200 200 200 200 200 200 200 200 200 200 200 200 200 200 200 200 200 200 200 200 200 200 200 200 200 200 200 200 200 200 200 200 200 200 200 200 200 200 200 200 200 200 200 200 200 200 200 200 200 200 200 200 200 200 200 200 200 200 200 200 200 200 200 200 200 200 200 200 200 200 200 200 200 200 200 200 200 200 200 200 200 200 200 200 200 200 200 200 200 200 200 200 200 200 200 200 200 200 200 200 200 200 200 200 200 200 200 200 200 200 200 200 200 200 200 200 200 200 200 200 200 200 200 200 200 200 200 200 200 200 200 200 200 200 200 200 200 200 200 200 200 200 200 200 200 200 200 200 200 200 200 200 200 200 200 200 200 200 200 200 200 200 200 200 200 200 200 200 200 200 200 200 200 200 200 200 200 200 200 200 200 200 200 200 200 200 200 200 200 200 200 200 200 200 200 200 200 200 200 200 200 200 200 200 200 200 200 200 200 200 200 200 200 200 200 200 200 200 200 200 200 200 200 200 200 200 200 200 200 200 200 200 200 200 200 200 200 200 200 200 200 200 200 200 200 200 200 200 200 200 200 200 200 200 200 200 200 200 200 200 200 200 200 200 200 200 200 200 200 200 200 200 200 200 200 200 200 200 200 200 200 200 200 200 200 200 200 200 200 200 200 200 200 200 200 200 200 200 200 200 200 200 200 200 200 200 200 200 200 200 200 200 200 200 200 200 200 200 200 200 200 200 200 200 200 200 200 200 200 200 200 200 200 200 200 200 200 200 200 200 200 200 200 200 200 200 200 200 200 200 200 200 200 200 200 200 200 200 200 200 200 200 200 200 200 200 200 200 200 200 200 200 200 200 200 200 200 200 200 200 200 200 200 200 200 200 200 200 200 200 200 200 200 200 200 200 200 200 200 200 200 200 200 200 200 200 200 200 200 200 200 200 200 200 200 200 200 200 200 200 200 200 200 200 200 200 200
122
0 200 63 78 117 120 108 87 92 87 50 110 96 56 73 83 56 95 58 114 72 112 66 52 72 55 92 64 111 109 75 51 84 107 104 117 78 113 118 116 88 93 110 57 87 92 98 116 57 86 93 101 80 113 118 109 73 71 90 99 66 115 70 95 66 84 84 54 97 91 63 97 71 62 86 51 66 106 57 106 52 81 60 64 60 55 89 55 119 104 83 111 72 58 76 63 51 120 93 84 75 92 95 114 51 92 63 103 99 50 119 113 89 70 83 63 90 59 62 65 76 200
273
0 200 90 116 93 112 83 78 110 100 106 104 53 78 59 119 105 84 85 80 80 80 88 75 55 95 119 77 110 105 119 119 107 116 71 65 119 109 78 60 82 116 90 83 111 113 116 56 53 88 100 89 79 73 57 73 77 69 63 60 89 61 59 113 113 78 79 95 71 97 99 77 101 104 87 86 60 116 115 115 59 61 94 58 111 55 110 84 75 60 54 100 92 103 95 91 82 55 57 104 72 61 111 96 71 83 101 114 116 120 105 100 92 68 76 110 91 85 103 104 60 61 65 86 114 107 75 58 117 93 92 120 75 92 117 92 111 75 65 65 80 61 56 92 71 58 94 82 118 92 53 75 90 99 97 51 110 50 89 100 86 98 51 69 64 85 117 66 58 103 76 50 76 117 51 99 71 87 80 84 107 106 96 60 91 93 119 91 52 67 96 75 115 120 111 111 111 88 88 75 86 101 64 77 112 77 91 73 59 62 89 90 114 106 104 63 53 85 85 102 94 96 107 111 81 65 106 108 108 74 110 88 86 120 93 80 63 109 98 61 118 67 90 117 77 57 60 94 79 65 54 96 57 54 85 60 87 80 102 108 53 85 69 116 55 59 83 101 91 110 98 84 200
723
200 200 200 200 200 200 200 200 200 200 200 200 200 200 200 200 200 200 200 200 200 200 200 200 200 200 200 200 200 200 200 200 200 200 200 200 200 200 200 200 200 200 200 200 200 200 200 200 200 200 200 200 200 200 200 200 200 200 200 200 200 200 200 200 200 200 200 200 200 200 200 200 200 200 200 200 200 200 200 200 200 200 200 200 200 200 200 200 200 200 200 200 200 200 200 200 200 200 200 200 200 200 200 200 200 200 200 200 200 200 200 200 200 200 200 200 200 200 200 200 200 200 200 200 200 200 200 200 200 200 200 200 200 200 200 200 200 200 200 200 200 200 200 200 200 200 200 200 200 200 200 200 200 200 200 200 200 200 200 200 200 200 200 200 200 200 200 200 200 200 200 200 200 200 200 200 200 200 200 200 200 200 200 200 200 200 200 200 200 200 200 200 200 200 200 200 200 200 200 200 200 200 200 200 200 200 200 200 200 200 200 200 200 200 200 200 200 200 200 200 200 200 200 200 200 200 200 200 200 200 200 200 200 200 200 200 200 200 200 200 200 200 200 200 200 200 200 200 200 200 200 200 200 200 200 200 200 200 200 200 200 200 200 200 200 200 200 200 200 200 200 200 200 200 200 200 200 200 200 200 200 200 200 200 200 200 200 200 200 200 200 200 200 200 200 200 200 200 200 200 200 200 200 200 200 200 200 200 200 200 200 200 200 200 200 200 200 200 200 200 200 200 200 200 200 200 200 200 200 200 200 200 200 200 200 200 200 200 200 200 200 200 200 200 200 200 200 200 200 200 200 200 200 200 200 200 200 200 200 200 200 200 200 200 200 200 200 200 200 200 200 200 200 200 200 200 200 200 200 200 200 200 200 200 200 200 200 200 200 200 200 200 200 200 200 200 200 200 200 200 200 200 200 200 200 200 200 200 200 200 200 200 200 200 200 200 200 200 200 200 200 200 200 200 200 200 200 200 200 200 200 200 200 200 200 200 200 200 200 200 200 200 200 200 200 200 200 200 200 200 200 200 200 200 200 200 200 200 200 200 200 200 200 200 200 200 200 200 200 200 200 200 200 200 200 200 200 200 200 200 200 200 200 200 200 200 200 200 200 200 200 200 200 200 200 200 200 200 200 200 200 200 200 200 200 200 200 200 200 200 200 200 200 200 200 200 200 200 200 200 200 200 200 200 200 200 200 200 200 200 200 200 200 200 200 200 200 200 200 200 200 200 200 200 200 200 200 200 200 200 200 200 200 200 200 200 200 200 200 200 200 200 200 200 200 200 200 200 200 200 200 200 200 200 200 200 200 200 200 200 200 200 200 200 200 200 200 200 200 200 200 200 200 200 200 200 200 200 200 200 200 200 200 200 200 200 200 200 200 200 200 200 200 200 200 200 200 200 200 200 200 200 200 200 200 200 200 200 200 200 200 200 200 200 200 200 200 200 200 200 200 200 200 200 200 200 200 200 200 200 200 200 200 200 200 200 200 200 200 200 200 200 200 200 200 200 200 200 200 200 200 200 200 200 200 200 200 200 200 200 200 200 200 200 200 200 200 200 200 200 200 200 200 200 200 200 200 200 200 200 200 200 200 200 200 200 200 200 200 200 200 200 200 200 200 200 200 200 200 200 200 200 200
53
13 17 20 19 5 6 12 15 7 18 7 14 13 2 19 2 15 13 11 20 14 8 18 2 17 12 1 20 20 10 7 17 14 1 12 14 18 0 8 13 12 20 2 15 20 0 18 17 18 1 13 2 12
807
189 39 167 191 51 154 40 26 106 91 53 23 132 21 109 200 200 89 114 128 102 97 77 175 92 90 143 91 165 33 54 125 56 83 22 178 158 50 72 12 115 29 186 168 14 170 37 93 7 168 176 79 152 2 14 104 163 25 78 15 149 72 77 31 185 87 196 54 133 177 160 146 152 144 88 55 188 199 45 130 54 17 155 178 194 2 1 6 131 10 143 43 77 74 171 123 24 185 152 5 46 100 9 142 149 82 69 191 181 49 77 48 119 183 2 149 134 85 125 104 25 97 114 112 64 27 61 27 171 132 151 0 15 46 191 196 192 186 99 145 63 62 8 195 197 96 143 29 81 159 74 195 147 31 72 133 106 116 0 148 8 164 27 159 71 12 38 73 25 122 145 70 172 56 100 31 27 36 173 110 179 121 79 9 84 83 112 17 125 186 65 194 94 31 180 83 97 13 113 98 77 120 2 78 42 69 156 170 169 83 182 12 100 166 139 38 183 14 138 16 111 197 159 169 108 175 104 36 117 91 61 45 83 96 10 136 83 145 98 118 81 130 11 17 99 104 31 150 106 183 155 76 183 181 90 128 42 149 185 148 36 58 199 63 22 98 80 170 196 0 113 48 185 22 13 41 173 124 116 135 69 172 17 182 67 179 192 175 32 21 63 162 110 144 36 58 27 64 196 200 25 32 92 191 44 195 149 193 176 63 9 186 21 57 161 1 81 137 29 10 23 31 22 175 106 198 15 174 44 110 195 56 71 78 104 72 104 88 162 165 115 185 81 102 10 150 179 193 151 20 194 181 192 151 37 83 56 68 119 116 57 170 110 129 119 169 94 99 8 70 175 52 174 167 62 52 39 72 116 40 85 140 117 136 152 142 9 113 12 125 146 177 115 116 162 107 60 61 120 164 43 106 17 12 36 165 154 161 188 168 16 74 105 123 17 118 176 187 174 194 186 77 53 134 84 183 105 6 69 69 41 180 186 77 62 43 55 43 171 38 93 91 20 50 23 27 6 155 18 183 27 105 196 150 48 59 89 187 93 156 82 117 1 105 128 28 80 136 196 66 156 134 109 16 65 100 150 10 194 146 189 144 150 79 193 181 154 50 61 105 15 174 90 131 135 154 131 189 129 151 45 139 174 184 100 72 30 104 167 170 74 7 126 151 36 158 131 170 11 136 104 24 9 19 58 197 156 169 73 46 91 129 198 194 30 181 135 88 162 145 200 155 67 65 153 63 112 189 2 20 16 88 148 154 14 194 62 169 91 160 48 198 95 14 200 124 40 79 117 181 79 175 129 116 112 156 153 17 64 170 32 61 71 48 198 164 150 142 117 19 20 142 38 25 198 108 134 33 84 138 31 70 90 34 193 48 53 98 145 58 168 145 99 23 24 46 9 104 187 34 124 22 125 186 98 108 9 102 178 176 84 48 151 196 52 140 5 119 24 138 193 66 194 148 95 60 15 20 100 175 186 167 5 91 124 137 122 179 79 53 84 42 50 86 199 93 62 75 101 186 3 140 25 138 41 147 25 51 52 188 2 166 165 62 163 18 184 33 103 195 87 183 33 112 65 11 158 165 78 153 120 196 68 44 91 168 4 38 198 156 12 175 23 37 2 108 190 192 3 185 102 165 79 22 45 26 8 42 120 183 80 6 143 135 96 99 30 64 91 97 89 8 59 160 85 106 33 29 50 140 96 97 65 89 48 12 11 52 200 170 142 110 98 106 24 191 170 3 111 45 15 56 156 78 46 139 120 167 43 25 159 128 98 120 60 56 126 14 128 147 200 25 154 170 69 198 139 154 159 92 42 65 102 144 47 67 67
728
17 9 195 3 15 12 2 17 177 161 4 0 4 200 9 9 8 20 9 14 12 10 8 177 1 2 8 4 16 20 4 184 3 16 2 3 1 12 154 3 19 2 13 7 7 159 187 176 2 2 2 20 11 14 0 17 15 11 16 166 17 18 193 20 5 12 13 165 2 20 12 0 14 0 12 12 3 171 2 20 5 2 198 13 199 194 9 4 11 3 1 20 20 1 10 162 1 163 15 2 200 8 20 152 4 17 177 17 185 172 11 161 5 3 9 16 8 9 16 181 15 16 12 11 12 20 16 3 12 0 11 1 20 7 0 9 4 15 19 13 5 6 4 2 11 17 152 180 11 17 5 15 10 2 173 4 170 13 16 176 5 17 167 3 1 184 13 7 12 14 190 2 3 191 5 19 17 17 182 6 5 6 5 1 19 0 181 10 6 10 3 8 16 17 199 11 17 20 12 8 12 168 181 181 3 0 19 187 169 7 19 0 11 2 9 14 4 4 17 176 156 14 18 4 20 0 153 151 10 184 13 11 12 7 11 20 20 18 5 16 20 3 18 16 7 150 4 3 11 0 9 16 15 17 17 183 2 17 15 10 4 10 156 19 18 1 1 2 13 4 163 15 8 13 5 13 19 18 4 14 158 1 10 5 2 17 1 150 174 1 15 10 10 13 155 9 18 4 171 16 190 20 19 157 171 164 10 9 17 2 17 14 192 14 18 1 0 8 1 169 6 5 174 1 18 10 152 15 6 14 168 189 174 7 169 13 175 1 160 13 177 160 5 5 152 160 1 10 2 1 176 20 3 197 4 6 16 6 19 18 161 8 10 192 8 13 151 3 9 188 3 20 12 182 10 11 14 10 10 16 9 7 173 15 9 1 15 19 9 192 13 2 7 173 180 4 13 188 16 6 9 0 10 11 18 13 12 12 160 152 17 20 198 17 1 7 20 8 7 15 1 12 13 6 10 2 8 4 1 8 20 193 180 14 0 10 189 13 200 18 9 185 17 20 15 10 19 2 191 13 177 4 13 14 179 10 3 19 12 175 14 18 8 13 3 14 11 19 17 20 194 18 180 5 189 0 7 18 13 18 15 11 20 3 1 171 1 3 9 18 10 1 4 5 15 18 16 0 11 11 12 1 160 12 11 15 10 15 4 12 16 8 163 2 2 7 9 17 9 12 11 15 9 10 3 19 0 3 4 1 1 7 5 0 179 10 165 14 14 7 3 11 175 12 16 178 20 159 15 163 16 10 19 0 172 6 3 163 10 163 9 179 7 7 12 186 1 170 167 16 155 13 5 1 3 12 14 161 13 13 2 7 7 12 13 11 4 17 8 0 3 12 4 0 189 5 18 8 14 179 160 8 19 15 12 1 0 7 18 13 159 5 184 8 20 15 3 187 178 12 8 7 9 12 20 1 1 20 17 18 10 15 15 0 178 196 190 17 6 14 7 9 11 0 20 8 180 1 13 11 16 17 19 9 160 182 20 7 5 195 174 187 3 18 16 19 6 5 9 19 5 11 17 19 174 18 19 14 16 6 15 15 19 8 1 4 158 3 12 0 4 16 8 163 20 9 14 3 15 15 14 5 17 20 196 2 0 155 7 0 12 17 14 18 175 17 159 18 162 18 14 18 12 6 5 9 191 18
534
200 200 200 200 200 200 200 200 200 200 200 200 200 200 200 200 200 200 200 200 200 200 200 200 200 200 200 200 200 200 200 200 200 200 200 200 200 200 200 200 200 200 200 200 200 200 200 200 200 200 200 200 200 200 200 200 200 200 200 200 200 200 200 200 200 200 200 200 200 200 200 200 200 200 200 200 200 200 200 200 200 200 200 200 200 200 200 200 200 200 200 200 200 200 200 200 200 200 200 200 200 200 200 200 200 200 200 200 200 200 200 200 200 200 200 200 200 200 200 200 200 200 200 200 200 200 200 200 200 200 200 200 200 200 200 200 200 200 200 200 200 200 200 200 200 200 200 200 200 200 200 200 200 200 200 200 200 200 200 200 200 200 200 200 200 200 200 200 200 200 200 200 200 200 200 200 200 200 200 200 200 200 200 200 200 200 200 200 200 200 200 200 200 200 200 200 200 200 200 200 200 200 200 200 200 200 200 200 200 200 200 200 200 200 200 200 200 200 200 200 200 200 200 200 200 200 200 200 200 200 200 200 200 200 200 200 200 200 200 200 200 200 200 200 200 200 200 200 200 200 200 200 200 200 200 200 200 200 200 200 200 200 200 200 200 200 200 200 200 200 200 200 200 200 200 200 200 200 200 200 200 200 200 200 200 200 200 200 200 200 200 200 200 200 200 200 200 200 200 200 200 200 200 200 200 200 200 200 200 200 200 200 200 200 200 200 200 200 200 200 200 200 200 200 200 200 200 200 200 200 200 200 200 200 200 200 200 200 200 200 200 200 200 200 200 200 200 200 200 200 200 200 200 200 200 200 200 200 200 200 200 200 200 200 200 200 200 200 200 200 200 200 200 200 200 200 200 200 200 200 200 200 200 200 200 200 200 200 200 200 200 200 200 200 200 200 200 200 200 200 200 200 200 200 200 200 200 200 200 200 200 200 200 200 200 200 200 200 200 200 200 200 200 200 200 200 200 200 200 200 200 200 200 200 200 200 200 200 200 200 200 200 200 200 200 200 200 200 200 200 200 200 200 200 200 200 200 200 200 200 200 200 200 200 200 200 200 200 200 200 200 200 200 200 200 200 200 200 200 200 200 200 200 200 200 200 200 200 200 200 200 200 200 200 200 200 200 200 200 200 200 200 200 200 200 200 200 200 200 200 200 200 200 200 200 200 200 200 200 200 200 200 200 200 200 200 200 200 200 200 200 200 200 200
758
0 0 0 0 0 0 0 0 0 0 0 0 0 0 0 0 0 0 0 0 0 0 0 0 0 0 0 0 0 0 0 0 0 0 0 0 0 0 0 0 0 0 0 0 0 0 0 0 0 0 0 0 0 0 0 0 0 0 0 0 0 0 0 0 0 0 0 0 0 0 0 0 0 0 0 0 0 0 0 0 0 0 0 0 0 0 0 0 0 0 0 0 0 0 0 0 0 0 0 0 0 0 0 0 0 0 0 0 0 0 0 0 0 0 0 0 0 0 0 0 0 0 0 0 0 0 0 0 0 0 0 0 0 0 0 0 0 0 0 0 0 0 0 0 0 0 0 0 0 0 0 0 0 0 0 0 0 0 0 0 0 0 0 0 0 0 0 0 0 0 0 0 0 0 0 0 0 0 0 0 0 0 0 0 0 0 0 0 0 0 0 0 0 0 0 0 0 0 0 0 0 0 0 0 0 0 0 0 0 0 0 0 0 0 0 0 0 0 0 0 0 0 0 0 0 0 0 0 0 0 0 0 0 0 0 0 0 0 0 0 0 0 0 0 0 0 0 0 0 0 0 0 0 0 0 0 0 0 0 0 0 0 0 0 0 0 0 0 0 0 0 0 0 0 0 0 0 0 0 0 0 0 0 0 0 0 0 0 0 0 0 0 0 0 0 0 0 0 0 0 0 0 0 0 0 0 0 0 0 0 0 0 0 0 0 0 0 0 0 0 0 0 0 0 0 0 0 0 0 0 0 0 0 0 0 0 0 0 0 0 0 0 0 0 0 0 0 0 0 0 0 0 0 0 0 0 0 0 0 0 0 0 0 0 0 0 0 0 0 0 0 0 0 0 0 0 0 0 0 0 0 0 0 0 0 0 0 0 0 0 0 0 0 0 0 0 0 0 0 0 0 0 0 0 0 0 0 0 0 0 0 0 0 0 0 0 0 0 0 0 0 0 0 0 0 0 0 0 0 0 0 0 0 0 0 0 0 0 0 0 0 0 0 0 0 0 0 0 0 0 0 0 0 0 0 0 0 0 0 0 0 0 0 0 0 0 0 0 0 0 0 0 0 0 0 0 0 0 0 0 0 0 0 0 0 0 0 0 0 0 0 0 0 0 0 0 0 0 0 0 0 0 0 0 0 0 0 0 0 0 0 0 0 0 0 0 0 0 0 0 0 0 0 0 0 0 0 0 0 0 0 0 0 0 0 0 0 0 0 0 0 0 0 0 0 0 0 0 0 0 0 0 0 0 0 0 0 0 0 0 0 0 0 0 0 0 0 0 0 0 0 0 0 0 0 0 0 0 0 0 0 0 0 0 0 0 0 0 0 0 0 0 0 0 0 0 0 0 0 0 0 0 0 0 0 0 0 0 0 0 0 0 0 0 0 0 0 0 0 0 0 0 0 0 0 0 0 0 0 0 0 0 0 0 0 0 0 0 0 0 0 0 0 0 0 0 0 0 0 0 0 0 0 0 0 0 0 0 0 0 0 0 0 0 0 0 0 0 0 0 0 0 0 0 0 0 0 0 0 0 0 0 0 0 0 0 0 0 0 0 0 0 0 0 0 0 0 0 0 0 0 0 0 0 0 0 0 0 0 0 0 0 0 0 0 0 0 0 0 0 0 0 0 0 0 0 0 0 0 0 0 0 0 0 0 0 0 0 0 0 0 0 0 0 0 0 0 0 0 0 0 0 0 0 0 0 0 0
212
0 200 78 51 103 70 79 76 70 67 117 83 78 92 66 69 106 97 62 66 50 99 90 52 57 92 80 78 71 50 117 102 78 81 72 86 111 101 55 53 68 76 89 75 60 119 94 56 74 55 88 104 73 102 110 79 88 117 95 59 109 50 89 87 54 67 109 112 80 57 66 65 60 94 52 101 98 113 99 52 60 116 116 94 101 87 94 70 83 119 87 63 97 82 117 74 63 120 107 56 64 58 87 103 81 98 68 90 110 81 119 65 63 78 93 57 91 69 111 109 89 78 57 118 64 99 91 56 97 65 61 74 50 51 92 91 76 62 120 95 86 103 108 117 56 101 50 71 78 56 116 64 55 63 79 77 75 75 77 78 104 68 53 90 73 61 84 100 77 101 94 97 66 57 56 97 58 65 61 91 90 108 66 55 64 73 55 116 50 67 64 86 97 51 106 106 77 64 82 105 97 107 88 108 71 120 93 107 110 79 54 200
420
200 200 200 200 200 200 200 200 200 200 200 200 200 200 200 200 200 200 200 200 200 200 200 200 200 200 200 200 200 200 200 200 200 200 200 200 200 200 200 200 200 200 200 200 200 200 200 200 200 200 200 200 200 200 200 200 200 200 200 200 200 200 200 200 200 200 200 200 200 200 200 200 200 200 200 200 200 200 200 200 200 200 200 200 200 200 200 200 200 200 200 200 200 200 200 200 200 200 200 200 200 200 200 200 200 200 200 200 200 200 200 200 200 200 200 200 200 200 200 200 200 200 200 200 200 200 200 200 200 200 200 200 200 200 200 200 200 200 200 200 200 200 200 200 200 200 200 200 200 200 200 200 200 200 200 200 200 200 200 200 200 200 200 200 200 200 200 200 200 200 200 200 200 200 200 200 200 200 200 200 200 200 200 200 200 200 200 200 200 200 200 200 200 200 200 200 200 200 200 200 200 200 200 200 200 200 200 200 200 200 200 200 200 200 200 200 200 200 200 200 200 200 200 200 200 200 200 200 200 200 200 200 200 200 200 200 200 200 200 200 200 200 200 200 200 200 200 200 200 200 200 200 200 200 200 200 200 200 200 200 200 200 200 200 200 200 200 200 200 200 200 200 200 200 200 200 200 200 200 200 200 200 200 200 200 200 200 200 200 200 200 200 200 200 200 200 200 200 200 200 200 200 200 200 200 200 200 200 200 200 200 200 200 200 200 200 200 200 200 200 200 200 200 200 200 200 200 200 200 200 200 200 200 200 200 200 200 200 200 200 200 200 200 200 200 200 200 200 200 200 200 200 200 200 200 200 200 200 200 200 200 200 200 200 200 200 200 200 200 200 200 200 200 200 200 200 200 200 200 200 200 200 200 200 200 200 200 200 200 200 200 200 200 200 200 200 200 200 200 200 200 200 200 200 200 200 200 200 200 200 200 200 200 200 200 200 200 200 200 200
57
200 200 200 200 200 200 200 200 200 200 200 200 200 200 200 200 200 200 200 200 200 200 200 200 200 200 200 200 200 200 200 200 200 200 200 200 200 200 200 200 200 200 200 200 200 200 200 200 200 200 200 200 200 200 200 200 200
737
11 1 12 11 14 2 0 15 8 18 1 13 20 13 9 1 13 5 11 19 19 1 1 18 9 1 15 2 4 5 2 9 20 16 9 6 18 4 13 1 3 17 11 12 20 19 12 17 10 20 5 1 7 5 10 19 7 1 16 0 2 17 16 18 6 20 16 9 16 18 17 3 18 19 12 4 11 5 12 20 16 2 14 20 1 0 9 7 20 8 18 12 11 18 2 7 20 1 2 18 7 2 5 16 7 19 11 19 16 18 8 17 2 19 17 19 19 12 2 13 12 13 3 19 15 3 19 20 15 15 20 6 5 3 3 15 1 2 13 16 13 9 16 0 7 6 6 15 5 6 19 11 14 2 9 17 16 10 19 12 11 16 3 0 13 2 17 7 2 10 18 3 5 19 10 12 7 10 11 0 5 12 8 2 14 18 4 18 14 8 19 8 12 19 17 7 20 11 7 6 2 16 5 11 2 7 14 9 16 9 20 2 6 6 11 9 19 5 16 9 17 8 7 2 11 18 18 18 0 19 18 17 3 8 4 0 16 3 19 3 12 12 18 19 20 8 3 20 9 4 12 1 10 4 11 6 16 18 18 1 8 7 16 10 13 17 16 4 16 12 15 1 13 17 10 1 3 14 2 8 6 0 16 9 19 11 16 12 16 9 3 1 13 18 9 17 17 16 12 19 9 19 8 19 8 1 12 12 5 0 15 11 1 8 7 19 15 0 4 20 0 3 14 9 4 17 17 4 4 7 5 18 3 14 6 12 19 5 6 7 14 15 16 0 0 18 2 9 9 9 13 5 8 12 16 11 9 11 5 12 8 2 18 6 2 16 5 16 7 11 14 14 13 6 14 7 7 5 6 0 6 5 20 17 15 16 17 2 0 1 5 11 20 17 20 15 10 1 3 16 15 2 4 12 5 6 18 19 10 18 20 14 16 17 13 14 1 8 0 3 4 18 9 18 10 3 3 5 18 13 7 13 15 6 16 18 15 8 18 16 16 11 6 17 13 12 5 13 16 3 20 13 19 12 17 5 10 15 18 3 18 16 2 19 13 9 6 0 18 8 4 18 5 20 2 6 19 0 0 10 2 13 3 18 15 20 5 13 19 3 15 15 12 18 13 20 6 20 8 10 14 2 3 0 10 18 1 10 9 7 15 6 13 16 8 2 16 10 9 11 4 17 13 10 3 18 4 18 18 7 0 20 8 2 11 1 0 0 4 16 17 1 20 7 20 8 15 12 5 3 10 13 20 5 0 8 16 19 3 15 10 16 8 16 11 17 19 7 17 20 15 18 11 2 20 8 12 8 0 11 4 5 10 11 18 17 20 4 1 12 11 20 15 10 2 6 17 10 19 4 0 3 9 6 13 8 0 5 5 20 11 8 17 5 12 17 15 20 18 1 14 6 13 0 6 7 2 5 9 6 9 15 5 3 1 11 3 13 20 8 20 6 19 12 18 2 18 16 8 4 4 16 14 1 17 18 20 20 4 9 18 6 20 16 8 19 18 12 14 0 13 20 10 16 18 5 9 18 0 13 8 0 19 2 3 16 6 4 17 10 3 8 17 11 3 3 1 9 8 5 8 0 18 9 10 8 8 5 9 15 6 9 17 12 8 18 15 16 3 19 0 1 19 6 0 6 17 12 11 2 9 19 13 12 8 18 1
450
200 200 200 200 200 200 200 200 200 200 200 200 200 200 200 200 200 200 200 200 200 200 200 200 200 200 200 200 200 200 200 200 200 200 200 200 200 200 200 200 200 200 200 200 200 200 200 200 200 200 200 200 200 200 200 200 200 200 200 200 200 200 200 200 200 200 200 200 200 200 200 200 200 200 200 200 200 200 200 200 200 200 200 200 200 200 200 200 200 200 200 200 200 200 200 200 200 200 200 200 200 200 200 200 200 200 200 200 200 200 200 200 200 200 200 200 200 200 200 200 200 200 200 200 200 200 200 200 200 200 200 200 200 200 200 200 200 200 200 200 200 200 200 200 200 200 200 200 200 200 200 200 200 200 200 200 200 200 200 200 200 200 200 200 200 200 200 200 200 200 200 200 200 200 200 200 200 200 200 200 200 200 200 200 200 200 200 200 200 200 200 200 200 200 200 200 200 200 200 200 200 200 200 200 200 200 200 200 200 200 200 200 200 200 200 200 200 200 200 200 200 200 200 200 200 200 200 200 200 200 200 200 200 200 200 200 200 200 200 200 200 200 200 200 200 200 200 200 200 200 200 200 200 200 200 200 200 200 200 200 200 200 200 200 200 200 200 200 200 200 200 200 200 200 200 200 200 200 200 200 200 200 200 200 200 200 200 200 200 200 200 200 200 200 200 200 200 200 200 200 200 200 200 200 200 200 200 200 200 200 200 200 200 200 200 200 200 200 200 200 200 200 200 200 200 200 200 200 200 200 200 200 200 200 200 200 200 200 200 200 200 200 200 200 200 200 200 200 200 200 200 200 200 200 200 200 200 200 200 200 200 200 200 200 200 200 200 200 200 200 200 200 200 200 200 200 200 200 200 200 200 200 200 200 200 200 200 200 200 200 200 200 200 200 200 200 200 200 200 200 200 200 200 200 200 200 200 200 200 200 200 200 200 200 200 200 200 200 200 200 200 200 200 200 200 200 200 200 200 200 200 200 200 200 200 200 200 200 200 200 200 200 200 200 200 200 200 200 200 200
304
200 200 200 200 200 200 200 200 200 200 200 200 200 200 200 200 200 200 200 200 200 200 200 200 200 200 200 200 200 200 200 200 200 200 200 200 200 200 200 200 200 200 200 200 200 200 200 200 200 200 200 200 200 200 200 200 200 200 200 200 200 200 200 200 200 200 200 200 200 200 200 200 200 200 200 200 200 200 200 200 200 200 200 200 200 200 200 200 200 200 200 200 200 200 200 200 200 200 200 200 200 200 200 200 200 200 200 200 200 200 200 200 200 200 200 200 200 200 200 200 200 200 200 200 200 200 200 200 200 200 200 200 200 200 200 200 200 200 200 200 200 200 200 200 200 200 200 200 200 200 200 200 200 200 200 200 200 200 200 200 200 200 200 200 200 200 200 200 200 200 200 200 200 200 200 200 200 200 200 200 200 200 200 200 200 200 200 200 200 200 200 200 200 200 200 200 200 200 200 200 200 200 200 200 200 200 200 200 200 200 200 200 200 200 200 200 200 200 200 200 200 200 200 200 200 200 200 200 200 200 200 200 200 200 200 200 200 200 200 200 200 200 200 200 200 200 200 200 200 200 200 200 200 200 200 200 200 200 200 200 200 200 200 200 200 200 200 200 200 200 200 200 200 200 200 200 200 200 200 200 200 200 200 200 200 200 200 200 200 200 200 200 200 200 200 200 200 200 200 200 200 200 200 200
535
140 130 140 24 130 140 130 24 24 24 130 140 24 140 130 140 130 24 140 24 130 24 130 130 24 140 130 140 140 140 140 130 140 140 140 24 130 140 140 24 130 130 130 24 24 130 24 140 130 24 140 140 24 140 130 24 140 24 130 24 130 24 140 130 24 140 130 140 24 140 24 24 130 130 24 140 130 140 24 24 130 140 24 24 140 24 130 24 24 24 24 130 140 140 140 24 24 140 140 130 24 140 24 24 24 130 140 140 140 130 140 24 24 140 24 130 24 24 24 140 130 130 24 140 140 24 130 140 140 24 130 130 140 140 140 140 24 24 130 24 24 24 140 130 24 24 130 140 140 24 130 130 140 140 140 24 140 130 24 140 140 140 24 140 24 130 24 140 130 24 130 140 130 24 140 140 130 140 130 24 24 24 130 130 130 140 24 130 24 130 140 24 24 130 130 24 130 140 140 24 24 24 24 24 140 24 130 130 24 140 140 130 24 24 24 24 140 140 130 130 24 140 130 24 24 140 130 24 130 140 140 140 130 24 130 140 24 24 130 24 140 140 130 24 24 140 140 24 130 130 130 130 130 140 140 130 24 140 140 130 140 24 140 130 140 130 130 130 24 140 140 24 130 140 130 140 140 130 130 24 24 130 24 130 130 130 140 24 24 24 140 24 140 130 24 24 24 140 24 130 24 130 140 140 24 24 130 140 130 140 24 130 140 24 140 24 24 140 24 130 140 24 130 130 140 24 140 24 130 130 130 24 140 130 140 140 24 130 24 130 24 24 140 24 140 140 24 130 140 24 24 140 24 130 130 130 140 130 130 130 130 130 140 140 140 24 130 140 140 140 140 24 24 130 24 130 140 130 24 130 24 24 130 140 130 130 140 140 140 130 130 140 140 24 24 140 130 24 24 24 140 24 130 130 130 130 140 140 24 140 130 140 130 130 130 24 140 130 130 24 140 140 24 140 140 140 130 130 24 24 24 130 140 140 24 140 130 140 130 24 24 24 130 130 130 24 24 140 130 24 140 140 130 24 24 24 140 140 130 130 24 140 140 140 24 140 130 24 24 140 24 24 140 130 24 130 130 130 24 24 24 130 130 24 140 140 24 130 24 140 140 130 130 130 130 140 24 24 130 24 24 140 24 24 130 24 130 24 140 140 140 140 24 24 24 130 130 24 24 130 130 24 140 130 24 140 140 140 140 24 24 140 130 24 130
618
22 111 15 142 107 42 46 60 134 200 63 57 147 115 170 32 62 82 186 153 191 48 17 117 43 41 40 53 10 191 40 82 32 166 146 65 45 106 4 55 5 39 93 162 133 34 138 93 181 118 74 148 105 52 133 134 170 26 41 120 157 118 94 161 29 107 137 164 150 160 40 26 86 131 190 186 104 135 166 103 199 178 88 42 123 107 92 173 144 56 4 188 64 120 184 72 31 7 111 154 58 125 165 133 70 165 117 107 32 0 106 137 1 134 69 187 39 58 173 97 169 87 126 63 160 58 55 1 96 143 72 28 192 85 11 148 78 16 100 112 103 56 84 100 127 185 79 65 25 93 195 21 159 9 134 95 147 96 196 155 106 186 130 12 167 187 72 151 71 149 170 38 13 0 104 55 55 37 150 88 194 69 42 186 87 148 69 194 164 121 168 131 190 164 156 166 24 109 70 135 39 89 77 90 137 120 49 184 77 137 68 158 25 41 172 57 79 59 8 136 90 56 102 54 64 188 2 158 190 60 87 11 8 0 43 112 22 58 40 103 47 160 76 153 138 74 198 100 168 70 57 169 20 133 40 9 110 172 61 153 33 161 29 45 117 93 17 37 133 45 142 92 150 5 124 12 94 58 150 67 70 73 195 119 119 143 5 22 1 52 79 188 73 2 94 10 192 180 71 193 179 178 85 118 145 36 13 114 155 42 77 6 99 32 180 0 49 131 111 126 162 150 159 92 101 127 177 142 187 80 87 143 144 75 164 76 51 81 6 2 88 8 7 115 32 133 71 67 1 33 144 178 157 46 124 33 61 111 148 57 145 104 188 10 108 163 140 124 6 112 47 37 195 5 1 90 182 3 77 183 198 45 147 112 80 195 154 161 38 176 15 108 8 88 77 94 18 191 148 20 46 117 70 146 171 127 3 16 157 56 136 145 33 100 142 27 191 8 94 76 133 120 146 65 30 165 141 50 15 17 126 2 35 195 49 14 108 120 31 191 40 153 36 2 51 172 87 15 70 18 17 18 79 98 165 45 92 179 10 124 138 64 117 31 193 23 146 52 122 0 22 136 168 138 129 126 144 72 134 29 63 5 158 185 143 107 134 20 141 106 177 4 50 42 45 65 133 11 84 140 130 53 162 106 182 7 200 121 166 154 111 118 139 147 149 79 140 26 25 52 9 33 80 96 157 75 198 89 76 188 191 94 96 150 178 156 130 21 75 171 34 49 16 198 142 89 8 102 102 75 24 173 158 140 8 126 75 39 47 162 36 35 169 62 3 59 5 60 159 8 34 189 165 192 196 62 17 164 26 138 111 41 18 177 60 49 58 122 96 55 75 95 117 83 116 87 177 70 117 44 151 43 137 1 142 168 180 70 19 182 23 180 106 99 179 38 21 135
702
84 163 65 194 194 107 183 126 36 174 68 171 90 29 76 140 119 98 45 176 96 37 129 149 100 79 179 27 5 102 52 151 183 46 99 12 178 189 183 96 113 138 83 138 93 33 164 98 20 181 148 105 188 109 58 108 76 13 95 83 36 49 2 51 198 118 99 102 103 103 88 5 44 16 50 75 101 9 95 101 14 1 12 125 75 18 49 20 184 195 46 72 169 106 122 26 121 69 84 93 167 63 98 171 190 174 178 66 191 5 9 107 55 4 29 10 28 35 138 88 40 10 125 159 161 7 108 49 181 163 147 150 130 65 159 79 92 191 152 167 149 162 57 154 26 145 8 160 81 169 194 88 117 121 198 162 166 158 107 5 34 4 132 45 129 59 29 57 141 138 72 64 1 184 169 104 138 48 133 72 135 113 69 67 128 30 86 185 170 36 108 64 55 121 181 114 113 181 8 15 24 73 61 9 161 131 87 119 13 139 103 123 93 160 33 89 40 194 122 0 123 141 80 38 33 126 194 172 176 161 118 163 1 11 43 38 91 74 118 112 173 128 109 135 135 98 149 32 173 121 77 157 61 114 47 191 190 124 199 17 173 35 51 118 58 36 48 134 113 139 175 117 132 158 118 16 102 39 160 107 57 34 130 192 22 93 84 34 54 149 21 199 117 158 139 38 104 37 84 33 73 34 81 90 178 196 23 185 31 78 145 116 5 2 34 8 20 15 39 32 99 113 95 181 150 138 32 177 159 97 6 57 89 147 16 198 31 105 10 6 92 170 186 191 53 185 156 22 185 95 132 108 170 51 163 27 80 86 177 142 175 13 171 162 3 153 102 167 42 83 186 126 49 153 178 145 50 100 54 121 82 173 97 184 34 132 147 150 68 40 149 41 43 5 25 167 96 11 106 194 179 136 143 148 89 199 199 180 40 133 170 153 48 28 102 73 163 52 158 26 62 43 10 156 135 49 162 48 48 99 196 104 5 99 34 51 24 68 121 38 64 189 1 130 177 33 137 178 146 1 94 136 42 139 36 30 156 101 59 111 155 42 113 53 91 147 63 89 177 147 67 72 102 197 80 9 11 98 176 189 127 113 75 108 3 172 19 173 106 119 188 141 127 181 179 79 155 134 28 128 60 26 54 194 114 72 51 84 97 74 60 55 190 47 30 145 34 145 11 43 200 89 76 120 165 88 176 198 177 64 41 191 127 141 29 141 161 2 70 163 194 196 92 187 20 16 28 25 178 167 140 117 10 150 12 100 135 31 185 86 40 119 135 136 141 116 134 107 94 43 104 127 195 22 132 191 155 84 16 70 147 131 41 98 108 165 122 48 153 127 0 103 103 11 186 98 156 98 190 97 139 85 198 1 104 94 66 11 109 57 136 64 83 167 52 72 124 146 200 140 154 83 49 91 67 26 158 177 102 161 105 19 82 192 137 47 98 134 93 89 108 114 9 157 71 76 181 86 71 90 158 179 1 152 83 116 5 8 45 150 156 26 182 146 124 113 70 105 20 60 188 51 178 73 133 43 194 191 37 25 126 143 164 87 104 146 59 142 8 8 110 97 143 73 101 199 146 111 153 33 102 154
350
6 1 20 7 14 20 16 16 3 172 196 18 8 5 1 13 11 20 11 8 2 13 5 15 0 12 5 9 13 8 7 12 6 8 1 8 5 5 13 7 8 10 1 9 4 20 160 7 13 11 184 18 2 4 19 1 5 2 8 4 4 18 17 12 172 191 199 7 196 1 15 6 16 6 3 6 6 2 17 14 195 191 173 158 17 179 6 9 11 0 19 180 7 5 17 172 13 20 8 1 6 5 14 6 19 15 158 1 0 200 187 10 17 19 15 5 20 5 14 15 16 1 15 16 3 15 12 4 18 14 6 19 6 158 155 10 2 17 13 19 6 9 8 1 5 2 4 7 9 12 8 156 3 20 192 193 182 20 192 18 17 5 16 10 18 16 0 1 168 6 0 13 164 176 15 12 5 19 4 4 20 7 158 15 9 18 8 8 16 10 5 11 7 8 7 9 159 12 9 158 17 10 181 165 197 18 8 10 17 180 1 11 2 17 20 188 6 1 1 16 16 0 185 3 12 179 5 188 2 16 18 1 11 17 15 6 7 2 162 8 9 10 199 177 5 17 3 9 12 19 1 3 20 173 11 7 196 8 8 4 6 176 151 1 180 170 14 13 190 15 195 11 6 7 196 177 158 3 17 13 9 19 17 14 191 3 16 177 1 11 187 6 12 4 16 15 13 14 11 13 165 11 0 161 193 2 13 191 13 16 7 17 8 1 8 1 16 160 1 185 12 0 164 6 6 12 153 0 7 6 18 2 1 191 156 180 2 9 11 15 10 2 18 13 19 155 9 179 9 179
543
7 9 12 6 4 18 5 19 4 11 14 4 5 11 16 7 5 15 13 10 17 5 16 11 10 8 20 9 2 11 8 14 14 18 19 15 13 16 14 0 20 7 17 3 14 13 11 3 20 9 10 10 4 17 7 2 3 6 19 16 1 20 0 8 3 14 19 10 3 13 2 1 5 4 16 12 13 20 18 12 17 4 7 20 8 17 7 10 1 20 7 5 15 7 14 13 11 14 6 6 20 9 9 15 4 20 3 6 13 10 16 0 18 20 8 2 16 1 10 2 0 9 1 10 3 9 18 1 9 11 0 13 5 17 20 0 15 13 4 10 2 0 14 17 12 9 2 18 10 18 14 9 1 16 13 18 2 19 19 3 12 16 16 4 3 12 5 18 2 20 16 12 15 5 1 20 16 3 13 12 0 5 10 8 14 12 6 4 20 12 13 13 1 8 13 2 2 1 7 7 8 4 18 12 6 12 16 14 1 5 20 12 7 11 12 0 3 0 18 8 20 15 14 12 3 10 4 3 9 10 17 15 19 15 16 5 11 8 12 20 4 7 8 12 5 16 1 6 6 6 8 10 5 7 7 18 11 2 7 6 0 4 8 10 6 15 9 17 13 17 14 2 9 2 13 13 6 16 16 13 13 4 18 8 7 8 19 8 17 10 4 15 4 6 13 5 14 3 11 20 14 19 20 11 7 2 2 6 9 14 11 13 11 6 0 14 2 1 13 17 5 4 16 2 10 19 2 10 3 19 18 12 19 18 1 11 16 2 9 5 16 3 4 1 20 2 20 2 0 1 16 6 9 13 16 0 14 8 12 10 5 6 18 14 5 13 19 14 0 6 20 0 4 10 5 0 14 2 13 20 20 10 8 7 13 7 20 19 8 14 12 7 10 10 15 12 12 2 1 17 18 12 3 16 0 2 3 10 16 14 20 13 14 3 3 12 0 14 20 6 15 4 11 2 11 9 12 8 11 14 0 2 19 13 17 6 16 2 16 14 11 3 16 14 17 3 19 12 9 15 3 0 2 8 9 1 2 14 2 0 16 15 3 12 7 14 11 7 11 6 8 4 9 20 2 16 9 17 11 12 2 15 17 12 5 2 18 13 0 20 4 9 9 12 17 19 9 13 16 13 4 17 5 9 16 14 6 7 6 11 13 19 3 20 4 19 8 14 7 7 6 5 20 9 12 6 6 1 9 18 9 17 4 15 6 15 13 20 19 5 6 8 5
990
164 163 69 147 184 115 67 54 148 34 18 52 141 138 20 181 86 50 149 66 185 181 73 56 132 197 188 22 199 17 178 84 28 182 57 132 140 84 42 47 189 163 57 106 152 130 1 90 22 140 152 30 12 56 97 10 106 102 167 186 143 32 111 104 187 166 192 30 11 59 100 137 177 175 155 72 82 130 118 157 99 1 82 76 196 92 173 157 89 164 38 25 112 95 54 18 35 49 34 126 89 113 157 72 183 12 137 0 154 75 112 159 36 197 19 110 159 163 53 119 119 122 171 52 48 65 176 157 41 59 33 157 156 123 133 70 49 137 168 87 124 159 58 132 50 5 162 189 94 153 65 119 84 112 89 126 134 79 83 189 148 126 96 53 156 93 82 74 141 109 36 167 152 177 56 194 61 143 33 103 131 26 55 25 54 197 63 42 153 74 86 24 148 69 38 64 129 36 167 11 160 109 170 84 121 52 52 13 102 48 171 86 41 109 9 118 95 147 83 64 190 42 48 101 176 141 7 181 131 25 58 176 13 93 172 63 190 36 60 104 144 27 77 182 85 51 84 84 80 131 121 144 38 196 49 68 121 160 156 157 17 147 123 24 99 65 83 122 147 6 167 19 144 92 77 21 82 124 161 185 1 180 5 10 151 141 30 3 8 99 39 34 103 126 109 5 6 72 52 158 144 40 1 47 76 65 92 161 176 3 26 0 184 197 84 22 37 28 67 0 96 153 21 34 200 159 26 68 103 159 22 92 153 134 84 162 187 43 68 60 72 2 160 17 43 189 185 150 91 115 113 181 83 68 129 199 178 158 74 46 109 35 72 132 73 170 9 145 57 26 135 94 9 148 100 57 72 161 49 168 29 54 142 186 79 177 196 115 155 49 127 36 105 139 197 65 101 93 27 73 180 11 79 90 191 13 141 91 132 129 24 33 52 106 169 173 28 81 20 74 71 110 184 24 177 116 86 52 175 34 125 88 96 37 44 24 91 89 154 122 190 85 111 169 86 162 185 15 127 71 58 155 165 189 161 61 83 177 59 123 40 173 64 28 147 52 58 10 170 172 184 171 24 88 69 124 198 102 92 37 72 26 138 16 146 91 166 133 2 154 77 33 140 130 92 191 145 16 118 40 43 92 175 134 178 83 166 12 63 36 174 85 40 116 65 147 179 105 102 69 28 198 114 91 126 121 42 64 190 15 192 75 144 107 140 96 142 101 147 188 104 187 170 126 75 105 38 188 85 111 176 91 6 34 174 46 4 200 79 73 95 169 117 4 12 15 103 25 172 2 48 186 144 113 64 185 140 142 174 145 107 94 11 158 110 92 77 36 6 82 47 84 0 163 173 12 41 191 3 104 121 132 75 4 146 95 165 82 146 97 190 76 26 1 109 154 98 197 184 58 45 192 94 128 173 192 200 152 152 137 68 13 89 30 189 134 29 71 117 165 39 134 116 156 156 52 84 49 186 96 121 196 65 126 55 110 74 89 106 148 9 57 80 92 68 151 196 73 98 94 14 104 137 21 64 157 65 152 190 20 127 137 126 43 197 58 13 1 158 87 67 86 169 134 172 109 128 61 38 187 25 163 3 67 108 108 67 58 39 77 4 145 22 190 46 63 78 157 179 200 162 89 134 111 145 175 76 0 21 171 193 59 55 62 95 15 152 154 48 46 125 129 138 48 195 39 33 116 199 157 177 108 75 114 67 55 109 29 69 164 46 19 61 160 58 98 126 58 37 63 135 125 31 54 15 73 129 116 169 179 115 145 1 194 77 113 14 44 45 117 121 174 36 62 68 159 98 57 92 62 116 60 191 67 99 66 72 176 82 93 71 159 1 69 185 103 66 154 139 128 139 7 47 24 153 79 181 112 155 114 165 107 98 1 136 37 149 79 51 69 36 14 50 54 197 88 16 60 160 64 166 181 8 11 73 101 84 194 37 154 71 51 97 47 85 170 42 11 72 196 42 175 175 19 171 135 2 25 1 143 99 181 44 105 170 146 156 34 99 165 182 128 35 35 199 186 6 61 179 72 80 1 195 177 97 93 29 20 54 124 66 72 34 156 46 119 189 4 77 86 167 114 129 183 191 113 42 89 52 130 141 5 50 97 113 124 110 43 148 151 112 116 171 33 86 99 80 31 94 180 88 16 104 60 111 101 183 50 142 194 28 39 157 28 64 173 75 49 111 59 42 108 191 52 92 152 147 21 113 32 66 9 9 101 168 86 29 75 194 120
402
0 200 94 100 54 89 64 85 71 117 120 72 66 58 106 117 107 61 101 81 105 106 90 108 57 51 115 102 109 116 50 51 104 101 55 62 61 65 119 79 106 73 74 61 89 52 65 83 81 105 100 107 53 96 72 79 83 101 65 90 60 65 50 99 97 93 53 65 63 92 113 108 118 103 104 112 103 64 114 106 51 95 55 55 87 95 89 72 53 83 74 107 120 85 62 76 91 106 112 55 97 103 74 91 100 111 83 60 51 74 61 69 111 115 67 104 94 90 112 107 56 85 119 70 67 67 99 75 113 90 82 115 51 64 86 70 67 60 97 65 107 89 94 111 101 83 59 68 74 75 86 115 120 100 72 78 76 85 113 68 95 85 67 105 68 85 108 79 64 52 76 63 117 115 77 94 65 81 88 108 106 92 104 120 100 57 79 63 70 111 64 81 94 74 77 97 111 64 77 102 100 81 64 103 74 85 104 57 66 108 67 95 105 61 66 77 70 87 105 60 103 79 96 105 59 50 92 78 60 93 119 91 110 79 72 60 66 116 54 93 77 101 65 69 52 63 74 107 86 94 61 56 82 89 92 114 70 112 100 94 113 95 85 69 55 70 110 95 105 72 62 55 96 115 104 113 51 60 113 115 115 58 55 67 115 87 64 114 93 52 119 108 116 108 90 97 112 80 78 55 92 89 90 109 83 64 81 65 94 114 73 71 68 74 85 83 60 53 77 120 94 66 119 116 94 91 83 83 51 58 59 54 64 95 100 111 83 74 109 63 83 118 78 67 51 72 104 92 112 101 103 118 104 59 94 85 100 54 50 106 51 61 96 73 71 80 106 56 117 64 74 64 114 53 120 84 73 84 99 55 97 61 93 91 113 59 55 98 117 72 92 91 101 86 116 101 92 75 57 53 120 200
499
19 19 1 16 167 13 1 4 9 6 19 1 2 8 20 14 7 9 6 166 1 15 9 17 12 3 20 159 12 163 10 20 20 16 168 19 8 2 19 14 3 14 5 15 163 6 0 17 11 14 11 15 157 17 0 20 19 20 20 19 5 8 163 2 193 0 13 18 0 152 8 19 3 196 6 14 198 8 162 189 16 5 3 12 12 3 14 12 13 16 175 0 14 0 1 160 13 1 16 12 194 167 200 11 20 154 158 12 17 9 18 190 198 13 189 2 19 9 3 152 16 11 19 1 3 14 10 13 169 15 9 12 13 19 151 15 4 2 13 6 168 192 152 19 5 3 3 20 168 152 16 4 152 13 6 11 7 161 3 4 2 9 13 7 12 15 178 19 11 159 10 153 161 16 20 12 10 171 11 1 11 5 2 12 0 185 19 13 3 14 180 14 19 6 158 4 9 20 17 19 195 3 8 6 14 197 13 3 16 5 2 11 9 14 18 8 151 183 13 19 19 0 199 13 176 9 10 6 5 3 182 8 3 17 18 11 153 177 197 8 171 16 3 20 3 200 10 4 13 0 14 8 3 17 3 2 4 8 1 3 6 10 1 14 2 0 161 0 13 18 2 2 5 2 0 5 6 12 170 10 8 161 15 15 8 0 8 13 181 17 12 195 9 0 6 10 12 2 0 19 11 15 15 14 155 3 185 180 188 197 6 20 18 5 1 16 14 4 15 0 158 18 9 188 16 17 153 11 8 151 16 150 19 17 193 14 15 19 160 17 16 5 14 12 191 178 10 5 11 6 174 4 12 11 1 1 169 17 9 189 13 19 0 196 10 14 9 9 4 11 185 181 7 14 20 7 17 8 3 1 17 6 11 12 182 10 14 17 7 5 20 176 0 20 3 6 19 3 156 20 14 9 161 16 2 9 164 196 15 14 20 173 182 177 165 15 10 1 7 8 189 166 1 2 12 13 3 195 2 13 185 10 7 13 151 16 13 18 156 3 20 11 9 17 7 17 15 7 13 20 7 1 4 168 10 20 3 3 11 155 154 2 185 195 3 5 171 5 198 17 9 7 2 13 182 4 8 9 17 156 187 19 150 12 14 153 4 11 13 174 4 164 163 15 11 12 20 171 164
925
79 79 138 79 79 138 138 79 138 138 79 138 138 138 79 138 138 79 79 138 79 79 79 138 138 138 138 79 79 79 138 79 79 79 138 138 79 79 79 79 138 79 79 138 79 138 79 138 79 138 138 79 138 79 79 79 138 79 138 79 138 79 79 138 79 138 79 138 79 138 138 138 79 138 138 79 79 79 79 138 79 79 79 138 79 79 79 79 79 138 79 138 79 138 79 79 79 79 79 138 138 138 79 79 138 138 138 79 138 79 79 138 138 138 138 79 79 138 79 79 79 138 79 79 79 138 138 79 79 138 138 138 79 138 138 79 138 79 138 138 79 79 138 79 79 138 138 138 138 79 138 79 138 79 138 79 138 79 79 79 138 79 79 138 79 138 138 79 79 79 138 79 79 138 79 138 138 138 138 138 138 79 138 79 138 79 79 138 79 79 79 79 79 138 79 138 79 79 138 79 79 138 138 138 138 79 79 138 138 79 79 79 79 138 138 138 138 79 138 79 138 79 138 79 79 138 79 138 79 79 138 138 138 79 79 138 138 138 138 138 138 138 79 79 79 138 79 138 138 79 79 79 79 138 138 79 138 79 138 79 138 138 79 79 138 138 138 138 138 79 79 79 79 79 79 138 138 79 79 79 79 79 138 79 138 79 79 79 138 79 138 79 79 79 138 138 79 138 138 79 79 138 79 79 138 138 79 138 79 138 138 138 79 79 138 79 79 138 79 79 138 138 138 79 138 138 138 79 79 138 79 79 79 138 138 138 138 138 138 79 138 138 138 79 138 138 79 138 79 138 79 138 79 138 79 79 138 138 79 138 138 138 138 79 79 79 138 138 138 138 138 79 138 79 138 138 79 138 79 138 79 79 79 79 138 79 79 79 138 138 79 79 138 79 79 79 138 79 138 138 79 79 79 79 79 138 138 138 138 138 79 138 138 79 79 138 138 138 79 79 138 79 79 79 79 138 79 79 79 79 79 79 138 138 138 138 138 138 138 138 138 138 79 138 79 138 138 138 79 138 138 138 79 79 79 79 138 138 138 79 138 79 138 138 138 138 138 138 79 79 138 79 79 79 138 138 79 79 79 79 138 138 79 138 79 138 79 79 138 138 79 138 79 138 79 79 138 138 79 138 138 138 138 79 138 79 138 138 79 138 79 79 79 138 79 79 79 79 138 138 79 79 79 79 138 79 138 79 79 79 79 138 138 138 138 79 79 79 79 79 79 138 138 79 79 138 138 79 79 79 138 79 138 138 138 138 138 138 138 138 79 138 79 79 138 138 138 79 79 138 79 79 79 138 79 138 138 138 79 138 79 79 79 79 138 79 79 79 138 138 138 138 79 138 79 79 79 138 79 79 79 79 79 138 79 79 79 138 138 79 79 79 79 79 79 138 138 79 79 79 138 79 138 79 79 138 138 79 79 79 79 79 138 138 79 138 138 79 138 138 138 138 138 79 138 138 138 79 79 79 138 138 138 138 79 79 138 79 79 138 79 79 138 138 138 138 79 138 79 138 79 79 138 138 138 79 138 79 79 79 79 138 79 79 138 79 138 138 79 79 79 138 79 79 79 79 79 138 138 79 79 79 138 138 138 79 79 138 79 138 138 138 138 79 138 79 138 138 138 79 79 138 138 79 79 138 138 79 138 138 138 138 138 79 138 79 138 79 79 79 79 138 138 138 138 138 138 138 138 79 138 138 138 138 138 138 79 138 138 79 138 79 138 79 138 79 79 79 138 138 138 79 138 79 79 79 138 79 138 138 79 138 79 79 79 79 138 138 138 138 79 79 79 79 79 138 138 138 79 79 138 79 138 79 79 138 138 138 79 138 79 79 79 138 138 79 79 138 138 79 79 138 138 79 138 138 79 79 79 79 79 79 138 79 79 138 138 138 79 79 138 138 79 138 79 79 79 79 138 138 79 79 79 79 138 138 138 138 79 79 138 79 138 79 79 79 79 79 138 79 79 138 138 138 138 138 79 138 79 138 138 138 138 79 138 79 79 138 138 79 79 79 79 138 138 138 79 138 79 79 79 79 79 79 138 138 138 79 79 138 79 79 79 79 138 138 138 138 79 79 138 138 138 79 138
157
177 5 1 4 182 4 161 6 16 4 13 11 3 3 9 189 6 15 199 17 10 1 18 17 1 2 19 9 6 189 0 4 12 164 8 1 18 14 10 17 200 16 163 12 8 12 11 3 3 178 15 3 8 20 11 194 16 19 11 8 5 181 11 20 20 13 3 9 6 6 14 6 1 185 2 15 0 14 184 1 10 16 1 10 3 9 9 9 4 8 10 19 12 14 7 178 0 4 20 14 195 7 8 3 8 172 180 1 192 13 14 9 175 184 9 13 0 2 154 2 13 11 11 0 18 6 9 15 6 14 177 11 14 7 11 179 152 159 8 9 20 2 20 10 11 3 3 17 7 20 16 6 18 20 157 4 9
234
200 200 200 200 200 200 200 200 200 200 200 200 200 200 200 200 200 200 200 200 200 200 200 200 200 200 200 200 200 200 200 200 200 200 200 200 200 200 200 200 200 200 200 200 200 200 200 200 200 200 200 200 200 200 200 200 200 200 200 200 200 200 200 200 200 200 200 200 200 200 200 200 200 200 200 200 200 200 200 200 200 200 200 200 200 200 200 200 200 200 200 200 200 200 200 200 200 200 200 200 200 200 200 200 200 200 200 200 200 200 200 200 200 200 200 200 200 200 200 200 200 200 200 200 200 200 200 200 200 200 200 200 200 200 200 200 200 200 200 200 200 200 200 200 200 200 200 200 200 200 200 200 200 200 200 200 200 200 200 200 200 200 200 200 200 200 200 200 200 200 200 200 200 200 200 200 200 200 200 200 200 200 200 200 200 200 200 200 200 200 200 200 200 200 200 200 200 200 200 200 200 200 200 200 200 200 200 200 200 200 200 200 200 200 200 200 200 200 200 200 200 200 200 200 200 200 200 200 200 200 200 200 200 200
284
123 194 186 194 143 123 186 96 143 194 123 186 96 186 96 96 46 123 46 186 194 186 186 123 186 123 123 186 186 46 123 194 123 46 186 123 123 186 194 46 96 194 123 194 194 194 143 96 123 123 194 143 194 96 46 143 186 123 46 194 123 46 46 46 143 186 123 143 123 46 186 96 194 194 194 143 96 186 194 143 123 143 46 123 194 194 143 96 96 123 96 96 186 186 186 123 123 46 194 194 46 194 186 186 123 143 143 123 123 123 194 96 186 186 143 123 194 123 96 143 186 96 123 96 194 143 186 194 46 96 46 123 194 96 194 186 46 143 46 186 123 123 46 123 123 46 46 143 194 186 143 123 186 123 186 194 143 186 143 46 96 194 46 46 194 46 96 96 143 123 194 123 186 143 96 143 123 123 186 186 186 123 186 123 96 186 186 194 123 46 46 46 186 143 46 123 143 96 186 46 186 123 123 186 96 96 123 194 143 143 143 46 143 96 194 143 186 96 186 143 194 123 194 143 123 123 186 123 194 96 194 96 96 143 123 96 96 123 46 186 186 96 96 194 46 186 123 123 143 143 123 123 194 96 186 143 46 186 194 46 46 194 96 143 46 186 123 123 123 46 143 186 96 96 186 143 186 186 186 96 186 194 46 186
269
6 8 172 4 172 2 156 20 14 7 5 13 161 15 17 18 19 1 15 150 13 175 0 11 6 19 17 199 11 4 10 186 16 13 4 20 11 11 3 171 13 5 12 13 20 157 5 7 0 7 14 1 200 10 5 17 2 15 13 185 6 2 15 12 12 9 19 15 151 2 152 12 6 0 19 17 160 15 176 13 9 20 17 194 14 4 170 199 189 181 3 16 11 163 1 14 14 2 10 172 197 2 17 8 7 7 0 10 14 6 15 6 154 13 189 8 13 20 9 16 184 8 20 3 180 1 18 18 152 12 10 5 16 10 3 13 198 6 7 4 8 2 11 14 15 17 11 184 2 192 20 2 16 19 9 0 8 13 5 6 7 20 19 10 164 19 168 180 9 186 19 17 180 6 194 4 6 13 16 13 1 182 6 6 153 18 19 0 172 15 8 16 9 14 20 10 5 1 7 197 17 20 19 15 11 177 14 195 0 0 2 18 13 9 10 176 158 16 2 12 5 19 12 198 5 4 10 7 0 10 0 7 2 1 17 17 19 18 197 18 3 3 13 2 12 3 7 6 166 1 0 9 19 4 156 20 13 2 15 14 17 17 17 157 7 16 170 19 195
848
192 172 7 14 15 16 10 5 13 10 4 18 15 14 18 17 13 13 18 200 17 179 5 0 200 13 12 10 7 8 1 11 7 1 11 9 16 20 7 4 20 1 18 159 191 16 5 20 6 15 20 8 7 3 195 3 15 172 5 1 5 1 17 175 17 12 182 18 18 15 0 3 6 8 4 5 4 4 1 7 16 13 11 16 17 12 17 1 9 20 18 12 0 20 13 16 3 15 13 14 160 7 189 6 8 15 19 2 1 12 17 4 19 6 16 12 5 3 0 19 1 18 19 3 10 181 4 11 11 16 5 3 16 10 5 18 16 6 5 18 16 1 4 11 157 180 10 9 12 5 0 10 16 0 3 180 9 0 167 6 1 1 18 4 11 12 1 166 195 171 8 176 11 7 177 20 2 194 189 9 0 4 192 9 12 4 12 6 19 13 155 182 3 9 11 12 160 15 19 18 0 7 157 20 16 2 20 194 11 17 4 16 12 15 195 172 12 16 7 9 12 9 20 195 7 18 19 6 4 18 5 9 13 3 19 20 5 8 0 17 4 2 8 18 4 151 15 17 10 18 15 19 5 14 8 17 13 0 20 12 0 1 14 0 18 197 3 1 19 14 10 2 6 20 185 2 10 12 12 166 179 14 19 19 8 5 9 19 16 6 1 3 7 16 7 6 18 13 13 1 3 178 15 1 170 3 10 3 13 17 6 13 1 7 9 15 0 193 16 155 2 12 20 165 6 8 14 2 5 20 10 8 2 0 16 17 3 7 172 11 19 12 3 17 10 9 14 17 19 178 15 12 3 3 179 183 1 195 1 9 18 18 18 9 0 15 14 19 16 15 10 10 175 155 4 10 20 5 0 155 15 4 168 11 195 8 172 13 4 15 6 17 4 9 3 191 5 20 9 12 10 16 8 9 9 2 4 12 200 177 15 186 18 151 10 152 3 17 3 0 10 17 19 12 167 163 13 14 20 183 13 2 154 6 14 12 17 14 3 153 15 11 12 171 16 10 181 3 155 15 160 0 12 12 172 16 16 155 15 14 15 15 20 16 154 4 9 2 18 5 6 19 17 4 17 3 14 2 10 14 4 192 11 0 20 9 10 5 6 0 154 2 6 14 9 188 4 12 9 16 15 18 1 190 4 199 15 13 6 18 19 170 11 6 11 19 3 5 194 16 16 161 197 164 14 10 11 6 179 11 1 183 10 16 17 11 198 165 19 14 7 11 165 177 6 0 15 10 19 6 11 15 1 5 3 196 15 1 9 12 15 18 180 16 9 2 162 16 170 11 187 19 0 8 14 20 5 17 8 172 184 0 8 198 17 0 18 183 2 156 3 160 13 9 4 158 18 184 16 200 20 15 18 4 0 150 168 158 3 158 19 159 4 11 19 11 9 5 17 19 7 9 5 4 199 16 16 10 168 7 19 19 14 10 10 2 5 6 168 6 20 7 15 154 18 13 12 14 11 11 3 2 8 16 15 13 19 6 7 11 19 15 5 8 158 17 2 1 168 6 7 5 15 9 7 13 14 20 18 17 10 18 155 14 185 7 7 188 9 3 8 4 9 11 181 167 20 8 15 16 11 17 167 1 20 0 180 2 178 16 8 181 5 164 174 158 20 6 12 0 184 17 1 151 13 163 8 12 172 2 0 14 4 9 15 188 188 7 5 8 167 151 19 5 12 7 7 6 16 166 9 13 6 187 4 18 152 14 16 11 11 19 13 172 191 4 8 6 15 172 10 9 4 8 156 9 160 13 20 9 1 12 3 6 2 10 12 18 157 10 2 15 18 14 10 3 10 16 8 17 11 8 19 10 14 4 187 5 153 175 12 14 7 10 10 3 2 7 5 163 193 15 14 11 1 12 186 181 1 3 0 7 11 16 2 166 17 2 178 12 18 11 165 15 10 6 6 192
88
200 200 200 200 200 200 200 200 200 200 200 200 200 200 200 200 200 200 200 200 200 200 200 200 200 200 200 200 200 200 200 200 200 200 200 200 200 200 200 200 200 200 200 200 200 200 200 200 200 200 200 200 200 200 200 200 200 200 200 200 200 200 200 200 200 200 200 200 200 200 200 200 200 200 200 200 200 200 200 200 200 200 200 200 200 200 200 200
669
3 18 20 7 7 18 16 1 10 14 11 11 17 3 12 11 17 15 11 3 15 13 7 8 20 5 8 17 2 11 18 2 17 16 6 3 12 3 10 20 12 8 2 19 14 13 0 10 10 15 3 5 19 3 4 10 17 10 18 19 15 0 15 1 13 1 19 16 1 8 8 11 8 0 8 11 7 8 19 11 16 13 19 3 5 17 12 2 14 0 5 18 2 10 20 2 20 18 17 2 5 15 6 9 12 1 19 11 0 15 6 16 14 2 11 18 1 1 2 17 9 4 16 4 12 1 19 15 3 14 20 13 14 16 19 18 20 20 4 17 7 14 10 5 3 19 8 14 18 19 14 16 13 20 6 4 19 17 7 1 2 9 19 3 2 11 6 16 0 1 8 4 16 11 11 17 13 2 3 1 20 16 4 14 5 9 6 6 7 11 11 1 6 13 6 0 5 8 0 10 11 0 15 16 6 13 3 6 17 14 12 6 13 10 19 18 5 7 5 12 2 3 8 0 19 6 10 2 19 1 12 1 16 15 9 0 6 2 3 18 17 7 1 1 2 12 12 14 10 7 20 18 4 18 9 0 14 20 2 4 8 14 4 14 9 12 1 17 17 11 11 13 20 14 5 11 17 9 4 9 0 1 14 19 18 0 12 4 14 14 10 15 18 7 18 1 2 15 4 14 12 2 16 9 20 16 1 16 10 15 3 1 20 14 16 3 1 10 12 10 0 6 8 5 17 5 10 16 18 2 10 14 3 10 6 6 17 19 1 18 7 12 17 11 12 7 11 2 16 4 17 6 4 12 6 2 16 15 2 19 18 9 10 8 3 14 4 15 13 6 12 5 17 7 4 0 2 2 8 2 8 0 5 0 8 8 3 6 11 15 17 5 5 5 6 7 18 3 20 11 18 8 12 20 10 15 14 14 16 10 18 2 2 3 6 11 11 11 18 10 5 15 19 18 12 17 7 4 16 11 16 12 6 8 10 9 3 0 9 0 4 16 4 1 8 12 1 17 12 20 11 15 1 13 8 6 13 1 3 0 1 12 16 8 9 13 17 13 6 12 15 16 11 15 18 11 11 11 7 18 12 2 16 0 16 7 15 10 12 19 19 19 14 15 14 20 5 12 7 12 9 10 0 9 18 6 7 20 0 5 7 3 15 2 18 20 10 2 8 16 17 9 17 8 4 15 17 7 11 18 8 10 2 6 12 9 0 12 17 2 11 18 18 8 4 7 3 17 7 1 3 0 1 10 0 17 15 5 5 17 19 6 3 8 10 2 11 9 3 14 4 7 5 0 4 6 7 10 7 20 12 2 1 4 10 15 6 9 10 10 6 15 2 9 16 1 0 7 18 15 7 3 9 19 8 14 7 15 6 5 7 7 12 0 13 16 0 14 8 6 12 16 9 8 9 14 18 1 10 12 5 2 10 18 11 14 7 3 6 13 3 10 12 17 17 18 16 9 13 18 16 4 14 9 3 16 9 13 1 0 18 3 10 8 3 5 6 0 20
146
200 200 200 200 200 200 200 200 200 200 200 200 200 200 200 200 200 200 200 200 200 200 200 200 200 200 200 200 200 200 200 200 200 200 200 200 200 200 200 200 200 200 200 200 200 200 200 200 200 200 200 200 200 200 200 200 200 200 200 200 200 200 200 200 200 200 200 200 200 200 200 200 200 200 200 200 200 200 200 200 200 200 200 200 200 200 200 200 200 200 200 200 200 200 200 200 200 200 200 200 200 200 200 200 200 200 200 200 200 200 200 200 200 200 200 200 200 200 200 200 200 200 200 200 200 200 200 200 200 200 200 200 200 200 200 200 200 200 200 200 200 200 200 200 200 200
850
147 60 75 147 134 134 104 42 75 75 147 42 104 104 104 134 147 147 134 147 42 60 104 75 75 134 60 60 147 104 75 42 75 60 75 104 134 60 60 60 42 147 60 60 42 147 42 147 147 75 134 134 75 147 134 134 134 134 104 75 147 147 60 42 134 60 147 147 104 134 104 147 104 147 75 60 134 75 147 134 60 147 42 134 134 104 104 42 42 147 42 134 147 104 134 147 75 60 60 60 104 134 42 147 42 104 134 134 147 134 104 134 147 134 134 42 147 42 147 104 104 147 42 75 147 104 75 134 147 42 60 60 60 134 134 75 75 75 104 42 60 60 42 75 42 104 104 75 75 134 42 104 147 60 104 147 134 60 134 134 134 75 42 104 134 134 75 60 75 75 42 75 147 147 147 60 75 42 134 60 75 104 147 42 104 147 75 147 42 75 104 134 104 75 147 134 104 60 42 104 134 75 104 60 42 134 42 104 60 147 75 134 147 134 134 60 60 75 60 104 75 104 42 147 147 147 147 42 147 75 147 60 60 75 104 104 104 60 104 104 147 60 75 134 75 104 60 134 147 104 60 42 42 75 147 75 134 104 60 104 147 75 75 42 75 42 134 104 75 134 75 104 104 42 75 104 104 147 104 60 42 42 134 42 42 75 134 134 104 60 75 75 60 75 134 147 75 134 42 147 104 60 104 75 134 75 134 42 104 104 104 60 42 42 104 75 104 134 42 75 134 60 42 134 75 147 134 147 42 42 134 104 104 42 42 42 104 104 147 42 104 42 104 60 147 42 134 75 75 60 75 104 134 134 147 147 147 60 60 104 104 75 147 134 134 60 60 75 75 75 60 75 134 42 134 147 60 134 42 42 42 75 147 134 147 147 134 104 42 42 147 104 60 42 134 60 60 104 75 147 42 60 60 134 104 60 147 134 104 75 147 75 60 104 104 147 60 42 147 134 60 60 75 60 75 42 60 147 60 147 104 104 75 134 60 134 104 104 42 60 104 75 75 75 104 60 42 42 42 134 134 104 104 147 42 134 60 60 104 60 60 104 134 75 60 134 147 42 42 147 134 75 147 147 147 75 75 104 75 104 42 104 134 134 60 60 75 104 42 134 104 42 134 134 42 60 134 42 42 104 75 42 75 60 147 42 147 134 147 147 104 104 147 42 147 104 42 42 75 147 75 75 134 134 104 134 42 60 104 42 42 60 42 147 42 42 75 60 42 104 104 147 42 60 147 60 147 104 42 134 147 60 60 104 60 42 60 104 42 104 104 134 134 75 147 134 134 60 134 60 60 60 134 104 147 60 134 42 60 104 147 75 134 60 147 42 60 42 75 75 134 134 104 60 75 42 104 75 75 42 134 75 75 60 134 104 104 134 147 147 134 104 134 60 134 147 60 104 60 147 134 147 134 60 75 147 134 60 60 75 134 147 60 134 104 42 147 75 134 42 147 147 42 104 147 134 75 75 42 104 147 75 134 147 104 134 134 147 147 147 147 42 75 75 42 147 147 104 75 134 134 104 75 75 60 147 42 42 75 134 60 42 60 42 104 60 60 60 75 134 147 147 147 60 104 147 147 60 60 60 134 42 104 134 75 60 147 75 147 60 60 147 104 75 104 104 104 60 147 134 134 75 60 147 42 134 104 60 104 75 60 134 147 134 60 147 42 134 147 104 42 104 147 75 42 42 134 75 60 134 147 104 60 104 60 60 60 134 134 75 60 134 60 60 75 147 42 134 134 42 60 75 60 60 42 75 147 134 42 104 75 42 42 60 147 75 60 147 104 60 147 42 42 147 104 134 75 60 104 147 134 42 147 60 75 60 104 147 147 147 104 60 60 147 134 75 134 75 134 75 104 60 75 75 42 147 104 75 42 75 134 75 60 104 42 75 60 60 147 134 147 75 75 60 104 60 134 147 42 60
422
0 0 0 0 0 0 0 0 0 0 0 0 0 0 0 0 0 0 0 0 0 0 0 0 0 0 0 0 0 0 0 0 0 0 0 0 0 0 0 0 0 0 0 0 0 0 0 0 0 0 0 0 0 0 0 0 0 0 0 0 0 0 0 0 0 0 0 0 0 0 0 0 0 0 0 0 0 0 0 0 0 0 0 0 0 0 0 0 0 0 0 0 0 0 0 0 0 0 0 0 0 0 0 0 0 0 0 0 0 0 0 0 0 0 0 0 0 0 0 0 0 0 0 0 0 0 0 0 0 0 0 0 0 0 0 0 0 0 0 0 0 0 0 0 0 0 0 0 0 0 0 0 0 0 0 0 0 0 0 0 0 0 0 0 0 0 0 0 0 0 0 0 0 0 0 0 0 0 0 0 0 0 0 0 0 0 0 0 0 0 0 0 0 0 0 0 0 0 0 0 0 0 0 0 0 0 0 0 0 0 0 0 0 0 0 0 0 0 0 0 0 0 0 0 0 0 0 0 0 0 0 0 0 0 0 0 0 0 0 0 0 0 0 0 0 0 0 0 0 0 0 0 0 0 0 0 0 0 0 0 0 0 0 0 0 0 0 0 0 0 0 0 0 0 0 0 0 0 0 0 0 0 0 0 0 0 0 0 0 0 0 0 0 0 0 0 0 0 0 0 0 0 0 0 0 0 0 0 0 0 0 0 0 0 0 0 0 0 0 0 0 0 0 0 0 0 0 0 0 0 0 0 0 0 0 0 0 0 0 0 0 0 0 0 0 0 0 0 0 0 0 0 0 0 0 0 0 0 0 0 0 0 0 0 0 0 0 0 0 0 0 0 0 0 0 0 0 0 0 0 0 0 0 0 0 0 0 0 0 0 0 0 0 0 0 0 0 0 0 0 0 0 0 0 0 0 0 0 0 0 0 0 0 0 0 0 0 0 0 0 0 0
620
18 3 9 9 10 8 16 6 10 0 6 7 2 3 13 8 6 19 4 20 16 8 2 18 3 16 19 6 11 7 17 16 7 9 19 1 16 14 15 4 8 6 10 8 17 9 17 9 11 16 13 6 6 14 2 16 14 15 10 7 11 16 1 6 15 10 19 19 4 4 4 10 6 4 6 11 12 9 16 2 6 7 2 15 15 2 7 14 8 3 15 1 17 7 17 2 14 17 2 5 14 3 5 5 17 13 17 2 3 1 5 18 12 18 10 9 15 6 11 0 6 17 18 16 3 18 2 8 2 2 16 15 7 5 10 1 2 14 9 9 4 18 20 11 11 20 17 19 3 18 20 6 19 18 13 13 8 1 19 0 19 10 13 12 4 8 1 13 14 9 7 17 13 7 15 14 5 18 0 18 2 9 0 3 8 6 11 13 3 11 20 2 19 19 10 3 15 12 19 20 16 16 5 18 4 18 0 9 8 17 15 16 6 3 13 20 8 1 9 0 8 1 6 10 2 2 11 0 10 19 19 10 16 16 17 1 18 17 15 1 7 7 9 0 9 20 5 9 18 16 17 18 7 17 14 4 1 9 7 2 18 13 7 19 2 4 6 18 10 9 18 8 1 13 14 2 4 20 3 2 13 12 0 17 11 2 8 20 13 10 7 5 18 9 8 16 7 7 13 17 4 15 18 17 7 1 9 11 2 17 5 0 4 9 8 4 9 6 5 20 0 17 20 8 2 8 16 0 16 12 7 11 5 7 12 2 13 20 10 1 3 19 15 3 1 1 3 19 17 9 4 9 5 2 12 15 19 16 8 0 0 15 12 6 15 4 18 7 6 3 1 19 15 16 8 4 10 19 4 17 11 3 8 12 8 8 1 17 20 10 20 19 16 2 17 16 15 19 5 4 19 10 6 4 17 11 17 3 13 6 11 6 15 17 12 15 0 1 18 15 0 10 17 12 11 10 3 8 5 1 4 16 12 20 12 11 8 7 14 8 11 5 20 14 13 6 14 17 4 2 6 2 7 4 9 4 17 0 17 9 16 5 16 18 1 19 7 15 15 2 12 2 4 7 1 18 9 11 15 20 0 16 20 14 18 16 4 16 2 8 12 5 7 1 13 2 3 18 4 13 4 19 7 20 18 11 7 10 13 4 8 4 19 9 6 12 12 18 1 18 19 11 12 11 12 1 17 3 5 5 9 4 16 8 4 18 1 15 16 0 15 15 6 20 5 6 10 7 15 20 20 4 4 17 14 2 7 7 11 13 3 6 9 15 6 10 13 15 1 13 5 20 4 15 0 14 4 9 11 0 16 18 7 10 14 8 3 16 1 3 14 14 7 17 11 17 14 0 3 18 9 16 12 17 16 0 5 4 15 10 2 14 19 6 11 5 20 7 10 14
266
123 139 119 119 155 110 124 148 151 170 87 19 116 84 79 139 81 178 104 60 143 134 4 112 145 128 87 181 187 168 57 64 199 109 175 112 95 147 138 170 86 161 107 154 178 52 57 139 130 96 72 33 180 92 27 158 176 29 73 13 175 94 98 139 123 198 163 55 33 11 15 154 146 12 65 45 24 54 164 88 39 140 102 15 126 141 165 115 54 96 139 94 177 28 190 182 17 173 163 154 138 45 198 23 23 7 130 66 44 187 1 83 39 35 96 181 167 39 0 165 107 177 56 45 110 35 139 3 94 79 47 64 184 182 170 194 84 158 103 21 106 65 54 59 17 168 82 154 19 31 66 72 74 51 87 125 150 170 75 75 0 114 117 200 151 162 87 77 85 16 87 138 58 50 17 153 50 24 76 12 137 190 147 36 20 114 169 127 143 27 157 139 200 72 105 30 21 157 0 132 75 26 180 93 93 54 52 67 58 79 52 16 69 173 154 132 73 108 194 195 19 187 141 54 81 152 134 189 115 61 85 11 30 83 100 185 4 115 59 61 89 24 97 128 159 187 118 23 178 180 33 11 11 153 20 125 158 115 113 37 71 60 66 88 187 47
342
133 146 91 135 51 44 83 98 99 139 172 31 160 141 48 1 26 10 16 26 68 70 63 42 80 73 50 192 0 119 111 31 59 129 152 200 151 12 161 41 198 93 119 69 74 54 10 22 189 76 167 82 186 189 189 47 107 167 63 35 17 113 173 29 69 29 108 142 118 100 43 107 167 93 67 130 48 162 93 49 8 69 185 53 101 99 193 126 73 165 59 53 53 82 44 119 73 29 108 6 119 118 80 27 182 162 161 172 149 156 107 146 46 156 177 75 129 42 99 50 18 143 141 192 85 182 14 174 190 52 143 14 48 91 195 143 186 11 7 146 106 118 97 173 54 47 88 167 100 4 56 21 156 4 129 166 49 46 83 89 127 187 152 105 119 199 74 147 144 11 150 91 104 96 26 70 92 173 57 71 44 192 127 170 59 35 90 72 189 8 5 197 6 171 126 159 15 5 15 19 181 128 6 146 48 21 19 149 50 33 9 9 36 161 60 1 43 2 170 143 190 136 66 176 172 173 198 76 30 133 10 104 20 79 25 111 34 32 184 107 152 190 158 92 160 20 56 95 180 8 105 171 190 118 175 32 173 61 151 55 188 68 9 43 196 55 153 117 198 38 151 4 91 195 21 78 111 61 34 167 195 145 122 149 141 158 121 193 121 143 0 18 94 196 9 22 195 28 36 121 179 127 143 175 194 1 116 96 103 138 167 191 105 0 134 44 160 67 176 184 22 31 143 197 12 84 123 90 127 178 30 133 103 56 98 186 25 106 28 146 50 69
729
0 200 115 110 108 65 75 78 91 89 86 73 119 117 70 100 120 76 67 72 89 68 72 103 110 63 102 73 107 96 78 109 93 105 85 65 119 111 113 51 51 108 69 62 64 70 65 94 65 119 73 81 99 58 57 68 55 67 104 110 63 65 85 81 58 78 109 91 114 75 65 73 54 77 76 71 109 100 85 71 81 114 84 106 115 63 68 68 118 114 91 93 59 76 109 54 65 60 113 73 83 51 102 68 88 63 86 95 74 61 65 120 81 53 77 119 105 111 64 86 79 112 84 76 52 119 78 54 67 84 82 99 75 96 94 71 112 93 71 86 59 118 69 120 71 67 90 56 64 74 104 107 100 61 106 78 51 104 108 72 106 115 117 56 63 107 60 104 85 74 119 97 117 50 50 77 108 62 104 55 73 81 64 112 114 99 51 78 83 88 111 83 103 54 68 50 53 63 55 75 68 70 76 92 50 53 66 85 84 88 62 116 70 104 107 90 76 75 56 53 95 66 51 111 83 84 67 59 97 100 95 67 64 73 60 59 95 115 52 55 100 94 69 108 117 102 110 113 77 89 111 85 100 109 77 113 90 83 95 96 112 62 105 106 95 108 64 86 94 62 76 116 81 79 89 99 58 90 110 69 98 101 65 69 92 101 99 55 100 116 106 86 120 104 101 69 114 91 64 114 81 101 102 75 102 72 104 115 95 85 75 67 103 113 79 104 76 90 71 71 104 107 78 98 54 91 60 111 112 78 74 66 55 52 117 117 95 112 119 75 51 77 107 95 53 105 56 77 84 106 52 88 56 69 109 61 81 87 56 92 119 98 77 104 90 56 82 114 89 72 60 117 61 89 85 71 113 117 87 120 55 81 72 111 78 55 96 88 83 89 59 61 117 64 114 54 53 77 70 98 90 115 69 59 52 54 59 77 91 101 117 60 54 117 79 102 98 71 80 69 99 87 53 97 79 95 62 66 72 93 115 120 65 55 95 89 103 67 74 93 94 56 84 55 91 79 116 57 71 95 73 83 78 56 118 53 58 78 115 114 104 91 78 60 93 113 82 59 90 88 64 66 105 76 78 82 111 53 92 75 64 61 89 98 96 96 106 93 87 92 83 77 62 107 92 94 81 56 118 98 80 119 85 73 102 60 86 113 59 116 83 109 78 115 110 76 67 82 108 104 99 69 72 76 52 119 50 73 52 82 81 120 93 68 77 111 79 79 68 119 60 62 101 109 91 59 107 53 58 83 119 70 50 88 103 95 85 65 50 58 105 107 74 93 60 85 107 94 69 57 118 52 72 112 116 105 120 86 82 71 106 101 59 52 86 65 101 52 108 120 118 105 92 86 56 65 108 101 76 56 83 110 110 120 86 55 66 115 103 111 118 72 57 118 78 112 102 80 117 77 118 72 86 85 90 73 112 82 56 88 81 63 90 76 100 62 99 63 92 106 108 57 90 78 117 56 113 79 110 99 118 112 71 109 55 99 84 75 95 51 59 88 51 92 50 97 51 96 96 114 61 95 79 108 76 74 98 97 59 114 83 50 83 75 117 110 72 113 87 109 62 117 74 106 74 87 68 98 86 74 93 98 107 111 112 92 77 91 107 109 101 105 108 78 115 107 82 99 63 58 63 53 57 68 104 70 115 53 200
669
0 0 0 0 0 0 0 0 0 0 0 0 0 0 0 0 0 0 0 0 0 0 0 0 0 0 0 0 0 0 0 0 0 0 0 0 0 0 0 0 0 0 0 0 0 0 0 0 0 0 0 0 0 0 0 0 0 0 0 0 0 0 0 0 0 0 0 0 0 0 0 0 0 0 0 0 0 0 0 0 0 0 0 0 0 0 0 0 0 0 0 0 0 0 0 0 0 0 0 0 0 0 0 0 0 0 0 0 0 0 0 0 0 0 0 0 0 0 0 0 0 0 0 0 0 0 0 0 0 0 0 0 0 0 0 0 0 0 0 0 0 0 0 0 0 0 0 0 0 0 0 0 0 0 0 0 0 0 0 0 0 0 0 0 0 0 0 0 0 0 0 0 0 0 0 0 0 0 0 0 0 0 0 0 0 0 0 0 0 0 0 0 0 0 0 0 0 0 0 0 0 0 0 0 0 0 0 0 0 0 0 0 0 0 0 0 0 0 0 0 0 0 0 0 0 0 0 0 0 0 0 0 0 0 0 0 0 0 0 0 0 0 0 0 0 0 0 0 0 0 0 0 0 0 0 0 0 0 0 0 0 0 0 0 0 0 0 0 0 0 0 0 0 0 0 0 0 0 0 0 0 0 0 0 0 0 0 0 0 0 0 0 0 0 0 0 0 0 0 0 0 0 0 0 0 0 0 0 0 0 0 0 0 0 0 0 0 0 0 0 0 0 0 0 0 0 0 0 0 0 0 0 0 0 0 0 0 0 0 0 0 0 0 0 0 0 0 0 0 0 0 0 0 0 0 0 0 0 0 0 0 0 0 0 0 0 0 0 0 0 0 0 0 0 0 0 0 0 0 0 0 0 0 0 0 0 0 0 0 0 0 0 0 0 0 0 0 0 0 0 0 0 0 0 0 0 0 0 0 0 0 0 0 0 0 0 0 0 0 0 0 0 0 0 0 0 0 0 0 0 0 0 0 0 0 0 0 0 0 0 0 0 0 0 0 0 0 0 0 0 0 0 0 0 0 0 0 0 0 0 0 0 0 0 0 0 0 0 0 0 0 0 0 0 0 0 0 0 0 0 0 0 0 0 0 0 0 0 0 0 0 0 0 0 0 0 0 0 0 0 0 0 0 0 0 0 0 0 0 0 0 0 0 0 0 0 0 0 0 0 0 0 0 0 0 0 0 0 0 0 0 0 0 0 0 0 0 0 0 0 0 0 0 0 0 0 0 0 0 0 0 0 0 0 0 0 0 0 0 0 0 0 0 0 0 0 0 0 0 0 0 0 0 0 0 0 0 0 0 0 0 0 0 0 0 0 0 0 0 0 0 0 0 0 0 0 0 0 0 0 0 0 0 0 0 0 0 0 0 0 0 0 0 0 0 0 0 0 0 0 0 0 0 0 0 0 0 0 0 0 0 0 0 0 0 0 0 0 0 0 0 0 0 0 0 0 0 0 0 0 0 0 0 0 0 0 0 0 0 0 0 0 0 0 0 0 0 0 0
279
200 200 200 200 200 200 200 200 200 200 200 200 200 200 200 200 200 200 200 200 200 200 200 200 200 200 200 200 200 200 200 200 200 200 200 200 200 200 200 200 200 200 200 200 200 200 200 200 200 200 200 200 200 200 200 200 200 200 200 200 200 200 200 200 200 200 200 200 200 200 200 200 200 200 200 200 200 200 200 200 200 200 200 200 200 200 200 200 200 200 200 200 200 200 200 200 200 200 200 200 200 200 200 200 200 200 200 200 200 200 200 200 200 200 200 200 200 200 200 200 200 200 200 200 200 200 200 200 200 200 200 200 200 200 200 200 200 200 200 200 200 200 200 200 200 200 200 200 200 200 200 200 200 200 200 200 200 200 200 200 200 200 200 200 200 200 200 200 200 200 200 200 200 200 200 200 200 200 200 200 200 200 200 200 200 200 200 200 200 200 200 200 200 200 200 200 200 200 200 200 200 200 200 200 200 200 200 200 200 200 200 200 200 200 200 200 200 200 200 200 200 200 200 200 200 200 200 200 200 200 200 200 200 200 200 200 200 200 200 200 200 200 200 200 200 200 200 200 200 200 200 200 200 200 200 200 200 200 200 200 200 200 200 200 200 200 200 200 200 200 200 200 200 200 200 200 200 200 200
475
200 200 200 200 200 200 200 200 200 200 200 200 200 200 200 200 200 200 200 200 200 200 200 200 200 200 200 200 200 200 200 200 200 200 200 200 200 200 200 200 200 200 200 200 200 200 200 200 200 200 200 200 200 200 200 200 200 200 200 200 200 200 200 200 200 200 200 200 200 200 200 200 200 200 200 200 200 200 200 200 200 200 200 200 200 200 200 200 200 200 200 200 200 200 200 200 200 200 200 200 200 200 200 200 200 200 200 200 200 200 200 200 200 200 200 200 200 200 200 200 200 200 200 200 200 200 200 200 200 200 200 200 200 200 200 200 200 200 200 200 200 200 200 200 200 200 200 200 200 200 200 200 200 200 200 200 200 200 200 200 200 200 200 200 200 200 200 200 200 200 200 200 200 200 200 200 200 200 200 200 200 200 200 200 200 200 200 200 200 200 200 200 200 200 200 200 200 200 200 200 200 200 200 200 200 200 200 200 200 200 200 200 200 200 200 200 200 200 200 200 200 200 200 200 200 200 200 200 200 200 200 200 200 200 200 200 200 200 200 200 200 200 200 200 200 200 200 200 200 200 200 200 200 200 200 200 200 200 200 200 200 200 200 200 200 200 200 200 200 200 200 200 200 200 200 200 200 200 200 200 200 200 200 200 200 200 200 200 200 200 200 200 200 200 200 200 200 200 200 200 200 200 200 200 200 200 200 200 200 200 200 200 200 200 200 200 200 200 200 200 200 200 200 200 200 200 200 200 200 200 200 200 200 200 200 200 200 200 200 200 200 200 200 200 200 200 200 200 200 200 200 200 200 200 200 200 200 200 200 200 200 200 200 200 200 200 200 200 200 200 200 200 200 200 200 200 200 200 200 200 200 200 200 200 200 200 200 200 200 200 200 200 200 200 200 200 200 200 200 200 200 200 200 200 200 200 200 200 200 200 200 200 200 200 200 200 200 200 200 200 200 200 200 200 200 200 200 200 200 200 200 200 200 200 200 200 200 200 200 200 200 200 200 200 200 200 200 200 200 200 200 200 200 200 200 200 200 200 200 200 200 200 200 200 200 200 200 200 200 200 200 200 200 200 200
289
20 18 18 13 14 6 16 20 15 4 14 5 5 14 19 5 2 8 7 9 18 19 13 10 18 14 11 13 1 3 9 16 2 9 10 0 12 6 13 12 17 13 17 16 19 17 10 11 7 18 20 2 2 2 11 11 2 8 14 11 14 15 14 1 5 20 4 7 20 16 4 13 19 17 20 20 18 18 19 9 19 20 17 5 11 10 5 10 12 17 7 8 10 17 15 18 11 5 18 7 11 17 10 19 7 6 4 2 20 20 14 10 4 7 7 2 8 1 1 16 1 9 10 13 3 3 3 10 20 8 6 19 19 11 0 11 4 19 8 14 12 4 0 10 7 14 6 16 12 19 15 2 14 10 16 17 15 6 3 3 5 0 1 10 16 3 9 20 10 8 15 3 12 15 11 3 18 12 19 10 8 14 1 16 13 8 9 18 14 15 11 14 0 5 8 12 17 14 0 9 8 20 9 16 17 17 4 7 5 17 7 17 15 18 15 14 4 18 13 18 18 2 0 15 13 14 0 2 3 18 6 20 5 9 3 11 0 4 1 11 17 8 7 10 12 2 7 19 15 4 12 7 20 1 8 14 0 9 7 19 4 2 16 7 9 3 6 3 17 10 16 12 3 7 19 3 1 20 16 18 3 1 17 5 8 6 0 9 15
82
195 1 20 11 20 6 1 14 3 19 16 17 17 10 6 17 5 161 20 0 11 12 189 18 3 10 4 8 11 14 19 8 7 16 12 19 17 13 175 8 2 17 176 17 19 12 2 4 10 12 11 17 10 19 20 9 8 3 13 14 1 5 6 162 5 185 10 19 18 179 19 2 17 162 168 179 0 6 0 20 15 159
908
145 145 29 29 130 29 152 29 29 29 130 29 152 29 152 29 145 145 145 145 145 130 145 152 145 145 145 130 152 152 130 152 152 152 29 130 152 29 152 130 29 145 130 130 29 145 152 145 29 152 145 130 152 145 130 29 152 29 29 29 29 29 145 152 130 152 29 152 145 145 145 145 29 145 29 130 130 130 29 130 130 152 152 130 145 152 145 130 130 145 29 130 152 29 152 130 130 130 152 29 130 145 152 152 145 29 130 152 29 152 145 152 145 29 145 152 130 145 29 130 29 29 152 152 152 130 145 152 145 130 152 130 29 29 29 130 152 145 130 29 145 152 29 130 152 29 130 152 152 152 130 145 130 152 130 152 130 29 152 145 145 152 152 145 152 152 145 145 145 29 145 29 130 145 145 152 145 29 130 29 130 152 145 29 152 145 29 130 152 152 152 130 29 29 145 145 152 130 29 145 130 29 29 145 145 130 145 29 152 130 145 29 145 145 130 145 29 152 152 29 130 145 29 130 145 29 29 29 130 152 29 145 145 130 145 145 29 152 145 130 130 29 130 145 145 130 152 29 145 29 145 145 152 152 145 152 130 29 130 152 29 29 29 145 130 152 145 145 130 29 130 145 145 130 145 145 29 29 29 130 145 130 152 145 152 145 29 152 29 29 145 152 152 29 29 152 152 29 29 29 130 130 145 29 130 145 152 145 29 29 145 152 130 152 29 130 29 130 130 130 152 152 152 29 130 152 145 152 145 145 152 130 130 145 152 29 145 145 152 29 130 152 29 29 130 29 29 145 29 152 145 130 152 152 152 145 130 130 145 130 130 29 29 152 152 130 29 29 152 145 152 145 145 29 145 130 29 130 152 145 145 29 145 130 29 152 152 29 130 29 145 152 130 130 145 145 152 145 152 145 29 29 130 145 145 130 130 130 130 130 152 29 130 145 152 130 152 29 130 152 130 130 145 29 145 130 130 130 152 145 145 152 152 145 145 152 130 152 130 145 152 130 130 152 130 130 145 145 145 152 145 29 145 29 152 152 145 29 29 152 130 145 29 29 145 145 152 130 145 152 130 130 29 145 130 152 145 29 152 145 145 29 130 152 29 29 130 29 152 130 29 29 130 145 130 130 29 145 130 152 152 145 29 152 152 130 145 29 29 152 145 145 145 152 29 152 29 145 29 130 29 130 29 130 152 145 29 145 29 145 152 29 130 29 152 29 29 29 145 130 29 130 145 145 152 130 152 152 130 145 145 145 29 152 29 145 145 152 152 29 29 152 130 130 130 152 145 152 29 145 145 130 130 29 145 145 145 29 152 145 130 29 29 145 145 29 130 152 130 29 145 130 29 130 29 29 145 152 29 152 145 130 145 152 152 152 145 29 145 145 29 130 29 29 130 29 145 145 152 152 29 29 29 29 145 152 130 29 152 145 145 145 152 145 145 130 145 152 152 145 130 152 29 152 145 29 152 145 29 130 152 145 130 152 130 145 152 130 130 152 145 130 145 130 145 145 145 152 145 29 152 152 130 145 152 145 145 145 152 152 145 29 130 130 152 145 145 152 145 145 145 29 130 29 145 29 152 152 130 152 145 145 29 29 152 145 29 152 29 130 130 130 130 152 130 152 152 130 29 130 152 145 145 29 152 29 152 29 145 145 29 29 152 130 145 152 145 145 29 130 145 29 130 145 130 29 29 130 29 29 152 130 130 130 152 145 29 29 29 152 152 130 29 145 29 152 145 29 152 130 130 130 29 145 152 130 29 145 152 152 130 152 145 29 29 29 145 29 152 152 130 145 152 29 29 152 130 145 130 29 145 130 145 130 130 29 152 145 29 152 29 145 145 29 152 130 130 29 29 29 152 29 145 145 152 145 152 145 130 130 145 145 145 152 145 145 130 29 130 145 152 130 29 29 152 130 152 29 152 130 145 29 130 152 29 29 152 29 145 130 145 29 130 152 130 29 29 152 29 29 130 145 152 130 145 130 29 152 145 29 29 145 152 29 145 145 145 152 29 145 29 152 145 29 130 130 29 152 130 145 29 130 130 29 152 145 29 145
888
200 200 200 200 200 200 200 200 200 200 200 200 200 200 200 200 200 200 200 200 200 200 200 200 200 200 200 200 200 200 200 200 200 200 200 200 200 200 200 200 200 200 200 200 200 200 200 200 200 200 200 200 200 200 200 200 200 200 200 200 200 200 200 200 200 200 200 200 200 200 200 200 200 200 200 200 200 200 200 200 200 200 200 200 200 200 200 200 200 200 200 200 200 200 200 200 200 200 200 200 200 200 200 200 200 200 200 200 200 200 200 200 200 200 200 200 200 200 200 200 200 200 200 200 200 200 200 200 200 200 200 200 200 200 200 200 200 200 200 200 200 200 200 200 200 200 200 200 200 200 200 200 200 200 200 200 200 200 200 200 200 200 200 200 200 200 200 200 200 200 200 200 200 200 200 200 200 200 200 200 200 200 200 200 200 200 200 200 200 200 200 200 200 200 200 200 200 200 200 200 200 200 200 200 200 200 200 200 200 200 200 200 200 200 200 200 200 200 200 200 200 200 200 200 200 200 200 200 200 200 200 200 200 200 200 200 200 200 200 200 200 200 200 200 200 200 200 200 200 200 200 200 200 200 200 200 200 200 200 200 200 200 200 200 200 200 200 200 200 200 200 200 200 200 200 200 200 200 200 200 200 200 200 200 200 200 200 200 200 200 200 200 200 200 200 200 200 200 200 200 200 200 200 200 200 200 200 200 200 200 200 200 200 200 200 200 200 200 200 200 200 200 200 200 200 200 200 200 200 200 200 200 200 200 200 200 200 200 200 200 200 200 200 200 200 200 200 200 200 200 200 200 200 200 200 200 200 200 200 200 200 200 200 200 200 200 200 200 200 200 200 200 200 200 200 200 200 200 200 200 200 200 200 200 200 200 200 200 200 200 200 200 200 200 200 200 200 200 200 200 200 200 200 200 200 200 200 200 200 200 200 200 200 200 200 200 200 200 200 200 200 200 200 200 200 200 200 200 200 200 200 200 200 200 200 200 200 200 200 200 200 200 200 200 200 200 200 200 200 200 200 200 200 200 200 200 200 200 200 200 200 200 200 200 200 200 200 200 200 200 200 200 200 200 200 200 200 200 200 200 200 200 200 200 200 200 200 200 200 200 200 200 200 200 200 200 200 200 200 200 200 200 200 200 200 200 200 200 200 200 200 200 200 200 200 200 200 200 200 200 200 200 200 200 200 200 200 200 200 200 200 200 200 200 200 200 200 200 200 200 200 200 200 200 200 200 200 200 200 200 200 200 200 200 200 200 200 200 200 200 200 200 200 200 200 200 200 200 200 200 200 200 200 200 200 200 200 200 200 200 200 200 200 200 200 200 200 200 200 200 200 200 200 200 200 200 200 200 200 200 200 200 200 200 200 200 200 200 200 200 200 200 200 200 200 200 200 200 200 200 200 200 200 200 200 200 200 200 200 200 200 200 200 200 200 200 200 200 200 200 200 200 200 200 200 200 200 200 200 200 200 200 200 200 200 200 200 200 200 200 200 200 200 200 200 200 200 200 200 200 200 200 200 200 200 200 200 200 200 200 200 200 200 200 200 200 200 200 200 200 200 200 200 200 200 200 200 200 200 200 200 200 200 200 200 200 200 200 200 200 200 200 200 200 200 200 200 200 200 200 200 200 200 200 200 200 200 200 200 200 200 200 200 200 200 200 200 200 200 200 200 200 200 200 200 200 200 200 200 200 200 200 200 200 200 200 200 200 200 200 200 200 200 200 200 200 200 200 200 200 200 200 200 200 200 200 200 200 200 200 200 200 200 200 200 200 200 200 200 200 200 200 200 200 200 200 200 200 200 200 200 200 200 200 200 200 200 200 200 200 200 200 200 200 200 200 200 200 200 200 200 200 200 200 200 200 200 200 200 200 200 200 200 200 200 200 200 200 200 200 200 200 200 200 200 200 200 200 200 200 200 200 200 200 200 200 200 200 200 200 200 200 200 200 200 200 200 200 200 200 200 200 200 200 200 200 200 200 200 200 200 200 200 200 200 200 200 200
247
200 200 200 200 200 200 200 200 200 200 200 200 200 200 200 200 200 200 200 200 200 200 200 200 200 200 200 200 200 200 200 200 200 200 200 200 200 200 200 200 200 200 200 200 200 200 200 200 200 200 200 200 200 200 200 200 200 200 200 200 200 200 200 200 200 200 200 200 200 200 200 200 200 200 200 200 200 200 200 200 200 200 200 200 200 200 200 200 200 200 200 200 200 200 200 200 200 200 200 200 200 200 200 200 200 200 200 200 200 200 200 200 200 200 200 200 200 200 200 200 200 200 200 200 200 200 200 200 200 200 200 200 200 200 200 200 200 200 200 200 200 200 200 200 200 200 200 200 200 200 200 200 200 200 200 200 200 200 200 200 200 200 200 200 200 200 200 200 200 200 200 200 200 200 200 200 200 200 200 200 200 200 200 200 200 200 200 200 200 200 200 200 200 200 200 200 200 200 200 200 200 200 200 200 200 200 200 200 200 200 200 200 200 200 200 200 200 200 200 200 200 200 200 200 200 200 200 200 200 200 200 200 200 200 200 200 200 200 200 200 200 200 200 200 200 200 200
79
1 18 8 17 11 16 6 8 20 16 1 10 17 2 9 8 17 15 14 16 7 13 13 13 1 3 15 5 2 5 18 13 6 8 0 19 12 6 18 17 1 14 1 10 11 12 15 7 5 6 4 15 15 19 0 12 0 9 7 6 6 18 2 4 12 16 0 16 1 3 8 8 16 5 13 15 4 9 12
232
0 0 0 0 0 0 0 0 0 0 0 0 0 0 0 0 0 0 0 0 0 0 0 0 0 0 0 0 0 0 0 0 0 0 0 0 0 0 0 0 0 0 0 0 0 0 0 0 0 0 0 0 0 0 0 0 0 0 0 0 0 0 0 0 0 0 0 0 0 0 0 0 0 0 0 0 0 0 0 0 0 0 0 0 0 0 0 0 0 0 0 0 0 0 0 0 0 0 0 0 0 0 0 0 0 0 0 0 0 0 0 0 0 0 0 0 0 0 0 0 0 0 0 0 0 0 0 0 0 0 0 0 0 0 0 0 0 0 0 0 0 0 0 0 0 0 0 0 0 0 0 0 0 0 0 0 0 0 0 0 0 0 0 0 0 0 0 0 0 0 0 0 0 0 0 0 0 0 0 0 0 0 0 0 0 0 0 0 0 0 0 0 0 0 0 0 0 0 0 0 0 0 0 0 0 0 0 0 0 0 0 0 0 0 0 0 0 0 0 0 0 0 0 0 0 0 0 0 0 0 0 0
515
200 200 200 200 200 200 200 200 200 200 200 200 200 200 200 200 200 200 200 200 200 200 200 200 200 200 200 200 200 200 200 200 200 200 200 200 200 200 200 200 200 200 200 200 200 200 200 200 200 200 200 200 200 200 200 200 200 200 200 200 200 200 200 200 200 200 200 200 200 200 200 200 200 200 200 200 200 200 200 200 200 200 200 200 200 200 200 200 200 200 200 200 200 200 200 200 200 200 200 200 200 200 200 200 200 200 200 200 200 200 200 200 200 200 200 200 200 200 200 200 200 200 200 200 200 200 200 200 200 200 200 200 200 200 200 200 200 200 200 200 200 200 200 200 200 200 200 200 200 200 200 200 200 200 200 200 200 200 200 200 200 200 200 200 200 200 200 200 200 200 200 200 200 200 200 200 200 200 200 200 200 200 200 200 200 200 200 200 200 200 200 200 200 200 200 200 200 200 200 200 200 200 200 200 200 200 200 200 200 200 200 200 200 200 200 200 200 200 200 200 200 200 200 200 200 200 200 200 200 200 200 200 200 200 200 200 200 200 200 200 200 200 200 200 200 200 200 200 200 200 200 200 200 200 200 200 200 200 200 200 200 200 200 200 200 200 200 200 200 200 200 200 200 200 200 200 200 200 200 200 200 200 200 200 200 200 200 200 200 200 200 200 200 200 200 200 200 200 200 200 200 200 200 200 200 200 200 200 200 200 200 200 200 200 200 200 200 200 200 200 200 200 200 200 200 200 200 200 200 200 200 200 200 200 200 200 200 200 200 200 200 200 200 200 200 200 200 200 200 200 200 200 200 200 200 200 200 200 200 200 200 200 200 200 200 200 200 200 200 200 200 200 200 200 200 200 200 200 200 200 200 200 200 200 200 200 200 200 200 200 200 200 200 200 200 200 200 200 200 200 200 200 200 200 200 200 200 200 200 200 200 200 200 200 200 200 200 200 200 200 200 200 200 200 200 200 200 200 200 200 200 200 200 200 200 200 200 200 200 200 200 200 200 200 200 200 200 200 200 200 200 200 200 200 200 200 200 200 200 200 200 200 200 200 200 200 200 200 200 200 200 200 200 200 200 200 200 200 200 200 200 200 200 200 200 200 200 200 200 200 200 200 200 200 200 200 200 200 200 200 200 200 200 200 200 200 200 200 200 200 200 200 200 200 200
645
16 133 133 133 164 16 16 16 164 133 133 16 16 16 16 164 16 133 164 133 16 164 164 133 133 133 133 164 133 133 133 133 16 133 133 133 133 164 164 133 133 164 164 164 16 133 16 16 16 133 164 133 133 16 133 164 16 164 164 16 16 133 16 133 16 133 164 164 16 16 16 133 16 133 164 16 16 16 164 164 133 133 16 164 16 133 164 16 133 164 16 164 133 133 16 133 164 16 16 164 16 133 16 16 16 16 164 164 164 16 16 16 164 133 164 133 133 164 133 164 164 164 133 164 133 164 133 133 16 133 16 133 16 133 164 133 164 133 164 133 133 164 16 133 133 164 133 133 164 16 164 164 133 164 164 16 164 133 133 164 16 164 164 164 133 16 164 133 133 16 16 133 164 164 164 164 164 16 133 16 16 16 164 16 16 164 164 164 164 164 133 164 164 164 16 164 16 133 133 164 164 164 16 164 16 133 16 164 16 164 16 16 164 164 133 16 16 164 164 16 164 16 164 164 133 164 164 164 16 133 133 133 16 133 164 133 16 133 133 133 133 164 164 133 16 164 164 133 16 164 16 164 164 133 133 164 16 133 16 164 16 16 16 133 164 164 16 164 16 164 164 16 133 16 133 164 164 16 16 164 133 164 164 16 16 133 133 16 133 16 16 164 164 16 16 164 164 133 16 133 133 133 16 164 133 164 133 133 164 133 16 164 16 16 164 16 164 16 133 133 16 164 133 164 133 133 133 164 133 133 133 16 16 16 16 16 16 16 164 133 164 164 164 164 133 164 16 164 16 164 133 16 133 133 164 133 164 16 16 16 133 16 164 133 133 16 164 16 133 16 164 133 164 164 133 133 133 164 164 133 164 16 164 16 133 16 16 164 133 164 164 16 164 164 164 133 164 164 16 16 16 133 16 164 16 133 164 16 164 16 133 133 133 164 16 16 16 164 133 16 164 133 164 164 16 16 164 164 16 164 16 133 16 16 164 164 164 16 164 16 16 133 16 164 164 16 164 16 133 164 16 16 16 164 133 16 164 16 133 164 164 16 16 16 164 164 164 16 16 133 16 16 164 133 164 16 133 133 16 16 164 164 133 164 164 133 133 133 164 164 133 133 164 16 16 16 16 164 164 133 164 164 164 133 16 16 133 164 16 164 16 16 164 16 133 164 133 133 16 164 164 133 164 16 133 16 164 16 16 133 164 164 164 16 16 164 16 133 164 164 133 16 133 16 164 133 164 16 164 16 164 133 133 164 164 133 164 133 164 164 133 164 16 16 164 164 164 16 133 133 133 16 133 133 16 133 16 164 133 164 164 164 133 133 164 133 133 133 133 164 16 164 164 164 164 164 16 133 133 16 133 133 133 16 164 164 16 16 133 133 16 133 16 164 16 133 164 133 133 133 164 133 133 16 133 164 133 16 133 133 133 133 133 133 16 164 164 164 164 164 16 133 164 16 133
1000
25 96 25 96 96 25 96 96 96 96 96 96 96 25 96 25 96 96 96 25 25 96 25 25 96 96 25 25 25 25 25 25 96 96 96 25 25 25 25 25 25 96 96 25 25 96 96 25 25 96 96 96 25 25 25 25 96 25 25 25 96 25 25 96 96 96 25 25 25 96 96 25 25 96 25 25 25 96 25 96 25 25 25 96 25 25 25 25 96 25 96 25 96 25 96 96 25 96 25 25 96 96 25 25 96 25 96 96 25 96 96 25 96 96 25 96 25 96 25 96 96 96 25 96 25 96 96 25 25 96 25 25 96 96 96 25 25 25 25 96 25 25 25 25 96 96 25 25 96 96 96 96 25 25 25 96 25 96 25 25 96 96 96 25 25 25 96 96 96 96 96 25 25 25 96 96 96 96 25 96 96 96 96 25 25 25 96 25 25 25 25 25 25 25 96 96 96 25 25 25 96 25 96 25 25 25 96 96 96 96 96 96 25 25 25 96 96 25 25 25 96 25 25 25 96 96 25 96 96 96 96 25 25 96 96 96 25 96 96 96 96 25 96 25 96 25 96 96 25 96 96 96 96 96 25 96 96 96 96 25 25 96 25 96 25 25 25 25 96 25 25 25 96 25 25 25 25 25 25 96 25 25 25 96 25 96 25 25 96 96 25 96 96 96 96 25 96 25 96 25 96 96 25 96 25 25 96 25 96 25 96 96 25 25 96 96 25 25 96 96 25 25 25 96 25 25 96 96 25 25 96 96 96 25 96 25 96 25 96 96 25 25 25 25 96 96 25 96 25 96 25 25 96 96 25 25 25 25 96 25 96 96 96 25 25 25 96 96 25 25 25 96 25 96 25 25 25 96 96 25 25 96 96 96 25 25 96 96 96 96 96 25 25 25 96 25 25 96 25 96 25 96 96 25 96 96 25 96 96 25 96 96 25 25 25 96 25 96 25 25 25 96 96 25 96 96 25 25 25 25 96 25 96 96 25 96 25 96 96 25 96 25 25 96 96 96 25 96 96 96 25 96 96 96 25 96 25 25 25 96 96 96 96 96 96 25 96 25 96 25 25 96 25 96 96 96 96 25 96 96 25 96 96 96 96 96 25 96 96 25 96 25 25 25 96 25 96 25 25 96 96 96 96 25 25 96 25 96 96 96 96 96 25 25 25 96 96 25 25 96 25 96 96 25 96 96 25 25 25 96 96 96 96 96 96 96 25 96 25 25 25 96 96 25 25 25 96 96 96 25 25 96 25 96 96 25 96 25 96 96 96 25 96 96 96 25 25 96 96 25 96 96 25 25 96 96 25 25 96 96 25 25 25 25 25 25 25 25 25 25 25 96 96 96 25 25 25 96 96 96 25 25 96 25 25 25 25 25 96 25 25 25 96 96 96 25 25 96 25 25 96 96 96 96 96 96 96 25 96 96 25 25 96 96 25 25 96 25 96 96 96 96 25 96 96 96 25 25 96 96 25 96 96 96 96 96 25 96 25 96 96 25 96 96 96 96 25 25 96 96 25 25 96 25 25 25 25 96 96 96 96 96 25 25 96 25 25 96 25 96 96 96 96 25 25 25 96 25 96 96 96 96 25 96 96 96 25 96 96 96 96 25 96 25 96 25 25 96 96 25 96 96 96 25 25 25 25 96 25 96 96 25 96 25 96 96 96 96 96 96 96 25 96 25 25 25 25 96 96 96 96 96 25 25 25 96 96 25 25 96 96 25 25 25 25 96 25 96 25 96 96 25 25 96 25 96 96 96 25 25 96 25 96 96 96 25 25 25 96 25 96 25 25 25 25 96 25 25 96 96 25 96 25 25 96 25 25 25 96 96 25 25 96 25 25 96 25 25 25 96 25 96 96 96 96 96 96 25 96 25 25 25 25 25 25 96 25 25 25 96 25 25 25 25 25 25 25 96 96 25 96 25 25 25 96 96 25 25 25 25 25 96 96 25 96 25 25 96 25 25 25 25 25 25 96 25 96 25 96 25 25 96 25 25 96 96 25 25 96 96 96 96 96 96 96 25 96 96 25 25 96 96 96 96 96 25 25 25 25 25 96 25 25 25 96 96 96 25 25 96 25 96 25 25 96 25 25 25 96 25 25 25 25 25 25 96 96 96 25 96 25 25 96 25 96 25 96 96 96 96 25 96 96 25 25 96 25 25 96 25 25 25 96 25 25 25 25 96 25 25 96 96 96 25 25 96 96 25 25 96 25 25 96 25 25 96 25 25 25 25 96 96 25 96 25 25 25 25 96 96
505
130 130 136 136 136 130 130 137 130 136 130 137 130 130 130 136 136 137 137 137 136 136 137 130 137 137 130 130 130 137 137 130 130 137 136 130 136 130 137 137 130 136 137 137 137 136 137 130 130 130 136 137 137 130 130 130 137 136 136 130 136 137 137 130 130 137 137 136 136 130 130 136 130 130 137 136 130 137 136 136 137 136 136 136 136 136 136 137 137 130 130 130 136 136 136 136 137 130 136 130 137 136 137 136 136 137 137 130 136 136 136 136 136 136 130 137 137 136 130 137 137 130 136 137 137 136 130 137 136 136 130 130 137 136 137 137 130 137 137 137 136 137 136 137 130 136 130 130 130 136 137 137 130 130 137 137 137 136 130 130 130 137 137 136 130 136 136 130 137 136 136 137 136 137 137 130 137 130 136 130 137 136 137 137 130 136 136 136 130 130 136 137 137 137 136 130 130 136 136 130 130 136 130 130 130 130 130 136 137 136 137 137 136 136 136 136 137 136 130 137 137 136 137 137 130 136 137 130 137 130 136 136 130 136 136 137 137 130 137 137 130 136 136 137 130 130 136 130 137 137 136 130 136 130 136 136 137 130 130 136 137 136 137 137 130 130 136 136 137 130 137 137 137 137 137 130 137 137 137 136 130 130 130 130 137 137 136 137 137 137 136 136 137 136 137 136 137 130 137 130 130 136 136 136 136 130 137 130 136 137 130 136 137 136 130 130 136 130 130 136 130 136 137 136 136 130 137 136 136 130 130 130 137 136 136 137 136 137 137 137 137 137 130 137 137 130 136 137 137 136 137 136 136 136 130 136 137 130 136 130 136 136 137 137 136 137 130 137 137 130 137 136 136 137 137 136 137 137 130 136 137 130 130 136 137 130 136 137 136 136 137 130 130 136 137 130 137 136 137 137 136 136 137 130 130 136 130 136 136 136 136 136 130 136 137 136 130 130 137 136 130 137 136 130 137 137 137 130 137 130 137 130 136 137 130 136 137 136 136 130 136 137 130 136 130 136 136 136 130 130 137 137 137 136 136 130 130 130 130 130 130 137 137 130 136 137 137 130 130 130 137 130 137 136 130 136 136 136 136 130 136 130 137 130 137 137 136 136 136 137 136 136 136 137 137 130 136 130 130 130 130 130 130 137 130
99
18 10 10 3 19 13 171 171 11 182 15 161 20 11 5 5 3 2 1 1 10 8 11 14 3 11 165 20 11 13 19 3 3 199 2 18 6 4 18 150 7 20 12 12 3 3 8 8 8 156 15 12 1 18 175 0 4 7 19 190 20 13 11 2 5 8 2 9 10 15 1 8 15 158 5 2 15 10 17 20 0 151 188 2 19 186 5 9 19 1 8 12 19 12 151 15 20 162 0
397
0 0 0 0 0 0 0 0 0 0 0 0 0 0 0 0 0 0 0 0 0 0 0 0 0 0 0 0 0 0 0 0 0 0 0 0 0 0 0 0 0 0 0 0 0 0 0 0 0 0 0 0 0 0 0 0 0 0 0 0 0 0 0 0 0 0 0 0 0 0 0 0 0 0 0 0 0 0 0 0 0 0 0 0 0 0 0 0 0 0 0 0 0 0 0 0 0 0 0 0 0 0 0 0 0 0 0 0 0 0 0 0 0 0 0 0 0 0 0 0 0 0 0 0 0 0 0 0 0 0 0 0 0 0 0 0 0 0 0 0 0 0 0 0 0 0 0 0 0 0 0 0 0 0 0 0 0 0 0 0 0 0 0 0 0 0 0 0 0 0 0 0 0 0 0 0 0 0 0 0 0 0 0 0 0 0 0 0 0 0 0 0 0 0 0 0 0 0 0 0 0 0 0 0 0 0 0 0 0 0 0 0 0 0 0 0 0 0 0 0 0 0 0 0 0 0 0 0 0 0 0 0 0 0 0 0 0 0 0 0 0 0 0 0 0 0 0 0 0 0 0 0 0 0 0 0 0 0 0 0 0 0 0 0 0 0 0 0 0 0 0 0 0 0 0 0 0 0 0 0 0 0 0 0 0 0 0 0 0 0 0 0 0 0 0 0 0 0 0 0 0 0 0 0 0 0 0 0 0 0 0 0 0 0 0 0 0 0 0 0 0 0 0 0 0 0 0 0 0 0 0 0 0 0 0 0 0 0 0 0 0 0 0 0 0 0 0 0 0 0 0 0 0 0 0 0 0 0 0 0 0 0 0 0 0 0 0 0 0 0 0 0 0 0 0 0 0 0 0 0 0 0 0 0 0 0 0 0 0 0 0 0 0 0 0 0 0
710
3 16 6 11 0 0 5 19 14 4 19 4 1 15 14 16 18 1 3 10 7 10 5 7 1 11 17 17 9 18 20 16 4 2 2 14 6 1 11 10 16 20 17 20 11 13 15 14 2 16 13 13 12 11 2 1 7 20 1 10 10 19 0 19 9 18 18 5 12 12 14 0 0 14 0 7 20 15 12 3 18 12 11 3 0 12 0 20 11 17 2 6 11 8 9 19 9 8 8 7 1 20 6 14 18 0 9 2 9 14 0 19 12 3 4 7 6 16 10 12 14 10 7 16 11 2 3 18 17 8 14 3 11 18 13 14 4 12 19 18 5 9 11 18 20 1 9 11 20 5 13 3 15 16 7 19 12 7 11 5 3 5 14 2 20 0 7 4 14 9 9 5 20 8 2 15 11 13 7 2 2 16 0 19 4 0 9 3 12 9 7 5 20 8 14 10 14 14 0 12 11 1 6 14 3 6 15 20 17 2 2 17 17 6 6 11 3 4 10 0 20 9 4 15 20 20 15 5 11 3 10 18 14 15 6 15 12 17 20 14 0 7 12 12 19 16 14 15 6 5 0 5 9 8 19 1 19 2 20 2 7 8 8 3 12 8 15 11 19 1 18 6 8 0 17 17 18 6 6 7 13 1 13 11 20 18 5 17 20 4 13 2 13 4 1 20 7 19 2 19 1 5 10 8 6 4 1 16 1 4 16 5 16 12 0 11 0 19 16 0 19 15 10 11 0 10 8 12 17 16 2 9 12 5 10 15 1 7 17 15 16 10 5 2 17 12 0 20 12 8 16 8 15 18 2 11 8 9 9 15 1 11 11 6 2 10 1 19 0 3 14 14 19 19 14 9 8 6 13 6 4 8 0 13 17 13 5 5 6 5 15 5 17 8 6 0 17 17 5 1 17 8 10 3 5 6 9 3 5 12 19 18 8 13 1 2 7 10 9 19 18 9 4 12 1 6 0 17 2 11 7 12 15 5 20 10 7 7 14 5 9 0 11 4 3 7 2 9 4 19 20 1 17 20 20 9 13 9 13 3 4 7 6 3 2 17 0 18 7 16 0 18 12 19 12 8 17 5 0 10 11 5 0 20 8 12 2 2 0 3 1 16 18 17 4 9 18 11 10 19 5 10 8 14 16 18 1 20 6 0 6 3 8 2 11 2 20 9 11 3 7 14 9 3 5 0 6 11 1 13 5 16 1 18 9 10 5 19 7 17 11 18 5 5 0 18 2 9 6 11 19 9 19 11 11 11 0 11 18 20 17 14 14 13 10 0 11 19 12 18 2 17 2 5 8 14 11 9 18 15 4 20 14 2 8 19 2 2 14 13 17 19 16 0 15 1 3 19 12 6 9 18 2 19 6 8 18 16 16 7 17 2 15 0 16 14 2 6 5 3 5 15 11 13 17 12 19 2 8 1 12 10 11 15 19 13 19 13 0 0 20 11 5 15 13 13 19 1 5 17 16 12 9 1 19 11 10 2 3 20 6 11 11 13 2 5 13 14 3 16 10 13 7 5 12 7 3 5 18 19 10 0 8 0 10 7 8 16 12 9 13 4 7 10 3 18 2 6 4 4 20 8 20 6 7 15 6 6 5 18
942
0 200 84 79 101 98 78 79 106 50 111 109 92 76 71 76 61 92 78 87 91 120 119 108 63 53 70 101 119 72 91 88 85 57 83 81 63 69 118 72 103 101 57 90 53 81 106 115 92 114 120 103 80 64 68 86 113 59 93 85 87 120 69 104 60 114 72 51 103 55 78 64 55 100 100 115 115 82 62 120 53 84 78 102 116 69 119 85 79 80 59 104 100 50 113 50 101 53 118 78 68 57 54 109 85 93 54 102 68 80 81 61 76 62 74 114 107 82 59 55 100 111 76 75 107 99 116 110 54 120 97 69 117 102 62 108 56 112 71 117 74 116 81 78 94 61 52 91 118 68 71 82 120 60 59 92 72 52 61 67 77 102 110 98 74 99 94 81 79 60 63 90 70 113 98 54 86 110 86 115 51 94 58 68 117 68 75 63 80 88 87 100 60 101 118 53 58 109 54 84 90 89 105 57 117 110 89 96 94 57 71 119 75 87 101 81 114 50 88 72 76 65 79 79 51 105 95 94 65 109 75 52 103 116 85 70 104 53 83 87 83 57 62 85 68 82 63 119 101 62 72 57 61 70 87 81 110 95 75 107 63 69 53 89 60 100 57 63 95 79 104 100 113 69 102 98 105 88 90 86 98 114 101 60 97 50 113 59 57 52 92 113 68 64 100 89 89 102 57 89 75 70 91 115 115 73 111 76 70 101 64 73 108 104 115 62 117 120 55 100 82 63 74 60 98 108 107 114 100 89 55 101 106 52 85 59 109 108 83 119 100 73 97 83 78 88 97 111 62 60 98 54 94 117 51 72 60 78 95 91 54 77 105 61 82 70 60 70 78 72 73 106 85 80 120 52 57 68 102 85 52 107 111 57 63 67 69 59 75 91 110 119 118 91 118 101 57 104 60 112 77 120 78 109 69 59 56 103 83 68 79 74 56 57 58 118 70 93 93 112 67 107 87 77 70 74 119 92 61 100 82 100 61 70 81 111 102 70 84 52 50 106 104 68 93 85 96 67 107 96 92 73 67 117 67 63 99 74 75 112 93 97 113 73 66 80 95 68 65 61 87 54 95 108 79 92 80 56 75 67 91 62 107 118 51 113 66 91 73 91 80 51 66 66 69 60 111 83 108 53 50 74 65 94 93 84 89 112 84 73 106 84 56 103 103 119 67 51 117 78 76 113 100 73 115 81 56 107 81 92 62 59 70 71 75 55 85 91 112 89 66 84 110 56 65 103 90 62 98 71 67 116 83 96 100 119 66 103 110 103 102 60 59 60 51 80 76 115 105 86 86 81 111 110 79 63 85 100 63 65 57 102 92 113 114 52 110 74 65 105 60 90 85 50 83 113 81 57 75 58 52 70 112 110 59 90 52 61 57 94 101 118 120 81 57 97 81 86 95 114 72 65 95 110 57 53 101 86 98 89 60 117 112 54 101 79 78 109 53 72 62 66 119 94 72 80 75 54 62 95 61 108 107 99 75 56 71 120 62 83 72 99 109 100 87 80 105 74 117 112 92 96 52 86 97 77 77 61 52 109 103 76 65 85 107 53 61 78 105 76 78 76 73 85 87 82 107 79 87 66 54 113 63 116 60 89 100 101 72 82 93 79 100 103 78 79 69 54 56 83 87 83 72 51 76 61 73 81 120 91 98 70 64 116 73 88 99 65 74 84 59 112 102 96 93 95 60 61 98 119 98 114 66 56 82 57 71 72 111 98 57 53 85 74 82 78 61 113 64 79 92 57 53 111 74 72 75 66 88 80 109 119 56 105 68 109 86 67 53 50 110 81 58 117 112 73 63 101 100 101 84 63 75 57 109 55 111 54 52 78 81 93 120 61 96 112 105 96 61 63 73 110 118 94 120 117 95 85 83 109 117 91 117 58 92 94 69 107 86 89 64 80 58 99 100 101 70 90 100 56 94 102 71 91 53 61 112 50 103 106 116 98 82 57 65 101 111 113 55 119 120 113 117 105 84 63 101 96 114 60 76 89 104 106 61 75 110 106 50 56 55 62 105 104 60 89 69 120 52 74 120 97 65 83 120 117 82 78 70 111 76 78 97 108 59 87 95 81 58 60 58 112 109 72 74 51 99 57 51 76 72 114 98 102 120 63 64 55 76 79 70 200
416
142 51 197 147 116 124 58 87 64 165 20 64 60 187 193 83 103 113 0 151 78 106 35 170 150 169 163 73 60 104 138 105 68 140 19 25 30 42 59 169 53 137 91 189 115 118 82 183 169 54 65 157 11 151 170 165 78 9 32 51 92 144 90 49 32 61 91 78 6 16 55 21 123 110 16 41 39 69 30 64 82 65 164 47 74 76 11 104 134 138 63 110 56 19 111 167 184 164 95 45 22 162 121 115 193 27 185 154 83 194 0 133 21 175 131 55 72 159 135 150 141 96 134 198 142 194 142 135 137 164 66 120 199 126 139 110 141 108 0 154 112 104 59 56 164 190 11 58 70 10 76 29 151 11 19 175 3 114 134 86 176 155 156 183 119 132 168 162 168 184 170 169 4 172 56 176 83 31 51 180 78 105 199 104 120 148 43 143 184 164 42 175 152 33 194 32 182 126 147 23 123 113 147 42 9 129 32 95 197 179 153 174 112 188 174 159 155 68 174 64 45 62 173 61 68 180 100 55 171 34 72 73 79 186 95 133 95 119 115 161 25 50 56 46 37 168 138 172 124 61 149 124 106 44 177 137 85 81 131 103 177 94 3 42 6 146 196 22 182 64 95 109 135 125 16 20 38 130 32 80 2 80 37 192 164 74 73 0 189 47 144 180 104 97 17 21 109 96 20 80 69 48 186 148 15 48 145 4 75 7 197 176 9 183 194 36 62 168 66 170 102 123 198 140 36 148 2 164 145 167 106 151 200 140 196 15 129 6 63 118 92 86 29 110 170 101 32 75 197 70 176 154 63 97 84 196 149 151 11 115 197 22 17 163 129 33 145 84 43 22 113 189 175 8 190 171 185 159 9 181 91 63 35 154 31 184 122 192 190 102 24 182 16 145 139 131 69 185 131 20 161 47 14 162 156 3 49 177 158 60 159 19 155 70 138 87
959
19 147 139 200 182 102 92 122 130 99 110 194 147 194 152 159 133 124 106 12 57 113 32 131 143 140 67 41 72 12 86 11 186 154 36 125 35 167 2 147 120 6 97 92 186 89 98 151 167 13 10 33 44 32 193 200 129 116 156 37 198 9 154 82 85 2 14 133 108 121 154 142 142 124 176 33 68 105 171 118 108 181 21 99 29 70 58 50 112 71 63 99 34 64 12 21 162 72 150 106 143 28 148 17 176 142 99 46 135 106 115 46 34 172 121 36 18 95 109 10 175 28 135 148 140 53 112 62 106 10 58 39 46 184 189 45 157 124 143 85 197 31 19 52 84 117 96 50 173 171 58 122 132 170 43 121 121 191 9 1 69 102 63 42 185 156 97 144 78 94 111 166 102 34 133 50 196 39 52 68 55 154 200 123 170 6 118 56 129 22 8 44 106 33 172 109 167 91 43 162 13 93 4 50 140 2 187 116 30 70 21 143 47 188 78 75 16 175 196 195 43 42 165 195 69 68 144 42 107 200 115 9 194 61 21 42 72 148 146 121 50 176 120 190 123 51 13 2 185 97 95 57 57 91 164 37 116 109 119 176 57 92 109 93 197 96 55 115 133 46 14 38 77 77 79 199 74 78 86 131 104 90 93 17 1 76 11 6 127 28 98 163 50 80 24 79 133 6 81 76 51 137 13 40 41 177 159 136 74 132 27 3 93 110 45 30 48 151 130 116 171 59 145 158 69 39 47 8 21 180 113 83 46 197 58 67 137 40 174 127 189 190 70 150 199 22 73 133 139 30 77 6 114 177 104 177 57 61 65 187 118 137 194 182 51 55 12 46 148 83 189 148 92 30 13 11 16 155 160 26 148 120 184 112 198 152 187 55 46 140 79 21 16 135 139 150 78 183 157 82 148 135 65 4 95 111 142 78 170 19 194 187 182 164 97 64 195 31 110 179 156 139 72 101 18 168 147 13 130 46 61 131 50 157 80 128 110 129 91 80 160 46 28 145 182 74 97 170 66 181 187 1 114 43 12 158 168 178 113 6 80 118 89 138 11 62 98 124 195 134 185 42 124 156 13 141 43 43 84 59 48 192 4 35 14 127 32 179 19 65 116 149 111 178 130 110 108 6 159 131 21 28 45 25 156 34 5 56 167 132 200 160 172 60 190 167 114 70 103 134 157 181 97 103 25 186 49 174 133 33 81 59 23 182 148 66 117 123 9 48 12 191 151 198 138 59 31 96 76 140 147 80 179 23 145 184 93 76 26 180 124 100 64 109 190 160 191 136 182 63 101 141 89 67 194 88 183 59 77 81 125 79 157 9 116 5 34 4 74 13 116 19 66 30 39 138 70 67 3 69 112 8 144 133 168 139 15 195 85 121 98 196 145 89 90 50 46 97 82 125 149 198 146 183 181 24 155 180 26 195 150 8 86 147 13 124 30 5 137 18 111 172 111 29 61 199 1 185 89 139 101 169 180 170 90 178 125 43 104 61 45 29 81 52 107 154 96 47 139 38 175 3 18 35 127 93 51 36 139 196 159 8 98 99 105 124 62 169 28 154 178 9 35 22 193 55 6 82 76 24 11 51 131 38 154 100 128 151 141 91 23 66 65 9 89 179 125 85 83 160 21 14 142 64 200 183 168 174 100 20 83 122 200 165 1 27 89 142 179 111 132 157 127 35 150 177 151 68 181 35 35 162 106 24 109 136 112 98 40 169 103 70 143 118 162 15 130 116 20 3 33 47 163 115 9 100 35 162 96 82 128 118 70 1 112 139 149 120 34 138 21 61 80 105 53 20 145 29 14 170 17 26 144 1 33 66 111 37 19 72 152 117 55 33 147 93 124 38 114 17 6 137 178 7 189 80 147 44 195 194 151 77 48 32 141 81 13 127 21 156 146 191 186 7 70 85 154 66 35 145 57 45 85 131 199 200 15 133 12 68 59 43 107 162 57 185 120 148 39 190 173 19 100 111 11 171 65 165 168 14 94 37 51 14 8 23 57 120 200 22 55 17 19 44 48 135 84 50 137 111 176 117 193 136 27 68 162 139 141 12 127 175 119 147 10 180 12 182 84 12 126 92 59 173 17 181 50 107 140 142 152 119 150 12 85 5 128 22 141 130 2 62 196 21 16 30 15 145 123 199 65 170 64 195 71 133 66 197 121
250
0 0 0 0 0 0 0 0 0 0 0 0 0 0 0 0 0 0 0 0 0 0 0 0 0 0 0 0 0 0 0 0 0 0 0 0 0 0 0 0 0 0 0 0 0 0 0 0 0 0 0 0 0 0 0 0 0 0 0 0 0 0 0 0 0 0 0 0 0 0 0 0 0 0 0 0 0 0 0 0 0 0 0 0 0 0 0 0 0 0 0 0 0 0 0 0 0 0 0 0 0 0 0 0 0 0 0 0 0 0 0 0 0 0 0 0 0 0 0 0 0 0 0 0 0 0 0 0 0 0 0 0 0 0 0 0 0 0 0 0 0 0 0 0 0 0 0 0 0 0 0 0 0 0 0 0 0 0 0 0 0 0 0 0 0 0 0 0 0 0 0 0 0 0 0 0 0 0 0 0 0 0 0 0 0 0 0 0 0 0 0 0 0 0 0 0 0 0 0 0 0 0 0 0 0 0 0 0 0 0 0 0 0 0 0 0 0 0 0 0 0 0 0 0 0 0 0 0 0 0 0 0 0 0 0 0 0 0 0 0 0 0 0 0 0 0 0 0 0 0
115
29 165 86 191 40 135 191 133 198 12 73 161 55 65 38 194 68 189 164 88 91 8 184 20 130 175 186 109 27 74 125 174 133 103 114 56 138 163 126 135 193 199 42 102 190 41 30 16 95 84 199 27 129 134 23 152 97 16 64 114 113 113 173 31 135 199 196 9 23 169 107 160 176 195 180 94 26 53 157 36 182 150 53 119 25 132 39 177 136 90 17 88 145 68 16 171 149 93 121 13 186 147 181 56 56 159 53 131 31 14 31 56 4 148 165
910
0 0 0 0 0 0 0 0 0 0 0 0 0 0 0 0 0 0 0 0 0 0 0 0 0 0 0 0 0 0 0 0 0 0 0 0 0 0 0 0 0 0 0 0 0 0 0 0 0 0 0 0 0 0 0 0 0 0 0 0 0 0 0 0 0 0 0 0 0 0 0 0 0 0 0 0 0 0 0 0 0 0 0 0 0 0 0 0 0 0 0 0 0 0 0 0 0 0 0 0 0 0 0 0 0 0 0 0 0 0 0 0 0 0 0 0 0 0 0 0 0 0 0 0 0 0 0 0 0 0 0 0 0 0 0 0 0 0 0 0 0 0 0 0 0 0 0 0 0 0 0 0 0 0 0 0 0 0 0 0 0 0 0 0 0 0 0 0 0 0 0 0 0 0 0 0 0 0 0 0 0 0 0 0 0 0 0 0 0 0 0 0 0 0 0 0 0 0 0 0 0 0 0 0 0 0 0 0 0 0 0 0 0 0 0 0 0 0 0 0 0 0 0 0 0 0 0 0 0 0 0 0 0 0 0 0 0 0 0 0 0 0 0 0 0 0 0 0 0 0 0 0 0 0 0 0 0 0 0 0 0 0 0 0 0 0 0 0 0 0 0 0 0 0 0 0 0 0 0 0 0 0 0 0 0 0 0 0 0 0 0 0 0 0 0 0 0 0 0 0 0 0 0 0 0 0 0 0 0 0 0 0 0 0 0 0 0 0 0 0 0 0 0 0 0 0 0 0 0 0 0 0 0 0 0 0 0 0 0 0 0 0 0 0 0 0 0 0 0 0 0 0 0 0 0 0 0 0 0 0 0 0 0 0 0 0 0 0 0 0 0 0 0 0 0 0 0 0 0 0 0 0 0 0 0 0 0 0 0 0 0 0 0 0 0 0 0 0 0 0 0 0 0 0 0 0 0 0 0 0 0 0 0 0 0 0 0 0 0 0 0 0 0 0 0 0 0 0 0 0 0 0 0 0 0 0 0 0 0 0 0 0 0 0 0 0 0 0 0 0 0 0 0 0 0 0 0 0 0 0 0 0 0 0 0 0 0 0 0 0 0 0 0 0 0 0 0 0 0 0 0 0 0 0 0 0 0 0 0 0 0 0 0 0 0 0 0 0 0 0 0 0 0 0 0 0 0 0 0 0 0 0 0 0 0 0 0 0 0 0 0 0 0 0 0 0 0 0 0 0 0 0 0 0 0 0 0 0 0 0 0 0 0 0 0 0 0 0 0 0 0 0 0 0 0 0 0 0 0 0 0 0 0 0 0 0 0 0 0 0 0 0 0 0 0 0 0 0 0 0 0 0 0 0 0 0 0 0 0 0 0 0 0 0 0 0 0 0 0 0 0 0 0 0 0 0 0 0 0 0 0 0 0 0 0 0 0 0 0 0 0 0 0 0 0 0 0 0 0 0 0 0 0 0 0 0 0 0 0 0 0 0 0 0 0 0 0 0 0 0 0 0 0 0 0 0 0 0 0 0 0 0 0 0 0 0 0 0 0 0 0 0 0 0 0 0 0 0 0 0 0 0 0 0 0 0 0 0 0 0 0 0 0 0 0 0 0 0 0 0 0 0 0 0 0 0 0 0 0 0 0 0 0 0 0 0 0 0 0 0 0 0 0 0 0 0 0 0 0 0 0 0 0 0 0 0 0 0 0 0 0 0 0 0 0 0 0 0 0 0 0 0 0 0 0 0 0 0 0 0 0 0 0 0 0 0 0 0 0 0 0 0 0 0 0 0 0 0 0 0 0 0 0 0 0 0 0 0 0 0 0 0 0 0 0 0 0 0 0 0 0 0 0 0 0 0 0 0 0 0 0 0 0 0 0 0 0 0 0 0 0 0 0 0 0 0 0 0 0 0 0 0 0 0 0 0 0 0 0 0 0 0 0 0 0 0 0 0 0 0 0 0 0 0 0 0 0 0 0 0 0 0 0 0 0 0 0 0 0 0 0 0 0 0 0 0 0 0 0 0 0 0 0 0 0 0 0 0 0 0 0 0 0 0 0 0 0 0 0 0 0 0 0 0 0 0 0 0 0 0
300
4 10 20 0 15 14 16 19 19 14 19 17 1 20 8 7 12 17 19 13 9 9 19 12 5 5 2 11 17 12 12 1 13 11 10 5 20 0 10 9 9 18 6 1 16 1 14 1 12 13 15 6 20 2 4 8 5 16 1 18 13 1 11 4 10 7 2 2 7 9 19 1 19 19 9 2 3 1 19 4 8 18 0 8 8 4 10 12 7 20 13 3 16 14 4 18 1 9 5 20 2 1 6 19 11 11 1 1 5 2 12 12 13 8 12 14 6 8 7 15 7 9 2 16 9 9 6 7 6 0 19 12 14 9 15 17 1 15 7 15 4 15 2 16 8 12 5 6 1 5 2 7 2 8 15 0 11 16 4 5 6 18 11 7 5 18 20 12 9 17 6 7 14 11 14 12 14 12 1 3 6 13 4 3 20 14 13 16 18 2 18 0 16 4 8 3 11 7 8 5 12 5 5 14 19 10 11 1 10 6 9 10 18 19 18 13 14 11 10 0 14 9 12 1 16 17 3 19 15 13 4 5 20 0 7 8 9 5 20 10 19 19 10 11 17 20 11 20 6 15 17 7 2 3 12 6 17 1 5 7 17 14 6 16 7 12 4 9 14 5 15 12 5 2 12 14 2 7 0 12 13 19 17 11 19 7 4 20 17 10 20 2 17 6 7 10 0 14 2 15
692
0 0 0 0 0 0 0 0 0 0 0 0 0 0 0 0 0 0 0 0 0 0 0 0 0 0 0 0 0 0 0 0 0 0 0 0 0 0 0 0 0 0 0 0 0 0 0 0 0 0 0 0 0 0 0 0 0 0 0 0 0 0 0 0 0 0 0 0 0 0 0 0 0 0 0 0 0 0 0 0 0 0 0 0 0 0 0 0 0 0 0 0 0 0 0 0 0 0 0 0 0 0 0 0 0 0 0 0 0 0 0 0 0 0 0 0 0 0 0 0 0 0 0 0 0 0 0 0 0 0 0 0 0 0 0 0 0 0 0 0 0 0 0 0 0 0 0 0 0 0 0 0 0 0 0 0 0 0 0 0 0 0 0 0 0 0 0 0 0 0 0 0 0 0 0 0 0 0 0 0 0 0 0 0 0 0 0 0 0 0 0 0 0 0 0 0 0 0 0 0 0 0 0 0 0 0 0 0 0 0 0 0 0 0 0 0 0 0 0 0 0 0 0 0 0 0 0 0 0 0 0 0 0 0 0 0 0 0 0 0 0 0 0 0 0 0 0 0 0 0 0 0 0 0 0 0 0 0 0 0 0 0 0 0 0 0 0 0 0 0 0 0 0 0 0 0 0 0 0 0 0 0 0 0 0 0 0 0 0 0 0 0 0 0 0 0 0 0 0 0 0 0 0 0 0 0 0 0 0 0 0 0 0 0 0 0 0 0 0 0 0 0 0 0 0 0 0 0 0 0 0 0 0 0 0 0 0 0 0 0 0 0 0 0 0 0 0 0 0 0 0 0 0 0 0 0 0 0 0 0 0 0 0 0 0 0 0 0 0 0 0 0 0 0 0 0 0 0 0 0 0 0 0 0 0 0 0 0 0 0 0 0 0 0 0 0 0 0 0 0 0 0 0 0 0 0 0 0 0 0 0 0 0 0 0 0 0 0 0 0 0 0 0 0 0 0 0 0 0 0 0 0 0 0 0 0 0 0 0 0 0 0 0 0 0 0 0 0 0 0 0 0 0 0 0 0 0 0 0 0 0 0 0 0 0 0 0 0 0 0 0 0 0 0 0 0 0 0 0 0 0 0 0 0 0 0 0 0 0 0 0 0 0 0 0 0 0 0 0 0 0 0 0 0 0 0 0 0 0 0 0 0 0 0 0 0 0 0 0 0 0 0 0 0 0 0 0 0 0 0 0 0 0 0 0 0 0 0 0 0 0 0 0 0 0 0 0 0 0 0 0 0 0 0 0 0 0 0 0 0 0 0 0 0 0 0 0 0 0 0 0 0 0 0 0 0 0 0 0 0 0 0 0 0 0 0 0 0 0 0 0 0 0 0 0 0 0 0 0 0 0 0 0 0 0 0 0 0 0 0 0 0 0 0 0 0 0 0 0 0 0 0 0 0 0 0 0 0 0 0 0 0 0 0 0 0 0 0 0 0 0 0 0 0 0 0 0 0 0 0 0 0 0 0 0 0 0 0 0 0 0 0 0 0 0 0 0 0 0 0 0 0 0 0 0 0 0 0 0 0 0 0 0 0 0 0 0 0 0 0 0 0
429
0 200 100 112 76 58 93 119 119 62 85 73 60 118 86 89 65 120 86 94 89 56 69 100 115 84 87 57 65 82 107 64 109 84 113 72 92 89 83 88 97 59 106 106 64 87 109 53 95 80 109 117 113 82 94 80 71 69 80 110 68 110 73 112 54 76 107 82 70 107 60 65 85 87 114 71 85 100 84 77 69 74 54 63 87 50 120 102 100 116 101 70 61 64 56 69 115 84 68 113 71 69 101 51 67 78 60 107 66 99 86 100 53 112 118 89 118 75 118 116 54 82 110 57 90 75 118 115 75 100 109 60 65 102 107 60 76 102 89 70 117 51 105 74 63 66 90 102 103 106 94 55 86 100 89 66 116 54 89 119 120 120 75 59 70 89 71 109 98 101 96 118 89 114 120 87 96 103 84 51 76 105 72 62 112 57 119 74 103 92 120 99 119 60 97 77 103 120 70 61 61 102 109 60 77 68 103 114 60 88 66 61 82 97 56 68 85 56 116 100 72 80 115 115 60 56 111 113 79 115 110 66 102 75 119 101 76 95 100 114 67 92 99 117 74 97 111 93 76 58 90 85 62 107 95 118 98 109 96 87 65 51 89 69 87 82 51 117 61 106 87 58 93 51 72 106 92 120 86 106 68 90 59 84 91 116 55 96 56 106 117 118 97 68 105 71 64 53 98 76 61 58 104 86 74 100 66 101 100 76 116 56 55 50 61 80 69 83 117 86 91 57 114 78 101 113 78 83 61 101 67 102 81 118 88 57 114 105 76 54 119 57 110 115 66 75 79 66 95 76 98 88 103 91 119 60 56 108 114 120 61 94 114 63 70 88 119 100 111 100 89 98 79 108 116 85 90 75 118 117 78 112 78 92 50 87 50 63 67 119 83 50 85 60 118 63 81 99 119 67 55 87 51 112 90 74 50 81 116 84 86 99 113 85 54 80 87 116 101 77 50 63 104 80 56 57 70 114 200
344
200 200 200 200 200 200 200 200 200 200 200 200 200 200 200 200 200 200 200 200 200 200 200 200 200 200 200 200 200 200 200 200 200 200 200 200 200 200 200 200 200 200 200 200 200 200 200 200 200 200 200 200 200 200 200 200 200 200 200 200 200 200 200 200 200 200 200 200 200 200 200 200 200 200 200 200 200 200 200 200 200 200 200 200 200 200 200 200 200 200 200 200 200 200 200 200 200 200 200 200 200 200 200 200 200 200 200 200 200 200 200 200 200 200 200 200 200 200 200 200 200 200 200 200 200 200 200 200 200 200 200 200 200 200 200 200 200 200 200 200 200 200 200 200 200 200 200 200 200 200 200 200 200 200 200 200 200 200 200 200 200 200 200 200 200 200 200 200 200 200 200 200 200 200 200 200 200 200 200 200 200 200 200 200 200 200 200 200 200 200 200 200 200 200 200 200 200 200 200 200 200 200 200 200 200 200 200 200 200 200 200 200 200 200 200 200 200 200 200 200 200 200 200 200 200 200 200 200 200 200 200 200 200 200 200 200 200 200 200 200 200 200 200 200 200 200 200 200 200 200 200 200 200 200 200 200 200 200 200 200 200 200 200 200 200 200 200 200 200 200 200 200 200 200 200 200 200 200 200 200 200 200 200 200 200 200 200 200 200 200 200 200 200 200 200 200 200 200 200 200 200 200 200 200 200 200 200 200 200 200 200 200 200 200 200 200 200 200 200 200 200 200 200 200 200 200 200 200 200 200 200 200 200 200 200 200 200 200 200 200 200 200 200 200
101
5 16 6 19 0 18 16 20 0 17 7 13 3 9 5 14 6 17 1 20 12 2 7 19 1 20 17 0 6 17 18 0 4 5 4 5 17 9 14 3 18 11 9 14 17 17 9 2 2 12 1 1 12 4 11 14 10 17 5 0 6 16 17 13 20 2 20 3 18 13 19 19 4 12 18 6 15 20 7 18 20 11 3 19 9 17 15 18 4 2 13 19 11 20 9 14 10 13 13 1 1
862
0 200 55 69 96 54 69 56 110 87 94 98 112 105 82 65 73 120 84 88 58 101 87 66 117 94 60 50 58 74 75 80 91 66 96 87 111 103 76 76 116 57 96 108 80 118 106 98 68 74 70 101 93 76 108 80 62 73 62 57 51 90 90 69 89 88 82 106 97 97 90 72 50 84 107 56 119 67 71 120 55 90 86 61 54 64 65 50 96 78 108 82 94 96 60 65 91 50 61 107 101 57 72 79 99 66 81 99 50 86 72 101 67 73 106 86 50 52 51 119 73 60 98 114 110 104 50 99 115 86 51 56 81 61 109 52 88 56 67 114 85 92 108 69 71 99 55 115 95 120 99 60 108 86 105 87 59 70 85 67 89 111 100 69 70 102 91 81 84 50 110 107 97 73 116 56 95 107 74 51 118 84 107 57 65 84 88 89 56 114 81 97 112 62 81 112 109 100 120 88 69 109 114 93 74 112 70 94 65 64 52 84 78 53 65 88 116 74 101 103 84 79 64 54 62 106 110 115 63 98 60 52 89 65 108 101 71 119 52 111 110 87 63 120 51 89 78 120 55 84 83 84 89 113 83 112 78 107 105 64 90 95 93 60 112 61 92 67 65 108 84 119 76 118 80 93 84 84 64 90 57 109 98 87 70 105 83 61 109 91 53 80 86 81 106 65 118 109 84 85 53 100 89 93 57 86 120 55 115 85 68 96 79 95 106 114 50 104 120 75 88 78 61 88 82 71 76 81 81 82 119 96 84 72 81 112 77 53 91 71 67 97 87 98 104 67 97 108 94 67 91 55 93 91 108 111 103 86 58 102 72 55 93 53 61 64 96 59 68 91 50 83 109 61 117 54 66 102 79 105 102 103 99 95 68 57 120 110 64 59 83 93 118 110 62 68 91 83 51 86 104 67 50 80 109 78 92 107 115 70 86 72 112 87 63 76 89 55 90 74 60 78 90 60 112 113 54 66 62 120 96 105 99 77 113 65 108 61 99 74 79 57 74 55 70 112 63 98 98 68 87 78 118 60 111 120 70 78 89 85 51 60 103 98 58 103 120 101 114 116 83 86 115 77 96 72 65 114 103 75 53 73 99 101 96 73 84 101 92 62 71 81 99 91 55 117 109 55 91 75 96 57 103 114 111 90 116 68 76 72 84 91 51 87 98 76 106 89 60 104 113 113 55 64 58 76 101 71 50 97 107 71 83 103 82 113 76 88 59 117 96 119 90 93 52 116 51 112 80 109 54 77 68 94 104 111 112 117 99 119 101 81 77 113 78 85 55 112 53 84 53 94 52 55 95 79 78 52 94 81 118 59 73 115 55 116 57 113 91 60 78 55 113 68 103 72 102 109 67 57 77 85 91 55 66 85 81 68 99 86 66 90 71 79 107 113 98 94 75 99 114 91 61 88 107 81 105 99 85 95 53 104 55 84 79 100 100 91 93 62 95 97 108 83 105 88 50 56 88 50 71 57 119 65 91 65 75 95 70 100 94 110 107 112 95 60 96 103 67 89 74 54 64 62 75 74 92 87 117 68 61 82 97 69 86 50 99 50 73 58 91 91 59 91 114 79 100 117 85 50 55 55 65 82 74 106 83 86 75 66 83 109 54 53 60 78 76 80 94 112 57 68 119 61 65 79 116 61 119 118 108 120 102 103 76 106 113 59 88 58 75 111 76 55 115 90 90 53 62 61 62 84 78 98 70 118 115 52 85 100 71 117 64 94 75 117 93 93 50 106 51 67 118 91 97 60 70 59 98 51 98 70 103 72 66 68 67 89 120 76 89 51 87 86 52 71 74 109 111 60 91 89 114 92 70 118 111 98 54 79 109 59 89 77 69 90 75 112 92 52 108 120 60 115 72 70 90 107 56 115 71 59 92 65 82 58 96 113 103 95 55 64 81 58 58 69 99 50 104 71 74 118 78 80 78 51 58 100 80 51 50 200
905
200 200 200 200 200 200 200 200 200 200 200 200 200 200 200 200 200 200 200 200 200 200 200 200 200 200 200 200 200 200 200 200 200 200 200 200 200 200 200 200 200 200 200 200 200 200 200 200 200 200 200 200 200 200 200 200 200 200 200 200 200 200 200 200 200 200 200 200 200 200 200 200 200 200 200 200 200 200 200 200 200 200 200 200 200 200 200 200 200 200 200 200 200 200 200 200 200 200 200 200 200 200 200 200 200 200 200 200 200 200 200 200 200 200 200 200 200 200 200 200 200 200 200 200 200 200 200 200 200 200 200 200 200 200 200 200 200 200 200 200 200 200 200 200 200 200 200 200 200 200 200 200 200 200 200 200 200 200 200 200 200 200 200 200 200 200 200 200 200 200 200 200 200 200 200 200 200 200 200 200 200 200 200 200 200 200 200 200 200 200 200 200 200 200 200 200 200 200 200 200 200 200 200 200 200 200 200 200 200 200 200 200 200 200 200 200 200 200 200 200 200 200 200 200 200 200 200 200 200 200 200 200 200 200 200 200 200 200 200 200 200 200 200 200 200 200 200 200 200 200 200 200 200 200 200 200 200 200 200 200 200 200 200 200 200 200 200 200 200 200 200 200 200 200 200 200 200 200 200 200 200 200 200 200 200 200 200 200 200 200 200 200 200 200 200 200 200 200 200 200 200 200 200 200 200 200 200 200 200 200 200 200 200 200 200 200 200 200 200 200 200 200 200 200 200 200 200 200 200 200 200 200 200 200 200 200 200 200 200 200 200 200 200 200 200 200 200 200 200 200 200 200 200 200 200 200 200 200 200 200 200 200 200 200 200 200 200 200 200 200 200 200 200 200 200 200 200 200 200 200 200 200 200 200 200 200 200 200 200 200 200 200 200 200 200 200 200 200 200 200 200 200 200 200 200 200 200 200 200 200 200 200 200 200 200 200 200 200 200 200 200 200 200 200 200 200 200 200 200 200 200 200 200 200 200 200 200 200 200 200 200 200 200 200 200 200 200 200 200 200 200 200 200 200 200 200 200 200 200 200 200 200 200 200 200 200 200 200 200 200 200 200 200 200 200 200 200 200 200 200 200 200 200 200 200 200 200 200 200 200 200 200 200 200 200 200 200 200 200 200 200 200 200 200 200 200 200 200 200 200 200 200 200 200 200 200 200 200 200 200 200 200 200 200 200 200 200 200 200 200 200 200 200 200 200 200 200 200 200 200 200 200 200 200 200 200 200 200 200 200 200 200 200 200 200 200 200 200 200 200 200 200 200 200 200 200 200 200 200 200 200 200 200 200 200 200 200 200 200 200 200 200 200 200 200 200 200 200 200 200 200 200 200 200 200 200 200 200 200 200 200 200 200 200 200 200 200 200 200 200 200 200 200 200 200 200 200 200 200 200 200 200 200 200 200 200 200 200 200 200 200 200 200 200 200 200 200 200 200 200 200 200 200 200 200 200 200 200 200 200 200 200 200 200 200 200 200 200 200 200 200 200 200 200 200 200 200 200 200 200 200 200 200 200 200 200 200 200 200 200 200 200 200 200 200 200 200 200 200 200 200 200 200 200 200 200 200 200 200 200 200 200 200 200 200 200 200 200 200 200 200 200 200 200 200 200 200 200 200 200 200 200 200 200 200 200 200 200 200 200 200 200 200 200 200 200 200 200 200 200 200 200 200 200 200 200 200 200 200 200 200 200 200 200 200 200 200 200 200 200 200 200 200 200 200 200 200 200 200 200 200 200 200 200 200 200 200 200 200 200 200 200 200 200 200 200 200 200 200 200 200 200 200 200 200 200 200 200 200 200 200 200 200 200 200 200 200 200 200 200 200 200 200 200 200 200 200 200 200 200 200 200 200 200 200 200 200 200 200 200 200 200 200 200 200 200 200 200 200 200 200 200 200 200 200 200 200 200 200 200 200 200 200 200 200 200 200 200 200 200 200 200 200 200 200 200 200 200 200 200 200 200 200 200 200 200 200 200 200 200 200 200 200 200 200 200 200 200 200 200 200 200 200 200 200 200 200 200 200 200 200 200 200 200 200
953
0 200 61 77 115 117 102 110 86 97 109 102 119 57 108 111 62 96 52 80 82 61 69 99 93 114 105 55 97 87 87 62 119 103 81 113 79 97 77 102 97 79 99 95 92 84 90 95 57 84 104 85 86 55 52 112 51 94 70 94 66 56 99 76 115 73 108 110 67 86 84 93 102 52 89 101 64 67 87 61 99 67 97 102 105 96 64 117 112 63 73 54 85 95 116 52 76 55 103 119 105 53 77 52 79 63 119 110 80 111 86 54 69 78 115 108 55 67 114 62 114 91 54 93 88 117 85 53 118 53 90 85 74 104 79 61 67 59 89 53 112 112 102 65 85 98 107 84 96 113 83 91 115 103 89 67 95 101 63 113 64 100 76 81 109 98 63 92 81 95 55 52 112 54 84 111 80 84 104 75 69 82 74 108 98 77 92 84 70 89 51 110 65 56 102 70 101 112 82 79 112 105 88 114 89 111 102 87 81 74 97 78 64 67 93 94 81 83 98 70 51 87 57 104 90 110 60 119 91 102 82 77 77 100 92 53 63 66 116 80 56 74 90 86 109 72 67 52 119 86 58 114 80 102 84 104 111 99 89 100 72 67 94 98 63 89 65 98 118 58 114 95 100 103 88 107 53 81 61 60 57 117 110 92 110 93 109 55 57 81 112 112 110 116 94 117 59 76 78 94 120 60 113 54 112 86 54 97 76 114 99 50 104 57 99 58 60 70 81 69 103 74 100 57 99 63 61 56 112 119 95 84 55 54 67 99 89 78 57 105 105 81 73 71 67 108 84 100 90 91 54 72 55 63 115 78 102 94 53 93 96 114 58 103 71 68 82 118 83 56 78 83 68 75 86 71 72 93 101 97 101 61 116 50 105 50 84 120 50 106 58 70 84 102 82 109 60 117 120 87 60 71 82 55 91 110 103 98 77 86 62 86 56 64 97 104 103 66 116 113 103 65 91 91 87 103 65 86 67 92 100 92 93 82 62 94 51 87 78 83 120 56 99 55 67 99 72 55 118 50 70 51 96 97 55 81 99 66 114 57 59 78 120 95 52 79 72 72 58 79 114 109 100 69 98 98 107 118 117 89 100 91 60 79 52 104 62 81 52 76 79 98 66 81 53 69 120 90 101 120 80 67 96 116 82 72 120 95 119 88 77 109 90 80 103 83 68 58 67 113 70 78 74 73 52 66 60 103 101 60 55 116 84 99 53 79 74 89 118 52 113 78 104 120 67 83 87 119 113 117 115 69 55 68 54 113 50 102 75 106 56 110 63 95 53 63 84 71 98 76 89 74 115 114 113 52 90 58 89 96 94 104 109 53 57 85 110 90 64 72 111 51 74 98 110 72 62 120 115 93 113 54 98 87 68 71 60 95 107 60 108 102 54 59 105 58 51 70 104 52 105 80 58 107 107 106 74 85 91 106 100 59 54 108 118 69 93 104 91 75 51 85 111 120 81 75 99 105 78 119 53 109 93 92 54 55 60 68 108 119 100 89 104 54 64 108 94 117 86 68 119 63 58 74 79 101 100 98 109 94 97 79 107 98 72 112 102 115 78 51 58 98 50 59 101 82 95 66 107 96 106 53 119 86 63 81 88 81 98 76 91 57 117 105 110 103 61 53 102 75 67 59 61 84 104 89 96 65 106 99 83 79 120 85 103 107 102 110 86 110 62 119 62 54 52 100 90 116 109 120 97 118 62 103 112 86 113 57 105 110 104 69 107 75 118 64 56 90 75 106 120 78 72 117 54 58 63 80 119 66 72 114 112 86 90 52 107 55 116 54 60 72 79 58 113 119 62 59 106 59 103 89 80 106 75 75 118 95 63 51 90 119 67 69 83 54 108 105 78 87 105 77 99 116 92 87 86 108 108 88 104 87 80 80 114 54 105 54 57 109 71 97 54 120 106 113 95 107 110 68 117 116 92 102 110 70 103 101 77 52 100 79 86 84 93 90 76 105 94 94 53 110 110 87 83 83 57 120 51 96 98 120 116 118 84 118 60 57 77 88 114 87 79 66 106 90 60 68 88 53 58 98 104 99 64 54 76 62 96 97 119 111 105 56 99 108 57 62 66 100 98 61 75 86 74 95 95 79 81 108 118 99 115 73 100 66 87 115 113 60 64 51 62 58 77 50 118 115 57 60 97 93 200
898
0 0 0 0 0 0 0 0 0 0 0 0 0 0 0 0 0 0 0 0 0 0 0 0 0 0 0 0 0 0 0 0 0 0 0 0 0 0 0 0 0 0 0 0 0 0 0 0 0 0 0 0 0 0 0 0 0 0 0 0 0 0 0 0 0 0 0 0 0 0 0 0 0 0 0 0 0 0 0 0 0 0 0 0 0 0 0 0 0 0 0 0 0 0 0 0 0 0 0 0 0 0 0 0 0 0 0 0 0 0 0 0 0 0 0 0 0 0 0 0 0 0 0 0 0 0 0 0 0 0 0 0 0 0 0 0 0 0 0 0 0 0 0 0 0 0 0 0 0 0 0 0 0 0 0 0 0 0 0 0 0 0 0 0 0 0 0 0 0 0 0 0 0 0 0 0 0 0 0 0 0 0 0 0 0 0 0 0 0 0 0 0 0 0 0 0 0 0 0 0 0 0 0 0 0 0 0 0 0 0 0 0 0 0 0 0 0 0 0 0 0 0 0 0 0 0 0 0 0 0 0 0 0 0 0 0 0 0 0 0 0 0 0 0 0 0 0 0 0 0 0 0 0 0 0 0 0 0 0 0 0 0 0 0 0 0 0 0 0 0 0 0 0 0 0 0 0 0 0 0 0 0 0 0 0 0 0 0 0 0 0 0 0 0 0 0 0 0 0 0 0 0 0 0 0 0 0 0 0 0 0 0 0 0 0 0 0 0 0 0 0 0 0 0 0 0 0 0 0 0 0 0 0 0 0 0 0 0 0 0 0 0 0 0 0 0 0 0 0 0 0 0 0 0 0 0 0 0 0 0 0 0 0 0 0 0 0 0 0 0 0 0 0 0 0 0 0 0 0 0 0 0 0 0 0 0 0 0 0 0 0 0 0 0 0 0 0 0 0 0 0 0 0 0 0 0 0 0 0 0 0 0 0 0 0 0 0 0 0 0 0 0 0 0 0 0 0 0 0 0 0 0 0 0 0 0 0 0 0 0 0 0 0 0 0 0 0 0 0 0 0 0 0 0 0 0 0 0 0 0 0 0 0 0 0 0 0 0 0 0 0 0 0 0 0 0 0 0 0 0 0 0 0 0 0 0 0 0 0 0 0 0 0 0 0 0 0 0 0 0 0 0 0 0 0 0 0 0 0 0 0 0 0 0 0 0 0 0 0 0 0 0 0 0 0 0 0 0 0 0 0 0 0 0 0 0 0 0 0 0 0 0 0 0 0 0 0 0 0 0 0 0 0 0 0 0 0 0 0 0 0 0 0 0 0 0 0 0 0 0 0 0 0 0 0 0 0 0 0 0 0 0 0 0 0 0 0 0 0 0 0 0 0 0 0 0 0 0 0 0 0 0 0 0 0 0 0 0 0 0 0 0 0 0 0 0 0 0 0 0 0 0 0 0 0 0 0 0 0 0 0 0 0 0 0 0 0 0 0 0 0 0 0 0 0 0 0 0 0 0 0 0 0 0 0 0 0 0 0 0 0 0 0 0 0 0 0 0 0 0 0 0 0 0 0 0 0 0 0 0 0 0 0 0 0 0 0 0 0 0 0 0 0 0 0 0 0 0 0 0 0 0 0 0 0 0 0 0 0 0 0 0 0 0 0 0 0 0 0 0 0 0 0 0 0 0 0 0 0 0 0 0 0 0 0 0 0 0 0 0 0 0 0 0 0 0 0 0 0 0 0 0 0 0 0 0 0 0 0 0 0 0 0 0 0 0 0 0 0 0 0 0 0 0 0 0 0 0 0 0 0 0 0 0 0 0 0 0 0 0 0 0 0 0 0 0 0 0 0 0 0 0 0 0 0 0 0 0 0 0 0 0 0 0 0 0 0 0 0 0 0 0 0 0 0 0 0 0 0 0 0 0 0 0 0 0 0 0 0 0 0 0 0 0 0 0 0 0 0 0 0 0 0 0 0 0 0 0 0 0 0 0 0 0 0 0 0 0 0 0 0 0 0 0 0 0 0 0 0 0 0 0 0 0 0 0 0 0 0 0 0 0 0 0 0 0 0 0
9
0 0 0 0 0 0 0 0 0
980
16 18 11 13 10 9 6 6 9 164 20 150 2 19 14 0 14 17 7 9 6 13 10 9 1 6 163 14 4 20 183 0 20 190 152 2 14 11 169 8 10 6 6 8 9 5 2 192 0 162 16 11 198 9 19 3 16 16 15 11 2 14 178 184 16 4 15 173 3 7 17 12 9 16 17 6 7 17 170 8 15 4 15 155 181 19 2 17 12 188 14 1 9 17 2 7 162 7 7 4 9 8 15 189 20 12 9 20 186 17 14 16 6 3 151 7 200 3 187 2 8 165 195 17 19 1 161 11 1 183 15 18 4 11 168 9 6 3 5 8 18 3 12 20 1 10 14 179 177 7 11 12 176 13 19 4 20 17 1 6 194 15 11 5 190 12 17 182 15 1 6 5 13 160 194 0 12 18 19 18 18 161 10 12 6 11 188 186 11 7 17 20 13 9 8 151 0 10 7 20 1 12 13 11 184 6 16 14 11 19 169 18 154 1 10 5 15 17 17 19 19 11 2 196 197 18 12 5 11 1 20 9 189 1 7 1 3 13 15 3 0 4 7 9 14 12 20 20 8 0 2 200 179 157 16 7 17 8 156 20 20 3 13 10 193 198 9 175 4 1 17 17 14 16 6 7 0 5 8 191 18 11 5 181 19 153 17 167 157 16 20 5 198 190 6 192 4 12 9 2 10 15 8 16 4 2 195 9 7 154 4 3 187 6 14 8 19 17 2 18 10 14 6 12 0 188 6 8 1 198 3 3 4 14 5 17 19 157 12 3 19 19 17 9 1 15 16 4 19 20 12 155 5 1 0 183 20 6 16 5 191 172 1 9 19 6 6 175 190 195 15 178 18 187 152 18 15 20 5 18 181 12 150 199 3 3 10 13 20 9 165 10 174 2 1 164 11 0 199 5 12 16 10 152 20 193 20 11 12 9 18 1 9 14 4 16 0 16 16 177 9 17 173 6 5 172 11 4 180 10 0 6 0 11 190 194 14 1 12 5 10 2 150 14 195 185 2 16 19 10 3 8 161 9 178 191 9 0 161 155 9 151 4 189 169 171 15 10 15 183 14 6 6 8 183 3 5 10 7 176 19 9 4 20 5 154 20 14 165 187 1 14 6 17 18 15 6 9 1 19 151 20 16 8 188 11 9 159 11 6 14 12 4 13 5 183 170 17 8 185 168 19 0 16 10 14 6 9 12 14 9 14 4 14 5 175 199 9 165 16 188 4 18 10 6 20 11 14 17 7 14 170 6 177 16 6 6 7 150 158 171 8 20 11 18 17 16 1 15 13 16 18 11 9 14 4 20 158 20 159 200 8 7 12 19 12 16 11 3 12 7 4 19 2 171 20 2 1 0 16 2 0 9 196 0 18 156 9 1 197 16 4 11 160 10 16 3 7 1 17 18 1 5 11 1 200 13 8 20 9 20 1 167 6 12 0 19 19 8 1 3 181 18 7 2 20 0 19 177 175 15 4 3 10 16 12 3 20 1 5 15 200 162 18 5 5 12 11 161 156 3 13 17 13 12 8 16 17 7 4 13 18 152 157 12 155 11 16 0 4 3 153 192 17 5 0 153 4 1 4 9 170 0 4 14 192 164 8 5 6 200 6 19 157 7 9 8 18 19 15 1 197 14 4 3 157 8 4 12 2 19 5 3 10 7 10 14 12 12 3 195 200 7 7 171 1 7 16 14 176 20 9 2 17 15 7 195 20 8 14 8 154 17 10 20 16 14 17 18 20 8 3 5 10 1 17 17 5 173 10 18 9 11 7 10 20 7 154 3 11 4 14 173 5 178 13 193 14 10 18 0 17 152 2 186 20 0 4 9 8 16 13 6 4 18 17 20 11 20 1 3 12 3 11 196 2 7 11 173 173 14 0 4 13 8 1 154 18 5 11 174 9 15 9 20 0 13 18 12 9 6 179 11 14 17 5 18 7 2 8 5 1 3 151 159 14 1 6 1 170 6 165 15 6 0 4 2 4 1 2 163 18 17 7 8 15 16 8 190 19 3 11 13 157 1 4 197 3 7 5 193 9 7 19 15 0 14 9 153 20 196 12 6 12 8 172 8 4 3 17 4 8 7 198 11 199 5 18 11 8 168 17 4 0 12 16 200 12 12 12 7 11 14 5 20 3 18 3 11 5 13 10 164 10 11 14 7 14 6 8 19 18 4 20 200 3 9 11 16 15 7 6 12 16 154 14 1 2 11 12
3
0 200 200
626
0 0 0 0 0 0 0 0 0 0 0 0 0 0 0 0 0 0 0 0 0 0 0 0 0 0 0 0 0 0 0 0 0 0 0 0 0 0 0 0 0 0 0 0 0 0 0 0 0 0 0 0 0 0 0 0 0 0 0 0 0 0 0 0 0 0 0 0 0 0 0 0 0 0 0 0 0 0 0 0 0 0 0 0 0 0 0 0 0 0 0 0 0 0 0 0 0 0 0 0 0 0 0 0 0 0 0 0 0 0 0 0 0 0 0 0 0 0 0 0 0 0 0 0 0 0 0 0 0 0 0 0 0 0 0 0 0 0 0 0 0 0 0 0 0 0 0 0 0 0 0 0 0 0 0 0 0 0 0 0 0 0 0 0 0 0 0 0 0 0 0 0 0 0 0 0 0 0 0 0 0 0 0 0 0 0 0 0 0 0 0 0 0 0 0 0 0 0 0 0 0 0 0 0 0 0 0 0 0 0 0 0 0 0 0 0 0 0 0 0 0 0 0 0 0 0 0 0 0 0 0 0 0 0 0 0 0 0 0 0 0 0 0 0 0 0 0 0 0 0 0 0 0 0 0 0 0 0 0 0 0 0 0 0 0 0 0 0 0 0 0 0 0 0 0 0 0 0 0 0 0 0 0 0 0 0 0 0 0 0 0 0 0 0 0 0 0 0 0 0 0 0 0 0 0 0 0 0 0 0 0 0 0 0 0 0 0 0 0 0 0 0 0 0 0 0 0 0 0 0 0 0 0 0 0 0 0 0 0 0 0 0 0 0 0 0 0 0 0 0 0 0 0 0 0 0 0 0 0 0 0 0 0 0 0 0 0 0 0 0 0 0 0 0 0 0 0 0 0 0 0 0 0 0 0 0 0 0 0 0 0 0 0 0 0 0 0 0 0 0 0 0 0 0 0 0 0 0 0 0 0 0 0 0 0 0 0 0 0 0 0 0 0 0 0 0 0 0 0 0 0 0 0 0 0 0 0 0 0 0 0 0 0 0 0 0 0 0 0 0 0 0 0 0 0 0 0 0 0 0 0 0 0 0 0 0 0 0 0 0 0 0 0 0 0 0 0 0 0 0 0 0 0 0 0 0 0 0 0 0 0 0 0 0 0 0 0 0 0 0 0 0 0 0 0 0 0 0 0 0 0 0 0 0 0 0 0 0 0 0 0 0 0 0 0 0 0 0 0 0 0 0 0 0 0 0 0 0 0 0 0 0 0 0 0 0 0 0 0 0 0 0 0 0 0 0 0 0 0 0 0 0 0 0 0 0 0 0 0 0 0 0 0 0 0 0 0 0 0 0 0 0 0 0 0 0 0 0 0 0 0 0 0 0 0 0 0 0 0 0 0 0 0 0 0 0 0 0 0 0 0 0 0 0 0 0 0 0 0 0 0 0 0 0 0 0
716
3 20 11 176 197 2 8 20 13 5 3 10 192 13 9 8 7 163 14 161 13 19 13 7 16 20 3 16 20 4 8 12 196 189 18 13 192 171 180 11 3 186 18 17 8 15 11 6 17 8 1 20 17 2 4 155 3 9 10 2 161 154 13 8 17 4 2 2 6 1 9 9 158 0 14 8 13 6 19 5 189 13 9 16 194 3 13 6 20 162 186 12 185 9 176 18 17 6 200 153 3 156 1 0 184 14 200 4 19 174 9 14 14 15 1 9 19 11 11 182 5 161 7 3 9 6 19 168 1 3 14 2 10 2 20 11 19 184 8 0 11 197 19 1 18 2 17 0 159 10 14 17 158 8 8 179 16 0 10 0 16 4 159 17 14 6 9 167 3 6 5 167 13 2 6 13 3 161 0 7 14 7 16 10 0 10 8 14 15 2 176 4 4 156 175 10 15 18 152 5 7 199 4 2 8 10 4 10 14 183 11 8 1 4 0 9 7 9 18 4 14 8 1 5 179 9 8 17 3 17 18 197 12 160 168 155 5 166 12 2 160 11 18 10 19 6 8 16 8 5 1 12 0 3 20 17 184 8 6 19 165 175 3 15 4 9 9 7 12 13 13 3 16 169 169 199 15 9 10 3 16 17 14 15 6 5 13 1 11 167 18 5 0 12 6 11 0 15 16 13 181 154 161 15 11 10 6 191 6 12 6 7 1 9 161 4 0 17 0 164 12 159 18 20 173 1 11 151 4 18 11 13 18 10 155 8 18 200 3 10 19 18 7 181 6 163 14 5 6 20 20 3 11 19 8 179 7 1 19 14 169 0 0 18 197 12 173 17 11 5 17 193 0 13 154 4 19 1 190 4 12 171 184 19 4 10 174 18 9 160 0 19 1 176 1 190 2 3 4 160 18 198 0 7 11 15 4 17 9 3 2 155 16 20 15 8 20 13 2 186 0 4 2 17 13 14 0 7 9 8 16 9 2 199 11 13 9 3 19 8 12 9 16 4 0 174 4 3 10 9 5 2 19 6 1 19 19 188 8 16 20 184 14 4 19 4 19 184 185 2 17 14 20 5 8 161 4 0 10 1 10 3 179 179 8 178 13 11 19 10 17 7 171 7 2 13 15 20 3 19 14 1 9 173 17 4 154 16 15 7 3 14 13 6 17 14 1 3 3 12 155 1 11 13 2 5 5 160 4 12 16 19 12 197 9 10 8 153 9 7 4 194 18 1 6 12 9 7 18 0 12 169 19 11 15 4 16 11 2 12 151 19 14 181 179 0 11 7 3 19 20 188 9 10 12 191 5 17 179 4 7 1 161 18 17 12 1 10 6 156 20 152 17 187 9 159 4 185 13 179 7 11 3 14 185 200 7 16 11 150 0 0 11 2 19 17 171 5 164 3 6 6 13 197 10 7 11 6 17 181 14 5 14 8 9 3 13 13 4 20 11 10 2 166 20 8 162 18 7 10 16 159 1 20 9 0 19 0 189 8 4 6 0 10 156 19 193 17 10 4 18 9 3 194 6 0 16 5 1 173 15 5 8 14 161 18 8 156 13 1 190 0 2 2 188 198 4 14 18 10 168 9 12 19 157 188 14 9 7 151 186 12 16 2 0 20
37
4 3 14 2 20 9 9 4 4 7 17 3 6 7 11 6 10 5 15 13 8 20 20 15 0 12 3 2 9 18 4 20 2 11 1 16 11
390
0 0 0 0 0 0 0 0 0 0 0 0 0 0 0 0 0 0 0 0 0 0 0 0 0 0 0 0 0 0 0 0 0 0 0 0 0 0 0 0 0 0 0 0 0 0 0 0 0 0 0 0 0 0 0 0 0 0 0 0 0 0 0 0 0 0 0 0 0 0 0 0 0 0 0 0 0 0 0 0 0 0 0 0 0 0 0 0 0 0 0 0 0 0 0 0 0 0 0 0 0 0 0 0 0 0 0 0 0 0 0 0 0 0 0 0 0 0 0 0 0 0 0 0 0 0 0 0 0 0 0 0 0 0 0 0 0 0 0 0 0 0 0 0 0 0 0 0 0 0 0 0 0 0 0 0 0 0 0 0 0 0 0 0 0 0 0 0 0 0 0 0 0 0 0 0 0 0 0 0 0 0 0 0 0 0 0 0 0 0 0 0 0 0 0 0 0 0 0 0 0 0 0 0 0 0 0 0 0 0 0 0 0 0 0 0 0 0 0 0 0 0 0 0 0 0 0 0 0 0 0 0 0 0 0 0 0 0 0 0 0 0 0 0 0 0 0 0 0 0 0 0 0 0 0 0 0 0 0 0 0 0 0 0 0 0 0 0 0 0 0 0 0 0 0 0 0 0 0 0 0 0 0 0 0 0 0 0 0 0 0 0 0 0 0 0 0 0 0 0 0 0 0 0 0 0 0 0 0 0 0 0 0 0 0 0 0 0 0 0 0 0 0 0 0 0 0 0 0 0 0 0 0 0 0 0 0 0 0 0 0 0 0 0 0 0 0 0 0 0 0 0 0 0 0 0 0 0 0 0 0 0 0 0 0 0 0 0 0 0 0 0 0 0 0 0 0 0 0 0 0 0 0 0 0 0 0 0 0 0
392
0 200 77 96 93 108 110 93 79 106 118 115 78 90 61 98 67 66 94 113 53 51 62 120 83 56 75 67 99 102 102 57 51 70 105 62 107 116 88 77 104 72 100 57 60 82 91 63 57 74 60 108 115 97 68 107 108 84 96 73 112 81 67 78 66 51 89 60 119 111 67 73 73 78 91 72 88 68 58 118 50 111 83 57 61 65 53 111 111 54 93 119 103 56 79 111 99 115 99 84 68 82 81 113 56 66 118 53 109 84 50 90 120 120 85 92 63 70 77 75 95 112 91 94 50 53 84 71 55 104 114 67 73 85 99 78 89 68 56 115 65 87 97 111 69 84 57 61 99 96 105 53 54 119 84 64 55 57 88 93 58 50 53 85 95 120 72 70 58 54 80 97 117 77 103 106 94 80 73 106 83 113 101 64 116 55 65 87 73 81 74 66 58 103 73 113 112 70 58 117 68 104 65 89 87 87 104 86 83 107 60 56 97 61 118 70 102 82 73 73 80 68 79 91 86 86 120 90 97 98 111 62 64 66 74 102 83 116 69 106 70 120 101 74 84 106 114 67 104 66 62 62 52 68 58 78 95 52 114 67 103 58 61 66 110 89 52 97 54 58 53 53 83 115 74 100 77 65 50 85 109 56 85 120 93 56 90 99 87 119 84 97 81 78 66 76 92 73 115 118 99 84 50 62 112 97 119 58 107 119 82 102 104 98 56 110 51 91 114 101 104 83 68 92 64 113 110 100 71 58 55 93 64 75 62 119 101 61 51 78 119 68 72 62 84 85 57 61 120 89 54 67 87 114 75 83 100 104 51 60 93 63 88 77 109 112 63 53 69 104 115 66 119 110 80 84 85 116 90 101 87 66 101 87 71 54 104 79 98 96 97 200
834
0 200 51 63 62 62 51 87 72 56 98 79 72 84 89 113 101 59 63 93 72 89 98 56 93 93 59 69 53 84 84 80 51 79 62 108 57 109 110 83 106 95 83 79 92 72 80 52 93 120 93 59 88 115 98 101 59 73 60 88 51 62 73 65 76 89 85 90 96 117 56 95 70 62 109 115 51 112 56 66 92 104 104 64 68 119 69 98 79 75 68 87 59 104 101 93 66 60 95 82 60 91 87 57 92 116 56 105 100 86 62 98 74 83 64 115 96 104 77 76 107 100 83 77 83 69 82 116 68 84 79 102 112 109 79 96 66 96 99 78 109 76 95 59 77 61 74 119 82 105 72 114 87 88 83 53 75 93 54 104 67 99 105 67 109 81 58 113 116 79 52 107 94 106 110 99 80 67 86 58 53 76 85 77 88 61 103 81 90 98 86 80 55 56 113 110 69 89 92 114 55 59 116 77 56 90 53 113 115 81 114 107 90 69 110 56 71 95 80 110 105 94 111 91 84 60 52 109 93 112 57 66 67 92 63 61 77 87 83 58 74 86 112 63 69 89 114 117 113 99 74 84 65 58 116 110 87 94 52 112 74 51 116 83 86 81 74 95 82 88 66 96 117 105 82 74 71 111 67 115 100 89 103 51 59 108 75 112 51 75 79 74 105 71 84 79 103 76 104 78 111 120 120 94 58 88 62 75 50 107 64 100 54 91 83 95 88 72 117 67 104 117 89 77 111 120 100 79 54 113 88 113 108 51 88 76 76 92 116 92 110 96 98 116 68 111 110 65 65 112 59 57 89 91 103 65 101 100 51 94 77 87 54 115 116 69 113 62 73 86 56 113 118 67 101 51 52 71 104 98 83 103 103 110 109 60 105 105 101 61 50 97 73 92 118 73 92 60 90 101 77 59 92 50 79 67 98 77 67 111 65 115 96 51 53 76 88 69 117 117 96 61 60 82 67 115 55 102 86 83 65 86 82 66 117 95 53 65 90 74 82 75 116 74 67 112 102 52 87 63 108 86 53 82 111 57 120 78 60 59 108 66 88 58 50 94 85 68 83 72 55 62 120 65 68 78 94 70 94 72 90 68 111 113 52 64 88 72 50 70 63 110 52 87 102 80 72 97 109 106 113 73 83 54 94 60 81 54 114 77 63 112 91 112 99 88 87 74 115 80 107 59 75 56 100 88 93 85 93 111 86 80 105 110 82 60 67 97 98 111 115 62 69 98 87 78 101 87 67 103 77 89 73 100 65 98 118 95 87 93 74 116 58 65 67 116 51 64 68 50 87 78 75 68 63 52 57 103 85 108 54 65 119 98 77 81 51 109 57 69 112 57 51 103 115 111 104 107 64 109 76 80 75 106 111 112 57 87 93 109 100 120 62 63 78 52 98 103 101 75 102 87 105 119 80 65 64 92 116 101 75 88 84 112 101 57 74 119 65 100 53 106 90 50 96 110 90 111 82 106 85 69 97 67 70 94 89 52 99 80 108 83 55 97 60 110 94 61 87 98 99 106 94 53 95 106 72 52 77 52 72 51 103 69 81 93 81 104 108 114 99 52 79 86 113 74 117 95 113 120 91 98 117 63 94 52 84 57 112 103 55 68 74 52 83 52 118 118 108 55 60 74 114 111 83 111 85 80 58 83 111 104 86 107 64 84 69 51 85 52 112 100 91 75 102 60 100 87 113 81 62 63 97 101 76 88 72 69 61 64 109 103 71 95 72 67 78 108 109 96 107 108 88 111 102 63 63 101 64 103 119 119 116 89 108 78 114 100 109 75 92 105 115 94 101 89 67 57 78 67 62 115 101 107 76 63 90 50 96 119 59 75 54 66 84 53 93 51 70 97 90 50 93 118 114 54 117 69 53 56 92 113 101 200
400
66 77 77 77 77 66 77 77 66 66 66 77 66 77 66 66 66 77 77 66 77 77 77 66 77 66 77 77 66 77 66 66 77 66 66 66 77 66 66 66 77 77 66 66 66 77 77 66 66 77 66 77 66 77 66 77 66 77 66 77 66 66 66 66 77 77 77 77 66 77 66 66 66 66 66 77 66 77 66 77 77 77 77 77 66 77 66 66 66 77 77 66 66 66 77 77 77 77 66 77 77 66 66 66 77 66 77 66 66 77 77 66 66 77 66 66 77 77 77 66 77 66 66 66 77 77 77 77 66 77 66 66 66 66 66 77 77 66 77 66 77 66 77 66 66 77 77 77 66 77 77 66 77 66 77 77 77 77 77 66 66 77 77 66 66 77 77 66 77 66 66 66 77 77 77 66 66 66 77 77 66 77 77 77 66 77 77 66 66 77 66 77 66 77 77 77 66 66 66 77 77 77 66 77 66 66 66 66 66 77 77 77 66 77 77 66 77 77 77 66 66 66 66 77 77 77 77 66 66 66 77 77 66 66 77 66 77 77 77 77 77 66 66 66 77 66 66 66 77 66 66 77 66 77 77 66 77 66 77 77 66 66 66 77 66 77 77 77 77 77 66 77 77 77 77 66 77 66 66 66 66 77 77 77 66 77 77 77 66 66 77 66 77 77 66 77 66 77 66 66 77 66 66 66 77 77 66 77 66 66 66 77 66 77 77 66 66 77 66 77 77 77 77 66 77 77 77 66 66 66 66 66 77 66 77 66 77 66 77 66 66 77 77 66 66 66 77 77 66 77 77 77 77 66 66 66 66 77 77 66 66 77 66 77 66 66 77 66 66 66 77 77 77 77 66 77 66 77 66 77 77 77 66 66 66 77 77 77 77 66 77 66 66 77 66 66 66 66 66 66
252
0 6 13 17 20 2 18 10 2 15 7 6 14 11 8 18 17 5 13 8 0 20 2 8 9 19 14 16 7 7 14 6 16 12 12 12 0 17 19 18 11 0 14 19 9 12 7 18 2 20 12 17 19 19 19 4 9 0 10 8 8 9 5 16 0 17 12 7 20 15 3 11 6 11 17 19 16 9 5 5 15 2 17 11 4 19 10 18 19 2 16 11 15 9 13 11 19 1 11 5 5 16 12 6 17 10 12 12 1 3 11 6 15 20 11 17 3 1 5 14 3 6 13 11 2 10 13 3 11 4 13 3 0 18 19 12 5 13 14 9 0 17 9 6 9 13 10 15 11 9 7 2 9 1 18 7 1 0 14 8 19 10 7 13 4 19 8 19 5 7 0 1 14 19 10 8 13 1 20 2 9 5 5 11 16 5 18 14 2 12 13 17 7 9 8 4 0 2 18 2 1 14 16 0 1 17 3 4 12 0 12 20 19 9 3 12 10 12 4 2 9 20 3 20 8 20 3 1 0 3 15 4 16 1 9 16 11 1 7 17 1 2 2 11 17 11 17 3 9 6 4 17
481
200 200 200 200 200 200 200 200 200 200 200 200 200 200 200 200 200 200 200 200 200 200 200 200 200 200 200 200 200 200 200 200 200 200 200 200 200 200 200 200 200 200 200 200 200 200 200 200 200 200 200 200 200 200 200 200 200 200 200 200 200 200 200 200 200 200 200 200 200 200 200 200 200 200 200 200 200 200 200 200 200 200 200 200 200 200 200 200 200 200 200 200 200 200 200 200 200 200 200 200 200 200 200 200 200 200 200 200 200 200 200 200 200 200 200 200 200 200 200 200 200 200 200 200 200 200 200 200 200 200 200 200 200 200 200 200 200 200 200 200 200 200 200 200 200 200 200 200 200 200 200 200 200 200 200 200 200 200 200 200 200 200 200 200 200 200 200 200 200 200 200 200 200 200 200 200 200 200 200 200 200 200 200 200 200 200 200 200 200 200 200 200 200 200 200 200 200 200 200 200 200 200 200 200 200 200 200 200 200 200 200 200 200 200 200 200 200 200 200 200 200 200 200 200 200 200 200 200 200 200 200 200 200 200 200 200 200 200 200 200 200 200 200 200 200 200 200 200 200 200 200 200 200 200 200 200 200 200 200 200 200 200 200 200 200 200 200 200 200 200 200 200 200 200 200 200 200 200 200 200 200 200 200 200 200 200 200 200 200 200 200 200 200 200 200 200 200 200 200 200 200 200 200 200 200 200 200 200 200 200 200 200 200 200 200 200 200 200 200 200 200 200 200 200 200 200 200 200 200 200 200 200 200 200 200 200 200 200 200 200 200 200 200 200 200 200 200 200 200 200 200 200 200 200 200 200 200 200 200 200 200 200 200 200 200 200 200 200 200 200 200 200 200 200 200 200 200 200 200 200 200 200 200 200 200 200 200 200 200 200 200 200 200 200 200 200 200 200 200 200 200 200 200 200 200 200 200 200 200 200 200 200 200 200 200 200 200 200 200 200 200 200 200 200 200 200 200 200 200 200 200 200 200 200 200 200 200 200 200 200 200 200 200 200 200 200 200 200 200 200 200 200 200 200 200 200 200 200 200 200 200 200 200 200 200 200 200 200 200 200 200 200 200 200 200 200 200 200 200 200 200
392
0 0 0 0 0 0 0 0 0 0 0 0 0 0 0 0 0 0 0 0 0 0 0 0 0 0 0 0 0 0 0 0 0 0 0 0 0 0 0 0 0 0 0 0 0 0 0 0 0 0 0 0 0 0 0 0 0 0 0 0 0 0 0 0 0 0 0 0 0 0 0 0 0 0 0 0 0 0 0 0 0 0 0 0 0 0 0 0 0 0 0 0 0 0 0 0 0 0 0 0 0 0 0 0 0 0 0 0 0 0 0 0 0 0 0 0 0 0 0 0 0 0 0 0 0 0 0 0 0 0 0 0 0 0 0 0 0 0 0 0 0 0 0 0 0 0 0 0 0 0 0 0 0 0 0 0 0 0 0 0 0 0 0 0 0 0 0 0 0 0 0 0 0 0 0 0 0 0 0 0 0 0 0 0 0 0 0 0 0 0 0 0 0 0 0 0 0 0 0 0 0 0 0 0 0 0 0 0 0 0 0 0 0 0 0 0 0 0 0 0 0 0 0 0 0 0 0 0 0 0 0 0 0 0 0 0 0 0 0 0 0 0 0 0 0 0 0 0 0 0 0 0 0 0 0 0 0 0 0 0 0 0 0 0 0 0 0 0 0 0 0 0 0 0 0 0 0 0 0 0 0 0 0 0 0 0 0 0 0 0 0 0 0 0 0 0 0 0 0 0 0 0 0 0 0 0 0 0 0 0 0 0 0 0 0 0 0 0 0 0 0 0 0 0 0 0 0 0 0 0 0 0 0 0 0 0 0 0 0 0 0 0 0 0 0 0 0 0 0 0 0 0 0 0 0 0 0 0 0 0 0 0 0 0 0 0 0 0 0 0 0 0 0 0 0 0 0 0 0 0 0 0 0 0 0 0 0 0 0 0 0 0
299
200 200 200 200 200 200 200 200 200 200 200 200 200 200 200 200 200 200 200 200 200 200 200 200 200 200 200 200 200 200 200 200 200 200 200 200 200 200 200 200 200 200 200 200 200 200 200 200 200 200 200 200 200 200 200 200 200 200 200 200 200 200 200 200 200 200 200 200 200 200 200 200 200 200 200 200 200 200 200 200 200 200 200 200 200 200 200 200 200 200 200 200 200 200 200 200 200 200 200 200 200 200 200 200 200 200 200 200 200 200 200 200 200 200 200 200 200 200 200 200 200 200 200 200 200 200 200 200 200 200 200 200 200 200 200 200 200 200 200 200 200 200 200 200 200 200 200 200 200 200 200 200 200 200 200 200 200 200 200 200 200 200 200 200 200 200 200 200 200 200 200 200 200 200 200 200 200 200 200 200 200 200 200 200 200 200 200 200 200 200 200 200 200 200 200 200 200 200 200 200 200 200 200 200 200 200 200 200 200 200 200 200 200 200 200 200 200 200 200 200 200 200 200 200 200 200 200 200 200 200 200 200 200 200 200 200 200 200 200 200 200 200 200 200 200 200 200 200 200 200 200 200 200 200 200 200 200 200 200 200 200 200 200 200 200 200 200 200 200 200 200 200 200 200 200 200 200 200 200 200 200 200 200 200 200 200 200 200 200 200 200 200 200 200 200 200 200 200 200
827
200 200 200 200 200 200 200 200 200 200 200 200 200 200 200 200 200 200 200 200 200 200 200 200 200 200 200 200 200 200 200 200 200 200 200 200 200 200 200 200 200 200 200 200 200 200 200 200 200 200 200 200 200 200 200 200 200 200 200 200 200 200 200 200 200 200 200 200 200 200 200 200 200 200 200 200 200 200 200 200 200 200 200 200 200 200 200 200 200 200 200 200 200 200 200 200 200 200 200 200 200 200 200 200 200 200 200 200 200 200 200 200 200 200 200 200 200 200 200 200 200 200 200 200 200 200 200 200 200 200 200 200 200 200 200 200 200 200 200 200 200 200 200 200 200 200 200 200 200 200 200 200 200 200 200 200 200 200 200 200 200 200 200 200 200 200 200 200 200 200 200 200 200 200 200 200 200 200 200 200 200 200 200 200 200 200 200 200 200 200 200 200 200 200 200 200 200 200 200 200 200 200 200 200 200 200 200 200 200 200 200 200 200 200 200 200 200 200 200 200 200 200 200 200 200 200 200 200 200 200 200 200 200 200 200 200 200 200 200 200 200 200 200 200 200 200 200 200 200 200 200 200 200 200 200 200 200 200 200 200 200 200 200 200 200 200 200 200 200 200 200 200 200 200 200 200 200 200 200 200 200 200 200 200 200 200 200 200 200 200 200 200 200 200 200 200 200 200 200 200 200 200 200 200 200 200 200 200 200 200 200 200 200 200 200 200 200 200 200 200 200 200 200 200 200 200 200 200 200 200 200 200 200 200 200 200 200 200 200 200 200 200 200 200 200 200 200 200 200 200 200 200 200 200 200 200 200 200 200 200 200 200 200 200 200 200 200 200 200 200 200 200 200 200 200 200 200 200 200 200 200 200 200 200 200 200 200 200 200 200 200 200 200 200 200 200 200 200 200 200 200 200 200 200 200 200 200 200 200 200 200 200 200 200 200 200 200 200 200 200 200 200 200 200 200 200 200 200 200 200 200 200 200 200 200 200 200 200 200 200 200 200 200 200 200 200 200 200 200 200 200 200 200 200 200 200 200 200 200 200 200 200 200 200 200 200 200 200 200 200 200 200 200 200 200 200 200 200 200 200 200 200 200 200 200 200 200 200 200 200 200 200 200 200 200 200 200 200 200 200 200 200 200 200 200 200 200 200 200 200 200 200 200 200 200 200 200 200 200 200 200 200 200 200 200 200 200 200 200 200 200 200 200 200 200 200 200 200 200 200 200 200 200 200 200 200 200 200 200 200 200 200 200 200 200 200 200 200 200 200 200 200 200 200 200 200 200 200 200 200 200 200 200 200 200 200 200 200 200 200 200 200 200 200 200 200 200 200 200 200 200 200 200 200 200 200 200 200 200 200 200 200 200 200 200 200 200 200 200 200 200 200 200 200 200 200 200 200 200 200 200 200 200 200 200 200 200 200 200 200 200 200 200 200 200 200 200 200 200 200 200 200 200 200 200 200 200 200 200 200 200 200 200 200 200 200 200 200 200 200 200 200 200 200 200 200 200 200 200 200 200 200 200 200 200 200 200 200 200 200 200 200 200 200 200 200 200 200 200 200 200 200 200 200 200 200 200 200 200 200 200 200 200 200 200 200 200 200 200 200 200 200 200 200 200 200 200 200 200 200 200 200 200 200 200 200 200 200 200 200 200 200 200 200 200 200 200 200 200 200 200 200 200 200 200 200 200 200 200 200 200 200 200 200 200 200 200 200 200 200 200 200 200 200 200 200 200 200 200 200 200 200 200 200 200 200 200 200 200 200 200 200 200 200 200 200 200 200 200 200 200 200 200 200 200 200 200 200 200 200 200 200 200 200 200 200 200 200 200 200 200 200 200 200 200 200 200 200 200 200 200 200 200 200 200 200 200
258
5 13 9 4 15 16 9 17 17 8 9 13 9 12 15 3 1 18 7 1 0 15 0 12 10 18 15 6 6 13 13 1 1 1 15 2 15 1 16 15 13 9 5 7 13 6 20 13 4 17 11 4 1 11 3 8 16 10 14 16 9 1 17 20 19 19 11 18 10 6 13 3 5 13 18 16 19 8 17 11 4 18 2 1 10 12 12 9 2 8 2 17 16 18 13 5 0 14 13 13 15 3 14 14 18 12 19 11 17 2 7 3 14 1 15 10 1 10 7 17 20 3 3 2 0 8 1 13 13 15 10 12 0 9 12 4 18 3 2 7 14 19 3 1 19 15 11 10 17 7 0 14 6 3 10 0 1 19 2 4 6 16 7 17 7 11 20 4 0 13 1 15 18 17 19 8 1 13 2 10 7 4 14 20 4 14 8 10 6 8 18 3 20 17 14 18 20 11 6 0 1 6 0 12 15 16 15 9 17 4 7 11 7 16 0 12 0 18 9 12 5 11 8 0 20 2 6 12 19 1 20 17 15 11 4 5 19 17 2 17 9 17 7 3 7 0 19 13 18 12 14 6 8 0 17 1 18 20
532
5 17 8 19 15 18 7 16 0 12 2 20 8 13 16 7 7 20 18 10 14 16 19 18 18 17 8 17 5 3 9 10 3 2 15 3 18 5 18 14 1 18 2 4 8 15 13 9 17 10 1 18 2 13 11 5 14 9 2 1 19 20 17 20 6 10 19 12 17 1 18 0 2 11 8 13 6 7 1 5 15 18 18 10 5 17 3 5 2 2 14 1 11 2 3 16 12 7 11 10 19 6 15 13 6 3 4 3 16 7 19 20 6 14 19 19 0 12 3 16 5 8 6 4 9 20 15 18 2 4 18 18 13 9 3 16 16 4 16 14 14 2 12 3 3 9 18 20 9 3 9 8 17 18 8 16 12 16 19 12 9 14 12 19 14 8 14 8 9 14 12 20 7 1 4 16 14 3 8 11 14 5 10 13 15 16 4 10 6 18 7 13 18 4 6 12 5 3 17 14 9 14 5 6 9 19 19 3 0 8 19 14 11 11 8 20 5 4 18 7 11 3 5 14 5 5 12 18 4 7 13 16 8 2 4 6 12 19 3 3 11 19 17 17 2 4 19 17 4 14 16 12 8 0 5 16 18 15 15 15 8 4 0 9 6 12 14 2 4 0 4 12 13 14 14 14 9 4 9 18 2 14 3 2 15 2 11 1 20 6 1 14 18 7 5 0 15 11 12 18 4 19 14 18 16 7 4 1 13 12 7 6 10 17 4 20 7 7 19 11 5 19 1 3 1 14 12 2 8 10 16 3 0 11 2 20 2 14 4 8 7 3 7 19 4 14 15 4 1 9 2 3 4 10 1 9 8 3 12 7 16 3 11 5 12 17 11 20 11 5 5 13 1 17 8 9 14 15 16 7 19 13 20 7 19 9 17 7 17 4 13 5 9 16 15 18 10 17 7 20 18 19 16 19 10 10 13 3 20 0 20 13 13 15 10 5 1 19 20 6 18 5 20 16 9 14 16 16 14 17 5 12 3 13 2 4 2 13 16 11 18 2 16 11 9 4 15 15 10 17 0 11 6 5 8 5 7 1 12 18 19 8 18 15 1 6 19 2 8 0 11 18 12 16 0 17 19 20 2 17 18 3 11 5 16 1 18 2 12 18 0 4 7 15 1 14 5 8 13 11 9 20 14 18 11 7 1 20 9 16 16 1 12 11 0 3 12 13 15 16 6 2 18 17 4 0 12 0 10 13 9 20
920
169 113 85 58 188 52 46 42 139 33 98 8 95 76 152 178 193 47 168 42 61 41 147 95 44 168 166 90 61 37 91 115 131 69 58 166 103 122 178 72 146 140 94 30 1 41 32 6 103 143 10 103 68 115 119 169 32 91 1 190 166 57 165 98 101 80 132 189 97 164 75 1 174 8 20 58 109 48 16 85 9 21 70 76 168 87 74 7 57 61 173 9 114 11 137 27 73 198 102 67 61 19 140 64 143 124 89 14 26 68 93 103 142 53 57 124 77 130 31 96 79 134 169 83 0 33 100 76 83 40 119 131 25 26 85 137 155 62 133 5 18 63 90 106 190 25 171 94 154 75 22 150 119 120 60 4 2 168 107 183 121 88 191 112 100 70 188 78 20 83 106 165 89 60 22 164 86 64 59 19 145 30 106 4 79 3 183 89 152 184 145 7 25 53 190 86 76 184 45 41 22 9 28 83 122 14 114 158 184 30 196 166 29 177 181 133 184 126 37 139 134 12 131 30 4 200 168 174 172 3 71 63 112 199 177 179 0 63 115 111 150 184 145 0 125 31 152 194 186 133 141 80 46 72 43 118 43 196 61 31 26 113 106 20 181 48 74 58 48 109 25 197 174 116 80 71 53 186 109 135 152 31 52 134 142 179 157 67 72 164 147 34 25 47 17 108 136 23 173 199 156 117 55 64 182 105 174 8 6 92 56 40 194 188 43 113 197 41 11 24 176 61 83 3 79 121 131 11 166 53 100 179 80 0 98 29 17 170 81 194 166 91 66 130 108 150 95 133 184 58 146 56 165 43 114 170 92 162 181 148 187 20 108 23 116 110 75 158 195 166 75 155 15 72 68 25 127 10 98 42 57 159 7 52 159 70 37 121 36 87 99 145 197 15 6 109 50 112 117 196 98 78 44 143 31 148 150 176 49 137 139 200 132 9 69 102 168 21 81 129 120 169 191 32 92 161 157 196 86 68 113 127 118 14 108 85 108 171 172 115 58 98 43 24 70 71 128 164 26 170 117 25 36 158 40 143 119 162 50 67 34 153 81 105 10 125 176 28 157 38 77 44 89 160 135 82 89 76 20 198 83 26 62 75 126 173 96 9 149 83 43 58 19 42 76 23 157 119 9 136 128 36 168 170 183 49 178 195 13 118 8 21 122 92 2 57 140 5 125 96 176 85 168 39 176 156 164 1 176 40 38 95 109 183 109 47 11 152 72 20 50 7 61 40 55 2 46 38 16 18 97 108 185 126 70 185 164 178 42 145 94 39 47 118 86 153 133 8 191 177 96 45 109 28 103 112 191 29 77 173 35 1 23 147 8 98 59 119 133 3 68 44 102 109 148 188 182 80 46 71 88 30 169 200 109 103 65 87 171 192 99 155 82 126 47 1 158 142 121 99 164 179 123 56 143 147 116 106 67 168 94 10 7 173 130 79 2 147 107 77 116 147 157 39 27 197 65 34 58 160 99 20 175 103 84 145 9 79 145 112 64 101 32 59 156 16 86 114 0 150 32 19 100 93 46 166 141 116 57 141 165 84 17 187 96 57 0 68 57 47 149 38 0 192 115 97 72 189 165 122 112 79 190 7 24 198 16 51 77 49 192 188 142 152 47 134 117 132 140 18 60 105 47 99 93 50 86 135 99 76 7 146 120 154 58 190 21 32 6 157 69 26 86 153 18 33 62 14 144 5 14 32 100 147 52 173 90 37 114 4 171 175 54 54 125 197 61 142 24 150 185 16 195 57 145 164 65 85 67 175 138 97 49 73 157 107 151 92 8 146 28 37 11 74 161 14 168 52 44 175 40 102 25 110 124 71 168 74 2 71 42 179 190 141 135 58 62 67 36 157 38 67 135 64 9 6 123 106 112 72 164 123 105 192 50 12 48 174 6 147 193 0 181 33 22 118 28 9 152 117 124 192 132 176 104 157 32 166 94 84 123 3 52 36 200 44 65 28 12 123 8 73 70 12 64 190 69 160 33 83 20 18 21 113 194 45 56 179 116 85 6 64 36 143 78 48 23 30 159 151 101 180 92 99 162 159 24 1 16 132 72 13 95 150 54 7 57 93 172 58
82
95 159 119 50 86 72 98 72 142 132 59 148 176 117 76 136 197 134 159 17 9 81 33 61 68 147 133 136 121 38 182 56 97 8 187 85 51 124 90 163 181 184 88 62 50 72 5 137 63 129 158 48 118 194 72 7 139 35 6 149 179 144 144 7 62 83 142 163 78 149 61 86 187 160 16 53 121 159 12 163 59 104
728
154 17 67 95 130 124 91 55 85 162 50 66 61 8 154 92 64 175 39 59 120 66 125 23 46 17 191 85 15 137 197 198 79 184 187 194 67 31 119 53 113 55 86 67 25 30 169 50 143 162 139 116 145 19 142 87 198 163 35 74 189 85 143 100 200 95 0 153 166 199 155 94 5 170 16 178 136 72 121 127 52 140 120 106 47 40 38 155 112 53 88 82 184 180 95 60 93 195 194 34 197 182 55 51 158 15 190 149 31 22 176 55 115 183 35 99 181 166 21 92 131 86 38 175 31 70 191 187 61 97 61 4 119 77 85 120 179 77 134 57 164 123 95 163 112 142 111 124 22 168 172 69 11 16 79 144 26 32 179 78 23 83 35 13 182 157 25 152 69 63 192 5 144 29 85 173 176 63 186 172 58 145 14 2 200 53 85 118 103 121 119 162 172 91 45 18 64 13 38 14 130 130 47 1 68 58 98 37 162 52 49 88 188 136 172 175 104 4 140 145 107 108 105 0 9 102 38 64 145 8 18 162 170 163 55 49 143 115 57 155 116 3 75 31 104 6 8 97 5 197 168 122 22 32 74 58 83 20 93 50 130 4 81 137 144 73 120 149 155 11 174 143 129 173 200 16 17 51 130 25 4 134 97 80 128 101 55 102 47 20 117 54 89 46 111 36 185 153 128 137 89 172 107 67 65 1 185 1 127 107 128 166 56 131 159 186 47 5 68 121 63 20 80 106 98 184 56 174 91 48 8 97 97 121 132 135 106 65 189 176 149 74 28 66 198 34 12 73 51 55 139 92 156 130 29 38 182 65 25 38 198 128 142 68 120 27 47 184 195 35 83 182 19 48 11 11 81 191 193 63 26 199 109 148 151 58 64 114 49 108 41 170 24 174 88 151 6 200 199 35 187 44 135 94 22 158 32 33 150 80 123 83 183 125 134 29 145 176 3 192 53 84 192 186 131 51 68 134 128 68 140 92 133 22 130 185 178 139 116 18 71 75 123 180 62 58 70 199 100 150 146 28 70 147 134 65 183 148 24 14 88 180 151 179 73 143 117 28 91 42 191 59 39 160 102 196 118 194 99 116 152 187 142 29 50 94 15 12 66 146 79 118 160 125 23 103 198 86 83 51 108 124 66 54 62 169 95 74 187 51 65 130 200 17 157 127 94 26 67 89 10 82 183 18 39 14 131 162 165 198 60 186 125 108 90 72 138 105 83 199 7 124 8 85 79 17 136 185 135 35 69 194 185 199 71 55 74 8 195 174 28 164 120 55 107 200 152 121 58 157 192 179 59 72 27 56 141 118 154 89 16 140 81 76 140 60 171 123 54 46 41 34 90 19 42 93 135 61 82 17 27 109 94 69 129 72 6 16 64 185 125 15 48 84 150 98 151 171 101 100 134 2 28 114 71 76 166 89 90 193 85 73 180 27 3 99 124 19 126 14 94 21 51 174 72 22 128 134 142 84 53 176 192 176 39 188 137 184 168 178 124 91 31 15 194 45 137 163 23 159 122 104 192 44 140 23 171 164 52 166 137 42 12 67 36 3 152 196 31 27 14 73 94 196 38 83 107 172 9 70 116 197 82 19 128 0 98 82 126 77 97 144 18 105 162 81 106 122 94 14 81 163 0 118 196 185 193 85
11
100 144 124 41 125 51 84 93 90 126 32
357
16 187 5 176 5 18 17 5 163 5 159 19 7 1 6 8 8 4 16 15 195 6 3 13 17 9 6 11 3 0 17 152 13 17 17 20 167 11 18 15 14 177 164 152 16 18 161 182 3 9 156 7 10 13 15 16 10 6 18 175 9 11 158 3 4 150 8 18 6 10 15 7 19 18 17 16 15 18 18 5 6 5 16 10 5 3 1 2 19 7 5 6 158 157 17 8 179 20 15 14 12 10 11 4 195 11 14 199 2 162 14 1 14 1 150 12 5 4 8 6 1 16 16 186 2 6 16 200 182 7 174 4 15 2 1 15 1 181 189 167 9 154 14 17 17 13 19 6 2 179 8 10 9 20 16 12 5 156 0 172 3 9 4 4 0 9 10 8 1 11 186 170 5 6 14 176 5 9 5 19 7 168 16 9 198 4 4 12 17 1 7 3 11 5 14 16 5 2 13 16 6 11 165 12 186 10 1 19 7 10 16 4 187 19 14 12 2 9 167 19 3 14 0 8 3 19 7 19 5 13 6 0 6 3 11 7 1 6 12 19 4 12 5 13 7 11 186 9 187 188 9 11 5 11 199 183 8 14 193 15 12 18 2 187 9 20 6 5 7 13 17 20 8 20 9 15 162 9 7 15 9 6 6 4 2 14 2 17 0 160 14 194 2 16 2 7 2 0 12 15 9 157 10 12 12 20 6 10 194 150 11 165 2 161 6 1 16 13 12 18 18 11 4 12 14 172 14 1 3 10 15 14 18 157 16 12 14 15 170 7 2 154 8 196 16 1 5 17 8 1 13 2 8 161 2 189 5
256
200 200 200 200 200 200 200 200 200 200 200 200 200 200 200 200 200 200 200 200 200 200 200 200 200 200 200 200 200 200 200 200 200 200 200 200 200 200 200 200 200 200 200 200 200 200 200 200 200 200 200 200 200 200 200 200 200 200 200 200 200 200 200 200 200 200 200 200 200 200 200 200 200 200 200 200 200 200 200 200 200 200 200 200 200 200 200 200 200 200 200 200 200 200 200 200 200 200 200 200 200 200 200 200 200 200 200 200 200 200 200 200 200 200 200 200 200 200 200 200 200 200 200 200 200 200 200 200 200 200 200 200 200 200 200 200 200 200 200 200 200 200 200 200 200 200 200 200 200 200 200 200 200 200 200 200 200 200 200 200 200 200 200 200 200 200 200 200 200 200 200 200 200 200 200 200 200 200 200 200 200 200 200 200 200 200 200 200 200 200 200 200 200 200 200 200 200 200 200 200 200 200 200 200 200 200 200 200 200 200 200 200 200 200 200 200 200 200 200 200 200 200 200 200 200 200 200 200 200 200 200 200 200 200 200 200 200 200 200 200 200 200 200 200 200 200 200 200 200 200 200 200 200 200 200 200
997
20 10 2 19 9 10 3 19 5 12 7 20 10 6 6 2 0 15 17 7 7 7 4 1 18 5 3 11 8 14 20 15 13 7 6 0 4 3 5 9 20 16 9 2 19 9 20 7 18 14 5 17 12 14 20 10 15 10 15 12 14 13 8 6 15 20 5 18 16 13 14 9 15 11 1 6 16 10 2 4 2 4 17 7 5 1 9 12 13 2 4 12 18 11 11 11 19 20 4 12 12 2 13 1 1 7 3 6 9 17 7 8 10 20 14 17 5 4 8 13 11 11 12 11 10 1 16 15 16 10 15 4 5 19 10 13 10 1 1 4 4 20 14 12 0 6 8 19 16 6 13 7 3 12 13 12 10 14 18 2 9 11 1 5 2 0 11 19 10 0 6 0 13 20 3 10 12 3 7 0 5 20 11 6 5 6 20 20 4 11 5 8 18 18 9 12 9 20 7 13 7 12 19 6 12 10 12 3 11 18 4 9 2 18 4 15 8 13 12 4 1 16 14 20 6 3 12 10 17 5 4 2 8 9 15 15 2 4 17 19 15 12 15 11 11 20 19 2 2 8 0 5 10 5 10 0 0 1 5 7 6 13 15 1 1 17 7 5 18 13 3 7 14 3 5 4 5 8 8 5 13 8 7 12 14 7 9 1 16 1 7 3 18 11 20 5 12 20 20 19 14 12 5 2 16 0 11 0 6 7 14 3 4 13 1 10 1 16 11 1 14 7 2 10 15 12 0 17 3 2 18 17 9 8 13 7 2 10 9 7 12 9 17 20 1 18 1 11 14 10 1 13 7 10 7 10 14 18 14 14 15 2 10 14 17 0 5 18 2 19 13 6 10 4 2 4 8 6 0 1 3 18 8 20 9 8 10 2 19 18 13 19 5 10 9 4 11 2 9 17 11 14 13 19 17 11 17 11 15 16 16 2 3 17 1 9 10 4 8 20 5 11 11 3 16 7 20 14 12 20 8 1 13 19 10 19 0 10 16 18 6 3 20 16 17 3 3 6 16 6 20 18 5 13 16 14 0 13 2 15 12 14 12 2 19 9 3 12 9 3 16 4 18 8 0 12 19 19 15 18 8 12 11 4 20 8 13 15 3 7 14 16 14 4 3 13 11 5 7 5 11 8 11 15 12 6 7 3 1 14 3 8 20 8 1 19 2 4 12 13 3 12 5 12 10 18 19 15 5 18 0 18 0 13 11 10 0 19 0 17 19 13 13 13 16 2 14 18 20 19 20 13 15 7 13 1 5 14 0 9 13 9 16 0 12 3 0 1 6 13 18 18 11 8 18 0 9 1 9 16 2 6 1 16 5 20 9 4 9 1 11 3 9 18 13 6 14 2 7 17 7 13 3 2 9 9 4 5 10 20 17 1 3 15 3 19 9 6 20 0 5 0 14 0 10 13 5 12 14 11 17 9 14 20 1 14 0 11 17 17 0 17 0 17 8 0 4 8 19 4 13 15 5 18 13 13 3 5 20 5 12 18 9 8 11 13 17 20 2 13 11 14 1 3 0 10 14 10 19 15 12 19 16 18 8 6 3 15 17 18 13 11 17 7 13 3 12 9 10 18 14 15 12 3 8 12 13 9 7 13 15 4 20 17 8 15 17 18 6 2 16 17 18 7 14 10 9 17 17 3 15 20 14 6 13 16 20 8 17 10 5 18 14 17 19 15 10 14 1 10 13 12 7 9 4 15 8 11 7 15 2 20 11 3 8 13 13 2 6 6 8 9 5 5 20 17 12 3 16 18 15 10 16 20 16 11 0 0 8 1 19 1 12 16 4 2 18 18 7 15 12 16 9 12 3 15 17 8 10 13 0 9 20 13 14 6 13 15 18 7 18 16 3 11 4 0 12 7 8 6 10 19 1 10 17 3 20 1 17 10 5 11 11 16 12 17 7 18 19 2 10 5 15 17 16 13 19 4 7 8 10 0 8 4 16 7 9 2 0 8 6 8 12 8 2 7 11 20 5 10 5 1 5 9 6 14 0 12 13 3 0 14 11 7 14 14 4 16 14 17 5 1 8 11 2 1 12 10 5 18 7 14 0 7 1 11 15 15 9 13 20 10 2 11 19 0 11 1 6 16 14 12 6 14 11 1 1 7 20 4 9 7 6 7 12 6 5 11 4 20 7 3 9 14 14 20 6 18 20 6 20 16 12 4 6 15 6 20 1 4 1 8 18 3 9 1 8 13 19 4 1 14 12 16 15 3 0 15 3 15 0 18 20 9 3 3 20
926
11 152 1 191 10 1 20 6 18 12 4 16 187 6 197 8 18 0 8 195 18 12 7 170 12 164 16 3 10 18 1 14 11 15 20 8 7 6 18 7 177 13 170 163 8 5 5 198 0 19 8 5 13 182 19 154 174 3 177 10 15 2 7 4 3 9 4 3 1 17 4 10 17 18 4 11 16 12 170 192 18 1 8 181 15 12 154 157 4 14 5 173 13 19 153 0 14 13 171 19 6 162 13 9 186 17 178 184 16 16 13 0 186 19 185 4 18 155 6 8 12 188 178 7 194 11 194 3 15 3 19 13 4 152 18 11 17 8 15 7 172 6 6 12 9 1 190 3 175 18 20 2 10 19 9 0 0 1 20 5 16 13 19 160 11 191 1 17 13 0 5 7 9 154 185 6 13 8 6 19 6 186 10 7 14 8 169 2 161 10 4 4 17 13 13 2 7 181 9 156 9 6 9 20 163 12 2 3 14 19 176 170 19 8 8 10 13 18 2 17 2 155 0 9 160 3 18 14 12 4 18 6 20 15 18 19 5 6 4 20 17 18 197 3 159 5 2 160 156 156 19 0 177 2 7 5 9 6 17 7 15 5 158 17 17 3 14 199 16 15 12 1 9 182 7 12 14 8 20 19 20 17 4 17 18 184 181 1 13 13 10 18 4 154 5 14 176 10 5 2 170 13 6 0 11 185 17 1 195 1 13 0 6 11 3 6 15 6 185 1 18 12 4 10 10 7 11 2 7 12 14 3 16 17 153 1 19 157 6 11 7 8 192 11 8 7 11 160 157 17 10 16 14 195 1 11 16 16 14 10 194 8 2 159 157 5 13 175 10 191 15 5 171 9 150 164 15 9 9 20 186 12 186 11 15 13 0 8 20 7 186 3 19 0 6 16 19 157 152 200 162 8 19 197 17 18 2 200 19 152 11 4 159 3 6 170 7 0 18 12 15 13 8 3 4 5 172 13 18 20 6 10 199 16 14 7 0 3 6 14 165 16 8 8 3 9 17 5 16 5 181 8 176 13 6 12 16 14 16 1 16 6 12 1 5 10 2 1 13 196 1 17 5 10 7 7 16 13 18 13 11 9 177 13 179 6 15 18 168 20 18 16 5 2 200 19 173 2 11 10 6 11 180 11 1 2 190 20 17 17 12 19 18 2 18 13 150 3 192 17 9 20 15 18 19 10 164 15 190 14 16 7 181 10 13 9 11 13 12 20 7 154 11 1 2 9 0 150 200 15 190 159 6 5 18 166 15 2 0 178 13 2 10 1 19 160 16 1 18 199 19 5 16 8 16 19 15 191 15 184 19 10 191 5 14 20 18 13 13 12 9 199 152 11 8 197 6 156 9 12 13 14 6 10 16 18 183 11 5 1 13 0 194 5 193 0 187 13 10 8 12 8 12 167 166 17 11 14 191 19 15 155 156 4 194 0 15 183 4 150 188 5 19 1 2 20 1 8 5 5 2 19 11 8 5 10 13 199 17 200 4 13 1 4 6 12 20 10 10 1 5 14 16 11 179 11 15 11 5 173 15 7 162 3 2 0 19 169 19 4 17 6 18 11 0 163 8 19 15 157 6 199 14 2 194 10 15 6 191 168 167 13 15 16 12 16 8 14 15 18 9 11 3 10 8 174 1 12 0 2 13 173 20 7 7 174 15 19 6 19 9 183 8 169 155 190 10 20 16 11 8 10 175 7 177 8 184 19 9 0 3 160 6 1 15 180 200 178 9 2 20 176 3 19 6 9 18 170 6 7 8 20 10 7 170 5 20 191 8 8 5 189 1 7 151 0 6 10 2 6 15 20 2 3 187 20 17 3 12 4 6 0 0 19 19 14 164 164 184 11 4 0 166 15 167 156 20 11 13 1 2 18 18 20 193 186 15 8 195 16 17 5 9 3 200 195 20 11 198 187 16 8 16 17 4 4 195 13 13 6 18 1 172 1 11 2 180 9 187 2 9 5 4 20 180 18 9 17 1 8 189 7 16 181 20 156 15 177 11 151 7 12 0 16 8 4 172 17 2 17 17 189 16 0 4 20 5 8 9 5 9 6 18 10 155 188 6 16 16 188 9 6 0 154 11 16
127
0 200 104 84 58 96 62 105 50 81 57 99 118 98 56 93 86 98 118 64 108 117 101 68 72 93 68 78 114 116 100 108 105 120 56 109 100 53 93 118 82 82 118 62 117 52 114 97 87 61 108 75 102 62 115 120 94 51 114 95 54 117 106 111 111 112 119 114 79 102 93 58 101 111 101 107 59 111 80 92 108 59 75 81 104 97 90 59 83 106 53 71 106 60 74 106 54 98 120 59 119 109 54 116 74 74 103 67 65 98 71 81 117 94 59 106 105 119 84 54 113 73 74 52 72 94 200
704
159 122 111 10 34 89 55 126 77 102 0 188 82 196 66 80 165 11 86 37 156 179 184 90 20 60 79 16 91 99 59 84 178 129 154 143 143 193 172 58 58 64 169 10 110 125 125 140 10 48 91 16 41 188 162 133 57 189 17 128 21 149 49 75 71 42 117 91 53 162 177 194 68 47 25 2 36 160 26 123 5 152 6 122 115 93 68 59 53 16 197 11 186 2 29 168 67 62 103 167 87 52 12 23 57 79 40 111 49 66 9 152 68 23 153 73 51 88 58 167 187 188 170 156 162 130 59 151 22 190 97 84 125 171 5 64 138 28 117 157 111 142 97 124 146 39 127 82 193 50 108 163 167 64 38 133 183 176 125 193 80 183 88 183 145 177 120 3 153 114 177 115 67 92 33 55 136 193 162 34 65 66 62 150 40 165 25 110 3 99 47 145 140 39 25 120 127 41 60 136 43 180 200 187 153 73 118 156 77 95 14 177 2 115 37 71 182 0 194 193 28 105 19 136 184 51 95 11 194 143 142 22 122 88 121 157 166 45 90 45 101 88 93 5 111 40 47 56 59 111 91 81 26 148 118 160 45 52 32 122 39 26 33 200 175 134 199 30 182 80 75 46 59 142 127 143 20 199 106 200 139 197 89 136 160 121 39 39 187 24 6 59 192 154 108 129 75 56 56 178 140 198 141 19 187 92 75 52 3 147 70 29 0 72 188 124 89 82 124 105 110 100 69 198 170 23 93 45 59 183 91 177 146 4 58 100 24 55 104 126 75 20 62 82 106 58 186 12 82 63 152 43 83 142 162 112 122 180 66 117 186 132 176 176 42 183 90 98 161 142 14 125 78 114 102 14 162 108 69 37 101 145 155 156 140 161 126 171 81 72 50 25 13 85 70 22 66 113 167 42 81 137 173 63 162 34 163 174 28 152 79 175 62 97 99 199 108 39 49 53 92 94 97 81 112 115 7 57 87 179 81 162 156 183 188 0 124 16 111 181 90 200 134 46 73 146 87 140 4 88 180 29 76 13 120 0 163 50 85 122 154 45 172 196 183 50 35 51 199 141 52 2 149 20 114 170 1 52 173 47 183 58 147 29 115 17 23 57 191 135 199 200 147 57 151 158 184 127 77 72 7 9 31 68 18 45 7 105 70 75 41 162 111 18 49 163 179 37 114 115 123 44 78 53 191 69 151 46 78 35 4 8 136 5 196 24 39 105 157 120 181 29 87 121 133 111 153 139 59 153 118 166 137 109 15 138 135 164 4 125 19 199 175 164 33 110 105 18 68 97 149 48 95 181 178 75 136 183 100 15 36 80 3 113 50 125 69 135 127 11 95 185 152 167 82 108 155 93 53 107 115 60 18 124 129 47 61 52 38 171 85 33 129 27 26 138 41 64 75 143 42 8 17 127 19 29 42 43 138 134 119 117 159 196 19 95 13 129 131 153 99 25 170 159 179 185 65 145 83 164 61 161 4 24 12 173 51 117 192 95 7 40 4 86 174 51 48 97 133 94 76 187 117 73 4 130 50 48 21 3 189 184 9 188 116 5 50 177 59 110 14 18 126 35 52 113 104 144 111 5 13 76 186 111
384
0 0 0 0 0 0 0 0 0 0 0 0 0 0 0 0 0 0 0 0 0 0 0 0 0 0 0 0 0 0 0 0 0 0 0 0 0 0 0 0 0 0 0 0 0 0 0 0 0 0 0 0 0 0 0 0 0 0 0 0 0 0 0 0 0 0 0 0 0 0 0 0 0 0 0 0 0 0 0 0 0 0 0 0 0 0 0 0 0 0 0 0 0 0 0 0 0 0 0 0 0 0 0 0 0 0 0 0 0 0 0 0 0 0 0 0 0 0 0 0 0 0 0 0 0 0 0 0 0 0 0 0 0 0 0 0 0 0 0 0 0 0 0 0 0 0 0 0 0 0 0 0 0 0 0 0 0 0 0 0 0 0 0 0 0 0 0 0 0 0 0 0 0 0 0 0 0 0 0 0 0 0 0 0 0 0 0 0 0 0 0 0 0 0 0 0 0 0 0 0 0 0 0 0 0 0 0 0 0 0 0 0 0 0 0 0 0 0 0 0 0 0 0 0 0 0 0 0 0 0 0 0 0 0 0 0 0 0 0 0 0 0 0 0 0 0 0 0 0 0 0 0 0 0 0 0 0 0 0 0 0 0 0 0 0 0 0 0 0 0 0 0 0 0 0 0 0 0 0 0 0 0 0 0 0 0 0 0 0 0 0 0 0 0 0 0 0 0 0 0 0 0 0 0 0 0 0 0 0 0 0 0 0 0 0 0 0 0 0 0 0 0 0 0 0 0 0 0 0 0 0 0 0 0 0 0 0 0 0 0 0 0 0 0 0 0 0 0 0 0 0 0 0 0 0 0 0 0 0 0 0 0 0 0 0 0 0 0 0 0 0 0 0 0 0 0 0 0 0 0 0 0 0 0
975
4 12 18 154 187 0 1 12 155 180 154 1 157 17 200 15 14 8 9 7 193 9 12 7 5 11 10 8 167 10 12 15 17 13 10 171 16 8 5 15 186 18 6 1 170 185 180 9 7 20 13 2 18 20 14 14 11 4 19 14 14 0 17 166 2 8 7 200 194 7 17 14 0 13 168 20 0 9 195 200 6 193 174 19 7 11 12 14 20 13 15 180 13 7 158 0 20 16 7 10 8 8 17 4 6 10 199 14 13 11 160 153 188 184 0 5 155 15 17 2 7 10 16 13 19 10 1 8 5 5 10 18 18 7 8 150 2 3 20 11 8 184 20 3 10 13 11 156 2 7 164 19 19 1 193 3 16 2 20 1 5 3 5 1 162 17 0 14 9 5 6 19 4 17 13 197 5 13 158 7 8 8 3 4 15 6 11 18 8 11 14 6 18 1 11 9 159 9 7 18 13 12 16 5 188 12 4 11 8 9 4 186 19 16 7 7 13 152 8 3 18 196 200 5 13 2 16 11 17 14 16 175 2 154 4 15 167 4 9 8 0 9 2 0 20 16 12 11 186 188 14 6 7 0 14 10 13 6 17 11 4 18 14 7 2 9 18 20 8 17 14 12 17 11 9 200 6 1 5 15 12 15 198 20 3 3 178 18 9 3 18 5 16 5 5 14 13 3 2 15 18 11 7 20 14 8 165 16 1 20 12 172 165 4 178 14 10 189 174 12 9 5 2 6 1 1 9 14 17 8 6 5 9 199 7 4 5 5 12 195 18 4 7 11 0 2 0 185 7 2 11 13 16 5 14 2 191 18 8 197 9 200 6 1 156 177 13 172 1 5 8 18 6 17 4 189 13 10 20 9 1 6 15 4 18 6 170 15 9 11 4 12 192 14 150 19 14 10 12 158 6 0 176 11 20 0 20 15 14 181 11 163 14 7 11 12 4 158 3 14 13 163 18 5 18 5 7 198 11 0 3 5 17 16 178 3 5 14 5 199 5 181 181 12 20 11 10 15 17 10 180 10 15 8 9 15 0 161 16 19 3 17 10 196 152 196 1 14 187 181 19 170 8 13 9 15 7 11 169 20 2 3 11 197 2 16 15 11 17 2 16 166 12 192 9 2 10 7 10 18 197 186 13 176 9 4 9 3 17 153 1 14 9 16 8 171 20 20 162 20 169 172 2 2 1 19 2 0 2 155 15 7 20 13 12 180 7 1 10 20 19 17 189 3 6 14 12 14 4 1 3 13 15 15 17 1 4 1 11 11 0 3 191 19 200 2 190 5 9 0 166 16 20 5 190 17 16 10 1 8 18 6 17 6 151 8 192 3 15 9 5 10 4 7 177 199 13 11 12 194 20 0 2 17 2 14 13 15 16 12 3 189 7 16 4 17 14 169 14 167 6 20 7 15 2 0 177 184 10 13 5 1 20 5 5 5 18 13 14 153 5 15 18 8 16 13 13 7 7 0 10 13 8 200 159 16 15 18 183 4 5 16 12 8 0 13 15 6 10 173 20 0 10 6 5 2 191 13 6 165 200 6 19 1 17 11 5 2 19 20 17 8 5 178 0 14 3 155 11 9 1 13 12 8 7 6 0 20 173 11 14 1 9 6 199 2 171 15 9 15 185 14 4 8 6 5 20 187 9 1 9 157 10 1 15 160 14 14 3 11 13 10 14 8 194 17 192 13 2 0 4 4 16 184 5 18 169 8 5 2 4 6 10 5 18 160 11 193 10 15 8 5 0 9 20 0 195 177 13 5 13 8 5 0 14 16 3 173 4 2 178 9 16 8 10 185 7 5 6 13 175 5 0 11 173 12 17 7 18 14 180 1 4 20 166 4 9 9 1 19 6 19 154 2 8 20 187 6 8 11 16 4 171 2 9 6 0 11 10 0 189 175 14 9 7 5 6 8 16 159 8 2 15 3 7 15 171 12 14 1 3 0 1 166 15 11 164 3 16 7 20 14 2 1 18 11 10 18 6 195 19 189 164 9 193 176 1 14 164 183 20 155 3 12 6 14 14 7 8 0 2 5 1 161 16 4 10 2 20 17 13 1 11 192 180 1 12 11 17 10 167 15 5 0 19 3 17 18 9 16 166 13 14 1 8 17 5 0 17 161 169 7 159 11 14 0 7 160 166 10 185 3 7 0 5 15 1 19 9 19 17 196 187 178 9 14 171 5 7 5 20 16 11 1 2
497
200 200 200 200 200 200 200 200 200 200 200 200 200 200 200 200 200 200 200 200 200 200 200 200 200 200 200 200 200 200 200 200 200 200 200 200 200 200 200 200 200 200 200 200 200 200 200 200 200 200 200 200 200 200 200 200 200 200 200 200 200 200 200 200 200 200 200 200 200 200 200 200 200 200 200 200 200 200 200 200 200 200 200 200 200 200 200 200 200 200 200 200 200 200 200 200 200 200 200 200 200 200 200 200 200 200 200 200 200 200 200 200 200 200 200 200 200 200 200 200 200 200 200 200 200 200 200 200 200 200 200 200 200 200 200 200 200 200 200 200 200 200 200 200 200 200 200 200 200 200 200 200 200 200 200 200 200 200 200 200 200 200 200 200 200 200 200 200 200 200 200 200 200 200 200 200 200 200 200 200 200 200 200 200 200 200 200 200 200 200 200 200 200 200 200 200 200 200 200 200 200 200 200 200 200 200 200 200 200 200 200 200 200 200 200 200 200 200 200 200 200 200 200 200 200 200 200 200 200 200 200 200 200 200 200 200 200 200 200 200 200 200 200 200 200 200 200 200 200 200 200 200 200 200 200 200 200 200 200 200 200 200 200 200 200 200 200 200 200 200 200 200 200 200 200 200 200 200 200 200 200 200 200 200 200 200 200 200 200 200 200 200 200 200 200 200 200 200 200 200 200 200 200 200 200 200 200 200 200 200 200 200 200 200 200 200 200 200 200 200 200 200 200 200 200 200 200 200 200 200 200 200 200 200 200 200 200 200 200 200 200 200 200 200 200 200 200 200 200 200 200 200 200 200 200 200 200 200 200 200 200 200 200 200 200 200 200 200 200 200 200 200 200 200 200 200 200 200 200 200 200 200 200 200 200 200 200 200 200 200 200 200 200 200 200 200 200 200 200 200 200 200 200 200 200 200 200 200 200 200 200 200 200 200 200 200 200 200 200 200 200 200 200 200 200 200 200 200 200 200 200 200 200 200 200 200 200 200 200 200 200 200 200 200 200 200 200 200 200 200 200 200 200 200 200 200 200 200 200 200 200 200 200 200 200 200 200 200 200 200 200 200 200 200 200 200 200 200 200 200 200 200 200 200 200 200 200 200 200 200 200 200 200 200 200 200 200
933
70 42 193 119 84 101 28 54 83 11 104 116 69 55 110 173 10 25 10 149 190 124 154 119 89 157 14 0 179 91 83 126 164 132 172 0 111 40 165 152 157 189 118 153 37 8 153 2 194 164 189 124 181 168 150 30 63 63 49 108 21 88 24 148 76 135 116 53 103 100 140 169 125 118 85 156 21 121 149 197 30 61 185 76 149 101 169 132 177 129 162 6 35 187 59 91 44 130 159 162 200 44 50 140 120 92 58 60 159 38 184 0 70 22 25 12 129 25 182 49 57 71 120 63 77 55 4 32 156 179 48 188 24 35 131 68 25 138 65 157 0 84 77 40 100 52 60 183 45 102 104 137 150 48 84 187 88 117 3 55 63 180 76 138 77 42 73 193 52 91 100 15 150 51 157 194 145 158 63 7 85 35 149 38 23 128 146 174 34 105 30 129 104 138 53 180 32 200 97 91 170 52 171 62 137 2 68 64 40 170 182 152 72 34 63 103 118 52 73 152 94 92 143 42 37 33 171 55 163 114 78 127 3 92 167 27 16 27 8 152 142 109 191 96 47 163 189 199 165 96 13 135 159 153 124 57 200 32 32 144 28 151 154 150 93 160 99 176 187 106 29 146 4 157 29 197 84 93 196 49 176 69 28 87 189 14 0 184 75 197 103 42 120 25 103 104 16 4 54 88 89 131 90 88 33 150 132 147 192 196 5 100 7 193 56 153 156 119 99 24 146 6 1 128 197 174 3 9 22 148 41 74 93 155 112 192 159 150 0 63 83 94 164 140 57 35 40 69 95 192 42 170 151 106 163 148 150 31 112 97 38 102 17 94 63 29 64 17 189 184 91 164 96 69 116 183 90 157 191 101 93 62 94 126 83 16 182 21 132 200 4 63 81 72 157 25 69 20 130 93 33 137 176 80 142 197 160 104 82 10 126 112 3 109 196 127 14 71 76 83 155 136 155 169 169 47 112 109 92 49 101 29 45 180 112 23 88 81 95 116 173 27 16 84 116 9 80 20 88 132 93 69 170 62 29 193 20 4 63 94 8 94 54 130 8 158 21 111 52 156 190 127 176 48 193 52 42 52 138 13 97 0 134 31 199 183 128 171 6 7 99 64 91 110 199 80 38 162 51 115 162 179 151 152 162 128 163 35 131 41 36 21 164 152 124 34 155 56 90 52 105 198 89 13 168 60 103 195 182 29 87 146 27 66 35 131 118 162 107 94 32 177 14 8 97 26 87 192 152 99 82 96 174 89 187 19 126 181 46 131 62 140 117 143 110 42 155 159 9 15 103 136 40 34 90 66 148 44 88 139 12 194 12 172 95 40 12 180 0 194 132 156 174 119 69 17 33 19 129 118 141 34 101 56 130 57 115 45 139 5 117 39 79 18 133 46 59 92 191 163 166 138 84 14 178 1 130 73 39 98 134 166 66 82 79 66 67 78 85 37 19 147 29 25 197 20 170 43 83 119 36 37 136 18 149 26 119 122 81 193 28 61 29 136 195 155 184 35 105 81 89 64 119 152 17 12 120 53 74 25 86 142 85 21 109 71 178 88 20 82 174 85 22 11 184 68 95 190 188 53 57 145 155 127 21 144 191 15 137 135 183 76 71 128 183 51 19 85 181 129 130 167 177 37 28 97 138 95 125 163 84 184 147 156 170 48 3 65 98 70 137 144 43 88 178 157 144 139 168 93 14 19 173 16 79 139 89 149 133 43 129 151 166 106 164 108 50 129 114 131 137 144 192 56 130 23 6 182 120 7 168 71 132 6 62 83 98 104 11 30 141 189 193 175 1 32 189 29 33 143 176 199 46 86 10 160 115 75 123 119 24 78 14 31 95 165 4 157 142 71 27 10 170 64 0 139 125 120 2 93 34 12 162 173 118 195 88 165 108 18 193 62 152 181 83 192 147 80 30 146 173 90 155 148 200 124 109 151 2 174 164 153 58 12 30 27 183 52 131 60 174 125 172 147 96 64 194 152 112 193 198 123 163 123 163 162 55 61 22 193 192 26 183 108 167 126 4 153 131 1 126 157 151 111 27 197 199 16 11 49 52 160 98 111 93 51 73 160 59 28 85 42 122 199 152 155 171 71 186 142 169 65 5
421
67 15 10 197 54 4 151 46 187 59 103 102 181 81 15 153 96 65 176 197 48 169 127 53 178 131 67 94 44 77 22 142 189 76 155 5 49 183 113 56 46 34 49 41 59 73 51 92 105 80 79 29 94 179 174 188 129 44 63 127 161 69 156 101 44 77 172 60 44 187 1 123 105 103 116 102 149 189 198 178 159 31 110 21 85 25 18 87 2 172 174 15 149 18 147 61 137 98 193 80 8 104 107 154 35 117 168 153 85 194 88 59 19 85 97 157 179 157 78 59 21 73 191 30 84 16 173 177 79 70 23 150 38 40 177 198 1 187 161 47 74 121 131 141 40 25 188 68 116 108 183 89 147 102 90 196 114 164 42 8 62 29 29 56 57 86 196 136 176 73 109 15 144 4 59 126 41 108 153 119 145 97 167 105 117 26 58 155 141 80 64 140 197 22 128 52 39 69 119 78 12 34 35 137 3 3 37 28 48 93 148 28 54 52 177 115 120 195 122 6 133 156 14 95 138 13 92 21 148 58 26 142 131 147 117 2 99 72 193 185 158 0 94 51 145 97 86 146 56 129 158 43 136 126 171 192 101 174 60 117 73 76 149 108 181 2 41 4 40 147 51 114 23 43 150 59 138 139 153 92 132 169 180 13 21 126 105 161 111 166 6 13 49 157 120 35 6 5 41 3 52 2 148 26 111 199 15 54 171 131 72 120 94 104 38 88 111 5 108 173 153 105 94 187 36 94 114 74 75 123 24 188 49 123 161 168 38 116 25 134 149 194 181 148 197 182 135 105 53 92 171 176 177 161 11 64 134 93 103 165 107 90 153 15 39 100 143 180 126 79 68 5 120 63 10 90 122 10 178 110 33 172 175 194 38 119 126 73 42 127 197 182 31 122 168 7 164 66 63 65 103 176 100 109 48 191 194 128 96 15 10 112 136 187 90 55 119 69 155 32 124
674
200 200 200 200 200 200 200 200 200 200 200 200 200 200 200 200 200 200 200 200 200 200 200 200 200 200 200 200 200 200 200 200 200 200 200 200 200 200 200 200 200 200 200 200 200 200 200 200 200 200 200 200 200 200 200 200 200 200 200 200 200 200 200 200 200 200 200 200 200 200 200 200 200 200 200 200 200 200 200 200 200 200 200 200 200 200 200 200 200 200 200 200 200 200 200 200 200 200 200 200 200 200 200 200 200 200 200 200 200 200 200 200 200 200 200 200 200 200 200 200 200 200 200 200 200 200 200 200 200 200 200 200 200 200 200 200 200 200 200 200 200 200 200 200 200 200 200 200 200 200 200 200 200 200 200 200 200 200 200 200 200 200 200 200 200 200 200 200 200 200 200 200 200 200 200 200 200 200 200 200 200 200 200 200 200 200 200 200 200 200 200 200 200 200 200 200 200 200 200 200 200 200 200 200 200 200 200 200 200 200 200 200 200 200 200 200 200 200 200 200 200 200 200 200 200 200 200 200 200 200 200 200 200 200 200 200 200 200 200 200 200 200 200 200 200 200 200 200 200 200 200 200 200 200 200 200 200 200 200 200 200 200 200 200 200 200 200 200 200 200 200 200 200 200 200 200 200 200 200 200 200 200 200 200 200 200 200 200 200 200 200 200 200 200 200 200 200 200 200 200 200 200 200 200 200 200 200 200 200 200 200 200 200 200 200 200 200 200 200 200 200 200 200 200 200 200 200 200 200 200 200 200 200 200 200 200 200 200 200 200 200 200 200 200 200 200 200 200 200 200 200 200 200 200 200 200 200 200 200 200 200 200 200 200 200 200 200 200 200 200 200 200 200 200 200 200 200 200 200 200 200 200 200 200 200 200 200 200 200 200 200 200 200 200 200 200 200 200 200 200 200 200 200 200 200 200 200 200 200 200 200 200 200 200 200 200 200 200 200 200 200 200 200 200 200 200 200 200 200 200 200 200 200 200 200 200 200 200 200 200 200 200 200 200 200 200 200 200 200 200 200 200 200 200 200 200 200 200 200 200 200 200 200 200 200 200 200 200 200 200 200 200 200 200 200 200 200 200 200 200 200 200 200 200 200 200 200 200 200 200 200 200 200 200 200 200 200 200 200 200 200 200 200 200 200 200 200 200 200 200 200 200 200 200 200 200 200 200 200 200 200 200 200 200 200 200 200 200 200 200 200 200 200 200 200 200 200 200 200 200 200 200 200 200 200 200 200 200 200 200 200 200 200 200 200 200 200 200 200 200 200 200 200 200 200 200 200 200 200 200 200 200 200 200 200 200 200 200 200 200 200 200 200 200 200 200 200 200 200 200 200 200 200 200 200 200 200 200 200 200 200 200 200 200 200 200 200 200 200 200 200 200 200 200 200 200 200 200 200 200 200 200 200 200 200 200 200 200 200 200 200 200 200 200 200 200 200 200 200 200 200 200 200 200 200 200 200 200 200 200 200 200 200 200 200 200 200 200 200 200 200 200 200 200 200 200 200 200 200 200 200 200 200 200
485
13 7 14 2 6 8 10 10 2 19 18 1 2 9 9 8 13 9 0 0 9 6 3 6 18 10 20 9 13 4 2 7 6 14 7 15 12 2 6 13 14 1 7 2 20 10 0 2 14 20 6 1 12 16 3 3 1 20 20 14 4 7 5 15 1 4 19 16 1 19 3 8 0 20 11 9 8 16 18 12 19 2 20 15 0 16 0 4 14 13 4 15 8 18 14 18 17 18 8 0 8 3 16 0 9 14 2 6 17 3 0 11 1 8 20 7 12 20 14 11 16 4 6 19 15 17 7 4 14 3 19 12 15 9 15 14 11 4 0 2 5 13 17 16 20 9 2 15 8 0 4 0 10 9 18 5 13 15 3 17 10 20 6 7 0 2 4 12 17 6 6 19 7 20 20 16 17 14 6 8 13 2 13 2 9 14 14 20 11 2 11 14 15 17 16 20 20 2 4 8 8 12 20 8 14 18 20 17 20 20 2 12 12 7 20 16 16 6 9 3 15 10 11 1 10 20 19 2 14 2 12 3 6 6 12 3 2 1 15 9 7 13 8 9 11 13 6 19 2 12 12 9 6 18 4 0 0 3 0 9 9 0 9 4 0 11 18 7 16 20 13 14 19 14 3 10 2 11 7 5 17 17 14 12 19 18 0 18 3 18 9 10 10 9 15 1 17 10 8 14 11 20 16 13 3 6 8 1 17 19 1 12 18 4 7 17 1 17 17 6 0 10 20 0 0 1 3 17 14 2 16 2 11 17 18 11 19 2 19 6 5 1 19 11 16 8 20 11 19 1 13 16 9 4 11 11 0 17 3 4 19 7 10 11 8 13 14 3 14 13 16 18 11 1 19 11 19 19 13 1 20 8 20 13 7 16 2 6 11 6 14 15 1 7 11 4 13 12 12 14 4 1 13 9 3 9 8 1 0 0 12 7 5 0 16 10 1 4 19 13 20 14 18 11 8 0 16 14 18 16 14 12 11 0 20 15 4 16 12 18 5 17 18 16 14 7 16 11 17 8 20 13 7 4 16 7 19 20 7 18 16 17 7 8 4 18 15 19 17 10 15 4 12 16 5 17 8 0 18 4 4 0 8 19 6
159
200 200 200 200 200 200 200 200 200 200 200 200 200 200 200 200 200 200 200 200 200 200 200 200 200 200 200 200 200 200 200 200 200 200 200 200 200 200 200 200 200 200 200 200 200 200 200 200 200 200 200 200 200 200 200 200 200 200 200 200 200 200 200 200 200 200 200 200 200 200 200 200 200 200 200 200 200 200 200 200 200 200 200 200 200 200 200 200 200 200 200 200 200 200 200 200 200 200 200 200 200 200 200 200 200 200 200 200 200 200 200 200 200 200 200 200 200 200 200 200 200 200 200 200 200 200 200 200 200 200 200 200 200 200 200 200 200 200 200 200 200 200 200 200 200 200 200 200 200 200 200 200 200 200 200 200 200 200 200
715
15 8 0 3 20 20 2 11 12 2 19 1 10 20 14 1 6 13 2 5 9 0 2 16 9 10 12 7 4 19 7 1 1 16 16 5 18 0 0 8 16 20 16 0 20 7 18 5 20 4 1 0 20 4 1 8 10 11 0 3 6 17 11 15 2 7 9 15 12 18 7 5 1 4 15 7 16 10 11 1 15 2 6 14 18 7 3 5 9 12 2 16 19 15 11 1 20 9 18 4 1 3 1 7 20 0 5 3 3 17 8 16 5 9 0 3 4 2 15 19 6 14 5 6 2 3 7 11 0 13 10 4 3 17 6 6 19 19 7 11 19 18 11 8 12 6 0 0 5 9 15 15 4 4 0 12 17 20 16 17 3 18 13 13 4 1 0 3 2 8 4 2 1 20 6 11 1 6 19 2 14 4 1 6 8 15 9 2 8 18 2 15 13 16 7 20 20 18 18 15 7 17 1 9 18 4 13 16 6 13 20 3 2 0 4 7 13 14 19 10 12 9 10 6 4 6 6 7 17 1 10 1 2 3 9 7 11 2 9 6 11 20 2 15 16 5 7 6 5 10 20 19 12 6 20 17 11 0 7 8 7 8 17 10 20 13 1 13 2 7 2 15 20 20 4 1 0 18 20 7 13 18 1 11 7 9 19 15 11 12 5 15 7 5 8 18 5 12 15 3 9 1 6 11 2 6 12 10 3 16 1 5 0 10 17 12 7 18 16 11 13 7 13 1 14 5 19 7 2 17 12 9 2 10 12 11 0 7 12 17 5 10 7 13 6 20 8 19 15 17 18 13 18 15 14 8 14 4 3 15 12 0 16 8 16 7 3 11 9 3 10 3 11 5 11 12 16 17 6 16 16 4 17 0 20 3 14 8 10 6 5 3 0 2 5 2 4 18 19 7 16 3 20 9 12 4 10 13 2 7 12 0 2 1 14 1 11 4 8 0 19 4 9 12 6 17 16 7 19 1 2 16 19 2 15 3 4 7 15 4 17 19 4 7 9 11 3 18 5 13 16 15 16 19 19 19 5 2 13 6 15 2 20 15 10 11 20 16 20 0 10 15 14 16 10 8 16 15 12 3 19 8 18 20 8 4 5 1 10 6 3 16 13 16 19 4 17 15 17 10 11 17 6 5 20 2 16 15 7 11 14 12 5 14 3 9 14 13 1 1 7 1 1 14 17 13 10 14 15 15 20 8 0 0 19 3 0 3 10 3 5 4 2 10 3 5 5 9 11 14 5 16 13 6 9 13 8 9 12 0 16 0 0 3 14 8 11 18 17 2 8 17 11 3 16 14 10 20 20 0 10 13 0 8 0 17 20 7 17 17 16 15 4 7 2 5 14 19 13 0 20 3 3 18 9 8 5 16 1 13 10 3 14 20 9 10 8 12 6 3 16 5 3 9 13 4 19 0 14 16 2 17 20 5 5 20 9 19 17 6 6 20 8 17 10 16 16 8 15 15 16 0 10 4 11 15 4 12 18 2 14 2 15 13 0 17 16 20 15 7 15 2 5 10 20 20 20 16 6 9 3 14 0 12 18 0 1 11 8 16 3 3 17 14 8 0 9 5 8 11 1 1 3 5 0 0 14 16 13 2 3 17 8 19 12
403
116 86 153 146 146 146 116 78 78 153 78 78 86 78 116 146 78 116 116 153 153 78 153 78 116 86 86 153 86 78 153 78 78 146 146 86 78 86 146 86 146 153 116 78 116 153 153 116 146 116 153 78 146 78 116 146 78 78 116 146 116 78 146 153 146 86 153 86 78 153 116 78 146 146 86 86 146 78 116 78 116 78 146 116 78 153 86 116 146 153 146 86 146 116 153 86 86 146 153 86 153 78 116 116 146 146 146 153 116 153 78 146 153 78 78 116 116 78 116 78 78 86 116 146 78 78 78 116 78 78 78 86 116 78 146 153 153 116 146 153 78 116 86 78 116 86 153 153 116 146 146 116 153 86 153 78 116 86 116 146 86 78 116 116 116 146 153 86 153 146 86 116 146 78 86 146 146 78 78 86 86 153 86 153 116 78 86 86 78 78 86 146 153 86 78 116 146 116 153 146 146 86 146 86 153 153 153 116 116 116 86 146 153 146 86 146 146 86 116 116 86 146 153 116 86 86 86 116 146 153 86 78 116 153 153 116 86 116 116 153 86 146 86 86 116 146 116 153 146 153 153 153 78 153 86 116 146 116 86 78 116 86 116 78 78 116 146 146 78 116 78 116 146 78 116 146 146 146 86 86 116 86 78 86 78 146 86 78 78 78 86 153 86 146 146 153 86 116 146 153 153 78 86 116 86 116 116 153 86 153 146 116 86 153 153 86 116 116 153 153 86 116 153 78 153 146 146 153 78 86 116 78 86 146 116 153 146 153 116 146 146 153 86 116 78 78 116 146 116 146 146 78 153 86 116 153 153 153 146 146 78 146 153 146 146 153 86 116 78 86 78 146 146 146 116 86 78 153 153 86 78 146 116 78 146 153 86 146 116 86 86 153 116 78 116 78 78 146 153 153 86 153 116
753
68 100 96 17 48 56 54 125 29 171 148 47 195 58 190 23 163 9 99 121 84 99 154 89 104 61 12 4 64 200 71 15 13 5 41 173 98 148 149 125 158 42 92 101 31 79 23 17 95 66 25 198 76 56 139 167 105 171 123 172 133 96 110 39 68 179 181 118 199 186 44 193 68 43 179 149 128 153 32 117 118 81 54 159 17 48 188 19 195 147 80 16 10 54 36 74 134 118 22 164 31 85 190 83 48 167 29 200 149 14 103 55 94 194 87 103 42 19 184 103 89 56 74 3 174 166 151 195 54 163 0 120 138 163 9 71 152 175 113 6 49 84 15 85 52 174 102 18 176 3 162 64 131 197 54 142 87 169 150 138 158 113 2 89 193 53 134 139 139 103 81 142 123 161 72 85 26 148 35 33 34 72 120 156 70 127 24 61 185 54 29 186 27 20 142 177 131 162 188 195 190 64 70 180 28 168 36 60 27 13 196 196 147 186 29 24 73 196 6 161 14 8 3 163 111 62 143 196 136 157 45 122 123 188 25 193 7 66 146 113 2 159 34 113 72 89 137 46 148 19 163 116 46 145 159 3 187 58 117 30 189 153 179 112 159 27 171 130 82 198 148 82 91 163 9 37 1 186 21 25 130 167 98 161 76 101 176 50 75 155 81 40 186 22 149 198 50 73 125 166 189 149 96 74 119 186 66 134 172 88 118 72 57 144 86 186 130 10 34 19 115 161 41 148 162 125 188 124 127 31 59 106 22 70 195 40 64 127 101 189 83 73 151 192 45 196 192 152 152 61 79 118 97 53 183 31 72 7 100 73 37 0 130 143 25 172 95 51 83 0 7 189 89 145 18 130 172 189 142 93 110 46 49 183 69 199 149 9 9 129 7 27 176 106 108 5 118 138 57 96 78 189 108 51 32 54 174 88 159 123 114 1 54 27 166 125 151 22 84 35 180 129 105 82 142 73 44 27 60 42 186 129 82 78 143 62 42 115 190 30 56 154 44 48 200 9 101 56 71 5 107 187 68 156 160 9 101 100 113 23 94 103 80 92 83 107 164 81 129 151 191 183 35 138 160 130 162 95 133 70 103 21 15 48 102 117 23 44 56 92 51 170 117 193 94 194 182 199 193 194 197 10 23 197 52 69 17 5 10 56 27 63 175 10 186 2 185 105 160 114 78 107 115 116 146 152 0 190 115 182 94 133 162 186 114 118 75 177 150 46 146 52 60 23 78 137 31 74 95 115 45 20 102 132 55 111 150 0 28 86 111 178 78 198 113 52 8 124 164 88 62 123 76 193 103 169 139 119 75 116 191 102 59 89 42 6 11 141 15 74 10 113 61 108 64 175 159 131 49 40 32 32 54 60 156 60 113 172 25 113 135 178 112 122 15 54 85 2 146 136 73 4 60 145 146 67 73 13 126 175 167 15 148 187 177 79 191 166 140 187 196 108 131 155 109 111 101 88 32 133 190 33 199 19 128 132 54 126 197 194 198 62 129 93 189 63 117 98 71 11 172 59 14 60 84 191 66 27 175 131 147 179 64 51 100 40 43 28 153 179 68 109 144 89 191 122 117 44 2 12 195 165 89 158 55 144 158 58 138 138 120 197 86 43 29 180 38 1 184 147 85 92 91 161 65 38 89 127 92 159 46 68 113 18 134 50 167 100 133 29 66 7 72 155 52 94 162 132 132 142 32 113 9
300
11 10 10 9 14 12 15 20 2 9 13 8 1 12 3 4 16 2 8 16 17 5 16 9 10 17 4 3 15 10 11 11 19 16 14 20 19 20 1 5 2 17 14 19 8 19 17 15 14 8 5 10 15 19 12 2 1 6 8 16 19 17 5 8 1 0 9 11 8 8 15 5 11 9 18 19 18 18 15 18 14 3 17 19 15 12 20 7 13 18 0 5 1 7 4 5 3 7 14 16 11 13 17 10 19 19 10 2 17 17 20 5 15 14 6 10 2 19 7 14 15 18 20 17 8 3 5 3 11 1 19 2 17 13 5 12 9 3 13 3 18 20 17 17 1 6 19 4 16 13 11 17 15 7 4 19 10 8 8 14 12 1 1 7 20 14 11 20 13 9 2 10 10 5 7 0 8 6 3 17 11 20 1 15 1 4 8 9 10 19 6 16 18 6 15 9 4 15 12 4 2 0 4 4 7 5 7 4 16 16 5 12 16 8 9 3 10 20 5 15 9 9 10 14 2 16 12 9 9 12 19 7 8 10 4 6 3 15 7 9 5 10 14 16 14 15 19 11 16 15 0 7 5 14 5 20 19 16 14 0 10 12 20 5 15 3 15 13 3 13 14 11 19 0 9 12 6 5 16 8 15 12 18 11 6 7 0 12 13 1 12 2 18 10 10 17 8 15 18 11
858
0 0 0 0 0 0 0 0 0 0 0 0 0 0 0 0 0 0 0 0 0 0 0 0 0 0 0 0 0 0 0 0 0 0 0 0 0 0 0 0 0 0 0 0 0 0 0 0 0 0 0 0 0 0 0 0 0 0 0 0 0 0 0 0 0 0 0 0 0 0 0 0 0 0 0 0 0 0 0 0 0 0 0 0 0 0 0 0 0 0 0 0 0 0 0 0 0 0 0 0 0 0 0 0 0 0 0 0 0 0 0 0 0 0 0 0 0 0 0 0 0 0 0 0 0 0 0 0 0 0 0 0 0 0 0 0 0 0 0 0 0 0 0 0 0 0 0 0 0 0 0 0 0 0 0 0 0 0 0 0 0 0 0 0 0 0 0 0 0 0 0 0 0 0 0 0 0 0 0 0 0 0 0 0 0 0 0 0 0 0 0 0 0 0 0 0 0 0 0 0 0 0 0 0 0 0 0 0 0 0 0 0 0 0 0 0 0 0 0 0 0 0 0 0 0 0 0 0 0 0 0 0 0 0 0 0 0 0 0 0 0 0 0 0 0 0 0 0 0 0 0 0 0 0 0 0 0 0 0 0 0 0 0 0 0 0 0 0 0 0 0 0 0 0 0 0 0 0 0 0 0 0 0 0 0 0 0 0 0 0 0 0 0 0 0 0 0 0 0 0 0 0 0 0 0 0 0 0 0 0 0 0 0 0 0 0 0 0 0 0 0 0 0 0 0 0 0 0 0 0 0 0 0 0 0 0 0 0 0 0 0 0 0 0 0 0 0 0 0 0 0 0 0 0 0 0 0 0 0 0 0 0 0 0 0 0 0 0 0 0 0 0 0 0 0 0 0 0 0 0 0 0 0 0 0 0 0 0 0 0 0 0 0 0 0 0 0 0 0 0 0 0 0 0 0 0 0 0 0 0 0 0 0 0 0 0 0 0 0 0 0 0 0 0 0 0 0 0 0 0 0 0 0 0 0 0 0 0 0 0 0 0 0 0 0 0 0 0 0 0 0 0 0 0 0 0 0 0 0 0 0 0 0 0 0 0 0 0 0 0 0 0 0 0 0 0 0 0 0 0 0 0 0 0 0 0 0 0 0 0 0 0 0 0 0 0 0 0 0 0 0 0 0 0 0 0 0 0 0 0 0 0 0 0 0 0 0 0 0 0 0 0 0 0 0 0 0 0 0 0 0 0 0 0 0 0 0 0 0 0 0 0 0 0 0 0 0 0 0 0 0 0 0 0 0 0 0 0 0 0 0 0 0 0 0 0 0 0 0 0 0 0 0 0 0 0 0 0 0 0 0 0 0 0 0 0 0 0 0 0 0 0 0 0 0 0 0 0 0 0 0 0 0 0 0 0 0 0 0 0 0 0 0 0 0 0 0 0 0 0 0 0 0 0 0 0 0 0 0 0 0 0 0 0 0 0 0 0 0 0 0 0 0 0 0 0 0 0 0 0 0 0 0 0 0 0 0 0 0 0 0 0 0 0 0 0 0 0 0 0 0 0 0 0 0 0 0 0 0 0 0 0 0 0 0 0 0 0 0 0 0 0 0 0 0 0 0 0 0 0 0 0 0 0 0 0 0 0 0 0 0 0 0 0 0 0 0 0 0 0 0 0 0 0 0 0 0 0 0 0 0 0 0 0 0 0 0 0 0 0 0 0 0 0 0 0 0 0 0 0 0 0 0 0 0 0 0 0 0 0 0 0 0 0 0 0 0 0 0 0 0 0 0 0 0 0 0 0 0 0 0 0 0 0 0 0 0 0 0 0 0 0 0 0 0 0 0 0 0 0 0 0 0 0 0 0 0 0 0 0 0 0 0 0 0 0 0 0 0 0 0 0 0 0 0 0 0 0 0 0 0 0 0 0 0 0 0 0 0 0 0 0 0 0 0 0 0 0 0 0 0 0 0 0 0 0 0 0
776
148 99 148 4 4 99 4 4 99 4 148 4 148 4 4 148 4 99 4 4 4 4 99 148 4 99 99 148 148 99 99 99 148 99 99 148 99 99 148 148 148 4 148 148 148 4 4 4 148 4 148 148 99 148 99 99 99 4 4 148 4 99 4 99 148 148 4 99 148 148 4 4 148 4 4 4 4 4 148 148 148 148 4 148 148 4 99 4 99 4 99 99 99 148 4 4 148 4 4 148 99 148 148 4 99 99 99 4 148 4 4 148 99 148 148 99 4 4 4 99 99 99 148 4 148 148 4 148 99 4 99 4 4 99 99 4 99 148 99 148 4 148 4 99 4 99 4 99 148 148 4 148 99 4 148 4 4 99 99 4 99 148 148 148 99 148 4 99 99 4 4 4 4 4 99 4 4 148 99 4 148 4 148 99 4 148 4 99 4 99 148 148 4 4 4 99 148 148 4 148 148 4 99 99 99 148 99 148 99 148 4 4 148 148 4 4 99 4 148 148 99 99 148 148 148 99 148 148 99 148 148 99 148 4 4 99 4 4 148 99 99 4 99 4 4 99 99 148 4 4 99 99 99 148 148 4 148 4 148 99 4 148 148 99 4 99 4 148 99 99 99 148 99 4 99 148 99 148 4 99 4 148 99 4 99 4 4 4 148 99 148 4 148 4 99 148 148 99 148 4 4 99 148 4 99 148 4 4 148 4 148 99 148 99 148 99 148 4 148 99 148 148 4 148 99 148 99 148 99 148 148 4 99 148 148 4 99 4 148 99 148 99 4 148 4 99 148 4 99 4 99 99 99 148 99 148 148 148 148 4 99 4 4 148 148 148 4 4 4 4 148 148 99 99 4 4 148 148 148 4 99 4 99 4 148 4 99 99 99 4 4 4 148 148 4 99 4 148 99 4 4 99 148 99 4 148 99 148 99 148 148 4 99 148 99 99 148 148 4 99 4 99 148 4 148 148 99 99 4 99 99 148 4 99 99 4 4 4 4 148 148 99 148 148 148 148 148 148 99 99 4 99 4 4 148 99 148 4 99 4 4 148 99 99 4 99 4 4 148 4 148 99 148 4 4 148 99 4 4 4 148 148 148 148 4 4 4 148 148 99 148 148 99 148 99 148 99 148 148 148 99 4 99 148 4 99 99 99 99 4 99 4 148 99 99 99 99 148 148 148 148 99 148 99 99 148 4 4 4 99 99 4 99 148 99 148 148 99 4 4 99 148 4 99 148 148 148 99 4 148 4 148 148 99 4 148 99 148 148 4 148 4 148 4 4 99 4 4 99 4 4 4 99 4 148 99 99 148 99 4 148 99 148 148 99 148 99 99 4 148 99 99 4 99 99 148 99 148 99 148 148 148 148 4 99 99 4 148 148 99 148 4 99 4 99 4 148 148 148 4 4 148 99 148 4 4 99 99 99 148 99 148 148 99 148 4 99 99 148 148 99 148 148 99 4 99 99 4 99 99 148 148 148 99 148 99 148 99 4 99 99 4 99 148 99 99 99 148 148 99 148 99 148 148 4 99 99 4 4 148 99 99 99 148 148 4 99 99 4 4 4 4 148 99 148 4 4 148 148 148 99 148 99 148 148 4 4 148 99 99 4 4 99 99 99 4 148 4 148 148 4 4 99 99 4 4 4 148 4 148 148 148 4 99 148 4 99 4 99 4 99 148 4 4 4 99 99 99 4 4 148 99 99 148 148 99 148 99 4 4 99 99 4 99 4 99 148 148 4 148 4 148 99 4 148 148
573
0 200 90 99 66 94 95 72 54 72 86 96 53 118 79 101 60 62 51 75 50 61 84 94 119 80 98 86 81 87 79 117 120 97 106 98 107 107 81 102 98 97 56 54 99 113 83 98 104 115 93 53 97 77 93 64 68 111 90 52 84 59 96 110 83 99 58 59 63 52 50 108 102 70 97 85 112 52 110 70 51 66 88 95 65 86 70 98 107 74 58 102 69 86 62 81 91 100 52 90 77 98 99 70 61 60 90 86 103 63 75 94 94 79 77 101 73 72 60 117 73 88 110 63 58 115 69 81 86 88 80 63 59 67 70 120 82 91 103 72 58 60 111 99 116 98 85 117 65 63 108 104 81 81 98 106 91 92 53 94 87 90 80 99 76 104 104 78 64 88 94 63 68 104 69 118 83 50 62 78 90 100 51 119 50 74 50 116 120 116 55 104 68 101 51 95 54 70 77 61 72 100 97 80 76 92 120 77 74 100 119 120 96 59 111 62 51 83 77 62 104 69 84 91 60 81 93 68 99 66 68 66 81 109 62 111 117 120 64 75 66 119 53 85 94 51 59 73 71 62 82 120 84 70 75 61 93 60 88 90 119 64 65 89 101 98 63 66 68 89 113 90 80 98 56 52 71 114 92 79 94 78 59 114 54 78 116 93 92 75 93 62 72 59 90 71 77 100 99 119 109 102 92 71 108 99 118 112 62 116 90 111 76 113 80 96 65 94 103 117 119 80 90 99 91 99 83 61 106 56 88 107 59 98 50 70 74 75 62 84 56 84 100 114 56 75 96 87 104 66 57 99 78 116 100 90 95 103 84 91 111 54 85 105 93 97 65 84 119 64 90 90 65 78 61 89 70 116 51 112 73 54 55 102 72 99 117 106 90 115 66 94 109 80 115 70 54 68 104 111 109 64 62 88 119 74 75 69 84 107 72 66 62 90 76 104 60 89 99 59 61 90 101 84 62 83 73 71 66 111 80 120 109 97 59 109 100 73 80 89 59 63 60 101 94 106 61 65 66 93 104 68 113 111 108 75 113 98 73 107 68 62 91 84 94 98 62 94 84 74 66 64 67 110 98 77 56 106 55 65 80 55 65 119 94 89 87 53 108 109 96 74 96 117 109 59 91 89 111 111 73 88 66 61 51 99 53 104 115 110 51 112 102 97 115 96 52 52 76 99 118 91 96 89 72 81 70 81 96 51 59 96 75 74 56 80 76 64 76 58 52 78 66 120 80 58 69 95 75 108 62 87 58 108 53 81 97 91 79 82 94 84 87 84 107 78 65 81 87 76 56 117 200
135
156 156 194 132 156 132 194 57 57 132 194 156 156 156 194 156 132 156 194 57 156 194 156 194 194 57 156 194 194 194 194 194 156 156 156 156 132 194 132 57 132 156 57 156 156 156 156 57 57 132 156 194 156 156 132 194 194 194 132 194 132 156 194 57 194 194 132 156 156 132 156 132 132 132 132 57 194 194 132 57 194 57 132 57 194 194 194 57 132 132 57 132 194 132 156 57 156 132 194 57 132 194 132 132 156 194 194 57 132 132 132 57 132 132 57 132 194 194 57 132 194 156 156 132 194 132 132 156 57 57 132 194 132 57 132
229
0 200 101 76 79 69 112 80 101 82 106 74 59 120 105 83 53 80 77 58 50 66 106 118 97 72 84 85 113 82 62 72 61 67 74 65 116 106 87 70 59 64 96 107 55 98 83 63 52 56 118 114 94 76 59 86 54 94 84 98 87 111 101 104 95 58 91 57 84 74 118 81 52 112 105 75 114 72 64 77 119 102 59 111 105 120 108 94 77 92 72 118 87 103 111 68 70 97 99 104 58 113 69 93 56 108 73 94 92 67 93 88 99 57 58 99 93 90 107 98 85 51 54 52 72 57 51 96 105 83 85 110 120 103 82 69 87 103 93 73 76 59 89 68 102 73 55 117 61 98 102 94 110 97 114 75 65 106 105 52 114 59 103 109 115 67 89 116 92 108 76 80 96 70 56 85 70 103 90 70 103 79 66 101 81 91 56 91 50 92 75 67 99 98 63 114 109 107 87 67 62 105 88 113 114 103 104 99 68 94 61 58 109 73 104 103 113 62 54 80 87 75 90 77 119 54 103 99 200
613
0 200 66 113 82 57 89 109 105 71 64 113 66 72 113 103 95 100 110 66 95 114 115 97 114 93 120 102 108 98 102 105 71 118 60 92 99 59 72 53 79 115 99 69 113 115 59 110 67 91 75 112 108 110 58 54 97 63 58 87 119 58 66 108 62 92 76 89 107 92 60 113 85 58 95 80 101 115 91 96 107 65 59 94 118 75 108 116 59 99 97 71 118 109 76 118 117 110 72 54 100 94 100 63 73 87 108 101 116 114 74 63 103 69 86 96 56 92 59 104 73 97 114 69 70 88 89 87 59 103 56 60 59 88 88 63 103 110 93 96 72 68 101 119 113 86 91 113 59 100 81 94 120 57 89 118 50 58 73 92 115 103 77 89 116 55 57 85 51 51 87 119 91 101 116 120 92 63 104 63 79 108 64 106 71 74 81 87 112 89 98 83 105 74 70 59 107 70 62 67 69 108 120 78 64 106 98 61 86 88 109 76 66 120 69 68 102 102 99 115 56 70 55 92 73 60 87 90 64 67 118 57 71 56 92 82 53 51 58 120 69 108 117 99 59 92 105 73 54 74 120 113 70 54 60 77 62 71 81 56 90 101 79 110 84 116 62 73 78 68 63 68 112 98 96 101 74 54 57 114 57 111 117 66 67 91 85 72 110 108 112 96 78 84 53 69 88 73 94 92 79 55 81 57 88 64 60 64 101 91 95 73 92 92 62 53 81 89 111 81 95 80 84 87 101 68 97 118 69 102 54 88 105 92 75 62 120 66 97 76 101 109 52 61 74 98 118 92 101 95 101 64 92 80 95 116 100 63 90 60 94 100 51 120 119 99 89 80 69 90 90 57 79 116 58 62 83 120 89 77 109 97 117 100 105 105 58 100 60 84 112 52 115 91 74 102 63 87 91 91 54 97 89 111 62 85 77 74 87 78 108 70 99 108 120 81 61 115 116 111 119 112 69 98 98 109 75 61 51 59 114 85 64 98 73 111 68 74 53 110 110 87 98 96 116 92 118 54 101 89 119 112 51 75 86 83 58 112 97 72 94 109 77 63 51 69 67 59 86 114 52 84 71 79 112 72 93 114 59 94 50 75 107 102 106 118 114 67 79 58 83 106 112 66 65 90 67 81 51 113 116 77 54 63 115 61 85 114 88 55 62 52 89 108 120 63 71 68 96 117 106 50 74 77 111 77 89 86 75 56 98 98 61 56 105 103 113 97 71 79 100 78 110 66 92 65 93 101 72 77 118 55 82 116 74 103 94 78 71 106 55 74 97 89 117 118 83 104 81 59 117 99 120 109 117 67 79 91 112 119 64 65 75 57 74 90 114 77 90 60 81 99 56 92 107 111 108 72 73 62 82 73 109 106 77 89 78 116 73 56 109 91 200
275
0 200 104 91 83 119 81 96 99 108 82 69 91 113 116 105 94 104 64 100 116 108 111 91 56 81 76 104 77 108 82 50 119 60 75 95 55 98 93 109 88 50 85 58 90 106 88 71 86 99 69 70 113 65 67 90 57 111 92 74 66 59 65 108 116 61 78 82 60 91 103 52 97 53 59 71 94 111 86 92 59 101 86 93 92 109 113 54 90 63 69 101 65 80 68 111 74 83 51 111 54 66 63 76 81 107 71 60 84 95 68 102 100 50 62 119 100 68 107 98 65 74 105 107 82 118 84 99 58 50 62 54 115 55 51 111 103 69 97 110 111 78 75 87 93 61 107 117 63 58 71 70 80 67 113 68 63 79 54 100 57 112 60 57 109 108 73 77 77 72 51 116 99 92 84 112 69 78 87 50 98 72 77 76 61 106 78 53 53 74 116 100 119 63 66 99 105 73 119 120 83 109 64 112 116 61 104 79 80 112 64 87 68 63 94 60 116 85 118 53 61 100 70 99 108 83 50 70 75 57 72 65 120 67 50 54 79 72 100 98 87 64 84 95 90 55 88 62 91 77 95 116 116 60 103 55 71 100 72 50 68 71 54 86 65 109 73 118 67 51 105 115 60 88 200
695
130 1 127 152 131 3 186 4 120 176 50 14 37 76 175 59 180 195 197 161 91 199 59 197 85 184 168 195 13 48 187 183 178 96 42 54 187 77 78 109 150 138 189 134 141 0 92 175 50 57 189 101 119 84 107 1 96 110 177 75 43 46 164 2 196 95 171 28 86 147 13 85 45 128 105 154 138 70 114 14 67 162 114 90 63 27 54 4 29 31 162 23 86 176 49 134 69 119 126 53 13 43 109 88 22 84 142 190 108 164 163 83 28 200 47 5 199 65 192 30 28 69 102 105 116 139 78 72 199 88 182 195 15 49 39 194 180 146 128 101 49 49 163 161 82 91 77 149 155 167 169 98 45 170 19 130 98 175 43 150 113 47 76 45 44 91 199 66 126 25 175 129 199 25 120 167 160 104 22 33 51 161 98 114 93 83 156 108 180 89 72 113 170 94 121 79 167 172 115 99 188 59 57 197 76 165 89 81 174 165 185 24 170 103 100 195 159 125 55 162 100 141 74 192 200 49 27 139 33 115 81 184 64 139 198 187 69 76 50 65 101 200 99 193 140 15 187 190 104 160 156 0 92 24 105 102 99 54 12 100 130 125 40 28 1 145 144 40 49 28 31 182 100 9 193 192 79 199 152 164 10 16 70 145 158 56 41 110 137 96 13 8 1 158 88 81 108 90 42 87 152 150 14 22 103 76 68 94 190 130 80 50 39 109 65 89 34 35 118 123 97 83 165 104 110 196 51 29 143 135 77 80 157 64 176 62 128 59 84 9 20 49 152 155 199 175 116 42 174 124 172 123 69 98 170 81 166 103 166 17 179 109 100 41 90 168 185 14 34 103 88 112 4 139 71 112 131 158 85 111 164 133 11 200 117 46 155 136 136 35 88 47 10 195 142 158 96 197 32 186 182 15 19 194 123 67 84 169 136 195 147 126 126 198 62 187 105 168 124 148 165 192 97 2 36 156 44 157 67 131 46 70 146 59 45 12 1 81 122 100 41 149 12 29 147 99 1 144 19 159 44 200 48 186 163 61 1 102 180 20 156 69 196 107 12 35 73 190 82 40 0 53 99 107 69 172 144 100 153 178 134 19 33 10 150 84 137 185 99 74 137 48 162 144 45 81 132 199 43 199 103 32 85 86 8 31 50 80 47 131 24 18 39 99 47 76 158 47 139 148 124 131 63 126 62 63 174 152 100 116 28 123 37 83 109 54 161 75 169 157 123 125 127 103 12 4 197 28 122 158 105 75 87 161 157 174 11 134 131 176 49 92 105 164 111 44 93 81 50 75 92 113 94 77 129 42 199 87 197 15 185 147 69 43 64 159 102 120 49 143 100 188 52 95 153 22 43 134 175 52 158 0 13 56 75 43 158 72 193 8 33 164 73 118 20 163 133 170 45 93 163 149 102 41 199 162 103 127 130 112 118 28 172 0 62 19 199 57 152 89 85 126 29 105 199 106 38 140 37 181 17 6 42 83 178 136 3 1 81 112 66 0 108 134 166 187 124 161 23 197 90 137 62 196 198 109 140 152 141 91 60 0 134 8 16 129 195 37 2 144 129 85 156 149 198
714
164 9 19 2 13 14 170 2 174 0 17 13 177 188 16 8 167 13 10 16 6 16 1 17 7 12 6 8 18 5 16 4 15 5 10 7 12 200 17 16 18 14 6 19 11 15 17 1 15 8 1 1 10 2 163 2 9 18 15 6 14 11 160 15 13 3 0 6 10 153 8 1 190 10 4 192 170 19 5 18 1 20 12 167 9 20 9 4 151 200 5 190 161 18 20 17 11 2 0 14 6 2 10 18 159 1 5 12 1 15 10 10 17 4 18 1 11 11 6 20 15 16 19 5 1 18 3 20 192 15 16 11 20 9 0 154 150 165 15 14 7 19 8 9 9 179 157 0 14 16 8 13 1 5 18 4 193 0 6 151 7 156 18 182 3 179 190 5 183 9 155 14 2 8 7 16 8 157 12 6 185 5 15 1 155 17 3 1 7 182 18 7 2 17 159 164 17 2 161 18 169 194 6 8 6 17 9 1 19 20 6 183 3 171 161 167 1 16 9 14 12 5 13 16 15 9 17 157 176 19 15 8 7 172 12 1 3 20 8 11 191 1 9 18 15 18 9 14 4 13 0 10 12 18 6 17 16 11 18 15 8 7 12 5 16 12 3 3 11 11 9 19 8 6 0 13 13 2 8 18 1 14 181 180 10 10 1 150 166 1 18 9 5 8 194 2 3 182 16 8 10 192 151 4 153 199 4 180 17 17 13 0 19 195 18 11 184 162 16 19 1 5 16 188 11 7 165 16 13 7 15 151 9 3 12 159 6 15 161 1 4 16 2 178 14 13 2 188 13 20 190 16 9 179 20 16 6 159 150 13 11 1 12 154 10 18 0 1 164 190 4 15 19 7 196 160 4 13 172 16 185 185 163 14 16 16 8 9 15 10 3 7 1 14 15 170 16 9 17 10 167 14 3 12 17 4 188 14 8 11 0 4 6 164 3 3 10 6 8 199 1 3 7 3 20 7 188 9 16 18 4 4 1 14 177 0 151 12 7 8 176 163 13 6 5 175 12 20 13 0 0 0 3 8 173 15 5 165 9 191 197 17 12 5 177 18 12 174 12 20 150 2 17 9 10 14 165 177 2 6 14 14 18 16 193 1 160 15 13 11 12 0 17 161 10 20 4 18 14 11 16 19 18 18 15 158 8 14 8 181 8 8 173 11 0 17 20 170 12 20 5 6 7 14 19 12 9 10 18 10 171 6 177 0 17 168 160 7 13 9 185 7 196 20 20 17 10 9 12 14 6 9 19 2 20 3 9 199 7 2 7 165 9 199 15 187 1 163 158 2 19 152 6 168 11 4 18 155 1 9 7 0 183 15 166 3 12 3 9 4 2 10 1 7 192 20 9 1 10 19 163 19 8 8 1 199 0 10 177 0 10 0 1 6 5 8 180 3 8 19 157 4 2 4 18 19 12 16 11 9 6 0 168 9 7 20 8 9 17 7 14 18 188 7 16 180 4 14 4 8 9 17 9 5 4 0 13 17 7 11 17 9 7 179 3 5 0 6 17 15 8 162 5 4 20 175 3 20 164 165 0 18 15 14 3 14 174 16 0 186 9 14 11 10 0 12 20 12 17 7 13 8 9 4 10 6 169 20 2 19 16 159 180 15
407
0 0 0 0 0 0 0 0 0 0 0 0 0 0 0 0 0 0 0 0 0 0 0 0 0 0 0 0 0 0 0 0 0 0 0 0 0 0 0 0 0 0 0 0 0 0 0 0 0 0 0 0 0 0 0 0 0 0 0 0 0 0 0 0 0 0 0 0 0 0 0 0 0 0 0 0 0 0 0 0 0 0 0 0 0 0 0 0 0 0 0 0 0 0 0 0 0 0 0 0 0 0 0 0 0 0 0 0 0 0 0 0 0 0 0 0 0 0 0 0 0 0 0 0 0 0 0 0 0 0 0 0 0 0 0 0 0 0 0 0 0 0 0 0 0 0 0 0 0 0 0 0 0 0 0 0 0 0 0 0 0 0 0 0 0 0 0 0 0 0 0 0 0 0 0 0 0 0 0 0 0 0 0 0 0 0 0 0 0 0 0 0 0 0 0 0 0 0 0 0 0 0 0 0 0 0 0 0 0 0 0 0 0 0 0 0 0 0 0 0 0 0 0 0 0 0 0 0 0 0 0 0 0 0 0 0 0 0 0 0 0 0 0 0 0 0 0 0 0 0 0 0 0 0 0 0 0 0 0 0 0 0 0 0 0 0 0 0 0 0 0 0 0 0 0 0 0 0 0 0 0 0 0 0 0 0 0 0 0 0 0 0 0 0 0 0 0 0 0 0 0 0 0 0 0 0 0 0 0 0 0 0 0 0 0 0 0 0 0 0 0 0 0 0 0 0 0 0 0 0 0 0 0 0 0 0 0 0 0 0 0 0 0 0 0 0 0 0 0 0 0 0 0 0 0 0 0 0 0 0 0 0 0 0 0 0 0 0 0 0 0 0 0 0 0 0 0 0 0 0 0 0 0 0 0 0 0 0 0 0 0 0 0 0 0 0 0 0 0 0 0 0 0 0 0 0 0
888
0 0 0 0 0 0 0 0 0 0 0 0 0 0 0 0 0 0 0 0 0 0 0 0 0 0 0 0 0 0 0 0 0 0 0 0 0 0 0 0 0 0 0 0 0 0 0 0 0 0 0 0 0 0 0 0 0 0 0 0 0 0 0 0 0 0 0 0 0 0 0 0 0 0 0 0 0 0 0 0 0 0 0 0 0 0 0 0 0 0 0 0 0 0 0 0 0 0 0 0 0 0 0 0 0 0 0 0 0 0 0 0 0 0 0 0 0 0 0 0 0 0 0 0 0 0 0 0 0 0 0 0 0 0 0 0 0 0 0 0 0 0 0 0 0 0 0 0 0 0 0 0 0 0 0 0 0 0 0 0 0 0 0 0 0 0 0 0 0 0 0 0 0 0 0 0 0 0 0 0 0 0 0 0 0 0 0 0 0 0 0 0 0 0 0 0 0 0 0 0 0 0 0 0 0 0 0 0 0 0 0 0 0 0 0 0 0 0 0 0 0 0 0 0 0 0 0 0 0 0 0 0 0 0 0 0 0 0 0 0 0 0 0 0 0 0 0 0 0 0 0 0 0 0 0 0 0 0 0 0 0 0 0 0 0 0 0 0 0 0 0 0 0 0 0 0 0 0 0 0 0 0 0 0 0 0 0 0 0 0 0 0 0 0 0 0 0 0 0 0 0 0 0 0 0 0 0 0 0 0 0 0 0 0 0 0 0 0 0 0 0 0 0 0 0 0 0 0 0 0 0 0 0 0 0 0 0 0 0 0 0 0 0 0 0 0 0 0 0 0 0 0 0 0 0 0 0 0 0 0 0 0 0 0 0 0 0 0 0 0 0 0 0 0 0 0 0 0 0 0 0 0 0 0 0 0 0 0 0 0 0 0 0 0 0 0 0 0 0 0 0 0 0 0 0 0 0 0 0 0 0 0 0 0 0 0 0 0 0 0 0 0 0 0 0 0 0 0 0 0 0 0 0 0 0 0 0 0 0 0 0 0 0 0 0 0 0 0 0 0 0 0 0 0 0 0 0 0 0 0 0 0 0 0 0 0 0 0 0 0 0 0 0 0 0 0 0 0 0 0 0 0 0 0 0 0 0 0 0 0 0 0 0 0 0 0 0 0 0 0 0 0 0 0 0 0 0 0 0 0 0 0 0 0 0 0 0 0 0 0 0 0 0 0 0 0 0 0 0 0 0 0 0 0 0 0 0 0 0 0 0 0 0 0 0 0 0 0 0 0 0 0 0 0 0 0 0 0 0 0 0 0 0 0 0 0 0 0 0 0 0 0 0 0 0 0 0 0 0 0 0 0 0 0 0 0 0 0 0 0 0 0 0 0 0 0 0 0 0 0 0 0 0 0 0 0 0 0 0 0 0 0 0 0 0 0 0 0 0 0 0 0 0 0 0 0 0 0 0 0 0 0 0 0 0 0 0 0 0 0 0 0 0 0 0 0 0 0 0 0 0 0 0 0 0 0 0 0 0 0 0 0 0 0 0 0 0 0 0 0 0 0 0 0 0 0 0 0 0 0 0 0 0 0 0 0 0 0 0 0 0 0 0 0 0 0 0 0 0 0 0 0 0 0 0 0 0 0 0 0 0 0 0 0 0 0 0 0 0 0 0 0 0 0 0 0 0 0 0 0 0 0 0 0 0 0 0 0 0 0 0 0 0 0 0 0 0 0 0 0 0 0 0 0 0 0 0 0 0 0 0 0 0 0 0 0 0 0 0 0 0 0 0 0 0 0 0 0 0 0 0 0 0 0 0 0 0 0 0 0 0 0 0 0 0 0 0 0 0 0 0 0 0 0 0 0 0 0 0 0 0 0 0 0 0 0 0 0 0 0 0 0 0 0 0 0 0 0 0 0 0 0 0 0 0 0 0 0 0 0 0 0 0 0 0 0 0 0 0 0 0 0 0 0 0 0 0 0 0 0 0 0 0 0 0 0 0 0 0 0 0 0 0 0 0 0 0 0 0 0 0 0 0 0 0 0 0 0
521
0 200 66 114 72 77 66 55 80 119 76 101 109 117 98 83 93 51 117 52 80 64 61 106 107 90 56 73 95 75 67 59 65 117 118 61 81 58 120 64 78 90 100 94 58 88 77 79 81 105 66 67 93 55 103 95 76 91 68 106 66 119 83 67 98 78 112 76 96 54 119 60 93 67 55 69 77 110 79 79 94 102 94 75 69 83 60 88 63 94 106 57 115 88 81 105 96 65 77 62 96 94 97 61 114 88 117 120 56 92 117 111 52 76 104 120 54 120 81 71 54 61 78 79 66 68 72 74 91 117 76 77 54 55 59 52 79 67 76 84 112 94 85 60 106 109 91 79 118 71 90 77 107 75 54 113 50 77 79 70 71 99 58 53 82 77 89 92 68 116 89 107 73 115 118 99 112 89 68 95 84 106 101 83 60 117 75 99 83 57 59 70 52 89 62 95 64 104 51 78 75 54 114 61 119 80 110 80 73 117 119 89 94 66 75 103 59 78 80 97 55 118 79 106 79 102 88 66 81 79 71 77 54 116 107 105 55 100 72 70 103 56 66 87 53 85 68 50 52 83 97 62 82 76 91 101 54 59 69 51 104 110 86 57 55 56 51 82 71 97 89 106 120 119 52 93 83 59 90 102 61 97 54 104 55 106 84 62 115 74 82 107 90 105 120 88 77 57 53 109 98 80 96 92 106 118 77 110 104 92 107 73 68 79 77 100 74 84 68 77 67 113 72 56 98 59 106 111 55 64 100 88 87 120 94 57 111 118 117 53 75 77 98 93 64 81 82 90 119 88 68 81 68 74 54 55 90 84 88 91 69 107 71 77 92 57 78 78 94 102 108 64 71 105 116 90 68 79 55 67 58 52 96 120 107 76 103 90 67 110 110 114 56 91 97 69 57 84 103 101 103 96 111 75 61 62 51 100 64 71 103 110 77 116 110 108 114 59 73 101 77 68 55 105 85 114 83 90 89 50 113 62 80 73 67 66 55 119 60 108 51 93 55 76 82 66 72 72 107 55 57 76 65 83 63 91 65 92 57 114 111 106 86 79 103 88 111 64 120 105 60 63 114 90 77 82 98 81 95 63 103 89 116 53 115 66 86 108 115 54 87 89 80 70 104 118 74 88 65 74 91 112 96 72 58 51 54 98 53 92 97 71 98 56 97 53 93 58 83 113 200
572
103 103 179 103 0 0 179 0 0 103 0 103 179 0 103 179 103 179 103 179 0 0 103 179 179 0 0 179 179 179 0 179 179 179 103 103 0 0 0 179 179 0 179 179 179 179 103 179 103 179 179 179 103 103 179 179 0 103 0 103 179 179 0 103 0 179 179 0 179 0 103 0 103 0 103 103 103 179 103 179 103 0 0 179 103 103 179 179 0 179 0 0 103 103 103 179 0 0 0 103 0 179 0 103 103 103 179 179 103 0 179 0 179 0 103 0 0 103 103 179 179 0 0 0 179 179 0 103 179 0 0 0 0 179 103 179 0 0 103 103 179 0 103 179 103 179 103 103 0 103 179 103 103 179 179 103 179 103 103 0 179 0 103 0 0 0 0 179 103 179 0 0 179 0 179 179 179 179 0 179 103 179 103 179 0 179 103 179 103 103 179 0 0 103 103 103 179 103 0 179 179 179 0 0 179 103 179 0 103 0 0 179 0 103 103 0 0 0 103 103 103 103 179 103 0 103 179 103 179 103 179 179 103 103 103 0 103 0 179 179 179 0 0 103 103 103 179 0 103 0 0 179 179 103 103 103 179 179 0 103 0 0 0 179 103 103 103 103 179 0 103 0 0 0 179 103 179 103 179 103 103 179 103 179 0 179 103 0 103 0 0 179 103 103 179 103 103 179 179 103 103 103 103 0 103 179 103 179 179 179 0 179 0 103 179 0 179 103 103 0 0 0 103 0 0 103 103 0 0 0 103 179 179 0 103 0 0 179 0 103 103 103 103 0 179 103 0 103 103 179 0 0 103 103 103 0 103 103 103 0 0 103 0 0 179 179 0 179 0 0 103 179 103 179 179 0 0 0 103 179 0 0 0 0 0 179 103 103 0 0 0 179 179 103 103 103 0 179 0 179 103 179 179 179 103 103 103 0 103 179 103 103 0 0 103 179 179 179 179 103 103 0 103 103 103 0 0 103 0 0 0 179 103 0 179 179 0 179 103 103 179 0 0 0 179 0 103 179 179 103 103 179 0 179 0 179 179 0 0 0 0 179 179 0 179 0 0 0 0 179 179 103 0 103 103 0 179 0 103 0 103 0 179 0 0 103 0 179 103 0 0 0 179 179 0 0 0 103 103 103 0 103 0 0 179 103 179 179 0 0 179 179 0 0 0 0 0 0 179 103 179 103 179 0 103 103 103 0 179 179 0 179 179 103 103 103 179 103 0 179 0 103 0 0 103 103 179 179 0 0 103 103 103 103 103 103 103 179 103 103 103 179 0 0 103 0 103 0 179 179 179 103
169
0 15 11 6 11 14 4 154 4 18 185 3 180 18 9 9 164 4 0 186 7 17 175 0 19 8 11 163 20 9 164 14 9 169 157 1 1 16 5 162 20 12 157 12 15 163 11 179 2 0 18 14 20 0 187 14 2 13 11 4 199 3 6 11 164 16 7 11 14 9 11 8 200 193 20 166 10 15 1 15 5 2 1 1 8 2 16 14 150 18 1 1 2 8 8 9 12 2 11 152 5 6 19 8 180 169 15 155 9 15 9 20 1 19 14 9 10 2 196 13 4 12 10 7 4 13 8 14 3 5 162 20 1 5 180 4 183 10 20 4 6 3 12 185 10 4 4 10 15 12 0 2 15 3 14 181 11 18 16 0 167 177 11 13 5 152 13 181 10
675
186 17 16 15 9 3 4 13 12 11 11 151 8 159 17 15 20 15 3 15 14 17 182 5 5 7 20 7 18 1 17 15 14 18 0 4 165 1 167 15 8 9 1 7 17 9 18 0 1 20 15 20 17 15 7 19 9 165 197 19 2 5 18 154 5 163 13 7 11 13 14 7 194 2 19 19 19 193 192 14 8 11 156 7 7 5 3 187 0 13 20 2 11 177 3 10 19 4 1 11 12 12 13 171 167 152 177 2 161 6 13 18 16 14 14 4 6 16 195 0 163 13 6 194 2 20 5 5 15 1 6 9 4 2 12 19 14 16 2 0 4 4 9 4 14 7 19 183 4 14 18 4 1 18 160 2 183 1 14 3 8 17 153 1 195 7 5 8 19 15 10 10 16 169 151 13 6 7 19 8 6 155 169 9 18 164 17 4 197 12 6 0 8 15 14 14 16 177 154 1 8 14 12 4 12 4 12 5 19 20 151 18 15 13 8 14 8 17 190 12 20 13 185 20 2 0 14 164 19 3 3 184 18 16 17 20 189 2 13 183 12 7 157 174 9 171 16 17 16 20 10 3 3 187 12 18 9 13 10 4 19 19 172 19 5 18 8 4 12 12 16 16 179 15 6 13 10 0 12 16 14 8 0 6 8 9 8 157 1 17 10 187 17 6 2 8 159 11 0 2 195 15 7 2 180 9 19 13 15 196 18 10 19 16 200 167 13 6 14 4 1 7 188 13 12 0 0 13 12 169 13 14 160 7 0 2 1 8 0 1 13 162 2 11 16 20 19 2 3 13 16 1 15 4 13 1 20 5 1 159 15 7 13 161 167 4 196 172 1 157 3 192 18 11 5 10 4 13 12 6 7 7 8 20 4 10 19 2 3 18 16 158 10 10 15 195 3 183 11 16 0 9 194 16 16 0 11 20 7 18 0 5 2 12 12 4 13 13 7 17 19 4 8 7 8 189 2 20 178 1 20 193 17 168 10 17 20 190 12 198 20 4 1 152 3 181 9 20 2 3 16 2 195 2 10 15 20 14 11 10 5 0 169 15 18 3 183 162 18 4 14 13 177 11 9 2 10 12 0 2 9 16 8 178 6 10 10 12 6 190 2 6 13 157 7 14 3 5 173 9 12 150 14 10 184 195 6 14 19 17 20 6 166 191 8 172 167 19 5 7 0 19 12 180 10 15 1 161 158 0 180 3 20 8 9 2 12 9 0 3 4 196 13 5 160 8 4 19 189 12 14 11 179 5 18 12 18 6 1 17 15 6 181 2 9 10 178 11 1 0 11 11 178 165 4 3 14 8 6 187 183 14 12 195 5 0 19 14 152 169 8 173 11 20 12 10 17 13 0 4 15 4 3 191 19 20 4 16 12 12 7 16 188 16 5 161 178 16 20 199 10 0 186 19 7 15 155 17 15 172 19 14 19 13 18 200 9 15 6 199 185 6 13 16 4 11 3 9 4 8 2 1 14 11 16 163 17 19 2 6 178 8 0 3 2 17 10 4 158 1 12 164 182 12 0
285
200 200 200 200 200 200 200 200 200 200 200 200 200 200 200 200 200 200 200 200 200 200 200 200 200 200 200 200 200 200 200 200 200 200 200 200 200 200 200 200 200 200 200 200 200 200 200 200 200 200 200 200 200 200 200 200 200 200 200 200 200 200 200 200 200 200 200 200 200 200 200 200 200 200 200 200 200 200 200 200 200 200 200 200 200 200 200 200 200 200 200 200 200 200 200 200 200 200 200 200 200 200 200 200 200 200 200 200 200 200 200 200 200 200 200 200 200 200 200 200 200 200 200 200 200 200 200 200 200 200 200 200 200 200 200 200 200 200 200 200 200 200 200 200 200 200 200 200 200 200 200 200 200 200 200 200 200 200 200 200 200 200 200 200 200 200 200 200 200 200 200 200 200 200 200 200 200 200 200 200 200 200 200 200 200 200 200 200 200 200 200 200 200 200 200 200 200 200 200 200 200 200 200 200 200 200 200 200 200 200 200 200 200 200 200 200 200 200 200 200 200 200 200 200 200 200 200 200 200 200 200 200 200 200 200 200 200 200 200 200 200 200 200 200 200 200 200 200 200 200 200 200 200 200 200 200 200 200 200 200 200 200 200 200 200 200 200 200 200 200 200 200 200 200 200 200 200 200 200 200 200 200 200 200 200
236
94 157 170 25 104 10 15 23 67 108 183 65 79 124 106 126 113 172 115 58 95 192 112 149 116 76 135 27 117 173 140 183 128 127 153 5 173 185 53 22 32 68 135 25 35 113 11 55 14 83 113 143 7 111 66 163 80 58 180 178 181 182 27 99 178 63 5 123 92 72 145 113 56 51 146 19 79 124 57 150 133 61 20 159 110 40 176 4 117 180 153 73 85 174 2 103 166 156 189 135 77 47 168 16 12 153 106 196 146 129 158 101 140 69 4 114 51 31 6 113 187 192 102 155 6 16 186 47 33 30 14 42 121 169 200 118 132 13 97 144 41 171 57 97 196 175 148 136 132 100 114 177 6 183 9 25 22 136 155 29 54 87 66 146 189 42 59 117 125 188 10 27 198 22 143 18 92 145 24 70 55 101 128 70 0 54 5 198 139 116 36 188 182 174 138 113 78 37 19 188 149 159 139 51 22 26 178 114 101 125 60 182 110 23 20 16 135 24 80 80 0 164 132 95 139 182 76 43 199 188 192 5 157 24 38 161
352
0 200 64 110 89 101 86 63 115 85 105 69 51 92 90 90 64 101 105 60 105 86 52 109 120 116 103 112 88 83 109 54 117 85 73 71 119 85 90 69 101 115 75 63 106 54 102 66 78 57 107 77 98 92 60 94 58 95 68 101 76 96 109 88 70 50 55 55 57 63 89 116 87 117 120 119 111 80 52 80 110 69 63 83 112 58 93 102 81 58 80 76 74 120 108 64 53 96 70 76 76 65 94 80 74 87 53 60 72 109 51 87 64 82 116 82 95 98 99 120 95 116 80 60 54 100 112 115 63 118 80 61 66 80 114 88 91 104 101 82 87 74 75 102 103 103 61 112 97 61 70 110 111 98 75 91 72 83 85 113 98 63 110 107 92 81 65 90 58 109 77 59 70 76 83 56 106 92 60 112 117 112 73 65 78 107 79 106 88 58 50 51 95 66 111 111 88 110 80 106 89 108 78 91 90 116 79 100 88 70 115 66 76 65 61 119 102 118 107 102 54 91 78 71 85 96 59 94 71 79 120 116 51 118 92 116 106 60 76 76 55 64 112 99 112 105 56 117 80 96 88 84 111 71 53 58 111 61 99 92 81 88 59 52 120 92 66 102 115 117 81 108 70 114 106 59 63 109 67 100 55 69 100 93 90 88 108 79 76 87 87 116 109 119 66 84 115 68 65 109 71 117 65 67 120 78 90 53 100 50 110 52 112 74 91 70 93 59 65 59 64 90 118 88 73 53 96 100 101 105 108 52 109 51 58 96 106 53 111 107 57 99 105 55 114 110 60 91 78 68 60 200
564
6 19 20 5 11 198 20 14 200 0 15 8 9 20 13 20 15 1 16 16 18 12 0 11 1 20 16 8 170 18 13 200 15 20 10 10 12 12 1 0 200 0 16 5 3 8 18 14 4 1 13 5 6 174 6 17 10 5 185 20 20 5 163 4 3 4 6 183 18 5 9 172 3 6 8 11 1 20 4 16 187 15 6 164 1 180 17 169 153 1 16 7 16 13 20 10 9 14 1 154 11 20 20 9 18 20 0 16 3 5 196 14 8 17 177 8 5 1 1 3 164 163 2 7 0 2 7 12 154 17 17 6 9 170 5 0 12 15 180 172 2 10 17 16 16 2 1 15 155 1 169 198 14 175 5 0 1 20 176 16 10 1 18 12 18 9 8 195 0 6 20 7 9 174 12 18 158 14 10 166 163 189 156 8 13 16 20 11 169 11 174 154 185 7 185 19 14 1 164 184 20 2 190 3 11 20 12 3 4 17 1 195 17 1 14 14 10 168 3 4 0 200 11 6 151 14 14 161 3 8 198 9 10 3 14 157 10 156 1 1 13 19 18 186 164 154 10 170 0 0 9 5 19 10 1 0 12 6 15 20 12 20 10 176 6 19 8 200 11 18 11 11 1 15 199 151 1 20 7 6 18 20 3 171 174 181 16 12 6 11 4 0 5 20 180 16 13 9 16 18 19 10 193 3 8 17 1 194 1 6 200 0 5 8 184 11 152 14 9 11 162 1 169 183 16 13 190 158 199 197 4 11 4 3 3 13 2 193 193 3 5 2 192 19 5 18 3 14 7 2 11 8 11 10 16 160 16 2 12 172 170 15 7 15 13 167 13 166 12 6 185 17 9 177 11 1 3 2 9 6 3 18 9 16 4 5 191 188 194 190 176 18 16 13 8 163 195 2 12 12 152 188 161 7 17 20 16 11 11 2 170 9 199 175 155 165 5 1 151 10 3 6 7 12 0 156 18 193 8 6 196 187 1 199 190 174 200 13 13 6 11 8 3 11 165 177 10 2 196 14 11 19 5 15 12 11 1 20 3 4 2 5 0 14 12 7 17 11 15 9 15 20 8 9 2 7 16 19 6 10 5 19 166 0 20 163 13 16 6 196 8 11 4 181 9 20 153 168 15 14 20 18 4 0 20 5 17 15 18 10 2 175 20 12 161 2 11 20 18 18 6 155 177 13 13 17 3 9 172 11 11 2 11 8 10 19 175 4 157 2 13 193 1 20 13 7 4 0 0 10 8 17 16 192 10 13 161 7 10 6 164 18 18 7
3
5 179 10
775
199 2 0 7 18 17 20 7 4 16 8 159 1 20 5 14 14 20 18 5 8 8 8 1 177 7 3 8 172 16 2 7 5 20 7 6 18 15 156 7 152 14 8 4 5 4 17 188 17 10 8 9 12 19 2 1 19 1 0 194 6 18 2 12 13 20 16 176 15 5 4 14 3 13 168 8 14 181 158 179 20 158 13 7 1 10 3 157 4 153 152 13 15 1 10 0 16 20 15 6 154 174 13 10 18 1 17 20 11 0 19 8 15 3 14 16 11 8 3 153 152 19 166 17 6 2 7 15 18 14 17 18 12 1 5 159 12 17 3 16 1 3 181 5 200 175 20 9 19 9 194 151 14 11 2 4 20 12 2 8 15 15 5 1 1 17 185 20 13 169 16 18 172 4 19 161 9 171 1 5 12 17 10 18 2 181 188 18 10 8 16 13 18 13 8 16 178 162 20 4 17 15 199 4 13 1 11 176 178 17 11 1 11 194 15 15 15 7 10 11 4 156 15 15 6 1 4 194 20 13 170 18 180 11 6 16 167 10 5 3 167 11 8 5 154 178 2 3 185 8 0 15 20 12 167 18 13 17 2 4 16 8 5 195 0 5 8 16 16 13 14 10 20 10 20 8 0 189 12 16 5 5 6 191 0 17 5 2 8 3 4 16 164 4 12 158 11 15 12 7 4 5 12 4 192 11 2 5 5 4 15 10 17 10 17 7 18 172 7 18 18 7 7 14 8 10 19 4 13 184 6 14 198 18 18 5 15 154 152 159 14 15 12 18 153 159 9 200 2 15 10 153 1 13 7 2 17 18 199 19 1 3 17 6 18 0 8 17 0 1 7 15 3 18 16 20 158 16 10 172 17 182 162 2 4 0 174 19 3 10 20 1 163 5 189 160 20 5 10 14 14 20 5 9 19 2 13 14 197 4 15 173 6 1 9 11 11 1 1 12 15 6 0 17 8 20 10 163 16 0 4 153 5 15 1 5 4 17 0 8 17 158 1 12 0 13 4 9 197 188 9 179 18 6 11 14 194 0 17 20 10 1 7 172 9 5 12 20 18 172 180 6 0 175 171 159 11 185 5 8 14 5 10 18 18 187 14 164 12 17 10 20 4 2 15 1 17 192 0 15 173 7 13 5 13 17 0 16 7 15 1 6 4 3 15 6 15 11 6 184 13 18 171 150 199 187 198 173 15 14 10 9 6 3 14 19 11 17 20 1 19 1 10 13 14 15 20 4 20 200 18 10 8 19 7 7 6 18 7 12 18 15 0 190 1 18 12 155 180 6 11 15 0 12 3 8 1 12 198 197 0 3 5 159 16 19 1 164 188 194 177 2 20 1 20 5 3 10 156 13 10 2 7 20 178 17 5 20 19 17 181 0 186 168 3 6 6 13 8 11 164 152 194 18 14 10 16 8 198 11 195 0 195 19 7 160 2 183 5 13 9 7 173 0 12 15 0 16 2 20 189 151 170 11 151 10 2 16 7 17 14 10 167 18 0 0 5 190 171 194 16 0 15 0 13 12 195 10 7 3 6 15 187 5 14 15 15 12 165 0 187 8 176 8 3 7 11 8 15 9 186 159 19 15 169 12 152 2 7 10 18 154 165 19 16 15 2 4 13 8 20 20 6 152 7 20 15 19 13 11 20 15 17 5 1 152 164 158 5 6 19 12 4 7 183 1 185 10 4 157 1 16 2 0 182 5 9 189 18 2 8 17 16 190 17 2 165 10 12 162 6 8 6 199 7
102
200 200 200 200 200 200 200 200 200 200 200 200 200 200 200 200 200 200 200 200 200 200 200 200 200 200 200 200 200 200 200 200 200 200 200 200 200 200 200 200 200 200 200 200 200 200 200 200 200 200 200 200 200 200 200 200 200 200 200 200 200 200 200 200 200 200 200 200 200 200 200 200 200 200 200 200 200 200 200 200 200 200 200 200 200 200 200 200 200 200 200 200 200 200 200 200 200 200 200 200 200 200
293
24 45 144 56 118 78 156 144 19 73 164 26 58 144 109 63 197 65 147 56 31 126 169 183 35 192 194 171 122 164 24 65 51 46 113 171 10 182 193 15 160 110 64 154 102 88 198 199 11 200 5 71 41 85 48 115 87 37 145 53 88 149 13 104 24 144 187 194 46 192 33 128 195 121 112 75 96 187 120 176 79 189 12 83 146 13 125 26 56 35 5 190 130 89 1 134 197 75 125 151 105 55 138 88 102 69 105 8 40 30 156 82 29 61 189 174 191 172 60 129 190 85 98 47 139 58 78 47 85 69 128 119 85 158 87 78 131 25 196 24 56 86 121 193 41 46 146 140 37 74 162 74 106 182 109 100 4 181 131 156 165 86 12 145 136 192 121 13 14 85 151 94 100 55 117 75 152 169 195 172 162 84 23 115 31 55 188 5 39 177 8 101 82 113 12 148 64 63 42 82 148 28 154 92 130 36 195 185 96 152 191 125 57 129 53 154 51 60 193 38 103 198 134 165 185 186 80 59 160 198 135 160 175 86 193 10 40 115 62 117 160 189 165 11 42 62 26 2 90 88 98 18 128 13 50 132 193 30 45 50 79 91 46 169 133 174 136 187 180 189 119 81 162 179 146 164 133 90 120 190 119 24 28 164 26 31 135 73 120 85 44 167 6
929
200 200 200 200 200 200 200 200 200 200 200 200 200 200 200 200 200 200 200 200 200 200 200 200 200 200 200 200 200 200 200 200 200 200 200 200 200 200 200 200 200 200 200 200 200 200 200 200 200 200 200 200 200 200 200 200 200 200 200 200 200 200 200 200 200 200 200 200 200 200 200 200 200 200 200 200 200 200 200 200 200 200 200 200 200 200 200 200 200 200 200 200 200 200 200 200 200 200 200 200 200 200 200 200 200 200 200 200 200 200 200 200 200 200 200 200 200 200 200 200 200 200 200 200 200 200 200 200 200 200 200 200 200 200 200 200 200 200 200 200 200 200 200 200 200 200 200 200 200 200 200 200 200 200 200 200 200 200 200 200 200 200 200 200 200 200 200 200 200 200 200 200 200 200 200 200 200 200 200 200 200 200 200 200 200 200 200 200 200 200 200 200 200 200 200 200 200 200 200 200 200 200 200 200 200 200 200 200 200 200 200 200 200 200 200 200 200 200 200 200 200 200 200 200 200 200 200 200 200 200 200 200 200 200 200 200 200 200 200 200 200 200 200 200 200 200 200 200 200 200 200 200 200 200 200 200 200 200 200 200 200 200 200 200 200 200 200 200 200 200 200 200 200 200 200 200 200 200 200 200 200 200 200 200 200 200 200 200 200 200 200 200 200 200 200 200 200 200 200 200 200 200 200 200 200 200 200 200 200 200 200 200 200 200 200 200 200 200 200 200 200 200 200 200 200 200 200 200 200 200 200 200 200 200 200 200 200 200 200 200 200 200 200 200 200 200 200 200 200 200 200 200 200 200 200 200 200 200 200 200 200 200 200 200 200 200 200 200 200 200 200 200 200 200 200 200 200 200 200 200 200 200 200 200 200 200 200 200 200 200 200 200 200 200 200 200 200 200 200 200 200 200 200 200 200 200 200 200 200 200 200 200 200 200 200 200 200 200 200 200 200 200 200 200 200 200 200 200 200 200 200 200 200 200 200 200 200 200 200 200 200 200 200 200 200 200 200 200 200 200 200 200 200 200 200 200 200 200 200 200 200 200 200 200 200 200 200 200 200 200 200 200 200 200 200 200 200 200 200 200 200 200 200 200 200 200 200 200 200 200 200 200 200 200 200 200 200 200 200 200 200 200 200 200 200 200 200 200 200 200 200 200 200 200 200 200 200 200 200 200 200 200 200 200 200 200 200 200 200 200 200 200 200 200 200 200 200 200 200 200 200 200 200 200 200 200 200 200 200 200 200 200 200 200 200 200 200 200 200 200 200 200 200 200 200 200 200 200 200 200 200 200 200 200 200 200 200 200 200 200 200 200 200 200 200 200 200 200 200 200 200 200 200 200 200 200 200 200 200 200 200 200 200 200 200 200 200 200 200 200 200 200 200 200 200 200 200 200 200 200 200 200 200 200 200 200 200 200 200 200 200 200 200 200 200 200 200 200 200 200 200 200 200 200 200 200 200 200 200 200 200 200 200 200 200 200 200 200 200 200 200 200 200 200 200 200 200 200 200 200 200 200 200 200 200 200 200 200 200 200 200 200 200 200 200 200 200 200 200 200 200 200 200 200 200 200 200 200 200 200 200 200 200 200 200 200 200 200 200 200 200 200 200 200 200 200 200 200 200 200 200 200 200 200 200 200 200 200 200 200 200 200 200 200 200 200 200 200 200 200 200 200 200 200 200 200 200 200 200 200 200 200 200 200 200 200 200 200 200 200 200 200 200 200 200 200 200 200 200 200 200 200 200 200 200 200 200 200 200 200 200 200 200 200 200 200 200 200 200 200 200 200 200 200 200 200 200 200 200 200 200 200 200 200 200 200 200 200 200 200 200 200 200 200 200 200 200 200 200 200 200 200 200 200 200 200 200 200 200 200 200 200 200 200 200 200 200 200 200 200 200 200 200 200 200 200 200 200 200 200 200 200 200 200 200 200 200 200 200 200 200 200 200 200 200 200 200 200 200 200 200 200 200 200 200 200 200 200 200 200 200 200 200 200 200 200 200 200 200 200 200 200 200 200 200 200 200 200 200 200 200 200 200 200 200 200 200 200 200 200 200 200 200 200 200 200 200 200 200 200 200 200 200 200 200 200 200 200 200
446
22 8 50 4 4 8 22 181 8 50 4 4 50 181 50 4 8 181 50 4 4 8 181 181 4 4 50 50 50 8 22 181 8 181 181 8 22 8 22 181 22 8 4 22 8 181 181 4 22 22 50 50 22 8 4 181 181 181 50 4 4 181 4 50 8 22 8 4 22 8 181 8 4 181 22 4 8 22 22 22 181 50 50 181 8 22 8 8 50 181 8 8 50 8 50 8 181 22 22 8 4 181 4 181 181 50 4 181 4 8 4 181 181 50 22 50 8 181 4 4 4 22 22 8 4 22 4 50 181 4 4 181 181 22 4 8 50 181 50 50 50 8 22 8 50 8 4 181 22 50 50 22 50 22 8 50 50 22 50 50 50 4 4 181 8 50 4 181 4 50 50 50 22 181 181 22 8 50 4 4 8 22 8 50 22 22 22 22 50 181 4 181 22 50 50 22 22 50 8 4 50 8 8 4 22 50 22 8 8 181 50 181 50 8 181 8 50 50 22 22 4 8 4 181 8 50 8 8 22 22 8 22 22 22 22 8 4 181 50 50 4 50 4 8 8 22 8 181 50 50 8 8 22 4 4 4 50 50 22 22 181 8 8 4 22 8 4 4 181 4 50 4 8 50 4 181 50 50 8 181 22 4 181 50 181 8 8 22 50 22 8 22 8 22 4 181 50 181 50 8 8 8 4 50 50 181 22 8 4 8 181 22 50 50 22 8 22 8 4 4 4 8 4 8 22 50 4 50 50 8 8 181 50 8 50 22 8 4 181 22 8 50 22 4 22 22 8 181 4 50 4 22 181 181 181 181 22 50 181 22 22 8 181 4 4 50 181 22 8 22 8 50 181 50 4 8 4 22 50 8 4 22 50 22 4 50 22 4 181 22 4 22 4 181 4 50 8 181 4 22 50 4 181 50 22 8 8 4 181 50 8 50 4 181 22 22 4 22 4 181 181 8 22 4 4 22 181 50 50 8 22 8 4 181 4 22 4 181 22 50 4 50 50 181 4 50
105
167 167 194 194 129 194 167 194 5 147 147 194 147 167 129 147 129 194 5 5 167 194 194 5 167 147 5 167 167 129 194 129 167 194 147 167 147 194 147 5 194 147 129 5 147 129 5 194 167 129 147 129 194 147 194 5 167 129 194 194 147 167 5 167 147 167 129 194 5 194 5 129 5 194 5 5 194 194 167 5 194 167 167 147 129 147 147 147 167 5 147 167 129 194 5 194 167 129 5 194 194 167 167 5 129
937
0 0 0 0 0 0 0 0 0 0 0 0 0 0 0 0 0 0 0 0 0 0 0 0 0 0 0 0 0 0 0 0 0 0 0 0 0 0 0 0 0 0 0 0 0 0 0 0 0 0 0 0 0 0 0 0 0 0 0 0 0 0 0 0 0 0 0 0 0 0 0 0 0 0 0 0 0 0 0 0 0 0 0 0 0 0 0 0 0 0 0 0 0 0 0 0 0 0 0 0 0 0 0 0 0 0 0 0 0 0 0 0 0 0 0 0 0 0 0 0 0 0 0 0 0 0 0 0 0 0 0 0 0 0 0 0 0 0 0 0 0 0 0 0 0 0 0 0 0 0 0 0 0 0 0 0 0 0 0 0 0 0 0 0 0 0 0 0 0 0 0 0 0 0 0 0 0 0 0 0 0 0 0 0 0 0 0 0 0 0 0 0 0 0 0 0 0 0 0 0 0 0 0 0 0 0 0 0 0 0 0 0 0 0 0 0 0 0 0 0 0 0 0 0 0 0 0 0 0 0 0 0 0 0 0 0 0 0 0 0 0 0 0 0 0 0 0 0 0 0 0 0 0 0 0 0 0 0 0 0 0 0 0 0 0 0 0 0 0 0 0 0 0 0 0 0 0 0 0 0 0 0 0 0 0 0 0 0 0 0 0 0 0 0 0 0 0 0 0 0 0 0 0 0 0 0 0 0 0 0 0 0 0 0 0 0 0 0 0 0 0 0 0 0 0 0 0 0 0 0 0 0 0 0 0 0 0 0 0 0 0 0 0 0 0 0 0 0 0 0 0 0 0 0 0 0 0 0 0 0 0 0 0 0 0 0 0 0 0 0 0 0 0 0 0 0 0 0 0 0 0 0 0 0 0 0 0 0 0 0 0 0 0 0 0 0 0 0 0 0 0 0 0 0 0 0 0 0 0 0 0 0 0 0 0 0 0 0 0 0 0 0 0 0 0 0 0 0 0 0 0 0 0 0 0 0 0 0 0 0 0 0 0 0 0 0 0 0 0 0 0 0 0 0 0 0 0 0 0 0 0 0 0 0 0 0 0 0 0 0 0 0 0 0 0 0 0 0 0 0 0 0 0 0 0 0 0 0 0 0 0 0 0 0 0 0 0 0 0 0 0 0 0 0 0 0 0 0 0 0 0 0 0 0 0 0 0 0 0 0 0 0 0 0 0 0 0 0 0 0 0 0 0 0 0 0 0 0 0 0 0 0 0 0 0 0 0 0 0 0 0 0 0 0 0 0 0 0 0 0 0 0 0 0 0 0 0 0 0 0 0 0 0 0 0 0 0 0 0 0 0 0 0 0 0 0 0 0 0 0 0 0 0 0 0 0 0 0 0 0 0 0 0 0 0 0 0 0 0 0 0 0 0 0 0 0 0 0 0 0 0 0 0 0 0 0 0 0 0 0 0 0 0 0 0 0 0 0 0 0 0 0 0 0 0 0 0 0 0 0 0 0 0 0 0 0 0 0 0 0 0 0 0 0 0 0 0 0 0 0 0 0 0 0 0 0 0 0 0 0 0 0 0 0 0 0 0 0 0 0 0 0 0 0 0 0 0 0 0 0 0 0 0 0 0 0 0 0 0 0 0 0 0 0 0 0 0 0 0 0 0 0 0 0 0 0 0 0 0 0 0 0 0 0 0 0 0 0 0 0 0 0 0 0 0 0 0 0 0 0 0 0 0 0 0 0 0 0 0 0 0 0 0 0 0 0 0 0 0 0 0 0 0 0 0 0 0 0 0 0 0 0 0 0 0 0 0 0 0 0 0 0 0 0 0 0 0 0 0 0 0 0 0 0 0 0 0 0 0 0 0 0 0 0 0 0 0 0 0 0 0 0 0 0 0 0 0 0 0 0 0 0 0 0 0 0 0 0 0 0 0 0 0 0 0 0 0 0 0 0 0 0 0 0 0 0 0 0 0 0 0 0 0 0 0 0 0 0 0 0 0 0 0 0 0 0 0 0 0 0 0 0 0 0 0 0 0 0 0 0 0 0 0 0 0 0 0 0 0 0 0 0 0 0 0 0 0 0 0 0 0 0 0 0 0 0 0 0 0 0 0 0 0 0 0 0 0 0 0 0 0 0 0 0 0 0 0
852
2 152 9 159 157 2 19 178 10 170 9 19 18 17 17 159 2 165 19 10 169 9 5 19 10 2 197 10 17 6 1 157 13 16 20 1 4 11 16 0 5 10 12 151 154 0 174 8 15 3 3 15 13 4 13 177 12 1 2 16 0 20 13 188 2 6 1 13 178 168 16 187 5 18 4 1 6 2 10 17 9 9 2 20 2 11 198 3 12 5 8 7 17 9 13 174 12 4 0 12 9 15 3 7 9 162 6 10 157 14 3 9 6 6 13 14 10 12 14 14 12 5 7 9 154 9 167 197 1 4 0 18 1 3 186 0 7 18 16 6 192 188 9 8 7 10 10 4 151 20 5 5 0 17 167 11 5 186 2 0 12 16 12 0 6 8 1 162 13 183 0 20 2 4 13 186 195 10 179 6 9 16 14 10 12 194 10 194 185 15 15 9 11 7 7 153 164 7 0 155 7 4 16 17 184 2 5 153 0 166 18 2 3 12 20 171 8 20 19 188 10 200 1 16 4 6 9 4 5 3 20 10 16 9 0 17 3 5 0 13 158 18 151 190 150 16 4 2 19 5 13 4 15 17 16 17 178 6 167 0 9 16 0 16 1 184 8 7 183 6 6 9 153 7 20 11 8 9 8 12 4 7 14 19 17 6 6 19 16 187 17 5 2 19 191 9 9 17 11 18 16 5 186 6 193 5 7 18 9 187 10 197 16 182 12 184 20 153 10 13 20 6 17 1 14 13 198 6 0 12 7 16 4 19 194 170 12 7 16 15 9 172 4 2 12 9 6 1 13 4 9 0 12 14 175 165 11 1 3 186 19 13 8 200 11 6 11 13 16 16 15 11 14 15 155 6 14 158 0 16 16 13 10 5 9 18 10 0 10 2 166 1 13 190 19 10 13 16 8 18 20 173 14 0 14 180 14 165 20 2 5 3 1 7 160 200 172 20 10 4 11 13 1 9 2 190 1 14 14 9 190 9 5 1 0 151 1 2 17 0 167 9 15 166 152 13 4 188 15 12 169 4 198 16 165 3 12 20 15 0 13 16 9 13 191 15 18 4 19 168 1 196 4 9 4 3 11 19 5 156 16 178 176 13 170 2 18 11 13 184 7 6 4 156 8 2 1 194 3 6 17 9 8 17 172 19 18 16 10 7 3 4 8 2 12 155 158 14 18 6 18 186 11 1 14 18 4 5 6 11 15 16 5 19 20 164 3 3 2 168 13 2 12 20 15 12 17 197 17 190 9 5 4 196 20 14 4 9 8 8 176 1 5 11 169 11 14 197 10 200 11 12 13 1 14 194 159 14 14 193 19 14 9 14 18 5 2 16 10 182 19 0 17 4 3 8 199 158 10 1 17 12 15 15 4 0 8 19 11 17 18 3 17 6 17 3 18 9 17 19 159 3 166 16 4 10 6 16 6 8 10 188 17 8 15 15 20 17 16 2 0 156 16 14 14 7 11 7 8 1 11 157 186 13 14 8 17 188 198 19 0 4 1 199 7 5 190 14 3 15 7 150 175 4 17 12 12 4 2 18 190 18 10 20 2 10 1 3 8 18 186 19 11 16 12 164 16 4 178 159 173 196 179 5 17 20 10 6 8 14 17 11 1 20 19 16 7 2 12 15 1 7 15 177 158 172 16 13 17 9 0 2 3 8 20 6 18 152 14 198 12 20 16 166 0 16 12 17 12 10 3 4 162 5 2 15 17 196 0 11 13 18 13 20 10 16 10 12 186 3 9 4 14 154 12 8 7 8 0 9 13 10 7 2 153 15 15 20 20 16 177 161 8 18 7 7 4 158 8 9 6 14 6 192 2 16 15 8 174 4 17 2 7 5 187 16 15 5 10 20 200 153 14 185 16 2 154 8 3 171 1 4 13 0 14 5 190 1 17 2 8 5 4 17 12 0 5 11 175 10 163 4
340
36 108 150 36 186 150 186 36 150 150 108 108 36 108 108 108 36 186 150 186 108 186 186 186 36 186 76 150 76 186 36 108 76 150 150 150 76 186 186 36 186 108 150 36 150 108 186 76 36 36 36 36 186 108 36 186 108 36 36 186 186 150 108 76 108 36 150 186 36 150 150 108 36 108 150 186 36 76 108 36 36 186 186 108 36 186 36 76 108 150 150 76 76 108 108 150 150 76 150 186 186 150 76 76 150 150 186 36 76 108 36 76 76 108 108 36 150 150 108 108 76 186 108 108 108 108 186 186 150 36 108 186 36 150 186 108 36 76 186 36 150 76 186 186 150 108 150 76 150 76 36 150 76 76 76 76 186 150 108 150 36 108 76 76 108 108 36 186 108 186 150 108 150 76 76 76 36 150 76 186 108 108 76 186 186 108 36 76 150 150 76 108 36 76 36 36 186 150 36 76 186 76 108 108 150 150 108 108 76 36 108 150 36 150 76 36 76 108 186 76 76 186 108 36 108 36 36 108 36 150 186 76 186 36 36 150 150 76 108 108 108 36 76 150 108 186 150 76 108 76 36 186 108 108 150 150 36 76 36 108 108 108 36 76 150 150 76 150 150 186 76 36 186 150 76 150 186 150 76 36 150 186 186 150 76 108 186 76 76 150 36 36 186 76 108 150 150 76 36 186 186 36 108 108 186 150 186 108 186 76 108 108 76 108 186 36 36 76 150 186 150 186 36 76 36 150 76 76 36 76 108 150 36 150 186 76 36 108 108 108
90
84 148 181 53 145 63 111 150 161 128 117 83 78 84 173 36 129 97 78 175 77 138 49 75 196 117 42 181 39 140 60 174 11 1 31 195 74 150 53 58 23 91 182 67 86 160 3 11 129 93 11 150 133 70 167 133 53 173 151 108 97 197 119 83 37 23 193 156 180 159 199 41 73 26 78 143 13 58 122 120 185 179 11 152 88 158 5 39 72 151
446
5 189 16 6 18 9 2 20 162 17 8 11 5 180 17 12 2 16 15 7 17 19 195 189 7 7 158 2 9 183 20 19 10 20 8 192 18 18 167 168 14 9 10 4 172 172 10 2 13 6 7 198 180 181 7 168 0 13 192 163 3 9 18 7 0 5 18 179 20 171 14 2 18 3 11 13 13 7 160 192 3 20 163 10 17 6 173 5 16 9 192 10 7 6 20 170 11 170 8 11 7 17 15 4 0 194 0 11 2 9 20 13 13 13 184 156 20 2 11 186 16 14 9 154 3 151 5 161 12 9 18 16 3 5 20 15 14 162 17 198 7 156 13 17 9 19 200 153 9 171 0 1 13 151 13 5 160 6 3 9 186 155 3 1 20 13 10 2 20 9 17 9 20 160 0 14 19 20 13 13 9 6 11 9 2 0 192 20 6 1 20 15 15 194 9 20 12 20 171 0 11 20 0 12 8 0 5 4 12 12 158 10 0 150 12 16 12 193 171 10 181 175 9 165 3 7 199 19 8 154 11 9 12 17 10 15 1 16 6 2 0 1 192 177 17 18 13 4 7 4 7 14 20 12 14 6 172 9 18 15 3 19 20 12 3 8 17 16 0 3 1 19 13 4 4 14 12 3 16 3 11 18 7 13 165 8 16 13 9 4 19 7 17 170 183 18 11 4 11 3 186 5 8 164 16 10 7 10 11 185 5 6 20 9 12 2 5 4 8 186 8 12 13 12 173 14 12 10 11 13 5 15 5 14 20 0 2 184 19 8 7 14 192 7 157 6 182 12 6 19 14 9 17 17 172 12 12 5 11 3 3 6 1 11 19 11 0 182 199 10 19 181 17 15 13 17 10 16 170 2 10 10 0 18 186 18 15 2 11 15 9 5 9 0 5 5 179 173 1 12 14 3 18 12 195 3 16 9 182 8 13 4 178 5 13 10 199 3 6 20 18 1 9 12 6 6 6 0 3 7 8 2 3 7 7 12 13 13 10 19 6 175 1 16 196 2
766
18 17 10 15 8 7 17 7 13 8 20 12 14 6 7 19 16 13 17 13 3 16 17 17 15 0 7 2 13 6 2 0 15 12 15 4 7 4 1 10 4 1 16 16 13 5 2 7 12 19 6 11 12 14 3 8 7 14 20 17 9 8 1 12 0 10 16 4 12 5 11 5 3 3 20 1 1 19 2 8 15 7 10 4 1 18 12 18 3 14 4 4 13 2 1 14 19 15 11 0 14 6 7 10 14 6 7 1 14 14 0 15 0 8 17 1 9 7 4 2 19 16 8 2 20 4 8 3 17 3 6 8 11 4 16 0 0 7 7 12 1 14 17 16 1 14 1 19 15 1 8 10 2 14 18 20 14 19 5 8 15 10 4 3 8 13 3 3 13 17 14 2 16 2 17 0 3 17 19 16 19 1 0 17 15 18 13 11 4 1 16 15 8 11 16 9 11 9 14 10 6 20 12 12 12 4 18 6 10 15 13 4 14 18 0 10 7 8 18 2 16 18 1 10 7 17 6 3 1 9 11 20 15 8 7 10 1 1 7 5 19 10 13 8 10 6 16 5 13 19 6 0 14 18 17 11 1 17 7 19 6 10 11 20 9 2 16 3 13 13 1 16 7 5 11 1 8 3 7 20 5 10 9 7 0 14 17 3 2 0 7 6 8 13 18 2 16 20 16 11 10 13 12 20 9 13 15 4 4 20 20 20 14 19 12 20 8 1 12 16 2 9 4 10 15 15 18 18 18 0 7 2 14 1 15 20 18 19 8 19 20 17 8 10 1 9 16 5 10 16 8 19 7 16 3 3 6 8 5 12 1 18 8 12 4 7 11 6 16 0 11 2 0 6 4 0 17 3 20 15 8 15 15 20 4 14 15 4 5 10 18 13 8 20 2 3 6 7 8 4 20 4 17 13 1 5 19 11 6 20 18 6 15 20 9 17 12 18 15 16 18 2 2 18 17 19 19 4 13 20 11 14 1 9 3 18 11 11 13 14 2 14 5 13 5 1 20 13 0 6 17 18 9 12 2 15 8 12 11 1 18 18 18 1 4 13 10 6 10 17 17 16 17 1 3 13 15 3 10 19 20 14 17 5 10 3 5 3 7 10 8 0 7 13 15 15 17 0 1 5 1 17 1 20 6 14 0 19 15 15 4 6 10 15 4 14 17 18 10 20 13 4 11 11 16 11 19 11 8 4 11 12 9 1 12 9 0 18 11 3 9 7 5 8 18 1 19 19 17 18 9 2 9 20 2 0 14 16 6 18 1 9 11 3 14 15 3 17 20 16 5 19 16 8 12 6 7 3 11 6 17 5 2 19 4 9 7 14 18 0 13 20 11 18 17 17 13 6 6 4 19 19 19 7 4 1 0 10 18 4 16 1 19 17 16 1 5 8 4 20 5 1 17 19 20 16 3 6 5 9 0 5 0 15 19 19 19 7 2 15 9 20 20 16 3 3 5 18 4 11 9 2 1 1 1 20 10 20 20 9 4 3 12 7 16 13 9 8 16 5 18 4 0 19 18 6 13 18 15 4 13 7 10 9 9 8 6 9 9 7 9 1 6 11 5 18 11 8 17 16 8 11 10 9 2 14 8 19 19 7 10 20 20 19 9 8 12 0 17 6 0 5 7 5 5 9 0 7 3 7 9 10 2 20 10 7 4 5 14 19 1 20 10 1 8 1 20 6 3 17 5 15 17 16 19 15 16 16 19 20 3 18 0 9 3 16
52
20 2 16 16 2 19 5 1 17 2 6 13 14 18 13 16 9 10 16 15 1 4 20 11 15 17 18 4 10 0 16 10 8 18 7 2 8 12 4 6 2 12 16 0 11 3 3 3 9 14 17 7
230
34 98 34 196 125 196 34 52 125 34 196 125 34 125 125 125 196 196 125 98 98 196 68 68 125 52 125 34 98 52 34 34 52 52 125 125 52 34 98 34 196 68 52 68 196 196 98 34 196 52 52 68 98 196 34 125 98 98 125 125 34 52 68 68 98 34 68 196 125 196 68 34 125 125 196 34 52 196 52 196 68 98 196 34 52 125 196 68 52 98 98 125 68 52 125 52 196 52 125 34 125 52 34 52 52 52 52 68 125 125 196 125 52 196 34 125 34 125 196 52 52 68 196 196 34 98 98 68 52 98 34 196 52 68 52 196 52 98 196 52 34 125 52 34 52 125 52 125 68 34 196 125 98 98 52 98 52 52 196 34 68 68 196 125 125 98 34 68 98 52 125 196 34 52 196 125 68 68 98 125 52 52 34 68 125 125 68 125 52 68 196 125 68 52 52 68 34 196 68 196 52 98 34 196 34 68 196 52 68 196 196 52 196 52 125 34 68 34 125 68 196 68 34 52 68 98 125 52 125 98
288
88 88 88 155 175 175 115 115 175 155 88 175 175 155 67 67 67 88 175 155 115 175 67 67 115 175 115 155 155 175 191 175 88 155 155 155 175 175 88 67 155 191 155 88 67 175 175 175 191 191 191 191 88 88 88 175 155 67 191 67 155 88 175 155 155 115 191 88 115 155 115 88 175 175 175 175 67 88 155 191 175 67 191 115 67 155 191 67 175 88 115 115 67 115 191 88 175 115 115 88 67 115 67 191 88 115 115 191 191 175 115 155 115 67 155 155 115 191 67 67 155 191 88 115 155 115 115 115 67 88 67 191 155 175 88 191 88 191 67 67 155 115 115 175 115 88 175 191 115 115 155 175 155 67 88 175 115 88 115 155 67 115 88 88 175 67 67 88 88 175 67 155 67 175 175 67 191 67 175 155 67 115 191 175 191 155 88 191 175 155 88 191 175 115 88 88 115 155 115 191 175 88 175 155 191 175 191 155 67 67 88 191 115 88 155 88 155 175 88 67 115 67 155 191 191 191 191 88 115 88 67 175 191 191 155 115 88 191 155 175 175 115 115 191 175 67 175 88 175 115 115 175 175 175 191 191 191 175 115 115 67 115 67 175 88 67 175 175 88 67 155 88 175 67 67 67 115 67 115 88 88 155 88 115 191 155 155 175
977
3 166 122 39 154 51 17 35 32 172 103 196 80 128 83 38 167 153 175 5 34 45 167 82 128 24 179 53 36 144 93 32 108 188 144 22 138 62 77 55 80 125 48 132 187 37 18 118 29 114 37 172 43 59 46 186 108 86 73 20 92 54 79 17 40 64 151 107 53 159 115 113 69 0 33 169 73 173 163 17 193 14 124 109 180 167 137 63 13 60 189 188 57 40 176 120 133 182 110 166 85 89 22 97 177 153 29 107 123 107 109 180 0 193 200 35 12 7 96 131 79 134 23 183 8 98 5 112 105 83 198 155 89 21 146 95 149 64 192 162 26 21 159 64 1 154 115 102 140 77 127 14 142 121 178 192 3 45 69 108 23 0 139 12 37 53 163 162 171 107 135 7 159 35 31 52 165 58 86 95 9 17 148 165 48 169 160 45 134 109 179 30 83 169 92 199 132 191 197 118 141 55 194 10 156 62 127 45 63 187 97 197 99 20 15 131 152 165 136 183 118 188 37 2 112 67 153 187 5 86 18 177 134 35 163 193 132 181 92 104 95 114 165 157 180 153 138 162 81 200 116 114 182 122 65 59 49 76 139 6 59 59 126 176 45 0 22 123 64 179 188 32 48 27 176 88 49 85 145 189 98 189 161 197 44 67 164 32 91 44 175 101 52 11 26 29 60 85 116 80 27 29 55 51 78 171 33 55 170 182 159 86 13 87 94 53 72 146 91 148 115 151 83 189 188 149 120 80 132 153 96 182 121 30 97 130 90 148 71 183 44 16 69 128 187 74 114 177 135 27 87 44 182 173 190 0 62 172 172 112 85 112 130 122 184 16 14 162 178 9 52 6 90 27 70 105 141 25 95 39 186 142 82 176 114 34 196 34 2 165 101 175 62 168 125 198 152 181 81 17 5 184 185 86 158 184 42 69 169 64 36 56 57 148 112 43 29 0 27 29 76 102 200 83 121 105 164 38 113 194 36 165 105 114 2 174 195 129 154 142 95 107 28 127 128 19 89 55 199 8 157 8 200 145 137 50 137 9 9 104 51 40 98 73 116 127 169 186 5 118 54 39 82 16 122 57 115 111 165 75 53 142 57 105 112 128 167 107 175 17 106 57 159 117 194 135 120 197 74 71 72 90 164 82 15 112 84 101 4 42 70 184 139 199 142 173 90 196 95 31 196 65 97 63 160 176 58 42 45 82 32 153 198 19 193 28 85 195 93 179 63 77 128 45 74 13 71 41 179 48 122 99 73 60 188 65 175 56 110 185 136 50 141 105 75 131 2 40 67 103 153 183 184 147 21 67 182 143 137 18 166 40 189 185 3 164 16 43 130 32 77 47 50 171 52 90 154 17 76 190 150 46 31 156 191 61 23 26 67 170 63 50 97 81 20 49 48 4 105 178 16 0 11 56 130 56 27 148 70 113 46 164 9 200 25 148 134 160 23 164 128 188 193 183 122 186 89 3 197 146 138 1 200 155 146 80 55 105 83 50 73 95 42 16 198 66 39 45 147 71 126 183 197 173 90 71 93 75 123 163 187 117 118 77 78 184 133 185 181 161 12 20 176 43 87 91 61 50 42 175 184 96 59 18 24 171 162 75 176 114 30 184 104 199 0 132 57 17 132 148 99 17 163 73 89 101 135 196 126 161 70 177 19 146 137 188 86 122 19 37 191 53 195 41 197 13 25 162 168 41 122 26 186 153 143 71 108 69 71 26 183 90 138 17 55 132 192 139 80 74 127 161 166 42 119 80 177 8 32 112 3 123 63 72 129 200 30 54 4 34 11 25 27 0 47 194 187 118 110 57 139 156 15 56 53 62 156 200 142 46 44 182 38 77 163 27 182 117 15 156 78 64 141 194 184 191 109 127 40 6 193 132 123 5 65 79 101 136 71 54 111 191 80 137 181 128 21 67 72 199 180 152 59 13 166 58 120 29 191 88 185 54 190 192 65 171 193 18 129 174 79 149 28 25 135 181 36 146 187 92 172 67 30 33 158 71 122 121 104 54 190 158 198 122 166 80 133 1 67 167 6 184 105 90 31 86 111 48 170 50 2 74 195 104 121 178 26 64 145 88 142 108 39 128 118 2 4 199 107 158 9 161 48 113 129 41 180 161 14 142 125 116 51 170 8 178 185 111 159 101 0 2 177 177 189 191 130 113 88 10 11 13 169 184 160 176 83 17 173 108 112 101 11 142 101 179 92
539
0 0 0 0 0 0 0 0 0 0 0 0 0 0 0 0 0 0 0 0 0 0 0 0 0 0 0 0 0 0 0 0 0 0 0 0 0 0 0 0 0 0 0 0 0 0 0 0 0 0 0 0 0 0 0 0 0 0 0 0 0 0 0 0 0 0 0 0 0 0 0 0 0 0 0 0 0 0 0 0 0 0 0 0 0 0 0 0 0 0 0 0 0 0 0 0 0 0 0 0 0 0 0 0 0 0 0 0 0 0 0 0 0 0 0 0 0 0 0 0 0 0 0 0 0 0 0 0 0 0 0 0 0 0 0 0 0 0 0 0 0 0 0 0 0 0 0 0 0 0 0 0 0 0 0 0 0 0 0 0 0 0 0 0 0 0 0 0 0 0 0 0 0 0 0 0 0 0 0 0 0 0 0 0 0 0 0 0 0 0 0 0 0 0 0 0 0 0 0 0 0 0 0 0 0 0 0 0 0 0 0 0 0 0 0 0 0 0 0 0 0 0 0 0 0 0 0 0 0 0 0 0 0 0 0 0 0 0 0 0 0 0 0 0 0 0 0 0 0 0 0 0 0 0 0 0 0 0 0 0 0 0 0 0 0 0 0 0 0 0 0 0 0 0 0 0 0 0 0 0 0 0 0 0 0 0 0 0 0 0 0 0 0 0 0 0 0 0 0 0 0 0 0 0 0 0 0 0 0 0 0 0 0 0 0 0 0 0 0 0 0 0 0 0 0 0 0 0 0 0 0 0 0 0 0 0 0 0 0 0 0 0 0 0 0 0 0 0 0 0 0 0 0 0 0 0 0 0 0 0 0 0 0 0 0 0 0 0 0 0 0 0 0 0 0 0 0 0 0 0 0 0 0 0 0 0 0 0 0 0 0 0 0 0 0 0 0 0 0 0 0 0 0 0 0 0 0 0 0 0 0 0 0 0 0 0 0 0 0 0 0 0 0 0 0 0 0 0 0 0 0 0 0 0 0 0 0 0 0 0 0 0 0 0 0 0 0 0 0 0 0 0 0 0 0 0 0 0 0 0 0 0 0 0 0 0 0 0 0 0 0 0 0 0 0 0 0 0 0 0 0 0 0 0 0 0 0 0 0 0 0 0 0 0 0 0 0 0 0 0 0 0 0 0 0 0 0 0 0 0 0 0 0 0 0 0 0 0 0 0 0 0 0 0 0 0 0 0 0 0 0 0 0 0 0 0 0 0 0
408
3 3 156 134 3 134 3 156 156 3 156 134 134 134 134 3 3 3 3 134 134 134 3 134 3 156 156 134 134 156 3 156 3 3 156 3 134 156 156 156 3 3 134 3 134 3 134 3 134 156 156 3 3 156 3 156 134 134 3 156 156 3 3 134 3 156 3 134 3 156 156 3 156 3 3 134 156 3 156 3 156 134 134 3 134 156 3 156 134 3 3 156 134 134 3 134 134 156 134 134 3 134 134 3 156 156 3 3 3 156 134 156 134 3 134 3 134 156 156 134 156 3 3 134 156 156 3 134 156 3 134 156 3 134 156 134 134 134 3 134 156 134 134 156 156 156 156 156 3 156 156 156 134 156 3 3 134 3 156 3 134 134 156 134 156 3 134 3 134 156 134 156 134 156 156 3 3 156 3 3 3 3 3 3 134 156 156 134 3 156 134 156 134 156 3 156 156 3 156 156 156 134 156 134 3 3 3 3 134 134 134 156 134 3 156 134 134 156 3 3 134 134 156 134 3 3 3 134 134 3 3 134 3 134 134 3 134 134 134 134 134 3 3 134 3 134 156 134 156 3 3 134 134 156 134 3 3 3 3 134 156 156 3 156 134 156 156 3 134 134 156 3 3 134 134 134 134 156 3 156 134 134 134 156 134 156 134 134 156 156 156 3 156 156 3 134 134 156 134 134 156 3 156 134 134 134 134 156 134 3 134 156 134 3 3 3 134 156 134 156 156 3 156 3 134 156 134 3 156 156 3 134 3 3 156 156 3 3 156 134 3 3 3 3 156 3 134 156 3 156 3 134 156 156 156 156 134 134 3 3 156 134 3 3 134 156 3 156 156 156 134 156 134 156 3 156 3 156 156 134 156 134 134 3 156 156 3 134 156 156 3 134 134 134 134 3 134 156 134 3 156 156 3 3 3 156 134 156
