362
332
200 200 200 200 200 200 200 200 200 200 200 200 200 200 200 200 200 200 200 200 200 200 200 200 200 200 200 200 200 200 200 200 200 200 200 200 200 200 200 200 200 200 200 200 200 200 200 200 200 200 200 200 200 200 200 200 200 200 200 200 200 200 200 200 200 200 200 200 200 200 200 200 200 200 200 200 200 200 200 200 200 200 200 200 200 200 200 200 200 200 200 200 200 200 200 200 200 200 200 200 200 200 200 200 200 200 200 200 200 200 200 200 200 200 200 200 200 200 200 200 200 200 200 200 200 200 200 200 200 200 200 200 200 200 200 200 200 200 200 200 200 200 200 200 200 200 200 200 200 200 200 200 200 200 200 200 200 200 200 200 200 200 200 200 200 200 200 200 200 200 200 200 200 200 200 200 200 200 200 200 200 200 200 200 200 200 200 200 200 200 200 200 200 200 200 200 200 200 200 200 200 200 200 200 200 200 200 200 200 200 200 200 200 200 200 200 200 200 200 200 200 200 200 200 200 200 200 200 200 200 200 200 200 200 200 200 200 200 200 200 200 200 200 200 200 200 200 200 200 200 200 200 200 200 200 200 200 200 200 200 200 200 200 200 200 200 200 200 200 200 200 200 200 200 200 200 200 200 200 200 200 200 200 200 200 200 200 200 200 200 200 200 200 200 200 200 200 200 200 200 200 200 200 200 200 200 200 200 200 200 200 200 200 200 200 200 200 200 200 200 200 200 200 200 200 200 200 200 200 200 200 200
284
13 7 20 15 16 0 6 16 18 14 7 8 3 17 20 20 15 7 6 3 7 18 9 11 2 16 18 4 7 14 20 16 17 5 8 15 19 11 9 16 13 12 20 16 3 14 15 16 16 14 15 19 7 17 3 11 8 5 17 18 18 11 13 20 7 17 17 9 15 17 0 15 3 8 5 8 8 16 17 7 16 10 3 19 10 2 13 3 9 5 18 13 6 2 9 8 5 1 15 19 17 2 7 18 3 0 13 19 12 3 3 14 0 1 7 7 0 10 0 3 13 3 14 2 1 17 8 1 0 10 13 2 3 2 9 11 8 0 12 15 9 11 17 19 10 14 14 0 2 2 4 6 20 10 20 6 14 9 4 7 16 7 14 17 6 1 2 16 10 19 6 15 7 4 16 13 3 3 11 20 11 20 3 3 5 20 16 15 4 15 4 16 18 15 12 11 0 10 6 9 14 11 15 4 19 18 6 7 20 11 18 8 2 15 16 16 20 9 14 5 9 15 13 15 20 9 1 6 4 14 4 20 4 1 6 0 16 5 0 4 16 7 9 13 5 17 20 19 6 13 8 14 13 4 0 1 8 15 20 8 6 11 14 5 9 0 17 19 10 17 2 17 1 1 15 11 12 3 15 18 20 2 10 9
146
200 200 200 200 200 200 200 200 200 200 200 200 200 200 200 200 200 200 200 200 200 200 200 200 200 200 200 200 200 200 200 200 200 200 200 200 200 200 200 200 200 200 200 200 200 200 200 200 200 200 200 200 200 200 200 200 200 200 200 200 200 200 200 200 200 200 200 200 200 200 200 200 200 200 200 200 200 200 200 200 200 200 200 200 200 200 200 200 200 200 200 200 200 200 200 200 200 200 200 200 200 200 200 200 200 200 200 200 200 200 200 200 200 200 200 200 200 200 200 200 200 200 200 200 200 200 200 200 200 200 200 200 200 200 200 200 200 200 200 200 200 200 200 200 200 200
927
180 180 95 95 180 95 95 180 95 95 95 95 180 180 180 180 95 180 95 95 180 95 95 180 180 95 180 95 95 95 180 180 180 180 95 180 95 95 180 180 180 95 180 180 180 180 95 180 180 180 180 95 95 180 180 95 95 95 180 95 180 180 95 95 180 180 95 180 180 180 180 95 95 95 180 180 180 95 95 95 180 180 180 180 180 95 95 95 95 180 180 95 180 180 180 180 180 180 95 180 180 180 95 95 180 180 180 180 180 95 180 180 95 95 180 180 95 95 180 180 180 180 180 180 95 95 95 180 180 95 180 180 180 180 180 180 180 95 95 95 95 95 95 95 180 180 95 95 95 95 180 95 95 95 180 180 95 180 95 95 180 95 95 180 180 180 180 180 180 95 95 95 95 180 180 180 95 180 180 95 95 180 95 95 180 95 180 180 180 95 180 180 95 95 95 95 180 95 95 95 180 95 180 180 180 180 180 95 95 95 180 95 95 95 180 180 95 180 180 180 180 95 180 180 95 180 95 95 180 180 95 180 180 95 180 95 180 180 180 95 180 95 180 180 95 180 95 95 180 180 95 95 95 180 95 95 180 180 95 180 180 180 180 180 180 95 180 180 95 180 95 95 95 95 180 95 95 95 95 95 180 95 180 180 95 180 95 95 180 95 95 180 95 180 180 180 180 180 95 180 95 180 95 180 95 95 180 180 180 95 95 180 180 95 95 95 180 95 95 180 95 95 180 180 180 180 180 95 95 95 95 95 95 180 180 95 95 180 180 95 180 180 180 95 95 95 180 180 180 180 180 95 95 95 95 180 180 95 95 180 95 180 95 180 180 180 180 180 95 180 180 95 180 95 95 95 180 95 95 180 95 95 95 180 180 95 95 180 180 180 180 95 180 180 95 180 180 95 180 95 180 95 180 180 180 180 95 180 95 180 180 95 95 180 95 95 95 180 95 95 180 95 95 180 180 180 95 180 95 95 95 95 95 95 180 180 95 180 95 95 95 180 95 95 95 180 95 95 95 180 95 180 95 180 95 95 180 95 95 180 95 180 95 180 180 180 180 95 95 95 95 180 95 180 95 95 95 180 180 180 95 95 95 95 180 95 95 95 180 95 95 95 180 180 180 95 95 180 95 95 95 95 95 180 180 95 180 180 95 180 95 180 180 180 95 180 180 95 95 95 95 180 95 95 95 180 180 180 180 180 95 95 95 180 180 95 180 180 180 95 180 180 95 180 95 95 95 95 95 180 180 95 180 180 95 95 180 95 180 180 95 180 95 95 95 95 95 180 180 95 95 95 95 180 95 95 180 180 180 180 180 95 180 180 95 95 180 95 180 180 180 95 180 95 95 180 180 180 180 95 180 180 180 180 95 180 180 95 180 180 95 180 180 180 95 95 180 95 180 180 95 180 95 180 180 180 95 180 180 95 180 180 180 95 95 180 95 180 180 95 95 180 95 180 95 95 95 95 95 95 180 180 180 180 180 95 180 95 95 180 180 95 95 95 95 180 95 180 180 180 180 180 180 180 180 180 180 95 180 180 95 95 95 95 95 95 95 95 95 180 180 95 95 180 180 180 95 180 180 95 180 180 95 180 95 95 95 180 95 95 180 95 95 180 180 180 180 95 180 95 95 95 180 180 180 95 180 95 180 95 95 180 180 95 95 95 180 180 95 95 95 95 95 180 95 95 95 180 95 95 95 180 180 95 95 95 95 180 180 95 95 180 95 95 95 180 180 95 95 95 180 180 180 180 180 180 95 95 95 95 180 95 95 180 95 95 95 95 180 180 180 95 180 180 95 95 180 180 95 95 180 95 180 95 95 95 95 95 95 180 95 180 180 180 95 95 95 95 95 95 95 180 95 95 180 95 180 95 180 95 180 95 180 95 180 180 180 95 95 180 180 180 95 180 180 180 95 180 95 95 180 95 95 180 180 180 95 95 95 180 95 95 95 180 180 95 95 180 95 95 95 95 180 180 180 95 95 180 95 180 180 95 180 180 95 180 95 180 180 95 95 95 95 180 180 180 95 180 180 180 180 180 180 180 95 180 95 180 180 95 95 180 95 180 95 95 95 180 95 180 95 180 95 180 95 180 95
395
0 180 191 4 12 16 20 0 20 10 9 161 12 16 150 9 162 1 1 14 12 17 175 11 0 5 6 6 13 169 9 5 7 11 7 1 17 20 169 6 5 17 4 6 13 13 1 15 194 192 9 16 8 16 13 6 13 195 6 4 9 4 157 10 15 10 0 8 190 9 191 17 20 8 5 7 3 9 1 5 5 7 192 1 16 17 10 188 2 11 15 19 17 6 0 2 9 10 0 13 2 182 4 3 7 12 20 0 4 5 14 9 182 8 17 14 2 2 7 7 178 6 174 11 20 13 1 18 15 11 8 155 4 9 11 161 15 19 4 2 176 14 16 170 15 16 20 0 1 12 12 16 11 9 11 153 3 14 0 20 9 183 168 5 190 1 6 3 1 15 14 6 4 3 173 6 12 3 5 9 199 11 3 17 12 7 151 10 1 1 6 8 2 1 170 9 12 6 10 1 20 2 19 157 4 15 19 4 16 12 10 9 3 10 2 199 161 18 20 193 16 11 6 19 7 18 161 6 188 9 3 19 154 152 6 14 20 2 19 2 200 17 158 19 1 195 6 195 182 11 8 12 199 1 8 10 10 3 15 8 13 1 10 7 10 0 11 5 186 15 200 12 15 4 3 189 17 3 18 7 19 6 2 193 16 3 12 5 6 8 7 18 199 10 1 5 13 19 8 20 9 173 16 8 19 5 10 6 19 155 161 14 184 4 14 14 13 152 7 170 12 20 7 13 159 17 166 9 0 8 15 1 9 2 182 15 10 7 5 20 2 8 17 6 19 4 2 19 4 11 14 10 17 12 5 179 6 4 11 194 5 10 17 1 0 173 14 16 0 0 13 188 197 0 154 11 18 19 20 7 7 10 16 18 154 187 0 13 8 179 11 11 10 13 9
873
0 200 52 106 110 57 77 93 98 73 115 88 119 57 62 87 83 80 96 118 57 84 113 77 56 103 78 70 100 82 83 114 103 72 113 71 115 58 78 55 95 87 91 50 88 59 114 53 109 55 71 120 115 92 51 95 76 110 107 108 116 70 92 69 68 72 120 66 57 85 120 66 69 111 98 87 82 52 85 54 111 88 108 116 119 90 74 73 87 97 52 72 69 92 115 99 120 87 61 115 91 101 69 76 105 50 57 110 88 93 98 113 85 80 81 91 72 83 64 88 102 113 85 55 60 115 86 91 69 95 103 53 104 63 56 116 71 53 80 96 99 114 98 83 85 118 88 106 68 55 71 88 84 68 88 94 102 114 116 90 111 110 85 81 63 71 60 72 76 69 116 72 73 63 70 58 99 72 66 83 102 110 87 92 113 68 53 65 109 74 56 85 112 100 104 65 96 115 115 113 85 69 56 70 79 102 63 91 116 55 115 71 116 52 58 110 104 76 80 78 89 72 112 74 94 71 51 93 84 102 61 79 113 120 96 62 80 80 85 101 112 112 57 99 91 63 117 64 80 74 65 70 76 70 82 53 52 78 69 87 117 93 91 94 61 72 59 80 77 101 115 106 96 95 69 96 78 57 61 51 112 73 57 115 114 83 96 98 51 60 50 111 68 56 80 104 88 54 72 74 96 87 50 56 72 102 67 120 116 116 99 59 80 60 52 106 71 67 88 113 112 90 114 85 94 107 60 53 57 102 89 66 71 58 81 104 66 101 97 80 53 82 107 67 56 57 70 89 93 56 60 112 96 120 64 100 90 115 118 54 105 117 51 117 117 75 104 118 117 72 119 115 77 56 53 81 81 71 87 74 106 97 53 54 105 115 65 91 58 78 51 118 91 116 72 108 70 107 118 85 95 113 107 52 109 61 115 99 93 100 108 85 55 97 120 88 93 104 95 107 75 81 85 53 94 90 98 75 52 92 89 96 89 54 59 120 51 104 87 79 57 55 94 108 119 78 79 55 80 118 54 52 73 114 106 103 59 81 64 70 68 96 93 90 78 79 99 100 89 84 76 69 106 117 102 119 53 57 113 58 64 118 55 113 113 108 93 116 57 74 67 104 114 53 84 107 118 62 84 71 65 56 67 50 63 69 111 81 67 112 113 74 59 57 58 78 84 63 91 79 85 57 90 72 107 58 94 79 87 56 92 95 65 85 60 114 81 109 53 77 67 79 92 75 81 100 70 83 80 116 108 98 101 55 120 100 81 116 57 51 104 103 101 72 118 74 60 104 85 64 87 87 83 53 51 79 80 82 85 64 119 92 57 87 55 82 80 55 84 73 85 66 119 112 62 89 87 73 73 118 111 76 104 88 78 67 75 81 66 57 72 56 119 85 65 84 88 116 58 81 103 68 118 105 119 114 57 116 52 82 87 109 60 114 83 59 102 89 87 87 117 78 99 65 102 58 116 51 80 57 86 119 66 65 109 73 60 91 68 96 86 103 113 79 57 108 62 61 112 96 115 63 106 92 62 76 102 120 56 103 86 91 119 71 107 79 97 73 85 100 102 52 102 105 115 51 55 109 82 85 61 75 68 120 84 65 111 120 110 95 59 90 118 61 113 50 97 70 72 98 82 97 88 110 75 85 108 63 114 104 67 115 97 50 55 59 79 103 58 51 109 73 104 110 107 100 54 50 88 118 112 75 103 95 68 100 69 119 73 114 73 75 108 113 68 96 106 69 65 75 109 107 104 50 83 60 57 120 100 70 70 102 99 110 59 71 118 103 52 63 53 119 107 106 95 95 55 109 84 87 93 90 83 51 70 93 73 101 108 73 93 91 91 71 115 71 98 80 56 115 103 55 101 119 85 107 89 54 66 117 70 90 54 71 117 62 79 99 102 82 62 120 107 83 67 72 109 55 95 106 93 84 114 55 74 105 68 70 60 118 63 63 92 65 70 74 111 63 66 102 94 107 200
392
12 5 6 12 0 20 1 14 12 19 0 7 0 16 17 6 9 9 20 5 18 13 18 18 15 14 15 13 1 20 0 11 2 5 10 3 10 4 11 19 0 0 5 4 8 7 2 6 20 16 3 1 9 5 19 6 3 5 16 14 9 17 0 4 9 14 18 12 20 16 13 8 8 12 18 12 14 19 3 15 13 15 16 17 6 1 13 5 20 11 8 20 15 10 3 2 3 15 16 7 19 14 13 17 7 7 4 13 8 13 16 1 11 3 3 17 12 14 18 3 3 5 1 10 18 20 7 19 17 20 15 10 20 11 10 19 19 4 20 6 11 17 15 1 14 18 3 11 1 3 10 15 14 14 16 1 11 8 7 9 15 14 7 17 13 17 2 4 20 8 6 3 15 12 13 0 7 15 3 14 14 6 2 8 19 4 15 13 4 13 18 5 3 8 6 14 11 18 11 1 16 14 11 7 20 8 12 0 12 8 8 7 2 13 15 2 17 9 7 12 18 12 17 8 1 11 7 7 3 1 9 7 14 20 1 0 2 11 9 9 20 2 6 20 20 20 3 20 13 4 12 11 8 7 0 10 17 2 18 2 6 0 16 3 19 6 12 12 14 9 5 16 2 11 4 10 6 19 5 16 18 10 12 6 4 4 11 19 15 8 5 3 7 7 9 2 8 1 17 18 1 14 8 15 2 6 2 5 0 6 15 14 10 14 9 12 0 3 14 9 14 16 9 3 20 0 1 13 8 0 19 8 9 12 17 11 15 16 14 17 14 18 17 10 18 8 11 0 14 0 1 12 9 14 5 14 16 10 15 19 2 12 19 3 0 8 11 10 19 11 8 4 17 11 1 8 8 15 8 19 8 17 0 14 20 17 5 20 14 11 4 11
998
3 185 3 169 3 137 3 185 169 137 169 169 3 185 137 185 169 169 169 185 3 3 185 137 3 185 137 169 185 137 169 169 137 169 137 3 137 137 137 185 137 185 185 185 137 185 3 169 185 3 3 137 137 137 185 3 137 137 169 137 3 185 185 185 3 185 3 137 3 137 169 185 137 169 169 3 3 137 137 3 137 185 169 3 169 185 3 169 3 3 137 137 137 137 137 137 3 185 3 137 185 137 137 185 137 185 137 169 185 169 169 185 185 169 137 185 169 169 169 169 169 169 185 137 169 185 169 169 185 3 3 169 169 169 3 137 185 3 3 185 169 169 137 185 185 137 3 169 185 169 3 169 3 3 137 185 169 185 3 185 3 185 169 137 169 3 169 137 169 169 169 185 185 185 137 185 137 185 185 137 169 3 3 169 185 169 3 169 169 169 137 185 137 185 3 137 137 169 169 169 3 137 137 169 169 3 137 185 3 137 169 169 3 185 137 137 137 185 185 3 137 137 137 169 3 185 3 137 185 137 3 169 169 137 3 169 169 185 169 137 137 169 3 137 137 169 169 137 137 185 169 169 137 185 137 185 185 3 137 185 3 3 137 137 169 169 169 169 169 185 169 3 3 169 3 185 137 185 169 3 3 185 169 3 3 137 3 169 137 3 137 3 185 137 137 137 185 137 137 137 169 185 137 137 185 137 3 3 169 3 169 169 3 169 3 169 185 3 169 169 169 169 185 185 3 3 137 185 137 3 169 185 169 137 3 185 3 137 3 137 3 137 3 169 3 169 137 169 169 185 169 3 137 185 185 169 137 185 185 185 3 137 185 169 185 169 137 3 185 169 137 169 3 3 3 169 137 185 185 137 169 137 137 185 169 137 137 169 137 137 185 137 3 3 137 169 3 169 137 137 185 137 185 185 137 137 3 137 185 3 185 137 137 169 3 137 3 3 185 185 169 137 137 137 137 185 3 137 3 185 185 169 3 3 185 185 185 185 3 137 3 185 185 169 3 137 169 185 169 137 185 185 137 3 169 137 169 185 169 169 185 3 185 185 169 137 3 3 3 137 3 3 185 3 137 185 137 3 169 169 169 137 185 137 185 169 169 185 185 3 169 169 185 137 3 185 137 137 137 169 3 169 169 137 169 169 3 137 137 137 137 3 3 185 169 169 185 137 169 169 137 169 169 137 185 137 3 137 137 3 137 137 3 185 3 137 169 3 169 185 137 169 169 185 169 169 169 169 3 185 185 169 3 169 185 3 3 3 3 185 185 137 169 185 137 185 185 137 3 137 185 169 169 3 137 169 169 169 137 137 169 169 169 169 137 3 185 185 185 137 185 169 169 185 137 3 3 169 137 169 3 169 185 137 3 3 169 137 185 169 169 137 137 137 169 169 169 185 137 3 185 185 185 3 3 137 137 185 3 137 169 137 137 185 185 185 137 137 137 137 169 185 169 185 3 3 3 3 3 169 185 185 185 169 137 3 137 137 137 185 185 169 3 137 137 185 3 137 185 185 169 3 137 169 185 169 3 169 185 3 137 3 185 185 3 137 169 3 137 3 137 3 169 169 169 3 3 3 169 185 137 169 169 137 169 3 185 137 169 3 137 137 185 185 169 185 3 185 137 169 137 185 169 185 169 169 3 137 185 169 137 185 169 3 137 3 169 169 169 169 169 169 137 185 169 185 169 3 185 137 169 3 3 185 137 185 137 185 137 185 185 185 137 3 3 185 137 169 137 185 137 169 3 3 169 169 137 169 137 185 185 169 137 137 137 169 185 3 169 137 169 169 3 137 137 185 3 169 3 137 185 3 3 137 169 3 3 185 137 185 137 3 185 169 3 185 185 185 169 3 185 137 137 3 169 137 169 3 169 137 3 137 137 137 137 185 3 137 3 169 3 185 137 3 137 169 137 169 169 137 137 185 137 169 137 185 3 185 137 137 137 185 169 169 3 185 3 185 137 3 3 3 137 185 3 185 169 3 185 169 169 169 169 137 185 3 3 185 3 137 185 169 3 185 185 137 137 185 3 137 185 3 169 169 3 3 185 169 185 169 185 185 185 3 137 137 185 3 169 3 3 3 185 3 169 3 137 3 3 169 137 137 137 185 185 185 185 137 3 3 169 137 137 185 185 3 169 137 3 169 137 185 185 3 3 169 137 185 185 169 3 169 137 169 185 169 3 185 137 169 3 3 137 3 137 169 3 137 137 3 169 185 185 185 137 137 3 169 3 137 3 185 3 3 169 137 185 169
51
165 10 15 8 11 6 184 177 18 12 11 12 10 3 8 2 188 16 170 18 1 9 8 17 4 18 8 190 168 16 12 8 4 0 0 14 6 2 10 7 199 12 19 6 19 188 9 6 4 1 19
633
200 200 200 200 200 200 200 200 200 200 200 200 200 200 200 200 200 200 200 200 200 200 200 200 200 200 200 200 200 200 200 200 200 200 200 200 200 200 200 200 200 200 200 200 200 200 200 200 200 200 200 200 200 200 200 200 200 200 200 200 200 200 200 200 200 200 200 200 200 200 200 200 200 200 200 200 200 200 200 200 200 200 200 200 200 200 200 200 200 200 200 200 200 200 200 200 200 200 200 200 200 200 200 200 200 200 200 200 200 200 200 200 200 200 200 200 200 200 200 200 200 200 200 200 200 200 200 200 200 200 200 200 200 200 200 200 200 200 200 200 200 200 200 200 200 200 200 200 200 200 200 200 200 200 200 200 200 200 200 200 200 200 200 200 200 200 200 200 200 200 200 200 200 200 200 200 200 200 200 200 200 200 200 200 200 200 200 200 200 200 200 200 200 200 200 200 200 200 200 200 200 200 200 200 200 200 200 200 200 200 200 200 200 200 200 200 200 200 200 200 200 200 200 200 200 200 200 200 200 200 200 200 200 200 200 200 200 200 200 200 200 200 200 200 200 200 200 200 200 200 200 200 200 200 200 200 200 200 200 200 200 200 200 200 200 200 200 200 200 200 200 200 200 200 200 200 200 200 200 200 200 200 200 200 200 200 200 200 200 200 200 200 200 200 200 200 200 200 200 200 200 200 200 200 200 200 200 200 200 200 200 200 200 200 200 200 200 200 200 200 200 200 200 200 200 200 200 200 200 200 200 200 200 200 200 200 200 200 200 200 200 200 200 200 200 200 200 200 200 200 200 200 200 200 200 200 200 200 200 200 200 200 200 200 200 200 200 200 200 200 200 200 200 200 200 200 200 200 200 200 200 200 200 200 200 200 200 200 200 200 200 200 200 200 200 200 200 200 200 200 200 200 200 200 200 200 200 200 200 200 200 200 200 200 200 200 200 200 200 200 200 200 200 200 200 200 200 200 200 200 200 200 200 200 200 200 200 200 200 200 200 200 200 200 200 200 200 200 200 200 200 200 200 200 200 200 200 200 200 200 200 200 200 200 200 200 200 200 200 200 200 200 200 200 200 200 200 200 200 200 200 200 200 200 200 200 200 200 200 200 200 200 200 200 200 200 200 200 200 200 200 200 200 200 200 200 200 200 200 200 200 200 200 200 200 200 200 200 200 200 200 200 200 200 200 200 200 200 200 200 200 200 200 200 200 200 200 200 200 200 200 200 200 200 200 200 200 200 200 200 200 200 200 200 200 200 200 200 200 200 200 200 200 200 200 200 200 200 200 200 200 200 200 200 200 200 200 200 200 200 200 200 200 200 200 200 200 200 200 200 200 200 200 200 200 200 200 200 200 200 200 200 200 200 200 200 200 200 200 200 200 200 200 200 200 200 200 200 200 200 200 200 200 200 200 200 200 200 200 200 200 200 200
621
128 30 30 152 122 159 154 91 35 111 27 88 115 76 129 6 65 197 36 160 5 147 54 144 144 30 8 14 182 90 117 0 156 115 181 151 105 75 3 138 171 141 176 160 17 197 179 123 12 58 62 147 78 195 97 186 192 136 159 36 58 97 29 149 47 170 111 144 70 136 77 85 164 112 128 26 93 52 39 56 32 6 80 178 129 53 199 102 107 190 44 177 27 14 138 183 197 19 140 61 196 110 29 172 23 116 83 148 95 110 133 59 152 113 153 176 155 149 68 67 133 143 97 142 45 14 159 115 123 83 159 76 36 126 36 76 31 191 20 152 15 15 182 36 197 139 143 139 127 7 30 89 1 6 56 166 74 159 111 166 183 137 87 28 126 107 26 191 164 148 64 109 50 198 148 105 72 122 121 97 194 170 96 123 105 122 21 134 54 74 118 40 97 2 189 119 99 7 98 46 123 166 144 98 176 5 94 190 63 31 159 10 189 2 16 101 4 198 158 131 158 142 51 84 34 42 145 172 91 59 177 137 59 36 160 90 83 158 176 20 93 193 77 189 42 81 195 77 73 52 128 83 179 140 70 40 24 136 29 0 88 106 199 73 21 3 115 172 97 151 8 17 150 108 105 50 33 161 3 58 55 110 78 62 98 105 107 100 142 136 61 46 3 180 10 196 190 82 93 191 160 195 189 43 113 150 76 63 113 136 83 44 84 71 58 29 172 38 67 139 29 105 80 51 19 197 197 20 155 9 106 34 36 134 33 199 133 67 46 36 165 100 59 171 132 70 110 125 137 64 112 21 100 129 56 96 11 157 145 145 159 68 147 105 39 102 113 95 44 149 10 166 120 124 4 185 43 31 188 14 190 198 158 112 21 120 197 12 104 170 145 43 116 193 60 63 189 22 200 26 24 184 98 106 117 113 197 114 79 144 146 55 157 14 142 189 187 198 95 173 146 89 166 166 61 35 52 145 59 39 26 5 143 96 4 4 63 89 68 143 111 37 105 120 41 153 57 197 169 101 119 76 32 174 113 8 50 150 45 38 196 169 196 8 78 167 5 118 175 72 43 59 156 18 133 38 70 72 103 125 173 20 67 102 126 38 109 200 122 60 119 120 32 78 140 63 144 116 87 80 200 152 105 51 32 176 128 142 195 20 74 48 39 183 89 126 187 101 189 49 85 130 154 199 19 118 173 157 130 154 169 117 155 108 141 98 147 47 98 175 197 73 167 163 95 6 99 142 18 197 14 81 44 28 24 128 116 166 137 103 29 174 197 158 141 192 119 36 28 13 116 118 108 171 101 37 172 15 73 49 46 119 12 36 81 48 107 157 92 6 77 113 182 30 67 107 73 61 75 43 56 99 39 189 16 47 183 11 108 0 32 59 38 95 71 200 38 53 6 129 23
949
51 51 70 63 51 70 51 51 92 92 51 92 92 63 63 63 92 70 70 63 51 63 70 63 63 63 70 51 51 63 92 51 51 51 70 63 70 92 63 51 70 92 70 63 92 63 63 51 51 92 70 63 70 92 70 63 51 63 92 70 63 63 51 92 63 51 92 70 92 51 51 51 51 51 63 70 92 51 51 92 70 92 63 92 70 70 63 63 92 92 51 70 70 70 92 92 70 70 63 51 63 63 51 70 92 63 63 92 63 92 92 70 51 51 70 92 51 92 92 70 92 70 63 92 51 63 63 63 92 92 63 70 92 63 70 70 51 51 92 51 63 70 70 70 51 92 92 63 51 63 92 63 70 63 63 63 70 51 70 92 70 70 63 63 63 51 63 70 63 51 92 63 92 92 92 51 92 92 92 92 92 51 63 92 70 63 51 63 63 70 63 51 92 63 51 70 92 92 63 70 63 92 63 92 92 70 92 70 92 92 92 51 51 70 70 92 70 92 51 51 51 63 70 63 70 51 51 92 70 70 63 70 92 92 63 63 70 63 70 51 63 92 51 92 92 70 92 92 51 92 70 63 51 63 63 92 92 92 70 70 92 63 92 63 92 63 70 51 51 51 63 92 70 51 51 63 63 63 70 63 51 63 51 51 92 51 51 63 51 63 92 63 51 92 70 92 63 92 63 70 63 51 51 51 92 92 92 63 63 51 70 51 70 51 92 70 70 92 63 51 51 92 70 92 51 63 92 63 70 51 51 92 63 92 92 51 63 63 70 63 51 63 92 63 51 63 70 63 92 51 63 70 70 63 70 63 92 92 92 51 70 63 63 70 92 70 70 70 92 51 63 51 63 63 92 63 70 63 51 70 51 70 51 51 70 51 92 92 51 70 70 70 63 51 63 51 70 63 92 63 51 92 92 63 51 51 63 70 51 92 51 51 63 63 92 70 70 92 63 92 92 63 63 92 92 70 70 63 51 70 92 70 70 92 51 92 63 70 51 51 51 92 51 51 51 70 92 92 63 92 63 70 92 70 92 51 92 63 63 63 92 92 51 70 70 51 92 63 63 51 63 70 63 51 92 63 70 51 63 51 51 63 63 92 92 51 63 92 70 63 63 92 70 92 70 63 51 70 51 92 92 92 63 70 92 92 70 70 51 51 70 70 63 92 51 92 63 63 92 92 63 70 92 63 51 51 63 92 92 70 70 51 51 63 70 70 63 51 70 92 92 92 70 51 70 51 51 70 92 92 51 70 92 63 63 70 51 70 92 51 51 63 51 63 51 92 63 92 51 70 92 63 92 70 70 92 70 51 70 51 63 92 51 63 92 63 51 92 51 51 51 92 51 51 92 70 70 51 70 92 51 92 51 51 51 92 63 51 63 51 63 63 70 70 92 70 51 92 70 63 51 63 70 92 51 92 51 63 70 92 51 70 70 70 92 70 51 63 92 63 63 63 92 51 63 92 92 70 70 63 51 51 63 51 51 63 70 92 51 70 92 92 92 51 92 63 63 92 51 70 70 70 70 51 51 63 51 63 51 70 51 63 63 51 63 92 92 92 51 70 63 51 70 63 51 51 70 63 51 51 63 92 51 70 51 70 63 92 63 51 70 70 51 63 92 70 63 70 51 70 63 92 63 51 51 92 51 92 51 51 51 92 92 63 63 63 70 92 51 63 70 51 51 63 51 51 70 92 92 51 63 70 92 51 63 63 92 63 63 92 51 92 92 51 51 92 70 51 70 70 92 92 70 92 92 63 51 51 63 70 51 63 51 92 70 92 92 70 51 92 70 51 63 51 51 51 51 70 63 70 70 92 63 51 70 70 70 92 51 51 63 63 51 70 51 70 63 92 70 92 70 63 92 63 63 70 70 70 51 92 70 63 70 70 63 63 51 70 51 92 92 92 63 63 63 51 51 63 92 92 92 51 92 70 51 70 63 51 63 51 51 92 92 70 63 92 70 63 51 51 63 51 70 63 70 70 63 51 70 51 51 51 63 70 63 70 63 51 63 70 92 63 51 63 92 92 63 63 92 51 70 92 51 51 92 92 92 70 51 51 92 92 92 70 70 70 51 92 70 70 51 92 70 70 70 51 51 92 63 51 92 51 63 51 51 63 51 63 70 70 63 70 92 92 92 51 51 92 51
11
9 15 18 16 11 11 18 188 2 2 17
138
200 200 200 200 200 200 200 200 200 200 200 200 200 200 200 200 200 200 200 200 200 200 200 200 200 200 200 200 200 200 200 200 200 200 200 200 200 200 200 200 200 200 200 200 200 200 200 200 200 200 200 200 200 200 200 200 200 200 200 200 200 200 200 200 200 200 200 200 200 200 200 200 200 200 200 200 200 200 200 200 200 200 200 200 200 200 200 200 200 200 200 200 200 200 200 200 200 200 200 200 200 200 200 200 200 200 200 200 200 200 200 200 200 200 200 200 200 200 200 200 200 200 200 200 200 200 200 200 200 200 200 200 200 200 200 200 200 200
615
54 184 9 28 118 14 71 116 183 142 159 131 80 1 110 114 74 85 150 154 187 149 69 79 149 143 121 129 129 45 48 37 61 136 149 21 126 55 3 55 124 172 64 107 108 174 47 44 92 5 28 39 84 142 59 174 33 178 157 10 158 116 109 54 19 125 96 104 95 37 93 102 14 69 56 86 4 191 5 3 188 162 59 58 84 50 52 136 189 147 6 160 91 77 35 57 160 30 15 84 70 13 5 71 195 6 105 39 110 3 153 13 55 109 9 194 163 92 43 140 154 195 138 13 114 33 137 55 125 115 139 125 187 36 54 56 200 148 155 122 112 156 7 187 141 15 194 200 78 178 38 125 177 40 180 153 95 196 9 101 42 158 119 162 121 143 155 81 25 178 49 0 152 118 97 164 52 38 151 78 106 19 13 42 15 22 123 99 45 139 159 63 127 56 43 35 172 123 48 155 20 120 53 113 22 191 118 104 77 47 150 15 166 76 164 88 104 160 108 121 75 97 31 81 134 46 9 9 172 75 9 41 50 118 162 68 174 186 79 180 149 36 13 197 174 0 62 64 19 198 76 64 153 131 71 6 55 126 94 80 141 71 124 84 185 190 96 60 104 173 11 33 127 88 95 148 37 9 15 34 166 99 57 65 0 98 67 45 75 108 110 3 113 121 161 159 147 139 3 99 170 120 14 36 112 169 34 53 83 3 185 175 96 148 100 179 0 161 132 40 13 147 192 61 67 27 160 111 66 81 80 59 185 0 62 153 108 44 95 34 28 138 146 199 66 131 120 30 43 166 99 30 151 64 91 170 88 58 94 160 31 77 188 91 119 98 158 78 178 122 190 79 4 112 3 105 188 109 79 144 132 67 9 141 181 117 90 85 149 95 143 17 69 61 37 158 97 199 7 3 56 90 53 103 0 195 58 120 94 17 32 136 112 111 178 58 72 97 185 53 48 128 13 196 63 143 65 157 148 172 70 145 22 197 150 137 180 84 30 178 186 137 112 39 8 192 20 197 57 146 0 49 95 28 88 69 149 13 58 18 59 87 190 160 86 92 92 142 141 99 13 4 64 122 134 98 178 171 156 56 123 112 23 39 113 96 134 92 190 123 185 165 172 107 184 189 141 87 55 60 138 20 0 162 25 180 21 106 154 158 62 37 124 34 52 78 177 106 25 5 178 37 147 76 193 69 140 109 116 79 124 194 133 42 167 136 5 30 19 157 175 40 171 37 139 30 18 124 53 170 115 44 166 132 9 77 178 113 71 6 110 17 186 101 95 173 34 62 105 198 105 144 12 2 108 6 49 124 77 17 185 42 10 154 169 111 126 1 124 74 79 199 152 119 17 75 20 174 81 22 119 158 144 148 177 178 97 123 3 129 111 29 56 77 22
649
5 5 199 17 17 199 170 9 5 11 9 1 15 200 4 7 7 8 20 194 18 1 16 11 16 1 14 8 8 7 13 9 151 1 12 13 20 10 2 9 11 0 16 188 17 2 20 153 14 10 13 12 5 16 191 184 9 12 12 20 17 17 3 15 13 5 3 156 162 6 12 15 170 10 5 2 0 13 181 169 8 13 10 193 18 13 4 13 15 175 18 5 0 16 6 200 161 10 10 168 18 11 0 1 0 13 19 2 1 12 17 176 167 184 12 2 20 15 0 7 5 14 167 20 0 1 18 2 20 7 14 1 15 14 2 1 11 11 1 2 3 19 13 19 15 0 5 3 160 9 19 0 12 156 13 18 0 13 165 8 18 7 18 6 5 16 4 200 177 171 2 3 190 2 2 10 12 2 188 11 16 18 19 3 5 6 4 195 20 6 16 19 11 172 14 6 14 11 17 9 173 5 5 17 5 7 18 18 1 20 193 18 13 17 11 2 0 18 18 14 2 6 2 13 6 9 200 7 12 171 3 13 178 12 20 19 1 3 173 14 9 19 17 11 170 180 6 15 194 162 162 5 174 20 178 20 4 20 0 5 6 18 16 19 10 153 191 2 14 16 20 155 195 16 172 5 1 14 1 5 10 157 193 10 18 160 5 165 3 11 200 20 11 1 18 165 3 151 8 9 18 4 1 190 11 11 5 9 7 8 191 6 11 0 8 10 165 154 2 17 19 0 169 3 14 14 158 181 14 11 18 20 20 13 7 0 13 0 8 17 13 17 10 18 3 10 14 5 20 0 168 18 11 159 3 20 4 17 15 17 17 19 14 13 7 10 4 12 1 12 9 159 10 5 0 12 11 0 3 13 4 20 12 4 19 193 5 2 14 6 197 14 13 3 16 3 16 18 13 13 174 20 12 160 153 6 8 16 20 15 12 157 9 20 3 178 9 0 9 15 13 16 0 20 20 169 16 4 1 186 1 8 20 1 198 5 11 9 11 192 19 4 12 6 11 17 1 15 17 13 5 8 11 13 16 8 8 5 10 155 165 8 18 9 11 13 0 4 7 1 16 2 194 154 6 189 4 9 3 196 5 11 19 5 13 156 14 164 4 5 6 11 5 14 16 16 1 179 12 11 17 3 17 193 180 13 16 3 2 18 16 7 2 186 6 8 151 154 11 9 2 3 5 8 3 8 5 179 13 197 11 12 3 12 16 13 10 0 158 184 164 0 12 154 197 185 20 1 0 5 183 9 5 191 17 19 167 195 8 9 9 7 172 198 14 166 10 196 10 164 20 8 8 16 9 153 5 17 189 1 12 1 9 0 9 19 12 19 20 176 3 187 1 5 193 3 19 4 14 192 13 13 2 170 7 16 166 11 16 15 9 20 14 1 2 8 14 2 183 12 196 2 11 11 16 156 9 169 172 17 7 6 17 13 189 200 157 11 17 182 7 8 6 10 165 19 15 11 15
295
177 196 43 196 106 196 177 196 131 60 131 177 43 131 106 43 177 43 177 131 196 43 177 106 106 106 106 60 131 177 177 106 131 106 196 43 177 196 106 131 60 43 196 196 43 106 106 106 177 106 196 60 131 177 177 60 60 106 177 106 60 43 43 106 60 43 43 60 60 60 177 60 131 196 177 60 196 131 131 106 106 177 43 106 196 131 196 60 43 60 131 60 43 131 177 43 60 177 196 43 196 106 196 43 60 43 177 43 43 196 60 43 196 196 106 43 60 131 177 60 60 131 43 196 60 131 177 106 196 177 106 106 131 131 131 196 60 106 60 177 131 131 60 177 131 177 196 131 177 60 106 43 196 196 43 196 177 131 106 177 131 106 177 60 43 177 60 196 60 60 43 106 106 177 177 177 177 43 196 43 60 43 196 106 131 43 43 60 177 106 196 177 43 43 196 131 60 60 131 60 106 177 196 43 196 106 106 43 131 43 43 60 60 60 177 131 131 106 106 43 60 60 177 177 177 43 60 131 196 106 60 43 106 60 43 60 177 131 43 196 196 60 106 131 196 177 131 60 196 60 196 196 131 177 43 60 106 177 131 131 177 196 196 43 177 60 177 196 177 43 43 106 196 60 177 43 177 43 131 60 177 177 43 106 60 177 196 60 196 177 196 60 60 177 131
979
132 200 23 132 112 112 23 132 200 200 112 132 112 132 160 132 132 112 112 23 132 112 160 23 200 160 200 112 132 23 200 112 160 200 160 132 160 23 160 112 112 132 23 160 132 132 23 200 200 112 112 23 112 23 23 160 132 132 200 112 160 112 200 160 200 112 132 200 200 23 112 160 112 132 112 112 23 160 112 160 160 160 132 112 112 23 160 160 112 132 23 200 160 23 132 132 112 23 23 200 112 200 23 23 23 112 160 200 132 112 112 112 112 132 200 112 200 23 200 132 23 132 132 112 23 112 23 112 112 112 200 160 112 160 23 112 23 23 112 160 200 23 132 112 132 23 200 23 200 112 112 132 112 112 112 200 160 112 132 23 23 132 160 112 132 200 200 160 160 200 200 23 160 200 112 200 200 132 112 160 200 200 132 112 160 160 132 160 200 132 160 200 200 200 160 132 160 23 23 200 132 160 200 200 200 160 112 160 160 23 112 112 160 160 160 132 200 112 112 160 200 132 200 23 200 112 160 160 132 112 200 160 112 200 112 112 160 23 112 132 23 23 200 200 160 132 200 200 160 200 112 112 160 160 200 23 160 132 23 112 23 160 200 132 200 112 160 132 200 160 23 23 200 200 132 112 112 23 200 23 112 200 112 200 112 200 112 200 112 112 160 112 132 23 160 132 132 23 200 23 23 112 200 23 23 160 112 23 132 160 112 200 132 200 160 160 132 132 132 160 23 160 23 23 160 23 132 160 23 23 132 112 160 132 132 132 112 160 160 23 200 112 112 112 23 160 112 23 132 132 132 112 23 23 200 200 132 160 160 23 200 112 160 160 160 132 112 112 23 23 112 132 160 23 160 200 132 160 132 200 112 112 200 23 200 23 23 23 200 23 132 160 112 112 160 23 112 200 132 200 112 200 23 160 160 23 112 160 23 132 200 132 112 200 132 132 132 23 160 160 23 200 23 23 200 200 112 200 132 160 23 200 132 200 23 132 112 23 132 112 160 200 200 200 160 200 132 132 23 132 23 160 112 160 160 160 200 112 112 112 200 112 132 23 23 160 200 112 23 200 132 132 112 160 200 160 160 132 160 200 23 132 160 200 200 112 23 132 160 200 160 112 160 132 160 23 112 160 132 112 23 132 132 132 160 160 160 160 23 160 112 112 112 23 132 160 160 200 160 132 160 112 132 160 132 23 132 160 200 23 132 112 23 112 23 200 160 23 200 112 23 23 23 23 132 200 160 112 23 160 200 112 112 132 200 23 132 160 23 23 112 160 200 112 160 132 200 23 132 112 112 160 160 132 23 160 160 132 112 23 200 112 200 160 132 160 132 112 112 112 200 112 112 200 23 23 160 160 160 200 200 132 112 23 160 132 200 200 200 200 160 23 160 200 23 160 132 23 112 112 23 23 200 132 160 200 200 200 112 160 200 160 112 200 112 160 160 23 200 112 112 112 200 160 112 160 112 160 200 132 23 160 132 112 23 200 160 200 200 200 200 112 112 23 23 200 112 200 112 23 23 23 23 112 160 200 200 132 160 160 160 200 160 23 200 200 160 112 23 112 160 200 200 200 112 23 160 112 200 200 200 132 132 112 160 23 23 23 160 200 200 200 132 132 23 112 23 160 132 160 132 160 23 200 112 23 132 23 132 112 132 160 160 160 112 112 160 132 23 23 23 23 23 112 200 132 160 23 23 200 132 160 23 23 112 160 112 132 112 160 200 132 112 132 200 200 23 200 112 23 112 23 200 23 160 160 132 132 200 112 200 200 132 112 200 132 200 200 160 112 112 112 132 23 160 23 200 160 23 200 112 23 132 160 132 132 112 112 23 23 23 160 160 160 132 112 132 200 132 200 132 23 112 160 112 112 160 23 160 132 23 23 160 200 132 23 132 200 23 200 200 112 112 132 112 23 23 132 200 112 112 132 23 160 160 112 200 132 160 132 23 23 200 112 160 112 200 23 160 23 112 200 160 200 160 200 112 160 200 23 112 160 112 112 200 23 200 23 23 132 200 132 160 200 160 132 160 200 200 132 160 200 112 160 112 132 112 132 160 132 23 112 132 200 132 160 160 112 160 160 23 132 112 112 200 132 132 160 160 160 112 200 112 160 23 23 132 132 160 200 200 160 112 23 23 200 23 23 132 23 23 23 160 112 132 160 132 112 160 160 132 160 200 132 200 200 200 112 23 112 23 160 200 200 200 23 112 23 200
725
200 200 200 200 200 200 200 200 200 200 200 200 200 200 200 200 200 200 200 200 200 200 200 200 200 200 200 200 200 200 200 200 200 200 200 200 200 200 200 200 200 200 200 200 200 200 200 200 200 200 200 200 200 200 200 200 200 200 200 200 200 200 200 200 200 200 200 200 200 200 200 200 200 200 200 200 200 200 200 200 200 200 200 200 200 200 200 200 200 200 200 200 200 200 200 200 200 200 200 200 200 200 200 200 200 200 200 200 200 200 200 200 200 200 200 200 200 200 200 200 200 200 200 200 200 200 200 200 200 200 200 200 200 200 200 200 200 200 200 200 200 200 200 200 200 200 200 200 200 200 200 200 200 200 200 200 200 200 200 200 200 200 200 200 200 200 200 200 200 200 200 200 200 200 200 200 200 200 200 200 200 200 200 200 200 200 200 200 200 200 200 200 200 200 200 200 200 200 200 200 200 200 200 200 200 200 200 200 200 200 200 200 200 200 200 200 200 200 200 200 200 200 200 200 200 200 200 200 200 200 200 200 200 200 200 200 200 200 200 200 200 200 200 200 200 200 200 200 200 200 200 200 200 200 200 200 200 200 200 200 200 200 200 200 200 200 200 200 200 200 200 200 200 200 200 200 200 200 200 200 200 200 200 200 200 200 200 200 200 200 200 200 200 200 200 200 200 200 200 200 200 200 200 200 200 200 200 200 200 200 200 200 200 200 200 200 200 200 200 200 200 200 200 200 200 200 200 200 200 200 200 200 200 200 200 200 200 200 200 200 200 200 200 200 200 200 200 200 200 200 200 200 200 200 200 200 200 200 200 200 200 200 200 200 200 200 200 200 200 200 200 200 200 200 200 200 200 200 200 200 200 200 200 200 200 200 200 200 200 200 200 200 200 200 200 200 200 200 200 200 200 200 200 200 200 200 200 200 200 200 200 200 200 200 200 200 200 200 200 200 200 200 200 200 200 200 200 200 200 200 200 200 200 200 200 200 200 200 200 200 200 200 200 200 200 200 200 200 200 200 200 200 200 200 200 200 200 200 200 200 200 200 200 200 200 200 200 200 200 200 200 200 200 200 200 200 200 200 200 200 200 200 200 200 200 200 200 200 200 200 200 200 200 200 200 200 200 200 200 200 200 200 200 200 200 200 200 200 200 200 200 200 200 200 200 200 200 200 200 200 200 200 200 200 200 200 200 200 200 200 200 200 200 200 200 200 200 200 200 200 200 200 200 200 200 200 200 200 200 200 200 200 200 200 200 200 200 200 200 200 200 200 200 200 200 200 200 200 200 200 200 200 200 200 200 200 200 200 200 200 200 200 200 200 200 200 200 200 200 200 200 200 200 200 200 200 200 200 200 200 200 200 200 200 200 200 200 200 200 200 200 200 200 200 200 200 200 200 200 200 200 200 200 200 200 200 200 200 200 200 200 200 200 200 200 200 200 200 200 200 200 200 200 200 200 200 200 200 200 200 200 200 200 200 200 200 200 200 200 200 200 200 200 200 200 200 200 200 200 200 200 200 200 200 200 200 200 200 200 200 200 200 200 200 200 200 200 200 200 200 200 200 200 200 200 200 200 200 200 200 200 200 200 200 200 200 200 200 200 200 200 200 200 200 200 200 200 200 200 200 200 200 200 200 200
816
0 200 89 91 56 97 107 105 102 104 118 120 79 89 102 115 87 113 87 65 94 57 96 62 66 84 119 75 111 56 97 60 54 102 78 53 115 63 52 107 91 51 106 74 62 60 109 112 57 73 83 106 98 104 95 71 108 56 69 85 85 113 70 72 63 89 65 103 64 117 116 106 51 115 109 87 68 86 55 87 105 79 73 68 106 100 116 51 57 68 119 100 119 59 117 98 92 75 62 97 72 114 54 102 75 63 90 115 112 100 118 72 120 118 109 108 119 81 52 89 93 97 55 88 105 98 118 55 97 65 93 116 96 90 110 79 75 96 54 61 100 68 82 54 106 95 86 110 116 65 112 103 58 79 88 75 88 52 83 107 85 105 83 78 111 87 91 118 62 69 89 62 57 73 84 98 119 107 94 98 116 109 118 110 112 85 84 110 96 68 70 75 72 95 74 70 53 103 77 52 111 51 69 94 93 106 94 117 62 107 97 50 75 111 79 119 60 60 83 73 119 80 54 97 115 106 52 80 118 98 119 100 99 63 109 101 77 75 105 76 89 108 118 115 61 56 97 64 80 58 80 74 105 94 109 104 86 68 98 56 65 108 69 65 70 66 52 113 80 55 78 78 90 55 58 107 114 87 62 96 96 81 58 98 94 53 80 84 90 72 79 109 95 119 85 107 83 109 70 57 101 54 94 114 51 97 102 112 90 74 109 97 67 53 112 100 84 50 102 95 66 52 103 60 98 94 100 80 111 75 84 88 64 110 113 79 101 68 106 112 113 57 86 118 52 93 75 81 81 120 64 70 70 75 54 90 111 67 84 96 85 109 95 50 87 111 112 72 58 101 76 59 81 64 73 82 102 73 52 100 53 104 51 104 72 109 56 70 93 68 115 87 52 85 71 82 101 57 105 68 88 85 113 59 111 108 82 93 83 83 115 97 82 54 94 103 107 52 107 82 76 101 63 88 96 114 68 84 97 118 114 117 88 82 92 93 67 64 80 78 93 100 100 88 62 71 88 55 114 56 100 73 64 97 91 51 112 117 119 60 54 66 98 80 115 82 76 80 67 80 120 102 52 68 85 54 118 107 56 70 51 120 51 102 80 106 117 91 81 56 53 82 82 73 113 76 108 60 51 118 57 112 89 68 56 107 114 59 120 81 50 118 53 88 75 93 96 73 95 103 109 56 60 100 100 57 96 115 77 84 54 106 95 97 83 103 74 71 112 72 105 102 119 67 106 79 52 83 50 62 110 61 102 69 104 81 95 56 83 105 83 112 119 120 95 65 83 74 98 115 75 73 107 86 95 86 106 59 86 110 104 79 84 106 53 65 87 120 95 55 86 77 53 117 63 75 62 83 119 90 93 113 107 92 116 99 96 81 99 119 59 117 73 93 57 90 109 109 70 83 61 89 77 50 73 79 60 93 118 103 58 75 111 59 107 70 104 96 99 90 64 95 89 87 86 110 99 61 63 94 102 91 66 66 54 88 81 95 115 61 60 90 65 83 100 53 115 90 103 100 53 78 103 69 78 94 78 54 84 86 115 66 55 53 56 54 50 55 93 97 104 113 54 97 84 98 114 89 70 67 58 84 97 82 87 105 100 50 75 81 64 80 51 77 98 103 65 53 61 50 53 64 91 111 118 76 82 104 97 65 99 119 107 78 85 97 75 111 90 79 73 52 71 110 70 96 94 91 55 109 97 87 65 83 101 68 87 78 65 111 53 92 50 63 70 98 63 85 75 55 108 110 103 105 76 89 117 65 71 105 78 99 107 110 118 50 95 97 73 109 50 110 105 58 97 102 55 53 109 72 85 84 105 115 56 56 108 106 116 96 103 52 98 85 89 200
126
2 0 13 12 20 3 19 3 16 19 7 20 4 1 15 0 7 13 3 0 3 17 11 6 14 19 17 15 8 20 7 16 18 7 2 19 3 3 8 7 18 4 3 14 17 10 19 8 19 16 11 7 18 13 18 17 15 0 12 9 4 15 15 7 6 3 1 12 16 17 17 20 9 10 1 3 5 0 1 4 19 3 19 17 3 13 16 10 15 20 5 19 0 20 18 5 11 3 19 13 1 6 0 11 2 9 17 0 1 13 16 7 11 0 17 14 13 7 14 5 11 9 11 15 9 2
505
0 200 113 83 79 65 85 59 89 54 111 70 59 74 77 53 77 109 67 94 92 86 76 62 60 67 80 68 54 92 101 96 64 56 54 76 88 59 73 90 58 105 89 70 113 67 64 91 71 103 94 115 90 59 71 102 120 109 62 87 78 117 97 79 103 113 52 60 75 78 83 75 116 107 100 98 70 105 53 88 112 116 61 78 115 114 119 118 106 89 74 74 63 59 89 86 114 65 105 107 83 96 58 50 51 100 93 67 114 108 119 50 85 81 119 54 63 67 114 113 58 108 59 60 117 102 51 116 117 118 55 63 94 86 106 86 61 108 81 98 60 110 103 96 90 53 103 81 111 81 90 99 93 115 97 116 52 50 72 94 111 111 105 62 79 68 80 67 87 60 82 69 55 70 112 89 68 54 96 102 53 104 113 108 106 95 111 80 99 55 87 115 88 120 93 110 120 83 91 79 80 57 109 111 106 63 69 79 85 71 61 95 109 104 101 52 73 116 99 114 70 96 100 97 98 70 77 100 106 55 92 114 52 92 66 67 89 64 69 65 96 101 111 120 50 63 70 79 75 101 59 117 90 112 55 99 99 81 114 112 77 79 106 112 110 106 93 105 114 95 83 79 79 66 108 104 52 105 79 52 67 50 102 72 60 64 93 59 67 106 115 98 100 120 53 113 117 57 56 94 59 75 98 117 50 103 74 62 101 56 87 102 90 81 111 76 102 92 80 61 87 85 55 116 120 72 71 69 92 95 99 79 65 112 70 72 114 97 54 74 90 113 101 64 54 69 67 114 96 91 59 62 82 64 69 62 86 112 55 84 54 110 106 61 56 94 74 57 80 109 52 71 119 112 107 106 107 116 59 54 107 99 55 98 55 85 82 83 101 57 50 94 52 119 92 78 93 69 77 89 91 82 101 62 58 103 87 63 96 66 64 54 101 68 61 70 60 100 84 55 83 56 79 50 111 75 53 79 95 87 96 87 67 99 73 78 103 104 82 56 99 112 86 96 120 73 103 109 68 54 90 50 79 92 104 86 57 50 64 92 88 50 99 91 70 78 75 75 106 87 96 85 63 52 63 83 94 73 103 77 120 93 53 79 77 64 92 57 67 64 60 112 109 107 53 74 91 92 59 96 55 63 82 55 200
217
0 200 81 110 85 79 120 56 78 63 53 76 93 66 58 55 84 69 81 112 53 70 75 66 104 116 81 119 120 88 78 68 63 112 88 109 65 56 59 50 91 66 66 59 61 91 100 73 61 71 64 103 99 63 74 77 90 56 108 119 70 117 73 109 56 108 57 87 62 113 120 88 97 114 87 72 95 87 89 120 104 114 120 50 103 78 62 64 70 84 72 71 117 62 78 89 61 108 98 79 67 106 105 95 84 59 88 88 81 103 53 100 97 80 103 117 111 71 54 117 103 119 106 100 85 88 76 98 81 56 61 86 84 54 53 76 120 117 71 100 54 77 58 62 77 94 89 114 79 102 112 88 89 56 88 76 100 113 92 52 59 87 83 79 55 79 71 120 109 86 116 76 88 99 84 73 55 109 71 84 65 106 73 64 65 105 101 86 65 96 76 118 67 117 104 106 108 82 93 63 86 116 64 76 115 77 53 96 84 85 79 50 55 62 59 98 200
850
8 12 4 14 8 10 10 10 12 13 4 12 12 16 5 6 2 11 11 20 6 17 9 1 2 9 7 16 0 14 16 17 17 10 20 0 12 10 19 14 1 0 1 12 2 12 3 11 2 1 18 14 18 13 10 17 0 6 3 18 20 3 5 5 6 6 10 16 2 11 1 9 11 0 7 8 1 7 14 9 9 4 4 18 20 9 8 12 3 16 12 6 9 9 8 5 12 1 9 18 16 4 15 6 7 17 9 9 6 6 16 7 3 8 18 7 19 12 9 12 20 20 9 14 1 11 2 14 10 7 16 9 11 9 20 9 12 14 1 13 6 10 6 13 14 4 13 3 3 16 2 18 12 16 19 1 19 3 6 3 4 12 4 12 17 14 14 12 9 14 0 10 4 2 17 5 19 6 9 15 0 12 15 17 11 3 20 9 3 0 0 14 13 3 5 13 10 15 13 19 4 7 10 15 5 18 5 10 4 17 12 12 4 6 20 15 8 12 5 10 4 1 19 7 15 1 0 10 19 2 11 19 17 13 20 12 6 15 11 6 4 19 15 5 6 4 2 12 10 15 11 14 19 0 0 15 1 15 14 12 13 16 3 3 7 3 14 3 11 19 6 3 18 13 14 19 3 13 8 20 11 7 4 5 19 16 10 20 1 14 20 14 0 8 17 11 8 2 7 3 4 14 16 14 9 5 7 16 16 0 7 9 6 9 20 8 15 17 10 11 8 5 1 12 7 18 9 15 9 14 4 13 2 0 18 5 14 18 18 12 16 4 13 16 12 0 19 11 2 15 7 2 16 14 11 6 0 0 20 16 17 9 9 13 15 2 13 6 19 14 3 6 7 1 18 15 15 3 0 12 0 5 20 9 11 11 18 6 2 3 10 17 17 5 15 0 4 15 1 12 15 12 19 18 4 0 7 14 11 18 14 15 2 2 6 15 19 20 1 10 15 8 19 10 12 17 13 18 16 18 0 19 5 17 18 20 16 18 19 0 19 6 5 4 2 12 8 3 2 11 18 10 20 20 12 14 5 18 12 1 13 5 9 7 8 14 13 4 0 18 11 6 17 4 12 10 14 6 1 15 20 14 6 20 0 13 5 8 9 8 13 8 19 9 16 6 3 20 10 14 8 12 9 17 7 5 12 11 18 20 5 19 19 5 0 5 0 3 2 7 5 6 19 3 13 19 11 1 19 2 0 19 12 7 13 13 16 0 5 13 17 16 11 15 19 10 4 10 0 13 20 8 13 1 10 12 12 15 18 8 6 6 17 5 14 15 2 17 8 19 15 6 15 16 18 7 15 20 17 16 0 7 0 20 10 12 19 2 16 5 8 18 16 19 8 3 10 5 18 12 1 9 13 2 15 19 14 2 14 9 6 14 1 4 1 4 4 16 6 1 1 10 15 9 9 19 3 13 20 8 7 13 11 4 3 1 14 9 15 3 14 12 4 1 1 14 4 10 17 0 8 13 15 2 12 14 20 11 2 5 17 13 19 16 13 7 0 15 14 7 10 20 17 12 15 5 19 6 15 14 5 6 15 13 15 19 13 6 5 6 12 2 7 11 8 0 2 0 15 19 11 13 20 18 0 13 9 2 8 3 11 5 2 9 12 20 5 16 11 11 2 11 10 19 8 14 20 0 15 13 20 12 11 14 8 20 19 5 11 4 13 7 20 9 11 14 19 1 16 12 10 7 20 6 19 14 3 3 13 4 1 2 16 20 14 6 10 9 1 5 0 9 17 9 20 7 16 10 11 19 5 11 3 9 16 0 16 15 11 9 19 3 5 3 16 5 10 3 11 4 0 14 5 17 17 3 12 19 6 4 6 9 4 19 20 14 20 10 17 19 3 16 20 11 1 8 13 4 7 5 6 2 7 8 15 1 20 3 14 9 4 2 18 18 19 13 13 12 7 18
661
0 200 92 67 72 61 120 113 68 108 59 79 111 120 69 72 62 97 105 58 89 92 66 69 117 74 67 87 92 111 89 90 69 109 91 102 111 108 96 95 114 57 104 64 114 64 85 94 106 68 66 94 53 96 68 71 86 74 52 79 60 54 83 68 72 53 112 103 65 73 111 109 56 65 120 61 83 114 117 98 50 102 63 51 50 114 115 76 72 114 117 54 56 73 109 63 99 65 102 103 92 106 83 91 113 80 71 81 71 105 69 53 110 55 108 76 69 56 76 120 84 99 82 115 51 70 84 58 79 87 96 111 102 118 59 117 76 80 62 115 53 96 119 95 117 120 50 50 112 62 88 74 98 60 50 107 99 88 50 59 103 73 59 107 62 91 54 109 92 55 72 73 81 120 105 110 51 94 72 94 114 84 106 70 70 92 92 108 116 65 89 91 105 51 67 112 59 114 112 52 96 88 60 115 114 114 65 69 103 50 113 106 73 71 89 91 105 82 73 77 116 120 106 111 108 69 50 53 94 78 63 52 96 53 79 100 85 64 79 84 116 101 96 73 89 91 117 105 63 84 68 61 50 119 55 53 111 72 109 111 83 113 63 117 55 120 55 94 79 100 119 115 57 112 57 101 77 52 73 80 67 57 74 120 65 75 76 56 116 108 98 67 91 53 114 100 93 70 91 75 102 92 51 85 111 51 115 75 62 53 83 110 104 59 74 57 101 78 64 96 66 82 70 105 83 115 112 88 79 62 83 95 66 119 103 77 100 112 75 50 75 69 82 61 113 118 110 82 61 119 104 53 61 94 72 111 88 64 98 92 95 81 69 100 59 60 71 71 83 61 58 63 86 102 58 81 100 97 66 56 68 70 114 90 82 65 87 64 109 79 79 99 70 111 97 53 116 109 118 51 103 67 106 64 51 50 90 84 60 119 91 114 71 78 115 78 78 70 84 92 93 88 92 59 98 50 53 57 73 103 59 84 87 107 88 54 55 89 105 85 79 98 88 58 88 70 115 88 92 56 103 82 86 102 53 75 105 58 70 108 104 70 88 57 75 109 93 105 58 120 120 96 76 89 76 109 89 113 112 120 117 97 111 120 96 99 82 80 67 120 64 91 72 57 103 115 54 65 94 59 62 58 112 65 67 97 106 74 95 98 63 111 64 56 58 74 95 65 89 55 74 63 113 96 109 118 93 59 85 102 80 67 61 68 103 69 76 74 97 108 53 104 109 92 118 96 97 99 85 77 88 112 98 111 118 94 86 50 117 92 82 111 107 58 54 58 61 65 88 95 53 101 76 101 102 50 111 50 62 104 57 58 114 71 114 70 70 101 63 83 91 51 81 95 74 119 82 67 119 96 50 108 76 106 109 100 83 86 111 53 62 67 98 118 89 117 59 68 73 69 113 84 106 75 81 95 63 50 85 119 80 65 119 60 80 53 51 116 70 113 104 116 82 107 106 62 114 120 70 106 93 96 69 103 81 112 77 106 99 70 200
16
103 35 35 35 35 103 103 35 103 103 103 103 35 35 103 103
646
0 0 0 0 0 0 0 0 0 0 0 0 0 0 0 0 0 0 0 0 0 0 0 0 0 0 0 0 0 0 0 0 0 0 0 0 0 0 0 0 0 0 0 0 0 0 0 0 0 0 0 0 0 0 0 0 0 0 0 0 0 0 0 0 0 0 0 0 0 0 0 0 0 0 0 0 0 0 0 0 0 0 0 0 0 0 0 0 0 0 0 0 0 0 0 0 0 0 0 0 0 0 0 0 0 0 0 0 0 0 0 0 0 0 0 0 0 0 0 0 0 0 0 0 0 0 0 0 0 0 0 0 0 0 0 0 0 0 0 0 0 0 0 0 0 0 0 0 0 0 0 0 0 0 0 0 0 0 0 0 0 0 0 0 0 0 0 0 0 0 0 0 0 0 0 0 0 0 0 0 0 0 0 0 0 0 0 0 0 0 0 0 0 0 0 0 0 0 0 0 0 0 0 0 0 0 0 0 0 0 0 0 0 0 0 0 0 0 0 0 0 0 0 0 0 0 0 0 0 0 0 0 0 0 0 0 0 0 0 0 0 0 0 0 0 0 0 0 0 0 0 0 0 0 0 0 0 0 0 0 0 0 0 0 0 0 0 0 0 0 0 0 0 0 0 0 0 0 0 0 0 0 0 0 0 0 0 0 0 0 0 0 0 0 0 0 0 0 0 0 0 0 0 0 0 0 0 0 0 0 0 0 0 0 0 0 0 0 0 0 0 0 0 0 0 0 0 0 0 0 0 0 0 0 0 0 0 0 0 0 0 0 0 0 0 0 0 0 0 0 0 0 0 0 0 0 0 0 0 0 0 0 0 0 0 0 0 0 0 0 0 0 0 0 0 0 0 0 0 0 0 0 0 0 0 0 0 0 0 0 0 0 0 0 0 0 0 0 0 0 0 0 0 0 0 0 0 0 0 0 0 0 0 0 0 0 0 0 0 0 0 0 0 0 0 0 0 0 0 0 0 0 0 0 0 0 0 0 0 0 0 0 0 0 0 0 0 0 0 0 0 0 0 0 0 0 0 0 0 0 0 0 0 0 0 0 0 0 0 0 0 0 0 0 0 0 0 0 0 0 0 0 0 0 0 0 0 0 0 0 0 0 0 0 0 0 0 0 0 0 0 0 0 0 0 0 0 0 0 0 0 0 0 0 0 0 0 0 0 0 0 0 0 0 0 0 0 0 0 0 0 0 0 0 0 0 0 0 0 0 0 0 0 0 0 0 0 0 0 0 0 0 0 0 0 0 0 0 0 0 0 0 0 0 0 0 0 0 0 0 0 0 0 0 0 0 0 0 0 0 0 0 0 0 0 0 0 0 0 0 0 0 0 0 0 0 0 0 0 0 0 0 0 0 0 0 0 0 0 0 0 0 0 0 0 0 0 0 0 0 0 0 0 0 0 0 0 0 0 0 0 0 0 0 0 0 0 0 0 0 0 0 0 0 0 0
428
183 121 121 121 183 183 121 121 121 121 121 183 121 121 121 121 183 183 121 183 121 121 121 183 121 121 183 183 183 121 183 183 183 121 183 121 183 121 121 121 183 183 183 121 121 121 121 183 121 121 121 121 183 183 121 183 121 183 183 121 121 183 183 121 121 121 183 183 121 121 183 183 183 183 183 121 183 183 183 183 183 121 183 121 121 121 121 183 121 183 183 121 121 183 121 183 121 121 183 183 121 183 121 121 121 121 183 183 121 121 183 121 183 121 121 121 121 183 121 183 121 121 183 121 121 183 183 121 121 183 183 183 121 183 183 121 183 121 121 183 121 121 121 121 183 183 183 183 183 183 183 183 183 121 183 121 183 183 183 121 183 121 121 183 183 121 121 121 183 183 183 121 183 183 183 183 121 183 183 183 121 183 121 121 121 183 121 121 121 183 183 183 121 121 121 183 183 121 183 183 121 121 121 121 121 183 121 183 183 121 121 183 121 121 183 121 121 121 183 121 121 121 121 183 183 121 121 121 183 183 183 121 183 183 183 183 183 183 121 183 121 121 183 121 121 183 183 121 121 121 121 121 121 183 183 183 121 183 121 121 121 121 121 183 121 121 121 121 183 121 121 183 121 183 121 183 121 121 121 183 183 183 183 183 121 121 121 183 183 183 183 183 121 183 183 183 183 121 183 183 121 183 121 183 121 183 183 121 183 121 183 183 183 183 121 121 183 183 183 183 121 183 183 121 121 121 121 183 121 121 121 121 183 121 183 183 121 183 183 183 183 183 121 121 183 121 121 121 183 121 121 121 121 183 121 121 121 121 183 183 183 121 183 121 183 183 183 183 183 183 183 183 183 183 121 183 121 121 121 121 121 121 121 183 183 183 121 183 183 121 183 121 121 183 121 183 183 183 183 183 121 183 183 183 183 121 183 183 183 121 121 183 183 183 183 121 183 183 121 121 121 183 183 183 121 121 121 121
50
200 200 200 200 200 200 200 200 200 200 200 200 200 200 200 200 200 200 200 200 200 200 200 200 200 200 200 200 200 200 200 200 200 200 200 200 200 200 200 200 200 200 200 200 200 200 200 200 200 200
419
9 181 8 10 4 5 9 10 182 184 17 167 11 175 7 8 1 10 16 17 175 151 11 6 17 20 12 157 0 175 15 184 6 5 8 4 0 15 150 0 14 164 7 9 18 9 178 18 151 11 0 2 19 11 4 174 20 13 4 1 10 1 189 7 19 186 171 10 2 191 195 20 10 194 155 5 2 152 14 18 19 15 10 171 194 15 18 5 158 196 9 6 2 1 15 180 0 19 19 1 10 6 18 3 6 4 12 19 161 15 155 18 1 14 15 5 12 179 6 4 184 4 15 1 15 2 6 9 9 13 150 15 8 6 179 11 6 174 1 16 163 15 17 194 5 15 156 157 6 20 18 0 12 4 7 12 2 14 7 19 175 5 196 6 4 183 184 3 175 6 2 14 16 18 2 169 18 6 2 16 7 19 12 12 12 14 13 153 2 19 11 11 171 157 13 3 18 4 175 19 1 17 200 155 1 175 7 7 18 9 14 3 18 158 6 182 9 11 166 6 3 12 20 14 19 1 4 5 6 14 9 178 13 3 4 19 0 13 10 1 156 5 14 9 175 0 5 20 190 16 18 5 169 187 5 4 188 13 7 9 0 3 15 12 171 3 179 11 181 198 19 20 8 0 194 17 17 15 20 9 8 9 11 194 1 155 2 8 165 179 20 18 1 17 1 15 0 14 9 18 5 18 5 20 12 15 154 184 177 14 152 8 18 19 177 15 18 1 10 164 6 12 16 0 6 11 13 15 10 169 5 15 1 3 157 150 12 19 6 18 1 7 164 157 163 7 0 5 0 1 160 159 9 8 18 199 12 8 15 15 9 17 7 9 18 16 15 14 162 17 2 194 181 6 153 17 10 172 19 16 18 15 3 8 17 15 2 16 161 6 178 13 14 163 16 10 13 16 13 15 15 1 9 190 5 178 2 19 5 187 162 19 3 16 2 16 1 182 19
677
6 12 0 3 6 197 12 6 11 10 0 15 9 7 15 192 158 14 164 10 19 17 2 10 16 10 7 153 18 17 13 17 0 16 14 1 6 2 5 19 10 12 3 8 18 20 6 16 9 15 1 10 8 4 157 5 5 14 3 7 9 153 7 5 13 3 13 9 8 14 190 7 2 12 200 8 9 7 6 157 2 19 15 14 17 3 8 2 162 10 158 16 1 9 2 185 18 1 3 17 197 179 168 193 4 9 1 167 7 6 16 1 17 166 7 164 14 17 18 8 11 7 192 172 184 165 1 18 0 11 7 183 15 20 1 181 5 16 0 17 156 12 10 18 14 14 151 18 18 8 7 15 4 14 168 18 9 18 178 17 13 3 2 181 3 156 183 8 4 18 7 13 2 10 198 19 12 6 7 8 0 5 1 15 3 5 2 11 5 3 198 4 2 7 0 11 167 7 165 13 15 13 150 6 199 17 11 7 179 1 178 197 16 1 3 10 14 2 12 0 13 1 1 16 9 15 16 17 5 5 163 0 0 17 2 15 8 3 7 5 179 188 169 20 19 3 3 18 2 7 11 8 17 5 0 19 15 9 0 12 14 19 163 165 16 4 0 2 14 175 5 14 14 11 18 0 5 17 19 7 151 187 11 14 162 6 5 161 20 12 3 2 5 167 19 156 19 17 8 17 0 18 8 13 5 6 13 151 5 167 154 18 1 8 12 170 8 1 12 18 151 5 194 1 11 195 3 11 9 17 8 8 18 154 15 17 10 15 192 3 3 11 0 18 20 16 16 5 196 2 14 14 20 3 17 189 10 17 5 6 154 176 9 17 15 11 171 1 17 1 193 6 13 157 16 20 2 20 4 181 1 5 18 3 14 3 18 4 19 20 158 0 11 4 15 0 155 185 17 8 3 11 17 0 192 12 4 6 10 1 19 3 11 1 17 0 9 15 9 7 168 13 1 18 3 5 7 187 15 185 4 158 20 20 2 9 18 13 16 10 3 10 4 3 15 14 7 6 20 169 158 16 185 163 170 11 3 16 0 18 16 184 9 193 1 9 8 192 185 13 13 6 8 8 17 17 4 18 20 16 14 14 7 173 7 7 7 0 5 189 2 4 3 20 18 1 3 179 14 11 198 173 3 1 18 9 5 2 7 5 2 11 2 1 0 13 6 6 7 12 16 19 20 3 12 19 8 156 11 1 196 175 14 11 164 14 9 18 186 10 19 15 4 0 8 200 11 17 14 14 7 6 4 162 14 17 7 8 150 3 11 11 10 18 11 17 6 11 182 170 17 15 13 7 9 11 12 174 2 7 3 9 158 7 2 2 17 8 3 176 169 15 181 177 16 191 19 9 161 13 9 17 6 4 159 1 171 12 175 12 171 12 193 15 3 17 17 12 7 3 16 8 14 11 14 159 187 165 9 14 196 8 181 179 20 14 2 19 19 5 13 13 9 8 13 153 164 4 17 154 15 0 20 1 178 169 18 18 10 17 10 11 7 166 6 12 164 19 6 4 190 3 13 7 4 8 13
421
4 16 161 17 7 19 6 16 20 17 16 185 0 18 2 7 14 0 7 0 13 171 176 6 0 0 4 3 176 13 12 12 12 4 3 3 13 8 11 7 8 199 192 17 14 167 176 15 150 2 4 6 11 7 8 1 191 185 14 2 170 18 7 0 7 18 9 20 18 168 165 17 1 17 19 161 198 0 3 4 7 169 1 11 20 169 15 12 12 2 16 5 12 6 184 9 11 17 198 6 158 152 18 16 20 6 199 10 194 163 20 168 5 5 2 0 3 16 1 19 13 5 9 16 18 20 18 6 13 4 168 5 5 195 194 1 0 16 193 153 151 150 17 5 20 7 179 169 4 12 187 12 168 20 177 19 0 0 20 10 10 17 7 18 15 12 10 187 18 165 4 12 17 173 194 164 20 12 155 9 15 19 20 9 3 14 163 4 0 12 197 188 5 9 166 13 1 158 9 17 161 174 197 17 193 193 17 1 11 0 7 2 11 19 11 0 17 4 10 8 7 3 184 8 20 16 7 4 19 9 2 20 7 159 19 0 9 3 8 18 16 200 13 18 5 13 10 4 2 2 6 8 1 161 5 5 6 8 6 6 18 13 3 2 17 0 20 6 17 3 5 14 20 1 195 4 190 10 20 199 1 9 15 173 157 3 3 189 14 10 0 11 13 7 175 9 19 3 197 8 14 5 1 4 2 17 9 160 11 20 19 7 152 170 18 9 7 0 19 13 10 6 0 6 3 2 5 0 17 18 5 13 6 19 12 4 12 4 9 18 8 6 2 2 1 9 7 20 11 9 18 173 169 19 185 1 157 1 2 190 17 3 16 9 14 153 3 167 6 155 9 20 9 16 18 20 196 18 3 11 2 9 17 172 18 16 0 166 7 9 195 20 7 13 196 16 11 1 8 14 17 5 196 19 14 154 16 168 10 15 14 13 156 19 12 16 6 2 5 175 3
908
122 82 200 130 6 183 72 5 53 124 164 103 111 153 8 145 112 141 158 111 128 169 48 79 80 34 70 22 153 114 120 65 118 149 125 128 191 121 149 123 188 181 157 155 18 144 6 79 15 110 52 146 36 175 5 45 98 122 193 71 64 101 139 185 115 84 174 140 146 121 21 3 124 132 45 65 105 6 46 90 30 109 79 199 174 90 149 130 175 85 29 66 40 111 185 93 22 82 167 163 167 45 150 200 182 5 186 153 25 185 136 82 132 150 177 157 117 166 38 172 70 104 109 182 189 16 193 69 140 109 44 67 9 43 70 144 174 155 11 113 5 174 185 31 193 12 152 127 105 4 38 43 111 146 96 85 42 195 21 15 162 13 143 12 20 174 109 26 194 157 21 36 34 9 68 103 52 141 26 56 46 117 142 151 183 118 197 195 196 66 39 88 62 46 149 94 164 7 158 94 99 165 65 27 195 183 68 78 155 80 40 87 106 74 48 141 48 52 48 149 47 83 25 9 108 85 184 74 15 124 102 161 63 92 110 56 166 151 166 36 127 183 88 178 5 97 61 33 65 4 170 132 145 148 178 183 21 179 26 178 67 191 114 124 114 134 163 91 156 198 134 100 63 82 19 23 82 75 194 140 133 42 149 8 74 140 96 51 172 132 78 20 105 71 199 158 199 156 186 143 155 178 62 128 24 11 113 173 144 170 49 196 27 150 107 10 193 104 155 49 72 97 190 172 150 150 169 120 35 160 1 64 10 72 12 73 2 82 79 143 89 76 81 123 99 138 33 12 178 5 146 62 150 51 163 61 128 179 73 166 181 36 40 63 33 109 99 152 143 56 14 141 161 123 108 44 18 48 164 178 109 93 193 69 152 154 47 14 166 195 132 157 31 17 84 62 151 89 157 154 36 7 59 117 58 197 174 143 119 135 147 128 165 104 48 68 194 46 127 99 83 195 109 159 70 15 83 185 155 25 128 114 129 49 112 13 6 66 34 112 170 4 43 79 149 117 7 141 174 79 150 88 151 90 53 145 14 176 108 140 144 0 110 82 64 57 91 148 32 36 93 179 50 104 35 43 25 12 121 173 108 99 198 74 120 58 92 12 153 36 180 151 30 32 199 175 194 48 48 105 8 75 50 15 23 174 73 86 41 159 180 147 194 165 168 102 96 82 64 160 50 130 145 14 139 75 22 127 118 34 101 104 6 116 6 12 114 155 3 146 199 173 150 180 143 131 112 141 183 114 11 49 162 127 169 103 150 67 55 53 92 25 129 168 49 63 173 40 122 56 13 93 62 197 83 145 180 27 49 27 121 48 60 172 120 94 55 3 47 102 59 34 109 35 163 191 4 186 196 117 21 23 59 184 194 144 33 77 180 33 89 4 142 197 13 13 88 43 26 87 77 43 5 89 40 114 154 109 129 123 93 120 91 75 142 140 92 171 147 187 119 34 19 187 187 101 151 133 69 8 144 196 57 46 53 138 128 188 40 200 85 49 74 188 114 126 115 91 168 178 131 36 198 170 39 32 148 82 19 129 171 63 121 172 183 46 150 84 85 155 198 0 176 119 35 45 140 21 25 82 43 134 17 52 136 113 98 54 37 10 82 187 97 154 170 84 164 55 89 121 148 191 1 99 40 151 197 103 195 198 192 123 5 23 160 16 168 59 16 163 184 162 62 104 175 14 41 19 86 32 100 158 30 143 193 22 100 189 113 114 37 66 49 85 127 159 101 143 78 181 132 1 193 123 26 196 195 199 103 77 150 136 166 28 45 32 17 131 153 43 169 41 68 159 124 115 9 180 127 188 60 107 166 90 22 20 156 170 48 80 34 147 120 103 89 36 141 144 72 192 88 75 135 41 9 15 5 149 34 169 105 180 79 111 28 117 180 199 8 104 130 174 182 182 167 129 181 192 80 5 177 115 119 165 30 19 25 83 74 53 41 40 189 23 190 106 174 157 21 146 28 109 187 197 174 152 54 14 23 138 136 46 66 133 102 134 8 90 59 35 145 98 197 90 39 43 2 12 190 121 198 159 195 128 9 132 116 109
694
189 47 47 159 109 159 109 189 109 189 47 159 159 189 47 189 109 109 189 47 189 189 109 109 109 30 159 109 159 189 189 47 47 189 189 30 30 109 30 30 159 109 47 30 109 189 109 189 109 30 109 109 159 47 30 30 189 47 109 109 47 189 30 109 189 159 47 30 47 189 47 159 109 109 109 30 109 47 159 189 47 189 159 109 47 189 109 159 30 109 30 159 189 30 47 109 159 159 109 30 189 159 159 189 47 30 159 159 30 189 30 159 189 47 189 109 30 159 159 47 189 30 159 47 30 47 189 109 30 47 159 47 189 159 159 159 109 159 189 159 109 189 109 47 47 159 109 189 159 30 189 159 189 47 47 109 47 189 159 159 30 159 159 47 30 47 30 47 109 47 109 109 189 47 159 159 159 47 159 189 47 30 30 30 47 109 159 159 159 159 47 159 47 109 159 159 189 109 109 47 159 47 189 109 47 109 30 109 47 109 47 189 109 30 189 189 30 159 159 189 189 159 30 189 30 30 189 159 159 189 189 30 30 30 189 189 159 47 109 109 47 189 159 159 47 109 47 47 109 159 47 159 159 47 109 47 159 30 189 30 47 30 159 30 159 159 189 159 30 109 159 109 47 109 47 30 109 47 109 189 159 159 189 189 30 30 47 109 47 109 189 109 47 30 189 109 47 189 189 47 159 109 109 109 159 159 159 30 47 47 109 30 159 47 159 189 189 47 109 109 47 159 159 109 189 30 159 109 30 159 189 189 30 109 159 159 30 47 109 109 189 47 47 159 47 109 159 47 47 30 159 189 30 159 189 30 159 109 30 30 47 189 109 159 109 159 159 189 30 109 109 30 159 189 30 189 189 159 159 189 189 30 47 47 47 109 159 109 159 159 30 109 109 109 109 159 159 189 159 189 30 30 109 189 189 189 30 189 159 30 109 109 159 109 189 159 159 30 189 109 189 189 47 159 109 47 109 109 189 159 189 189 159 47 109 47 109 159 189 159 189 30 30 30 159 30 109 30 30 189 30 109 109 109 109 47 189 189 189 109 159 109 30 159 30 47 47 47 30 109 30 109 47 189 30 109 109 109 189 47 189 159 189 30 189 47 159 30 30 189 109 159 159 47 109 159 30 47 47 159 30 30 30 109 159 47 30 159 30 159 109 47 159 189 30 159 159 30 30 159 47 189 30 159 47 30 47 189 189 30 189 159 47 109 30 189 159 159 47 189 189 189 30 159 159 47 159 159 159 189 189 109 189 109 30 189 47 109 189 47 189 189 109 109 47 189 189 109 47 47 159 30 109 159 47 47 159 109 189 47 30 47 159 109 159 109 109 47 109 30 189 30 109 109 189 189 47 47 189 47 109 47 159 109 159 159 189 47 159 109 47 109 159 189 47 159 109 109 189 159 30 189 109 109 189 47 47 30 109 189 30 47 47 189 189 47 189 30 109 159 189 30 109 47 30 47 159 159 47 30 30 109 109 159 109 109 47 189 189 109 189 30 189 47 159 30 109 159 47 159 109 189 30 159 189 47 30 189 189 47 159 109 189 159 47 47 189 109 159 159 109 47 109 47
456
107 98 70 134 164 142 31 128 35 102 88 72 30 86 197 167 132 30 5 44 146 163 145 3 24 26 73 48 177 58 152 53 23 67 53 156 125 29 79 92 86 62 87 200 163 0 198 188 22 177 180 88 33 107 37 85 59 98 196 35 181 37 77 128 106 187 71 193 9 186 69 21 78 5 53 76 1 186 40 51 155 72 160 74 158 183 195 66 118 185 94 179 142 44 96 103 162 179 62 103 189 70 32 85 176 118 147 106 14 57 164 8 52 10 40 137 156 131 171 132 168 140 97 7 200 88 57 31 160 66 132 120 199 133 161 134 38 127 110 195 19 56 123 92 12 69 46 51 32 167 110 68 109 168 196 85 69 197 108 163 15 182 166 78 39 69 196 103 37 76 164 117 110 41 143 63 33 130 31 118 165 73 69 174 143 190 91 19 47 158 131 126 64 59 94 176 116 27 70 158 104 137 199 86 50 84 52 96 60 29 171 108 23 8 147 124 67 153 181 74 183 12 95 9 192 96 31 150 38 123 102 188 129 94 132 83 152 162 50 134 48 146 94 72 97 109 1 145 118 167 188 198 9 126 51 49 153 169 3 84 44 30 159 170 118 149 29 75 44 61 93 67 195 86 46 22 198 119 160 179 146 131 140 189 13 100 100 137 82 115 30 95 88 133 72 131 92 56 191 114 55 192 34 136 197 157 199 31 145 171 101 130 113 196 11 99 34 89 1 32 15 60 169 149 88 8 90 192 83 188 30 140 80 146 136 107 139 141 192 126 100 183 155 95 133 76 76 167 44 7 141 137 146 14 64 27 96 104 164 54 167 78 195 81 114 82 142 65 73 0 34 136 166 132 185 22 2 6 116 23 86 44 123 107 150 121 148 99 136 159 162 95 198 200 28 169 79 63 72 23 187 54 120 146 178 108 115 200 18 100 106 141 54 47 17 82 168 6 8 27 100 14 155 81 48 75 69 43 40 70 197 45 47 29 173 12 89 33 174 75 124 139 115 79 52 127 152 108 37 20 21 69 164 15 31 107
139
200 200 200 200 200 200 200 200 200 200 200 200 200 200 200 200 200 200 200 200 200 200 200 200 200 200 200 200 200 200 200 200 200 200 200 200 200 200 200 200 200 200 200 200 200 200 200 200 200 200 200 200 200 200 200 200 200 200 200 200 200 200 200 200 200 200 200 200 200 200 200 200 200 200 200 200 200 200 200 200 200 200 200 200 200 200 200 200 200 200 200 200 200 200 200 200 200 200 200 200 200 200 200 200 200 200 200 200 200 200 200 200 200 200 200 200 200 200 200 200 200 200 200 200 200 200 200 200 200 200 200 200 200 200 200 200 200 200 200
56
117 71 189 177 0 71 117 177 0 117 0 117 0 0 0 71 0 117 177 71 189 189 177 189 117 177 177 177 0 177 71 189 117 117 71 189 177 71 189 177 177 189 117 189 0 177 189 177 71 189 71 117 177 189 0 177
213
160 160 4 51 137 179 65 56 159 1 9 57 123 96 71 86 84 101 37 39 27 141 95 122 42 48 73 38 18 68 189 115 52 140 107 36 90 137 127 142 71 25 11 94 170 15 10 116 200 150 123 53 60 27 89 144 28 183 167 0 31 18 114 97 65 192 130 79 118 152 198 53 176 67 50 94 21 22 102 36 91 78 33 146 65 182 35 162 39 136 196 141 74 59 56 129 87 154 51 35 15 68 141 178 39 80 195 92 35 17 110 167 54 154 24 53 80 127 68 149 101 103 179 118 193 11 24 176 164 164 167 134 64 161 191 16 16 69 34 144 164 158 62 144 136 154 39 129 164 182 163 160 91 135 142 144 117 126 53 21 173 188 74 173 77 110 175 47 193 98 50 170 90 63 78 130 166 160 15 38 170 192 20 5 56 175 28 183 107 100 24 63 85 139 200 144 0 186 176 53 85 115 57 28 185 27 41 143 178 102 70 82 5
994
0 200 106 85 74 73 76 66 104 51 86 83 76 88 106 53 57 84 111 53 69 114 55 82 62 52 85 56 100 73 102 89 104 114 118 112 70 83 89 99 105 77 70 87 110 104 57 88 110 74 71 103 53 93 101 110 74 98 50 103 108 78 77 50 86 80 54 64 102 90 117 116 117 54 96 97 103 89 58 117 100 66 105 115 89 88 88 90 78 119 90 112 114 51 117 110 90 62 90 91 98 113 82 98 119 97 77 76 82 96 50 83 107 112 116 76 111 92 112 61 93 73 86 119 114 77 112 64 109 88 77 88 108 75 66 90 50 91 106 87 85 104 74 107 59 115 98 115 73 112 119 94 103 62 53 60 92 52 66 90 105 98 89 68 54 81 120 103 90 71 60 87 62 69 61 112 66 64 56 57 94 64 58 118 53 65 52 105 107 73 96 119 75 111 86 114 51 52 72 85 51 96 113 100 51 105 55 66 115 71 105 81 117 95 118 91 93 76 103 85 70 96 72 73 104 114 115 112 109 116 68 115 99 116 114 50 91 113 120 57 111 112 120 92 113 64 88 79 92 67 96 77 78 116 105 81 85 97 107 98 70 58 54 51 107 52 83 60 90 92 61 68 100 97 109 61 111 92 58 50 86 105 51 58 55 98 81 52 81 60 87 98 84 63 90 94 77 106 110 74 53 65 104 70 109 80 68 100 106 94 110 61 90 75 108 91 76 70 64 64 71 99 116 82 52 107 105 91 119 90 96 82 63 57 91 108 98 71 94 74 95 93 112 117 107 82 74 77 110 86 62 60 116 99 70 117 102 91 80 97 100 93 52 116 87 108 83 82 89 100 64 56 82 53 107 50 105 71 60 79 74 69 89 92 62 118 118 90 80 95 70 57 78 51 115 91 76 108 81 86 120 75 73 79 79 52 83 108 111 78 86 104 87 93 79 78 64 87 59 72 57 81 62 61 76 117 64 92 115 51 115 57 78 100 102 115 51 60 79 62 64 70 70 84 120 108 58 59 117 95 54 75 82 90 73 80 106 94 64 76 102 116 82 66 66 94 107 73 67 66 59 71 103 89 62 99 79 80 105 50 58 116 117 74 111 112 104 59 108 107 77 54 113 96 118 56 120 82 86 59 112 74 84 102 91 114 77 95 85 74 53 109 103 68 120 92 96 62 112 94 79 58 52 70 68 55 112 91 73 89 50 73 60 69 107 101 60 104 74 59 109 120 88 97 82 90 104 116 97 83 71 51 82 112 77 80 91 74 99 88 81 110 88 99 109 65 70 117 104 110 105 73 118 78 116 61 93 60 63 107 107 91 56 93 104 66 58 59 99 120 50 119 105 116 85 95 60 99 69 54 118 56 50 67 60 76 101 98 93 99 90 64 85 103 58 94 56 66 81 84 68 118 73 74 81 78 105 115 88 97 113 107 66 88 88 65 83 57 85 77 89 58 80 116 112 117 104 55 112 105 115 112 74 65 103 63 55 113 107 120 96 102 56 115 104 87 79 96 57 50 116 111 68 118 116 95 51 58 112 82 81 86 119 95 82 98 81 61 102 67 109 110 101 67 52 52 82 104 63 113 107 100 106 57 61 87 50 77 96 62 108 74 74 76 57 92 84 57 109 68 104 88 75 104 72 81 103 65 64 107 56 106 111 81 85 81 63 107 63 112 84 86 115 95 91 75 69 73 70 111 106 98 84 73 88 114 106 57 68 108 113 93 68 64 51 119 105 68 63 70 56 114 52 66 95 102 58 109 69 75 101 111 81 100 105 101 62 75 118 63 64 81 61 97 60 76 58 106 100 98 52 109 60 72 84 102 109 58 73 91 61 77 59 118 96 102 107 80 107 63 66 119 95 66 65 58 85 55 69 61 60 109 95 118 53 63 69 102 77 80 101 115 107 86 107 66 98 79 79 76 94 80 59 63 71 104 113 66 58 75 59 105 98 83 61 74 68 54 82 54 63 65 87 81 64 98 93 112 97 107 90 62 77 114 60 58 53 71 113 116 97 73 117 117 115 81 61 106 120 116 56 74 52 113 97 87 85 88 58 57 105 53 92 63 96 75 95 108 109 77 88 65 91 76 56 102 84 101 59 54 51 62 77 108 68 93 107 67 56 82 112 93 109 120 52 119 51 58 111 59 68 52 82 82 73 112 77 62 85 63 78 99 117 108 115 62 117 72 92 64 71 111 88 99 103 94 81 69 115 106 114 54 111 60 89 115 57 64 120 101 52 74 59 200
27
16 16 20 4 16 0 13 6 13 14 15 18 20 12 8 15 8 6 15 7 2 8 19 13 18 0 8
51
200 200 200 200 200 200 200 200 200 200 200 200 200 200 200 200 200 200 200 200 200 200 200 200 200 200 200 200 200 200 200 200 200 200 200 200 200 200 200 200 200 200 200 200 200 200 200 200 200 200 200
104
111 73 111 64 111 73 64 73 64 19 111 6 64 6 73 73 14 19 6 111 19 19 14 111 19 14 111 19 111 73 19 64 6 6 19 14 6 73 6 6 6 6 111 14 6 73 111 19 6 14 14 111 73 64 19 111 64 111 6 73 64 73 19 73 111 6 6 6 19 73 19 6 14 64 73 19 73 73 64 111 64 64 6 6 73 14 73 14 14 14 64 14 111 19 6 111 14 6 14 6 73 64 64 14
961
0 0 0 0 0 0 0 0 0 0 0 0 0 0 0 0 0 0 0 0 0 0 0 0 0 0 0 0 0 0 0 0 0 0 0 0 0 0 0 0 0 0 0 0 0 0 0 0 0 0 0 0 0 0 0 0 0 0 0 0 0 0 0 0 0 0 0 0 0 0 0 0 0 0 0 0 0 0 0 0 0 0 0 0 0 0 0 0 0 0 0 0 0 0 0 0 0 0 0 0 0 0 0 0 0 0 0 0 0 0 0 0 0 0 0 0 0 0 0 0 0 0 0 0 0 0 0 0 0 0 0 0 0 0 0 0 0 0 0 0 0 0 0 0 0 0 0 0 0 0 0 0 0 0 0 0 0 0 0 0 0 0 0 0 0 0 0 0 0 0 0 0 0 0 0 0 0 0 0 0 0 0 0 0 0 0 0 0 0 0 0 0 0 0 0 0 0 0 0 0 0 0 0 0 0 0 0 0 0 0 0 0 0 0 0 0 0 0 0 0 0 0 0 0 0 0 0 0 0 0 0 0 0 0 0 0 0 0 0 0 0 0 0 0 0 0 0 0 0 0 0 0 0 0 0 0 0 0 0 0 0 0 0 0 0 0 0 0 0 0 0 0 0 0 0 0 0 0 0 0 0 0 0 0 0 0 0 0 0 0 0 0 0 0 0 0 0 0 0 0 0 0 0 0 0 0 0 0 0 0 0 0 0 0 0 0 0 0 0 0 0 0 0 0 0 0 0 0 0 0 0 0 0 0 0 0 0 0 0 0 0 0 0 0 0 0 0 0 0 0 0 0 0 0 0 0 0 0 0 0 0 0 0 0 0 0 0 0 0 0 0 0 0 0 0 0 0 0 0 0 0 0 0 0 0 0 0 0 0 0 0 0 0 0 0 0 0 0 0 0 0 0 0 0 0 0 0 0 0 0 0 0 0 0 0 0 0 0 0 0 0 0 0 0 0 0 0 0 0 0 0 0 0 0 0 0 0 0 0 0 0 0 0 0 0 0 0 0 0 0 0 0 0 0 0 0 0 0 0 0 0 0 0 0 0 0 0 0 0 0 0 0 0 0 0 0 0 0 0 0 0 0 0 0 0 0 0 0 0 0 0 0 0 0 0 0 0 0 0 0 0 0 0 0 0 0 0 0 0 0 0 0 0 0 0 0 0 0 0 0 0 0 0 0 0 0 0 0 0 0 0 0 0 0 0 0 0 0 0 0 0 0 0 0 0 0 0 0 0 0 0 0 0 0 0 0 0 0 0 0 0 0 0 0 0 0 0 0 0 0 0 0 0 0 0 0 0 0 0 0 0 0 0 0 0 0 0 0 0 0 0 0 0 0 0 0 0 0 0 0 0 0 0 0 0 0 0 0 0 0 0 0 0 0 0 0 0 0 0 0 0 0 0 0 0 0 0 0 0 0 0 0 0 0 0 0 0 0 0 0 0 0 0 0 0 0 0 0 0 0 0 0 0 0 0 0 0 0 0 0 0 0 0 0 0 0 0 0 0 0 0 0 0 0 0 0 0 0 0 0 0 0 0 0 0 0 0 0 0 0 0 0 0 0 0 0 0 0 0 0 0 0 0 0 0 0 0 0 0 0 0 0 0 0 0 0 0 0 0 0 0 0 0 0 0 0 0 0 0 0 0 0 0 0 0 0 0 0 0 0 0 0 0 0 0 0 0 0 0 0 0 0 0 0 0 0 0 0 0 0 0 0 0 0 0 0 0 0 0 0 0 0 0 0 0 0 0 0 0 0 0 0 0 0 0 0 0 0 0 0 0 0 0 0 0 0 0 0 0 0 0 0 0 0 0 0 0 0 0 0 0 0 0 0 0 0 0 0 0 0 0 0 0 0 0 0 0 0 0 0 0 0 0 0 0 0 0 0 0 0 0 0 0 0 0 0 0 0 0 0 0 0 0 0 0 0 0 0 0 0 0 0 0 0 0 0 0 0 0 0 0 0 0 0 0 0 0 0 0 0 0 0 0 0 0 0 0 0 0 0 0 0 0 0 0 0 0 0 0 0 0 0 0 0 0 0 0 0 0 0 0 0 0 0 0 0 0 0 0 0 0 0 0 0 0 0 0 0 0 0 0 0 0 0 0 0 0 0 0 0 0 0 0 0 0 0 0 0 0 0 0 0 0 0 0 0 0 0 0 0 0
505
0 0 0 0 0 0 0 0 0 0 0 0 0 0 0 0 0 0 0 0 0 0 0 0 0 0 0 0 0 0 0 0 0 0 0 0 0 0 0 0 0 0 0 0 0 0 0 0 0 0 0 0 0 0 0 0 0 0 0 0 0 0 0 0 0 0 0 0 0 0 0 0 0 0 0 0 0 0 0 0 0 0 0 0 0 0 0 0 0 0 0 0 0 0 0 0 0 0 0 0 0 0 0 0 0 0 0 0 0 0 0 0 0 0 0 0 0 0 0 0 0 0 0 0 0 0 0 0 0 0 0 0 0 0 0 0 0 0 0 0 0 0 0 0 0 0 0 0 0 0 0 0 0 0 0 0 0 0 0 0 0 0 0 0 0 0 0 0 0 0 0 0 0 0 0 0 0 0 0 0 0 0 0 0 0 0 0 0 0 0 0 0 0 0 0 0 0 0 0 0 0 0 0 0 0 0 0 0 0 0 0 0 0 0 0 0 0 0 0 0 0 0 0 0 0 0 0 0 0 0 0 0 0 0 0 0 0 0 0 0 0 0 0 0 0 0 0 0 0 0 0 0 0 0 0 0 0 0 0 0 0 0 0 0 0 0 0 0 0 0 0 0 0 0 0 0 0 0 0 0 0 0 0 0 0 0 0 0 0 0 0 0 0 0 0 0 0 0 0 0 0 0 0 0 0 0 0 0 0 0 0 0 0 0 0 0 0 0 0 0 0 0 0 0 0 0 0 0 0 0 0 0 0 0 0 0 0 0 0 0 0 0 0 0 0 0 0 0 0 0 0 0 0 0 0 0 0 0 0 0 0 0 0 0 0 0 0 0 0 0 0 0 0 0 0 0 0 0 0 0 0 0 0 0 0 0 0 0 0 0 0 0 0 0 0 0 0 0 0 0 0 0 0 0 0 0 0 0 0 0 0 0 0 0 0 0 0 0 0 0 0 0 0 0 0 0 0 0 0 0 0 0 0 0 0 0 0 0 0 0 0 0 0 0 0 0 0 0 0 0 0 0 0 0 0 0 0 0 0 0 0 0 0 0 0 0 0 0 0 0 0 0 0 0 0 0 0 0 0 0 0 0 0 0 0 0 0 0 0 0 0 0 0 0 0 0 0 0 0 0 0 0 0 0 0
868
14 9 5 19 16 19 9 1 0 5 198 165 5 1 10 10 11 0 7 8 7 150 8 178 20 12 5 189 153 20 192 10 4 150 19 8 2 186 12 13 183 12 0 8 17 6 7 8 8 10 8 6 169 3 16 0 15 3 177 183 185 9 7 6 14 11 1 10 151 5 172 15 9 7 159 4 1 176 15 5 6 5 192 11 20 19 10 8 13 1 12 11 5 7 7 155 14 160 13 19 1 15 200 6 191 0 14 7 7 5 192 190 13 12 2 4 13 182 8 161 5 165 4 18 13 189 10 9 2 20 172 0 14 15 20 3 5 18 8 15 193 16 190 19 19 15 18 2 1 7 4 9 15 16 2 18 198 15 16 15 7 0 8 19 196 14 3 11 20 10 1 0 6 5 7 3 5 11 8 18 13 10 173 20 12 163 3 183 15 151 15 3 17 19 2 14 19 3 199 188 12 4 2 7 12 2 6 15 178 176 14 0 9 5 1 3 171 4 15 5 16 193 14 183 10 17 4 9 12 20 5 6 18 8 4 13 200 16 172 3 16 159 2 200 4 164 3 1 14 18 10 5 10 155 14 8 3 196 6 157 19 1 3 15 4 186 18 153 2 11 11 197 3 12 6 11 9 2 181 1 6 9 11 15 7 151 1 0 4 8 17 0 13 17 190 20 4 2 6 1 8 19 198 10 11 3 19 15 177 20 150 0 190 1 0 16 8 13 163 187 18 19 167 4 4 162 15 19 14 1 20 181 19 173 3 0 11 2 2 17 2 3 18 6 2 17 14 20 19 19 174 10 2 10 0 181 20 19 16 4 194 0 188 2 9 4 2 13 7 196 13 17 4 150 1 13 3 16 17 7 13 6 18 155 181 13 14 8 11 12 0 4 7 15 166 5 192 6 13 10 2 15 0 7 2 197 4 20 16 184 16 16 173 3 3 3 5 4 20 8 11 153 194 16 4 13 18 0 9 14 19 11 15 13 13 16 166 18 13 13 13 17 8 6 10 4 18 18 10 158 8 14 171 1 4 12 10 163 0 17 6 11 17 5 20 167 167 12 6 188 18 165 8 18 197 169 11 18 10 3 154 12 10 196 2 13 19 20 8 10 187 9 7 9 9 156 7 14 10 15 5 7 14 3 12 10 0 17 6 9 8 158 158 0 11 151 16 1 5 15 4 11 157 20 20 9 171 8 195 195 5 0 179 12 14 151 160 168 0 14 14 161 158 15 14 191 0 13 14 1 18 1 5 13 3 20 10 4 0 17 5 4 19 196 162 1 188 0 185 18 18 9 9 0 14 15 1 19 185 13 10 159 0 1 9 20 14 3 8 11 17 176 184 174 12 12 1 12 3 160 175 7 10 3 163 150 8 152 8 154 15 193 12 3 199 11 9 8 11 9 12 18 12 199 4 3 7 5 190 152 5 17 164 13 0 6 16 10 20 17 6 19 16 5 196 180 200 11 12 0 11 2 18 16 3 6 18 16 12 11 16 11 172 184 18 5 160 170 12 0 14 9 6 19 16 8 17 3 17 2 15 171 0 1 19 17 3 191 165 18 167 13 1 158 8 185 8 5 7 154 8 0 2 7 18 4 11 6 20 9 193 16 192 16 2 10 19 16 17 187 9 6 154 11 19 19 178 18 7 173 7 13 5 17 177 15 2 19 19 0 16 186 196 13 1 8 176 182 10 2 187 12 11 3 10 153 13 9 19 12 0 182 3 2 7 18 8 3 2 19 198 17 9 5 15 11 7 157 3 2 3 2 158 19 5 6 3 9 4 6 18 4 1 16 3 176 18 15 6 194 2 6 0 150 13 5 13 20 181 18 2 14 7 9 4 3 2 14 19 4 20 156 10 8 165 1 10 19 8 14 15 15 1 15 183 16 196 17 18 185 10 196 189 6 1 12 164 1 12 0 4 7 12 173 20 3 19 150 11 151 18 169 4 18 0 20 163 16
141
200 200 200 200 200 200 200 200 200 200 200 200 200 200 200 200 200 200 200 200 200 200 200 200 200 200 200 200 200 200 200 200 200 200 200 200 200 200 200 200 200 200 200 200 200 200 200 200 200 200 200 200 200 200 200 200 200 200 200 200 200 200 200 200 200 200 200 200 200 200 200 200 200 200 200 200 200 200 200 200 200 200 200 200 200 200 200 200 200 200 200 200 200 200 200 200 200 200 200 200 200 200 200 200 200 200 200 200 200 200 200 200 200 200 200 200 200 200 200 200 200 200 200 200 200 200 200 200 200 200 200 200 200 200 200 200 200 200 200 200 200
359
186 40 186 186 40 186 186 40 40 186 186 40 186 40 40 40 40 40 186 40 40 186 40 186 40 40 40 40 40 40 186 40 186 40 186 186 40 186 40 186 186 186 40 40 186 40 40 40 186 186 40 186 40 186 186 40 186 186 186 40 186 40 40 40 186 40 186 40 186 186 40 186 186 40 40 186 186 40 186 186 186 186 186 40 186 186 186 186 186 40 40 40 40 186 186 186 186 40 186 40 40 186 40 40 40 186 186 40 40 40 40 186 40 40 186 186 40 40 186 40 40 40 40 186 40 186 40 186 186 40 40 186 186 186 186 186 40 40 40 186 186 186 40 40 186 40 40 40 40 186 186 186 40 186 40 40 186 186 186 40 40 186 40 186 186 40 40 186 40 186 40 40 40 40 40 186 40 40 40 186 186 186 186 40 186 40 186 186 40 40 40 40 186 40 186 40 186 40 186 40 40 40 186 186 40 186 40 40 40 186 186 40 186 40 186 186 186 186 40 186 186 186 186 40 40 40 40 186 186 40 186 40 186 40 186 40 40 186 40 186 40 40 186 186 40 40 40 186 186 40 40 186 186 40 40 40 186 40 40 186 186 40 40 186 186 186 40 186 40 186 186 186 186 186 40 40 40 40 40 186 186 186 40 40 186 186 40 40 186 186 40 186 186 40 40 40 186 40 40 186 186 186 186 186 186 40 40 186 186 186 186 40 186 186 40 186 40 186 186 40 186 40 186 186 186 40 40 40 186 186 40 40 40 186 40 186 186 186 40 40 186 40 40 40 40 40 186 186 40 40 186 40 186 40 40 40 186 40 186
373
0 0 0 0 0 0 0 0 0 0 0 0 0 0 0 0 0 0 0 0 0 0 0 0 0 0 0 0 0 0 0 0 0 0 0 0 0 0 0 0 0 0 0 0 0 0 0 0 0 0 0 0 0 0 0 0 0 0 0 0 0 0 0 0 0 0 0 0 0 0 0 0 0 0 0 0 0 0 0 0 0 0 0 0 0 0 0 0 0 0 0 0 0 0 0 0 0 0 0 0 0 0 0 0 0 0 0 0 0 0 0 0 0 0 0 0 0 0 0 0 0 0 0 0 0 0 0 0 0 0 0 0 0 0 0 0 0 0 0 0 0 0 0 0 0 0 0 0 0 0 0 0 0 0 0 0 0 0 0 0 0 0 0 0 0 0 0 0 0 0 0 0 0 0 0 0 0 0 0 0 0 0 0 0 0 0 0 0 0 0 0 0 0 0 0 0 0 0 0 0 0 0 0 0 0 0 0 0 0 0 0 0 0 0 0 0 0 0 0 0 0 0 0 0 0 0 0 0 0 0 0 0 0 0 0 0 0 0 0 0 0 0 0 0 0 0 0 0 0 0 0 0 0 0 0 0 0 0 0 0 0 0 0 0 0 0 0 0 0 0 0 0 0 0 0 0 0 0 0 0 0 0 0 0 0 0 0 0 0 0 0 0 0 0 0 0 0 0 0 0 0 0 0 0 0 0 0 0 0 0 0 0 0 0 0 0 0 0 0 0 0 0 0 0 0 0 0 0 0 0 0 0 0 0 0 0 0 0 0 0 0 0 0 0 0 0 0 0 0 0 0 0 0 0 0 0 0 0 0 0 0 0 0 0 0 0 0 0 0 0 0 0 0
903
200 194 13 20 8 20 4 13 3 0 13 20 20 14 9 14 169 7 20 6 20 14 20 11 5 11 170 12 20 17 0 2 10 192 6 165 0 11 5 17 12 17 152 3 5 4 176 1 17 12 0 8 12 155 5 1 11 6 18 183 181 11 171 11 13 14 172 164 13 0 13 3 18 15 4 182 15 5 18 18 13 17 16 7 7 0 8 7 5 0 5 15 4 192 10 15 8 14 0 15 19 15 13 17 12 0 20 20 165 171 3 5 197 2 14 197 191 14 9 18 7 12 20 160 12 12 0 178 1 5 13 182 13 5 4 6 15 13 12 0 161 0 17 11 14 7 187 185 6 10 9 4 12 3 13 1 15 17 1 5 20 7 17 6 14 195 19 0 157 174 6 13 8 12 187 19 8 180 0 0 15 16 6 8 1 3 7 14 19 179 6 6 17 20 12 0 17 20 5 4 166 6 8 8 13 162 11 12 9 0 10 0 197 6 182 2 200 14 153 0 10 13 20 9 3 6 1 185 9 5 4 173 15 20 158 19 17 18 1 16 170 7 18 176 10 20 8 18 152 12 154 15 7 18 20 153 14 18 20 11 5 170 1 15 9 19 12 16 7 8 1 20 173 4 14 0 2 185 12 187 0 14 6 20 12 6 8 20 13 17 167 175 1 158 11 4 4 156 14 5 5 2 19 19 10 16 160 180 12 187 0 9 200 16 6 1 0 6 15 11 14 5 20 18 10 14 6 18 2 14 17 20 18 14 12 2 4 20 20 9 3 7 10 7 2 2 2 5 5 1 20 2 4 1 0 3 10 0 10 5 8 14 18 10 15 8 7 4 151 1 2 188 183 13 17 9 9 1 15 192 0 196 4 11 5 0 6 4 12 5 16 13 20 8 18 9 15 189 179 9 6 8 9 10 200 187 0 7 12 5 3 16 20 19 3 12 14 5 6 19 1 18 1 19 2 2 9 20 11 190 12 161 15 13 166 0 18 4 17 17 7 1 17 12 4 9 10 7 19 7 13 11 178 7 5 185 19 2 2 9 1 17 157 2 0 11 4 11 5 9 11 13 10 16 180 18 18 158 1 176 13 2 2 9 5 8 11 15 20 7 18 1 193 13 16 12 18 153 11 173 3 1 19 167 0 10 9 17 14 7 167 8 0 1 17 155 197 4 19 11 187 1 13 3 170 10 2 11 13 13 13 18 13 12 192 174 16 2 155 11 12 19 15 187 18 5 155 3 14 10 0 1 19 12 5 2 165 156 8 3 1 12 190 7 17 11 10 169 1 156 18 170 20 19 7 15 4 8 13 17 14 19 4 4 9 14 13 14 175 13 6 10 17 18 5 156 154 6 20 12 156 8 1 16 166 4 174 6 6 10 10 4 188 4 171 11 15 185 3 5 175 0 4 17 198 17 192 18 2 3 14 5 7 178 10 198 13 13 20 0 152 20 8 0 17 0 20 2 16 196 11 20 10 172 2 18 3 9 19 0 159 20 171 16 16 167 5 7 11 18 14 166 0 18 155 18 17 4 5 9 182 1 4 10 19 6 20 197 17 16 179 4 14 199 11 12 9 2 13 7 13 17 15 4 20 199 16 12 19 2 1 0 7 15 6 16 179 20 4 14 0 14 11 2 12 186 7 4 8 9 12 12 169 189 171 5 4 20 180 2 200 12 16 4 9 9 17 16 5 20 7 19 10 2 18 16 189 11 13 6 1 17 3 167 11 5 14 2 18 10 151 16 2 4 11 19 18 16 1 8 20 1 1 7 8 14 157 174 165 13 4 8 5 6 8 1 11 14 19 8 160 179 8 8 162 11 2 167 8 19 18 10 19 9 14 10 19 17 1 3 11 3 5 11 188 190 4 2 11 7 2 8 152 168 16 0 6 153 15 15 10 17 13 9 11 10 20 17 182 18 5 156 8 194 12 179 10 158 11 6 0 16 12 1 3 7 2 173 7 19 18 0 0 3 171 168 176 12 9 17 19 19 13 19 5 4 12 19 11 8 19 16 8 0 159 191 10 12 19 17 153 197 2
283
0 200 91 85 120 99 59 104 101 98 52 75 107 64 97 65 95 85 87 97 106 91 110 82 92 88 73 66 55 57 111 60 110 71 74 93 64 87 55 112 105 89 72 70 58 77 62 55 107 108 113 94 99 89 58 82 78 101 116 110 92 55 87 103 80 69 105 87 87 114 102 105 81 51 99 95 85 97 55 108 118 67 94 55 120 54 70 66 68 58 58 50 91 63 59 78 117 50 71 114 90 88 55 95 101 71 65 72 88 96 94 95 54 106 104 92 95 94 100 80 50 87 120 97 106 104 118 81 78 87 65 55 75 98 118 98 108 118 78 51 56 55 105 87 102 62 110 100 86 51 96 113 51 107 53 91 70 59 84 72 99 55 59 119 117 51 73 66 88 120 58 119 119 56 117 64 65 106 51 75 64 87 68 108 117 107 92 72 114 64 78 76 80 51 113 72 87 79 59 94 104 57 62 79 91 65 90 53 85 118 63 103 106 53 119 56 103 53 98 115 76 83 83 97 109 88 74 92 73 63 119 107 76 117 90 84 85 85 98 91 91 94 61 109 53 72 108 105 69 97 100 71 64 50 78 97 71 119 115 95 78 97 78 93 55 72 82 110 116 101 95 111 59 95 110 86 80 66 104 56 67 86 200
845
200 200 200 200 200 200 200 200 200 200 200 200 200 200 200 200 200 200 200 200 200 200 200 200 200 200 200 200 200 200 200 200 200 200 200 200 200 200 200 200 200 200 200 200 200 200 200 200 200 200 200 200 200 200 200 200 200 200 200 200 200 200 200 200 200 200 200 200 200 200 200 200 200 200 200 200 200 200 200 200 200 200 200 200 200 200 200 200 200 200 200 200 200 200 200 200 200 200 200 200 200 200 200 200 200 200 200 200 200 200 200 200 200 200 200 200 200 200 200 200 200 200 200 200 200 200 200 200 200 200 200 200 200 200 200 200 200 200 200 200 200 200 200 200 200 200 200 200 200 200 200 200 200 200 200 200 200 200 200 200 200 200 200 200 200 200 200 200 200 200 200 200 200 200 200 200 200 200 200 200 200 200 200 200 200 200 200 200 200 200 200 200 200 200 200 200 200 200 200 200 200 200 200 200 200 200 200 200 200 200 200 200 200 200 200 200 200 200 200 200 200 200 200 200 200 200 200 200 200 200 200 200 200 200 200 200 200 200 200 200 200 200 200 200 200 200 200 200 200 200 200 200 200 200 200 200 200 200 200 200 200 200 200 200 200 200 200 200 200 200 200 200 200 200 200 200 200 200 200 200 200 200 200 200 200 200 200 200 200 200 200 200 200 200 200 200 200 200 200 200 200 200 200 200 200 200 200 200 200 200 200 200 200 200 200 200 200 200 200 200 200 200 200 200 200 200 200 200 200 200 200 200 200 200 200 200 200 200 200 200 200 200 200 200 200 200 200 200 200 200 200 200 200 200 200 200 200 200 200 200 200 200 200 200 200 200 200 200 200 200 200 200 200 200 200 200 200 200 200 200 200 200 200 200 200 200 200 200 200 200 200 200 200 200 200 200 200 200 200 200 200 200 200 200 200 200 200 200 200 200 200 200 200 200 200 200 200 200 200 200 200 200 200 200 200 200 200 200 200 200 200 200 200 200 200 200 200 200 200 200 200 200 200 200 200 200 200 200 200 200 200 200 200 200 200 200 200 200 200 200 200 200 200 200 200 200 200 200 200 200 200 200 200 200 200 200 200 200 200 200 200 200 200 200 200 200 200 200 200 200 200 200 200 200 200 200 200 200 200 200 200 200 200 200 200 200 200 200 200 200 200 200 200 200 200 200 200 200 200 200 200 200 200 200 200 200 200 200 200 200 200 200 200 200 200 200 200 200 200 200 200 200 200 200 200 200 200 200 200 200 200 200 200 200 200 200 200 200 200 200 200 200 200 200 200 200 200 200 200 200 200 200 200 200 200 200 200 200 200 200 200 200 200 200 200 200 200 200 200 200 200 200 200 200 200 200 200 200 200 200 200 200 200 200 200 200 200 200 200 200 200 200 200 200 200 200 200 200 200 200 200 200 200 200 200 200 200 200 200 200 200 200 200 200 200 200 200 200 200 200 200 200 200 200 200 200 200 200 200 200 200 200 200 200 200 200 200 200 200 200 200 200 200 200 200 200 200 200 200 200 200 200 200 200 200 200 200 200 200 200 200 200 200 200 200 200 200 200 200 200 200 200 200 200 200 200 200 200 200 200 200 200 200 200 200 200 200 200 200 200 200 200 200 200 200 200 200 200 200 200 200 200 200 200 200 200 200 200 200 200 200 200 200 200 200 200 200 200 200 200 200 200 200 200 200 200 200 200 200 200 200 200 200 200 200 200 200 200 200 200 200 200 200 200 200 200 200 200 200 200 200 200 200 200 200 200 200 200 200 200 200 200 200 200 200 200 200 200 200 200 200 200 200 200 200 200 200 200 200 200 200 200 200 200 200 200 200 200 200 200 200 200 200 200 200 200 200 200 200 200 200 200 200 200 200 200 200 200 200 200 200 200 200 200 200 200 200 200 200 200 200 200 200 200 200
252
1 20 10 2 0 15 1 17 18 10 9 17 2 18 19 19 4 20 3 8 0 20 7 3 12 7 7 13 3 11 1 20 16 11 13 14 0 12 0 18 1 6 11 11 19 1 4 15 7 9 20 15 16 2 14 6 11 16 11 11 18 1 5 9 6 4 15 19 13 1 6 15 19 20 15 19 3 5 17 1 6 20 0 9 13 4 18 11 4 4 5 11 11 1 3 4 13 11 5 5 12 4 19 2 14 12 5 17 1 16 7 20 11 19 12 2 10 12 11 6 16 1 19 0 2 12 3 16 1 2 15 13 7 9 3 14 12 5 10 12 6 12 2 9 16 15 14 12 16 20 6 13 15 7 15 5 7 14 19 18 14 16 14 20 3 3 5 6 0 0 7 6 3 19 19 10 2 14 18 20 10 3 8 9 15 10 20 12 11 20 13 16 19 16 5 12 8 14 8 4 10 14 10 18 2 14 10 15 12 6 20 18 16 14 2 2 2 14 6 16 19 11 1 18 19 10 2 17 5 12 20 3 6 1 15 9 6 16 0 6 20 3 17 19 18 7 3 8 19 20 0 8
627
0 200 61 119 101 93 59 105 114 65 109 59 112 75 52 83 114 89 82 69 76 50 106 60 68 52 120 68 63 74 113 111 114 99 80 90 109 76 51 71 93 69 81 82 80 71 78 76 67 80 102 79 62 58 64 53 72 103 64 101 62 105 113 57 73 109 88 112 97 56 69 103 64 54 71 86 52 70 56 60 117 108 81 73 60 119 77 78 96 76 68 57 77 85 110 67 76 104 55 111 75 120 81 57 103 70 55 99 54 119 106 92 89 113 74 82 116 105 73 76 58 93 99 55 87 102 99 115 95 51 64 90 83 69 56 109 52 108 53 108 75 65 74 115 93 62 110 98 105 79 94 57 72 105 58 80 102 82 109 68 96 59 98 93 60 69 77 81 78 97 55 112 85 117 102 109 60 112 53 102 116 57 70 91 71 89 104 50 104 101 88 112 89 106 102 100 90 58 59 95 62 52 79 64 88 80 89 114 64 71 75 73 79 76 100 103 63 70 115 110 73 118 82 118 76 79 82 103 59 77 79 65 75 118 96 55 106 102 108 68 94 59 53 102 104 100 57 74 80 58 88 87 85 88 115 119 65 83 95 87 61 56 106 107 79 59 53 105 90 84 101 68 111 108 50 73 73 68 86 57 73 99 74 94 54 102 89 90 77 79 105 50 117 89 110 113 115 105 112 107 120 100 53 84 94 110 109 51 114 73 103 89 63 55 109 70 107 109 119 86 104 112 64 89 84 71 117 100 119 99 59 78 82 102 86 54 86 66 59 53 113 87 104 70 97 56 58 50 93 117 94 91 82 109 57 110 81 74 118 100 113 84 65 95 65 82 67 60 78 102 79 100 112 65 59 61 62 79 95 99 89 56 53 71 60 66 54 58 107 115 69 110 63 107 80 77 112 91 88 93 61 70 58 94 62 87 92 94 100 62 51 75 84 71 72 116 90 112 105 96 104 116 117 104 99 108 89 74 116 56 80 96 101 52 60 62 80 71 88 82 96 58 113 108 104 95 50 50 71 69 50 97 101 81 56 51 113 85 56 93 82 72 104 62 67 118 103 56 63 75 78 104 63 80 77 100 77 95 52 113 51 109 78 102 89 51 66 92 95 116 78 106 92 82 78 69 58 64 110 116 100 98 97 93 95 105 51 116 68 111 85 112 68 57 119 106 56 111 116 83 63 58 50 97 65 63 74 97 76 84 86 98 72 71 112 50 109 94 103 65 68 70 89 80 61 120 65 72 79 99 103 63 68 117 59 106 105 111 97 74 71 84 90 102 69 66 78 109 109 59 76 82 120 50 62 70 99 120 51 91 99 94 112 62 80 117 73 80 70 108 114 87 73 82 113 105 103 113 113 101 61 63 107 55 112 108 108 53 109 91 67 72 79 120 71 66 102 89 88 64 72 114 62 83 114 79 200
535
173 173 59 172 59 172 112 0 0 172 172 0 122 173 0 173 0 172 173 112 173 122 0 173 59 0 173 112 122 59 112 0 59 59 59 0 122 59 122 172 0 59 122 122 172 0 112 59 0 172 59 173 172 112 112 173 112 112 59 112 112 0 112 173 173 173 0 59 122 173 173 0 172 122 172 173 122 122 172 59 112 122 59 59 112 122 173 172 59 122 122 173 112 112 59 172 59 0 173 173 112 122 173 172 112 173 122 173 0 0 122 172 122 173 173 112 59 172 172 0 122 172 0 0 112 0 122 172 122 59 173 112 59 0 112 173 122 173 112 112 122 122 122 122 172 122 173 122 59 173 173 122 0 173 122 122 173 112 112 173 59 172 59 172 59 122 112 122 122 122 112 122 59 59 122 112 112 172 172 122 59 172 59 0 122 172 172 0 0 173 59 172 173 112 59 59 0 112 0 173 122 112 173 0 112 173 59 0 173 112 173 172 122 122 112 122 172 59 172 59 0 122 0 59 173 173 59 173 172 0 59 59 59 122 0 172 173 122 172 122 173 122 59 0 122 172 172 173 173 172 172 59 112 59 172 59 59 173 172 173 172 173 122 173 173 173 172 122 0 172 112 173 112 173 122 122 173 122 173 0 173 172 122 173 112 112 122 172 173 122 112 172 0 122 112 112 59 0 172 112 0 172 172 172 0 0 59 122 172 59 172 59 0 172 122 122 59 59 0 59 112 173 172 173 172 0 59 173 112 59 112 59 112 172 59 59 122 112 0 122 0 172 172 173 122 59 112 112 59 172 0 0 122 173 172 59 173 59 112 112 172 173 59 112 172 112 0 172 173 173 112 173 172 122 172 59 122 173 172 0 0 172 112 112 112 122 173 112 59 112 122 112 122 173 112 0 122 173 59 59 172 59 173 0 59 172 0 172 172 59 173 173 112 59 172 172 172 0 173 172 0 59 172 122 173 173 0 112 112 172 112 0 59 172 122 173 112 59 173 112 59 112 112 59 59 112 0 172 173 112 172 59 172 112 59 59 0 173 173 172 59 59 172 0 0 0 122 172 172 59 0 172 0 172 112 59 0 59 0 0 172 172 172 0 172 112 173 59 59 173 112 172 173 172 59 59 172 173 122 173 0 172 173 59 172 59 0 173 173 122 122 122 112 59 172 0 172 173 0 173 59 59 122 122 173 122 122 122 173 0 0 122 112 59 173
448
0 200 54 51 116 108 57 87 109 76 51 115 93 112 109 51 119 82 81 115 77 114 51 59 98 99 120 109 120 74 114 117 77 82 104 101 64 76 65 114 98 50 100 108 89 106 57 80 54 81 75 115 86 83 86 103 111 75 89 65 98 75 101 82 67 61 77 73 50 91 99 55 104 97 80 56 65 99 99 97 87 71 82 80 106 89 92 63 85 60 101 103 111 72 119 60 72 110 117 104 104 80 108 101 119 88 84 52 112 73 58 51 112 102 60 80 66 67 71 75 98 80 68 96 97 86 68 88 65 106 114 59 89 72 117 105 91 116 70 77 103 83 72 90 79 103 71 94 115 70 79 52 59 90 62 80 113 106 81 79 85 68 82 92 89 117 54 90 81 57 120 109 108 99 83 91 83 115 102 50 50 77 105 99 59 69 76 94 108 105 117 99 76 110 58 84 118 64 62 87 99 102 65 89 87 103 74 68 98 106 100 72 69 119 57 90 91 114 59 62 52 79 114 89 89 70 82 118 92 103 82 100 65 57 55 58 110 108 56 106 59 61 72 83 67 73 107 120 113 96 75 58 113 89 117 75 58 118 68 115 73 79 74 98 55 51 99 81 101 57 106 115 60 106 82 86 116 74 68 83 111 112 74 92 73 78 56 89 112 117 65 66 83 105 88 54 90 115 72 68 98 81 108 115 74 90 58 100 76 106 73 66 50 116 52 114 93 108 84 97 51 119 82 74 57 73 103 58 75 74 102 116 117 97 100 58 97 79 62 61 72 101 105 60 53 94 75 51 85 63 116 58 58 63 87 63 65 89 73 80 85 79 110 115 112 55 58 116 66 57 60 112 76 106 114 78 57 84 83 99 77 63 95 118 88 114 89 66 56 78 80 116 87 72 118 119 60 80 119 68 68 60 73 99 73 110 68 118 94 66 103 72 69 60 89 103 76 53 105 98 81 50 63 99 55 110 51 61 75 77 98 70 109 91 93 72 88 101 119 64 66 51 65 109 74 105 111 200
918
0 0 0 0 0 0 0 0 0 0 0 0 0 0 0 0 0 0 0 0 0 0 0 0 0 0 0 0 0 0 0 0 0 0 0 0 0 0 0 0 0 0 0 0 0 0 0 0 0 0 0 0 0 0 0 0 0 0 0 0 0 0 0 0 0 0 0 0 0 0 0 0 0 0 0 0 0 0 0 0 0 0 0 0 0 0 0 0 0 0 0 0 0 0 0 0 0 0 0 0 0 0 0 0 0 0 0 0 0 0 0 0 0 0 0 0 0 0 0 0 0 0 0 0 0 0 0 0 0 0 0 0 0 0 0 0 0 0 0 0 0 0 0 0 0 0 0 0 0 0 0 0 0 0 0 0 0 0 0 0 0 0 0 0 0 0 0 0 0 0 0 0 0 0 0 0 0 0 0 0 0 0 0 0 0 0 0 0 0 0 0 0 0 0 0 0 0 0 0 0 0 0 0 0 0 0 0 0 0 0 0 0 0 0 0 0 0 0 0 0 0 0 0 0 0 0 0 0 0 0 0 0 0 0 0 0 0 0 0 0 0 0 0 0 0 0 0 0 0 0 0 0 0 0 0 0 0 0 0 0 0 0 0 0 0 0 0 0 0 0 0 0 0 0 0 0 0 0 0 0 0 0 0 0 0 0 0 0 0 0 0 0 0 0 0 0 0 0 0 0 0 0 0 0 0 0 0 0 0 0 0 0 0 0 0 0 0 0 0 0 0 0 0 0 0 0 0 0 0 0 0 0 0 0 0 0 0 0 0 0 0 0 0 0 0 0 0 0 0 0 0 0 0 0 0 0 0 0 0 0 0 0 0 0 0 0 0 0 0 0 0 0 0 0 0 0 0 0 0 0 0 0 0 0 0 0 0 0 0 0 0 0 0 0 0 0 0 0 0 0 0 0 0 0 0 0 0 0 0 0 0 0 0 0 0 0 0 0 0 0 0 0 0 0 0 0 0 0 0 0 0 0 0 0 0 0 0 0 0 0 0 0 0 0 0 0 0 0 0 0 0 0 0 0 0 0 0 0 0 0 0 0 0 0 0 0 0 0 0 0 0 0 0 0 0 0 0 0 0 0 0 0 0 0 0 0 0 0 0 0 0 0 0 0 0 0 0 0 0 0 0 0 0 0 0 0 0 0 0 0 0 0 0 0 0 0 0 0 0 0 0 0 0 0 0 0 0 0 0 0 0 0 0 0 0 0 0 0 0 0 0 0 0 0 0 0 0 0 0 0 0 0 0 0 0 0 0 0 0 0 0 0 0 0 0 0 0 0 0 0 0 0 0 0 0 0 0 0 0 0 0 0 0 0 0 0 0 0 0 0 0 0 0 0 0 0 0 0 0 0 0 0 0 0 0 0 0 0 0 0 0 0 0 0 0 0 0 0 0 0 0 0 0 0 0 0 0 0 0 0 0 0 0 0 0 0 0 0 0 0 0 0 0 0 0 0 0 0 0 0 0 0 0 0 0 0 0 0 0 0 0 0 0 0 0 0 0 0 0 0 0 0 0 0 0 0 0 0 0 0 0 0 0 0 0 0 0 0 0 0 0 0 0 0 0 0 0 0 0 0 0 0 0 0 0 0 0 0 0 0 0 0 0 0 0 0 0 0 0 0 0 0 0 0 0 0 0 0 0 0 0 0 0 0 0 0 0 0 0 0 0 0 0 0 0 0 0 0 0 0 0 0 0 0 0 0 0 0 0 0 0 0 0 0 0 0 0 0 0 0 0 0 0 0 0 0 0 0 0 0 0 0 0 0 0 0 0 0 0 0 0 0 0 0 0 0 0 0 0 0 0 0 0 0 0 0 0 0 0 0 0 0 0 0 0 0 0 0 0 0 0 0 0 0 0 0 0 0 0 0 0 0 0 0 0 0 0 0 0 0 0 0 0 0 0 0 0 0 0 0 0 0 0 0 0 0 0 0 0 0 0 0 0 0 0 0 0 0 0 0 0 0 0 0 0 0 0 0 0 0 0 0 0 0 0 0 0 0 0 0 0 0 0 0 0 0 0 0 0 0 0 0 0 0 0 0 0 0 0 0 0 0 0 0 0 0 0 0
246
0 200 98 110 106 57 67 54 110 115 61 103 50 77 72 73 103 83 117 53 77 93 81 78 98 90 88 88 109 93 117 96 69 92 83 120 113 54 81 62 115 97 114 51 51 104 63 97 85 101 66 54 76 60 112 82 79 67 102 51 98 98 118 120 63 66 72 58 71 96 117 101 87 112 83 84 115 100 111 87 93 106 118 88 106 105 59 86 80 110 85 70 109 98 102 97 59 86 104 69 118 60 118 112 71 116 86 108 56 110 89 68 94 63 52 89 55 99 111 50 62 68 69 99 99 104 94 75 100 94 59 69 111 74 95 104 67 92 118 65 119 91 72 88 79 64 103 103 96 115 100 74 111 78 59 88 56 119 77 89 61 67 110 67 91 73 107 69 62 83 73 56 86 91 58 65 113 68 108 112 51 109 62 103 77 52 93 67 119 51 111 55 103 87 100 77 86 113 104 91 90 110 90 110 72 91 63 58 91 98 77 78 53 91 96 106 107 94 79 120 55 111 109 82 92 100 76 58 58 73 93 57 80 56 112 116 83 106 120 61 82 87 65 98 71 200
823
0 200 100 120 88 108 98 92 62 58 101 100 83 74 87 101 99 67 51 98 55 92 107 106 107 89 97 61 105 118 95 119 91 92 58 84 119 98 89 89 112 90 112 57 113 57 76 95 75 80 62 102 84 67 76 72 63 113 93 87 55 57 72 60 76 116 69 103 119 61 50 91 75 53 59 84 102 58 69 78 64 79 53 106 92 85 61 52 114 68 80 62 80 109 57 53 59 54 108 108 110 89 57 84 63 118 73 50 62 119 119 108 72 84 71 117 95 117 95 116 98 86 94 74 52 78 64 89 84 73 87 95 116 92 113 66 54 70 87 75 119 78 75 64 107 108 107 50 86 89 65 105 70 119 62 80 90 82 92 107 75 119 64 72 94 96 64 67 65 53 104 96 63 72 95 55 84 108 80 117 89 112 61 87 108 66 100 58 79 102 55 62 69 51 110 76 57 78 94 82 71 91 107 69 53 84 55 108 97 66 115 81 104 51 64 96 96 100 112 68 117 94 79 92 115 74 54 53 102 75 70 82 85 65 71 77 108 99 79 75 120 83 52 104 113 96 73 98 76 99 56 83 75 109 97 95 105 68 57 102 78 93 71 60 88 61 119 73 75 78 54 96 67 83 91 67 63 119 67 80 76 72 64 82 112 110 95 67 73 70 117 113 52 100 58 50 56 92 52 52 99 51 102 87 110 75 68 111 75 99 119 96 81 78 69 55 86 71 115 64 52 63 52 111 84 72 77 107 92 56 85 80 84 113 116 101 56 106 54 90 54 76 86 118 59 89 107 54 54 112 52 88 88 66 73 92 106 109 59 95 51 94 86 104 65 92 78 79 52 89 87 63 95 96 63 108 110 54 107 51 79 83 117 92 71 72 94 63 68 117 83 73 116 82 55 75 95 67 57 59 117 88 80 104 59 117 60 68 74 61 110 55 72 52 98 57 83 86 74 88 105 98 118 55 113 103 107 77 78 59 55 81 66 52 80 78 108 53 106 51 108 58 61 81 59 69 114 69 61 67 68 95 100 67 65 70 83 68 61 60 109 86 85 85 85 69 60 59 54 80 104 98 73 63 56 108 52 64 68 90 111 88 80 53 74 73 61 115 51 109 97 78 113 96 52 88 89 54 98 88 70 98 65 104 103 86 72 84 74 93 71 52 111 107 77 60 97 84 63 74 61 106 94 67 62 54 83 61 55 88 98 90 76 92 55 102 76 80 91 60 50 113 70 77 62 117 53 51 81 51 107 64 84 66 93 54 103 93 119 114 66 87 66 50 86 93 58 90 88 74 105 88 98 91 113 90 101 62 119 65 109 100 52 76 93 87 86 79 114 66 110 75 90 85 53 86 60 71 114 92 64 63 87 101 84 71 75 120 102 109 77 66 109 70 84 77 66 96 61 78 57 90 92 114 97 87 77 89 118 62 86 116 110 66 75 81 116 64 103 102 101 70 78 70 116 115 60 66 96 88 90 109 93 67 117 63 69 60 119 58 113 91 84 86 89 98 61 66 70 85 87 81 77 60 63 79 79 103 88 113 113 57 65 82 64 91 91 63 120 100 70 51 97 73 85 59 83 103 100 90 58 111 83 62 116 110 78 99 68 91 60 63 60 119 52 101 102 72 100 79 81 64 79 90 75 81 57 67 109 83 81 62 105 103 111 69 89 106 92 72 79 85 96 50 75 106 61 93 88 111 120 81 84 55 52 119 85 105 76 98 63 59 69 86 62 92 79 106 104 68 105 97 55 87 72 53 66 86 101 116 65 75 55 117 96 75 63 106 55 74 103 85 69 108 62 58 50 107 105 57 63 107 118 112 87 108 51 94 93 104 74 78 51 88 51 81 56 67 88 59 76 55 200
450
0 0 0 0 0 0 0 0 0 0 0 0 0 0 0 0 0 0 0 0 0 0 0 0 0 0 0 0 0 0 0 0 0 0 0 0 0 0 0 0 0 0 0 0 0 0 0 0 0 0 0 0 0 0 0 0 0 0 0 0 0 0 0 0 0 0 0 0 0 0 0 0 0 0 0 0 0 0 0 0 0 0 0 0 0 0 0 0 0 0 0 0 0 0 0 0 0 0 0 0 0 0 0 0 0 0 0 0 0 0 0 0 0 0 0 0 0 0 0 0 0 0 0 0 0 0 0 0 0 0 0 0 0 0 0 0 0 0 0 0 0 0 0 0 0 0 0 0 0 0 0 0 0 0 0 0 0 0 0 0 0 0 0 0 0 0 0 0 0 0 0 0 0 0 0 0 0 0 0 0 0 0 0 0 0 0 0 0 0 0 0 0 0 0 0 0 0 0 0 0 0 0 0 0 0 0 0 0 0 0 0 0 0 0 0 0 0 0 0 0 0 0 0 0 0 0 0 0 0 0 0 0 0 0 0 0 0 0 0 0 0 0 0 0 0 0 0 0 0 0 0 0 0 0 0 0 0 0 0 0 0 0 0 0 0 0 0 0 0 0 0 0 0 0 0 0 0 0 0 0 0 0 0 0 0 0 0 0 0 0 0 0 0 0 0 0 0 0 0 0 0 0 0 0 0 0 0 0 0 0 0 0 0 0 0 0 0 0 0 0 0 0 0 0 0 0 0 0 0 0 0 0 0 0 0 0 0 0 0 0 0 0 0 0 0 0 0 0 0 0 0 0 0 0 0 0 0 0 0 0 0 0 0 0 0 0 0 0 0 0 0 0 0 0 0 0 0 0 0 0 0 0 0 0 0 0 0 0 0 0 0 0 0 0 0 0 0 0 0 0 0 0 0 0 0 0 0 0 0 0 0 0 0 0 0 0 0 0 0 0 0 0 0 0 0 0 0 0 0 0 0 0 0 0 0 0 0 0 0 0 0 0 0 0 0 0 0 0 0 0
352
89 89 37 89 126 103 103 37 8 89 126 103 126 103 89 89 8 89 8 103 103 89 37 8 8 103 89 103 103 37 103 37 8 37 126 8 126 37 126 103 89 126 89 89 126 37 37 89 89 8 126 8 103 103 8 8 37 89 8 89 103 89 8 37 89 8 103 103 37 8 8 103 103 8 8 103 126 103 8 8 126 8 103 89 103 37 37 89 8 126 89 89 103 103 103 8 126 89 37 37 37 103 103 126 89 89 89 126 8 103 126 8 89 8 126 103 8 126 37 89 103 8 8 8 103 126 89 37 126 126 8 89 103 89 103 37 89 8 89 103 89 37 103 126 103 37 126 89 126 37 103 8 89 37 37 103 8 89 8 8 89 89 103 8 89 89 103 37 89 103 126 8 37 103 8 8 89 126 37 126 103 126 37 8 126 37 103 37 89 126 103 37 89 103 37 8 103 8 103 103 89 37 8 37 89 103 37 89 126 126 37 89 37 103 126 89 89 126 126 126 126 126 37 37 89 103 37 8 37 89 103 103 126 8 126 89 103 8 126 8 103 37 89 126 37 37 89 37 37 8 8 103 37 37 103 103 89 37 89 8 8 103 8 103 126 89 37 37 37 103 103 37 126 126 103 126 103 8 37 89 37 8 89 37 103 103 89 37 37 37 37 103 103 126 103 89 8 103 89 126 37 8 103 37 103 126 103 103 37 37 126 103 126 89 89 126 37 37 37 126 126 126 37 89 8 37 37 103 89 89 89 103 103 103 103 126 89 89 103 89 89 37 103 126 89 89 103 8 126 126 37 103
501
200 200 200 200 200 200 200 200 200 200 200 200 200 200 200 200 200 200 200 200 200 200 200 200 200 200 200 200 200 200 200 200 200 200 200 200 200 200 200 200 200 200 200 200 200 200 200 200 200 200 200 200 200 200 200 200 200 200 200 200 200 200 200 200 200 200 200 200 200 200 200 200 200 200 200 200 200 200 200 200 200 200 200 200 200 200 200 200 200 200 200 200 200 200 200 200 200 200 200 200 200 200 200 200 200 200 200 200 200 200 200 200 200 200 200 200 200 200 200 200 200 200 200 200 200 200 200 200 200 200 200 200 200 200 200 200 200 200 200 200 200 200 200 200 200 200 200 200 200 200 200 200 200 200 200 200 200 200 200 200 200 200 200 200 200 200 200 200 200 200 200 200 200 200 200 200 200 200 200 200 200 200 200 200 200 200 200 200 200 200 200 200 200 200 200 200 200 200 200 200 200 200 200 200 200 200 200 200 200 200 200 200 200 200 200 200 200 200 200 200 200 200 200 200 200 200 200 200 200 200 200 200 200 200 200 200 200 200 200 200 200 200 200 200 200 200 200 200 200 200 200 200 200 200 200 200 200 200 200 200 200 200 200 200 200 200 200 200 200 200 200 200 200 200 200 200 200 200 200 200 200 200 200 200 200 200 200 200 200 200 200 200 200 200 200 200 200 200 200 200 200 200 200 200 200 200 200 200 200 200 200 200 200 200 200 200 200 200 200 200 200 200 200 200 200 200 200 200 200 200 200 200 200 200 200 200 200 200 200 200 200 200 200 200 200 200 200 200 200 200 200 200 200 200 200 200 200 200 200 200 200 200 200 200 200 200 200 200 200 200 200 200 200 200 200 200 200 200 200 200 200 200 200 200 200 200 200 200 200 200 200 200 200 200 200 200 200 200 200 200 200 200 200 200 200 200 200 200 200 200 200 200 200 200 200 200 200 200 200 200 200 200 200 200 200 200 200 200 200 200 200 200 200 200 200 200 200 200 200 200 200 200 200 200 200 200 200 200 200 200 200 200 200 200 200 200 200 200 200 200 200 200 200 200 200 200 200 200 200 200 200 200 200 200 200 200 200 200 200 200 200 200 200 200 200 200 200 200 200 200 200 200 200 200 200 200 200 200 200 200 200
479
0 200 86 64 54 97 104 81 59 86 53 87 82 80 50 68 50 89 99 67 107 91 93 102 115 120 73 84 90 78 75 118 70 53 81 57 114 75 90 104 106 118 100 88 103 75 78 117 60 111 64 95 64 71 104 101 75 118 83 53 109 84 116 118 98 71 97 108 61 88 119 81 90 62 91 54 86 60 104 77 51 114 76 77 110 87 107 119 84 69 65 119 57 57 78 85 59 56 92 75 93 66 115 66 90 65 55 56 78 77 84 96 104 109 57 66 89 77 53 70 116 108 64 93 50 97 93 102 75 56 84 63 68 68 100 114 118 93 112 56 89 81 54 50 78 94 58 64 83 75 100 110 111 64 58 54 80 61 66 95 51 95 117 111 90 103 120 98 100 106 68 95 64 111 66 76 98 109 51 68 112 117 105 64 93 112 68 75 84 73 85 98 118 109 61 90 103 68 97 85 73 115 95 100 92 77 77 120 67 91 72 107 69 114 94 118 52 100 69 90 50 106 53 91 97 93 79 57 54 117 91 54 115 99 71 68 72 52 87 64 72 71 65 114 60 61 64 65 95 110 67 118 76 89 111 82 90 60 57 59 76 119 72 66 102 62 84 104 108 75 72 73 58 61 76 117 60 55 99 88 51 87 50 84 100 107 119 63 90 97 58 71 71 108 107 103 60 98 109 109 60 50 87 62 82 113 59 100 87 112 75 66 99 91 88 62 117 86 108 80 54 85 95 102 84 109 111 76 76 50 75 52 64 66 58 95 66 107 103 56 108 59 50 92 102 92 83 52 63 96 54 102 107 76 84 101 100 110 55 77 97 75 52 103 66 81 119 84 102 103 52 105 60 117 69 107 115 65 97 84 86 52 80 114 105 54 65 116 119 51 50 85 56 62 95 64 99 116 63 63 80 61 53 99 87 65 82 69 50 66 101 89 64 93 61 52 73 73 116 115 67 52 115 51 102 103 71 68 112 59 58 51 76 103 105 60 80 83 88 83 55 101 53 96 100 106 61 73 52 117 70 73 74 115 84 114 118 114 116 65 92 81 86 81 97 74 77 101 76 77 93 115 72 97 87 62 59 94 200
126
173 18 158 7 7 165 16 7 12 16 199 10 12 191 179 196 192 181 174 174 7 3 156 0 16 15 6 9 18 4 15 177 17 2 168 11 176 19 1 3 11 199 10 16 14 5 19 5 1 3 19 10 14 17 2 10 16 12 5 11 168 12 9 3 10 3 155 6 20 12 179 8 186 8 14 152 1 8 10 160 4 2 13 170 1 191 20 11 14 4 5 0 176 191 8 12 160 6 3 7 18 15 5 0 0 8 2 9 1 8 3 19 11 12 200 15 165 162 8 15 0 181 3 0 12 6
322
0 0 0 0 0 0 0 0 0 0 0 0 0 0 0 0 0 0 0 0 0 0 0 0 0 0 0 0 0 0 0 0 0 0 0 0 0 0 0 0 0 0 0 0 0 0 0 0 0 0 0 0 0 0 0 0 0 0 0 0 0 0 0 0 0 0 0 0 0 0 0 0 0 0 0 0 0 0 0 0 0 0 0 0 0 0 0 0 0 0 0 0 0 0 0 0 0 0 0 0 0 0 0 0 0 0 0 0 0 0 0 0 0 0 0 0 0 0 0 0 0 0 0 0 0 0 0 0 0 0 0 0 0 0 0 0 0 0 0 0 0 0 0 0 0 0 0 0 0 0 0 0 0 0 0 0 0 0 0 0 0 0 0 0 0 0 0 0 0 0 0 0 0 0 0 0 0 0 0 0 0 0 0 0 0 0 0 0 0 0 0 0 0 0 0 0 0 0 0 0 0 0 0 0 0 0 0 0 0 0 0 0 0 0 0 0 0 0 0 0 0 0 0 0 0 0 0 0 0 0 0 0 0 0 0 0 0 0 0 0 0 0 0 0 0 0 0 0 0 0 0 0 0 0 0 0 0 0 0 0 0 0 0 0 0 0 0 0 0 0 0 0 0 0 0 0 0 0 0 0 0 0 0 0 0 0 0 0 0 0 0 0 0 0 0 0 0 0 0 0 0 0 0 0 0 0 0 0 0 0 0 0 0 0 0 0 0 0 0 0 0 0
781
200 200 200 200 200 200 200 200 200 200 200 200 200 200 200 200 200 200 200 200 200 200 200 200 200 200 200 200 200 200 200 200 200 200 200 200 200 200 200 200 200 200 200 200 200 200 200 200 200 200 200 200 200 200 200 200 200 200 200 200 200 200 200 200 200 200 200 200 200 200 200 200 200 200 200 200 200 200 200 200 200 200 200 200 200 200 200 200 200 200 200 200 200 200 200 200 200 200 200 200 200 200 200 200 200 200 200 200 200 200 200 200 200 200 200 200 200 200 200 200 200 200 200 200 200 200 200 200 200 200 200 200 200 200 200 200 200 200 200 200 200 200 200 200 200 200 200 200 200 200 200 200 200 200 200 200 200 200 200 200 200 200 200 200 200 200 200 200 200 200 200 200 200 200 200 200 200 200 200 200 200 200 200 200 200 200 200 200 200 200 200 200 200 200 200 200 200 200 200 200 200 200 200 200 200 200 200 200 200 200 200 200 200 200 200 200 200 200 200 200 200 200 200 200 200 200 200 200 200 200 200 200 200 200 200 200 200 200 200 200 200 200 200 200 200 200 200 200 200 200 200 200 200 200 200 200 200 200 200 200 200 200 200 200 200 200 200 200 200 200 200 200 200 200 200 200 200 200 200 200 200 200 200 200 200 200 200 200 200 200 200 200 200 200 200 200 200 200 200 200 200 200 200 200 200 200 200 200 200 200 200 200 200 200 200 200 200 200 200 200 200 200 200 200 200 200 200 200 200 200 200 200 200 200 200 200 200 200 200 200 200 200 200 200 200 200 200 200 200 200 200 200 200 200 200 200 200 200 200 200 200 200 200 200 200 200 200 200 200 200 200 200 200 200 200 200 200 200 200 200 200 200 200 200 200 200 200 200 200 200 200 200 200 200 200 200 200 200 200 200 200 200 200 200 200 200 200 200 200 200 200 200 200 200 200 200 200 200 200 200 200 200 200 200 200 200 200 200 200 200 200 200 200 200 200 200 200 200 200 200 200 200 200 200 200 200 200 200 200 200 200 200 200 200 200 200 200 200 200 200 200 200 200 200 200 200 200 200 200 200 200 200 200 200 200 200 200 200 200 200 200 200 200 200 200 200 200 200 200 200 200 200 200 200 200 200 200 200 200 200 200 200 200 200 200 200 200 200 200 200 200 200 200 200 200 200 200 200 200 200 200 200 200 200 200 200 200 200 200 200 200 200 200 200 200 200 200 200 200 200 200 200 200 200 200 200 200 200 200 200 200 200 200 200 200 200 200 200 200 200 200 200 200 200 200 200 200 200 200 200 200 200 200 200 200 200 200 200 200 200 200 200 200 200 200 200 200 200 200 200 200 200 200 200 200 200 200 200 200 200 200 200 200 200 200 200 200 200 200 200 200 200 200 200 200 200 200 200 200 200 200 200 200 200 200 200 200 200 200 200 200 200 200 200 200 200 200 200 200 200 200 200 200 200 200 200 200 200 200 200 200 200 200 200 200 200 200 200 200 200 200 200 200 200 200 200 200 200 200 200 200 200 200 200 200 200 200 200 200 200 200 200 200 200 200 200 200 200 200 200 200 200 200 200 200 200 200 200 200 200 200 200 200 200 200 200 200 200 200 200 200 200 200 200 200 200 200 200 200 200 200 200 200 200 200 200 200 200 200 200 200 200 200 200 200 200 200 200 200 200 200 200 200 200 200 200 200 200 200 200 200 200 200 200 200 200 200 200 200 200 200 200 200 200 200 200 200 200 200 200 200 200 200 200 200 200 200 200 200 200 200
809
173 16 2 3 158 14 6 11 17 9 6 16 5 20 18 7 12 181 17 20 3 12 17 0 16 161 19 6 1 15 19 8 0 19 0 9 14 156 162 169 10 6 2 7 10 0 7 11 8 173 16 20 3 154 7 20 9 10 6 9 196 10 18 15 16 14 18 2 199 16 8 152 4 179 2 4 167 15 5 160 10 7 2 4 12 13 12 6 156 8 19 19 3 13 2 18 4 158 5 10 15 14 7 19 5 178 155 2 5 13 17 186 11 13 5 19 0 7 2 19 4 165 12 13 191 0 166 19 9 164 3 6 6 153 4 8 15 6 5 11 158 6 13 173 14 3 192 8 7 1 15 8 14 8 14 196 151 5 18 6 16 19 6 190 1 174 1 19 19 20 2 181 157 8 3 8 13 152 175 2 20 3 5 0 0 198 12 15 3 1 160 7 152 2 5 16 196 1 1 3 1 196 5 172 10 9 18 20 2 13 185 192 6 4 3 15 1 168 11 8 9 153 18 193 6 8 7 161 11 14 8 19 16 8 10 159 158 18 10 20 11 1 2 20 5 1 180 15 20 4 7 10 9 3 4 1 14 184 14 7 16 2 14 19 6 164 172 12 18 8 6 4 11 13 179 17 11 3 151 191 0 13 18 17 181 11 169 10 0 4 175 12 17 16 18 5 19 2 152 20 14 10 7 8 0 7 19 4 12 20 18 196 8 13 12 4 8 12 14 17 10 6 185 3 17 18 8 14 20 9 171 11 20 13 10 195 4 13 11 154 197 12 8 11 16 20 6 1 13 4 15 20 186 20 169 19 3 2 6 12 19 0 2 17 6 164 0 17 2 4 14 9 171 15 1 165 20 8 16 167 2 3 8 11 179 0 178 10 195 162 18 6 15 10 10 1 16 13 15 18 162 180 177 3 16 4 3 9 12 5 4 179 15 195 1 11 8 2 9 14 4 10 156 8 165 170 20 11 8 17 11 14 196 0 6 0 0 184 10 20 16 4 5 15 12 2 1 1 18 10 8 150 13 13 169 13 8 18 12 16 153 178 162 3 18 18 2 17 9 11 15 13 10 14 1 3 20 13 167 7 4 9 6 0 9 6 2 1 1 17 12 13 19 0 16 0 190 10 16 8 197 155 4 3 5 178 178 5 2 12 169 12 15 13 9 11 9 6 20 15 193 171 17 163 15 197 17 4 20 1 12 16 3 11 8 0 0 20 5 2 5 152 5 15 12 1 10 6 15 16 156 7 12 168 12 11 172 175 167 20 19 193 7 8 154 3 16 7 4 11 5 19 0 161 176 12 1 14 8 6 3 7 156 11 179 166 6 173 179 15 10 7 16 15 6 19 0 16 13 8 19 182 12 7 18 16 14 13 1 5 8 7 3 12 171 2 13 13 199 3 7 19 17 162 186 7 161 4 182 1 5 10 13 19 13 17 174 7 8 4 188 11 15 158 12 11 20 12 12 20 156 5 19 171 5 5 16 20 10 11 17 1 16 0 0 0 190 20 0 15 13 10 180 20 10 0 154 13 14 11 18 4 7 0 7 178 19 10 10 16 150 1 18 4 6 12 11 8 0 16 3 190 2 153 7 5 197 18 11 8 8 4 14 12 14 16 3 14 1 10 2 185 5 157 14 164 8 2 7 3 15 15 7 12 6 17 12 4 5 17 158 18 151 10 167 8 172 2 176 181 11 188 1 200 8 17 18 170 13 19 4 182 11 14 2 5 173 12 5 11 3 14 15 4 15 165 12 14 15 13 3 13 2 193 19 17 13 16 8 196 16 175 18 12 16 175 17 13 2 15 11 16 18 6 7 6 18 195 5
145
6 164 14 195 5 4 194 6 16 0 20 13 178 11 13 19 10 10 20 5 20 8 2 19 176 3 158 5 20 3 17 17 1 14 14 16 179 17 199 160 1 17 9 4 166 15 7 1 8 9 4 14 157 15 20 3 16 18 3 158 9 8 162 4 13 1 7 15 153 10 16 10 153 14 12 176 17 10 18 19 12 197 10 7 193 6 151 4 18 18 9 5 6 9 18 18 3 5 1 6 8 16 15 18 9 152 177 18 14 15 2 14 10 9 176 11 18 11 17 151 164 8 17 8 7 10 8 19 14 0 7 176 1 2 2 198 16 16 3 10 20 193 12 1 1
28
200 200 200 200 200 200 200 200 200 200 200 200 200 200 200 200 200 200 200 200 200 200 200 200 200 200 200 200
59
200 200 200 200 200 200 200 200 200 200 200 200 200 200 200 200 200 200 200 200 200 200 200 200 200 200 200 200 200 200 200 200 200 200 200 200 200 200 200 200 200 200 200 200 200 200 200 200 200 200 200 200 200 200 200 200 200 200 200
962
8 6 10 3 6 167 15 5 3 186 17 8 4 5 187 6 7 163 180 7 168 162 9 8 0 150 1 175 182 1 12 7 16 8 13 16 0 15 7 161 173 17 175 18 9 196 14 0 8 4 10 6 12 14 6 20 195 20 19 13 19 4 12 163 193 14 6 16 14 17 164 4 167 14 196 10 12 4 19 10 9 173 19 10 7 153 4 9 0 157 177 165 19 16 18 4 7 5 19 169 6 172 2 16 16 3 3 158 17 10 0 3 13 8 18 14 6 177 16 0 178 5 9 4 3 19 14 9 0 4 15 3 12 186 3 2 7 17 196 4 15 190 186 13 179 15 9 1 12 14 15 17 5 1 17 3 16 6 4 12 7 20 180 154 2 15 10 2 9 7 150 18 2 8 6 154 182 168 15 9 20 18 0 0 2 8 14 4 14 19 165 8 5 199 16 16 9 3 18 8 155 13 10 16 11 17 0 8 10 0 9 13 15 182 10 11 155 15 2 13 17 16 20 4 3 2 156 6 19 6 18 191 168 17 18 192 0 1 2 2 179 178 12 198 13 154 9 17 198 172 177 7 195 1 17 0 8 196 2 191 9 166 18 17 9 15 12 0 18 155 2 153 12 14 17 20 16 171 4 7 164 160 2 11 17 9 12 11 20 15 196 4 0 19 20 16 12 9 192 17 173 6 19 182 12 4 3 18 10 151 13 179 2 11 165 196 0 199 11 175 13 3 0 2 7 152 182 4 11 4 187 194 3 1 6 10 10 13 12 5 19 6 6 14 11 185 1 10 154 150 13 20 16 20 9 14 0 8 20 11 7 199 181 16 7 200 1 13 0 1 20 5 10 6 16 16 156 8 14 10 13 2 1 158 16 13 166 2 17 164 182 9 3 10 180 4 20 18 5 153 1 20 3 11 8 13 14 0 20 3 12 5 8 4 0 15 0 0 0 5 18 9 166 13 16 5 7 9 14 183 20 11 20 5 10 7 11 17 172 161 4 6 178 11 20 20 19 12 19 192 163 11 195 8 16 19 20 16 200 19 5 19 0 16 4 16 20 17 9 1 5 16 16 159 8 170 15 198 7 14 18 4 2 12 5 14 7 167 2 19 10 7 11 18 2 10 184 11 18 13 165 17 6 3 3 4 14 166 14 176 172 5 14 16 195 20 9 9 16 186 4 17 4 16 9 11 1 151 9 0 5 164 10 4 5 154 2 10 18 11 14 11 1 158 4 1 5 9 13 5 14 14 1 6 12 18 10 5 4 20 13 197 0 4 8 183 19 9 7 14 2 14 8 19 19 14 15 1 1 1 18 16 19 9 4 6 2 180 4 17 10 19 1 163 2 5 7 2 15 8 17 19 15 17 12 9 2 10 0 11 161 2 0 13 19 8 163 11 195 13 18 8 5 172 15 13 177 1 15 13 16 200 10 10 18 16 155 0 12 17 187 186 18 4 0 13 17 13 5 14 8 5 11 2 4 175 4 16 16 12 9 18 7 10 20 18 5 188 17 13 181 5 16 8 20 18 2 0 5 6 2 19 7 16 18 8 177 11 3 15 20 4 8 7 7 9 8 15 3 192 19 20 8 159 7 16 3 169 9 163 3 14 156 2 16 9 192 6 14 4 163 5 9 17 16 18 172 6 11 8 4 0 176 15 13 11 15 8 17 6 192 15 14 7 191 2 150 185 0 14 189 11 16 7 2 1 20 8 18 4 197 9 20 16 4 6 185 184 15 184 12 0 12 13 20 8 14 167 10 19 195 190 16 11 18 13 13 189 159 17 0 0 0 8 16 178 8 7 162 188 168 11 12 167 4 0 2 20 161 8 17 10 20 159 6 0 14 189 10 7 16 15 13 5 6 196 12 187 198 5 8 2 17 19 9 13 13 11 12 17 6 12 10 16 5 4 17 0 15 18 15 177 15 12 14 7 1 157 18 13 150 5 6 9 12 10 175 0 17 7 15 14 9 10 16 186 155 18 20 16 1 3 1 165 14 9 18 18 5 13 11 6 19 18 7 2 18 9 19 179 15 5 151 11 6 6 8 2 19 2 10 196 16 190 5 9 193 153 198 14 0 18 9 13 1 0 157 6 20 13 17 1 3 7 5 17 6 9 5 17 13 10 8 173 177 8 189 7 8 3 15 8 12 10 10 19 7 181 12 0 11 20
539
0 200 99 84 57 77 96 72 77 115 82 73 66 85 119 59 70 52 72 72 78 64 55 98 118 97 88 62 60 66 70 67 87 95 51 91 81 112 52 102 110 66 55 105 88 103 103 117 72 105 119 91 104 83 84 56 113 92 93 83 75 81 119 76 70 64 63 103 99 54 75 115 87 67 82 110 63 103 72 95 78 87 107 100 102 91 88 83 56 107 79 103 111 103 113 119 96 71 107 88 86 70 115 109 72 120 70 94 78 117 60 58 90 75 75 103 97 59 53 110 69 64 118 107 94 109 107 115 100 95 99 76 73 119 71 103 89 87 58 86 101 52 81 58 113 93 109 118 81 118 105 99 51 83 113 71 77 78 103 119 74 108 110 108 71 59 101 64 72 80 87 119 104 81 51 116 50 103 85 89 73 60 58 79 106 56 100 83 82 116 56 108 98 70 60 62 84 112 63 112 110 82 90 71 75 107 98 79 107 50 88 82 53 75 68 115 80 54 54 56 76 52 118 108 57 78 97 54 75 75 103 115 60 97 90 85 82 85 119 101 74 57 118 120 58 93 90 93 114 108 87 85 93 112 85 87 90 68 112 112 114 111 92 84 51 71 89 69 80 81 107 111 62 109 79 107 51 65 70 97 104 118 97 83 75 53 72 51 109 117 91 62 52 50 118 99 77 110 71 100 89 55 93 106 112 91 91 116 101 112 74 87 69 62 68 106 97 55 57 89 83 64 64 53 80 74 90 118 84 116 51 89 86 116 117 79 93 108 77 75 105 56 62 88 69 73 109 56 109 107 90 99 100 81 109 96 62 62 58 61 80 58 61 117 62 96 100 77 89 90 115 105 114 64 110 86 80 52 99 71 81 110 89 55 70 108 68 68 59 82 57 71 68 64 64 103 71 73 74 53 84 90 63 59 53 50 71 104 59 56 101 98 95 62 50 87 51 60 92 72 77 50 108 75 77 75 103 59 93 105 107 117 76 74 86 118 92 51 90 111 101 87 116 117 70 117 55 87 86 120 81 91 70 58 95 97 120 96 70 60 57 118 109 103 70 80 58 100 117 113 93 109 84 104 77 111 119 102 119 66 113 65 73 107 76 103 89 67 109 91 55 115 96 120 56 101 74 69 65 98 53 86 97 54 50 107 103 83 93 57 118 108 116 120 99 96 89 67 74 78 74 102 71 61 120 79 120 120 118 67 96 60 100 98 103 73 71 116 200
473
157 20 161 17 10 14 12 12 6 9 16 6 11 159 9 175 173 7 9 17 156 18 9 5 16 18 2 12 162 3 10 10 12 0 13 14 5 7 10 3 20 196 13 199 20 13 14 6 13 163 12 1 19 16 3 20 184 20 9 8 13 9 9 9 170 3 18 150 12 154 5 19 20 18 5 3 11 161 12 14 6 181 17 5 4 20 11 0 2 11 2 20 190 13 2 20 16 12 15 18 14 10 17 158 5 178 185 7 1 159 189 5 198 163 9 166 3 4 11 180 7 11 7 6 9 171 10 17 3 8 17 6 1 18 19 190 3 0 7 6 9 13 159 14 15 186 8 17 13 162 8 5 15 2 5 9 187 0 3 17 11 6 10 169 10 12 1 161 7 14 163 17 13 10 176 1 2 13 194 12 16 152 3 10 3 9 194 152 11 19 5 169 158 185 20 13 19 0 161 0 16 20 193 12 11 13 18 12 15 2 5 8 14 20 2 0 181 11 20 14 3 18 15 16 4 6 20 5 6 193 14 12 8 158 12 12 2 15 1 16 3 17 155 8 154 13 18 154 18 4 20 13 194 14 5 17 6 14 7 11 154 18 13 20 9 155 167 15 17 16 2 1 18 191 159 18 12 19 1 15 4 4 20 7 15 164 16 2 6 9 16 2 0 14 16 16 193 8 18 14 7 1 15 4 173 187 1 14 169 12 155 13 17 6 5 12 171 2 164 13 2 6 20 15 8 17 8 20 9 5 14 13 9 15 19 1 18 19 4 5 14 171 4 0 17 18 158 183 8 19 9 16 0 12 5 12 19 11 10 3 4 11 150 192 2 9 10 17 150 6 161 9 11 16 20 5 159 3 186 18 16 14 15 155 11 15 4 10 15 19 4 10 179 13 1 17 155 7 18 4 6 16 3 158 3 2 195 19 20 8 17 187 168 2 9 2 173 11 3 189 4 10 3 190 8 19 19 14 186 13 14 9 15 20 17 159 12 20 5 1 166 13 0 3 3 2 5 183 14 15 15 18 17 183 177 12 4 7 3 19 5 16 1 15 3 183 17 7 8 159 16 1 200
465
200 200 200 200 200 200 200 200 200 200 200 200 200 200 200 200 200 200 200 200 200 200 200 200 200 200 200 200 200 200 200 200 200 200 200 200 200 200 200 200 200 200 200 200 200 200 200 200 200 200 200 200 200 200 200 200 200 200 200 200 200 200 200 200 200 200 200 200 200 200 200 200 200 200 200 200 200 200 200 200 200 200 200 200 200 200 200 200 200 200 200 200 200 200 200 200 200 200 200 200 200 200 200 200 200 200 200 200 200 200 200 200 200 200 200 200 200 200 200 200 200 200 200 200 200 200 200 200 200 200 200 200 200 200 200 200 200 200 200 200 200 200 200 200 200 200 200 200 200 200 200 200 200 200 200 200 200 200 200 200 200 200 200 200 200 200 200 200 200 200 200 200 200 200 200 200 200 200 200 200 200 200 200 200 200 200 200 200 200 200 200 200 200 200 200 200 200 200 200 200 200 200 200 200 200 200 200 200 200 200 200 200 200 200 200 200 200 200 200 200 200 200 200 200 200 200 200 200 200 200 200 200 200 200 200 200 200 200 200 200 200 200 200 200 200 200 200 200 200 200 200 200 200 200 200 200 200 200 200 200 200 200 200 200 200 200 200 200 200 200 200 200 200 200 200 200 200 200 200 200 200 200 200 200 200 200 200 200 200 200 200 200 200 200 200 200 200 200 200 200 200 200 200 200 200 200 200 200 200 200 200 200 200 200 200 200 200 200 200 200 200 200 200 200 200 200 200 200 200 200 200 200 200 200 200 200 200 200 200 200 200 200 200 200 200 200 200 200 200 200 200 200 200 200 200 200 200 200 200 200 200 200 200 200 200 200 200 200 200 200 200 200 200 200 200 200 200 200 200 200 200 200 200 200 200 200 200 200 200 200 200 200 200 200 200 200 200 200 200 200 200 200 200 200 200 200 200 200 200 200 200 200 200 200 200 200 200 200 200 200 200 200 200 200 200 200 200 200 200 200 200 200 200 200 200 200 200 200 200 200 200 200 200 200 200 200 200 200 200 200 200 200 200 200 200 200 200 200 200 200 200 200 200 200 200
900
4 14 11 6 14 18 13 3 2 12 11 11 10 1 5 6 15 18 18 18 12 14 11 18 8 4 4 19 8 1 13 15 3 5 3 12 13 14 19 18 20 18 8 5 6 3 0 13 2 12 17 12 11 4 9 8 9 10 6 6 4 13 18 16 18 10 3 7 10 10 16 19 16 7 3 9 4 14 5 7 9 9 19 20 16 4 8 13 17 20 13 19 4 19 8 9 18 11 20 10 15 2 3 0 16 1 4 17 10 15 4 5 3 11 7 6 5 5 5 3 19 1 8 8 7 18 12 2 0 16 3 3 12 0 6 17 14 1 8 6 6 17 7 19 5 15 20 10 12 17 8 14 18 8 3 19 9 13 8 16 17 18 1 14 2 12 17 10 14 3 16 7 20 16 20 5 13 10 18 4 7 19 20 15 6 3 15 14 5 12 11 2 15 16 6 0 20 8 6 2 13 13 14 15 13 8 18 3 6 19 0 15 2 17 16 7 5 10 3 17 13 3 1 0 0 19 11 13 14 15 14 19 4 6 6 20 10 4 10 9 4 0 4 12 8 4 6 15 14 13 11 4 3 7 5 6 18 19 17 15 7 11 16 13 0 1 17 16 12 16 19 0 11 16 12 4 7 11 4 0 16 14 20 15 20 10 8 15 11 2 4 6 5 0 14 8 10 11 6 10 11 6 9 1 6 9 10 16 13 19 7 16 1 13 14 3 18 5 8 11 17 13 14 9 12 13 9 20 15 17 11 3 20 6 17 7 16 14 15 12 13 11 2 17 8 3 14 4 20 10 10 10 1 2 15 0 6 0 19 9 1 6 10 2 6 11 5 0 13 16 10 13 3 9 16 19 1 1 5 4 2 12 1 15 9 4 13 18 15 5 3 5 9 5 14 7 5 14 18 1 10 13 2 2 16 19 2 13 17 18 7 10 10 7 10 7 17 14 8 18 17 18 13 3 7 5 16 19 1 10 5 12 1 2 10 11 11 2 4 7 11 9 9 6 9 1 6 16 16 10 2 13 17 9 16 16 3 16 6 16 6 11 11 1 0 12 2 11 16 16 5 8 3 6 5 5 2 6 15 3 8 18 4 19 4 7 6 13 1 17 10 4 19 19 9 0 11 14 3 2 5 14 15 6 12 0 14 14 4 16 12 3 19 15 12 9 17 20 14 19 4 2 2 8 18 3 20 8 17 17 19 2 20 17 15 20 17 8 0 3 5 1 3 5 12 19 5 1 19 12 16 1 7 6 12 20 7 18 3 3 11 4 9 8 11 4 4 16 8 6 17 16 15 14 15 9 16 12 7 6 16 18 1 6 9 10 17 13 16 11 6 4 18 4 7 2 10 20 7 3 13 17 5 0 19 20 20 11 1 15 17 12 5 10 2 4 14 7 20 11 1 3 1 5 10 3 8 15 8 7 4 12 18 13 4 4 10 16 19 13 11 3 9 2 10 14 9 15 8 1 8 11 3 19 14 0 9 20 20 15 1 6 15 7 1 18 17 20 12 4 5 10 5 4 9 12 15 9 13 6 6 3 17 1 18 14 15 16 4 1 20 6 1 14 5 10 10 3 7 15 18 15 18 7 20 13 3 14 6 19 14 17 0 4 18 17 12 7 0 18 7 2 9 12 19 17 16 8 19 15 20 19 1 2 10 10 8 18 16 2 16 19 19 14 4 15 19 11 15 7 17 1 19 0 7 2 15 3 9 10 8 10 9 7 1 15 1 18 18 19 19 19 8 18 17 14 8 3 19 15 0 17 12 13 11 5 8 19 13 4 16 11 8 19 0 7 12 0 2 5 17 0 16 2 2 16 9 19 1 5 13 6 12 10 14 2 15 19 13 6 12 13 5 20 2 11 9 13 10 0 14 11 2 15 18 16 3 18 7 20 9 6 12 15 18 1 11 8 6 2 20 5 18 16 11 8 19 10 4 2 8 6 17 7 14 12 7 6 20 2 12 13 12 19 17 0 0 14 20 3 17 18 20 3 1 16 18 17 10 5 11 2 0 8 19 2 1 1 4 9
8
0 200 113 99 50 56 105 200
741
0 200 76 57 87 109 63 63 89 99 59 73 87 84 59 109 91 101 63 100 113 112 112 119 82 71 64 91 68 91 96 112 67 86 77 56 104 113 110 68 83 107 120 114 72 118 69 67 113 103 115 102 88 80 53 88 83 101 100 120 70 66 69 93 76 101 80 85 91 120 80 62 103 56 114 75 57 57 70 56 60 93 81 59 52 56 84 62 96 63 97 54 67 81 73 80 82 80 80 75 105 113 86 96 104 56 77 83 112 118 90 79 67 117 100 60 119 95 83 72 65 109 77 79 52 69 107 114 116 82 112 107 113 103 98 119 74 108 93 71 94 52 119 96 109 91 51 120 64 91 88 120 67 85 88 110 53 108 56 74 71 66 51 57 67 65 120 100 112 56 116 101 106 94 84 86 66 118 50 59 73 96 112 56 96 63 111 54 108 109 79 84 98 96 103 57 111 111 100 94 52 88 103 112 67 88 76 82 63 86 61 63 78 113 87 110 69 95 94 73 80 57 65 82 82 61 92 109 92 73 54 105 57 62 91 120 61 82 73 53 72 56 120 88 115 62 109 107 56 109 75 66 109 116 71 91 107 95 105 101 111 108 110 79 59 84 82 82 92 65 50 119 50 85 85 107 68 79 113 115 80 118 56 116 120 65 118 85 108 93 61 79 114 80 71 116 111 102 85 63 68 118 104 97 80 50 57 109 51 77 92 120 69 78 68 104 116 100 53 83 54 98 95 50 93 106 72 58 69 55 70 64 105 97 92 118 85 84 119 93 119 69 113 52 61 101 117 85 83 93 99 73 95 68 107 90 53 97 107 89 102 65 86 109 109 85 91 96 51 67 61 77 59 80 65 117 64 99 115 79 108 109 73 98 97 110 100 64 108 67 61 53 78 93 93 78 56 118 109 97 116 61 111 82 55 85 86 86 62 98 76 66 92 89 108 52 88 76 75 58 92 62 119 101 71 120 52 62 119 82 88 58 53 63 66 101 109 78 56 51 91 66 115 111 50 102 102 89 120 82 65 75 113 94 67 96 59 55 109 110 90 102 118 102 70 120 82 68 73 65 54 79 100 95 91 108 98 81 54 63 67 55 107 94 93 78 113 94 96 75 70 99 109 97 56 88 108 57 81 112 94 111 72 104 65 120 97 112 93 81 107 53 110 115 79 64 70 77 59 50 70 67 95 80 106 70 63 109 100 83 70 68 118 91 87 57 82 118 72 108 116 89 89 83 78 92 51 77 56 73 59 112 67 116 51 110 61 118 59 93 113 110 60 105 73 84 74 88 77 89 92 81 81 102 79 110 118 94 57 114 50 110 99 77 53 93 79 110 65 100 104 108 63 88 86 114 70 100 62 66 103 92 86 63 116 71 53 81 60 85 85 73 117 53 68 94 54 79 119 109 74 99 91 53 93 103 75 114 118 54 78 71 116 91 56 72 101 91 112 60 51 56 80 96 107 110 77 93 114 94 119 102 84 118 93 85 120 50 60 67 81 90 68 100 66 70 107 101 92 75 59 97 86 111 118 71 51 94 75 50 98 67 72 91 113 102 86 92 68 110 54 120 83 57 96 57 110 80 85 90 81 83 73 89 77 51 80 105 55 51 93 110 63 64 50 78 87 109 102 75 102 101 90 85 57 112 90 63 116 73 109 68 55 97 79 76 116 93 116 53 200
678
0 0 0 0 0 0 0 0 0 0 0 0 0 0 0 0 0 0 0 0 0 0 0 0 0 0 0 0 0 0 0 0 0 0 0 0 0 0 0 0 0 0 0 0 0 0 0 0 0 0 0 0 0 0 0 0 0 0 0 0 0 0 0 0 0 0 0 0 0 0 0 0 0 0 0 0 0 0 0 0 0 0 0 0 0 0 0 0 0 0 0 0 0 0 0 0 0 0 0 0 0 0 0 0 0 0 0 0 0 0 0 0 0 0 0 0 0 0 0 0 0 0 0 0 0 0 0 0 0 0 0 0 0 0 0 0 0 0 0 0 0 0 0 0 0 0 0 0 0 0 0 0 0 0 0 0 0 0 0 0 0 0 0 0 0 0 0 0 0 0 0 0 0 0 0 0 0 0 0 0 0 0 0 0 0 0 0 0 0 0 0 0 0 0 0 0 0 0 0 0 0 0 0 0 0 0 0 0 0 0 0 0 0 0 0 0 0 0 0 0 0 0 0 0 0 0 0 0 0 0 0 0 0 0 0 0 0 0 0 0 0 0 0 0 0 0 0 0 0 0 0 0 0 0 0 0 0 0 0 0 0 0 0 0 0 0 0 0 0 0 0 0 0 0 0 0 0 0 0 0 0 0 0 0 0 0 0 0 0 0 0 0 0 0 0 0 0 0 0 0 0 0 0 0 0 0 0 0 0 0 0 0 0 0 0 0 0 0 0 0 0 0 0 0 0 0 0 0 0 0 0 0 0 0 0 0 0 0 0 0 0 0 0 0 0 0 0 0 0 0 0 0 0 0 0 0 0 0 0 0 0 0 0 0 0 0 0 0 0 0 0 0 0 0 0 0 0 0 0 0 0 0 0 0 0 0 0 0 0 0 0 0 0 0 0 0 0 0 0 0 0 0 0 0 0 0 0 0 0 0 0 0 0 0 0 0 0 0 0 0 0 0 0 0 0 0 0 0 0 0 0 0 0 0 0 0 0 0 0 0 0 0 0 0 0 0 0 0 0 0 0 0 0 0 0 0 0 0 0 0 0 0 0 0 0 0 0 0 0 0 0 0 0 0 0 0 0 0 0 0 0 0 0 0 0 0 0 0 0 0 0 0 0 0 0 0 0 0 0 0 0 0 0 0 0 0 0 0 0 0 0 0 0 0 0 0 0 0 0 0 0 0 0 0 0 0 0 0 0 0 0 0 0 0 0 0 0 0 0 0 0 0 0 0 0 0 0 0 0 0 0 0 0 0 0 0 0 0 0 0 0 0 0 0 0 0 0 0 0 0 0 0 0 0 0 0 0 0 0 0 0 0 0 0 0 0 0 0 0 0 0 0 0 0 0 0 0 0 0 0 0 0 0 0 0 0 0 0 0 0 0 0 0 0 0 0 0 0 0 0 0 0 0 0 0 0 0 0 0 0 0 0 0 0 0 0 0 0 0 0 0 0 0 0 0 0 0 0 0 0 0 0 0 0 0 0 0 0 0 0 0 0 0 0 0 0 0 0 0 0 0 0 0 0 0 0 0 0
964
182 86 30 182 150 30 182 86 86 182 30 110 86 150 86 30 182 182 182 110 86 110 30 150 30 182 86 182 86 150 30 30 182 30 110 86 86 86 110 150 86 86 110 182 150 110 110 110 30 86 30 86 110 86 182 30 30 86 30 150 86 182 30 182 86 86 150 150 182 150 86 86 110 30 110 182 110 150 150 150 150 110 30 86 86 110 150 182 86 86 110 86 110 182 150 86 30 150 86 110 150 182 150 86 86 182 86 110 86 150 110 182 30 110 150 150 182 30 86 150 110 86 110 86 30 86 110 182 182 86 30 110 86 86 182 182 150 150 86 182 86 86 30 86 30 86 150 110 86 110 86 150 182 150 110 30 110 86 150 86 182 182 86 86 110 30 182 150 30 150 110 110 110 182 86 86 110 86 150 150 110 30 86 150 182 182 30 110 182 30 30 110 110 30 150 110 182 150 86 110 30 150 150 86 182 86 150 86 150 86 30 110 30 30 150 110 110 30 86 150 86 182 86 150 30 30 86 30 86 182 182 182 110 150 182 150 110 30 150 110 30 30 30 86 86 110 150 110 110 30 110 86 30 150 30 182 30 110 182 110 182 150 182 150 86 182 182 86 86 86 30 86 30 30 30 30 182 110 110 110 110 182 30 86 150 150 150 110 30 30 110 150 150 182 110 86 150 86 110 150 30 182 182 110 110 110 30 110 110 150 110 86 150 86 150 30 110 150 182 30 86 110 182 86 30 110 110 182 110 30 86 30 150 30 86 110 110 86 182 110 86 182 86 110 30 110 182 182 30 150 30 150 86 150 150 86 150 86 150 182 30 86 110 86 30 110 110 110 86 182 86 150 110 150 110 30 182 182 182 86 86 182 86 86 86 150 182 86 86 150 30 30 150 30 30 30 86 86 182 30 86 110 182 150 182 30 30 110 30 110 150 86 182 86 182 30 30 182 182 30 150 86 86 30 150 30 182 150 182 182 110 150 150 110 30 86 30 110 182 30 182 30 30 30 110 86 30 182 182 30 182 30 110 110 182 30 110 30 86 86 86 150 110 30 150 150 30 182 182 30 110 110 86 86 182 150 110 150 150 150 86 182 30 182 86 30 86 182 110 86 30 110 30 86 30 86 182 150 182 182 86 30 86 182 30 182 30 110 86 182 182 86 110 182 30 30 86 30 86 30 30 182 30 86 182 150 110 182 110 150 86 182 150 150 182 182 182 86 86 30 30 30 182 86 86 86 182 150 110 30 110 86 30 86 110 150 150 30 182 110 182 110 110 30 86 110 30 30 110 30 150 110 150 182 110 110 30 150 30 86 110 182 182 150 110 30 86 182 110 150 110 110 30 182 182 86 110 86 110 30 182 150 150 86 86 86 30 110 30 110 30 110 110 30 182 30 30 150 30 86 86 182 30 86 86 110 86 150 86 150 182 86 150 30 150 150 86 110 150 182 30 86 182 86 110 110 150 150 110 86 110 182 30 150 86 150 182 182 30 110 110 150 30 182 110 150 110 150 110 150 182 182 150 110 182 30 86 182 86 30 30 182 182 86 150 30 182 150 86 86 86 150 182 150 150 30 150 182 30 182 86 182 150 86 182 110 86 30 182 182 182 110 30 30 30 150 30 150 182 150 182 86 30 86 30 150 86 110 30 110 182 30 182 110 150 30 110 110 30 150 86 110 182 182 86 182 30 150 86 110 30 86 110 30 30 150 110 110 30 86 86 30 150 86 86 182 182 30 30 86 30 110 110 150 30 110 30 86 110 86 150 86 150 110 110 110 86 86 182 182 182 182 30 86 110 182 86 110 110 86 110 86 86 182 150 182 86 30 150 150 30 86 86 86 30 150 86 150 110 86 182 182 110 30 182 30 30 30 30 110 110 150 110 30 182 86 150 110 150 86 110 86 150 110 86 182 110 86 110 150 86 150 182 182 150 182 182 30 182 182 86 30 30 182 182 150 150 182 182 110 30 150 86 30 150 182 110 30 150 86 182 150 182 30 30 110 86 86 30 30 182 110 86 110 150 86 86 150 30 182 182 110 182 182 182 110 86 30 30 86 30 86 182 86 86 182 30 182 150 110 30 30 110 182 182 30 86 30 30 30 86 110 110 150 182 182 150 182 110 30 182 86 150 86 110 182 150 150 110 150 182 150 150 30 182 182 30 110 30 110 110 86 150 182
862
8 63 75 174 117 136 130 102 141 87 57 19 188 46 166 67 162 11 160 7 144 94 122 61 5 37 41 5 195 158 38 67 74 148 72 60 35 198 197 54 41 95 87 194 124 199 82 21 196 19 82 28 147 91 82 59 172 139 180 187 86 111 59 184 65 174 142 98 88 135 189 24 194 36 43 44 24 5 186 43 152 106 112 21 111 25 146 114 83 31 169 36 172 60 26 178 89 193 174 35 169 153 11 188 46 90 59 43 67 22 79 182 173 4 187 9 200 173 112 185 114 33 96 113 149 92 132 81 74 37 36 101 95 38 27 136 102 103 34 15 127 65 13 76 86 70 128 6 65 135 119 9 24 146 115 114 3 132 24 55 150 128 58 161 161 124 157 159 69 79 85 24 24 34 138 153 161 166 11 52 113 124 141 139 139 197 188 20 124 182 35 58 44 162 106 139 74 178 186 119 199 116 173 42 42 190 173 118 195 197 119 64 60 104 124 56 17 181 7 128 177 130 94 32 159 28 3 39 130 9 59 47 77 136 84 18 127 61 40 112 143 175 31 75 23 161 109 156 86 69 43 7 166 86 162 193 188 4 129 67 186 46 141 70 98 196 61 112 166 6 162 39 115 59 45 178 52 77 98 164 20 43 46 84 88 23 187 153 192 68 152 148 166 60 132 178 49 132 180 80 82 1 75 190 100 83 82 177 61 182 190 195 144 109 182 74 93 85 125 15 110 143 13 27 73 77 68 22 166 71 27 150 34 33 110 148 38 40 4 119 53 196 140 169 79 135 105 68 28 129 189 152 13 78 146 48 6 148 103 118 36 134 88 169 168 23 57 56 130 103 13 107 161 150 173 16 65 157 101 144 53 37 146 140 162 108 163 192 189 22 77 200 53 96 90 134 124 21 19 169 4 43 157 124 168 0 59 137 8 107 193 93 49 73 147 121 160 144 53 43 147 158 72 85 119 95 178 163 150 57 37 65 126 127 175 24 192 36 69 142 103 174 86 69 170 51 54 150 35 52 151 99 140 36 16 11 1 69 98 6 165 77 124 105 175 38 126 31 82 157 69 31 84 139 18 98 16 197 68 110 176 126 48 3 42 179 7 123 78 53 48 97 128 31 21 160 42 103 116 187 127 26 123 30 128 41 103 183 73 141 39 41 14 31 39 45 109 119 62 8 136 146 84 171 23 131 65 29 188 94 35 100 15 93 77 165 60 178 62 62 198 196 58 91 79 110 164 47 149 93 80 74 55 48 108 83 0 175 98 2 128 49 111 39 63 4 162 47 113 70 1 41 127 194 62 19 39 39 125 60 22 169 12 82 132 66 90 86 14 118 142 36 175 157 144 175 177 152 178 178 30 53 148 102 46 196 140 3 51 15 4 69 3 140 62 79 96 61 197 7 11 188 200 88 129 13 30 158 128 177 106 20 78 161 181 143 28 168 23 72 26 107 192 19 144 102 136 136 42 33 2 49 19 111 112 129 74 168 8 24 84 94 60 20 196 8 138 74 35 47 89 166 36 14 190 143 196 87 56 143 189 159 36 110 183 137 16 111 155 61 49 44 135 85 63 114 164 146 128 45 9 42 130 146 195 75 149 195 171 29 156 146 168 109 153 116 98 47 78 86 66 32 12 168 64 56 164 126 188 95 68 54 157 48 76 106 12 86 50 158 20 115 98 119 174 124 107 131 47 183 175 153 108 179 155 199 59 177 108 184 4 147 10 181 180 37 149 95 62 189 34 26 182 101 81 198 197 84 123 160 64 22 185 103 186 170 22 129 167 37 51 55 93 166 104 29 122 194 1 21 161 159 49 14 89 71 118 167 127 190 27 166 131 196 112 131 189 86 55 3 25 37 14 180 55 29 165 102 7 172 56 28 82 174 36 107 97 3 140 172 66 44 72 21 144 122 184 69 78 160 64 143 97 69 160 199 28 33 48 151 125 5
675
10 7 1 13 18 193 20 151 198 18 10 18 15 180 6 17 12 13 9 11 18 8 8 7 2 4 17 1 15 18 157 151 9 195 15 2 2 4 11 8 15 0 198 6 4 4 20 7 5 8 198 10 5 18 178 20 152 10 19 2 19 8 5 9 13 5 7 15 20 8 8 7 15 7 18 10 9 186 16 20 16 1 195 8 10 4 13 17 17 172 189 16 10 16 18 3 9 3 1 5 8 12 17 3 187 176 8 15 8 16 4 174 6 0 11 17 1 3 12 150 11 9 19 20 7 168 193 7 14 1 185 9 12 154 4 13 4 9 186 18 14 8 182 10 12 191 7 6 13 7 20 1 158 0 16 17 182 9 189 2 1 165 0 4 15 8 164 1 16 18 14 7 0 15 5 165 173 15 5 153 4 20 181 0 193 197 1 184 2 9 177 17 191 11 2 9 1 7 16 7 0 17 9 8 6 14 17 10 179 9 8 12 15 162 14 6 13 8 158 7 10 2 1 166 6 18 15 175 1 9 157 20 10 190 2 2 6 194 179 7 3 14 17 196 18 11 12 4 3 11 7 16 1 16 6 15 17 5 9 20 15 9 20 1 167 193 5 4 20 0 1 185 4 14 15 8 11 2 5 15 6 15 167 2 0 18 164 19 155 18 5 18 10 6 8 12 7 18 2 178 4 20 19 10 0 16 166 15 19 155 155 159 9 170 183 19 5 163 198 8 11 19 20 14 8 12 171 189 158 12 0 10 197 176 2 166 9 179 13 182 20 9 12 9 19 10 8 16 6 7 189 11 17 11 16 5 19 3 150 19 16 20 186 181 150 20 6 13 17 1 17 3 12 9 6 188 9 169 7 20 1 6 9 3 4 16 165 158 18 16 2 6 11 168 17 16 18 199 16 1 14 155 7 2 10 20 9 183 4 10 153 1 2 8 19 15 12 5 196 189 0 8 1 3 3 19 6 14 9 10 8 0 182 5 4 3 14 192 152 185 169 3 1 14 174 6 180 161 165 7 0 17 196 20 16 7 13 14 158 191 9 13 20 19 11 152 162 18 13 0 4 5 163 20 11 17 4 12 169 19 196 10 2 15 3 10 12 13 170 3 165 3 5 155 2 6 159 20 11 169 173 3 9 7 0 19 11 169 0 13 7 7 186 3 3 1 12 4 14 8 14 9 18 10 182 10 1 173 20 11 1 166 15 5 162 20 0 9 167 182 15 8 20 7 11 6 8 16 3 13 200 155 4 11 161 17 184 178 6 17 19 199 17 3 5 2 12 12 10 19 163 14 12 2 18 197 15 12 6 9 9 2 14 4 18 2 13 2 174 0 1 150 5 7 1 15 17 1 13 9 16 2 9 5 8 1 5 12 193 11 3 18 4 175 15 9 3 7 4 12 9 5 18 8 20 13 12 12 17 1 20 20 20 16 13 190 191 161 10 7 6 1 3 8 12 5 0 8 18 19 11 199 20 19 13 199 159 9 170 3 194 12 182 169 164 6 188 7 9 19 6 14 7 1 1
166
0 0 0 0 0 0 0 0 0 0 0 0 0 0 0 0 0 0 0 0 0 0 0 0 0 0 0 0 0 0 0 0 0 0 0 0 0 0 0 0 0 0 0 0 0 0 0 0 0 0 0 0 0 0 0 0 0 0 0 0 0 0 0 0 0 0 0 0 0 0 0 0 0 0 0 0 0 0 0 0 0 0 0 0 0 0 0 0 0 0 0 0 0 0 0 0 0 0 0 0 0 0 0 0 0 0 0 0 0 0 0 0 0 0 0 0 0 0 0 0 0 0 0 0 0 0 0 0 0 0 0 0 0 0 0 0 0 0 0 0 0 0 0 0 0 0 0 0 0 0 0 0 0 0 0 0 0 0 0 0 0 0 0 0 0 0
162
11 103 1 4 95 124 126 183 184 41 21 186 162 197 23 8 66 175 106 68 87 24 186 166 26 1 133 111 3 24 149 199 0 119 110 97 49 42 77 36 73 29 10 19 22 29 84 143 21 123 102 97 54 127 57 81 10 88 62 128 143 125 10 156 112 176 15 58 93 88 56 181 91 56 164 89 45 166 109 129 101 24 2 63 11 108 95 36 57 5 96 86 57 32 189 179 179 120 44 64 183 153 182 86 162 159 125 172 170 84 116 179 138 105 48 67 116 29 179 27 92 125 21 170 53 181 133 26 81 27 179 80 107 43 97 167 144 89 41 38 32 47 54 70 37 198 2 153 8 166 174 152 193 87 24 43 37 151 76 168 63 42
54
191 192 19 171 13 161 176 17 14 12 187 2 15 13 13 3 11 18 15 14 16 9 5 17 20 4 10 175 10 15 16 4 14 18 2 16 1 16 13 17 189 11 195 12 7 164 9 0 189 4 20 18 20 6
205
18 10 8 14 1 19 5 3 4 7 2 5 19 2 2 18 17 9 4 18 9 12 13 9 6 6 20 5 5 16 14 9 19 0 17 8 6 8 20 19 12 15 3 10 13 4 10 12 0 5 18 5 11 17 9 2 4 9 11 15 16 4 19 3 10 13 10 13 18 19 17 2 4 7 6 18 7 6 13 4 16 4 7 18 1 4 10 20 10 17 13 12 10 11 20 1 6 17 9 10 5 3 9 11 17 0 8 16 8 16 12 17 11 8 19 6 5 1 0 12 6 16 17 11 12 13 9 9 3 7 13 0 9 18 18 16 6 4 1 4 19 3 17 9 1 16 17 3 6 18 6 10 2 7 14 6 11 13 1 12 13 15 13 10 13 1 15 16 18 4 20 7 5 19 3 11 1 20 1 19 15 18 10 2 2 4 19 16 7 2 8 4 17 2 0 3 13 15 0 19 2 8 4 12 12
287
200 200 200 200 200 200 200 200 200 200 200 200 200 200 200 200 200 200 200 200 200 200 200 200 200 200 200 200 200 200 200 200 200 200 200 200 200 200 200 200 200 200 200 200 200 200 200 200 200 200 200 200 200 200 200 200 200 200 200 200 200 200 200 200 200 200 200 200 200 200 200 200 200 200 200 200 200 200 200 200 200 200 200 200 200 200 200 200 200 200 200 200 200 200 200 200 200 200 200 200 200 200 200 200 200 200 200 200 200 200 200 200 200 200 200 200 200 200 200 200 200 200 200 200 200 200 200 200 200 200 200 200 200 200 200 200 200 200 200 200 200 200 200 200 200 200 200 200 200 200 200 200 200 200 200 200 200 200 200 200 200 200 200 200 200 200 200 200 200 200 200 200 200 200 200 200 200 200 200 200 200 200 200 200 200 200 200 200 200 200 200 200 200 200 200 200 200 200 200 200 200 200 200 200 200 200 200 200 200 200 200 200 200 200 200 200 200 200 200 200 200 200 200 200 200 200 200 200 200 200 200 200 200 200 200 200 200 200 200 200 200 200 200 200 200 200 200 200 200 200 200 200 200 200 200 200 200 200 200 200 200 200 200 200 200 200 200 200 200 200 200 200 200 200 200 200 200 200 200 200 200 200 200 200 200 200 200
453
8 16 14 5 20 1 16 19 6 3 10 5 9 2 0 10 12 11 2 11 9 13 7 18 7 14 11 9 4 7 16 15 8 11 18 5 18 7 5 13 7 6 17 20 7 11 0 5 5 9 19 12 10 20 7 13 16 3 12 12 6 0 1 20 13 5 16 4 4 19 14 18 10 18 13 15 4 5 2 1 1 7 0 8 15 14 19 13 10 11 1 14 0 5 18 8 1 4 20 4 19 1 14 9 20 0 12 2 1 9 0 13 6 11 3 18 11 2 8 8 14 12 1 2 15 3 8 0 3 5 15 5 20 13 7 10 16 3 20 10 13 19 16 20 15 1 12 0 0 5 19 6 11 11 14 15 11 4 7 17 14 5 8 6 10 15 13 2 1 20 6 2 16 17 12 7 13 19 10 14 7 6 14 0 20 20 5 5 20 13 10 5 16 15 17 13 7 13 8 1 17 3 6 16 2 16 13 14 15 4 9 1 14 11 0 12 19 19 17 13 9 13 7 17 17 2 19 6 4 14 14 10 7 3 20 0 19 4 16 11 12 13 2 11 3 0 20 17 19 18 14 10 9 11 1 1 14 8 20 4 5 16 11 5 6 0 13 9 6 11 10 10 2 16 20 6 12 18 15 9 9 18 14 9 17 7 16 20 9 13 9 2 7 15 20 3 13 14 17 8 4 16 10 13 20 13 7 10 20 14 4 19 10 18 9 12 4 3 0 15 1 5 2 11 13 20 3 11 19 13 16 14 16 15 19 7 4 0 20 18 0 20 17 3 1 9 15 11 13 14 18 12 8 1 10 5 11 14 20 6 13 18 6 17 6 3 6 0 12 13 20 15 7 1 1 4 2 13 20 1 20 19 0 3 8 10 14 9 11 1 14 2 8 5 3 8 14 7 9 15 19 3 2 18 7 20 15 9 6 19 10 7 20 8 17 10 19 20 18 17 4 7 13 3 14 6 10 20 8 16 5 8 4 16 9 4 5 2 15 11 17 0 9 8 18 6 0 17 9 20 5 13 15
835
5 8 20 14 10 11 18 17 3 16 14 0 18 11 15 0 20 20 11 7 8 10 17 0 6 20 8 5 0 8 0 8 18 8 6 17 15 2 2 1 4 7 16 20 10 13 15 3 14 12 16 2 6 18 18 8 10 2 14 0 7 13 15 18 1 8 13 17 12 12 5 15 3 14 16 7 9 17 16 18 5 0 14 8 10 16 18 20 20 2 3 16 2 20 7 6 3 12 8 4 20 7 17 12 17 6 9 11 0 20 15 8 11 8 10 18 5 9 20 3 12 10 4 6 20 0 1 4 0 19 12 0 19 12 0 10 12 14 8 0 16 18 18 9 10 9 0 13 19 0 9 11 13 16 14 0 20 9 2 9 4 12 1 12 20 11 13 2 18 17 5 17 10 18 1 5 8 2 12 7 20 14 11 5 5 7 19 16 1 4 9 2 0 4 13 18 18 16 14 6 4 5 14 10 1 11 17 2 12 17 13 12 15 6 10 17 1 10 14 5 20 6 10 9 7 2 12 3 5 19 16 10 20 6 1 1 15 10 16 11 2 0 11 16 18 1 15 14 6 17 10 16 12 3 6 1 7 6 7 0 1 8 14 0 0 4 15 20 11 9 1 16 13 18 4 17 8 6 6 17 12 19 15 0 11 8 0 2 9 2 9 1 10 13 10 0 6 7 11 15 19 4 8 6 18 12 4 13 15 15 6 9 4 6 0 8 18 6 9 6 19 5 12 16 8 7 2 2 14 15 17 19 7 15 20 11 9 0 19 11 5 11 6 2 5 12 12 17 15 17 19 16 18 8 16 9 8 16 19 3 4 11 13 15 13 19 14 14 18 6 18 0 6 6 16 1 1 6 8 15 3 16 12 8 4 2 15 18 6 6 1 13 16 3 15 11 6 14 1 10 20 1 11 0 11 17 6 1 12 20 11 19 19 15 4 7 15 15 4 16 18 7 15 19 12 8 2 4 4 20 1 0 6 18 18 3 16 19 13 17 17 6 6 7 19 0 12 6 3 8 15 10 7 6 8 7 14 6 2 2 5 15 13 9 20 19 9 8 13 13 8 12 19 19 7 8 5 6 19 18 16 1 20 6 7 16 19 11 5 4 1 5 9 4 10 11 19 4 20 14 0 1 7 11 12 16 1 10 14 15 0 5 5 10 12 5 4 11 3 10 14 18 9 10 20 20 18 16 13 0 12 9 18 18 0 6 15 7 9 2 12 6 5 13 14 3 2 0 13 18 4 14 12 13 4 1 14 13 7 11 8 3 1 19 19 15 14 11 4 11 17 18 18 13 15 11 0 11 0 19 12 15 20 13 10 7 18 17 15 2 15 16 18 10 4 1 2 7 17 13 4 3 14 11 5 8 11 7 15 12 13 4 15 8 14 1 11 6 12 2 1 17 17 0 12 12 2 12 9 9 9 2 12 4 6 7 9 16 8 13 2 3 20 13 19 19 14 13 13 13 3 14 2 11 0 4 14 17 7 11 20 16 10 4 14 11 11 5 12 15 9 14 11 4 17 16 20 12 2 9 10 19 12 9 19 19 8 14 9 6 2 17 8 2 4 7 17 10 14 10 2 9 4 9 13 13 17 4 7 7 19 0 13 1 13 13 14 6 16 4 18 15 5 2 11 3 8 2 20 19 3 9 6 17 11 10 1 17 0 17 1 8 15 15 15 18 14 0 0 15 4 4 14 4 7 4 18 0 5 10 2 9 4 13 14 10 20 19 2 12 20 15 9 10 9 13 17 2 16 2 17 19 16 10 11 8 9 2 3 18 16 19 16 10 0 4 6 3 20 6 9 18 5 5 11 3 11 19 11 7 5 15 7 2 9 13 7 6 3 14 8 12 11 6 13 2 17 8 2 15 11 0 8 12 10
190
3 10 7 13 12 19 6 11 6 1 4 0 2 11 7 4 8 20 17 4 11 2 0 6 10 12 2 4 4 2 17 10 8 3 0 8 18 14 4 10 4 11 19 3 17 9 15 17 14 0 8 5 15 11 2 9 19 9 2 4 3 14 9 5 11 17 6 18 3 4 2 9 7 7 9 4 8 7 16 16 0 11 19 19 20 5 4 14 13 5 15 10 3 14 7 12 18 11 4 13 9 5 11 15 0 9 13 14 17 15 8 10 2 12 17 4 12 12 0 5 14 2 14 2 17 17 7 2 2 11 15 14 18 12 2 3 0 17 6 9 1 20 0 16 1 19 13 20 8 8 4 4 8 20 19 19 4 17 12 19 14 3 1 17 4 7 13 13 12 6 12 18 12 8 17 8 10 10 2 19 3 2 13 8 7 4 1 18 1 9
638
200 200 200 200 200 200 200 200 200 200 200 200 200 200 200 200 200 200 200 200 200 200 200 200 200 200 200 200 200 200 200 200 200 200 200 200 200 200 200 200 200 200 200 200 200 200 200 200 200 200 200 200 200 200 200 200 200 200 200 200 200 200 200 200 200 200 200 200 200 200 200 200 200 200 200 200 200 200 200 200 200 200 200 200 200 200 200 200 200 200 200 200 200 200 200 200 200 200 200 200 200 200 200 200 200 200 200 200 200 200 200 200 200 200 200 200 200 200 200 200 200 200 200 200 200 200 200 200 200 200 200 200 200 200 200 200 200 200 200 200 200 200 200 200 200 200 200 200 200 200 200 200 200 200 200 200 200 200 200 200 200 200 200 200 200 200 200 200 200 200 200 200 200 200 200 200 200 200 200 200 200 200 200 200 200 200 200 200 200 200 200 200 200 200 200 200 200 200 200 200 200 200 200 200 200 200 200 200 200 200 200 200 200 200 200 200 200 200 200 200 200 200 200 200 200 200 200 200 200 200 200 200 200 200 200 200 200 200 200 200 200 200 200 200 200 200 200 200 200 200 200 200 200 200 200 200 200 200 200 200 200 200 200 200 200 200 200 200 200 200 200 200 200 200 200 200 200 200 200 200 200 200 200 200 200 200 200 200 200 200 200 200 200 200 200 200 200 200 200 200 200 200 200 200 200 200 200 200 200 200 200 200 200 200 200 200 200 200 200 200 200 200 200 200 200 200 200 200 200 200 200 200 200 200 200 200 200 200 200 200 200 200 200 200 200 200 200 200 200 200 200 200 200 200 200 200 200 200 200 200 200 200 200 200 200 200 200 200 200 200 200 200 200 200 200 200 200 200 200 200 200 200 200 200 200 200 200 200 200 200 200 200 200 200 200 200 200 200 200 200 200 200 200 200 200 200 200 200 200 200 200 200 200 200 200 200 200 200 200 200 200 200 200 200 200 200 200 200 200 200 200 200 200 200 200 200 200 200 200 200 200 200 200 200 200 200 200 200 200 200 200 200 200 200 200 200 200 200 200 200 200 200 200 200 200 200 200 200 200 200 200 200 200 200 200 200 200 200 200 200 200 200 200 200 200 200 200 200 200 200 200 200 200 200 200 200 200 200 200 200 200 200 200 200 200 200 200 200 200 200 200 200 200 200 200 200 200 200 200 200 200 200 200 200 200 200 200 200 200 200 200 200 200 200 200 200 200 200 200 200 200 200 200 200 200 200 200 200 200 200 200 200 200 200 200 200 200 200 200 200 200 200 200 200 200 200 200 200 200 200 200 200 200 200 200 200 200 200 200 200 200 200 200 200 200 200 200 200 200 200 200 200 200 200 200 200 200 200 200 200 200 200 200 200 200 200 200 200 200 200 200 200 200 200 200 200 200 200 200 200 200 200 200 200 200 200 200 200 200 200 200 200 200 200 200 200 200 200
165
200 200 200 200 200 200 200 200 200 200 200 200 200 200 200 200 200 200 200 200 200 200 200 200 200 200 200 200 200 200 200 200 200 200 200 200 200 200 200 200 200 200 200 200 200 200 200 200 200 200 200 200 200 200 200 200 200 200 200 200 200 200 200 200 200 200 200 200 200 200 200 200 200 200 200 200 200 200 200 200 200 200 200 200 200 200 200 200 200 200 200 200 200 200 200 200 200 200 200 200 200 200 200 200 200 200 200 200 200 200 200 200 200 200 200 200 200 200 200 200 200 200 200 200 200 200 200 200 200 200 200 200 200 200 200 200 200 200 200 200 200 200 200 200 200 200 200 200 200 200 200 200 200 200 200 200 200 200 200 200 200 200 200 200 200
73
0 0 0 0 0 0 0 0 0 0 0 0 0 0 0 0 0 0 0 0 0 0 0 0 0 0 0 0 0 0 0 0 0 0 0 0 0 0 0 0 0 0 0 0 0 0 0 0 0 0 0 0 0 0 0 0 0 0 0 0 0 0 0 0 0 0 0 0 0 0 0 0 0
188
200 200 200 200 200 200 200 200 200 200 200 200 200 200 200 200 200 200 200 200 200 200 200 200 200 200 200 200 200 200 200 200 200 200 200 200 200 200 200 200 200 200 200 200 200 200 200 200 200 200 200 200 200 200 200 200 200 200 200 200 200 200 200 200 200 200 200 200 200 200 200 200 200 200 200 200 200 200 200 200 200 200 200 200 200 200 200 200 200 200 200 200 200 200 200 200 200 200 200 200 200 200 200 200 200 200 200 200 200 200 200 200 200 200 200 200 200 200 200 200 200 200 200 200 200 200 200 200 200 200 200 200 200 200 200 200 200 200 200 200 200 200 200 200 200 200 200 200 200 200 200 200 200 200 200 200 200 200 200 200 200 200 200 200 200 200 200 200 200 200 200 200 200 200 200 200 200 200 200 200 200 200 200 200 200 200 200 200
716
0 0 0 0 0 0 0 0 0 0 0 0 0 0 0 0 0 0 0 0 0 0 0 0 0 0 0 0 0 0 0 0 0 0 0 0 0 0 0 0 0 0 0 0 0 0 0 0 0 0 0 0 0 0 0 0 0 0 0 0 0 0 0 0 0 0 0 0 0 0 0 0 0 0 0 0 0 0 0 0 0 0 0 0 0 0 0 0 0 0 0 0 0 0 0 0 0 0 0 0 0 0 0 0 0 0 0 0 0 0 0 0 0 0 0 0 0 0 0 0 0 0 0 0 0 0 0 0 0 0 0 0 0 0 0 0 0 0 0 0 0 0 0 0 0 0 0 0 0 0 0 0 0 0 0 0 0 0 0 0 0 0 0 0 0 0 0 0 0 0 0 0 0 0 0 0 0 0 0 0 0 0 0 0 0 0 0 0 0 0 0 0 0 0 0 0 0 0 0 0 0 0 0 0 0 0 0 0 0 0 0 0 0 0 0 0 0 0 0 0 0 0 0 0 0 0 0 0 0 0 0 0 0 0 0 0 0 0 0 0 0 0 0 0 0 0 0 0 0 0 0 0 0 0 0 0 0 0 0 0 0 0 0 0 0 0 0 0 0 0 0 0 0 0 0 0 0 0 0 0 0 0 0 0 0 0 0 0 0 0 0 0 0 0 0 0 0 0 0 0 0 0 0 0 0 0 0 0 0 0 0 0 0 0 0 0 0 0 0 0 0 0 0 0 0 0 0 0 0 0 0 0 0 0 0 0 0 0 0 0 0 0 0 0 0 0 0 0 0 0 0 0 0 0 0 0 0 0 0 0 0 0 0 0 0 0 0 0 0 0 0 0 0 0 0 0 0 0 0 0 0 0 0 0 0 0 0 0 0 0 0 0 0 0 0 0 0 0 0 0 0 0 0 0 0 0 0 0 0 0 0 0 0 0 0 0 0 0 0 0 0 0 0 0 0 0 0 0 0 0 0 0 0 0 0 0 0 0 0 0 0 0 0 0 0 0 0 0 0 0 0 0 0 0 0 0 0 0 0 0 0 0 0 0 0 0 0 0 0 0 0 0 0 0 0 0 0 0 0 0 0 0 0 0 0 0 0 0 0 0 0 0 0 0 0 0 0 0 0 0 0 0 0 0 0 0 0 0 0 0 0 0 0 0 0 0 0 0 0 0 0 0 0 0 0 0 0 0 0 0 0 0 0 0 0 0 0 0 0 0 0 0 0 0 0 0 0 0 0 0 0 0 0 0 0 0 0 0 0 0 0 0 0 0 0 0 0 0 0 0 0 0 0 0 0 0 0 0 0 0 0 0 0 0 0 0 0 0 0 0 0 0 0 0 0 0 0 0 0 0 0 0 0 0 0 0 0 0 0 0 0 0 0 0 0 0 0 0 0 0 0 0 0 0 0 0 0 0 0 0 0 0 0 0 0 0 0 0 0 0 0 0 0 0 0 0 0 0 0 0 0 0 0 0 0 0 0 0 0 0 0 0 0 0 0 0 0 0 0 0 0 0 0 0 0 0 0 0 0 0 0 0 0 0 0 0 0 0 0 0 0 0 0 0 0 0 0 0 0 0 0 0 0 0 0 0 0 0 0 0 0 0 0 0 0 0
484
153 4 46 122 179 80 144 26 122 1 74 189 107 41 119 147 90 26 185 130 3 119 138 112 181 55 101 186 4 44 6 198 63 121 83 38 36 146 43 80 124 97 43 64 131 82 180 1 34 120 177 110 40 162 163 163 17 103 90 42 38 100 74 109 189 44 3 87 75 17 52 0 152 176 181 123 158 96 183 163 19 74 24 136 29 197 136 35 10 129 127 128 169 69 12 163 59 72 144 194 52 51 140 171 117 151 156 89 25 104 152 14 91 28 137 105 153 164 171 128 71 38 94 13 99 107 75 9 9 131 28 63 94 55 70 25 167 55 54 65 193 109 59 31 104 23 174 13 57 101 198 23 148 59 98 56 126 15 19 97 66 93 54 117 52 84 51 52 87 101 130 181 83 5 42 7 107 155 87 152 152 192 119 56 169 8 115 109 177 19 155 84 194 2 7 8 193 100 101 114 43 108 131 66 26 66 77 14 23 160 76 167 87 40 2 159 109 0 162 36 179 82 61 56 173 54 98 166 84 70 96 96 17 152 60 84 169 49 70 6 91 135 189 145 20 42 92 179 1 106 51 179 21 141 83 63 182 10 71 98 90 188 170 59 170 19 191 28 168 27 106 118 55 62 108 18 79 129 104 121 190 193 194 143 73 83 94 93 24 43 56 199 21 60 15 140 132 113 194 38 77 10 144 191 106 190 172 59 190 163 129 14 110 179 61 17 98 57 22 1 158 188 7 112 63 89 40 196 62 163 37 182 48 143 103 82 75 39 6 11 45 189 79 99 111 90 47 5 130 72 126 70 114 77 180 171 169 92 101 63 10 131 128 117 95 165 162 97 80 7 151 120 134 9 121 12 113 88 115 58 89 94 154 178 9 177 71 144 154 1 96 108 65 43 90 194 41 73 41 88 16 36 193 43 128 193 16 141 61 136 188 112 133 172 34 180 91 138 112 134 117 80 191 11 156 63 81 17 85 2 167 107 77 49 53 39 169 140 61 176 133 113 41 7 199 74 195 143 22 148 134 26 111 83 66 2 31 110 39 26 154 37 199 116 60 98 68 135 112 125 131 0 192 54 180 150 47 197 177 179 178 141 26 37
431
0 0 0 0 0 0 0 0 0 0 0 0 0 0 0 0 0 0 0 0 0 0 0 0 0 0 0 0 0 0 0 0 0 0 0 0 0 0 0 0 0 0 0 0 0 0 0 0 0 0 0 0 0 0 0 0 0 0 0 0 0 0 0 0 0 0 0 0 0 0 0 0 0 0 0 0 0 0 0 0 0 0 0 0 0 0 0 0 0 0 0 0 0 0 0 0 0 0 0 0 0 0 0 0 0 0 0 0 0 0 0 0 0 0 0 0 0 0 0 0 0 0 0 0 0 0 0 0 0 0 0 0 0 0 0 0 0 0 0 0 0 0 0 0 0 0 0 0 0 0 0 0 0 0 0 0 0 0 0 0 0 0 0 0 0 0 0 0 0 0 0 0 0 0 0 0 0 0 0 0 0 0 0 0 0 0 0 0 0 0 0 0 0 0 0 0 0 0 0 0 0 0 0 0 0 0 0 0 0 0 0 0 0 0 0 0 0 0 0 0 0 0 0 0 0 0 0 0 0 0 0 0 0 0 0 0 0 0 0 0 0 0 0 0 0 0 0 0 0 0 0 0 0 0 0 0 0 0 0 0 0 0 0 0 0 0 0 0 0 0 0 0 0 0 0 0 0 0 0 0 0 0 0 0 0 0 0 0 0 0 0 0 0 0 0 0 0 0 0 0 0 0 0 0 0 0 0 0 0 0 0 0 0 0 0 0 0 0 0 0 0 0 0 0 0 0 0 0 0 0 0 0 0 0 0 0 0 0 0 0 0 0 0 0 0 0 0 0 0 0 0 0 0 0 0 0 0 0 0 0 0 0 0 0 0 0 0 0 0 0 0 0 0 0 0 0 0 0 0 0 0 0 0 0 0 0 0 0 0 0 0 0 0 0 0 0 0 0 0 0 0 0 0 0 0 0 0 0 0 0 0 0 0 0 0 0 0 0 0 0 0 0 0 0 0 0 0 0 0 0 0
130
0 200 106 99 117 88 108 118 113 56 67 103 100 93 69 58 80 77 105 81 116 93 59 81 113 79 60 110 113 102 90 107 66 93 51 50 111 80 89 89 111 94 80 88 50 81 60 67 54 64 119 62 72 73 53 64 70 116 53 63 113 82 85 107 67 67 51 110 57 117 73 59 76 61 108 110 87 96 58 89 78 52 88 69 54 112 114 75 72 107 109 108 89 93 65 100 57 101 116 70 88 51 76 58 60 57 91 55 108 120 59 96 117 87 81 95 68 115 71 85 118 79 97 109 99 82 87 55 118 200
822
0 200 74 106 116 102 118 52 65 108 68 61 62 109 56 111 106 52 99 88 99 108 111 115 64 59 94 98 87 75 120 83 82 108 100 88 119 105 116 113 53 72 102 109 84 93 102 54 108 97 95 81 93 56 85 98 110 68 110 114 103 60 53 117 112 68 88 88 94 119 111 65 96 103 120 60 107 112 86 104 118 107 55 120 110 89 87 100 90 94 79 111 88 120 113 52 88 100 55 71 53 66 83 92 62 102 74 71 111 77 50 58 55 92 91 58 53 100 71 57 61 93 85 108 71 62 67 56 64 63 105 92 91 86 59 113 82 106 115 118 64 114 79 96 65 113 101 70 86 58 94 106 55 67 86 85 63 90 116 52 62 79 73 97 56 101 52 107 52 84 95 85 72 52 103 77 107 62 81 100 82 62 100 105 117 97 113 72 74 83 111 53 56 69 80 84 69 68 61 87 80 85 57 97 72 87 71 110 77 81 75 101 110 91 80 85 75 51 75 88 82 94 66 64 109 71 57 97 54 86 79 78 88 66 54 77 74 106 98 97 103 50 78 105 86 99 102 101 105 118 108 115 118 92 117 74 113 102 94 83 55 50 85 74 104 98 100 116 105 99 77 73 98 51 112 103 65 82 92 98 103 95 64 76 79 111 113 68 66 112 63 73 54 88 58 69 64 79 75 100 115 52 57 98 89 66 102 90 53 74 57 79 99 93 101 71 115 68 104 68 70 99 75 52 94 110 60 113 57 89 54 115 117 61 55 105 113 81 64 101 62 119 105 112 116 88 65 69 70 62 57 75 68 106 112 81 83 108 120 85 74 117 114 110 61 98 93 50 93 94 116 113 111 81 120 110 89 60 79 70 91 108 112 71 72 95 115 92 113 96 71 92 91 110 60 120 92 91 61 110 82 52 83 57 75 104 95 88 75 66 109 89 119 96 103 69 64 105 91 83 74 63 90 58 50 74 108 110 60 70 55 50 109 64 119 57 84 74 87 95 56 71 108 62 60 59 111 120 94 77 89 98 90 51 57 115 106 72 51 64 57 104 62 72 103 65 70 120 106 56 97 120 101 91 117 63 119 99 93 101 81 56 90 111 76 99 52 94 59 105 68 119 59 54 109 87 113 86 110 70 94 93 105 80 117 100 73 97 113 109 97 108 87 93 80 116 61 111 81 57 65 72 67 65 115 73 89 57 67 68 74 90 92 75 84 95 116 117 115 93 109 115 107 50 94 62 68 117 59 61 53 81 78 63 80 80 100 101 63 109 94 100 96 108 97 50 71 84 88 58 62 110 78 117 106 50 99 56 109 99 115 78 119 90 63 93 109 109 106 109 112 90 77 92 69 95 87 69 93 82 112 103 98 92 53 62 101 57 73 115 113 70 103 74 115 94 116 81 50 107 51 103 56 104 103 109 112 90 87 82 78 118 71 109 112 108 50 96 90 81 91 114 54 53 83 101 80 110 79 102 104 114 85 92 120 107 97 57 70 76 65 69 79 116 119 50 115 70 76 76 107 57 73 101 54 64 50 103 99 73 113 58 92 79 101 74 91 56 50 94 53 69 114 97 111 66 72 77 111 100 102 107 62 61 95 117 87 60 105 112 119 72 56 54 89 87 62 102 84 54 82 100 109 89 117 108 60 100 66 58 90 81 95 91 97 51 103 81 51 107 107 107 66 120 61 55 99 101 92 118 102 62 105 59 84 75 104 93 83 119 64 95 81 77 94 116 65 86 86 104 61 62 69 76 89 102 79 106 67 110 98 119 53 53 115 62 114 119 101 85 80 99 61 86 109 119 62 95 83 81 106 111 117 90 89 104 103 79 56 116 85 112 82 102 68 106 55 112 53 110 70 200
763
0 0 0 0 0 0 0 0 0 0 0 0 0 0 0 0 0 0 0 0 0 0 0 0 0 0 0 0 0 0 0 0 0 0 0 0 0 0 0 0 0 0 0 0 0 0 0 0 0 0 0 0 0 0 0 0 0 0 0 0 0 0 0 0 0 0 0 0 0 0 0 0 0 0 0 0 0 0 0 0 0 0 0 0 0 0 0 0 0 0 0 0 0 0 0 0 0 0 0 0 0 0 0 0 0 0 0 0 0 0 0 0 0 0 0 0 0 0 0 0 0 0 0 0 0 0 0 0 0 0 0 0 0 0 0 0 0 0 0 0 0 0 0 0 0 0 0 0 0 0 0 0 0 0 0 0 0 0 0 0 0 0 0 0 0 0 0 0 0 0 0 0 0 0 0 0 0 0 0 0 0 0 0 0 0 0 0 0 0 0 0 0 0 0 0 0 0 0 0 0 0 0 0 0 0 0 0 0 0 0 0 0 0 0 0 0 0 0 0 0 0 0 0 0 0 0 0 0 0 0 0 0 0 0 0 0 0 0 0 0 0 0 0 0 0 0 0 0 0 0 0 0 0 0 0 0 0 0 0 0 0 0 0 0 0 0 0 0 0 0 0 0 0 0 0 0 0 0 0 0 0 0 0 0 0 0 0 0 0 0 0 0 0 0 0 0 0 0 0 0 0 0 0 0 0 0 0 0 0 0 0 0 0 0 0 0 0 0 0 0 0 0 0 0 0 0 0 0 0 0 0 0 0 0 0 0 0 0 0 0 0 0 0 0 0 0 0 0 0 0 0 0 0 0 0 0 0 0 0 0 0 0 0 0 0 0 0 0 0 0 0 0 0 0 0 0 0 0 0 0 0 0 0 0 0 0 0 0 0 0 0 0 0 0 0 0 0 0 0 0 0 0 0 0 0 0 0 0 0 0 0 0 0 0 0 0 0 0 0 0 0 0 0 0 0 0 0 0 0 0 0 0 0 0 0 0 0 0 0 0 0 0 0 0 0 0 0 0 0 0 0 0 0 0 0 0 0 0 0 0 0 0 0 0 0 0 0 0 0 0 0 0 0 0 0 0 0 0 0 0 0 0 0 0 0 0 0 0 0 0 0 0 0 0 0 0 0 0 0 0 0 0 0 0 0 0 0 0 0 0 0 0 0 0 0 0 0 0 0 0 0 0 0 0 0 0 0 0 0 0 0 0 0 0 0 0 0 0 0 0 0 0 0 0 0 0 0 0 0 0 0 0 0 0 0 0 0 0 0 0 0 0 0 0 0 0 0 0 0 0 0 0 0 0 0 0 0 0 0 0 0 0 0 0 0 0 0 0 0 0 0 0 0 0 0 0 0 0 0 0 0 0 0 0 0 0 0 0 0 0 0 0 0 0 0 0 0 0 0 0 0 0 0 0 0 0 0 0 0 0 0 0 0 0 0 0 0 0 0 0 0 0 0 0 0 0 0 0 0 0 0 0 0 0 0 0 0 0 0 0 0 0 0 0 0 0 0 0 0 0 0 0 0 0 0 0 0 0 0 0 0 0 0 0 0 0 0 0 0 0 0 0 0 0 0 0 0 0 0 0 0 0 0 0 0 0 0 0 0 0 0 0 0 0 0 0 0 0 0 0 0 0 0 0 0 0 0 0 0 0 0 0 0 0 0 0 0 0 0 0 0 0 0 0 0 0 0 0 0 0 0 0 0 0 0 0 0 0 0 0 0 0 0
939
25 66 44 162 67 124 28 11 15 109 194 166 99 71 85 30 168 72 102 21 74 74 114 137 185 31 194 64 66 85 12 48 10 108 169 51 70 155 91 113 182 92 181 88 102 18 67 181 127 116 165 52 65 73 0 171 134 134 195 141 29 184 188 98 44 191 11 125 49 47 55 140 12 104 185 118 25 3 102 59 82 172 157 179 155 197 1 62 104 58 156 43 88 196 177 27 108 104 50 160 23 115 186 79 102 171 69 147 32 104 67 97 101 18 44 0 180 51 104 115 16 134 31 17 22 117 53 105 95 22 55 133 61 153 97 37 76 141 187 27 31 168 176 32 47 183 57 178 134 177 138 29 4 184 67 165 50 193 165 138 194 102 61 159 11 144 86 102 178 130 76 95 85 48 11 12 121 176 180 65 165 110 105 165 114 141 44 51 32 136 145 26 120 175 51 197 102 37 160 127 40 196 135 184 98 179 171 43 110 59 185 5 72 122 88 58 101 177 148 47 91 143 59 95 194 93 43 110 35 35 110 88 96 160 115 103 92 174 61 71 75 130 200 169 22 81 33 22 103 6 66 3 129 159 102 113 43 199 124 159 154 33 191 150 115 80 185 49 149 16 84 21 7 3 103 158 188 0 7 99 4 76 157 116 102 126 89 27 37 30 20 124 81 25 72 108 53 197 126 54 41 15 157 64 154 199 59 44 19 87 130 199 170 109 127 156 96 167 36 29 45 35 121 170 49 126 116 124 154 62 102 143 11 145 50 15 95 124 104 197 163 71 5 56 42 110 163 62 18 141 7 191 37 61 0 114 52 161 10 31 160 93 55 72 24 86 12 153 125 18 118 6 196 89 170 51 28 45 16 89 198 198 185 122 166 95 28 108 127 174 100 30 87 32 68 52 76 154 120 54 39 87 176 149 128 198 60 154 127 133 12 164 172 1 34 183 26 123 28 41 100 148 105 62 10 63 142 130 15 149 146 5 102 110 177 148 81 38 183 124 154 177 47 17 131 145 152 84 159 187 112 158 174 103 177 108 24 37 60 6 19 138 61 111 172 133 14 149 30 186 64 174 52 107 33 136 91 28 89 131 122 84 169 149 20 2 32 48 157 150 69 128 194 178 122 110 171 127 131 115 94 59 189 74 177 21 1 116 59 195 124 145 69 52 45 0 8 10 132 20 140 144 139 114 151 169 130 197 25 66 180 123 199 90 135 51 180 61 37 167 13 59 113 54 179 79 108 137 93 49 200 108 68 13 134 24 37 147 118 31 167 124 69 82 1 51 170 199 171 150 158 129 111 186 154 14 137 155 145 182 156 101 73 77 67 135 119 182 184 186 9 55 29 165 91 194 24 69 161 34 195 112 49 31 9 181 74 162 112 160 96 119 180 5 168 15 115 44 28 77 130 38 115 104 20 60 101 104 57 18 126 33 44 113 71 17 37 27 118 34 83 68 28 12 169 39 70 75 97 87 11 142 74 152 82 144 173 65 117 46 156 88 130 31 178 2 176 63 192 24 76 81 85 29 76 2 88 77 110 136 39 6 132 88 139 41 42 55 121 182 38 166 74 75 194 150 47 1 82 70 160 26 44 35 38 63 126 73 0 57 85 186 4 10 193 188 78 162 124 183 155 29 197 12 37 94 51 86 173 52 5 89 33 106 34 141 5 156 166 95 143 115 19 98 129 86 36 192 167 55 128 196 175 120 12 51 113 137 104 16 193 50 71 186 169 6 143 160 71 34 82 34 163 115 180 99 13 140 78 137 152 150 31 149 120 89 47 74 54 172 98 192 196 178 51 196 90 137 88 63 186 154 78 20 80 173 127 117 194 147 5 123 114 49 104 98 69 9 148 150 155 146 169 178 121 43 48 88 127 191 185 66 156 69 41 31 43 56 108 37 26 44 170 49 171 148 138 63 45 138 84 14 23 154 94 127 46 122 102 113 75 38 151 113 131 196 18 27 139 187 168 198 20 141 139 151 94 63 27 11 116 176 82 51 108 17 24 12 94 19 143 148 112 40 16 36 27 98 198 112 97 165 135 61 183 64 18 59 195 18 81 128 31 196 105 84 117 68 174 97 87 42 63 36 99 163 47 122 156 7 68 17 5 57 82 127 182 22 32
1
0
218
0 200 86 79 106 54 70 100 54 63 54 101 68 97 65 81 99 62 109 56 73 113 105 72 57 117 109 107 76 118 94 92 56 90 88 113 109 109 53 53 79 73 97 79 88 119 119 57 114 103 52 65 99 54 112 52 87 115 117 73 100 93 95 84 61 118 77 119 103 117 92 66 95 65 54 80 97 117 91 86 119 51 78 112 79 93 50 95 119 82 120 90 100 77 66 75 61 120 88 105 114 114 50 78 71 114 115 110 59 61 97 85 100 82 98 75 97 110 58 77 105 110 56 65 94 82 110 82 54 68 79 59 109 57 81 54 120 117 55 77 98 79 83 87 118 83 110 102 119 118 98 118 106 77 96 61 89 115 97 61 67 109 88 99 80 86 111 71 51 101 100 95 69 74 97 108 118 73 63 65 51 85 92 103 108 110 94 80 67 56 109 75 83 120 70 93 98 56 52 118 84 90 50 110 119 102 119 73 114 101 58 110 66 78 84 120 54 200
878
163 1 10 19 4 197 7 20 11 10 163 154 6 2 181 1 20 3 8 0 7 170 164 11 180 15 1 151 14 5 20 1 5 14 12 3 4 18 161 7 1 4 0 19 6 195 7 196 189 13 2 18 196 5 161 14 3 15 13 11 4 4 1 14 0 20 9 18 7 193 9 9 192 18 8 17 19 14 3 16 19 9 13 19 7 18 10 11 191 17 170 16 17 175 5 4 5 13 10 4 10 10 16 192 9 18 186 2 12 15 168 165 4 6 184 158 17 4 150 9 15 10 8 173 4 198 169 5 20 3 16 6 12 14 16 184 6 9 13 5 5 3 11 3 8 7 192 3 16 16 4 9 20 2 5 13 4 7 2 13 150 11 10 13 164 9 166 167 12 14 3 17 19 20 15 18 4 6 0 17 19 15 14 4 11 18 20 199 3 4 2 6 13 12 18 15 13 6 1 9 178 16 19 162 14 18 17 14 20 11 11 19 11 0 0 186 185 10 13 200 17 162 20 5 7 20 0 14 0 5 4 17 6 5 2 3 14 11 15 10 17 164 178 8 14 0 9 187 9 167 6 190 4 185 11 13 5 7 3 3 18 14 1 0 7 7 198 2 10 17 7 160 151 12 153 20 19 6 179 168 17 185 4 11 18 16 151 7 13 1 8 10 185 19 6 1 159 10 14 8 14 1 5 15 194 17 4 20 6 166 1 3 9 4 8 15 19 17 12 3 19 20 18 18 200 19 14 17 5 19 4 2 5 18 179 13 14 150 7 14 7 12 1 19 2 8 1 12 151 174 12 164 169 14 11 20 12 1 196 5 17 6 2 4 9 18 13 9 3 6 12 17 7 11 14 9 19 10 12 11 14 17 0 20 152 11 186 7 163 2 13 5 173 11 16 3 10 1 17 7 152 10 12 0 1 175 175 12 192 3 177 8 178 0 191 0 5 0 182 1 8 11 10 198 3 2 12 18 5 168 165 6 8 159 15 9 164 17 12 17 160 8 19 9 20 20 20 13 16 19 11 1 10 10 6 9 20 7 4 18 11 186 6 14 13 6 3 5 16 196 19 4 8 7 16 175 15 18 2 178 8 0 4 14 15 19 3 11 15 8 13 173 17 8 13 7 5 15 13 15 8 1 19 195 198 19 4 19 181 194 12 155 6 4 14 20 4 4 187 19 19 8 156 12 18 187 181 16 5 11 8 9 1 19 0 15 5 10 18 7 152 189 194 179 7 14 16 20 172 4 9 166 20 194 2 18 16 17 7 15 0 11 19 7 11 162 10 18 13 165 11 7 197 192 16 11 1 18 199 19 20 6 5 20 193 9 13 2 185 182 11 169 14 12 2 153 163 16 14 16 15 173 165 20 180 176 189 4 193 5 11 16 2 189 12 13 1 3 186 184 186 20 16 19 10 5 4 5 4 6 19 165 18 20 8 13 20 7 1 6 18 16 10 16 15 16 10 17 190 11 12 18 159 4 20 191 9 163 20 13 159 10 165 17 19 182 10 19 12 16 14 174 16 1 150 19 14 3 188 1 12 196 15 5 10 6 7 0 10 5 8 190 4 10 11 184 182 180 9 11 9 2 157 8 159 174 0 161 4 1 179 3 18 5 15 17 2 6 11 5 0 10 164 1 20 179 153 14 199 162 158 2 17 1 19 8 9 10 13 3 183 7 14 1 17 19 15 184 166 0 18 4 6 13 16 187 18 5 11 11 17 3 20 9 6 0 8 15 152 16 10 4 14 18 1 8 11 19 3 156 15 4 11 168 191 11 2 20 194 1 180 6 172 5 13 19 6 14 16 2 18 3 9 13 12 1 185 19 10 3 7 6 18 10 15 15 11 3 15 3 17 9 11 194 15 154 190 8 16 9 1 175 10 3 9 179 19 15 3 9 10 167 0 155 185 6 11 190 11 11 20 8 3 16 157 3 19 15 13 172 178 17 7 184 17 0 186 188 2 170 19 10 12 3 196 11 5 0
894
92 71 96 84 134 112 14 190 2 78 193 45 76 102 149 75 8 89 186 34 87 4 21 180 134 43 70 82 0 160 141 93 119 48 137 11 130 32 20 111 120 91 181 186 83 134 197 64 102 75 42 69 149 143 198 39 68 194 190 92 166 60 123 37 66 178 96 154 13 185 131 134 21 121 87 187 91 116 122 183 16 179 55 112 178 83 141 187 37 36 72 19 106 40 197 77 137 29 79 26 102 53 111 87 105 199 35 15 42 88 3 126 114 196 125 160 15 55 60 61 50 159 195 126 86 16 23 71 29 38 27 58 17 96 143 77 60 169 7 130 156 4 110 109 12 160 150 67 44 144 154 31 110 141 99 67 66 12 28 23 157 53 80 27 38 15 50 48 58 157 177 157 110 71 16 192 94 57 132 39 52 173 180 11 3 106 59 128 26 189 38 98 55 87 79 135 42 29 84 8 142 102 137 196 37 19 155 157 185 71 99 88 158 110 197 154 75 133 86 6 8 115 39 33 54 9 59 21 18 178 164 151 100 66 171 62 51 175 112 8 67 1 52 53 181 119 27 119 165 55 43 146 62 12 164 63 152 189 69 138 82 57 62 193 46 62 71 166 104 68 113 51 14 149 139 197 47 105 55 46 140 188 186 52 25 124 34 27 129 139 198 80 168 100 125 58 163 2 142 168 186 70 17 54 32 123 85 89 126 181 148 52 66 189 187 21 101 8 37 110 20 15 67 74 181 155 147 102 60 101 135 87 183 7 128 19 15 151 94 59 167 104 188 154 166 190 186 37 104 193 31 67 78 172 156 181 127 2 198 121 119 23 108 130 158 103 151 28 28 42 10 78 21 191 163 56 80 33 153 198 103 6 97 56 148 59 192 52 89 40 13 152 61 52 16 44 36 21 188 113 39 44 156 190 140 157 5 114 46 90 175 181 182 177 132 134 97 4 37 185 121 47 125 85 44 162 59 55 4 191 120 177 30 14 100 119 71 185 18 193 173 126 13 71 15 71 35 21 124 144 102 17 120 195 22 140 107 176 18 164 51 46 136 67 77 21 27 43 112 97 121 26 25 178 61 61 24 98 80 6 195 55 70 145 40 186 122 31 13 40 25 110 107 155 107 59 168 40 188 165 168 5 158 197 200 101 28 6 84 25 158 187 41 23 110 109 74 164 75 24 88 20 111 184 111 75 88 16 110 16 58 168 193 64 11 169 30 17 149 139 4 105 3 52 151 21 10 150 66 67 150 189 159 138 177 122 148 12 99 169 110 116 10 190 128 24 200 147 153 183 50 87 116 94 72 168 137 190 96 68 169 116 189 96 164 175 170 112 101 130 168 110 26 105 145 74 153 175 86 67 93 40 96 91 11 4 59 26 129 154 194 84 151 135 7 127 172 17 14 76 155 144 129 57 148 187 170 24 148 48 125 71 171 199 127 79 88 131 157 31 51 103 105 96 160 173 89 101 12 62 57 97 0 12 103 177 187 123 112 91 41 6 145 128 62 115 69 119 28 38 164 65 87 124 120 93 127 87 32 26 55 45 40 7 110 24 146 132 38 89 154 131 147 71 22 91 93 5 39 187 35 58 27 179 133 99 197 154 25 145 104 197 81 170 140 90 119 71 136 125 152 13 26 84 123 58 76 81 39 16 3 145 81 108 122 168 156 15 192 101 136 17 170 194 167 42 170 62 5 135 85 188 4 27 186 99 42 11 140 99 171 61 29 165 41 170 101 136 136 53 99 117 51 136 135 124 93 15 17 132 29 198 35 88 59 38 82 71 156 189 39 58 185 3 171 96 162 135 126 97 150 25 152 181 171 72 49 26 54 177 91 74 187 131 99 48 100 21 4 88 134 167 161 147 169 12 110 168 2 57 196 123 103 38 124 78 29 145 72 91 195 90 106 151 145 44 9 48 185 60 70 50 196 88 74 103 32 134 137 145 116 194 160 47 133 17 88 174 137 115 173 123 132 131 175 131 194 31 187 58 130 156 19 38 177 32 84 108 83 183 178 138 44 166
511
0 0 0 0 0 0 0 0 0 0 0 0 0 0 0 0 0 0 0 0 0 0 0 0 0 0 0 0 0 0 0 0 0 0 0 0 0 0 0 0 0 0 0 0 0 0 0 0 0 0 0 0 0 0 0 0 0 0 0 0 0 0 0 0 0 0 0 0 0 0 0 0 0 0 0 0 0 0 0 0 0 0 0 0 0 0 0 0 0 0 0 0 0 0 0 0 0 0 0 0 0 0 0 0 0 0 0 0 0 0 0 0 0 0 0 0 0 0 0 0 0 0 0 0 0 0 0 0 0 0 0 0 0 0 0 0 0 0 0 0 0 0 0 0 0 0 0 0 0 0 0 0 0 0 0 0 0 0 0 0 0 0 0 0 0 0 0 0 0 0 0 0 0 0 0 0 0 0 0 0 0 0 0 0 0 0 0 0 0 0 0 0 0 0 0 0 0 0 0 0 0 0 0 0 0 0 0 0 0 0 0 0 0 0 0 0 0 0 0 0 0 0 0 0 0 0 0 0 0 0 0 0 0 0 0 0 0 0 0 0 0 0 0 0 0 0 0 0 0 0 0 0 0 0 0 0 0 0 0 0 0 0 0 0 0 0 0 0 0 0 0 0 0 0 0 0 0 0 0 0 0 0 0 0 0 0 0 0 0 0 0 0 0 0 0 0 0 0 0 0 0 0 0 0 0 0 0 0 0 0 0 0 0 0 0 0 0 0 0 0 0 0 0 0 0 0 0 0 0 0 0 0 0 0 0 0 0 0 0 0 0 0 0 0 0 0 0 0 0 0 0 0 0 0 0 0 0 0 0 0 0 0 0 0 0 0 0 0 0 0 0 0 0 0 0 0 0 0 0 0 0 0 0 0 0 0 0 0 0 0 0 0 0 0 0 0 0 0 0 0 0 0 0 0 0 0 0 0 0 0 0 0 0 0 0 0 0 0 0 0 0 0 0 0 0 0 0 0 0 0 0 0 0 0 0 0 0 0 0 0 0 0 0 0 0 0 0 0 0 0 0 0 0 0 0 0 0 0 0 0 0 0 0 0 0 0 0 0 0 0 0 0 0 0 0 0 0 0 0 0 0 0 0 0 0 0 0 0 0 0 0 0 0 0 0 0 0 0 0 0 0 0 0 0 0 0 0 0 0 0 0
740
141 126 166 68 99 86 105 12 191 101 197 161 100 156 51 105 167 68 133 30 29 182 127 49 7 186 158 183 13 12 111 119 161 131 117 106 94 17 195 183 45 187 116 40 73 164 7 89 162 121 41 44 168 83 81 72 45 176 162 178 40 31 198 178 82 50 13 75 100 66 65 8 26 95 101 69 108 47 143 154 22 170 2 78 141 161 168 23 73 89 45 22 156 33 153 186 160 75 180 163 191 179 37 0 130 168 163 86 155 196 85 67 29 96 104 140 85 25 165 199 184 191 4 64 151 199 169 44 180 57 23 63 17 107 2 113 20 8 190 1 17 7 107 79 33 1 163 71 154 169 66 104 138 91 132 10 188 14 27 96 99 61 147 113 137 19 69 43 74 104 175 196 120 198 9 99 45 34 190 115 71 3 106 132 17 30 18 126 24 54 93 128 129 38 55 98 171 150 181 149 22 158 63 180 92 129 37 73 106 100 97 187 73 61 195 186 16 191 72 76 177 78 200 145 17 168 164 149 59 28 35 134 39 41 55 131 163 199 194 34 81 60 9 26 25 101 80 188 114 81 96 119 84 123 100 154 85 67 197 125 126 115 158 9 133 9 82 154 78 45 59 75 118 132 170 75 98 24 78 157 53 42 12 118 103 151 77 64 98 45 123 0 119 154 19 7 80 7 13 70 105 48 149 68 10 154 63 27 119 163 110 128 84 11 57 166 133 110 136 116 102 45 20 188 150 65 163 77 37 60 79 96 187 91 56 81 38 84 55 96 167 156 63 164 118 189 89 133 142 59 47 90 93 25 34 11 111 55 19 48 42 145 164 194 47 59 80 0 134 66 111 53 141 133 139 27 193 0 70 178 155 185 9 7 84 151 167 172 42 57 135 185 152 150 140 52 8 93 99 89 197 197 122 55 22 196 63 58 193 167 193 11 177 189 43 20 122 45 160 138 135 20 77 196 12 24 83 35 57 112 38 197 51 163 181 151 46 30 162 97 57 20 135 174 45 84 14 13 93 28 176 3 5 68 101 2 192 23 43 27 114 152 168 185 68 62 49 1 188 145 126 195 148 152 153 57 78 123 31 58 44 68 195 198 26 127 77 167 138 14 175 37 116 179 58 69 144 71 177 176 41 23 19 50 173 20 6 131 190 121 90 39 78 95 36 44 3 174 59 133 184 171 174 46 27 103 169 60 2 121 21 103 68 159 13 14 194 165 16 40 62 166 91 89 183 35 193 20 102 139 140 115 84 2 51 36 145 181 54 134 89 155 45 134 173 112 125 135 81 8 148 128 181 89 94 40 30 11 166 191 20 32 133 74 36 91 31 112 157 15 168 19 8 159 86 32 69 71 162 43 35 26 97 177 155 185 72 21 110 131 36 47 47 41 57 94 160 148 55 19 56 122 106 194 42 107 178 171 112 13 69 162 8 138 198 195 88 159 106 80 112 70 95 80 10 149 95 183 48 111 60 61 17 20 82 155 9 35 149 169 156 158 150 71 168 156 24 133 1 78 189 41 85 185 3 15 188 150 105 100 188 10 184 84 160 135 32 117 78 99 76 32 127 46 119 74 31 127 185 169 180 185 121 167 59 179 112 97 67 52 56 38 44 74 16 136 63 37 45 92 76 119 31 161 15 109 166 87 181 2 37 89 120 82 57 77 192 116 4 19
263
19 14 19 19 19 74 40 74 66 40 14 74 19 66 19 14 14 40 66 19 19 14 66 66 14 40 14 74 40 74 66 14 14 19 40 14 66 74 66 19 66 74 66 14 19 66 14 74 66 66 19 14 14 40 40 40 40 74 66 19 14 40 74 74 19 66 74 19 66 74 66 40 66 40 40 14 74 74 14 19 19 74 19 66 14 40 74 19 14 19 40 14 14 74 74 40 19 19 19 14 14 74 74 14 19 74 74 40 66 40 14 40 74 40 74 19 19 14 19 14 19 14 74 40 19 66 14 14 74 14 66 19 66 14 74 40 14 14 40 74 14 14 40 40 19 14 19 14 14 14 14 40 40 66 40 40 19 74 74 66 66 66 74 66 19 14 19 14 19 14 19 74 66 66 66 14 19 40 74 14 74 14 19 66 14 66 74 19 66 66 74 40 19 14 14 19 40 66 19 74 40 66 19 74 40 14 19 40 74 74 74 19 40 74 40 40 66 19 40 74 66 19 74 74 66 74 74 40 74 74 40 66 66 66 40 40 19 19 19 74 66 40 66 74 40 14 14 19 14 14 40 74 40 14 19 74 74 14 74 66 74 40 19
323
200 200 200 200 200 200 200 200 200 200 200 200 200 200 200 200 200 200 200 200 200 200 200 200 200 200 200 200 200 200 200 200 200 200 200 200 200 200 200 200 200 200 200 200 200 200 200 200 200 200 200 200 200 200 200 200 200 200 200 200 200 200 200 200 200 200 200 200 200 200 200 200 200 200 200 200 200 200 200 200 200 200 200 200 200 200 200 200 200 200 200 200 200 200 200 200 200 200 200 200 200 200 200 200 200 200 200 200 200 200 200 200 200 200 200 200 200 200 200 200 200 200 200 200 200 200 200 200 200 200 200 200 200 200 200 200 200 200 200 200 200 200 200 200 200 200 200 200 200 200 200 200 200 200 200 200 200 200 200 200 200 200 200 200 200 200 200 200 200 200 200 200 200 200 200 200 200 200 200 200 200 200 200 200 200 200 200 200 200 200 200 200 200 200 200 200 200 200 200 200 200 200 200 200 200 200 200 200 200 200 200 200 200 200 200 200 200 200 200 200 200 200 200 200 200 200 200 200 200 200 200 200 200 200 200 200 200 200 200 200 200 200 200 200 200 200 200 200 200 200 200 200 200 200 200 200 200 200 200 200 200 200 200 200 200 200 200 200 200 200 200 200 200 200 200 200 200 200 200 200 200 200 200 200 200 200 200 200 200 200 200 200 200 200 200 200 200 200 200 200 200 200 200 200 200 200 200 200 200 200 200 200 200 200 200 200 200 200 200 200 200 200 200
249
0 200 67 60 70 52 70 88 84 97 84 92 90 55 120 51 70 114 74 91 111 110 54 72 51 107 118 69 76 104 86 75 54 55 68 69 58 58 102 114 113 105 112 89 111 84 103 56 51 94 82 95 82 112 75 57 106 103 63 105 68 119 63 104 56 62 113 83 74 90 80 101 94 70 94 86 120 96 95 116 88 94 54 54 73 64 54 99 79 68 71 101 84 114 102 98 97 116 100 94 64 80 110 104 84 108 65 63 87 116 78 60 83 111 66 96 79 68 104 116 78 59 68 102 107 86 118 81 115 73 65 120 67 64 97 71 114 119 74 83 65 120 82 91 62 93 118 81 70 87 108 85 119 120 93 108 108 113 106 72 64 116 81 57 72 58 107 92 106 76 66 109 116 108 51 81 62 113 87 93 61 77 103 57 79 117 56 86 59 65 103 99 60 107 101 58 95 61 82 87 75 69 69 111 120 104 96 90 59 117 52 60 110 92 118 77 58 108 77 82 113 94 81 114 106 98 54 113 71 114 104 108 100 54 76 109 116 88 58 113 116 69 101 79 60 90 63 51 200
234
0 0 0 0 0 0 0 0 0 0 0 0 0 0 0 0 0 0 0 0 0 0 0 0 0 0 0 0 0 0 0 0 0 0 0 0 0 0 0 0 0 0 0 0 0 0 0 0 0 0 0 0 0 0 0 0 0 0 0 0 0 0 0 0 0 0 0 0 0 0 0 0 0 0 0 0 0 0 0 0 0 0 0 0 0 0 0 0 0 0 0 0 0 0 0 0 0 0 0 0 0 0 0 0 0 0 0 0 0 0 0 0 0 0 0 0 0 0 0 0 0 0 0 0 0 0 0 0 0 0 0 0 0 0 0 0 0 0 0 0 0 0 0 0 0 0 0 0 0 0 0 0 0 0 0 0 0 0 0 0 0 0 0 0 0 0 0 0 0 0 0 0 0 0 0 0 0 0 0 0 0 0 0 0 0 0 0 0 0 0 0 0 0 0 0 0 0 0 0 0 0 0 0 0 0 0 0 0 0 0 0 0 0 0 0 0 0 0 0 0 0 0 0 0 0 0 0 0 0 0 0 0 0 0
326
1 15 7 19 194 8 13 0 20 12 175 3 167 8 8 13 10 17 163 13 5 19 7 182 15 9 14 7 19 4 5 10 12 8 174 20 10 6 186 19 7 18 2 4 2 166 200 153 8 16 10 19 6 196 13 5 20 190 1 1 19 4 18 8 14 13 8 6 11 9 177 196 4 181 19 10 18 3 1 185 14 5 10 3 18 15 6 8 17 11 158 18 2 1 20 164 8 186 1 8 19 8 8 191 5 5 196 1 1 14 16 9 18 9 5 4 8 20 20 14 19 11 7 5 2 1 4 16 8 171 9 8 185 167 153 14 20 13 7 5 11 5 14 19 1 12 166 173 1 5 10 14 10 19 187 3 9 2 10 3 0 4 19 1 0 11 16 11 6 10 14 17 12 9 10 20 16 3 19 181 12 18 179 153 18 10 10 12 5 4 153 19 165 11 12 3 13 13 3 4 4 5 8 164 8 16 10 154 4 5 16 10 153 2 161 3 171 4 4 9 16 12 0 20 1 3 4 10 5 8 19 4 8 0 20 12 19 11 177 20 152 157 13 14 6 14 3 14 168 15 6 14 12 158 2 17 18 19 17 13 11 169 168 14 20 12 11 8 16 2 6 2 10 8 19 15 175 187 12 18 17 14 14 184 6 5 18 13 5 7 7 7 15 169 6 16 2 8 15 11 20 5 13 160 10 2 10 14 189 12 4 13 160 9 16 185 16 10 158 169 9 14 169 1 12 5
861
16 4 8 5 14 19 18 12 18 1 16 15 14 0 16 19 4 20 3 20 3 7 16 13 16 14 18 7 5 6 19 13 3 20 12 15 0 16 19 14 17 6 12 19 11 1 3 7 0 1 10 8 5 13 4 5 19 19 1 20 15 17 4 1 12 5 11 18 8 0 17 4 8 13 15 7 0 20 5 14 12 3 20 5 16 9 6 2 7 19 2 17 3 12 14 13 0 13 15 6 4 19 0 6 0 16 0 13 8 1 16 0 5 10 19 8 11 11 9 19 7 10 2 8 5 14 17 18 6 11 7 16 4 6 15 7 9 13 11 8 8 20 4 14 8 10 0 15 9 7 17 13 2 0 13 18 7 10 0 9 4 7 10 7 10 4 12 13 8 18 2 13 8 14 15 15 8 10 5 12 1 17 20 14 14 16 0 2 14 12 15 12 8 8 13 8 19 8 12 18 8 17 13 14 8 20 10 13 18 7 12 2 16 0 19 11 19 0 19 8 4 9 9 0 11 16 13 1 2 18 4 4 8 18 20 12 1 0 4 6 11 3 15 7 2 19 16 0 3 14 3 19 14 6 6 14 19 8 4 18 2 11 9 18 12 8 17 3 6 20 12 16 14 0 2 18 19 19 14 4 11 4 8 2 5 9 4 15 12 6 13 17 12 11 15 16 16 4 12 10 6 16 8 8 0 9 8 15 0 10 14 18 20 9 1 7 5 16 20 18 11 20 5 4 2 8 19 20 4 5 14 5 15 15 7 12 7 16 15 15 16 20 2 19 13 17 16 3 17 4 18 12 15 20 15 7 1 15 7 4 12 13 8 3 18 3 1 1 15 3 0 3 11 11 9 20 9 7 19 20 2 3 7 14 11 12 12 5 17 19 18 5 5 11 0 16 6 15 15 10 10 9 12 4 14 19 8 18 6 19 12 11 10 16 10 19 10 9 9 10 9 14 19 7 3 18 6 17 16 17 17 0 16 0 3 15 1 1 11 13 3 14 20 1 19 1 10 5 3 0 1 2 5 1 2 1 1 14 16 0 8 3 16 8 17 12 1 5 6 20 4 13 9 14 16 6 12 17 9 3 20 9 0 13 7 17 13 9 9 0 1 5 12 5 10 12 17 5 6 10 5 7 2 16 7 6 13 20 15 11 6 13 6 9 8 9 12 17 7 5 12 0 12 13 13 15 11 15 19 2 10 16 10 11 7 7 7 7 6 5 7 19 12 15 0 17 2 6 8 0 4 19 14 0 16 16 1 10 19 3 8 8 16 17 18 11 4 15 3 8 9 9 5 1 15 11 7 20 1 5 1 13 4 9 13 2 9 1 20 4 12 3 15 12 7 2 19 12 3 17 19 5 11 19 7 13 11 17 4 10 5 18 3 5 15 3 13 12 13 14 5 12 7 13 7 10 18 14 8 18 11 4 1 12 0 17 6 5 3 14 16 13 2 12 8 18 14 0 14 16 0 5 1 5 6 14 2 5 20 18 10 5 4 9 8 5 11 11 5 3 4 12 20 8 5 14 0 13 0 12 3 14 15 0 6 20 11 6 0 5 1 20 0 0 20 15 20 7 20 11 0 11 5 1 13 20 20 0 7 14 9 0 11 2 7 9 5 16 12 9 16 2 19 4 19 18 0 8 3 6 15 2 9 13 12 17 12 11 19 16 19 2 10 8 3 18 13 4 9 11 2 13 13 3 13 6 12 10 0 6 11 19 3 12 3 20 5 3 9 11 13 16 12 13 15 13 4 11 0 16 10 7 4 1 7 18 3 17 0 17 1 5 0 2 16 19 13 3 20 20 4 0 13 2 15 17 15 7 13 14 2 0 14 18 4 1 12 13 3 13 7 1 16 4 9 9 16 2 6 19 1 9 15 1 10 20 13 5 17 15 18 13 17 6 5 0 1 15 14 11 4 16 9 20 8 18 1 0 6 7 0
2
199 199
231
0 0 0 0 0 0 0 0 0 0 0 0 0 0 0 0 0 0 0 0 0 0 0 0 0 0 0 0 0 0 0 0 0 0 0 0 0 0 0 0 0 0 0 0 0 0 0 0 0 0 0 0 0 0 0 0 0 0 0 0 0 0 0 0 0 0 0 0 0 0 0 0 0 0 0 0 0 0 0 0 0 0 0 0 0 0 0 0 0 0 0 0 0 0 0 0 0 0 0 0 0 0 0 0 0 0 0 0 0 0 0 0 0 0 0 0 0 0 0 0 0 0 0 0 0 0 0 0 0 0 0 0 0 0 0 0 0 0 0 0 0 0 0 0 0 0 0 0 0 0 0 0 0 0 0 0 0 0 0 0 0 0 0 0 0 0 0 0 0 0 0 0 0 0 0 0 0 0 0 0 0 0 0 0 0 0 0 0 0 0 0 0 0 0 0 0 0 0 0 0 0 0 0 0 0 0 0 0 0 0 0 0 0 0 0 0 0 0 0 0 0 0 0 0 0 0 0 0 0 0 0
480
0 0 0 0 0 0 0 0 0 0 0 0 0 0 0 0 0 0 0 0 0 0 0 0 0 0 0 0 0 0 0 0 0 0 0 0 0 0 0 0 0 0 0 0 0 0 0 0 0 0 0 0 0 0 0 0 0 0 0 0 0 0 0 0 0 0 0 0 0 0 0 0 0 0 0 0 0 0 0 0 0 0 0 0 0 0 0 0 0 0 0 0 0 0 0 0 0 0 0 0 0 0 0 0 0 0 0 0 0 0 0 0 0 0 0 0 0 0 0 0 0 0 0 0 0 0 0 0 0 0 0 0 0 0 0 0 0 0 0 0 0 0 0 0 0 0 0 0 0 0 0 0 0 0 0 0 0 0 0 0 0 0 0 0 0 0 0 0 0 0 0 0 0 0 0 0 0 0 0 0 0 0 0 0 0 0 0 0 0 0 0 0 0 0 0 0 0 0 0 0 0 0 0 0 0 0 0 0 0 0 0 0 0 0 0 0 0 0 0 0 0 0 0 0 0 0 0 0 0 0 0 0 0 0 0 0 0 0 0 0 0 0 0 0 0 0 0 0 0 0 0 0 0 0 0 0 0 0 0 0 0 0 0 0 0 0 0 0 0 0 0 0 0 0 0 0 0 0 0 0 0 0 0 0 0 0 0 0 0 0 0 0 0 0 0 0 0 0 0 0 0 0 0 0 0 0 0 0 0 0 0 0 0 0 0 0 0 0 0 0 0 0 0 0 0 0 0 0 0 0 0 0 0 0 0 0 0 0 0 0 0 0 0 0 0 0 0 0 0 0 0 0 0 0 0 0 0 0 0 0 0 0 0 0 0 0 0 0 0 0 0 0 0 0 0 0 0 0 0 0 0 0 0 0 0 0 0 0 0 0 0 0 0 0 0 0 0 0 0 0 0 0 0 0 0 0 0 0 0 0 0 0 0 0 0 0 0 0 0 0 0 0 0 0 0 0 0 0 0 0 0 0 0 0 0 0 0 0 0 0 0 0 0 0 0 0 0 0 0 0 0 0 0 0 0 0 0 0 0 0 0 0 0 0 0 0 0 0 0 0 0 0 0 0 0 0 0 0 0 0
448
0 200 59 108 100 120 115 68 99 65 78 85 73 50 66 85 87 102 71 90 102 98 59 103 50 99 108 114 99 109 50 50 111 96 69 77 119 118 104 77 111 113 91 61 109 119 64 82 54 58 52 99 76 69 104 68 111 71 83 113 56 77 79 115 101 64 61 117 82 112 111 90 92 73 82 50 84 114 64 65 93 88 56 53 103 116 71 64 75 103 57 54 102 108 113 51 71 75 101 70 64 111 114 102 118 60 113 71 61 74 64 102 67 58 93 104 82 104 80 80 97 58 71 77 74 57 114 55 73 81 68 120 76 68 56 75 107 89 110 95 54 73 65 66 76 58 55 86 73 110 63 88 61 52 80 112 108 70 102 98 80 52 78 62 71 107 58 112 52 54 51 60 99 70 106 88 78 107 113 104 118 72 106 92 80 93 68 118 57 112 55 71 90 101 89 52 68 81 84 73 109 92 93 98 116 119 97 112 111 80 118 66 111 71 78 120 50 82 67 67 73 65 80 63 81 77 100 102 53 77 56 64 118 66 115 60 51 98 108 91 86 97 52 101 91 94 100 101 71 113 55 111 98 85 88 85 92 64 96 55 98 103 54 72 60 106 116 119 59 79 108 95 71 119 120 96 106 87 106 101 107 93 97 114 114 90 53 57 76 95 54 64 97 76 77 81 114 60 96 61 59 116 72 98 114 75 86 82 105 103 68 107 108 52 116 69 118 106 108 90 115 52 77 100 106 82 105 65 50 114 98 89 71 80 86 71 80 90 89 57 91 85 51 54 53 103 57 108 110 85 79 75 66 114 80 67 71 105 59 81 50 113 57 102 117 61 92 54 100 75 74 69 100 58 100 89 81 51 99 77 82 52 93 75 67 115 101 66 77 105 83 69 96 106 96 55 102 72 70 103 101 116 78 87 58 73 58 112 51 120 67 96 117 69 98 55 57 53 96 100 119 99 82 85 97 62 105 91 84 118 98 76 102 95 100 100 56 109 117 69 80 103 70 88 63 95 50 200
982
0 200 53 99 87 75 105 84 58 118 100 120 95 118 103 53 99 87 69 65 102 73 84 55 105 53 69 103 63 88 116 83 66 62 55 110 86 52 79 87 56 76 86 57 115 99 95 90 116 101 78 75 94 100 66 101 107 56 99 82 76 60 80 118 116 116 70 55 69 70 62 106 89 110 72 59 115 84 79 65 72 62 81 101 94 82 69 107 116 81 116 57 50 85 103 52 86 109 68 108 54 70 74 115 73 94 79 86 75 68 101 62 67 87 91 84 84 67 99 52 105 107 90 50 99 50 100 117 111 74 105 100 107 81 73 106 115 89 116 75 100 68 109 104 94 81 110 95 91 77 59 77 112 59 94 65 76 97 108 105 56 106 111 97 50 110 113 119 70 65 86 107 74 94 95 64 61 74 62 120 92 90 112 59 50 105 90 53 119 63 67 98 52 100 104 86 55 68 94 84 56 58 97 120 106 51 50 101 63 74 73 97 59 60 120 64 76 114 95 88 94 60 114 120 65 116 79 74 111 84 60 110 51 66 68 107 94 63 96 83 84 70 98 80 72 107 56 117 68 109 85 103 51 99 63 82 74 78 90 76 65 66 83 83 78 60 53 120 117 108 110 65 77 50 57 113 107 118 102 84 114 101 50 95 77 105 60 79 102 66 77 118 78 88 119 79 85 114 62 99 113 117 70 115 102 100 74 91 61 60 83 58 118 80 99 120 60 96 83 56 110 55 104 52 105 91 88 58 87 103 115 56 82 63 86 82 110 54 59 109 92 75 117 114 82 94 96 61 63 58 64 99 64 62 81 103 120 51 77 113 78 109 64 62 75 71 86 66 78 70 77 96 99 81 118 93 63 54 87 84 97 108 98 62 70 72 88 116 67 118 57 78 54 114 66 77 111 71 83 78 119 116 57 107 79 61 98 69 102 104 92 80 81 84 63 78 76 58 73 105 95 86 58 96 109 54 61 64 119 72 99 62 70 96 77 71 69 71 97 77 86 99 84 98 98 120 50 95 120 62 71 111 63 91 56 53 96 72 60 75 112 105 86 80 101 54 94 105 67 51 78 102 55 57 101 51 79 71 51 55 109 77 77 65 103 83 113 88 67 116 82 60 87 112 111 82 100 86 108 93 68 114 107 94 90 54 102 109 78 85 61 98 74 83 75 85 120 58 83 53 54 96 66 63 58 89 76 79 75 99 87 72 74 113 111 64 59 70 78 55 67 61 105 112 62 50 103 105 104 81 115 91 65 83 83 51 78 71 88 88 66 104 82 53 61 59 118 81 97 104 70 71 80 99 93 61 113 60 54 78 69 65 78 62 62 102 120 64 99 78 113 61 58 62 56 96 55 85 59 56 111 58 68 62 55 75 63 79 65 112 79 73 67 79 111 57 100 96 75 72 109 89 87 95 78 64 74 87 55 95 67 84 94 69 50 103 63 115 90 97 53 65 67 120 73 117 51 62 92 91 71 94 107 86 75 76 54 82 57 66 76 109 113 67 102 79 118 109 50 69 90 68 76 52 116 60 118 92 112 104 86 65 112 78 108 62 111 100 93 70 79 110 79 51 53 109 118 68 106 92 64 60 58 84 112 108 88 91 94 109 88 83 91 60 111 55 74 62 108 73 72 92 98 107 79 111 110 119 56 85 120 86 103 88 64 112 120 91 98 94 92 104 75 111 73 57 101 83 78 97 74 62 77 89 65 119 94 94 94 83 96 118 51 112 106 100 92 78 94 84 54 77 103 75 83 60 80 93 92 63 104 98 56 100 111 114 114 67 109 117 53 73 62 93 74 82 98 91 53 81 115 56 58 99 79 85 83 72 81 80 88 71 75 100 100 69 93 106 78 69 71 115 68 106 61 117 109 59 89 54 73 99 68 113 58 100 112 107 69 108 84 84 108 104 102 90 57 106 56 71 69 107 101 118 107 78 50 88 66 98 86 70 108 87 76 61 96 73 86 99 99 92 78 119 108 64 109 104 101 62 109 77 93 93 100 83 112 88 55 115 84 75 67 108 106 72 118 111 53 89 86 95 65 73 92 59 97 119 60 81 50 89 116 110 80 119 116 108 62 75 95 54 89 116 82 55 86 55 116 118 86 61 65 69 92 78 98 108 100 63 79 68 94 92 58 81 70 108 109 117 57 109 112 98 95 93 112 61 120 83 66 115 66 87 98 95 102 71 68 97 91 86 100 65 108 106 91 54 58 67 119 200
502
2 10 9 14 5 11 10 3 7 12 20 17 20 16 14 6 1 19 0 10 4 10 14 8 9 18 6 5 14 16 15 2 13 15 10 11 3 8 15 12 9 6 12 15 16 18 1 12 4 14 5 12 12 16 7 14 8 3 6 14 17 19 0 11 19 2 17 6 11 13 3 12 1 14 12 14 15 2 1 0 2 12 18 5 9 15 8 0 16 8 10 8 14 8 15 8 16 15 15 0 9 3 19 12 1 6 14 5 11 11 7 8 19 18 15 18 8 0 15 5 3 0 11 5 1 18 3 8 9 15 5 16 4 3 16 4 19 4 11 14 17 13 5 1 15 18 17 1 12 12 8 15 3 19 4 2 3 15 2 4 14 11 20 17 3 4 5 16 10 10 12 6 5 1 9 11 15 11 4 12 8 12 8 1 17 6 14 7 10 15 2 9 11 9 3 4 10 17 9 20 7 0 12 1 14 1 0 5 1 7 20 2 13 15 16 1 6 10 6 2 14 18 14 3 1 4 3 15 4 3 13 7 20 11 18 6 0 18 15 12 10 8 11 16 9 9 13 4 12 10 7 1 19 6 5 10 5 12 3 20 7 4 14 0 4 9 17 6 3 11 9 17 4 17 6 3 1 4 6 7 10 2 16 20 5 13 9 2 11 18 5 16 5 10 8 9 1 2 7 12 14 5 9 4 16 1 12 10 10 17 9 11 16 0 10 12 0 20 11 6 5 10 16 19 1 11 16 7 17 14 3 18 6 12 18 1 6 5 2 2 1 6 17 7 7 10 16 5 0 15 8 19 7 10 19 11 13 5 7 9 9 17 19 12 16 4 9 19 1 2 3 8 3 8 8 4 15 12 17 15 20 5 13 20 16 4 0 15 5 5 4 16 1 10 11 10 0 3 4 11 19 3 4 6 3 15 14 4 11 17 16 6 15 5 15 15 8 1 17 16 6 4 1 14 6 13 13 18 12 13 19 4 17 15 13 12 2 18 18 6 7 14 3 3 11 16 16 20 18 14 7 19 6 18 8 10 11 4 16 2 0 5 4 17 10 9 13 20 15 13 5 19 19 20 18 1 8 5 6 20 9 13 0 9 11 11 18 2 5 10 14 18 2 6 5 13 15 11 11 19 12 3
635
200 200 200 200 200 200 200 200 200 200 200 200 200 200 200 200 200 200 200 200 200 200 200 200 200 200 200 200 200 200 200 200 200 200 200 200 200 200 200 200 200 200 200 200 200 200 200 200 200 200 200 200 200 200 200 200 200 200 200 200 200 200 200 200 200 200 200 200 200 200 200 200 200 200 200 200 200 200 200 200 200 200 200 200 200 200 200 200 200 200 200 200 200 200 200 200 200 200 200 200 200 200 200 200 200 200 200 200 200 200 200 200 200 200 200 200 200 200 200 200 200 200 200 200 200 200 200 200 200 200 200 200 200 200 200 200 200 200 200 200 200 200 200 200 200 200 200 200 200 200 200 200 200 200 200 200 200 200 200 200 200 200 200 200 200 200 200 200 200 200 200 200 200 200 200 200 200 200 200 200 200 200 200 200 200 200 200 200 200 200 200 200 200 200 200 200 200 200 200 200 200 200 200 200 200 200 200 200 200 200 200 200 200 200 200 200 200 200 200 200 200 200 200 200 200 200 200 200 200 200 200 200 200 200 200 200 200 200 200 200 200 200 200 200 200 200 200 200 200 200 200 200 200 200 200 200 200 200 200 200 200 200 200 200 200 200 200 200 200 200 200 200 200 200 200 200 200 200 200 200 200 200 200 200 200 200 200 200 200 200 200 200 200 200 200 200 200 200 200 200 200 200 200 200 200 200 200 200 200 200 200 200 200 200 200 200 200 200 200 200 200 200 200 200 200 200 200 200 200 200 200 200 200 200 200 200 200 200 200 200 200 200 200 200 200 200 200 200 200 200 200 200 200 200 200 200 200 200 200 200 200 200 200 200 200 200 200 200 200 200 200 200 200 200 200 200 200 200 200 200 200 200 200 200 200 200 200 200 200 200 200 200 200 200 200 200 200 200 200 200 200 200 200 200 200 200 200 200 200 200 200 200 200 200 200 200 200 200 200 200 200 200 200 200 200 200 200 200 200 200 200 200 200 200 200 200 200 200 200 200 200 200 200 200 200 200 200 200 200 200 200 200 200 200 200 200 200 200 200 200 200 200 200 200 200 200 200 200 200 200 200 200 200 200 200 200 200 200 200 200 200 200 200 200 200 200 200 200 200 200 200 200 200 200 200 200 200 200 200 200 200 200 200 200 200 200 200 200 200 200 200 200 200 200 200 200 200 200 200 200 200 200 200 200 200 200 200 200 200 200 200 200 200 200 200 200 200 200 200 200 200 200 200 200 200 200 200 200 200 200 200 200 200 200 200 200 200 200 200 200 200 200 200 200 200 200 200 200 200 200 200 200 200 200 200 200 200 200 200 200 200 200 200 200 200 200 200 200 200 200 200 200 200 200 200 200 200 200 200 200 200 200 200 200 200 200 200 200 200 200 200 200 200 200 200 200 200 200 200 200 200 200 200 200 200 200 200 200 200 200 200 200 200 200 200
939
20 20 18 1 18 20 6 20 4 8 15 14 12 7 13 11 19 7 0 14 20 11 1 15 3 4 3 6 6 2 1 14 9 15 12 20 12 0 4 6 15 1 8 18 19 11 16 5 19 16 0 7 2 4 5 3 17 18 6 19 5 8 4 12 10 14 7 3 2 15 7 17 12 10 19 11 19 14 18 3 5 10 3 8 17 14 10 4 9 3 5 10 10 10 10 7 2 2 14 2 19 15 9 11 0 17 4 19 20 12 17 1 3 12 13 4 7 15 10 0 9 12 15 10 5 11 2 9 12 11 11 20 9 5 0 20 15 2 6 7 2 5 3 6 7 0 15 14 9 7 1 14 14 5 2 12 10 15 10 20 15 2 8 6 4 8 1 18 5 5 19 10 5 2 11 7 11 5 5 12 14 6 14 13 1 1 17 9 0 1 15 11 2 0 16 6 12 6 20 20 1 4 14 12 7 8 3 19 14 12 0 7 13 9 6 12 10 11 16 3 1 17 8 15 10 20 8 8 0 19 20 15 13 7 1 18 0 5 14 17 18 17 7 14 7 16 18 5 13 18 13 3 1 14 18 9 3 9 14 17 8 20 12 18 18 10 3 8 11 11 18 4 12 19 15 12 16 15 2 8 13 6 15 4 10 15 8 15 14 20 17 19 12 5 0 1 8 12 14 20 18 7 3 2 4 11 13 6 3 7 9 8 19 7 5 5 1 14 10 5 5 20 2 1 5 20 11 0 0 0 8 9 15 15 10 16 17 20 1 12 14 15 13 13 7 4 17 1 11 5 13 2 15 16 16 8 5 8 3 6 3 19 5 10 12 4 11 14 15 4 2 10 14 14 9 4 3 11 13 8 20 12 20 13 13 13 14 8 14 17 8 2 18 19 3 5 6 1 4 0 19 7 1 13 2 5 18 15 10 20 11 12 10 10 4 12 6 3 2 15 17 14 0 6 0 14 0 19 5 2 20 6 6 5 17 10 13 14 16 4 17 5 18 20 8 7 11 16 20 19 11 9 16 5 9 16 4 18 18 9 19 20 16 6 1 12 6 4 19 7 4 4 8 7 17 11 8 9 6 0 6 4 16 11 7 16 16 5 9 3 18 1 13 7 2 7 14 18 6 2 12 14 2 7 3 7 0 20 1 18 17 3 11 6 3 9 11 15 2 2 12 19 7 18 19 4 5 0 14 6 18 2 17 0 16 11 10 20 3 15 15 9 11 13 17 1 15 7 18 0 8 2 18 16 7 2 7 5 6 7 16 3 4 15 14 15 10 0 1 8 14 10 19 7 5 14 19 8 2 15 13 7 5 7 10 8 5 12 11 1 8 9 20 20 10 0 20 9 8 10 15 13 15 13 17 16 19 7 14 7 8 16 15 10 9 2 14 13 18 0 16 3 17 11 2 13 10 12 17 3 8 4 2 2 19 7 13 3 17 12 1 8 17 14 2 0 20 9 13 14 17 19 1 2 1 4 2 4 4 3 15 8 10 17 6 18 12 12 9 20 9 7 19 11 8 7 12 6 13 20 6 9 12 20 3 12 11 5 14 7 8 8 0 3 10 13 3 14 11 16 4 5 6 6 12 18 9 19 16 15 17 6 13 9 1 9 3 8 3 13 15 12 3 2 7 2 14 15 3 6 16 8 17 1 10 14 1 18 7 2 16 19 16 14 6 12 7 1 16 6 19 11 15 20 15 16 9 15 7 11 11 19 6 3 14 2 7 20 3 17 19 3 13 7 18 7 4 7 16 2 15 15 7 14 7 11 16 17 3 12 9 12 14 0 11 19 12 19 15 11 12 3 2 3 1 2 11 15 18 2 15 8 2 11 15 4 20 10 17 20 3 20 4 0 13 9 1 12 17 19 6 14 3 13 10 10 20 4 16 11 9 10 20 11 12 12 15 10 4 18 5 10 19 4 15 4 6 13 13 11 14 6 0 10 11 11 18 15 0 15 19 15 12 19 13 14 17 15 1 19 5 4 17 5 0 7 12 12 18 3 15 8 8 15 19 4 4 13 19 9 11 9 8 13 4 20 2 11 17 15 20 10 20 2 20 5 10 20 18 12 18 2 19 15 11 2 18 16 14 11 8 12 17 11 19 14 8 1 14
607
0 200 78 112 86 116 94 94 112 113 87 78 114 109 87 75 51 70 67 52 117 98 89 51 100 120 64 88 56 107 63 63 71 119 69 70 109 64 55 78 96 82 84 59 92 51 86 94 105 96 71 100 118 65 62 84 89 94 89 106 120 53 99 98 102 100 97 53 89 97 75 76 101 72 59 101 109 75 94 55 105 59 59 74 65 81 72 95 72 67 65 86 70 106 77 97 104 111 117 81 91 117 88 83 60 80 70 100 83 103 68 108 76 72 89 50 107 67 86 74 73 66 115 79 67 82 100 68 57 89 105 61 96 66 64 120 111 99 115 112 87 108 56 71 57 111 110 70 78 58 74 77 70 62 109 102 64 105 58 118 73 111 53 95 68 83 53 53 67 111 82 72 102 105 119 97 86 62 98 92 57 76 50 80 113 98 65 100 59 87 116 112 87 50 116 95 57 80 113 86 73 103 120 68 108 67 65 120 93 105 80 102 97 106 92 83 78 98 93 72 107 53 52 78 67 115 55 74 52 78 54 65 71 74 82 58 67 90 60 55 51 60 101 82 75 103 109 64 59 81 54 83 109 66 109 74 69 100 118 54 106 81 73 83 109 72 120 72 95 107 106 63 72 82 63 58 77 75 110 96 54 63 56 57 54 103 111 72 98 89 79 60 90 75 63 116 54 82 103 84 115 99 95 84 64 96 72 80 81 56 77 112 67 69 118 56 51 81 84 93 67 62 116 51 83 57 111 55 51 77 103 83 75 101 87 56 68 76 60 51 88 55 66 56 109 84 111 99 67 84 91 109 57 65 84 61 97 84 110 84 108 120 74 82 57 75 70 54 85 119 113 110 109 101 76 55 83 69 54 98 109 104 113 75 106 71 101 82 70 113 52 64 78 81 93 82 82 81 120 69 71 85 79 109 96 115 60 120 54 60 58 77 56 92 119 91 70 56 85 62 56 54 72 62 104 53 114 71 89 108 111 118 120 110 68 102 55 85 52 105 80 96 57 61 51 93 58 95 117 111 68 114 52 84 119 101 113 84 55 95 112 119 73 57 72 101 99 92 83 106 110 110 115 54 59 81 101 93 95 104 116 83 68 54 82 85 96 83 93 93 103 85 109 81 87 88 77 50 53 104 114 89 106 120 114 95 88 89 50 63 119 79 117 76 92 105 108 96 117 117 77 110 97 116 104 82 72 106 104 86 58 96 111 55 78 117 109 95 107 55 119 63 69 88 51 70 116 67 100 89 96 57 109 79 103 79 101 68 60 67 81 73 67 56 83 92 74 86 72 99 108 71 100 79 106 78 106 116 83 81 99 80 68 67 61 82 109 104 68 120 55 77 115 79 75 108 117 84 96 112 77 91 68 73 93 72 200
85
0 200 86 74 115 88 68 84 53 77 116 55 68 108 77 117 81 57 104 93 86 88 97 91 112 109 114 56 62 84 59 94 98 78 58 94 66 115 94 60 89 94 67 60 63 120 54 75 114 78 94 71 113 71 86 72 104 90 54 120 109 76 89 95 92 94 117 54 79 111 62 116 61 70 62 57 79 90 108 62 53 59 97 67 200
688
3 3 42 42 3 42 42 42 3 42 42 3 3 3 3 42 3 3 42 42 3 3 3 42 42 42 42 42 42 42 3 42 3 3 3 42 3 42 42 42 3 42 3 3 42 3 42 42 3 42 3 42 3 3 3 42 42 3 3 3 42 42 3 3 42 42 42 42 3 42 3 42 3 3 42 42 3 42 42 3 3 3 42 42 3 3 3 3 3 42 3 3 3 42 42 3 3 42 3 3 42 42 3 42 42 42 42 3 42 3 42 3 3 3 42 42 42 42 42 3 3 42 42 3 3 42 42 3 3 3 3 42 3 42 42 42 3 42 42 42 42 42 42 42 42 42 3 42 42 3 42 42 42 42 3 42 42 3 3 42 3 3 3 42 42 42 3 3 42 3 3 3 3 3 42 42 42 3 3 3 3 3 42 42 42 3 42 42 3 3 42 3 3 3 42 42 3 42 3 42 42 42 3 42 3 42 42 3 42 42 42 42 3 42 3 3 42 3 3 3 42 3 3 3 3 42 3 42 3 42 3 3 3 42 3 42 42 42 42 3 3 3 42 3 42 42 42 3 42 3 3 3 3 3 3 42 3 3 42 3 3 42 42 3 3 42 3 42 42 42 42 3 3 42 3 42 42 3 42 3 42 3 42 42 3 42 42 42 42 3 3 42 42 3 42 3 3 3 3 3 3 3 42 3 3 42 42 3 3 3 3 42 42 3 42 42 42 42 3 3 3 3 42 42 42 3 42 42 42 42 3 42 3 3 3 3 42 3 42 42 3 3 42 3 42 3 3 3 3 3 3 3 42 3 3 3 3 3 42 3 3 3 42 3 42 3 3 42 42 3 42 3 3 3 42 3 42 3 3 3 3 3 42 42 3 3 3 3 3 3 3 42 3 3 42 3 42 42 42 42 3 3 42 3 42 42 3 42 42 3 42 3 42 42 42 42 3 3 3 42 42 3 42 3 42 3 42 3 42 42 3 42 42 3 3 3 42 3 3 3 42 3 3 3 42 3 3 3 42 3 42 3 3 3 42 42 42 3 42 3 3 42 42 42 42 3 3 42 3 42 42 42 3 3 42 42 3 42 3 3 3 42 3 42 42 3 3 42 3 42 42 42 3 42 3 42 3 3 42 3 3 3 3 3 42 42 42 42 3 42 3 42 42 3 42 42 42 3 42 3 3 3 3 42 42 3 42 3 42 3 3 42 42 3 3 42 3 3 42 3 42 42 3 42 42 42 42 3 3 42 42 3 42 3 42 42 42 42 3 3 42 3 3 42 3 42 42 3 3 42 3 3 3 42 42 3 42 3 42 42 42 3 42 3 42 3 3 3 42 3 42 3 3 42 3 42 3 42 3 3 42 3 42 42 42 3 3 3 42 3 42 42 3 42 3 3 42 42 42 42 42 42 42 3 42 42 42 3 42 42 42 3 3 3 3 3 42 3 42 3 42 3 42 42 42 3 3 3 42 42 3 42 42 3 42 3 3 42 42 3 42 42 3 3 3 42 42 3 42 3 42 3 3 3 3 3 3 3 42 3 42 3 42 3 42 42 3 42
213
9 16 4 187 9 20 10 10 9 20 196 190 10 13 17 163 18 5 1 199 11 11 15 6 19 8 11 0 10 18 4 8 3 163 6 11 3 188 10 3 2 162 4 6 4 17 8 17 12 5 4 11 1 169 11 5 151 3 154 5 16 0 12 19 11 2 2 14 7 170 17 12 5 10 9 0 17 9 15 3 7 8 11 15 3 12 7 1 18 13 180 11 7 180 13 169 20 18 8 20 174 8 3 10 13 13 9 16 11 14 7 13 17 8 2 18 4 3 13 6 11 20 8 188 7 156 2 1 20 0 0 12 11 2 11 19 1 160 3 15 192 199 0 16 161 2 4 200 18 171 6 16 8 9 16 6 13 19 160 16 18 2 174 5 17 12 14 15 5 20 18 170 3 4 8 5 195 14 13 11 6 9 17 159 20 6 3 8 4 10 1 8 1 20 5 3 8 6 11 7 183 163 20 152 18 18 150 18 8 17 17 13 13
981
0 0 0 0 0 0 0 0 0 0 0 0 0 0 0 0 0 0 0 0 0 0 0 0 0 0 0 0 0 0 0 0 0 0 0 0 0 0 0 0 0 0 0 0 0 0 0 0 0 0 0 0 0 0 0 0 0 0 0 0 0 0 0 0 0 0 0 0 0 0 0 0 0 0 0 0 0 0 0 0 0 0 0 0 0 0 0 0 0 0 0 0 0 0 0 0 0 0 0 0 0 0 0 0 0 0 0 0 0 0 0 0 0 0 0 0 0 0 0 0 0 0 0 0 0 0 0 0 0 0 0 0 0 0 0 0 0 0 0 0 0 0 0 0 0 0 0 0 0 0 0 0 0 0 0 0 0 0 0 0 0 0 0 0 0 0 0 0 0 0 0 0 0 0 0 0 0 0 0 0 0 0 0 0 0 0 0 0 0 0 0 0 0 0 0 0 0 0 0 0 0 0 0 0 0 0 0 0 0 0 0 0 0 0 0 0 0 0 0 0 0 0 0 0 0 0 0 0 0 0 0 0 0 0 0 0 0 0 0 0 0 0 0 0 0 0 0 0 0 0 0 0 0 0 0 0 0 0 0 0 0 0 0 0 0 0 0 0 0 0 0 0 0 0 0 0 0 0 0 0 0 0 0 0 0 0 0 0 0 0 0 0 0 0 0 0 0 0 0 0 0 0 0 0 0 0 0 0 0 0 0 0 0 0 0 0 0 0 0 0 0 0 0 0 0 0 0 0 0 0 0 0 0 0 0 0 0 0 0 0 0 0 0 0 0 0 0 0 0 0 0 0 0 0 0 0 0 0 0 0 0 0 0 0 0 0 0 0 0 0 0 0 0 0 0 0 0 0 0 0 0 0 0 0 0 0 0 0 0 0 0 0 0 0 0 0 0 0 0 0 0 0 0 0 0 0 0 0 0 0 0 0 0 0 0 0 0 0 0 0 0 0 0 0 0 0 0 0 0 0 0 0 0 0 0 0 0 0 0 0 0 0 0 0 0 0 0 0 0 0 0 0 0 0 0 0 0 0 0 0 0 0 0 0 0 0 0 0 0 0 0 0 0 0 0 0 0 0 0 0 0 0 0 0 0 0 0 0 0 0 0 0 0 0 0 0 0 0 0 0 0 0 0 0 0 0 0 0 0 0 0 0 0 0 0 0 0 0 0 0 0 0 0 0 0 0 0 0 0 0 0 0 0 0 0 0 0 0 0 0 0 0 0 0 0 0 0 0 0 0 0 0 0 0 0 0 0 0 0 0 0 0 0 0 0 0 0 0 0 0 0 0 0 0 0 0 0 0 0 0 0 0 0 0 0 0 0 0 0 0 0 0 0 0 0 0 0 0 0 0 0 0 0 0 0 0 0 0 0 0 0 0 0 0 0 0 0 0 0 0 0 0 0 0 0 0 0 0 0 0 0 0 0 0 0 0 0 0 0 0 0 0 0 0 0 0 0 0 0 0 0 0 0 0 0 0 0 0 0 0 0 0 0 0 0 0 0 0 0 0 0 0 0 0 0 0 0 0 0 0 0 0 0 0 0 0 0 0 0 0 0 0 0 0 0 0 0 0 0 0 0 0 0 0 0 0 0 0 0 0 0 0 0 0 0 0 0 0 0 0 0 0 0 0 0 0 0 0 0 0 0 0 0 0 0 0 0 0 0 0 0 0 0 0 0 0 0 0 0 0 0 0 0 0 0 0 0 0 0 0 0 0 0 0 0 0 0 0 0 0 0 0 0 0 0 0 0 0 0 0 0 0 0 0 0 0 0 0 0 0 0 0 0 0 0 0 0 0 0 0 0 0 0 0 0 0 0 0 0 0 0 0 0 0 0 0 0 0 0 0 0 0 0 0 0 0 0 0 0 0 0 0 0 0 0 0 0 0 0 0 0 0 0 0 0 0 0 0 0 0 0 0 0 0 0 0 0 0 0 0 0 0 0 0 0 0 0 0 0 0 0 0 0 0 0 0 0 0 0 0 0 0 0 0 0 0 0 0 0 0 0 0 0 0 0 0 0 0 0 0 0 0 0 0 0 0 0 0 0 0 0 0 0 0 0 0 0 0 0 0 0 0 0 0 0 0 0 0 0 0 0 0 0 0 0 0 0 0 0 0 0 0 0 0 0 0 0 0 0 0 0 0 0 0 0 0 0 0 0 0 0 0 0 0 0 0 0 0 0 0 0 0 0 0 0 0 0 0 0 0 0
596
200 200 200 200 200 200 200 200 200 200 200 200 200 200 200 200 200 200 200 200 200 200 200 200 200 200 200 200 200 200 200 200 200 200 200 200 200 200 200 200 200 200 200 200 200 200 200 200 200 200 200 200 200 200 200 200 200 200 200 200 200 200 200 200 200 200 200 200 200 200 200 200 200 200 200 200 200 200 200 200 200 200 200 200 200 200 200 200 200 200 200 200 200 200 200 200 200 200 200 200 200 200 200 200 200 200 200 200 200 200 200 200 200 200 200 200 200 200 200 200 200 200 200 200 200 200 200 200 200 200 200 200 200 200 200 200 200 200 200 200 200 200 200 200 200 200 200 200 200 200 200 200 200 200 200 200 200 200 200 200 200 200 200 200 200 200 200 200 200 200 200 200 200 200 200 200 200 200 200 200 200 200 200 200 200 200 200 200 200 200 200 200 200 200 200 200 200 200 200 200 200 200 200 200 200 200 200 200 200 200 200 200 200 200 200 200 200 200 200 200 200 200 200 200 200 200 200 200 200 200 200 200 200 200 200 200 200 200 200 200 200 200 200 200 200 200 200 200 200 200 200 200 200 200 200 200 200 200 200 200 200 200 200 200 200 200 200 200 200 200 200 200 200 200 200 200 200 200 200 200 200 200 200 200 200 200 200 200 200 200 200 200 200 200 200 200 200 200 200 200 200 200 200 200 200 200 200 200 200 200 200 200 200 200 200 200 200 200 200 200 200 200 200 200 200 200 200 200 200 200 200 200 200 200 200 200 200 200 200 200 200 200 200 200 200 200 200 200 200 200 200 200 200 200 200 200 200 200 200 200 200 200 200 200 200 200 200 200 200 200 200 200 200 200 200 200 200 200 200 200 200 200 200 200 200 200 200 200 200 200 200 200 200 200 200 200 200 200 200 200 200 200 200 200 200 200 200 200 200 200 200 200 200 200 200 200 200 200 200 200 200 200 200 200 200 200 200 200 200 200 200 200 200 200 200 200 200 200 200 200 200 200 200 200 200 200 200 200 200 200 200 200 200 200 200 200 200 200 200 200 200 200 200 200 200 200 200 200 200 200 200 200 200 200 200 200 200 200 200 200 200 200 200 200 200 200 200 200 200 200 200 200 200 200 200 200 200 200 200 200 200 200 200 200 200 200 200 200 200 200 200 200 200 200 200 200 200 200 200 200 200 200 200 200 200 200 200 200 200 200 200 200 200 200 200 200 200 200 200 200 200 200 200 200 200 200 200 200 200 200 200 200 200 200 200 200 200 200 200 200 200 200 200 200 200 200 200 200 200 200 200 200 200 200 200 200 200 200 200 200 200 200 200 200 200 200 200 200 200 200 200 200 200 200 200 200
911
0 200 69 111 94 100 116 120 90 94 57 72 84 94 93 82 98 117 77 71 119 111 74 107 88 81 50 96 59 114 83 80 94 106 63 99 76 73 95 70 103 102 79 86 59 93 68 51 69 119 62 65 56 89 90 89 104 93 64 52 79 62 81 91 102 60 95 86 104 86 70 69 92 92 80 63 52 84 89 120 78 118 111 68 86 95 120 94 91 91 54 55 69 91 73 66 92 115 120 98 58 102 78 120 86 74 119 79 60 91 94 106 73 92 88 55 84 54 60 100 53 114 101 112 56 82 98 79 59 95 59 83 56 71 86 59 100 67 83 116 81 58 109 94 83 77 87 91 114 68 86 55 53 78 63 73 59 94 120 110 86 97 112 89 82 61 113 53 96 100 90 101 82 51 119 117 100 105 98 67 69 52 52 67 80 110 105 97 83 71 103 103 82 91 72 90 114 95 56 82 63 86 74 83 107 60 51 70 68 58 119 57 80 119 72 58 75 115 76 107 99 70 105 117 94 105 109 60 101 57 103 114 58 85 55 86 110 52 75 58 103 112 107 82 50 118 115 65 79 88 65 78 84 109 92 113 109 120 98 94 81 113 59 80 60 112 56 76 84 108 89 72 94 67 74 119 113 80 100 73 112 94 91 114 117 64 91 96 101 59 62 68 105 72 74 65 96 116 75 93 64 82 83 79 119 55 107 99 105 75 53 50 114 57 55 81 53 63 87 51 79 58 52 75 81 83 72 63 109 83 89 73 59 97 115 54 61 54 56 117 65 76 86 54 110 76 105 50 87 111 68 72 84 61 98 82 117 104 119 69 85 75 55 50 88 98 100 66 91 108 94 58 56 84 115 104 50 60 74 54 57 114 109 54 72 99 91 95 91 69 108 70 80 91 65 103 70 66 51 110 94 58 75 110 58 111 50 90 75 60 87 69 69 98 73 120 103 102 103 50 115 79 109 111 105 71 98 104 92 106 59 106 93 106 54 109 65 119 52 85 94 61 63 73 62 117 54 96 109 84 100 55 69 111 72 62 116 82 94 116 112 81 57 93 112 75 106 100 87 53 58 98 116 52 68 92 117 80 65 120 58 115 88 85 51 98 57 87 54 99 110 54 86 65 56 94 61 50 102 69 72 72 90 51 51 80 53 89 114 103 71 59 85 79 80 95 84 76 91 71 99 57 85 111 98 71 109 113 105 62 114 53 93 99 106 55 104 51 84 78 98 76 67 99 52 74 81 118 50 117 98 56 67 54 105 90 96 72 101 81 81 69 74 60 63 99 99 94 115 74 105 102 58 96 118 61 115 75 90 120 63 53 102 53 94 118 56 95 116 67 69 64 93 57 97 102 89 94 118 53 100 54 113 92 100 65 116 51 71 70 96 64 114 117 80 64 117 55 71 91 61 105 57 92 107 96 90 66 61 72 114 62 95 95 120 59 50 97 57 67 57 112 75 71 53 96 70 97 86 97 52 55 51 84 60 120 106 117 107 53 95 58 85 87 65 119 57 71 95 53 119 55 119 89 120 52 59 60 54 107 61 58 75 55 94 56 113 98 117 89 114 90 93 51 86 51 59 98 72 65 119 115 114 79 110 83 89 75 54 70 63 77 112 50 104 66 92 83 113 59 79 102 88 90 65 88 68 95 94 69 52 93 55 84 107 51 102 68 103 65 69 112 108 100 103 52 110 111 81 61 50 87 74 113 87 67 101 116 82 98 91 98 74 101 93 69 103 79 107 64 93 93 113 107 65 53 85 92 73 61 64 77 66 50 62 50 58 82 78 57 86 116 100 56 68 91 104 103 119 110 55 117 78 75 90 76 61 66 107 54 57 54 108 119 103 89 91 100 116 78 102 61 89 54 53 94 118 106 52 71 56 59 93 110 82 56 66 96 71 53 90 61 112 110 83 72 78 81 61 110 87 89 118 59 114 53 103 56 59 99 112 101 115 91 66 88 83 110 78 120 115 54 103 73 120 65 54 83 95 90 113 92 118 98 109 66 80 89 106 57 66 105 76 68 106 88 89 87 117 63 54 83 86 113 107 55 70 120 100 102 200
797
9 16 1 9 4 19 11 10 0 1 10 4 20 1 20 6 11 12 18 5 0 20 11 3 1 2 18 7 12 8 19 15 9 18 1 1 19 2 8 10 9 7 3 2 11 8 11 7 7 4 0 9 17 5 18 18 14 9 5 17 3 7 19 4 2 1 18 5 2 1 6 10 1 15 13 3 14 20 15 10 12 19 12 8 1 11 13 20 10 7 1 17 18 19 6 20 10 9 7 5 20 0 3 12 15 8 13 12 17 10 11 7 18 20 16 16 8 14 16 18 6 20 5 4 8 17 18 17 12 2 5 15 0 9 10 18 20 10 4 12 7 17 4 15 10 20 20 11 7 0 9 4 8 12 1 15 5 11 9 7 0 13 4 20 15 19 7 1 19 2 19 6 18 19 0 13 13 19 18 5 20 20 13 18 16 0 15 10 15 2 11 17 20 20 19 1 11 17 11 2 17 10 16 16 18 16 6 15 20 5 14 9 2 19 10 0 3 9 19 4 6 13 18 5 3 4 13 14 1 11 4 16 8 19 0 14 18 17 2 16 4 7 12 7 5 5 11 12 1 4 5 20 10 16 10 7 16 13 17 3 11 15 4 10 16 11 8 9 17 15 0 9 7 0 18 5 7 1 9 18 7 14 1 16 2 15 19 16 4 7 13 13 11 11 0 0 19 19 15 2 1 0 17 11 3 1 3 20 6 19 14 6 16 0 9 14 15 2 8 10 7 8 18 5 2 15 1 1 13 3 4 17 18 6 17 12 2 0 20 11 13 1 6 5 15 7 12 4 14 15 2 0 6 20 20 11 6 9 2 7 11 10 5 18 14 7 13 20 3 12 13 17 17 6 11 7 0 14 13 15 2 9 12 14 15 19 4 16 18 10 11 18 19 16 9 0 5 3 4 16 12 11 2 2 10 2 3 18 11 20 9 10 10 3 0 16 11 16 19 16 11 3 5 16 4 8 19 18 7 14 19 3 6 5 9 17 1 18 15 7 9 9 1 0 17 0 9 12 17 0 8 19 17 7 7 6 15 5 3 13 14 19 1 12 18 9 17 12 4 19 5 16 8 7 1 20 2 5 5 18 2 3 5 19 3 13 1 20 19 16 4 11 14 15 16 15 9 7 0 3 6 20 15 14 4 2 4 8 8 6 9 2 13 12 5 11 17 19 18 9 4 10 19 5 9 17 0 9 18 1 11 5 20 2 19 20 3 4 8 12 15 3 8 19 3 17 0 9 1 1 0 2 11 5 14 20 8 1 19 13 9 1 17 15 18 18 13 13 13 7 8 16 4 16 7 16 1 2 18 19 11 9 14 11 16 0 5 9 13 2 18 15 16 14 18 10 2 5 9 13 3 19 19 4 14 15 8 7 7 3 11 10 10 17 6 2 9 12 1 13 3 11 0 15 3 20 16 9 5 9 4 14 18 18 20 5 5 11 18 12 18 12 1 7 20 2 9 4 0 16 13 11 5 19 20 19 14 16 0 15 9 5 14 5 13 2 6 14 1 10 14 6 14 2 17 13 10 17 2 16 1 10 12 16 0 9 20 15 1 19 11 16 3 18 20 6 16 0 4 16 9 2 3 18 19 17 19 14 8 15 4 14 6 9 17 20 15 20 20 17 2 6 5 5 0 2 1 13 16 9 5 3 16 12 6 13 11 6 12 4 20 7 1 15 14 14 0 19 15 9 7 14 10 11 9 11 3 3 9 5 16 18 9 17 13 0 7 1 5 2 15 20 0 2 7 18 15 1 10 12 2 11 17 8 5 0 15 19 6 16 10 12 10 13 6 4 4
802
0 200 102 59 108 79 97 86 62 102 66 71 93 62 77 106 86 115 113 91 63 71 65 60 117 116 95 55 95 72 95 108 120 76 65 96 98 71 74 115 50 66 83 104 82 111 81 65 101 69 78 56 79 68 95 88 66 55 105 77 114 107 117 60 100 66 101 103 64 119 81 96 100 111 79 53 88 83 98 95 85 100 101 60 88 57 65 110 89 62 103 93 97 57 62 78 102 107 93 87 54 60 81 60 59 112 109 62 65 96 112 89 113 105 78 87 83 100 112 93 106 117 80 90 116 85 71 53 83 94 93 90 94 69 50 57 94 79 116 66 97 90 90 117 79 79 74 73 100 58 96 104 115 90 81 80 120 79 102 95 89 81 76 110 82 63 97 86 90 65 70 107 58 67 70 51 82 99 95 116 81 120 70 111 69 68 58 59 70 95 86 55 64 57 57 67 105 69 67 72 62 81 81 116 62 52 116 75 109 54 58 117 81 88 71 94 54 74 84 111 63 74 107 53 56 75 110 117 82 98 81 104 97 79 67 106 81 67 64 115 61 92 52 88 73 65 52 54 76 116 50 76 66 114 103 83 53 59 99 113 56 87 94 84 103 105 110 71 89 116 99 53 96 72 53 77 75 107 67 120 52 91 90 63 119 103 87 109 51 77 111 113 94 112 108 55 78 90 57 107 57 96 97 108 93 86 108 71 104 98 119 111 50 60 114 92 71 94 94 100 61 102 94 83 86 52 51 114 105 76 87 68 119 58 98 98 117 114 65 63 99 95 87 58 119 86 81 71 90 79 66 110 80 86 72 68 63 67 52 63 101 57 78 109 65 115 108 100 51 112 98 104 87 73 116 74 120 82 99 87 87 70 112 73 67 98 99 89 107 115 107 59 53 108 60 52 58 85 83 58 73 56 99 52 88 66 96 114 65 106 114 84 94 52 104 75 65 83 99 84 75 52 106 58 61 51 119 85 64 94 55 69 102 63 86 57 63 96 97 61 109 91 113 84 96 65 68 114 119 59 79 118 67 116 68 85 61 93 108 75 102 112 75 76 62 84 50 81 93 93 119 108 112 119 57 94 92 81 84 52 91 59 60 114 82 99 64 102 67 116 72 112 91 105 110 106 85 86 110 97 80 92 107 93 50 93 92 64 79 99 83 68 86 103 93 104 77 94 53 106 97 119 83 120 97 84 97 94 61 100 113 72 72 53 74 106 69 109 50 67 82 106 50 93 73 60 69 59 114 76 77 70 66 86 50 118 112 99 78 81 69 67 85 64 91 107 81 80 53 87 66 105 120 67 51 90 87 112 85 66 68 68 51 106 65 100 120 118 100 77 99 86 119 113 78 99 95 61 67 57 56 81 55 112 86 74 50 76 71 61 84 74 107 69 88 104 78 61 72 70 98 68 58 108 84 91 96 58 78 56 64 61 83 100 53 61 66 73 79 111 79 95 61 73 64 63 102 51 72 92 90 87 93 112 96 52 89 56 86 51 83 74 103 71 72 74 120 82 62 76 65 101 59 92 116 67 77 113 93 95 91 96 108 91 114 71 63 83 103 62 61 99 61 75 69 61 86 50 93 89 51 86 71 75 94 91 95 81 67 55 78 103 101 91 118 58 59 77 85 80 114 106 97 90 66 100 98 54 102 91 105 79 58 118 63 52 73 102 111 86 106 58 114 54 115 94 66 113 116 108 51 95 91 119 74 93 79 66 118 64 94 83 92 61 105 73 110 92 99 106 64 60 66 114 50 50 107 120 54 117 109 106 98 95 68 51 93 67 90 51 119 93 72 115 51 106 63 86 59 115 119 200
357
200 200 200 200 200 200 200 200 200 200 200 200 200 200 200 200 200 200 200 200 200 200 200 200 200 200 200 200 200 200 200 200 200 200 200 200 200 200 200 200 200 200 200 200 200 200 200 200 200 200 200 200 200 200 200 200 200 200 200 200 200 200 200 200 200 200 200 200 200 200 200 200 200 200 200 200 200 200 200 200 200 200 200 200 200 200 200 200 200 200 200 200 200 200 200 200 200 200 200 200 200 200 200 200 200 200 200 200 200 200 200 200 200 200 200 200 200 200 200 200 200 200 200 200 200 200 200 200 200 200 200 200 200 200 200 200 200 200 200 200 200 200 200 200 200 200 200 200 200 200 200 200 200 200 200 200 200 200 200 200 200 200 200 200 200 200 200 200 200 200 200 200 200 200 200 200 200 200 200 200 200 200 200 200 200 200 200 200 200 200 200 200 200 200 200 200 200 200 200 200 200 200 200 200 200 200 200 200 200 200 200 200 200 200 200 200 200 200 200 200 200 200 200 200 200 200 200 200 200 200 200 200 200 200 200 200 200 200 200 200 200 200 200 200 200 200 200 200 200 200 200 200 200 200 200 200 200 200 200 200 200 200 200 200 200 200 200 200 200 200 200 200 200 200 200 200 200 200 200 200 200 200 200 200 200 200 200 200 200 200 200 200 200 200 200 200 200 200 200 200 200 200 200 200 200 200 200 200 200 200 200 200 200 200 200 200 200 200 200 200 200 200 200 200 200 200 200 200 200 200 200 200 200 200 200 200 200 200 200 200 200 200 200 200 200 200 200 200 200 200 200 200 200 200 200 200 200
761
181 181 181 134 134 134 46 33 181 181 33 134 181 134 46 46 33 46 134 46 181 181 46 134 134 181 46 33 46 33 134 33 46 134 134 134 181 33 33 134 181 181 46 46 181 181 46 46 46 134 33 181 134 33 181 181 134 46 134 181 33 33 33 46 46 134 46 181 46 181 46 134 134 46 181 33 46 181 181 46 134 46 181 46 33 181 33 33 181 181 181 134 181 134 33 134 33 46 46 134 181 134 46 46 134 134 46 46 181 181 181 134 33 33 33 181 33 33 181 33 134 46 46 134 181 181 33 46 33 181 46 181 33 181 33 46 46 33 33 134 134 46 134 134 46 33 181 46 46 134 181 134 134 46 46 134 46 33 46 46 46 33 33 134 33 46 46 181 46 46 181 33 46 46 33 134 33 46 134 181 134 46 46 181 181 46 134 46 33 33 181 134 33 181 134 33 46 181 33 46 134 33 134 134 181 46 181 134 33 33 33 33 46 33 181 46 33 46 33 33 33 33 181 181 46 46 134 33 46 33 46 134 33 134 181 46 46 134 134 181 134 33 46 134 134 33 134 46 33 33 134 134 46 33 181 181 33 33 181 181 46 181 46 134 181 33 33 46 33 33 46 181 134 46 46 33 33 181 46 33 134 33 46 181 181 46 46 134 33 134 46 181 33 134 134 33 181 46 181 181 33 181 33 33 33 134 181 46 134 33 181 46 181 46 134 46 134 181 181 134 46 33 46 181 46 46 46 33 46 33 46 33 46 181 134 33 181 46 134 181 181 134 181 181 134 181 181 181 33 134 33 134 33 134 33 46 33 33 134 134 33 181 181 181 134 134 33 46 46 134 33 181 46 134 33 181 46 33 46 181 181 134 134 46 46 46 46 134 46 33 181 33 46 181 46 46 134 46 181 134 181 46 46 134 33 33 134 46 33 181 181 46 134 33 46 181 46 134 134 181 33 134 46 33 181 46 46 134 134 33 134 181 134 46 33 181 46 46 33 134 33 134 181 181 134 181 134 33 181 134 33 33 33 134 33 181 46 181 46 46 46 46 46 134 46 33 134 46 33 33 46 134 181 181 33 33 181 33 134 181 181 46 134 33 33 181 181 33 33 134 33 181 46 46 46 181 181 33 46 134 46 46 134 134 46 46 33 181 33 134 46 181 33 33 46 134 33 134 181 46 134 181 46 134 33 46 181 181 46 181 134 46 134 134 134 33 46 33 33 33 181 134 181 181 181 134 134 134 46 33 181 33 46 46 46 33 33 134 46 33 134 46 181 181 33 33 46 181 33 33 134 33 181 181 181 33 33 181 134 181 46 181 46 33 33 134 134 134 33 46 46 181 134 33 46 134 33 46 181 181 33 181 46 134 134 181 33 46 46 134 33 134 33 181 181 181 134 46 46 46 46 46 181 46 46 33 181 46 46 134 46 134 46 134 134 134 33 46 33 46 181 33 33 46 33 46 134 46 46 181 46 33 181 33 33 46 46 134 33 46 134 134 46 33 33 181 181 181 181 134 46 33 33 181 33 134 134 33 46 33 33 33 134 181 181 181 134 134 33 46 33 46 46 46 181 46 181 33 181 33 33 46 33 33 46 46 134 46 46 46 33 181 33 134 181 33 134 46 181 181 33 33 134 33 33 33 134 33 134 46 46 134 46 46 33 134 134 46 46 181 134 46 46 134 46 181 46 33 134 181 33 181 134 134 134 134 134 181 181 134 33
368
200 200 200 200 200 200 200 200 200 200 200 200 200 200 200 200 200 200 200 200 200 200 200 200 200 200 200 200 200 200 200 200 200 200 200 200 200 200 200 200 200 200 200 200 200 200 200 200 200 200 200 200 200 200 200 200 200 200 200 200 200 200 200 200 200 200 200 200 200 200 200 200 200 200 200 200 200 200 200 200 200 200 200 200 200 200 200 200 200 200 200 200 200 200 200 200 200 200 200 200 200 200 200 200 200 200 200 200 200 200 200 200 200 200 200 200 200 200 200 200 200 200 200 200 200 200 200 200 200 200 200 200 200 200 200 200 200 200 200 200 200 200 200 200 200 200 200 200 200 200 200 200 200 200 200 200 200 200 200 200 200 200 200 200 200 200 200 200 200 200 200 200 200 200 200 200 200 200 200 200 200 200 200 200 200 200 200 200 200 200 200 200 200 200 200 200 200 200 200 200 200 200 200 200 200 200 200 200 200 200 200 200 200 200 200 200 200 200 200 200 200 200 200 200 200 200 200 200 200 200 200 200 200 200 200 200 200 200 200 200 200 200 200 200 200 200 200 200 200 200 200 200 200 200 200 200 200 200 200 200 200 200 200 200 200 200 200 200 200 200 200 200 200 200 200 200 200 200 200 200 200 200 200 200 200 200 200 200 200 200 200 200 200 200 200 200 200 200 200 200 200 200 200 200 200 200 200 200 200 200 200 200 200 200 200 200 200 200 200 200 200 200 200 200 200 200 200 200 200 200 200 200 200 200 200 200 200 200 200 200 200 200 200 200 200 200 200 200 200 200 200 200 200 200 200 200 200 200 200 200 200 200 200 200 200 200 200 200
337
15 13 7 0 18 5 19 13 19 4 8 9 9 15 11 0 14 8 9 17 18 7 15 3 20 4 12 10 10 10 11 14 13 19 17 15 16 0 0 15 5 20 9 11 16 9 4 2 14 0 17 9 6 12 13 18 7 11 7 1 6 1 7 9 12 5 20 20 11 15 1 19 20 19 5 16 11 0 6 13 1 16 0 1 4 20 5 13 13 3 4 15 14 16 1 13 6 16 9 20 17 1 10 19 14 16 1 11 14 14 3 1 10 0 10 0 3 5 20 6 7 3 18 16 3 3 6 11 11 13 0 8 10 20 10 16 20 12 7 11 5 19 16 16 16 4 0 9 1 8 3 11 14 16 13 12 14 7 12 5 6 3 16 0 11 10 11 8 4 11 6 17 7 15 8 19 5 13 0 19 15 12 5 13 20 8 3 14 17 9 20 17 16 1 15 8 12 16 6 17 3 7 10 12 19 18 5 13 0 13 20 20 3 4 10 20 15 2 16 0 5 9 3 16 20 13 5 19 10 7 20 18 20 11 20 12 9 4 18 13 15 13 19 3 9 2 9 4 11 18 5 8 20 13 12 10 13 5 14 12 9 17 20 5 12 15 11 7 0 11 19 10 15 10 12 18 0 2 17 0 6 10 7 1 13 5 4 18 6 6 6 17 10 4 5 2 8 11 2 1 4 10 6 5 3 4 8 13 4 3 2 12 2 19 13 8 14 15 8 9 7 5 5 2 4 8 14 3 6 13 15 9 6 3 7 9 15
785
200 200 200 200 200 200 200 200 200 200 200 200 200 200 200 200 200 200 200 200 200 200 200 200 200 200 200 200 200 200 200 200 200 200 200 200 200 200 200 200 200 200 200 200 200 200 200 200 200 200 200 200 200 200 200 200 200 200 200 200 200 200 200 200 200 200 200 200 200 200 200 200 200 200 200 200 200 200 200 200 200 200 200 200 200 200 200 200 200 200 200 200 200 200 200 200 200 200 200 200 200 200 200 200 200 200 200 200 200 200 200 200 200 200 200 200 200 200 200 200 200 200 200 200 200 200 200 200 200 200 200 200 200 200 200 200 200 200 200 200 200 200 200 200 200 200 200 200 200 200 200 200 200 200 200 200 200 200 200 200 200 200 200 200 200 200 200 200 200 200 200 200 200 200 200 200 200 200 200 200 200 200 200 200 200 200 200 200 200 200 200 200 200 200 200 200 200 200 200 200 200 200 200 200 200 200 200 200 200 200 200 200 200 200 200 200 200 200 200 200 200 200 200 200 200 200 200 200 200 200 200 200 200 200 200 200 200 200 200 200 200 200 200 200 200 200 200 200 200 200 200 200 200 200 200 200 200 200 200 200 200 200 200 200 200 200 200 200 200 200 200 200 200 200 200 200 200 200 200 200 200 200 200 200 200 200 200 200 200 200 200 200 200 200 200 200 200 200 200 200 200 200 200 200 200 200 200 200 200 200 200 200 200 200 200 200 200 200 200 200 200 200 200 200 200 200 200 200 200 200 200 200 200 200 200 200 200 200 200 200 200 200 200 200 200 200 200 200 200 200 200 200 200 200 200 200 200 200 200 200 200 200 200 200 200 200 200 200 200 200 200 200 200 200 200 200 200 200 200 200 200 200 200 200 200 200 200 200 200 200 200 200 200 200 200 200 200 200 200 200 200 200 200 200 200 200 200 200 200 200 200 200 200 200 200 200 200 200 200 200 200 200 200 200 200 200 200 200 200 200 200 200 200 200 200 200 200 200 200 200 200 200 200 200 200 200 200 200 200 200 200 200 200 200 200 200 200 200 200 200 200 200 200 200 200 200 200 200 200 200 200 200 200 200 200 200 200 200 200 200 200 200 200 200 200 200 200 200 200 200 200 200 200 200 200 200 200 200 200 200 200 200 200 200 200 200 200 200 200 200 200 200 200 200 200 200 200 200 200 200 200 200 200 200 200 200 200 200 200 200 200 200 200 200 200 200 200 200 200 200 200 200 200 200 200 200 200 200 200 200 200 200 200 200 200 200 200 200 200 200 200 200 200 200 200 200 200 200 200 200 200 200 200 200 200 200 200 200 200 200 200 200 200 200 200 200 200 200 200 200 200 200 200 200 200 200 200 200 200 200 200 200 200 200 200 200 200 200 200 200 200 200 200 200 200 200 200 200 200 200 200 200 200 200 200 200 200 200 200 200 200 200 200 200 200 200 200 200 200 200 200 200 200 200 200 200 200 200 200 200 200 200 200 200 200 200 200 200 200 200 200 200 200 200 200 200 200 200 200 200 200 200 200 200 200 200 200 200 200 200 200 200 200 200 200 200 200 200 200 200 200 200 200 200 200 200 200 200 200 200 200 200 200 200 200 200 200 200 200 200 200 200 200 200 200 200 200 200 200 200 200 200 200 200 200 200 200 200 200 200 200 200 200 200 200 200 200 200 200 200 200 200 200 200 200 200 200 200 200 200 200 200 200 200 200 200 200 200 200 200 200 200 200 200 200 200 200 200 200 200 200 200 200 200 200 200 200 200 200 200 200 200 200 200 200
795
0 200 90 107 60 111 55 82 99 102 113 88 91 93 79 59 54 83 113 97 110 108 110 63 101 52 95 78 92 99 86 104 91 58 108 109 106 74 118 108 106 93 96 101 79 58 101 107 93 120 104 97 67 108 76 80 71 118 120 65 75 75 102 60 64 84 55 76 51 99 110 56 97 60 79 87 97 87 82 113 110 91 95 50 112 82 116 113 112 97 78 55 103 88 66 115 108 89 116 113 79 115 98 87 80 62 108 59 117 82 67 107 67 83 57 118 115 98 120 71 66 95 51 80 101 104 95 78 78 75 82 88 75 86 68 113 56 58 102 109 66 59 70 99 57 93 66 51 50 112 53 119 112 81 80 62 64 59 94 61 109 107 119 88 63 104 117 98 109 106 92 52 115 52 59 90 81 75 72 78 94 95 88 90 99 69 51 51 63 90 50 69 76 55 67 118 111 100 102 74 86 61 92 116 83 93 104 82 52 61 51 104 64 97 76 114 50 118 51 117 58 80 52 76 107 87 66 117 113 73 56 59 107 118 105 66 55 71 116 64 109 52 98 98 85 108 93 119 69 99 107 81 102 96 59 90 91 69 96 99 103 92 117 108 107 91 67 54 93 64 67 120 80 70 101 101 97 51 75 89 86 50 96 95 60 64 118 72 116 89 77 96 50 104 107 59 55 92 120 94 54 90 105 70 110 103 75 90 72 84 70 75 119 96 74 61 96 114 112 111 102 52 94 73 57 69 64 104 86 94 73 78 64 99 82 99 64 81 88 93 83 103 78 76 104 84 95 95 92 80 57 118 117 67 68 67 66 78 83 107 94 106 110 78 96 86 52 98 66 94 69 85 55 79 68 93 92 75 54 115 50 88 51 114 109 52 56 120 98 66 115 90 74 102 81 53 82 97 73 66 77 107 55 80 60 50 74 108 109 67 110 68 91 80 105 99 55 70 109 77 61 57 91 68 62 102 55 97 76 61 105 111 89 52 103 93 119 66 56 104 79 62 110 77 99 119 100 89 70 67 62 115 59 51 86 119 67 62 99 60 113 119 50 61 111 116 65 120 69 112 117 101 69 72 70 100 103 76 81 65 92 65 98 63 82 57 105 61 74 91 92 77 77 102 89 100 61 66 63 51 75 70 60 53 98 104 77 117 86 63 73 81 120 87 101 102 90 106 74 69 112 59 71 56 84 110 110 74 105 89 52 112 66 104 54 80 90 66 70 81 62 63 119 96 68 118 84 59 55 81 63 98 58 59 83 112 82 67 96 94 52 78 60 58 114 79 59 76 96 98 101 75 52 91 57 59 69 77 88 119 59 87 94 72 116 83 62 78 56 57 76 112 53 108 64 76 102 98 54 68 60 97 87 86 99 85 120 112 64 52 53 85 58 71 116 94 112 85 87 53 53 102 109 65 77 71 98 108 73 78 69 63 55 112 65 69 95 115 58 50 95 65 117 68 51 113 57 103 52 89 71 107 94 84 64 58 91 111 69 119 51 91 113 105 120 58 105 110 55 93 110 72 62 97 113 59 109 86 83 105 62 66 89 97 61 50 98 116 98 111 89 101 119 98 65 120 52 111 73 71 92 100 56 77 54 99 86 84 120 101 105 53 87 90 93 63 105 84 118 108 56 68 50 113 88 66 66 73 66 115 72 87 68 50 61 116 53 96 93 65 105 96 91 51 61 108 75 61 111 88 75 100 64 115 104 102 84 109 85 104 86 106 73 57 91 103 53 75 68 118 58 76 53 94 56 114 73 110 52 93 58 120 80 56 56 100 73 102 52 61 60 58 62 109 200
499
200 200 200 200 200 200 200 200 200 200 200 200 200 200 200 200 200 200 200 200 200 200 200 200 200 200 200 200 200 200 200 200 200 200 200 200 200 200 200 200 200 200 200 200 200 200 200 200 200 200 200 200 200 200 200 200 200 200 200 200 200 200 200 200 200 200 200 200 200 200 200 200 200 200 200 200 200 200 200 200 200 200 200 200 200 200 200 200 200 200 200 200 200 200 200 200 200 200 200 200 200 200 200 200 200 200 200 200 200 200 200 200 200 200 200 200 200 200 200 200 200 200 200 200 200 200 200 200 200 200 200 200 200 200 200 200 200 200 200 200 200 200 200 200 200 200 200 200 200 200 200 200 200 200 200 200 200 200 200 200 200 200 200 200 200 200 200 200 200 200 200 200 200 200 200 200 200 200 200 200 200 200 200 200 200 200 200 200 200 200 200 200 200 200 200 200 200 200 200 200 200 200 200 200 200 200 200 200 200 200 200 200 200 200 200 200 200 200 200 200 200 200 200 200 200 200 200 200 200 200 200 200 200 200 200 200 200 200 200 200 200 200 200 200 200 200 200 200 200 200 200 200 200 200 200 200 200 200 200 200 200 200 200 200 200 200 200 200 200 200 200 200 200 200 200 200 200 200 200 200 200 200 200 200 200 200 200 200 200 200 200 200 200 200 200 200 200 200 200 200 200 200 200 200 200 200 200 200 200 200 200 200 200 200 200 200 200 200 200 200 200 200 200 200 200 200 200 200 200 200 200 200 200 200 200 200 200 200 200 200 200 200 200 200 200 200 200 200 200 200 200 200 200 200 200 200 200 200 200 200 200 200 200 200 200 200 200 200 200 200 200 200 200 200 200 200 200 200 200 200 200 200 200 200 200 200 200 200 200 200 200 200 200 200 200 200 200 200 200 200 200 200 200 200 200 200 200 200 200 200 200 200 200 200 200 200 200 200 200 200 200 200 200 200 200 200 200 200 200 200 200 200 200 200 200 200 200 200 200 200 200 200 200 200 200 200 200 200 200 200 200 200 200 200 200 200 200 200 200 200 200 200 200 200 200 200 200 200 200 200 200 200 200 200 200 200 200 200 200 200 200 200 200 200 200 200 200 200 200 200 200 200 200 200 200 200 200 200 200
930
0 200 90 89 81 55 90 53 95 112 56 93 103 78 86 51 53 81 71 102 57 88 80 84 57 96 50 65 85 94 85 80 76 74 74 64 106 69 113 92 59 103 105 101 75 93 86 80 69 80 84 90 98 84 59 118 103 53 91 86 100 109 77 101 92 115 60 70 120 69 77 85 104 74 101 119 67 82 63 55 50 93 81 60 102 51 93 60 59 115 119 115 114 58 105 76 65 90 75 71 99 111 117 58 99 118 103 104 62 93 61 105 80 85 70 92 65 95 51 72 90 86 120 60 94 87 72 97 93 93 108 95 91 120 111 54 110 81 104 50 120 61 115 62 52 95 88 65 112 112 67 93 59 73 83 65 90 55 78 94 75 91 52 80 98 103 87 117 80 57 78 74 80 53 71 74 85 84 111 92 59 55 65 103 79 73 81 110 68 75 84 63 92 117 87 97 110 78 107 77 85 65 117 51 71 117 106 103 56 96 73 75 95 85 101 84 53 77 55 64 92 72 50 60 69 83 77 116 69 67 116 70 71 54 113 97 112 62 105 89 60 104 97 62 66 57 92 112 82 76 109 64 116 84 73 53 60 95 116 50 88 93 81 108 74 87 92 108 63 87 59 81 103 79 101 53 65 96 79 79 83 66 82 93 74 95 63 78 116 116 118 108 115 68 52 58 84 120 59 79 99 114 93 119 53 80 62 58 66 72 51 92 62 101 80 114 70 80 69 61 113 120 116 85 76 75 98 59 80 81 100 63 97 103 93 84 103 106 86 79 97 72 88 86 102 84 50 78 74 103 85 54 69 113 53 63 96 100 94 62 84 55 60 114 58 70 70 66 82 91 99 116 87 88 87 79 115 68 115 97 103 62 52 86 102 86 56 90 58 73 68 78 78 93 62 57 68 78 82 66 50 120 51 56 55 60 114 103 116 81 114 81 120 64 107 96 77 57 119 63 115 71 112 89 120 59 79 107 99 107 55 117 71 100 72 90 118 50 92 59 88 67 75 51 50 107 86 79 115 74 100 111 92 116 101 103 59 120 113 117 99 113 102 101 57 70 119 114 84 114 60 116 72 120 54 93 108 113 57 85 110 71 91 120 102 87 98 89 50 92 84 52 60 119 103 102 75 114 81 83 120 92 74 101 93 90 63 67 67 70 62 88 84 95 120 118 90 83 79 92 91 112 59 75 108 85 64 67 105 86 112 117 77 71 118 96 106 94 64 104 65 98 119 98 82 67 64 87 58 118 74 71 82 107 83 112 78 69 81 109 107 60 67 54 69 105 74 101 107 72 115 59 90 69 57 60 86 82 81 94 87 74 102 84 61 87 95 103 106 101 76 92 105 110 90 81 101 68 107 102 58 88 85 94 95 62 65 68 118 119 92 106 113 60 114 94 96 98 57 119 112 84 81 106 77 116 116 61 88 84 108 106 56 96 96 115 119 110 118 97 63 52 116 50 81 83 55 119 82 101 120 94 66 99 77 88 52 88 116 57 55 101 75 115 87 97 64 81 98 58 118 54 90 112 108 60 117 106 74 98 77 97 118 115 103 62 100 82 85 99 118 65 98 72 53 61 110 120 94 60 56 52 64 114 115 91 90 85 91 100 110 54 62 69 90 65 75 116 91 78 84 50 70 98 55 108 78 54 93 108 120 67 98 108 90 94 72 119 107 61 88 99 111 76 108 56 95 110 97 77 87 101 64 54 61 103 75 111 110 110 51 93 77 107 63 53 90 89 66 116 73 60 117 100 51 92 64 95 92 108 74 70 90 111 119 93 61 111 88 92 115 118 57 57 118 62 63 65 100 52 102 103 85 91 70 83 92 105 88 56 113 100 66 59 105 115 61 62 57 61 119 74 71 115 72 69 85 72 72 107 60 65 102 79 115 98 64 101 94 75 107 91 74 91 96 77 59 56 117 113 119 101 66 74 83 58 74 96 68 51 74 56 65 119 66 80 95 113 50 86 81 87 74 109 120 81 95 65 50 75 51 91 100 101 82 94 87 60 65 70 110 61 109 54 95 84 57 70 107 94 90 60 72 81 54 85 58 64 80 50 112 105 101 116 67 52 90 112 82 91 55 82 60 75 114 90 108 67 102 200
728
130 130 130 9 9 130 130 130 33 33 33 9 9 9 130 9 33 33 33 9 130 33 33 9 33 130 9 130 33 130 130 130 9 130 33 9 33 33 130 9 9 9 33 9 33 130 33 33 9 130 130 9 33 33 130 33 33 33 33 130 130 9 33 130 130 9 33 9 9 9 9 33 33 9 130 9 9 33 9 130 33 9 9 130 9 9 9 9 130 9 130 9 33 9 130 130 33 9 33 130 9 33 9 33 130 9 33 130 9 33 33 130 9 33 33 9 130 130 9 33 130 9 33 9 33 130 33 9 9 130 9 130 33 130 33 33 130 9 33 33 9 9 33 33 130 9 33 9 9 33 33 33 130 33 9 9 33 130 33 9 130 9 33 130 33 33 33 33 33 9 130 33 33 130 33 33 33 9 130 33 9 130 130 33 9 33 130 130 33 33 130 9 33 9 33 9 9 130 33 130 130 33 130 130 9 33 130 9 33 33 130 33 9 9 130 9 9 130 130 9 9 33 9 9 33 130 9 9 130 130 33 33 9 9 130 9 9 130 130 130 130 9 33 9 33 9 9 9 9 9 130 130 130 9 130 130 33 33 33 33 130 130 9 9 33 9 33 130 33 33 9 33 33 9 9 130 9 33 33 130 130 33 9 9 33 9 130 33 9 33 130 33 33 33 9 130 130 9 33 9 33 33 130 130 9 130 9 33 130 33 33 130 9 33 33 33 33 130 9 9 9 9 9 9 130 9 33 33 9 33 130 9 130 130 33 9 130 9 9 130 9 130 33 9 130 9 130 130 130 33 33 9 9 9 130 9 9 130 9 9 130 130 33 33 130 9 33 130 9 9 130 130 9 9 33 130 9 130 9 33 9 33 9 33 130 130 9 130 33 33 33 33 130 33 33 33 130 130 33 33 9 130 130 130 9 130 130 130 130 9 9 33 9 9 33 9 9 33 130 9 130 9 33 33 33 9 9 33 130 33 33 33 9 9 130 130 130 33 130 33 130 9 33 9 130 33 9 9 33 9 9 33 9 130 130 33 130 9 9 33 130 33 130 33 9 9 9 33 33 33 9 9 9 9 130 9 33 130 130 33 130 130 9 33 130 130 33 33 9 33 9 33 130 9 9 130 9 9 130 130 9 130 130 33 9 33 9 9 9 33 33 130 9 130 130 130 130 33 33 9 130 33 130 130 33 130 33 9 9 9 130 33 130 130 33 9 33 9 9 130 130 130 33 9 33 33 33 33 130 33 9 130 33 130 130 33 33 130 33 9 33 33 130 130 130 33 33 33 9 9 33 130 9 130 33 130 130 33 33 130 33 130 33 33 130 130 33 130 130 9 9 9 130 130 33 130 130 130 9 130 33 33 33 33 33 9 130 130 9 9 130 130 33 9 33 9 130 9 130 130 9 33 9 130 130 9 9 9 130 130 33 33 33 33 33 9 9 33 9 9 9 33 9 130 9 130 9 33 130 33 33 33 33 130 9 130 9 9 9 9 130 9 9 33 33 130 9 33 9 9 33 9 9 9 9 33 130 33 9 33 9 33 33 9 130 9 33 9 130 130 33 9 130 33 9 33 130 33 9 130 130 130 33 9 33 130 130 130 9 33 130 33 130 130 130 9 130 9 9 130 9 9 130 130 130 33 130 9
634
198 44 187 37 198 187 187 187 198 187 37 44 44 198 37 37 198 187 44 37 44 37 44 198 198 187 37 187 44 198 187 37 44 44 187 44 37 37 37 37 37 198 187 37 198 37 44 44 37 37 198 187 187 187 198 198 37 198 198 198 37 44 198 44 187 44 187 187 187 198 44 37 37 198 198 187 198 187 198 187 187 198 37 187 187 187 198 37 198 44 187 37 198 37 198 44 37 198 44 44 37 187 44 198 187 187 198 37 44 198 37 198 187 198 187 44 37 187 187 187 187 198 187 198 198 198 198 198 44 44 37 37 44 44 187 198 187 37 44 37 44 198 44 187 198 37 187 187 44 37 37 37 187 37 44 187 187 44 198 198 37 187 44 37 198 198 37 37 198 37 37 187 198 198 198 198 187 187 44 198 37 44 37 198 44 37 44 187 198 198 187 44 198 198 187 44 187 187 44 44 37 44 37 44 37 44 44 187 187 37 187 198 37 37 198 187 37 198 187 198 198 44 37 187 37 187 37 44 37 37 187 37 198 198 44 198 37 187 44 198 198 44 44 44 37 187 187 198 187 198 44 198 44 198 198 187 187 44 44 44 44 44 198 37 37 198 187 37 44 198 187 187 37 198 37 44 44 37 44 187 37 37 187 37 44 198 44 37 37 198 198 198 44 198 187 187 198 44 37 37 187 44 198 44 187 187 187 187 37 187 198 198 44 37 187 37 44 37 37 44 198 44 37 37 44 44 44 37 44 198 44 44 187 198 187 198 198 187 44 37 187 37 198 187 198 37 44 187 198 187 37 37 187 44 37 187 44 198 44 187 187 44 198 44 198 44 187 187 187 44 187 198 37 187 198 44 187 37 198 44 187 44 44 37 198 44 37 44 37 187 44 37 187 44 44 44 198 37 37 37 44 37 37 187 44 37 44 187 187 44 187 198 44 198 44 44 37 44 198 37 44 187 44 187 198 37 44 44 198 187 187 44 187 37 198 187 44 44 44 44 37 44 198 187 187 37 37 37 37 187 44 187 198 44 37 198 198 198 198 198 37 187 37 44 187 198 37 37 198 187 44 37 44 37 187 37 37 44 198 187 37 187 37 198 198 44 37 198 198 187 187 198 198 37 44 37 187 187 37 187 37 44 44 198 44 37 44 198 198 187 37 198 187 198 198 37 187 44 37 37 187 198 187 37 37 198 198 37 44 44 187 37 198 198 44 44 37 198 187 44 37 187 198 187 37 198 198 187 198 187 198 37 187 44 37 187 44 37 187 44 187 44 198 187 198 37 37 37 37 187 187 44 187 37 187 198 198 37 44 187 187 37 198 37 198 44 44 44 37 44 187 44 187 187 198 44 198 187 198 187 187 37 37 198 198 187 198 37 37 198 37 187 198 44 198 187 37 37 198 187 44 198 37 44 37 44 44 187 187 44 187 44 187 37
65
200 200 200 200 200 200 200 200 200 200 200 200 200 200 200 200 200 200 200 200 200 200 200 200 200 200 200 200 200 200 200 200 200 200 200 200 200 200 200 200 200 200 200 200 200 200 200 200 200 200 200 200 200 200 200 200 200 200 200 200 200 200 200 200 200
945
10 13 1 178 20 17 20 14 7 18 2 13 3 8 6 150 17 7 17 12 19 162 16 4 11 8 18 17 189 3 196 189 5 19 12 20 12 7 150 4 17 19 165 18 10 194 14 195 2 5 17 8 18 4 159 5 12 2 15 2 15 11 5 7 20 17 163 12 11 12 11 17 5 186 8 13 7 11 5 2 15 197 15 14 17 159 166 5 170 180 16 178 17 20 5 7 3 3 19 6 15 3 2 5 16 1 9 14 11 3 184 18 4 14 12 6 9 5 1 10 8 1 19 11 19 19 3 15 13 16 165 9 19 11 178 161 20 20 14 9 13 9 18 156 19 7 3 18 0 8 14 13 20 4 1 7 8 4 7 177 12 187 12 12 13 9 2 1 8 4 20 20 19 1 15 3 0 177 197 9 5 9 11 184 11 9 11 20 12 178 16 20 4 14 158 17 10 13 6 15 15 12 12 20 11 18 15 10 6 7 12 4 20 17 5 19 20 13 14 158 168 12 1 192 1 13 0 1 19 20 1 6 4 7 5 8 10 1 19 10 3 13 3 6 6 167 1 11 3 4 3 2 14 9 14 6 157 17 18 5 180 0 154 18 19 200 1 18 20 7 4 172 160 9 10 5 7 17 8 17 17 17 14 13 196 1 20 168 10 182 16 10 3 10 12 4 177 15 166 183 13 6 12 14 6 9 0 12 161 8 194 192 185 18 5 7 18 16 13 7 3 12 158 5 15 17 194 5 2 8 0 155 16 20 7 8 2 150 180 15 13 16 1 192 14 10 2 159 18 11 9 19 15 10 0 196 20 11 5 19 11 7 14 176 16 5 199 180 11 0 0 6 17 175 12 3 15 7 19 5 19 0 12 6 1 173 11 19 8 12 10 0 6 16 1 7 180 168 15 14 17 175 4 15 20 3 3 198 169 16 2 16 2 174 0 19 193 5 4 8 11 13 153 11 8 11 15 14 13 12 19 14 174 11 162 2 10 4 3 20 198 198 195 11 172 6 11 18 15 157 16 6 193 20 181 17 7 15 3 19 187 19 16 15 15 7 7 19 11 10 17 192 173 0 17 164 161 12 2 4 154 19 6 13 183 172 174 1 192 15 159 8 20 17 183 155 156 14 184 179 153 6 158 3 20 17 12 13 18 1 14 10 17 2 12 13 13 6 187 14 17 8 193 18 6 8 198 17 19 150 4 15 195 3 5 10 9 11 4 14 15 157 16 6 5 152 11 165 15 200 14 3 186 184 19 15 7 3 5 0 13 16 195 18 16 187 191 5 2 5 183 15 0 5 6 3 196 187 2 165 17 15 1 20 159 9 6 170 174 20 10 11 1 176 7 1 4 7 20 18 182 179 1 170 6 10 18 181 13 6 19 6 15 17 176 170 16 13 152 13 6 13 150 6 6 153 17 183 12 200 3 0 15 17 14 7 16 10 0 153 8 7 15 1 11 15 19 16 12 6 17 160 7 0 2 14 17 170 197 0 5 14 163 1 186 10 167 16 0 16 0 4 178 17 17 13 197 5 14 171 2 5 169 6 5 2 188 2 195 167 166 18 13 9 16 14 12 16 17 8 17 2 9 1 7 172 5 0 193 0 179 12 169 0 10 158 20 3 20 17 19 172 156 12 1 174 4 12 3 9 1 15 155 3 12 4 7 18 6 197 14 195 3 5 5 14 10 15 159 19 18 20 9 191 17 15 3 3 162 16 170 2 7 11 3 177 2 20 8 198 16 174 180 7 169 162 11 154 5 6 3 18 198 20 152 4 2 2 1 7 13 14 152 152 4 162 151 192 20 161 20 181 15 19 12 2 6 3 15 1 15 11 17 14 11 17 11 2 5 16 18 6 2 8 15 174 186 19 11 186 9 15 198 170 3 185 1 164 2 1 7 13 5 166 8 190 6 4 16 12 7 13 13 176 7 9 18 4 1 14 12 6 13 14 4 14 12 13 162 15 12 9 9 9 173 2 19 5 1 182 5 18 12 10 1 12 20 5 197 187 4 17 12 1 0 6 184 3 12 16 150 3 19 0 4 198 15 11 0 20 18 1 14 17 155 8 17 20 20 2 5 182 3 11 194 4 181 3 16 197 2 9 18 196 12 0 10 18 9 15 189 5 19 182 2
470
5 16 5 0 18 9 3 8 19 170 12 1 2 16 0 4 20 13 19 158 8 176 4 10 6 13 15 15 0 4 180 10 19 4 6 171 1 161 20 14 192 5 13 197 6 18 197 182 198 191 0 4 0 4 164 13 157 15 4 13 1 17 20 194 3 4 11 5 7 3 187 14 16 2 11 12 9 11 9 20 5 20 184 171 4 163 9 7 15 13 168 180 14 16 2 11 13 13 182 19 9 7 13 16 14 1 12 2 19 20 6 6 161 9 16 18 3 10 19 0 5 6 10 190 1 2 6 10 16 1 200 10 17 1 3 2 3 12 151 3 13 170 12 18 18 17 180 12 3 6 4 15 19 7 18 13 16 4 20 15 0 1 179 191 14 186 195 18 10 15 10 5 4 19 17 15 13 20 9 11 19 20 180 13 194 12 3 1 4 8 16 15 7 15 0 10 10 8 176 7 169 13 2 13 9 8 13 165 13 16 0 12 10 174 154 20 6 154 5 190 179 5 10 4 5 14 6 9 19 171 167 5 0 7 14 18 14 11 0 10 7 199 8 7 169 20 154 151 18 19 10 17 186 8 9 7 155 11 168 165 12 2 0 8 179 13 1 184 17 19 3 16 18 17 164 169 4 14 167 6 19 4 12 18 12 20 155 160 17 0 6 6 13 3 17 7 3 15 3 14 172 12 190 2 11 10 12 4 18 19 176 14 9 184 9 15 20 16 193 13 14 3 12 13 20 18 15 194 165 12 6 183 12 174 9 2 12 154 13 13 13 3 150 17 15 18 6 11 188 4 183 7 0 7 0 16 10 17 9 18 17 11 18 177 7 178 9 8 12 184 9 18 18 195 4 2 16 172 10 1 11 152 16 20 169 19 8 10 6 13 17 17 8 4 15 3 12 17 0 186 16 191 5 13 15 192 15 0 4 189 3 10 18 3 19 9 9 178 200 13 15 153 6 9 16 196 20 0 2 9 4 7 12 172 13 14 11 4 197 4 6 5 4 5 168 16 11 182 16 161 6 8 0 7 19 183 16 195 5 20 16 20 7 2 183 194 14 14 12 18
875
0 200 110 95 77 87 56 106 72 117 56 74 77 117 118 63 113 105 120 84 105 115 84 114 66 60 113 69 51 72 107 110 66 65 118 105 91 95 56 100 116 65 56 65 118 107 114 60 73 80 61 98 63 89 115 82 84 113 118 118 109 106 93 63 117 78 114 99 89 94 115 110 118 84 51 108 61 54 103 120 120 95 63 99 85 55 116 98 91 84 93 75 83 64 87 78 60 68 65 91 116 55 79 97 98 84 105 92 93 75 113 82 105 106 61 90 95 114 118 107 90 72 113 117 74 63 76 114 77 59 74 116 111 88 93 107 63 92 94 72 116 113 95 87 112 58 108 115 51 66 103 115 50 111 82 100 100 113 82 89 67 105 106 94 91 104 93 86 78 104 57 81 82 118 108 83 95 69 99 53 118 113 59 114 71 72 56 62 71 57 86 88 52 79 100 110 61 101 81 72 88 103 92 72 90 75 73 98 108 63 106 87 78 100 82 114 63 66 93 86 61 101 86 79 62 63 94 111 99 86 84 95 68 105 112 55 68 93 102 86 119 60 99 105 62 55 69 77 92 55 111 109 54 75 66 55 68 110 68 103 111 103 66 63 74 53 63 74 71 120 59 107 94 67 80 63 102 109 72 85 67 97 53 93 85 67 114 74 86 59 116 72 53 70 51 57 109 90 118 65 55 81 104 50 118 78 76 88 91 63 95 84 95 53 72 52 61 87 75 78 61 96 103 76 57 50 83 66 95 64 63 119 114 113 99 80 92 107 52 76 51 84 111 120 97 112 75 56 111 113 58 115 114 115 102 61 119 78 90 72 56 66 82 55 116 83 66 57 94 108 86 98 53 103 58 75 103 69 81 93 59 111 99 54 86 96 79 103 113 93 107 87 93 80 112 52 81 86 63 103 106 116 116 104 85 51 66 51 103 56 110 120 78 91 54 72 53 86 53 91 78 67 58 74 82 120 85 60 57 112 115 69 87 66 67 66 78 116 92 100 54 82 101 113 114 77 103 109 110 111 61 85 65 89 61 72 60 56 55 105 62 61 99 90 91 102 94 75 107 73 56 92 103 96 77 59 105 93 69 80 83 109 119 50 54 100 59 56 76 95 61 94 77 64 53 115 108 57 87 103 56 73 115 60 87 113 110 105 118 108 74 119 67 69 108 53 108 59 117 52 52 75 109 81 50 106 110 87 76 101 70 112 69 66 108 95 94 104 100 59 102 66 75 96 80 60 117 72 79 57 65 56 75 98 54 108 58 69 84 100 96 60 77 51 62 100 98 79 92 111 59 109 89 79 83 67 50 80 81 116 87 68 57 112 64 98 61 85 77 107 58 101 74 98 108 104 73 61 77 112 100 100 119 96 72 67 90 77 114 54 110 112 116 91 56 95 70 71 62 91 109 88 69 62 111 106 92 104 81 119 100 76 84 88 112 55 92 70 72 73 72 56 80 70 72 50 102 78 111 58 111 106 109 67 120 102 102 74 70 112 116 52 91 67 110 73 90 66 98 115 52 93 96 115 77 107 57 82 57 117 115 56 73 87 64 88 115 98 68 97 97 92 72 52 54 120 103 109 104 116 119 93 85 87 79 93 105 89 66 73 91 64 83 89 50 114 72 103 70 105 118 93 59 88 82 80 100 99 91 65 59 112 78 101 116 52 94 90 89 55 120 91 98 108 66 66 113 63 53 104 104 116 78 50 71 111 64 78 106 66 96 66 58 118 110 85 115 58 79 64 62 66 118 58 59 113 69 55 93 51 118 83 103 118 55 86 72 110 107 84 101 65 90 74 69 52 102 103 86 51 98 92 72 117 66 73 114 99 83 81 83 68 106 118 81 77 106 115 100 103 118 65 68 77 99 113 113 53 113 108 89 58 90 56 84 103 118 119 52 107 104 73 110 110 72 57 63 53 89 75 64 76 74 116 96 88 90 90 55 102 69 104 98 111 75 67 73 63 57 70 74 68 79 117 200
628
200 200 200 200 200 200 200 200 200 200 200 200 200 200 200 200 200 200 200 200 200 200 200 200 200 200 200 200 200 200 200 200 200 200 200 200 200 200 200 200 200 200 200 200 200 200 200 200 200 200 200 200 200 200 200 200 200 200 200 200 200 200 200 200 200 200 200 200 200 200 200 200 200 200 200 200 200 200 200 200 200 200 200 200 200 200 200 200 200 200 200 200 200 200 200 200 200 200 200 200 200 200 200 200 200 200 200 200 200 200 200 200 200 200 200 200 200 200 200 200 200 200 200 200 200 200 200 200 200 200 200 200 200 200 200 200 200 200 200 200 200 200 200 200 200 200 200 200 200 200 200 200 200 200 200 200 200 200 200 200 200 200 200 200 200 200 200 200 200 200 200 200 200 200 200 200 200 200 200 200 200 200 200 200 200 200 200 200 200 200 200 200 200 200 200 200 200 200 200 200 200 200 200 200 200 200 200 200 200 200 200 200 200 200 200 200 200 200 200 200 200 200 200 200 200 200 200 200 200 200 200 200 200 200 200 200 200 200 200 200 200 200 200 200 200 200 200 200 200 200 200 200 200 200 200 200 200 200 200 200 200 200 200 200 200 200 200 200 200 200 200 200 200 200 200 200 200 200 200 200 200 200 200 200 200 200 200 200 200 200 200 200 200 200 200 200 200 200 200 200 200 200 200 200 200 200 200 200 200 200 200 200 200 200 200 200 200 200 200 200 200 200 200 200 200 200 200 200 200 200 200 200 200 200 200 200 200 200 200 200 200 200 200 200 200 200 200 200 200 200 200 200 200 200 200 200 200 200 200 200 200 200 200 200 200 200 200 200 200 200 200 200 200 200 200 200 200 200 200 200 200 200 200 200 200 200 200 200 200 200 200 200 200 200 200 200 200 200 200 200 200 200 200 200 200 200 200 200 200 200 200 200 200 200 200 200 200 200 200 200 200 200 200 200 200 200 200 200 200 200 200 200 200 200 200 200 200 200 200 200 200 200 200 200 200 200 200 200 200 200 200 200 200 200 200 200 200 200 200 200 200 200 200 200 200 200 200 200 200 200 200 200 200 200 200 200 200 200 200 200 200 200 200 200 200 200 200 200 200 200 200 200 200 200 200 200 200 200 200 200 200 200 200 200 200 200 200 200 200 200 200 200 200 200 200 200 200 200 200 200 200 200 200 200 200 200 200 200 200 200 200 200 200 200 200 200 200 200 200 200 200 200 200 200 200 200 200 200 200 200 200 200 200 200 200 200 200 200 200 200 200 200 200 200 200 200 200 200 200 200 200 200 200 200 200 200 200 200 200 200 200 200 200 200 200 200 200 200 200 200 200 200 200 200 200 200 200 200 200 200 200 200 200 200 200 200 200 200 200 200 200 200 200 200 200 200 200 200 200 200 200 200 200 200 200 200 200 200
395
169 129 169 169 169 129 129 81 81 169 129 169 169 81 169 129 81 81 129 129 81 169 129 129 169 169 129 129 81 81 81 81 129 129 169 169 81 169 169 169 169 81 81 169 169 81 129 129 81 169 129 129 129 81 81 81 169 81 81 81 129 169 169 169 169 169 81 129 169 129 169 81 169 129 169 129 169 169 169 129 169 81 169 81 81 169 81 169 169 81 169 129 81 129 169 129 169 169 81 81 129 81 129 129 129 129 129 169 81 129 81 81 169 129 169 81 129 129 129 169 81 169 169 169 169 81 129 129 129 129 169 129 81 81 129 169 81 169 129 129 81 169 129 129 169 129 169 81 81 81 81 169 129 169 81 169 81 169 169 129 169 169 129 81 169 129 169 129 169 81 129 169 169 129 129 129 81 81 169 169 129 169 169 129 129 81 129 81 81 169 81 81 169 129 129 81 129 129 81 129 129 81 129 81 81 169 81 129 129 81 169 81 129 169 169 129 81 129 81 169 129 81 129 129 81 81 169 169 81 129 169 169 81 169 129 169 129 129 129 169 129 169 81 81 169 169 169 81 129 129 129 129 169 129 81 129 81 169 169 129 169 81 129 169 129 81 81 169 169 129 81 169 81 81 81 81 81 129 129 81 169 129 81 129 81 129 129 129 129 129 129 129 169 129 81 129 81 169 129 129 129 81 169 81 81 81 81 169 169 129 81 129 129 81 169 81 81 81 81 129 169 129 129 129 129 169 169 129 81 169 81 81 169 169 129 169 169 129 169 81 169 81 81 129 169 169 81 169 81 129 169 129 81 129 169 81 169 81 129 129 129 169 81 129 129 129 169 81 81 81 169 169 129 81 129 129 129 81 81 129 169 81 81 129 169 169 129 169 81 169 169 81 169 169 169
27
7 3 4 16 15 0 1 11 15 13 9 12 2 17 5 3 3 13 19 20 20 6 9 14 0 14 6
168
0 7 8 20 6 14 12 12 19 18 11 19 13 2 4 1 11 8 10 3 10 17 13 18 8 15 5 17 9 3 18 8 3 2 19 11 5 8 12 12 7 1 15 8 0 8 10 18 7 0 19 9 15 19 14 9 5 14 11 9 0 1 17 19 8 15 12 4 3 16 19 0 1 8 17 13 3 18 19 20 6 0 20 7 3 8 12 17 3 1 7 18 5 12 19 0 15 4 3 19 16 2 15 5 14 7 15 8 14 15 6 5 16 1 1 8 14 5 7 13 1 0 15 0 0 17 1 16 16 11 19 15 12 1 17 5 20 0 8 14 8 0 14 5 18 20 7 14 17 7 20 18 9 11 2 4 2 16 8 7 4 7 9 3 11 17 10 17
583
4 19 154 140 31 84 80 11 76 5 105 145 150 172 172 124 1 106 127 18 100 42 55 158 47 151 83 46 33 136 54 96 50 18 63 67 17 195 47 175 200 118 150 127 33 131 173 44 144 49 94 198 92 58 10 34 85 188 123 94 150 126 91 73 4 186 59 187 71 10 46 9 29 194 93 156 193 16 67 158 135 94 6 56 168 65 160 197 191 56 45 39 85 162 82 186 80 163 89 137 152 54 31 120 141 4 167 172 132 116 120 123 173 20 41 55 50 171 77 165 162 39 40 28 52 46 173 149 114 64 186 93 196 15 28 124 32 142 106 87 162 22 104 107 120 178 198 162 98 101 143 110 95 71 123 13 25 50 102 31 131 176 153 165 58 14 167 51 192 57 67 88 129 53 83 52 185 18 24 41 128 66 124 189 175 128 28 177 151 146 16 28 23 197 111 160 46 120 94 166 167 133 162 90 141 147 184 139 101 55 47 96 163 117 93 42 55 172 32 77 99 108 3 87 119 55 138 134 113 183 194 0 128 125 64 128 133 91 64 91 157 73 117 31 159 114 0 60 46 159 47 151 0 104 165 13 199 47 124 58 198 40 87 9 78 86 13 114 46 128 130 141 38 65 55 155 21 90 138 17 63 90 157 23 2 23 198 91 67 200 180 76 141 146 196 78 187 194 6 76 149 122 97 94 172 46 148 179 174 3 80 164 127 34 166 181 162 10 115 70 5 15 65 19 162 126 194 110 36 176 9 161 115 174 160 37 86 179 6 98 62 76 86 130 55 82 139 183 138 118 12 40 31 61 143 50 168 179 82 166 76 120 133 102 29 101 164 130 135 33 88 96 31 160 80 4 78 199 174 51 17 1 192 121 149 20 109 198 139 0 27 187 199 86 175 186 61 49 46 28 4 93 129 89 119 197 12 84 139 114 179 176 4 132 83 91 140 164 59 106 70 156 27 9 185 57 14 182 54 132 194 85 0 30 29 123 21 168 44 27 40 126 139 11 122 117 180 2 18 146 38 74 112 36 23 173 95 32 188 108 199 94 26 48 178 192 107 54 146 43 186 133 29 122 2 163 115 139 40 1 92 79 104 151 126 87 187 117 1 7 131 17 147 41 195 80 29 97 45 56 2 70 15 163 105 35 19 60 27 135 70 74 71 74 118 141 111 57 119 137 40 86 26 10 102 30 184 196 60 112 148 147 23 55 162 12 122 78 146 158 83 9 130 43 185 130 6 121 12 113 170 174 149 80 172 99 50 120 192 129 91 112 80 87 156 3 103 5 88 52 93 184 173 123 152 105 6 118 98 6 105 162 21
194
143 4 154 67 4 4 143 14 143 4 14 143 14 14 4 67 14 165 165 4 165 14 154 154 67 154 154 154 143 154 165 14 154 14 67 165 14 14 143 154 154 143 67 165 67 4 14 14 143 165 4 154 4 14 154 67 4 165 154 4 154 165 4 67 14 165 67 67 165 143 154 4 143 154 4 143 143 14 67 154 67 165 4 165 4 165 165 4 14 154 14 154 4 143 67 143 67 14 165 14 14 4 154 4 14 143 143 67 143 143 4 14 165 4 143 67 4 14 143 14 165 4 4 14 143 4 14 143 165 143 4 4 154 67 143 143 143 143 154 154 143 165 154 143 154 154 165 67 154 14 4 4 143 154 14 4 4 4 4 14 143 67 14 67 165 165 4 14 4 154 165 154 4 67 4 67 14 165 4 4 165 14 143 143 154 165 165 154 67 154 14 154 165 143
643
1 18 3 9 14 8 18 7 1 1 4 8 9 1 20 1 6 8 13 0 19 13 11 16 5 11 10 14 14 15 7 16 1 9 2 16 14 4 14 14 3 17 8 8 9 4 7 3 20 5 6 6 5 11 17 19 8 13 15 12 16 8 4 7 1 4 2 13 20 9 6 10 8 5 10 17 13 16 15 13 8 6 19 11 7 10 12 15 15 20 3 4 5 12 0 1 17 11 14 6 0 18 18 5 4 13 0 16 16 7 11 9 14 7 5 10 18 12 16 6 11 11 16 8 12 19 2 5 19 14 19 16 9 0 10 12 5 0 7 10 7 20 7 7 20 3 18 0 18 8 7 2 6 7 6 11 16 11 9 5 6 10 4 19 5 15 15 7 15 18 6 7 9 14 12 14 9 10 2 12 1 12 13 7 16 1 17 14 20 20 6 5 7 9 7 13 7 16 0 7 8 5 12 1 16 6 15 1 1 9 17 2 19 10 12 17 12 7 14 5 14 10 9 10 17 19 7 6 20 14 11 11 6 17 6 6 11 10 14 4 4 17 10 15 11 3 13 19 5 18 9 12 16 12 16 10 18 7 1 12 0 19 6 16 19 3 20 14 16 3 14 1 4 1 17 6 9 7 10 7 5 10 8 12 15 17 6 10 10 6 16 19 14 1 2 9 10 13 5 6 2 4 1 12 20 18 14 13 15 13 20 9 17 7 4 19 2 4 5 19 2 18 19 11 19 2 10 4 14 19 4 13 13 18 13 18 9 20 2 13 2 13 18 11 18 8 19 4 13 17 2 12 13 12 16 17 0 10 18 5 1 15 16 14 10 16 4 9 0 14 15 13 7 4 13 12 1 2 6 11 14 19 2 14 10 13 13 19 4 15 17 4 1 3 2 16 16 3 4 12 12 19 6 9 19 14 20 7 3 0 9 9 2 16 8 2 18 19 13 15 2 13 0 16 14 13 5 0 1 3 11 17 9 10 3 11 0 0 17 16 16 6 17 8 12 6 7 4 2 20 0 15 11 10 18 0 7 15 12 18 12 19 2 1 1 18 14 8 17 2 4 0 3 7 10 12 9 10 2 6 20 16 11 16 0 0 6 19 14 13 15 16 0 11 1 20 7 20 3 16 12 10 13 15 5 19 20 15 14 12 6 19 2 2 11 14 17 20 1 11 0 18 20 2 15 15 2 20 12 16 11 13 16 20 9 20 2 20 9 10 14 18 17 0 6 14 14 16 20 10 14 19 16 20 14 2 3 9 5 13 14 11 4 17 16 5 12 3 1 4 14 1 9 5 15 20 5 7 10 13 4 18 8 7 17 16 15 12 12 0 0 20 4 5 1 16 20 13 18 5 17 13 12 18 9 9 15 13 2 10 7 4 1 20 0 1 0 10 16 14 3 4 5 10 19 6 5 1 1 5 0 8 7 16 12 14 10 16 13 13 11 5 4
439
1 6 2 6 15 14 5 12 18 18 9 19 6 2 3 20 13 13 0 15 4 4 3 18 5 2 16 1 6 16 16 6 10 2 9 1 20 5 14 0 1 0 13 9 5 13 11 4 1 10 11 7 8 12 0 11 10 18 14 8 3 19 18 9 4 19 5 2 19 15 13 8 17 6 18 12 1 14 4 19 8 17 16 2 15 13 2 18 1 15 6 3 13 14 3 12 14 7 11 12 10 16 20 15 13 9 5 10 15 3 4 10 19 16 14 15 0 7 14 0 14 15 10 7 4 14 19 13 13 12 1 6 8 20 7 2 10 19 18 20 0 10 2 13 6 14 14 19 0 15 4 7 17 15 5 11 13 1 9 1 13 3 4 2 3 18 7 17 18 10 15 9 18 11 4 14 18 10 7 0 7 15 19 4 9 4 8 13 6 7 8 15 11 14 18 18 6 8 11 17 7 8 10 14 16 11 14 20 7 0 14 15 17 0 11 5 14 6 3 13 3 17 19 11 10 14 7 13 0 19 4 13 8 7 15 9 20 12 17 8 10 9 6 9 4 8 20 8 6 14 11 3 9 4 13 14 6 17 17 3 7 9 0 1 2 6 10 9 18 11 16 3 11 3 8 14 4 13 11 14 20 20 14 8 12 14 1 0 16 6 19 5 10 0 6 6 2 1 9 14 14 0 11 10 4 7 15 2 7 10 20 6 15 7 5 9 17 10 7 0 9 11 3 5 14 4 18 12 5 16 12 18 15 15 19 20 13 8 9 18 0 20 4 15 1 0 15 9 11 19 3 0 6 7 19 4 12 10 15 1 3 3 9 11 7 3 7 16 13 19 20 9 1 18 4 1 7 3 17 11 11 3 3 12 17 20 13 18 5 0 7 7 1 8 16 1 18 17 9 3 12 9 1 9 16 5 12 10 1 17 4 11 7 12 20 18 8 8 7 11 16 19 11 3 13 3 13 13 20 19 15 5 13 13 0 11 5 9 13
209
0 200 70 88 96 62 90 54 95 73 85 104 91 61 81 117 75 103 117 112 84 113 73 100 58 68 70 64 58 110 59 51 116 52 96 59 67 81 108 90 115 52 61 64 88 118 70 118 79 70 92 103 106 95 108 55 117 95 96 73 117 117 57 55 84 79 106 115 117 96 51 79 116 103 90 89 73 67 78 86 55 118 64 118 58 75 100 86 120 63 65 85 85 50 115 75 52 100 51 75 101 92 111 77 89 53 57 62 70 112 82 78 52 105 79 120 102 114 120 84 102 87 66 87 94 81 103 88 63 59 93 75 108 119 115 90 84 69 65 110 109 74 63 76 108 90 62 80 102 90 81 73 70 101 70 70 69 93 108 66 95 75 112 85 63 78 84 62 96 81 95 61 110 109 54 94 97 115 120 120 100 90 91 85 65 119 97 110 92 88 85 100 51 66 117 101 62 104 88 114 97 104 67 83 90 63 51 67 200
537
173 172 144 172 173 172 172 172 144 144 144 172 172 173 144 172 173 144 173 172 173 144 144 172 173 173 172 173 144 144 173 172 144 173 173 173 173 172 172 172 173 144 144 172 172 172 172 172 173 173 173 144 144 144 144 172 144 172 144 144 144 173 173 173 172 172 173 144 144 173 173 173 172 172 172 172 172 144 144 144 144 173 172 172 172 144 172 144 172 144 172 144 173 173 172 172 144 144 173 172 172 144 144 173 172 144 173 172 144 172 144 173 173 173 144 173 173 144 173 144 144 144 172 173 173 144 172 144 173 172 144 172 173 172 173 144 173 173 173 173 173 173 173 173 172 144 173 172 144 172 172 144 144 173 173 173 173 173 173 173 144 173 144 144 172 172 172 172 144 144 173 144 144 144 144 173 173 173 173 172 172 172 173 173 173 172 144 173 144 173 173 173 144 144 173 144 173 173 144 173 144 172 144 173 173 172 144 173 144 172 173 144 144 172 172 144 144 172 172 144 173 173 173 173 173 172 173 144 173 173 172 172 173 173 173 144 144 173 144 173 172 173 144 172 144 144 144 144 173 144 173 144 172 172 173 173 172 144 172 144 172 144 172 173 172 173 144 172 173 144 173 173 172 144 173 144 144 173 172 144 144 144 172 144 172 173 172 144 172 173 173 173 173 144 173 173 173 172 144 144 172 144 144 172 173 144 172 173 173 173 144 144 173 172 172 173 173 144 144 144 144 173 173 172 144 144 144 173 173 144 144 172 173 144 172 144 144 144 144 173 172 144 144 172 173 173 172 173 172 173 173 144 172 172 144 144 172 173 173 173 172 172 144 144 173 144 173 144 172 172 173 172 173 144 172 173 144 172 144 144 173 173 144 173 173 173 172 144 173 144 173 172 172 173 173 172 172 144 173 173 172 144 172 172 144 144 144 144 144 173 144 173 144 172 172 173 173 144 173 144 144 172 173 172 144 173 172 144 173 173 172 144 173 172 144 173 173 173 173 173 172 172 172 172 172 173 144 173 173 172 172 172 173 172 173 172 144 144 172 144 144 173 172 172 172 144 172 144 172 173 172 173 144 144 172 144 173 144 173 172 173 173 144 172 172 172 172 172 144 144 172 172 172 144 144 172 172 172 173 172 173 172 144 172 173 172 144 144 173 144 144 144 173 144 144 144 172 172 173 173 144 144 172 144 173 172 173 173 173 144 172 173 172 144 173 144 172
311
0 200 94 96 64 55 56 57 78 97 66 96 92 105 51 103 80 51 93 107 61 120 72 66 89 109 104 81 107 104 79 119 100 75 78 53 72 55 94 75 93 91 114 78 113 76 62 68 93 96 69 112 94 113 64 58 107 76 75 113 104 72 71 104 61 102 57 71 87 53 70 67 88 117 61 100 65 76 64 70 89 93 56 65 101 55 52 56 102 76 57 73 98 82 77 71 78 89 107 90 63 65 51 104 88 116 117 99 92 109 78 83 82 88 108 120 66 85 84 108 110 108 66 61 75 93 90 53 84 76 106 96 77 120 69 91 69 93 111 81 90 96 90 75 84 78 81 109 83 86 98 60 116 60 79 85 113 94 68 52 105 71 82 103 71 98 103 91 103 80 102 114 66 66 116 61 77 66 70 95 74 103 81 69 79 111 104 86 87 111 61 82 78 87 60 93 80 65 111 99 66 115 57 78 80 120 88 73 62 103 66 68 55 80 55 74 119 101 83 78 65 84 107 119 94 87 112 53 120 95 96 53 75 73 105 115 106 83 51 91 120 51 76 85 108 72 85 52 82 51 53 101 93 113 75 104 95 101 99 65 89 84 63 54 61 117 79 70 74 57 56 75 61 85 69 50 79 82 104 120 90 85 62 108 50 50 56 86 115 87 103 108 69 84 90 103 111 82 50 55 107 59 111 85 83 74 72 66 52 91 200
791
170 170 170 184 170 179 179 179 170 184 170 170 170 170 170 179 184 184 184 179 184 179 184 179 184 170 170 179 170 184 184 184 184 179 170 184 170 170 179 179 184 184 184 184 179 179 170 179 179 184 179 179 184 170 184 170 179 170 184 184 179 179 170 179 179 184 179 179 184 184 179 184 184 184 170 184 184 170 170 184 170 170 184 179 184 184 184 184 184 179 170 170 184 179 184 179 184 170 184 170 170 184 179 170 184 179 170 184 170 179 170 170 179 179 170 179 179 179 179 170 170 179 184 179 179 170 170 170 184 184 170 170 170 184 179 179 170 170 179 184 184 184 170 179 184 179 179 179 184 179 184 184 170 170 184 179 170 184 170 179 179 184 184 170 179 170 170 184 184 184 179 184 170 179 184 184 170 179 179 179 179 170 184 170 170 184 179 184 170 170 179 179 184 170 170 184 170 184 170 184 179 184 179 184 170 170 184 184 170 184 170 179 184 170 184 170 179 184 184 170 170 184 179 179 170 179 184 184 179 170 179 184 179 170 170 184 179 184 170 184 184 170 179 184 184 179 170 179 170 170 170 179 179 184 170 170 170 170 170 170 184 170 184 170 170 170 184 179 179 179 184 170 184 179 184 184 170 170 184 184 184 179 170 179 179 179 184 170 184 184 184 184 170 184 184 170 184 170 179 184 184 170 184 170 170 184 184 170 184 179 170 184 170 179 170 170 179 184 170 184 170 170 184 184 179 184 179 179 170 179 179 179 170 184 184 184 184 179 184 179 170 179 170 170 179 179 184 179 184 170 184 170 179 184 179 184 179 170 184 179 170 184 184 170 184 170 179 170 184 184 179 179 170 179 184 184 170 170 184 184 184 170 184 170 179 170 184 170 170 179 170 184 179 179 170 184 179 179 179 184 170 170 184 179 170 179 170 170 184 184 184 170 184 184 184 170 184 179 170 179 179 179 170 170 170 179 179 179 179 170 179 170 179 179 179 179 179 184 184 184 170 170 170 170 184 179 184 179 184 184 184 170 184 179 179 179 184 179 170 179 184 179 170 179 184 184 179 179 184 170 184 184 179 184 179 179 170 184 170 179 170 179 184 170 170 179 170 179 184 179 170 170 170 170 170 170 179 184 170 170 170 170 184 184 184 170 184 170 170 170 184 184 179 179 170 184 179 179 184 170 184 184 184 170 170 179 179 170 170 170 170 184 170 170 170 179 170 184 170 170 179 170 179 170 179 179 184 184 184 170 184 184 170 179 170 170 179 170 179 179 184 184 184 170 179 170 170 184 184 179 184 179 170 179 170 184 179 184 184 184 184 170 170 170 184 184 170 179 184 184 184 179 184 179 184 184 179 179 184 179 184 170 179 170 170 184 184 184 179 170 184 170 184 170 179 184 170 179 184 179 184 184 170 170 184 179 179 170 179 179 184 170 184 184 184 170 179 170 170 170 170 179 170 179 184 184 170 170 184 170 184 179 179 184 184 170 170 170 170 184 170 179 184 184 184 179 179 184 170 184 170 179 179 170 184 184 184 184 184 170 170 170 184 170 179 184 179 184 179 170 179 184 179 179 179 170 170 170 170 184 184 184 184 184 184 179 179 170 184 184 170 184 184 184 170 170 170 179 184 184 184 170 170 170 170 179 184 184 184 179 184 179 179 170 184 170 170 179 179 170 170 184 184 170 184 184 179 179 179 184 184 184 170 184 184 184 184 179 179 179 184 179 179 179 184 184 170 170 170 179 184 170 179 170 179 184 184 179 170 184 184 170 184 179 184 179 184 184 170 184 184
309
10 15 9 13 16 17 14 8 4 3 10 2 3 10 6 15 7 18 4 16 19 17 6 15 19 2 0 6 15 5 11 15 10 16 10 13 7 6 19 10 4 7 9 17 1 0 5 5 16 3 7 1 7 16 13 18 0 2 2 0 15 0 17 6 13 0 5 13 16 3 14 10 8 12 3 20 11 17 9 5 13 14 13 12 1 1 12 20 1 17 13 13 18 4 12 8 19 1 0 14 20 2 15 10 4 14 1 4 13 1 3 10 5 7 20 9 1 12 3 4 16 9 1 12 16 14 19 15 2 18 10 10 1 8 14 0 17 0 17 15 5 15 13 5 0 18 2 20 8 20 9 18 16 6 18 11 2 0 6 3 11 13 1 10 10 7 19 3 5 14 6 12 0 10 8 20 17 5 14 20 15 18 0 13 16 0 5 15 13 3 4 12 18 13 10 6 18 12 7 5 0 2 7 13 7 6 5 16 14 16 3 15 5 0 11 16 4 12 18 2 0 17 6 6 1 10 6 17 12 3 4 8 1 18 3 8 5 13 5 4 6 15 9 1 5 0 10 0 7 8 0 6 6 6 20 1 2 15 8 19 15 9 14 4 18 19 10 11 7 3 4 18 1 9 12 17 20 9 7 6 17 15 11 6 17 3 6 20 13 16 8 15 6 14 0 8 12 16 3 20 13 0 20 14 11 12 8 10 10
90
16 188 18 7 20 3 17 3 0 8 3 18 18 17 10 153 17 156 5 183 19 6 160 9 6 0 10 4 155 196 18 197 169 164 6 2 15 19 5 157 7 20 179 20 11 11 19 11 5 186 15 20 167 3 154 6 20 0 19 17 14 19 13 12 6 17 1 163 16 7 0 188 5 176 17 177 6 4 11 8 2 12 0 16 155 11 11 13 3 20
769
200 200 200 200 200 200 200 200 200 200 200 200 200 200 200 200 200 200 200 200 200 200 200 200 200 200 200 200 200 200 200 200 200 200 200 200 200 200 200 200 200 200 200 200 200 200 200 200 200 200 200 200 200 200 200 200 200 200 200 200 200 200 200 200 200 200 200 200 200 200 200 200 200 200 200 200 200 200 200 200 200 200 200 200 200 200 200 200 200 200 200 200 200 200 200 200 200 200 200 200 200 200 200 200 200 200 200 200 200 200 200 200 200 200 200 200 200 200 200 200 200 200 200 200 200 200 200 200 200 200 200 200 200 200 200 200 200 200 200 200 200 200 200 200 200 200 200 200 200 200 200 200 200 200 200 200 200 200 200 200 200 200 200 200 200 200 200 200 200 200 200 200 200 200 200 200 200 200 200 200 200 200 200 200 200 200 200 200 200 200 200 200 200 200 200 200 200 200 200 200 200 200 200 200 200 200 200 200 200 200 200 200 200 200 200 200 200 200 200 200 200 200 200 200 200 200 200 200 200 200 200 200 200 200 200 200 200 200 200 200 200 200 200 200 200 200 200 200 200 200 200 200 200 200 200 200 200 200 200 200 200 200 200 200 200 200 200 200 200 200 200 200 200 200 200 200 200 200 200 200 200 200 200 200 200 200 200 200 200 200 200 200 200 200 200 200 200 200 200 200 200 200 200 200 200 200 200 200 200 200 200 200 200 200 200 200 200 200 200 200 200 200 200 200 200 200 200 200 200 200 200 200 200 200 200 200 200 200 200 200 200 200 200 200 200 200 200 200 200 200 200 200 200 200 200 200 200 200 200 200 200 200 200 200 200 200 200 200 200 200 200 200 200 200 200 200 200 200 200 200 200 200 200 200 200 200 200 200 200 200 200 200 200 200 200 200 200 200 200 200 200 200 200 200 200 200 200 200 200 200 200 200 200 200 200 200 200 200 200 200 200 200 200 200 200 200 200 200 200 200 200 200 200 200 200 200 200 200 200 200 200 200 200 200 200 200 200 200 200 200 200 200 200 200 200 200 200 200 200 200 200 200 200 200 200 200 200 200 200 200 200 200 200 200 200 200 200 200 200 200 200 200 200 200 200 200 200 200 200 200 200 200 200 200 200 200 200 200 200 200 200 200 200 200 200 200 200 200 200 200 200 200 200 200 200 200 200 200 200 200 200 200 200 200 200 200 200 200 200 200 200 200 200 200 200 200 200 200 200 200 200 200 200 200 200 200 200 200 200 200 200 200 200 200 200 200 200 200 200 200 200 200 200 200 200 200 200 200 200 200 200 200 200 200 200 200 200 200 200 200 200 200 200 200 200 200 200 200 200 200 200 200 200 200 200 200 200 200 200 200 200 200 200 200 200 200 200 200 200 200 200 200 200 200 200 200 200 200 200 200 200 200 200 200 200 200 200 200 200 200 200 200 200 200 200 200 200 200 200 200 200 200 200 200 200 200 200 200 200 200 200 200 200 200 200 200 200 200 200 200 200 200 200 200 200 200 200 200 200 200 200 200 200 200 200 200 200 200 200 200 200 200 200 200 200 200 200 200 200 200 200 200 200 200 200 200 200 200 200 200 200 200 200 200 200 200 200 200 200 200 200 200 200 200 200 200 200 200 200 200 200 200 200 200 200 200 200 200 200 200 200 200 200 200 200 200 200 200 200 200 200 200 200 200 200 200 200 200 200 200 200 200 200 200 200 200 200 200 200 200 200 200 200 200 200 200 200 200 200
476
0 0 0 0 0 0 0 0 0 0 0 0 0 0 0 0 0 0 0 0 0 0 0 0 0 0 0 0 0 0 0 0 0 0 0 0 0 0 0 0 0 0 0 0 0 0 0 0 0 0 0 0 0 0 0 0 0 0 0 0 0 0 0 0 0 0 0 0 0 0 0 0 0 0 0 0 0 0 0 0 0 0 0 0 0 0 0 0 0 0 0 0 0 0 0 0 0 0 0 0 0 0 0 0 0 0 0 0 0 0 0 0 0 0 0 0 0 0 0 0 0 0 0 0 0 0 0 0 0 0 0 0 0 0 0 0 0 0 0 0 0 0 0 0 0 0 0 0 0 0 0 0 0 0 0 0 0 0 0 0 0 0 0 0 0 0 0 0 0 0 0 0 0 0 0 0 0 0 0 0 0 0 0 0 0 0 0 0 0 0 0 0 0 0 0 0 0 0 0 0 0 0 0 0 0 0 0 0 0 0 0 0 0 0 0 0 0 0 0 0 0 0 0 0 0 0 0 0 0 0 0 0 0 0 0 0 0 0 0 0 0 0 0 0 0 0 0 0 0 0 0 0 0 0 0 0 0 0 0 0 0 0 0 0 0 0 0 0 0 0 0 0 0 0 0 0 0 0 0 0 0 0 0 0 0 0 0 0 0 0 0 0 0 0 0 0 0 0 0 0 0 0 0 0 0 0 0 0 0 0 0 0 0 0 0 0 0 0 0 0 0 0 0 0 0 0 0 0 0 0 0 0 0 0 0 0 0 0 0 0 0 0 0 0 0 0 0 0 0 0 0 0 0 0 0 0 0 0 0 0 0 0 0 0 0 0 0 0 0 0 0 0 0 0 0 0 0 0 0 0 0 0 0 0 0 0 0 0 0 0 0 0 0 0 0 0 0 0 0 0 0 0 0 0 0 0 0 0 0 0 0 0 0 0 0 0 0 0 0 0 0 0 0 0 0 0 0 0 0 0 0 0 0 0 0 0 0 0 0 0 0 0 0 0 0 0 0 0 0 0 0 0 0 0 0 0 0 0 0 0 0 0 0 0 0 0 0 0 0 0 0 0 0 0 0 0
83
17 0 0 8 3 17 3 17 4 4 16 8 2 6 5 0 16 8 8 14 0 7 14 5 17 4 13 13 17 4 13 3 10 1 3 8 9 8 4 3 20 4 15 19 6 0 20 20 13 18 6 20 0 10 5 6 13 11 1 8 6 4 0 6 0 9 2 9 8 11 19 1 14 16 6 11 10 0 13 3 8 15 7
591
177 41 117 64 45 150 193 62 0 102 125 54 113 185 100 122 45 175 133 100 124 32 79 170 127 146 164 127 137 154 134 37 181 43 73 12 68 58 104 4 100 125 13 84 65 84 157 46 178 44 37 50 41 46 189 56 74 49 189 133 107 113 180 7 37 128 132 162 67 158 154 41 70 153 184 160 180 120 32 34 143 171 88 52 36 24 7 105 149 104 62 159 124 37 112 87 13 101 15 78 92 195 172 96 98 52 72 37 36 51 97 180 9 159 87 189 140 76 162 195 44 128 106 14 40 85 88 129 120 97 11 19 14 58 157 128 187 154 78 61 87 35 48 157 81 171 166 138 193 145 83 101 196 187 158 52 91 44 167 25 98 139 156 185 110 38 75 143 150 177 129 0 177 90 6 67 155 93 154 68 128 135 197 110 32 147 107 195 89 122 191 104 154 163 173 132 110 1 99 127 104 175 152 187 107 198 113 29 106 85 11 144 79 23 55 176 145 102 7 180 166 6 115 73 159 98 168 51 89 166 11 192 9 21 4 45 175 188 187 113 16 161 76 128 190 19 157 185 16 28 68 42 107 106 99 144 45 165 92 35 122 152 165 179 194 130 77 56 179 166 185 44 199 191 47 24 86 47 74 106 174 17 113 91 26 57 182 67 18 60 51 94 56 134 174 75 74 132 97 93 169 164 134 87 30 80 151 186 85 4 158 64 27 53 45 51 1 101 19 20 126 72 53 136 121 17 144 129 18 200 1 92 133 146 136 114 147 25 43 33 119 175 108 50 108 16 106 78 28 32 94 200 131 140 48 175 5 62 26 187 69 2 111 189 75 146 137 20 20 170 109 98 84 86 42 61 75 51 25 136 122 44 43 161 188 21 66 166 22 196 5 107 192 50 36 155 197 101 137 72 156 18 200 42 129 199 107 170 118 94 48 188 181 161 33 27 195 119 20 99 16 58 67 49 172 108 20 4 35 154 145 9 36 190 181 189 48 30 146 66 20 114 44 8 182 10 62 137 106 109 17 123 31 107 35 51 132 125 112 82 150 19 48 200 57 153 86 199 99 142 133 109 150 52 169 10 128 44 151 105 69 152 193 64 108 6 65 69 89 66 69 82 75 161 61 47 180 0 22 35 184 82 51 66 99 75 162 89 94 160 135 87 100 194 165 143 113 74 120 57 71 21 63 168 39 131 65 167 18 144 102 65 47 31 153 24 29 164 51 156 113 125 181 136 35 78 155 31 38 99 80 35 86 67 34 11 85 129 99 172 51 62 27 126 96 35 0 173 58 35 95 49 140 94 28 130 96 58 180 188 199 123 183 152 161 86 10 116 52 17 125
197
0 0 0 0 0 0 0 0 0 0 0 0 0 0 0 0 0 0 0 0 0 0 0 0 0 0 0 0 0 0 0 0 0 0 0 0 0 0 0 0 0 0 0 0 0 0 0 0 0 0 0 0 0 0 0 0 0 0 0 0 0 0 0 0 0 0 0 0 0 0 0 0 0 0 0 0 0 0 0 0 0 0 0 0 0 0 0 0 0 0 0 0 0 0 0 0 0 0 0 0 0 0 0 0 0 0 0 0 0 0 0 0 0 0 0 0 0 0 0 0 0 0 0 0 0 0 0 0 0 0 0 0 0 0 0 0 0 0 0 0 0 0 0 0 0 0 0 0 0 0 0 0 0 0 0 0 0 0 0 0 0 0 0 0 0 0 0 0 0 0 0 0 0 0 0 0 0 0 0 0 0 0 0 0 0 0 0 0 0 0 0 0 0 0 0 0 0
132
200 200 200 200 200 200 200 200 200 200 200 200 200 200 200 200 200 200 200 200 200 200 200 200 200 200 200 200 200 200 200 200 200 200 200 200 200 200 200 200 200 200 200 200 200 200 200 200 200 200 200 200 200 200 200 200 200 200 200 200 200 200 200 200 200 200 200 200 200 200 200 200 200 200 200 200 200 200 200 200 200 200 200 200 200 200 200 200 200 200 200 200 200 200 200 200 200 200 200 200 200 200 200 200 200 200 200 200 200 200 200 200 200 200 200 200 200 200 200 200 200 200 200 200 200 200 200 200 200 200 200 200
486
192 192 180 135 180 192 192 101 101 101 192 180 192 53 180 135 192 180 53 192 180 180 53 192 53 53 101 101 180 135 101 180 180 101 101 192 53 101 180 53 192 101 192 135 135 101 101 101 53 192 53 192 135 101 135 180 192 101 180 53 180 180 53 101 101 180 53 101 192 192 101 53 135 101 192 192 53 192 180 101 53 53 53 53 180 135 192 135 53 53 135 192 192 135 101 192 180 101 180 53 53 101 180 180 135 180 180 180 135 101 101 101 53 53 180 192 53 53 135 101 192 101 192 192 53 180 53 53 53 192 135 53 135 53 101 180 53 180 180 53 53 135 101 192 180 180 180 135 53 192 180 135 53 53 180 180 101 135 101 180 135 135 180 192 180 135 192 192 101 101 180 135 180 180 192 135 53 180 180 101 53 101 180 192 135 53 192 180 180 192 135 53 101 180 101 192 135 135 53 180 192 53 180 101 180 180 53 192 101 101 135 53 101 101 192 192 101 101 192 53 180 180 192 180 135 192 53 101 53 192 180 135 135 180 180 192 192 192 192 180 180 101 101 180 101 101 180 101 192 180 53 180 101 53 53 135 192 192 180 192 101 135 101 135 180 135 192 53 101 53 53 101 53 192 101 192 180 135 53 192 101 135 101 101 192 180 192 135 180 53 192 180 192 192 53 192 101 135 135 192 135 135 53 101 180 135 101 135 101 53 180 101 135 135 53 192 53 101 135 53 101 180 180 53 180 192 180 135 101 135 135 135 53 180 192 53 101 53 101 53 101 135 180 135 101 180 53 101 101 180 135 135 101 135 53 53 180 135 135 53 180 135 192 192 180 180 101 135 192 192 192 101 53 180 101 135 101 192 53 192 192 192 180 180 135 135 192 192 53 135 192 101 135 192 101 135 180 101 53 53 180 135 135 53 53 192 135 180 101 180 101 53 53 135 192 180 53 101 192 101 180 135 192 180 101 192 192 135 53 101 53 192 53 192 192 192 180 101 53 180 180 135 53 135 180 101 53 180 192 192 180 135 192 192 135 192 192 192 180 135 192 53 192 135 135 101 180 180 135 192 180 53 53 180 135 135 135 135 53 192 180 180 101 135 180 180
10
136 18 81 173 131 22 86 101 155 80
936
5 158 8 14 0 4 16 18 15 10 10 19 3 4 188 176 183 14 194 190 152 8 9 1 151 165 3 11 20 3 14 157 150 14 4 7 15 9 5 11 12 2 19 10 165 7 9 15 1 164 15 16 8 17 8 10 12 150 17 2 6 5 151 20 13 10 16 173 16 20 199 19 9 10 13 7 0 179 19 192 191 4 17 9 16 3 192 0 6 14 7 0 175 190 12 1 198 10 12 18 14 7 191 9 9 195 9 198 14 6 18 9 5 16 184 17 8 20 10 167 1 17 15 13 4 10 20 19 11 10 6 3 3 172 4 20 1 195 13 2 14 6 5 11 14 5 9 20 165 0 165 194 167 13 8 10 1 6 180 17 5 10 12 5 5 186 177 199 0 198 15 7 8 161 10 1 166 15 157 155 3 157 190 161 11 5 10 7 178 10 9 1 2 17 16 193 2 7 16 15 194 4 19 8 7 177 4 158 17 5 19 4 172 3 4 19 0 18 13 5 10 9 174 9 13 10 199 3 1 188 16 2 7 17 12 13 15 18 153 150 181 17 17 157 2 189 20 4 17 9 4 13 2 10 4 10 16 10 8 7 15 2 13 152 17 9 16 3 11 5 195 12 151 2 3 158 15 7 189 3 4 3 18 4 10 1 17 7 10 154 3 20 6 19 1 18 12 194 10 177 173 3 8 193 186 10 11 4 7 14 5 3 175 7 9 7 19 2 20 152 10 9 161 18 19 8 153 18 16 0 3 184 179 0 5 19 15 189 18 150 176 12 14 187 10 14 17 15 15 12 10 2 183 6 13 17 0 2 5 199 8 6 18 3 13 7 2 8 19 14 10 17 12 2 17 14 12 4 3 19 157 11 12 192 13 183 179 3 15 11 9 6 1 14 200 165 17 8 16 4 12 4 2 0 172 10 185 14 10 170 13 197 1 5 19 199 5 6 16 12 158 15 4 14 12 15 18 11 16 193 8 15 11 9 4 192 181 7 14 161 15 180 198 6 2 4 16 170 150 186 167 5 183 5 13 166 160 6 17 5 20 9 181 158 164 13 183 196 9 4 193 13 14 12 16 11 18 176 15 19 5 16 11 14 17 7 17 177 158 9 20 3 165 15 11 167 9 17 7 15 9 183 15 16 152 163 0 10 18 19 14 4 171 6 12 14 2 12 199 186 17 3 9 14 0 185 7 17 193 8 1 1 13 10 19 2 2 3 4 11 11 2 13 8 9 200 9 8 15 20 16 196 9 13 11 12 181 169 162 19 151 194 4 2 16 6 188 16 0 16 13 9 7 172 13 164 6 10 1 0 185 177 178 20 0 18 183 1 181 8 20 14 9 1 13 19 3 190 169 171 15 178 10 0 20 0 11 193 169 173 16 17 8 7 9 7 173 8 167 15 194 14 6 13 187 17 8 12 15 170 13 5 11 10 8 9 18 184 10 12 11 9 8 184 1 13 9 5 13 2 18 6 15 0 5 17 184 199 17 20 18 1 5 20 18 196 181 20 12 166 5 4 9 157 10 12 12 9 155 4 6 16 3 12 14 16 12 12 182 189 3 4 16 16 18 19 159 6 4 192 20 9 7 17 1 8 3 5 18 0 7 161 18 3 2 11 8 10 161 11 175 19 10 2 14 165 6 150 19 192 9 10 16 13 14 8 4 14 9 4 16 18 3 16 8 15 19 13 14 195 14 6 185 5 0 153 17 176 15 13 13 0 13 178 9 196 11 8 17 168 6 4 0 19 194 18 163 20 181 8 19 6 11 14 9 9 5 16 3 7 11 3 12 14 2 7 5 4 14 15 12 6 3 16 8 175 20 9 17 12 3 6 2 2 13 16 9 152 20 4 186 2 13 14 16 3 13 20 16 1 0 3 5 9 14 176 10 183 19 18 19 17 10 14 14 16 10 8 4 7 18 10 16 14 18 16 11 18 10 14 10 15 6 3 12 15 20 186 20 16 189 9 152 164 191 17 4 14 11 20 13 11 164 9 14 13 164 9 11 10 5 6 189 3 8 160 4 18 2 15 186 20 12 0 198 2 8 3 175 14 20 178 19 7 160 153 9 185 15 157 8 19 7 11 20 11 9 14 4 173 2 5 10 16 6 0
430
167 9 13 10 5 17 179 20 13 9 15 192 186 3 0 185 2 174 190 6 7 10 16 5 6 13 5 12 14 156 164 14 11 5 167 9 15 15 10 5 14 0 4 8 14 15 20 200 5 2 16 17 156 11 14 6 10 8 18 10 4 5 7 150 164 2 157 157 3 5 13 7 3 9 4 184 2 8 0 15 19 8 18 5 1 12 20 10 186 154 1 182 8 13 2 7 17 184 186 6 18 178 6 6 14 3 170 5 15 172 17 4 169 18 17 12 170 1 16 151 177 4 19 4 170 2 193 15 2 8 16 19 13 15 5 5 12 11 13 10 184 12 9 151 164 13 11 9 185 2 14 200 3 20 16 1 18 13 152 15 8 3 2 167 11 17 15 17 3 20 7 20 171 4 168 10 19 4 19 7 2 18 6 11 20 10 19 11 11 1 5 19 180 8 194 4 6 7 14 157 4 4 10 177 0 17 20 178 156 17 11 190 6 14 3 17 3 18 8 19 153 6 17 1 17 12 2 9 5 12 3 17 19 13 19 191 6 13 18 159 3 12 158 0 1 3 6 17 18 17 3 15 6 7 3 12 20 17 178 6 12 7 6 19 12 151 8 8 0 10 192 10 7 12 1 152 158 8 5 6 173 14 3 16 1 8 6 19 6 170 3 191 185 9 0 5 10 16 7 3 4 14 5 8 4 17 18 18 2 11 9 6 17 13 4 13 165 15 18 9 181 182 3 5 168 14 1 5 2 1 4 1 12 14 17 2 152 8 3 167 7 7 8 4 10 193 171 9 13 190 16 8 14 5 12 191 1 194 1 17 4 14 15 1 0 15 190 168 152 11 3 9 13 19 3 16 20 20 7 13 9 0 3 5 197 152 20 20 14 19 12 187 3 156 20 14 198 7 1 12 166 8 15 6 5 159 11 14 150 172 7 20 5 12 2 12 19 16 0 14 7 0 186 10 3 13 190 200 4 15
978
1 15 6 7 11 14 2 7 20 11 19 0 1 9 11 1 6 9 18 19 5 19 7 5 18 10 1 19 4 2 12 4 15 10 14 9 10 17 0 10 1 4 14 6 11 15 20 1 2 9 14 20 12 7 1 7 14 5 19 2 1 3 11 13 2 16 15 12 19 16 9 18 1 16 5 20 9 13 8 1 0 10 3 16 1 12 13 5 7 12 12 2 0 15 0 5 6 0 8 9 13 15 12 20 8 6 15 1 18 7 17 1 11 15 12 6 18 0 14 10 12 2 9 19 3 8 6 20 10 11 13 6 3 1 8 0 17 19 6 3 16 18 11 20 4 19 6 18 17 9 0 6 6 18 8 18 16 2 11 18 4 20 7 8 5 20 11 4 10 1 2 0 3 9 9 0 10 1 7 6 20 14 5 15 18 7 10 18 10 2 10 12 8 20 9 11 5 12 0 16 16 12 12 6 9 8 17 6 5 17 12 10 16 19 0 18 3 11 14 3 8 18 2 12 1 1 15 1 3 14 5 9 15 4 1 19 14 1 1 6 12 9 7 1 5 7 8 5 1 15 10 18 4 13 7 3 16 14 16 2 12 17 18 20 12 9 13 2 19 11 19 11 2 13 20 2 16 17 12 0 8 3 5 10 15 7 14 17 17 15 0 19 7 4 4 6 10 8 14 19 14 17 19 20 7 2 1 15 8 13 12 17 1 1 1 9 12 9 11 18 8 14 16 16 4 19 7 15 14 8 1 3 8 4 20 11 9 5 18 12 16 5 7 13 9 6 5 8 19 3 2 10 20 10 6 15 15 1 20 3 8 11 2 18 3 17 19 18 10 9 11 6 16 1 1 6 8 4 19 2 0 15 0 14 12 8 1 9 9 18 4 7 2 9 6 3 17 11 5 14 12 2 2 8 10 3 1 16 8 13 16 7 15 16 8 5 5 6 2 11 2 8 17 6 8 10 15 12 8 13 19 7 11 0 13 7 0 3 19 0 1 17 7 18 17 5 4 20 17 1 1 4 17 7 6 6 7 10 3 0 14 6 17 17 4 0 10 3 1 20 4 17 7 11 8 14 18 16 6 15 7 2 7 17 4 9 10 17 7 9 7 9 1 13 13 10 1 12 11 2 8 9 0 9 14 14 8 6 10 1 1 11 20 12 13 0 15 6 2 1 5 14 3 3 0 15 19 15 15 4 12 12 10 15 16 12 4 7 14 15 11 2 4 4 17 4 2 15 9 2 3 20 20 0 13 5 15 10 11 10 17 11 3 16 2 4 17 5 18 7 9 1 12 1 18 11 15 16 13 14 5 15 11 1 14 3 1 16 6 20 5 2 16 17 8 7 6 19 0 14 16 19 12 4 17 17 2 0 16 12 16 8 15 5 5 8 4 2 3 3 4 16 10 13 10 10 15 5 5 4 13 0 20 19 3 16 7 3 16 3 19 17 16 18 17 3 3 6 15 12 9 11 17 9 5 4 20 7 0 2 5 19 18 14 11 0 17 3 20 7 10 8 10 17 13 20 1 17 12 0 17 12 5 5 1 19 17 6 7 9 7 1 16 15 20 15 8 5 5 1 1 18 0 20 1 18 4 9 6 16 10 19 3 8 13 0 5 5 5 1 20 20 13 19 2 2 20 4 1 11 20 18 20 16 1 12 1 2 13 7 1 17 2 2 17 2 9 16 1 6 4 1 20 6 15 19 1 2 7 2 3 19 6 11 14 7 8 5 4 8 10 1 6 10 5 2 4 6 4 8 0 0 9 3 7 7 5 2 11 13 2 4 17 13 0 19 12 6 7 11 6 18 14 12 14 10 4 5 19 16 5 1 5 4 1 10 20 4 9 13 4 11 20 18 6 14 20 0 16 19 9 11 8 7 19 19 12 2 19 13 17 16 1 11 16 10 14 6 4 8 5 18 2 17 10 17 18 17 1 15 3 0 14 1 1 10 8 7 10 5 19 20 5 0 11 5 16 4 6 6 14 4 16 0 16 5 5 12 8 0 9 2 2 14 17 2 15 16 0 7 6 14 17 13 8 6 0 9 16 12 9 1 14 12 7 1 4 8 7 2 16 14 3 0 17 20 16 9 13 7 2 12 3 14 8 2 4 11 5 0 17 17 8 7 2 9 20 10 8 10 16 20 15 6 6 6 14 17 7 17 3 16 15 5 8 15 12 2 13 1 5 17 11 15 9 4 5 1
69
200 200 200 200 200 200 200 200 200 200 200 200 200 200 200 200 200 200 200 200 200 200 200 200 200 200 200 200 200 200 200 200 200 200 200 200 200 200 200 200 200 200 200 200 200 200 200 200 200 200 200 200 200 200 200 200 200 200 200 200 200 200 200 200 200 200 200 200 200
102
0 0 0 0 0 0 0 0 0 0 0 0 0 0 0 0 0 0 0 0 0 0 0 0 0 0 0 0 0 0 0 0 0 0 0 0 0 0 0 0 0 0 0 0 0 0 0 0 0 0 0 0 0 0 0 0 0 0 0 0 0 0 0 0 0 0 0 0 0 0 0 0 0 0 0 0 0 0 0 0 0 0 0 0 0 0 0 0 0 0 0 0 0 0 0 0 0 0 0 0 0 0
81
15 80 84 56 139 93 47 182 120 23 32 140 146 152 25 195 76 170 193 33 99 162 9 165 47 40 27 55 34 147 197 109 95 56 16 134 110 22 106 93 102 115 5 125 136 141 29 149 179 34 152 172 187 194 117 3 146 51 128 126 84 30 62 37 145 13 143 5 144 18 108 85 182 108 90 17 129 199 42 157 109
87
8 5 16 3 18 18 18 9 1 6 17 18 191 9 9 16 11 16 8 20 5 154 17 174 9 9 7 3 5 172 13 13 174 172 16 6 11 157 14 6 155 171 10 17 9 1 4 6 3 17 16 161 9 2 5 19 19 18 198 4 172 178 8 178 14 17 13 8 11 10 156 172 17 170 7 7 19 4 2 18 164 13 16 191 13 5 157
63
12 14 11 6 6 6 16 4 2 9 5 9 16 10 2 20 12 0 20 15 9 5 0 4 3 6 20 16 19 15 17 15 3 12 1 13 8 10 5 4 15 10 12 0 9 15 3 17 0 15 14 2 20 5 3 10 15 3 1 7 14 14 19
916
0 0 0 0 0 0 0 0 0 0 0 0 0 0 0 0 0 0 0 0 0 0 0 0 0 0 0 0 0 0 0 0 0 0 0 0 0 0 0 0 0 0 0 0 0 0 0 0 0 0 0 0 0 0 0 0 0 0 0 0 0 0 0 0 0 0 0 0 0 0 0 0 0 0 0 0 0 0 0 0 0 0 0 0 0 0 0 0 0 0 0 0 0 0 0 0 0 0 0 0 0 0 0 0 0 0 0 0 0 0 0 0 0 0 0 0 0 0 0 0 0 0 0 0 0 0 0 0 0 0 0 0 0 0 0 0 0 0 0 0 0 0 0 0 0 0 0 0 0 0 0 0 0 0 0 0 0 0 0 0 0 0 0 0 0 0 0 0 0 0 0 0 0 0 0 0 0 0 0 0 0 0 0 0 0 0 0 0 0 0 0 0 0 0 0 0 0 0 0 0 0 0 0 0 0 0 0 0 0 0 0 0 0 0 0 0 0 0 0 0 0 0 0 0 0 0 0 0 0 0 0 0 0 0 0 0 0 0 0 0 0 0 0 0 0 0 0 0 0 0 0 0 0 0 0 0 0 0 0 0 0 0 0 0 0 0 0 0 0 0 0 0 0 0 0 0 0 0 0 0 0 0 0 0 0 0 0 0 0 0 0 0 0 0 0 0 0 0 0 0 0 0 0 0 0 0 0 0 0 0 0 0 0 0 0 0 0 0 0 0 0 0 0 0 0 0 0 0 0 0 0 0 0 0 0 0 0 0 0 0 0 0 0 0 0 0 0 0 0 0 0 0 0 0 0 0 0 0 0 0 0 0 0 0 0 0 0 0 0 0 0 0 0 0 0 0 0 0 0 0 0 0 0 0 0 0 0 0 0 0 0 0 0 0 0 0 0 0 0 0 0 0 0 0 0 0 0 0 0 0 0 0 0 0 0 0 0 0 0 0 0 0 0 0 0 0 0 0 0 0 0 0 0 0 0 0 0 0 0 0 0 0 0 0 0 0 0 0 0 0 0 0 0 0 0 0 0 0 0 0 0 0 0 0 0 0 0 0 0 0 0 0 0 0 0 0 0 0 0 0 0 0 0 0 0 0 0 0 0 0 0 0 0 0 0 0 0 0 0 0 0 0 0 0 0 0 0 0 0 0 0 0 0 0 0 0 0 0 0 0 0 0 0 0 0 0 0 0 0 0 0 0 0 0 0 0 0 0 0 0 0 0 0 0 0 0 0 0 0 0 0 0 0 0 0 0 0 0 0 0 0 0 0 0 0 0 0 0 0 0 0 0 0 0 0 0 0 0 0 0 0 0 0 0 0 0 0 0 0 0 0 0 0 0 0 0 0 0 0 0 0 0 0 0 0 0 0 0 0 0 0 0 0 0 0 0 0 0 0 0 0 0 0 0 0 0 0 0 0 0 0 0 0 0 0 0 0 0 0 0 0 0 0 0 0 0 0 0 0 0 0 0 0 0 0 0 0 0 0 0 0 0 0 0 0 0 0 0 0 0 0 0 0 0 0 0 0 0 0 0 0 0 0 0 0 0 0 0 0 0 0 0 0 0 0 0 0 0 0 0 0 0 0 0 0 0 0 0 0 0 0 0 0 0 0 0 0 0 0 0 0 0 0 0 0 0 0 0 0 0 0 0 0 0 0 0 0 0 0 0 0 0 0 0 0 0 0 0 0 0 0 0 0 0 0 0 0 0 0 0 0 0 0 0 0 0 0 0 0 0 0 0 0 0 0 0 0 0 0 0 0 0 0 0 0 0 0 0 0 0 0 0 0 0 0 0 0 0 0 0 0 0 0 0 0 0 0 0 0 0 0 0 0 0 0 0 0 0 0 0 0 0 0 0 0 0 0 0 0 0 0 0 0 0 0 0 0 0 0 0 0 0 0 0 0 0 0 0 0 0 0 0 0 0 0 0 0 0 0 0 0 0 0 0 0 0 0 0 0 0 0 0 0 0 0 0 0 0 0 0 0 0 0 0 0 0 0 0 0 0 0 0 0 0 0 0 0 0 0 0 0 0 0 0 0 0 0 0 0 0 0 0 0 0 0 0
368
0 0 0 0 0 0 0 0 0 0 0 0 0 0 0 0 0 0 0 0 0 0 0 0 0 0 0 0 0 0 0 0 0 0 0 0 0 0 0 0 0 0 0 0 0 0 0 0 0 0 0 0 0 0 0 0 0 0 0 0 0 0 0 0 0 0 0 0 0 0 0 0 0 0 0 0 0 0 0 0 0 0 0 0 0 0 0 0 0 0 0 0 0 0 0 0 0 0 0 0 0 0 0 0 0 0 0 0 0 0 0 0 0 0 0 0 0 0 0 0 0 0 0 0 0 0 0 0 0 0 0 0 0 0 0 0 0 0 0 0 0 0 0 0 0 0 0 0 0 0 0 0 0 0 0 0 0 0 0 0 0 0 0 0 0 0 0 0 0 0 0 0 0 0 0 0 0 0 0 0 0 0 0 0 0 0 0 0 0 0 0 0 0 0 0 0 0 0 0 0 0 0 0 0 0 0 0 0 0 0 0 0 0 0 0 0 0 0 0 0 0 0 0 0 0 0 0 0 0 0 0 0 0 0 0 0 0 0 0 0 0 0 0 0 0 0 0 0 0 0 0 0 0 0 0 0 0 0 0 0 0 0 0 0 0 0 0 0 0 0 0 0 0 0 0 0 0 0 0 0 0 0 0 0 0 0 0 0 0 0 0 0 0 0 0 0 0 0 0 0 0 0 0 0 0 0 0 0 0 0 0 0 0 0 0 0 0 0 0 0 0 0 0 0 0 0 0 0 0 0 0 0 0 0 0 0 0 0 0 0 0 0 0 0 0 0 0 0 0 0 0 0 0 0 0 0 0 0 0 0 0 0 0 0 0 0 0 0
991
0 200 62 107 120 75 62 87 115 80 80 87 92 100 54 59 67 107 106 99 87 81 106 69 50 93 50 106 66 52 92 115 62 115 71 68 93 93 100 94 66 62 82 88 117 60 68 118 92 84 117 91 67 89 60 71 113 53 111 120 50 75 113 50 113 85 108 83 111 104 54 54 56 86 111 79 79 53 77 91 59 63 92 90 55 99 73 93 89 76 85 94 108 57 98 50 89 71 78 99 69 84 112 88 106 52 107 82 90 120 74 100 104 82 115 100 90 64 69 104 55 71 66 105 119 116 54 119 108 58 100 58 75 118 118 94 53 74 116 54 71 66 65 112 67 93 93 55 95 87 96 74 56 119 106 82 76 79 107 59 79 54 108 117 69 83 55 87 102 53 76 84 55 79 52 55 66 60 93 73 118 64 117 82 59 54 100 111 110 67 94 105 51 83 95 105 80 63 100 118 103 117 85 110 52 116 101 84 50 90 51 78 67 116 71 53 112 65 97 70 73 69 108 118 60 54 109 87 84 93 79 85 83 102 102 55 109 58 59 84 90 72 61 118 70 81 120 91 83 109 111 118 79 90 81 111 84 111 71 69 62 90 81 66 94 108 52 89 79 104 77 82 92 64 76 75 50 95 64 77 117 73 77 109 105 76 64 108 59 65 59 79 105 59 56 81 120 70 82 54 71 96 80 104 114 52 75 103 97 71 73 104 92 86 73 91 77 105 63 91 108 115 82 52 76 81 111 105 77 96 87 112 69 116 67 67 105 101 58 64 76 99 82 107 99 110 103 107 95 93 68 53 112 81 85 97 105 104 114 105 68 82 107 59 85 90 87 63 90 75 99 96 87 72 76 100 65 79 78 53 62 75 88 78 80 94 102 99 63 93 95 58 109 88 95 80 57 115 96 84 77 102 88 58 98 51 114 112 99 103 115 107 107 80 51 53 69 88 64 58 84 75 68 110 103 118 75 111 56 103 100 83 103 61 65 93 61 51 100 75 91 62 84 103 55 120 73 51 110 55 78 58 83 106 62 99 91 101 56 74 86 102 91 98 101 70 80 107 50 102 91 115 116 99 71 110 51 116 71 51 72 85 84 58 50 73 61 100 96 103 115 99 91 84 85 82 120 88 119 95 96 75 100 106 77 105 88 70 94 64 91 78 79 106 96 96 56 66 119 72 118 67 114 95 93 66 113 70 68 91 74 98 107 71 83 114 112 108 53 89 83 71 58 103 100 101 111 67 101 90 51 108 89 54 111 58 94 85 72 72 55 87 89 73 71 110 108 52 109 105 97 78 119 95 112 77 56 87 82 79 75 80 120 115 64 81 67 114 62 69 87 89 50 70 78 61 110 75 77 58 97 115 51 64 110 84 57 100 78 94 66 56 69 104 68 52 65 78 78 119 58 109 102 67 74 83 101 79 60 74 61 67 113 81 90 73 113 64 87 98 107 68 65 116 81 111 107 103 78 101 95 52 51 69 112 68 76 52 50 55 51 120 119 50 64 83 104 104 105 65 106 90 54 80 58 67 67 110 59 90 101 119 75 120 110 65 53 54 73 101 114 106 56 109 102 93 53 73 99 111 67 96 83 105 57 97 118 50 86 72 61 112 66 99 111 64 92 52 85 52 75 93 51 52 93 100 77 70 73 108 51 79 116 66 80 107 106 91 89 89 89 57 71 53 117 89 107 81 108 113 80 95 68 113 50 112 64 75 95 70 106 82 103 86 92 100 111 114 88 118 71 61 99 54 83 80 51 67 114 92 115 118 104 96 98 103 53 56 56 102 102 117 60 92 113 67 89 63 64 85 94 85 65 57 95 86 102 63 51 115 51 92 117 55 79 99 71 56 119 94 93 104 69 110 66 112 97 99 115 88 72 108 60 106 81 52 86 112 103 56 51 98 104 69 105 114 80 53 118 90 110 63 57 77 60 97 59 65 58 117 65 102 56 108 54 84 118 101 93 56 83 50 67 110 69 105 102 73 62 98 58 90 97 93 106 120 106 98 66 88 116 68 62 59 92 51 62 74 74 66 100 58 115 61 93 79 111 73 106 71 79 117 111 113 76 111 64 53 99 59 69 88 90 112 96 106 116 105 69 50 93 108 117 78 76 114 107 59 60 103 74 98 120 90 62 99 51 89 55 71 111 64 113 77 100 115 70 104 119 71 97 63 64 76 86 101 104 53 86 105 55 61 87 109 105 118 78 55 88 67 107 90 83 113 93 118 94 72 78 103 200
645
200 200 200 200 200 200 200 200 200 200 200 200 200 200 200 200 200 200 200 200 200 200 200 200 200 200 200 200 200 200 200 200 200 200 200 200 200 200 200 200 200 200 200 200 200 200 200 200 200 200 200 200 200 200 200 200 200 200 200 200 200 200 200 200 200 200 200 200 200 200 200 200 200 200 200 200 200 200 200 200 200 200 200 200 200 200 200 200 200 200 200 200 200 200 200 200 200 200 200 200 200 200 200 200 200 200 200 200 200 200 200 200 200 200 200 200 200 200 200 200 200 200 200 200 200 200 200 200 200 200 200 200 200 200 200 200 200 200 200 200 200 200 200 200 200 200 200 200 200 200 200 200 200 200 200 200 200 200 200 200 200 200 200 200 200 200 200 200 200 200 200 200 200 200 200 200 200 200 200 200 200 200 200 200 200 200 200 200 200 200 200 200 200 200 200 200 200 200 200 200 200 200 200 200 200 200 200 200 200 200 200 200 200 200 200 200 200 200 200 200 200 200 200 200 200 200 200 200 200 200 200 200 200 200 200 200 200 200 200 200 200 200 200 200 200 200 200 200 200 200 200 200 200 200 200 200 200 200 200 200 200 200 200 200 200 200 200 200 200 200 200 200 200 200 200 200 200 200 200 200 200 200 200 200 200 200 200 200 200 200 200 200 200 200 200 200 200 200 200 200 200 200 200 200 200 200 200 200 200 200 200 200 200 200 200 200 200 200 200 200 200 200 200 200 200 200 200 200 200 200 200 200 200 200 200 200 200 200 200 200 200 200 200 200 200 200 200 200 200 200 200 200 200 200 200 200 200 200 200 200 200 200 200 200 200 200 200 200 200 200 200 200 200 200 200 200 200 200 200 200 200 200 200 200 200 200 200 200 200 200 200 200 200 200 200 200 200 200 200 200 200 200 200 200 200 200 200 200 200 200 200 200 200 200 200 200 200 200 200 200 200 200 200 200 200 200 200 200 200 200 200 200 200 200 200 200 200 200 200 200 200 200 200 200 200 200 200 200 200 200 200 200 200 200 200 200 200 200 200 200 200 200 200 200 200 200 200 200 200 200 200 200 200 200 200 200 200 200 200 200 200 200 200 200 200 200 200 200 200 200 200 200 200 200 200 200 200 200 200 200 200 200 200 200 200 200 200 200 200 200 200 200 200 200 200 200 200 200 200 200 200 200 200 200 200 200 200 200 200 200 200 200 200 200 200 200 200 200 200 200 200 200 200 200 200 200 200 200 200 200 200 200 200 200 200 200 200 200 200 200 200 200 200 200 200 200 200 200 200 200 200 200 200 200 200 200 200 200 200 200 200 200 200 200 200 200 200 200 200 200 200 200 200 200 200 200 200 200 200 200 200 200 200 200 200 200 200 200 200 200 200 200 200 200 200 200 200 200 200 200 200 200 200 200 200 200 200 200 200 200 200 200 200 200 200 200 200 200 200 200 200 200 200 200 200
942
3 14 8 5 13 7 15 7 15 12 20 16 20 1 9 14 20 3 14 8 15 20 4 9 19 5 11 12 8 18 10 12 7 0 4 19 11 8 2 16 4 0 3 1 19 14 15 18 6 11 10 10 19 10 9 14 3 16 11 15 20 2 15 15 12 0 10 0 5 5 20 6 7 18 11 4 7 14 16 11 14 20 4 10 7 14 13 6 13 11 0 10 20 0 2 0 1 13 18 4 1 13 20 20 4 8 6 1 12 9 14 2 5 9 17 20 14 10 15 17 7 2 16 7 2 8 0 3 0 15 10 5 9 4 2 11 0 6 14 9 10 4 20 12 5 8 10 6 1 10 3 17 1 4 2 3 7 12 13 14 7 12 11 3 3 11 14 6 9 7 12 16 4 5 18 16 8 13 20 9 3 11 13 15 7 13 8 20 11 8 16 15 12 16 17 7 17 17 3 7 18 0 10 15 13 4 2 0 5 15 5 15 20 16 18 8 8 6 9 3 14 10 19 1 6 20 3 5 20 16 13 7 18 5 4 11 12 9 19 8 15 12 1 5 2 19 2 17 18 4 1 11 5 20 18 9 8 18 8 11 9 13 5 2 9 15 14 15 13 7 8 8 4 20 12 18 5 7 2 19 1 6 3 18 7 10 20 4 15 10 17 17 12 17 5 3 9 10 19 6 2 2 19 4 3 18 9 1 1 13 15 13 9 17 7 9 6 0 6 4 8 7 13 5 7 6 9 17 8 14 20 1 12 5 13 16 10 9 18 19 19 0 13 17 16 10 13 11 7 18 20 7 5 5 19 8 2 5 14 3 1 12 18 7 1 17 7 15 5 5 16 5 12 16 9 5 15 0 7 1 11 0 0 3 3 7 15 1 11 4 0 12 15 1 2 5 18 3 7 20 1 2 15 8 8 10 10 11 8 0 16 16 3 4 15 12 18 17 18 9 5 19 19 14 4 18 0 6 1 20 16 9 18 11 13 6 16 3 5 1 14 4 19 15 4 2 11 19 9 17 9 19 15 1 20 1 7 5 17 20 2 18 5 10 12 4 2 18 2 13 20 11 17 5 12 11 6 17 6 16 18 8 14 19 8 20 15 14 17 1 2 1 3 19 9 6 3 16 13 8 20 1 15 17 0 10 15 3 17 10 19 13 15 12 2 19 4 1 6 20 10 11 6 11 6 0 13 9 13 16 19 9 17 18 1 20 4 13 3 4 17 20 3 7 9 2 20 13 18 7 7 13 12 15 13 13 3 1 12 11 7 4 13 5 0 17 16 15 2 5 7 11 9 6 20 16 10 2 20 15 8 11 14 13 13 5 0 2 16 2 3 7 18 20 4 17 19 2 18 6 10 18 1 17 20 18 0 5 12 18 4 19 12 6 12 16 10 6 3 9 8 15 4 12 6 0 18 20 18 2 0 13 3 14 19 8 2 13 0 6 0 17 8 2 2 4 14 6 12 20 1 16 8 19 13 7 11 20 15 0 18 16 9 12 3 3 11 19 5 14 5 19 1 5 19 10 12 8 7 14 12 15 20 6 17 20 11 19 2 0 7 8 3 20 14 19 13 18 8 12 12 12 2 7 0 6 8 7 10 6 0 3 6 14 4 12 12 1 2 1 16 6 19 18 3 2 18 12 1 16 12 19 18 6 8 18 0 18 9 17 10 7 19 5 5 8 11 17 5 10 9 2 2 20 7 0 12 6 4 4 1 7 9 2 18 9 5 9 15 17 8 3 2 13 5 10 0 4 12 5 6 1 20 1 10 10 18 12 6 12 10 6 6 1 12 19 4 11 6 14 15 2 15 7 6 15 5 15 16 4 4 18 13 16 0 6 14 5 10 4 4 2 5 14 10 18 12 14 5 13 7 16 16 7 10 2 16 20 16 5 16 13 2 4 3 3 16 14 15 17 15 14 13 8 4 3 11 20 19 6 20 16 13 5 13 9 14 14 2 18 6 19 6 8 2 15 12 16 6 5 19 9 12 5 13 18 1 6 1 11 0 20 20 17 18 10 15 9 4 18 3 11 0 17 8 18 4 16 14 13 18 8 0 2 18 0 5 11 14 20 1 2 2 13 8 14 13 5 12 19 10 15 20 2 18 14 3 10 11 5 15 15
353
173 4 15 13 1 165 15 178 187 19 150 186 164 0 19 1 163 174 18 13 9 0 158 7 177 15 16 188 17 163 6 12 1 13 3 11 194 3 13 12 169 8 12 7 5 161 6 20 7 15 11 2 5 17 188 11 168 12 13 16 10 192 5 9 10 153 11 1 187 7 11 3 3 8 17 154 8 7 17 15 165 15 16 11 5 17 17 15 8 17 15 9 9 19 166 3 15 196 163 11 3 5 1 12 14 10 156 10 15 17 16 12 19 16 13 12 199 20 195 5 0 12 174 199 199 1 7 17 6 3 14 19 197 6 196 166 14 7 151 14 1 7 153 15 6 1 9 15 3 7 15 8 14 1 5 8 5 13 151 15 167 155 153 13 18 9 177 167 18 10 9 1 10 19 16 193 5 177 12 18 11 11 2 20 2 2 16 16 154 18 6 14 151 8 171 14 15 5 9 6 8 18 2 4 186 174 8 7 17 7 17 172 18 4 14 11 0 17 11 163 164 20 14 179 196 2 16 17 162 8 10 188 9 193 12 1 170 9 188 4 193 7 17 180 166 150 7 2 18 6 4 12 14 12 14 181 179 9 16 157 9 17 1 11 177 2 6 5 6 155 20 153 4 18 6 13 10 15 191 0 17 19 7 11 19 3 170 152 16 13 6 4 186 167 16 8 8 18 3 185 11 8 1 4 159 10 13 10 7 178 8 5 9 177 199 14 153 17 11 16 14 3 192 8 160 11 5 178 20 16 0 3 1 161 18 8 0 9 16 15 6 4 171 190 194 6 20 17 8 12 9 6 17
685
0 200 88 117 96 104 106 67 112 83 117 53 85 52 109 65 81 91 76 120 111 76 103 71 62 117 101 110 110 84 105 77 60 55 97 112 65 84 57 97 91 88 100 66 62 50 81 90 54 101 78 104 104 110 109 83 54 66 109 106 112 72 54 79 64 98 78 111 90 92 89 54 112 65 82 120 77 108 67 97 114 77 87 87 53 73 119 97 115 87 80 89 64 101 87 109 111 59 95 115 72 77 95 83 85 108 112 50 75 57 95 114 77 118 61 106 116 97 80 93 90 75 114 81 72 75 61 63 80 116 66 69 84 85 69 61 68 69 91 70 103 87 57 82 114 70 90 84 70 106 112 99 106 89 110 63 83 89 52 73 66 57 55 99 66 106 86 89 103 77 77 117 75 82 62 105 85 78 112 98 118 98 102 118 52 85 65 95 51 85 107 77 90 84 84 59 82 83 99 79 68 120 112 94 87 109 59 117 117 88 53 110 79 63 79 50 114 109 57 63 55 104 99 109 84 74 117 107 107 115 119 103 86 110 104 82 63 55 54 55 66 103 55 92 103 90 115 64 79 55 80 54 92 115 100 76 57 54 92 67 57 80 105 69 118 117 67 92 74 66 68 77 100 90 73 118 76 57 103 113 116 104 95 100 104 50 70 82 101 92 110 59 74 79 70 65 70 104 88 105 104 85 75 119 81 112 51 77 115 116 75 113 94 93 90 54 76 95 99 109 115 74 87 101 118 71 55 60 105 73 64 83 93 55 68 57 54 68 117 66 102 75 73 67 85 80 118 67 64 110 90 90 74 108 114 110 99 52 64 104 100 77 107 82 54 115 79 112 92 120 77 117 76 91 82 100 105 86 68 80 63 80 102 52 98 56 66 65 84 112 55 103 59 87 87 83 77 87 98 83 91 75 79 118 91 90 65 80 99 68 63 80 109 119 83 92 55 76 64 83 104 89 106 93 102 71 73 60 116 95 109 115 110 65 78 87 113 72 74 63 94 120 88 108 89 114 105 53 84 79 60 108 55 107 109 69 109 57 62 103 62 106 51 103 85 101 112 71 66 109 89 80 60 89 65 85 85 56 50 62 81 105 77 76 55 118 59 98 52 75 98 120 95 63 72 98 84 65 102 120 64 97 71 98 90 58 68 89 83 111 59 80 75 110 94 58 111 54 71 86 116 60 120 117 75 103 64 112 72 78 116 56 73 64 95 50 105 51 56 71 89 102 95 54 77 91 99 119 82 89 101 90 96 76 88 115 76 87 88 80 99 116 81 64 57 94 87 91 54 60 120 52 106 51 57 66 75 104 81 118 86 105 115 114 82 62 67 117 82 120 99 86 103 115 94 98 114 69 79 80 56 76 120 62 52 67 53 76 57 70 69 70 96 56 101 52 115 53 89 75 92 101 101 107 84 55 66 117 116 77 89 83 73 87 100 95 54 51 77 85 85 56 63 118 91 57 64 116 65 61 80 75 55 78 67 111 56 83 102 55 90 114 105 74 119 84 110 58 93 117 58 62 83 73 86 86 62 80 118 97 91 60 106 104 200
790
200 200 200 200 200 200 200 200 200 200 200 200 200 200 200 200 200 200 200 200 200 200 200 200 200 200 200 200 200 200 200 200 200 200 200 200 200 200 200 200 200 200 200 200 200 200 200 200 200 200 200 200 200 200 200 200 200 200 200 200 200 200 200 200 200 200 200 200 200 200 200 200 200 200 200 200 200 200 200 200 200 200 200 200 200 200 200 200 200 200 200 200 200 200 200 200 200 200 200 200 200 200 200 200 200 200 200 200 200 200 200 200 200 200 200 200 200 200 200 200 200 200 200 200 200 200 200 200 200 200 200 200 200 200 200 200 200 200 200 200 200 200 200 200 200 200 200 200 200 200 200 200 200 200 200 200 200 200 200 200 200 200 200 200 200 200 200 200 200 200 200 200 200 200 200 200 200 200 200 200 200 200 200 200 200 200 200 200 200 200 200 200 200 200 200 200 200 200 200 200 200 200 200 200 200 200 200 200 200 200 200 200 200 200 200 200 200 200 200 200 200 200 200 200 200 200 200 200 200 200 200 200 200 200 200 200 200 200 200 200 200 200 200 200 200 200 200 200 200 200 200 200 200 200 200 200 200 200 200 200 200 200 200 200 200 200 200 200 200 200 200 200 200 200 200 200 200 200 200 200 200 200 200 200 200 200 200 200 200 200 200 200 200 200 200 200 200 200 200 200 200 200 200 200 200 200 200 200 200 200 200 200 200 200 200 200 200 200 200 200 200 200 200 200 200 200 200 200 200 200 200 200 200 200 200 200 200 200 200 200 200 200 200 200 200 200 200 200 200 200 200 200 200 200 200 200 200 200 200 200 200 200 200 200 200 200 200 200 200 200 200 200 200 200 200 200 200 200 200 200 200 200 200 200 200 200 200 200 200 200 200 200 200 200 200 200 200 200 200 200 200 200 200 200 200 200 200 200 200 200 200 200 200 200 200 200 200 200 200 200 200 200 200 200 200 200 200 200 200 200 200 200 200 200 200 200 200 200 200 200 200 200 200 200 200 200 200 200 200 200 200 200 200 200 200 200 200 200 200 200 200 200 200 200 200 200 200 200 200 200 200 200 200 200 200 200 200 200 200 200 200 200 200 200 200 200 200 200 200 200 200 200 200 200 200 200 200 200 200 200 200 200 200 200 200 200 200 200 200 200 200 200 200 200 200 200 200 200 200 200 200 200 200 200 200 200 200 200 200 200 200 200 200 200 200 200 200 200 200 200 200 200 200 200 200 200 200 200 200 200 200 200 200 200 200 200 200 200 200 200 200 200 200 200 200 200 200 200 200 200 200 200 200 200 200 200 200 200 200 200 200 200 200 200 200 200 200 200 200 200 200 200 200 200 200 200 200 200 200 200 200 200 200 200 200 200 200 200 200 200 200 200 200 200 200 200 200 200 200 200 200 200 200 200 200 200 200 200 200 200 200 200 200 200 200 200 200 200 200 200 200 200 200 200 200 200 200 200 200 200 200 200 200 200 200 200 200 200 200 200 200 200 200 200 200 200 200 200 200 200 200 200 200 200 200 200 200 200 200 200 200 200 200 200 200 200 200 200 200 200 200 200 200 200 200 200 200 200 200 200 200 200 200 200 200 200 200 200 200 200 200 200 200 200 200 200 200 200 200 200 200 200 200 200 200 200 200 200 200 200 200 200 200 200 200 200 200 200 200 200 200 200 200 200 200 200 200 200 200 200 200 200 200 200 200 200 200 200 200 200 200 200 200 200 200 200 200 200 200 200 200 200 200 200 200 200 200 200 200 200 200 200 200 200 200 200 200 200 200 200
567
12 3 12 16 19 3 10 15 10 4 8 19 15 12 162 158 19 8 18 166 7 10 16 9 10 17 19 19 4 171 17 13 6 159 2 10 16 11 166 1 10 15 6 8 19 1 16 174 11 184 16 1 4 10 6 2 3 17 161 13 6 171 4 1 19 179 9 7 18 18 17 157 16 16 4 7 15 2 3 8 180 0 8 150 1 16 1 4 7 17 185 18 5 11 10 192 184 15 1 2 8 180 20 16 176 185 183 186 17 1 6 1 7 154 1 2 169 9 170 0 3 9 13 7 1 20 3 163 20 9 4 3 20 198 18 4 15 167 195 1 2 10 6 12 7 17 17 7 183 185 3 10 15 8 0 20 14 4 0 15 154 152 20 2 4 4 6 3 13 174 2 196 4 6 4 13 151 5 164 16 9 14 2 7 0 10 15 15 5 10 1 8 13 20 16 199 195 14 11 5 164 6 13 7 15 188 164 6 197 15 2 15 16 2 6 175 151 166 11 12 11 20 20 10 10 16 18 8 20 12 13 190 12 20 5 13 5 17 1 5 6 198 0 20 18 4 18 8 1 8 14 15 7 175 11 189 16 189 18 5 16 181 170 20 9 5 3 6 3 150 8 12 7 18 154 4 3 174 14 151 168 3 173 172 14 14 192 12 159 16 10 15 173 156 164 0 19 0 14 20 20 7 15 192 187 16 6 9 8 14 1 14 3 3 17 12 1 12 176 1 2 13 155 8 19 19 8 152 14 171 160 3 1 9 4 167 8 1 197 5 12 8 4 12 2 176 8 0 161 7 3 0 7 18 8 0 11 11 14 11 2 187 17 19 17 8 16 20 2 8 9 2 194 10 15 175 14 6 4 6 183 14 11 167 2 0 1 172 0 186 14 18 7 16 154 190 8 4 6 7 19 10 170 156 189 4 1 7 11 7 19 0 7 6 1 5 6 197 19 197 16 171 151 3 5 182 0 11 1 18 166 17 12 169 10 14 1 18 14 171 10 8 12 13 18 184 18 12 17 9 13 20 167 0 20 13 16 2 0 2 195 14 19 11 151 3 0 190 17 3 18 12 19 5 16 15 18 0 15 1 4 19 2 10 9 6 2 15 14 18 184 168 177 15 7 1 12 5 18 1 5 10 10 12 180 19 158 1 9 15 0 8 177 19 14 17 14 19 5 10 14 14 199 9 169 2 13 0 197 11 5 18 9 15 160 8 1 171 180 0 5 0 2 1 15 159 5 10 0 1 5 11 4 9 3 20 2 151 178 194 17 0 7 9 13 20 3
140
200 200 200 200 200 200 200 200 200 200 200 200 200 200 200 200 200 200 200 200 200 200 200 200 200 200 200 200 200 200 200 200 200 200 200 200 200 200 200 200 200 200 200 200 200 200 200 200 200 200 200 200 200 200 200 200 200 200 200 200 200 200 200 200 200 200 200 200 200 200 200 200 200 200 200 200 200 200 200 200 200 200 200 200 200 200 200 200 200 200 200 200 200 200 200 200 200 200 200 200 200 200 200 200 200 200 200 200 200 200 200 200 200 200 200 200 200 200 200 200 200 200 200 200 200 200 200 200 200 200 200 200 200 200 200 200 200 200 200 200
474
88 197 181 124 115 88 124 181 88 181 181 90 124 197 181 115 181 90 181 90 88 115 197 90 88 181 124 181 124 124 124 88 90 88 197 124 124 124 124 124 90 115 88 88 124 181 90 181 124 124 115 181 115 124 197 88 90 90 181 90 88 124 124 115 197 115 90 181 181 197 88 90 181 197 88 181 88 197 181 124 115 115 197 90 90 115 197 90 197 88 197 197 90 181 124 181 88 90 181 90 181 90 197 124 124 88 197 115 90 197 90 115 124 197 181 115 181 88 115 88 90 115 90 197 197 115 90 90 115 90 115 90 88 88 181 88 88 181 181 197 124 181 88 181 124 88 181 115 115 181 88 181 88 197 88 115 124 90 124 181 115 115 124 181 90 88 115 181 124 181 115 88 181 90 115 181 90 88 88 197 115 181 124 88 197 115 88 124 181 88 115 181 88 88 197 88 197 115 88 88 181 88 197 88 88 88 197 124 197 90 88 197 88 124 90 88 88 88 181 115 197 115 88 181 115 124 124 124 115 90 124 90 197 197 115 197 124 88 90 124 88 181 115 181 90 90 115 88 90 181 181 90 115 181 88 197 88 90 197 124 124 197 115 181 88 115 181 90 115 124 88 90 197 197 197 90 197 90 124 88 88 181 124 124 115 88 124 115 124 115 197 181 197 115 197 90 90 124 90 124 90 90 90 124 124 181 90 88 197 90 115 181 115 88 90 88 181 124 88 197 124 181 197 124 197 115 88 124 88 181 115 181 124 88 124 115 115 197 181 181 197 197 181 197 181 88 181 181 115 197 124 197 88 197 88 88 124 124 124 90 115 181 115 197 115 90 181 197 115 181 181 115 197 181 88 181 181 88 90 124 115 124 181 181 181 88 197 181 115 124 115 197 181 90 115 88 115 90 115 124 88 88 90 115 124 115 124 181 88 88 90 181 115 115 88 197 115 124 115 181 124 115 115 124 88 88 181 124 124 90 88 115 115 88 88 115 90 181 90 90 124 88 115 181 115 181 88 124 197 90 197 181 88 115 124 90 88 90 124 90 115 90 88 197 115 124 88 90 90 197 90 90 90 115
258
0 0 0 0 0 0 0 0 0 0 0 0 0 0 0 0 0 0 0 0 0 0 0 0 0 0 0 0 0 0 0 0 0 0 0 0 0 0 0 0 0 0 0 0 0 0 0 0 0 0 0 0 0 0 0 0 0 0 0 0 0 0 0 0 0 0 0 0 0 0 0 0 0 0 0 0 0 0 0 0 0 0 0 0 0 0 0 0 0 0 0 0 0 0 0 0 0 0 0 0 0 0 0 0 0 0 0 0 0 0 0 0 0 0 0 0 0 0 0 0 0 0 0 0 0 0 0 0 0 0 0 0 0 0 0 0 0 0 0 0 0 0 0 0 0 0 0 0 0 0 0 0 0 0 0 0 0 0 0 0 0 0 0 0 0 0 0 0 0 0 0 0 0 0 0 0 0 0 0 0 0 0 0 0 0 0 0 0 0 0 0 0 0 0 0 0 0 0 0 0 0 0 0 0 0 0 0 0 0 0 0 0 0 0 0 0 0 0 0 0 0 0 0 0 0 0 0 0 0 0 0 0 0 0 0 0 0 0 0 0 0 0 0 0 0 0 0 0 0 0 0 0 0 0 0 0 0 0
385
0 0 0 0 0 0 0 0 0 0 0 0 0 0 0 0 0 0 0 0 0 0 0 0 0 0 0 0 0 0 0 0 0 0 0 0 0 0 0 0 0 0 0 0 0 0 0 0 0 0 0 0 0 0 0 0 0 0 0 0 0 0 0 0 0 0 0 0 0 0 0 0 0 0 0 0 0 0 0 0 0 0 0 0 0 0 0 0 0 0 0 0 0 0 0 0 0 0 0 0 0 0 0 0 0 0 0 0 0 0 0 0 0 0 0 0 0 0 0 0 0 0 0 0 0 0 0 0 0 0 0 0 0 0 0 0 0 0 0 0 0 0 0 0 0 0 0 0 0 0 0 0 0 0 0 0 0 0 0 0 0 0 0 0 0 0 0 0 0 0 0 0 0 0 0 0 0 0 0 0 0 0 0 0 0 0 0 0 0 0 0 0 0 0 0 0 0 0 0 0 0 0 0 0 0 0 0 0 0 0 0 0 0 0 0 0 0 0 0 0 0 0 0 0 0 0 0 0 0 0 0 0 0 0 0 0 0 0 0 0 0 0 0 0 0 0 0 0 0 0 0 0 0 0 0 0 0 0 0 0 0 0 0 0 0 0 0 0 0 0 0 0 0 0 0 0 0 0 0 0 0 0 0 0 0 0 0 0 0 0 0 0 0 0 0 0 0 0 0 0 0 0 0 0 0 0 0 0 0 0 0 0 0 0 0 0 0 0 0 0 0 0 0 0 0 0 0 0 0 0 0 0 0 0 0 0 0 0 0 0 0 0 0 0 0 0 0 0 0 0 0 0 0 0 0 0 0 0 0 0 0 0 0 0 0 0 0 0 0 0 0 0 0 0 0 0 0 0 0 0 0 0 0 0 0
9
0 0 0 0 0 0 0 0 0
222
0 200 119 76 56 109 91 56 111 51 91 97 99 88 95 99 50 108 97 100 65 67 52 63 98 101 82 95 109 95 114 73 75 74 51 115 62 101 62 75 113 113 118 118 101 76 118 100 103 73 86 103 91 95 99 61 111 67 51 103 120 69 109 110 50 86 81 92 87 85 60 78 107 115 83 52 87 95 120 108 51 51 118 66 115 94 106 68 108 79 100 52 90 98 113 61 54 113 68 80 90 102 56 77 96 88 56 73 93 85 58 104 55 106 55 108 60 120 78 118 101 71 100 71 56 59 53 120 99 65 77 74 80 78 93 105 109 55 52 109 72 114 95 71 57 111 53 84 52 101 111 99 108 72 106 62 78 82 64 114 110 96 79 63 50 100 90 78 97 120 54 106 119 50 60 107 108 69 82 75 87 112 58 77 89 61 87 113 55 64 72 80 78 94 107 108 88 52 92 106 53 105 67 90 104 83 89 105 119 114 50 112 115 70 104 56 56 60 104 74 118 200
280
0 0 0 0 0 0 0 0 0 0 0 0 0 0 0 0 0 0 0 0 0 0 0 0 0 0 0 0 0 0 0 0 0 0 0 0 0 0 0 0 0 0 0 0 0 0 0 0 0 0 0 0 0 0 0 0 0 0 0 0 0 0 0 0 0 0 0 0 0 0 0 0 0 0 0 0 0 0 0 0 0 0 0 0 0 0 0 0 0 0 0 0 0 0 0 0 0 0 0 0 0 0 0 0 0 0 0 0 0 0 0 0 0 0 0 0 0 0 0 0 0 0 0 0 0 0 0 0 0 0 0 0 0 0 0 0 0 0 0 0 0 0 0 0 0 0 0 0 0 0 0 0 0 0 0 0 0 0 0 0 0 0 0 0 0 0 0 0 0 0 0 0 0 0 0 0 0 0 0 0 0 0 0 0 0 0 0 0 0 0 0 0 0 0 0 0 0 0 0 0 0 0 0 0 0 0 0 0 0 0 0 0 0 0 0 0 0 0 0 0 0 0 0 0 0 0 0 0 0 0 0 0 0 0 0 0 0 0 0 0 0 0 0 0 0 0 0 0 0 0 0 0 0 0 0 0 0 0 0 0 0 0 0 0 0 0 0 0 0 0 0 0 0 0 0 0 0 0 0 0
189
19 8 20 10 8 1 3 12 1 4 5 0 15 6 11 1 6 15 15 13 14 0 12 17 8 16 3 16 10 17 2 1 5 12 6 4 5 7 5 15 19 19 12 3 20 13 4 6 11 16 9 4 0 19 6 20 17 14 8 4 2 4 14 14 2 10 11 5 18 20 4 3 9 13 10 0 14 17 15 0 4 4 3 18 15 5 6 6 3 5 13 19 0 3 0 2 17 4 5 17 9 5 5 16 12 11 0 2 13 4 11 12 5 3 8 1 12 8 20 15 5 8 13 1 8 13 6 17 2 19 20 2 10 18 18 3 3 0 3 3 9 13 14 12 16 0 8 1 17 13 11 17 13 13 5 8 4 0 7 2 20 11 1 4 14 6 6 0 13 2 3 14 3 17 3 11 7 3 8 5 14 15 18 1 20 15 9 1 13
52
200 200 200 200 200 200 200 200 200 200 200 200 200 200 200 200 200 200 200 200 200 200 200 200 200 200 200 200 200 200 200 200 200 200 200 200 200 200 200 200 200 200 200 200 200 200 200 200 200 200 200 200
29
119 73 44 45 60 2 83 61 166 104 149 14 44 169 4 74 6 196 137 117 74 157 134 41 81 116 74 142 8
989
0 0 0 10 190 16 14 172 17 155 17 19 8 3 159 20 7 14 0 15 17 4 15 2 14 17 16 11 179 166 15 7 199 10 5 15 10 9 2 190 15 7 13 20 17 7 155 165 16 8 20 17 5 14 15 1 3 8 8 163 20 2 2 20 14 14 11 167 159 6 7 20 179 0 171 186 191 16 12 19 18 9 1 173 12 2 166 162 160 14 4 0 18 1 1 10 180 200 8 4 184 6 154 7 20 11 12 10 185 9 177 7 15 5 17 7 12 13 9 9 5 17 154 165 0 17 0 7 12 20 6 9 185 3 14 5 7 13 12 12 6 16 15 5 0 7 17 9 15 7 0 13 6 178 181 10 176 18 14 11 8 18 152 10 10 12 8 1 152 14 19 16 0 4 16 6 13 14 9 13 8 167 19 17 1 0 16 14 12 1 20 11 188 11 10 1 4 20 193 1 19 3 10 177 7 14 1 19 178 14 0 3 10 197 14 3 199 15 13 0 3 20 151 17 173 14 175 10 20 3 11 4 7 16 10 2 10 20 13 7 20 8 172 14 9 13 9 4 8 19 6 15 3 2 187 3 17 7 13 10 15 185 4 20 1 8 6 1 13 5 17 13 16 12 9 17 171 8 12 7 6 4 6 2 10 16 20 12 15 16 20 8 14 7 13 11 1 12 18 19 15 20 12 2 190 0 9 13 20 11 1 16 18 178 19 18 15 15 14 20 5 8 1 1 2 8 15 171 11 11 15 187 10 13 20 16 12 19 154 12 1 14 4 186 2 19 5 15 11 6 166 6 0 9 9 7 19 0 175 176 17 18 167 190 159 12 168 9 17 4 7 19 6 20 16 152 16 184 14 19 10 7 14 12 13 15 13 12 17 20 0 19 20 9 164 18 18 14 11 191 10 160 12 20 12 10 151 11 9 17 17 178 17 10 16 11 7 17 3 2 17 14 2 177 15 196 8 6 20 19 16 8 0 2 164 15 3 179 7 8 18 14 2 20 2 10 9 20 9 172 20 18 163 10 164 11 11 5 10 10 20 17 151 3 158 18 0 5 4 19 4 167 14 6 18 10 3 17 14 10 173 20 14 11 186 19 15 5 164 6 165 20 7 4 19 5 186 14 1 2 10 7 6 5 173 17 2 5 176 1 1 5 194 20 5 5 16 5 13 199 9 6 20 5 177 5 14 2 5 11 13 19 13 20 7 13 14 16 158 16 19 17 7 20 179 175 15 184 195 3 5 18 17 182 154 2 10 8 189 13 6 4 17 196 15 2 2 19 11 10 2 0 151 18 20 10 184 19 0 13 180 5 20 10 7 3 8 14 17 0 20 20 18 10 11 18 17 167 14 2 170 11 18 167 18 5 12 2 2 18 14 20 176 191 19 15 179 7 17 18 6 10 8 9 171 169 10 179 18 17 6 2 8 15 0 1 5 3 1 2 14 19 7 0 9 18 7 14 2 155 18 16 17 16 13 17 3 17 9 2 13 8 160 3 10 9 11 192 12 4 13 8 174 11 19 15 20 9 1 10 7 10 3 16 7 152 9 10 10 16 18 170 5 7 14 16 14 15 17 3 5 175 9 4 1 7 185 5 170 164 2 5 7 156 187 19 13 4 182 11 8 20 12 153 166 16 5 1 182 190 3 170 198 17 1 3 2 182 6 170 182 13 9 19 16 9 162 5 9 4 19 4 5 18 13 198 167 11 17 13 6 15 10 184 0 16 6 20 12 13 13 0 12 16 12 20 12 180 8 18 161 11 4 167 9 12 2 10 169 15 2 1 17 166 0 190 6 1 182 14 18 4 0 14 152 6 10 152 16 8 7 6 16 12 9 1 9 16 7 178 19 3 0 8 6 15 7 186 159 2 10 12 16 151 9 1 4 2 8 12 3 15 14 18 186 14 20 8 4 13 15 161 11 4 9 181 151 20 18 11 166 1 8 1 18 10 9 9 10 8 20 7 5 16 20 7 4 192 6 180 6 13 16 8 2 8 1 18 2 5 191 14 159 196 15 15 169 158 20 1 9 18 9 19 5 14 194 9 12 1 7 19 172 12 166 5 11 18 17 17 15 155 4 10 176 162 8 13 14 15 18 16 5 17 3 5 8 155 0 171 19 16 178 20 6 3 3 17 5 7 17 189 174 158 176 0 3 170 11 15 3 2 2 198 5 3 7 17 20 199 173 10 20 3 154 6 4 10 18 11 7 13 7 16 19 11 16 0 3
108
15 7 3 18 16 16 0 1 6 182 7 16 8 157 10 11 9 177 179 5 2 7 7 0 1 15 14 16 5 7 150 1 8 4 180 19 173 3 160 17 7 152 16 199 11 16 163 1 17 0 19 7 150 17 18 0 12 1 200 4 9 151 169 13 13 2 14 18 5 150 20 14 15 20 9 153 193 163 4 167 17 170 4 8 3 1 19 198 10 13 172 12 4 7 17 160 19 0 196 177 20 195 3 5 153 14 19 10
310
0 0 0 0 0 0 0 0 0 0 0 0 0 0 0 0 0 0 0 0 0 0 0 0 0 0 0 0 0 0 0 0 0 0 0 0 0 0 0 0 0 0 0 0 0 0 0 0 0 0 0 0 0 0 0 0 0 0 0 0 0 0 0 0 0 0 0 0 0 0 0 0 0 0 0 0 0 0 0 0 0 0 0 0 0 0 0 0 0 0 0 0 0 0 0 0 0 0 0 0 0 0 0 0 0 0 0 0 0 0 0 0 0 0 0 0 0 0 0 0 0 0 0 0 0 0 0 0 0 0 0 0 0 0 0 0 0 0 0 0 0 0 0 0 0 0 0 0 0 0 0 0 0 0 0 0 0 0 0 0 0 0 0 0 0 0 0 0 0 0 0 0 0 0 0 0 0 0 0 0 0 0 0 0 0 0 0 0 0 0 0 0 0 0 0 0 0 0 0 0 0 0 0 0 0 0 0 0 0 0 0 0 0 0 0 0 0 0 0 0 0 0 0 0 0 0 0 0 0 0 0 0 0 0 0 0 0 0 0 0 0 0 0 0 0 0 0 0 0 0 0 0 0 0 0 0 0 0 0 0 0 0 0 0 0 0 0 0 0 0 0 0 0 0 0 0 0 0 0 0 0 0 0 0 0 0 0 0 0 0 0 0 0 0 0 0 0 0 0 0 0 0 0 0 0 0 0 0 0 0
313
72 11 11 11 11 72 11 11 72 72 72 11 72 11 72 11 72 11 11 72 72 11 72 72 72 72 11 11 11 11 72 11 11 11 11 11 72 72 11 72 11 72 72 11 11 72 11 11 11 72 72 11 11 11 72 72 11 72 11 11 11 11 11 72 72 11 11 11 11 11 72 11 72 72 11 72 72 11 11 11 72 72 11 72 72 72 11 11 11 11 72 11 11 72 72 72 72 11 11 11 72 11 72 72 11 72 11 11 72 11 11 72 11 11 72 11 11 72 11 72 72 11 72 72 72 72 11 72 11 72 72 72 11 11 72 11 11 72 11 72 72 72 11 72 11 72 11 11 11 11 11 72 11 72 11 11 72 72 72 72 72 11 11 11 72 11 72 11 72 11 11 72 11 72 11 11 72 11 11 72 11 72 11 72 11 11 72 11 11 72 11 72 72 11 72 72 11 72 72 72 72 72 72 72 72 72 72 11 72 72 72 11 72 72 11 72 11 11 11 72 72 11 72 11 72 72 11 11 72 11 11 11 72 11 11 11 72 11 11 72 72 11 11 11 11 11 72 11 72 11 11 72 72 11 11 11 72 72 72 11 72 11 11 72 72 72 11 72 11 72 72 11 72 72 72 11 72 72 72 72 11 72 72 72 72 11 11 72 11 72 11 72 72 72 11 11 11 72 11 72 11 72 11 11 72 11 72 11 11 11 72 11 11
770
81 36 69 164 81 69 69 69 36 81 69 36 164 69 164 69 36 164 69 81 81 36 164 69 69 36 36 36 36 69 69 81 69 81 69 164 164 164 81 164 81 36 69 81 36 164 81 69 69 36 69 69 36 69 36 69 36 69 69 81 69 164 81 164 164 69 164 164 164 164 164 36 69 36 81 81 36 36 36 36 81 69 36 69 69 164 69 36 36 69 36 81 164 36 36 164 81 164 36 36 36 69 69 164 164 69 36 36 69 81 36 81 36 69 69 69 81 81 81 81 164 69 164 69 81 69 164 164 69 36 69 164 164 164 81 69 69 81 164 81 164 36 36 164 81 69 164 69 81 81 69 164 164 164 36 36 164 69 164 81 81 164 81 69 36 164 81 81 36 164 81 36 69 164 36 36 69 164 81 164 81 164 36 164 69 36 36 164 69 36 69 164 36 69 81 81 81 81 81 36 81 69 69 81 164 69 36 36 81 164 69 164 81 36 69 164 69 36 69 81 81 69 36 81 36 164 36 164 164 36 164 81 36 36 81 81 36 69 164 164 36 164 69 81 36 164 81 164 36 164 36 164 69 81 164 164 69 164 164 69 36 164 36 81 69 164 164 164 164 69 36 81 69 69 81 164 81 36 164 69 81 164 164 69 69 69 81 36 69 36 164 36 81 164 164 36 36 36 164 69 164 69 36 69 69 81 36 36 69 81 81 69 36 81 81 81 36 36 81 69 69 36 36 69 36 36 69 164 36 69 164 69 81 69 81 36 69 81 164 69 69 81 164 36 36 81 69 81 36 81 69 81 81 164 69 81 81 69 36 164 36 164 81 81 36 81 69 69 81 69 36 69 164 81 164 69 36 69 36 69 69 36 164 81 69 69 81 36 36 69 81 164 164 81 69 81 69 36 81 36 81 36 81 81 81 81 36 36 69 36 69 69 36 69 164 164 69 164 81 164 69 36 81 164 36 69 69 36 81 164 69 36 36 164 81 36 81 36 36 36 81 81 69 164 69 164 164 164 164 36 69 81 81 36 164 36 164 81 36 81 36 36 81 81 36 164 36 69 81 36 164 36 69 36 164 164 81 69 81 164 69 164 164 81 69 164 69 164 69 81 164 36 69 69 69 36 81 81 81 81 164 36 81 69 164 164 69 81 36 81 164 36 81 36 36 69 69 164 81 164 81 36 164 164 69 81 164 81 36 164 36 69 36 81 164 36 164 164 164 36 69 164 36 164 69 36 164 36 36 36 69 36 164 164 164 164 36 81 36 36 69 69 164 36 164 36 36 164 81 36 36 81 69 164 36 36 69 81 81 81 164 164 164 81 164 36 81 36 164 81 36 81 81 81 164 164 69 69 69 81 81 36 69 69 69 81 81 69 36 69 36 164 164 36 81 69 81 69 69 36 164 69 69 69 69 36 164 36 81 36 164 164 164 81 69 69 81 69 36 81 164 164 36 164 81 69 81 164 164 164 81 81 69 69 69 164 164 69 69 164 69 69 164 36 164 81 164 36 36 164 69 81 81 81 81 36 164 69 164 81 36 81 69 36 36 69 69 69 81 36 164 164 164 69 164 164 81 81 164 36 36 164 81 69 36 69 69 164 81 164 69 164 81 69 81 36 81 36 81 164 164 81 36 81 69 164 81 81 164 81 36 36 36 69 36 164 69 164 164 81 81 164 81 164 36 36 81 81 81 36 69 164 69 81 36 69 69 69 164 164 69 164 164 81 164 81 81 164 36 69
917
200 200 200 200 200 200 200 200 200 200 200 200 200 200 200 200 200 200 200 200 200 200 200 200 200 200 200 200 200 200 200 200 200 200 200 200 200 200 200 200 200 200 200 200 200 200 200 200 200 200 200 200 200 200 200 200 200 200 200 200 200 200 200 200 200 200 200 200 200 200 200 200 200 200 200 200 200 200 200 200 200 200 200 200 200 200 200 200 200 200 200 200 200 200 200 200 200 200 200 200 200 200 200 200 200 200 200 200 200 200 200 200 200 200 200 200 200 200 200 200 200 200 200 200 200 200 200 200 200 200 200 200 200 200 200 200 200 200 200 200 200 200 200 200 200 200 200 200 200 200 200 200 200 200 200 200 200 200 200 200 200 200 200 200 200 200 200 200 200 200 200 200 200 200 200 200 200 200 200 200 200 200 200 200 200 200 200 200 200 200 200 200 200 200 200 200 200 200 200 200 200 200 200 200 200 200 200 200 200 200 200 200 200 200 200 200 200 200 200 200 200 200 200 200 200 200 200 200 200 200 200 200 200 200 200 200 200 200 200 200 200 200 200 200 200 200 200 200 200 200 200 200 200 200 200 200 200 200 200 200 200 200 200 200 200 200 200 200 200 200 200 200 200 200 200 200 200 200 200 200 200 200 200 200 200 200 200 200 200 200 200 200 200 200 200 200 200 200 200 200 200 200 200 200 200 200 200 200 200 200 200 200 200 200 200 200 200 200 200 200 200 200 200 200 200 200 200 200 200 200 200 200 200 200 200 200 200 200 200 200 200 200 200 200 200 200 200 200 200 200 200 200 200 200 200 200 200 200 200 200 200 200 200 200 200 200 200 200 200 200 200 200 200 200 200 200 200 200 200 200 200 200 200 200 200 200 200 200 200 200 200 200 200 200 200 200 200 200 200 200 200 200 200 200 200 200 200 200 200 200 200 200 200 200 200 200 200 200 200 200 200 200 200 200 200 200 200 200 200 200 200 200 200 200 200 200 200 200 200 200 200 200 200 200 200 200 200 200 200 200 200 200 200 200 200 200 200 200 200 200 200 200 200 200 200 200 200 200 200 200 200 200 200 200 200 200 200 200 200 200 200 200 200 200 200 200 200 200 200 200 200 200 200 200 200 200 200 200 200 200 200 200 200 200 200 200 200 200 200 200 200 200 200 200 200 200 200 200 200 200 200 200 200 200 200 200 200 200 200 200 200 200 200 200 200 200 200 200 200 200 200 200 200 200 200 200 200 200 200 200 200 200 200 200 200 200 200 200 200 200 200 200 200 200 200 200 200 200 200 200 200 200 200 200 200 200 200 200 200 200 200 200 200 200 200 200 200 200 200 200 200 200 200 200 200 200 200 200 200 200 200 200 200 200 200 200 200 200 200 200 200 200 200 200 200 200 200 200 200 200 200 200 200 200 200 200 200 200 200 200 200 200 200 200 200 200 200 200 200 200 200 200 200 200 200 200 200 200 200 200 200 200 200 200 200 200 200 200 200 200 200 200 200 200 200 200 200 200 200 200 200 200 200 200 200 200 200 200 200 200 200 200 200 200 200 200 200 200 200 200 200 200 200 200 200 200 200 200 200 200 200 200 200 200 200 200 200 200 200 200 200 200 200 200 200 200 200 200 200 200 200 200 200 200 200 200 200 200 200 200 200 200 200 200 200 200 200 200 200 200 200 200 200 200 200 200 200 200 200 200 200 200 200 200 200 200 200 200 200 200 200 200 200 200 200 200 200 200 200 200 200 200 200 200 200 200 200 200 200 200 200 200 200 200 200 200 200 200 200 200 200 200 200 200 200 200 200 200 200 200 200 200 200 200 200 200 200 200 200 200 200 200 200 200 200 200 200 200 200 200 200 200 200 200 200 200 200 200 200 200 200 200 200 200 200 200 200 200 200 200 200 200 200 200 200 200 200 200 200 200 200 200 200 200 200 200 200 200 200 200 200 200 200 200 200 200 200 200 200 200 200 200 200 200 200 200 200 200 200 200 200 200 200 200 200 200 200 200 200 200 200 200 200 200 200 200 200 200 200 200 200 200 200 200 200 200 200 200 200 200 200 200 200 200 200 200 200
186
0 0 0 0 0 0 0 0 0 0 0 0 0 0 0 0 0 0 0 0 0 0 0 0 0 0 0 0 0 0 0 0 0 0 0 0 0 0 0 0 0 0 0 0 0 0 0 0 0 0 0 0 0 0 0 0 0 0 0 0 0 0 0 0 0 0 0 0 0 0 0 0 0 0 0 0 0 0 0 0 0 0 0 0 0 0 0 0 0 0 0 0 0 0 0 0 0 0 0 0 0 0 0 0 0 0 0 0 0 0 0 0 0 0 0 0 0 0 0 0 0 0 0 0 0 0 0 0 0 0 0 0 0 0 0 0 0 0 0 0 0 0 0 0 0 0 0 0 0 0 0 0 0 0 0 0 0 0 0 0 0 0 0 0 0 0 0 0 0 0 0 0 0 0 0 0 0 0 0 0 0 0 0 0 0 0
101
176 109 34 12 54 29 61 8 41 121 36 176 3 176 180 82 66 33 192 192 134 184 172 159 56 200 139 24 19 44 159 102 97 146 45 132 16 130 17 155 97 176 10 145 43 12 144 113 195 173 13 25 97 176 28 32 22 69 91 37 106 2 37 166 177 69 182 90 21 186 79 118 194 35 100 88 182 49 9 75 127 2 82 4 62 106 118 14 133 79 17 118 71 81 111 149 84 139 107 178 43
445
0 0 0 0 0 0 0 0 0 0 0 0 0 0 0 0 0 0 0 0 0 0 0 0 0 0 0 0 0 0 0 0 0 0 0 0 0 0 0 0 0 0 0 0 0 0 0 0 0 0 0 0 0 0 0 0 0 0 0 0 0 0 0 0 0 0 0 0 0 0 0 0 0 0 0 0 0 0 0 0 0 0 0 0 0 0 0 0 0 0 0 0 0 0 0 0 0 0 0 0 0 0 0 0 0 0 0 0 0 0 0 0 0 0 0 0 0 0 0 0 0 0 0 0 0 0 0 0 0 0 0 0 0 0 0 0 0 0 0 0 0 0 0 0 0 0 0 0 0 0 0 0 0 0 0 0 0 0 0 0 0 0 0 0 0 0 0 0 0 0 0 0 0 0 0 0 0 0 0 0 0 0 0 0 0 0 0 0 0 0 0 0 0 0 0 0 0 0 0 0 0 0 0 0 0 0 0 0 0 0 0 0 0 0 0 0 0 0 0 0 0 0 0 0 0 0 0 0 0 0 0 0 0 0 0 0 0 0 0 0 0 0 0 0 0 0 0 0 0 0 0 0 0 0 0 0 0 0 0 0 0 0 0 0 0 0 0 0 0 0 0 0 0 0 0 0 0 0 0 0 0 0 0 0 0 0 0 0 0 0 0 0 0 0 0 0 0 0 0 0 0 0 0 0 0 0 0 0 0 0 0 0 0 0 0 0 0 0 0 0 0 0 0 0 0 0 0 0 0 0 0 0 0 0 0 0 0 0 0 0 0 0 0 0 0 0 0 0 0 0 0 0 0 0 0 0 0 0 0 0 0 0 0 0 0 0 0 0 0 0 0 0 0 0 0 0 0 0 0 0 0 0 0 0 0 0 0 0 0 0 0 0 0 0 0 0 0 0 0 0 0 0 0 0 0 0 0 0 0 0 0 0 0 0 0 0 0 0 0 0 0 0 0 0 0 0 0 0 0 0 0 0 0 0 0 0 0 0 0 0 0 0 0 0 0
60
8 12 7 2 10 11 2 18 8 19 9 5 1 14 5 3 9 5 14 11 7 1 3 13 13 13 6 6 16 9 14 7 20 5 0 9 13 18 15 17 18 0 1 4 19 17 5 0 14 16 1 5 6 6 9 20 3 11 9 17
814
0 200 80 98 66 107 86 88 120 90 52 87 104 104 82 74 91 100 58 104 57 67 61 98 88 77 72 95 115 61 94 74 114 80 81 57 94 56 55 90 50 75 102 94 56 101 60 77 78 67 82 85 104 58 114 104 68 77 60 87 86 56 54 58 108 77 112 91 78 98 93 89 107 105 77 75 69 60 116 69 56 96 78 118 56 88 74 90 102 68 72 80 68 52 112 71 76 110 61 55 54 99 86 63 77 54 67 69 102 62 119 70 83 62 53 63 85 120 81 65 113 112 55 97 52 93 100 71 115 106 108 107 87 71 115 76 115 56 79 64 82 104 62 109 105 83 99 115 79 59 97 100 100 83 92 56 96 71 67 100 114 54 90 98 70 82 98 84 90 116 101 93 90 70 77 88 115 117 88 68 98 114 87 87 88 55 79 102 97 69 75 103 108 59 90 68 61 60 75 110 62 117 67 75 111 87 115 79 72 58 117 80 72 54 89 78 79 104 115 52 120 50 55 111 79 117 111 107 106 61 89 110 66 82 96 76 113 76 92 79 61 53 89 51 50 111 108 57 65 72 118 85 54 116 86 50 117 93 82 68 119 89 80 67 103 118 50 65 64 93 86 93 99 78 73 72 70 66 53 98 62 61 99 88 71 79 55 86 80 71 102 84 115 50 86 89 85 80 108 51 105 97 79 93 83 101 112 58 95 77 86 57 61 99 71 61 87 61 92 53 56 95 58 77 50 72 92 80 116 68 100 81 51 89 57 76 79 54 103 96 104 97 52 94 114 57 58 88 69 50 65 56 118 102 63 77 98 116 113 95 101 102 111 99 117 79 86 118 60 74 71 105 119 81 72 70 90 63 87 118 102 108 52 105 60 103 85 51 89 69 89 56 65 104 84 67 92 77 50 88 83 70 80 117 71 53 75 54 81 99 60 70 54 98 76 88 86 120 66 86 83 118 78 63 90 53 99 117 66 92 96 100 72 67 65 61 114 102 96 63 69 101 62 57 116 69 99 120 89 110 108 61 100 110 76 103 96 117 100 86 120 94 93 113 111 77 82 66 118 83 51 72 67 99 61 69 67 118 99 116 97 54 74 94 56 57 58 74 80 57 102 76 85 75 106 98 118 120 118 58 86 80 59 115 68 120 92 112 99 112 52 71 112 82 101 86 54 93 82 63 53 79 71 99 53 79 105 86 108 112 106 69 117 91 116 73 116 103 61 104 105 103 107 58 112 117 64 56 65 116 116 66 114 107 91 89 53 56 55 85 58 107 54 96 71 117 57 111 101 89 111 106 68 94 120 66 54 117 106 87 85 115 62 100 95 71 81 120 73 86 96 57 75 87 115 90 89 112 104 71 90 74 70 97 120 76 73 60 64 70 76 109 77 57 102 93 98 98 101 70 60 111 114 80 90 80 114 68 95 102 91 102 60 77 69 50 65 113 94 67 79 57 89 107 69 120 120 68 88 79 60 99 107 81 81 94 67 103 65 106 75 67 71 117 97 109 59 76 59 85 91 81 78 55 63 74 92 74 82 96 104 104 112 104 75 106 74 119 100 97 99 91 86 115 61 63 82 105 68 86 66 50 68 85 97 61 79 90 92 117 71 102 58 114 116 60 115 104 61 59 110 104 75 79 103 81 93 78 99 109 89 67 72 63 87 60 96 105 80 79 119 111 79 96 84 67 97 74 81 94 80 79 102 108 74 90 102 114 93 66 112 118 59 113 58 118 53 102 110 59 102 113 93 85 62 120 106 90 114 88 104 53 80 82 57 105 116 59 111 69 93 78 118 114 102 88 69 65 116 68 67 120 80 93 90 101 51 67 67 58 50 82 51 200
370
0 0 0 0 0 0 0 0 0 0 0 0 0 0 0 0 0 0 0 0 0 0 0 0 0 0 0 0 0 0 0 0 0 0 0 0 0 0 0 0 0 0 0 0 0 0 0 0 0 0 0 0 0 0 0 0 0 0 0 0 0 0 0 0 0 0 0 0 0 0 0 0 0 0 0 0 0 0 0 0 0 0 0 0 0 0 0 0 0 0 0 0 0 0 0 0 0 0 0 0 0 0 0 0 0 0 0 0 0 0 0 0 0 0 0 0 0 0 0 0 0 0 0 0 0 0 0 0 0 0 0 0 0 0 0 0 0 0 0 0 0 0 0 0 0 0 0 0 0 0 0 0 0 0 0 0 0 0 0 0 0 0 0 0 0 0 0 0 0 0 0 0 0 0 0 0 0 0 0 0 0 0 0 0 0 0 0 0 0 0 0 0 0 0 0 0 0 0 0 0 0 0 0 0 0 0 0 0 0 0 0 0 0 0 0 0 0 0 0 0 0 0 0 0 0 0 0 0 0 0 0 0 0 0 0 0 0 0 0 0 0 0 0 0 0 0 0 0 0 0 0 0 0 0 0 0 0 0 0 0 0 0 0 0 0 0 0 0 0 0 0 0 0 0 0 0 0 0 0 0 0 0 0 0 0 0 0 0 0 0 0 0 0 0 0 0 0 0 0 0 0 0 0 0 0 0 0 0 0 0 0 0 0 0 0 0 0 0 0 0 0 0 0 0 0 0 0 0 0 0 0 0 0 0 0 0 0 0 0 0 0 0 0 0 0 0 0 0 0 0 0 0 0 0 0 0 0 0 0 0 0 0 0 0 0 0 0 0 0 0
301
48 48 48 48 157 157 48 48 48 157 48 48 157 157 157 48 157 48 157 157 157 48 157 157 157 48 48 48 48 157 48 48 157 157 48 48 48 48 157 48 48 157 157 157 157 48 48 157 157 48 157 48 48 157 48 48 48 48 157 48 48 157 48 157 157 48 48 157 48 48 48 157 48 157 48 157 48 157 157 157 48 157 48 48 48 157 157 48 157 157 157 48 157 48 157 157 157 48 48 48 48 157 48 48 157 157 48 157 48 48 48 157 157 48 48 157 157 48 157 48 157 157 48 48 48 157 157 157 157 48 48 48 48 157 157 157 157 48 48 157 157 48 48 157 157 157 48 157 157 157 48 48 48 48 157 48 157 157 157 48 48 48 48 157 48 157 48 48 48 157 157 157 157 157 48 48 48 157 157 157 48 157 48 157 48 157 48 48 48 157 157 157 48 48 157 48 48 157 48 157 157 157 48 157 48 48 157 48 157 48 157 48 157 157 48 48 157 157 48 157 157 157 157 48 157 48 48 48 157 48 48 48 48 157 48 157 48 48 157 157 48 157 157 157 48 48 48 48 157 157 157 157 48 157 157 157 157 48 48 48 48 157 48 157 157 48 157 157 157 48 157 157 157 157 48 157 48 157 157 48 48 157 157 157 157 48 48 157 157 157 48 157 48 48 48 157 48 48 157 48 48
718
0 200 117 90 115 56 53 117 62 68 61 69 57 110 115 120 119 61 71 90 72 75 105 114 57 100 94 101 87 67 107 88 105 99 100 58 110 113 68 59 56 55 91 78 56 111 79 92 113 117 98 82 51 77 108 115 57 54 106 79 101 108 92 90 110 109 85 81 76 65 73 92 98 78 117 69 57 61 119 69 64 58 88 111 94 115 50 76 116 69 66 118 99 91 100 109 56 56 56 86 59 104 107 53 76 74 69 62 119 115 57 70 74 116 107 108 88 57 59 54 97 66 76 94 73 63 112 55 86 57 76 82 117 63 61 71 64 63 54 113 89 79 74 107 115 66 85 106 84 55 78 79 55 65 59 90 67 120 92 57 120 74 108 50 50 89 111 68 103 91 92 117 70 117 50 85 115 99 90 67 100 116 112 120 60 72 76 119 91 60 56 96 114 79 106 107 71 106 69 86 106 91 87 56 53 79 59 102 91 62 76 77 82 94 98 97 76 56 74 107 99 52 51 118 109 91 57 104 103 82 77 67 73 76 62 78 76 50 113 58 88 110 106 98 89 87 90 93 102 102 76 85 77 102 56 103 89 112 71 73 63 117 76 101 96 89 79 73 77 58 67 78 96 50 77 102 94 87 78 97 52 85 105 79 94 73 106 97 89 119 116 100 54 58 105 108 80 103 112 67 81 100 119 116 114 91 108 75 112 68 72 84 96 65 75 93 85 56 78 87 110 56 107 65 104 106 96 93 83 120 99 105 52 69 115 76 66 109 101 105 87 110 80 118 60 106 109 66 78 101 107 96 88 50 100 66 113 64 74 59 82 90 106 80 110 116 78 67 109 99 70 100 89 75 69 52 94 85 79 59 62 102 100 67 84 63 92 78 87 61 55 108 59 57 97 103 91 104 100 66 118 51 95 72 119 81 90 54 88 59 119 104 65 67 91 88 58 76 57 97 107 111 92 71 79 54 117 86 111 90 55 53 63 96 81 65 94 111 101 105 67 54 113 111 93 61 108 107 79 71 115 116 116 89 64 67 81 120 70 111 86 113 64 94 92 103 111 106 63 61 63 95 113 73 87 66 118 53 109 82 92 78 73 119 55 80 84 67 83 114 97 84 65 116 113 81 83 67 102 78 57 79 71 66 114 110 100 84 56 73 101 117 77 117 50 101 77 54 96 81 64 60 75 66 87 116 72 95 62 82 111 115 57 73 72 53 86 104 57 67 108 59 89 71 54 119 114 81 116 52 117 58 66 83 83 56 82 56 113 51 75 99 84 86 72 119 52 95 76 71 88 75 70 111 61 79 87 52 70 55 56 86 90 59 108 58 85 90 103 50 95 119 57 72 104 75 74 56 110 60 79 86 90 112 102 55 90 93 115 83 53 72 59 108 76 86 104 111 81 117 94 114 61 105 85 58 72 87 119 83 114 96 92 67 51 118 67 117 94 115 98 56 70 97 111 114 106 61 75 120 54 72 86 61 110 120 87 94 94 69 75 74 75 120 53 91 97 116 115 82 75 55 114 97 59 104 114 73 51 114 59 109 64 75 61 59 98 92 110 109 111 116 102 100 118 116 118 96 82 106 81 102 87 110 65 96 112 95 50 68 86 75 53 85 84 82 72 200
302
138 86 87 155 186 110 187 6 152 1 137 32 54 11 159 73 188 84 173 187 43 29 100 84 92 186 98 129 74 74 185 0 138 62 109 24 139 105 195 101 72 71 193 194 58 59 130 194 86 35 155 128 57 116 27 56 43 153 137 17 159 153 97 38 170 117 90 155 140 45 46 132 52 35 156 125 83 60 29 122 190 46 101 101 95 123 189 115 58 153 89 140 182 160 97 78 152 29 117 24 135 0 124 67 145 110 2 164 194 83 91 159 172 84 62 192 118 28 154 78 164 77 4 69 154 151 98 180 111 140 157 14 139 66 191 143 135 117 157 120 181 74 124 48 179 39 75 159 165 77 77 23 175 63 180 74 89 78 186 84 166 12 155 164 164 93 191 49 139 140 66 23 146 109 22 83 165 131 35 172 131 77 45 141 13 140 38 69 53 16 53 104 138 19 49 184 192 92 154 44 87 116 55 16 176 3 35 49 163 71 107 62 197 162 21 166 86 169 84 71 49 5 182 32 190 182 84 161 179 195 90 120 180 169 117 143 2 115 109 174 81 96 43 113 137 159 78 110 101 118 91 147 28 57 20 181 130 20 110 140 119 175 87 51 155 38 45 186 151 82 165 126 4 123 121 131 53 153 158 139 125 158 87 15 47 12 35 194 163 45 50 19 175 20 133 186 43 181 175 127 99 121
842
72 72 23 72 72 23 72 60 119 72 23 23 72 119 72 60 119 23 72 72 60 23 119 119 72 60 23 72 119 60 72 60 119 23 23 60 119 60 60 72 119 72 23 72 23 72 72 119 119 23 119 119 72 119 60 60 60 60 119 72 119 23 72 119 60 23 23 119 119 72 119 60 72 72 72 23 119 60 72 60 119 72 23 72 23 72 23 119 72 119 119 60 23 23 119 119 23 72 60 72 23 119 119 60 60 60 23 23 60 72 60 60 23 60 119 72 60 72 60 119 72 23 60 119 72 72 60 119 119 60 72 23 60 60 23 72 119 60 72 72 60 72 60 60 119 23 60 72 60 72 23 72 60 72 119 60 119 72 23 72 60 60 23 72 23 72 72 60 23 119 23 60 23 60 72 23 72 60 72 72 23 119 72 60 60 72 60 60 72 72 72 23 23 72 23 119 60 60 23 23 60 72 119 60 119 23 60 72 72 23 60 72 23 72 23 72 60 119 72 119 60 72 60 23 60 23 72 119 119 23 23 119 119 72 119 119 23 119 72 72 72 72 60 119 60 60 23 23 72 60 72 60 23 119 60 119 23 23 119 72 23 72 60 119 60 23 119 119 119 60 119 23 60 60 23 60 72 72 23 23 72 72 23 23 119 72 119 119 23 119 23 23 23 23 60 23 60 72 23 72 60 60 72 72 23 72 23 119 119 23 60 23 72 23 60 60 72 72 72 72 23 23 60 23 72 119 60 119 23 119 72 119 23 23 60 119 72 119 119 72 23 23 119 119 72 72 23 60 23 72 60 119 60 60 72 60 23 72 23 23 72 72 72 60 119 72 23 60 23 119 23 119 60 60 23 60 72 72 23 72 72 119 72 72 23 119 23 23 60 119 60 72 72 23 72 72 60 119 23 119 119 119 60 72 72 119 72 72 119 72 72 60 119 119 60 60 23 23 60 119 60 119 23 72 23 23 60 60 23 72 72 119 23 23 72 72 60 72 23 119 60 23 23 72 72 23 119 23 119 72 119 72 119 23 23 72 60 72 60 60 119 23 60 23 72 23 60 60 60 60 119 23 60 23 72 119 72 23 60 23 72 60 60 72 119 72 23 119 72 60 23 60 23 60 60 72 119 119 119 119 119 60 23 60 72 119 72 72 60 23 23 23 23 60 119 23 60 23 72 23 119 72 60 60 119 119 60 23 23 23 72 72 72 60 60 23 60 23 60 23 23 72 60 60 119 60 23 72 119 119 119 60 72 119 72 23 23 119 23 119 23 119 119 72 23 60 60 72 60 72 119 60 72 72 23 72 60 72 60 60 119 23 23 23 60 119 119 23 23 60 60 60 23 72 72 72 72 119 119 72 72 72 60 60 60 60 119 72 72 119 60 72 60 72 119 72 60 119 23 119 60 72 23 60 72 72 60 60 60 72 72 72 23 119 23 72 23 23 23 119 23 60 60 23 72 119 119 72 23 119 23 119 72 72 60 23 60 72 23 72 60 72 72 119 119 119 60 72 23 23 23 60 119 23 23 60 72 23 72 72 72 23 60 119 23 72 60 60 60 60 60 119 60 119 72 23 60 23 119 72 23 72 60 60 119 23 60 23 119 60 60 23 72 23 72 23 72 72 119 60 23 119 119 119 119 60 119 72 60 119 72 60 60 23 119 119 72 60 60 23 72 23 60 60 119 23 60 72 23 72 23 119 72 60 60 60 60 119 119 72 72 60 23 72 23 119 72 119 119 72 60 72 23 72 72 23 23 72 119 72 119 60 23 119 60 60 60 23 72 119 72 119 60 60 119 72 60 72 119 60 60 60 119 60 72 23 119 60 23 72 119 119 119 119 72 119 119 60 60 23 60 119 119 119 60 60 72 72 60 23 72 72 23 72 72 60 23 60 60 23 23 23
289
0 200 118 50 93 71 87 109 106 116 67 50 56 60 115 92 113 52 119 96 106 62 108 87 108 100 82 51 94 99 118 103 95 102 70 50 118 54 94 80 54 87 93 50 104 110 59 117 75 67 105 75 81 56 109 83 98 93 88 103 80 102 109 112 70 111 116 109 94 106 78 105 114 101 120 50 100 63 68 117 71 117 57 72 113 113 66 116 77 57 99 107 67 83 99 56 85 117 118 82 72 60 64 120 72 89 115 111 65 52 67 53 97 52 106 80 106 102 109 88 53 103 64 69 100 68 79 69 101 99 71 107 69 79 61 120 92 67 63 81 59 91 66 58 67 116 70 120 113 75 71 100 89 107 83 113 104 94 90 74 64 83 53 105 56 113 104 106 86 87 54 79 69 71 51 103 71 120 89 113 75 54 70 81 50 57 78 115 88 93 83 108 92 103 75 111 62 96 102 91 64 72 82 103 59 109 69 120 109 53 83 75 120 118 91 100 80 118 67 73 118 51 55 61 111 50 61 90 119 61 71 57 109 50 86 57 55 102 115 71 88 99 52 79 64 77 108 77 53 94 65 52 73 60 78 53 98 116 63 74 94 112 62 73 106 67 65 88 93 55 82 75 61 88 112 62 100 118 115 113 68 58 59 59 109 92 104 102 200
976
9 34 17 170 171 95 85 17 150 47 105 51 154 107 112 13 65 118 85 14 95 12 120 58 180 73 14 169 102 126 153 183 56 114 163 44 106 142 164 87 26 5 83 197 193 166 61 173 114 130 90 121 111 128 144 143 108 50 114 137 198 200 169 166 192 81 136 85 21 48 107 143 21 132 167 126 25 79 43 0 69 196 55 13 196 102 9 65 167 57 86 166 107 142 70 134 117 168 62 158 104 69 132 107 53 16 3 84 41 51 69 58 100 60 157 0 158 2 6 152 2 83 40 104 198 52 177 45 95 30 101 24 196 51 73 31 77 91 96 190 149 76 84 3 34 197 55 6 125 112 66 47 41 137 160 183 155 32 99 170 96 85 21 21 102 160 25 16 75 165 137 140 165 123 169 42 11 139 185 28 135 70 143 79 94 56 59 150 127 157 137 162 41 101 61 57 173 3 35 110 145 54 136 148 74 196 163 106 72 127 133 165 177 50 51 62 164 177 121 139 146 115 57 88 158 99 10 93 33 167 122 134 189 18 121 189 112 25 181 157 72 94 48 12 200 106 130 137 102 81 17 78 41 137 163 176 103 124 166 46 81 107 97 32 97 189 193 180 29 103 27 43 150 151 104 38 196 63 135 94 164 192 60 0 59 162 154 155 195 15 51 184 165 190 1 101 2 6 185 192 151 114 66 165 178 47 60 176 171 38 65 73 22 44 194 131 63 49 110 134 134 33 52 63 149 17 0 46 9 64 33 41 119 29 107 144 12 123 154 177 89 116 84 64 14 64 115 105 187 19 119 20 148 33 50 104 72 87 80 124 94 150 13 183 100 100 55 2 190 83 27 98 157 124 155 113 25 190 13 15 83 147 66 135 142 10 111 31 91 31 48 142 133 116 9 33 6 124 76 145 80 72 104 39 154 137 55 88 95 19 187 58 72 97 110 22 112 60 167 152 5 199 70 137 49 136 46 107 19 160 184 196 186 118 114 97 65 176 199 42 119 40 5 118 81 152 165 37 47 28 103 18 118 97 139 65 183 117 154 31 44 52 29 57 5 75 139 171 163 94 61 133 34 192 41 93 176 132 36 187 72 139 114 70 71 94 198 111 151 142 106 31 73 165 105 35 0 161 8 68 8 131 194 90 56 189 159 2 166 163 96 44 28 54 159 42 118 55 138 103 130 130 92 26 3 158 141 124 194 0 158 37 2 173 38 167 161 4 71 162 61 18 100 28 88 19 127 41 171 87 178 173 199 142 189 171 79 112 35 116 110 58 25 9 194 71 109 11 55 31 116 42 82 22 112 141 137 132 20 114 21 66 49 80 158 154 35 80 156 72 19 140 200 186 144 121 149 116 155 182 173 101 133 158 52 78 96 149 112 106 55 141 165 104 167 126 38 150 65 22 140 92 179 15 63 185 7 25 114 96 155 99 127 106 32 21 145 3 146 51 51 184 55 145 112 160 152 123 130 42 28 184 146 189 65 153 166 44 35 111 156 107 183 56 98 13 171 50 31 23 8 195 5 65 58 68 63 3 99 111 6 67 179 173 162 54 149 196 104 40 160 46 172 200 2 71 156 163 98 167 99 47 147 24 123 92 174 75 112 36 57 168 102 137 132 1 159 71 181 121 26 185 3 44 121 181 145 60 107 193 72 65 64 161 152 133 135 35 126 157 70 181 64 81 3 128 31 142 195 151 145 181 50 200 198 179 66 179 39 199 100 25 5 69 97 155 83 17 155 197 20 97 152 12 169 33 196 198 116 154 191 174 152 81 100 88 67 84 11 151 125 124 114 99 76 32 196 93 141 112 120 38 2 116 7 127 184 180 110 9 114 55 79 184 20 169 121 181 87 121 163 38 92 137 15 146 154 192 123 133 133 42 35 27 107 121 189 170 122 191 3 20 46 73 118 164 43 45 59 186 148 190 63 167 96 115 12 130 26 92 88 59 131 109 56 111 8 27 168 126 68 129 32 87 197 47 187 128 68 30 111 45 159 111 112 184 91 55 88 79 177 161 75 178 92 159 178 13 198 163 87 157 195 147 135 146 174 145 45 44 57 167 149 189 109 119 71 172 144 175 86 53 96 113 32 88 68 135 28 37 80 31 26 21 185 167 41 92 94 126 117 57 161 165 78 24 23 121 182 72 104 129 138 133 98 70 108 136 43 54 128 135 73 88 26 52 113 143 185 85 4 45 25 22 120 140
38
183 108 96 93 41 87 16 27 5 142 87 103 165 109 118 121 55 184 153 49 144 29 190 89 175 180 78 166 85 114 81 12 44 158 70 22 166 113
1000
191 10 12 9 10 6 199 195 0 6 198 16 11 6 189 10 6 13 189 17 0 20 9 7 14 12 14 8 17 173 178 162 1 6 4 168 19 11 20 157 14 16 19 0 20 3 9 12 19 4 13 171 4 187 11 10 9 194 4 15 8 17 16 1 10 181 2 3 9 3 6 20 8 8 13 8 10 16 18 9 7 161 4 159 4 173 1 12 10 11 19 12 1 2 190 5 191 7 3 2 2 172 3 150 165 8 150 14 11 10 13 5 189 177 8 15 182 5 14 6 0 178 153 6 7 186 5 14 12 5 4 168 7 4 16 156 5 3 9 198 175 3 16 200 170 152 16 4 198 158 3 5 18 11 3 1 11 4 1 3 4 13 154 15 170 158 20 8 5 157 168 14 188 3 1 178 180 11 3 9 199 153 8 189 153 4 166 7 17 14 11 11 14 187 20 0 1 13 15 190 13 18 5 18 165 9 9 13 15 7 167 13 7 6 198 184 16 10 2 7 11 13 195 4 186 5 9 165 7 13 7 14 181 20 198 2 199 2 187 9 19 0 2 192 4 7 2 20 14 1 160 2 18 171 160 0 4 198 186 15 13 18 8 9 9 5 180 4 173 18 16 11 7 7 196 6 2 11 1 16 152 168 160 4 7 16 200 20 11 20 20 16 7 194 7 19 16 16 19 19 11 167 17 175 3 1 16 0 200 3 13 183 16 183 7 3 166 192 13 16 162 12 10 15 5 2 195 5 17 1 9 18 9 5 0 5 15 193 2 158 0 13 175 14 3 20 166 16 19 18 8 6 7 17 9 5 0 0 15 3 18 12 7 0 2 17 4 153 19 6 13 16 19 18 1 0 4 159 0 14 20 3 7 167 6 184 10 13 194 14 9 2 0 12 154 177 4 2 5 4 0 8 14 0 10 20 5 9 13 14 3 6 13 20 1 172 155 7 2 4 13 176 10 12 11 195 20 8 13 20 16 5 0 8 3 189 13 197 18 2 3 152 192 6 0 0 174 154 6 197 13 8 173 9 14 4 2 1 7 12 11 199 13 2 164 14 16 20 15 17 17 11 16 9 175 6 14 11 9 155 9 14 156 14 0 1 193 0 6 11 7 20 10 18 152 16 3 16 12 200 5 12 11 6 16 19 2 20 6 14 15 183 3 161 12 188 4 11 6 4 194 20 0 12 19 2 0 14 11 18 17 19 18 12 5 3 10 19 8 8 0 188 190 10 15 14 185 20 2 2 12 1 159 15 156 18 2 181 18 182 5 17 7 4 9 20 15 14 177 18 8 17 11 4 4 18 3 15 4 4 4 9 17 7 14 4 196 9 17 4 1 20 3 1 15 11 14 2 167 10 17 185 17 3 18 5 18 4 180 13 11 14 14 16 5 150 171 4 2 11 14 10 9 18 20 158 181 8 0 184 19 4 9 8 194 16 16 2 4 198 185 3 3 1 4 16 16 183 20 16 2 5 156 13 0 6 10 2 2 14 12 20 5 166 14 5 190 17 12 167 9 173 7 10 19 4 2 8 151 6 19 19 177 16 17 180 2 10 2 187 11 2 4 10 9 7 187 3 10 172 155 15 158 15 11 5 197 156 0 15 13 13 155 20 12 18 2 16 4 5 1 6 11 2 200 15 14 4 3 15 4 14 172 8 8 168 20 189 5 17 16 16 1 16 15 191 19 1 8 19 19 174 19 1 9 10 20 1 20 12 199 16 198 162 3 14 19 11 1 185 167 8 7 166 165 176 161 3 174 18 157 20 13 183 1 12 12 17 2 16 18 4 13 13 13 2 4 13 185 177 0 199 17 7 9 189 5 18 6 14 11 2 18 4 160 7 165 2 179 171 16 11 19 168 20 18 13 17 1 19 6 0 12 14 11 9 16 16 7 18 4 16 2 4 6 0 4 2 15 155 19 9 7 4 19 7 2 18 167 20 152 4 12 8 193 5 178 152 17 182 161 14 181 4 14 187 14 13 12 8 170 13 7 187 18 19 165 177 18 5 17 7 0 11 0 0 13 2 164 18 153 18 9 5 19 14 3 13 150 4 8 14 10 19 19 11 20 14 7 195 16 191 7 16 151 11 4 14 3 180 194 14 3 1 18 191 159 19 196 15 192 13 18 164 2 5 11 12 172 5 16 5 150 7 12 16 185 8 4 13 13 20 7 6 9 2 6 160 14 2 19 4 4 17 0 11 6 167 15 12 189 6 12 18 14 16 9 12 164 11 195 17 16 181 173 12 4 0 16 196
743
0 0 0 0 0 0 0 0 0 0 0 0 0 0 0 0 0 0 0 0 0 0 0 0 0 0 0 0 0 0 0 0 0 0 0 0 0 0 0 0 0 0 0 0 0 0 0 0 0 0 0 0 0 0 0 0 0 0 0 0 0 0 0 0 0 0 0 0 0 0 0 0 0 0 0 0 0 0 0 0 0 0 0 0 0 0 0 0 0 0 0 0 0 0 0 0 0 0 0 0 0 0 0 0 0 0 0 0 0 0 0 0 0 0 0 0 0 0 0 0 0 0 0 0 0 0 0 0 0 0 0 0 0 0 0 0 0 0 0 0 0 0 0 0 0 0 0 0 0 0 0 0 0 0 0 0 0 0 0 0 0 0 0 0 0 0 0 0 0 0 0 0 0 0 0 0 0 0 0 0 0 0 0 0 0 0 0 0 0 0 0 0 0 0 0 0 0 0 0 0 0 0 0 0 0 0 0 0 0 0 0 0 0 0 0 0 0 0 0 0 0 0 0 0 0 0 0 0 0 0 0 0 0 0 0 0 0 0 0 0 0 0 0 0 0 0 0 0 0 0 0 0 0 0 0 0 0 0 0 0 0 0 0 0 0 0 0 0 0 0 0 0 0 0 0 0 0 0 0 0 0 0 0 0 0 0 0 0 0 0 0 0 0 0 0 0 0 0 0 0 0 0 0 0 0 0 0 0 0 0 0 0 0 0 0 0 0 0 0 0 0 0 0 0 0 0 0 0 0 0 0 0 0 0 0 0 0 0 0 0 0 0 0 0 0 0 0 0 0 0 0 0 0 0 0 0 0 0 0 0 0 0 0 0 0 0 0 0 0 0 0 0 0 0 0 0 0 0 0 0 0 0 0 0 0 0 0 0 0 0 0 0 0 0 0 0 0 0 0 0 0 0 0 0 0 0 0 0 0 0 0 0 0 0 0 0 0 0 0 0 0 0 0 0 0 0 0 0 0 0 0 0 0 0 0 0 0 0 0 0 0 0 0 0 0 0 0 0 0 0 0 0 0 0 0 0 0 0 0 0 0 0 0 0 0 0 0 0 0 0 0 0 0 0 0 0 0 0 0 0 0 0 0 0 0 0 0 0 0 0 0 0 0 0 0 0 0 0 0 0 0 0 0 0 0 0 0 0 0 0 0 0 0 0 0 0 0 0 0 0 0 0 0 0 0 0 0 0 0 0 0 0 0 0 0 0 0 0 0 0 0 0 0 0 0 0 0 0 0 0 0 0 0 0 0 0 0 0 0 0 0 0 0 0 0 0 0 0 0 0 0 0 0 0 0 0 0 0 0 0 0 0 0 0 0 0 0 0 0 0 0 0 0 0 0 0 0 0 0 0 0 0 0 0 0 0 0 0 0 0 0 0 0 0 0 0 0 0 0 0 0 0 0 0 0 0 0 0 0 0 0 0 0 0 0 0 0 0 0 0 0 0 0 0 0 0 0 0 0 0 0 0 0 0 0 0 0 0 0 0 0 0 0 0 0 0 0 0 0 0 0 0 0 0 0 0 0 0 0 0 0 0 0 0 0 0 0 0 0 0 0 0 0 0 0 0 0 0 0 0 0 0 0 0 0 0 0 0 0 0 0 0 0 0 0 0 0 0 0 0 0 0 0 0 0 0 0 0 0 0 0 0 0 0 0 0 0 0 0 0 0 0 0
241
0 0 0 0 0 0 0 0 0 0 0 0 0 0 0 0 0 0 0 0 0 0 0 0 0 0 0 0 0 0 0 0 0 0 0 0 0 0 0 0 0 0 0 0 0 0 0 0 0 0 0 0 0 0 0 0 0 0 0 0 0 0 0 0 0 0 0 0 0 0 0 0 0 0 0 0 0 0 0 0 0 0 0 0 0 0 0 0 0 0 0 0 0 0 0 0 0 0 0 0 0 0 0 0 0 0 0 0 0 0 0 0 0 0 0 0 0 0 0 0 0 0 0 0 0 0 0 0 0 0 0 0 0 0 0 0 0 0 0 0 0 0 0 0 0 0 0 0 0 0 0 0 0 0 0 0 0 0 0 0 0 0 0 0 0 0 0 0 0 0 0 0 0 0 0 0 0 0 0 0 0 0 0 0 0 0 0 0 0 0 0 0 0 0 0 0 0 0 0 0 0 0 0 0 0 0 0 0 0 0 0 0 0 0 0 0 0 0 0 0 0 0 0 0 0 0 0 0 0 0 0 0 0 0 0 0 0 0 0 0 0
386
0 200 78 99 54 88 96 84 83 84 62 69 99 92 68 107 97 75 66 62 108 55 93 99 87 70 62 118 74 51 84 52 74 57 79 88 110 70 79 97 103 92 72 108 94 111 86 85 120 77 84 80 116 109 68 50 68 94 61 88 75 117 63 106 58 60 52 71 66 71 53 75 78 74 117 69 100 114 77 110 100 99 81 55 102 77 99 85 107 88 68 115 73 60 65 110 100 89 60 60 69 119 67 77 59 97 119 57 52 61 58 92 109 111 71 75 99 88 107 82 101 90 81 90 70 78 93 116 68 64 90 57 73 57 50 70 111 73 53 109 53 67 71 55 85 88 70 112 81 103 54 56 103 98 120 117 60 77 86 99 77 100 112 110 52 99 113 57 113 95 54 68 70 106 114 59 59 89 70 87 73 100 75 82 101 50 116 53 80 81 67 98 56 83 84 107 87 54 84 85 120 95 59 52 58 59 106 97 57 103 111 84 87 115 94 88 52 92 109 65 99 114 95 73 99 87 115 103 71 75 70 116 90 77 86 84 52 88 120 82 50 80 62 52 112 94 66 65 115 103 72 95 94 103 68 65 56 53 77 107 92 107 50 114 93 117 95 74 68 80 77 114 100 63 97 59 63 106 111 54 94 89 101 60 103 56 76 75 83 96 88 74 113 118 71 110 74 89 104 103 52 60 69 66 50 120 93 89 53 110 119 53 98 69 83 72 82 110 70 91 94 100 113 98 51 107 60 90 104 114 62 80 92 57 57 92 66 88 108 104 105 69 87 103 62 91 101 98 106 85 108 95 71 85 52 61 91 94 84 53 63 112 71 65 69 86 89 51 63 83 94 101 69 66 115 80 105 72 109 78 101 118 116 58 83 200
714
68 58 153 43 152 36 70 100 138 157 20 150 156 103 21 119 23 196 78 195 167 101 47 181 53 14 197 139 172 132 177 19 177 14 36 87 122 199 76 86 100 79 81 37 85 193 130 108 115 109 41 109 155 99 87 80 158 164 174 164 39 143 41 149 63 121 136 55 32 85 143 2 148 133 98 197 35 200 30 161 13 54 62 137 176 200 57 17 181 155 50 196 129 12 178 17 15 153 119 9 122 100 157 94 152 171 79 179 106 22 150 53 64 148 155 20 13 1 29 57 116 152 124 37 163 6 32 78 108 189 77 82 44 17 15 166 114 128 110 146 96 36 67 178 4 151 81 191 81 116 49 154 41 72 108 39 200 186 9 32 64 136 170 188 94 93 109 185 128 146 86 101 195 16 50 68 144 150 102 102 62 6 149 188 59 179 170 118 164 80 58 110 44 153 158 121 64 82 74 188 24 48 41 128 24 66 76 99 119 69 165 129 116 155 175 82 137 79 51 143 190 138 136 41 166 22 45 111 37 104 38 82 74 46 17 86 185 156 69 110 62 143 168 39 76 108 9 115 42 116 186 166 134 114 76 62 13 93 70 4 167 89 175 18 188 29 128 27 127 156 121 198 97 194 106 94 152 144 119 133 129 155 116 127 100 20 58 86 181 146 155 42 96 71 133 117 37 28 22 44 17 192 41 43 30 169 8 55 77 11 11 15 20 114 200 50 87 92 144 104 200 56 131 13 12 10 26 51 120 93 117 80 80 197 161 150 114 62 80 35 186 178 123 39 34 185 172 103 147 165 108 139 77 86 146 161 41 82 144 127 144 134 32 83 137 26 28 21 192 28 84 62 72 89 156 4 164 170 57 55 80 55 18 82 66 176 28 191 97 185 173 96 122 27 3 46 14 162 153 167 88 76 199 91 193 64 48 91 79 194 63 66 27 172 88 68 0 15 130 173 18 89 74 70 54 38 175 156 104 171 51 129 137 151 151 75 143 153 106 137 199 83 71 70 158 32 121 160 138 0 130 17 92 159 73 189 197 62 192 51 66 43 161 32 147 18 131 111 25 59 154 23 34 37 68 24 130 195 153 27 70 86 118 99 77 79 27 180 88 84 159 144 38 168 181 38 112 90 118 68 120 71 155 53 139 189 144 29 176 11 105 167 178 30 194 2 56 180 160 76 158 156 158 49 158 11 100 186 182 61 50 61 42 127 131 191 91 3 165 59 78 143 124 139 22 112 122 107 55 25 97 94 93 165 82 57 26 93 117 3 103 77 36 91 191 179 129 125 189 143 158 188 5 12 80 93 13 29 84 25 196 176 34 71 71 194 107 177 100 167 195 169 39 85 53 166 185 140 35 192 111 200 54 153 193 116 156 119 20 120 7 4 187 95 191 119 139 15 144 58 115 10 67 116 107 7 113 50 160 140 156 120 109 174 126 125 6 50 197 99 95 192 186 0 139 197 180 102 188 116 188 140 87 46 100 181 86 133 163 169 188 12 173 173 32 177 164 53 46 178 7 58 114 184 31 28 11 111 175 147 26 176 13 17 26 9 109 62 21 78 145 43 36 80 6 126 86 9 145 74 131 196 112 77 107 5 159 140 130 14 65 78 69 61
681
200 200 200 200 200 200 200 200 200 200 200 200 200 200 200 200 200 200 200 200 200 200 200 200 200 200 200 200 200 200 200 200 200 200 200 200 200 200 200 200 200 200 200 200 200 200 200 200 200 200 200 200 200 200 200 200 200 200 200 200 200 200 200 200 200 200 200 200 200 200 200 200 200 200 200 200 200 200 200 200 200 200 200 200 200 200 200 200 200 200 200 200 200 200 200 200 200 200 200 200 200 200 200 200 200 200 200 200 200 200 200 200 200 200 200 200 200 200 200 200 200 200 200 200 200 200 200 200 200 200 200 200 200 200 200 200 200 200 200 200 200 200 200 200 200 200 200 200 200 200 200 200 200 200 200 200 200 200 200 200 200 200 200 200 200 200 200 200 200 200 200 200 200 200 200 200 200 200 200 200 200 200 200 200 200 200 200 200 200 200 200 200 200 200 200 200 200 200 200 200 200 200 200 200 200 200 200 200 200 200 200 200 200 200 200 200 200 200 200 200 200 200 200 200 200 200 200 200 200 200 200 200 200 200 200 200 200 200 200 200 200 200 200 200 200 200 200 200 200 200 200 200 200 200 200 200 200 200 200 200 200 200 200 200 200 200 200 200 200 200 200 200 200 200 200 200 200 200 200 200 200 200 200 200 200 200 200 200 200 200 200 200 200 200 200 200 200 200 200 200 200 200 200 200 200 200 200 200 200 200 200 200 200 200 200 200 200 200 200 200 200 200 200 200 200 200 200 200 200 200 200 200 200 200 200 200 200 200 200 200 200 200 200 200 200 200 200 200 200 200 200 200 200 200 200 200 200 200 200 200 200 200 200 200 200 200 200 200 200 200 200 200 200 200 200 200 200 200 200 200 200 200 200 200 200 200 200 200 200 200 200 200 200 200 200 200 200 200 200 200 200 200 200 200 200 200 200 200 200 200 200 200 200 200 200 200 200 200 200 200 200 200 200 200 200 200 200 200 200 200 200 200 200 200 200 200 200 200 200 200 200 200 200 200 200 200 200 200 200 200 200 200 200 200 200 200 200 200 200 200 200 200 200 200 200 200 200 200 200 200 200 200 200 200 200 200 200 200 200 200 200 200 200 200 200 200 200 200 200 200 200 200 200 200 200 200 200 200 200 200 200 200 200 200 200 200 200 200 200 200 200 200 200 200 200 200 200 200 200 200 200 200 200 200 200 200 200 200 200 200 200 200 200 200 200 200 200 200 200 200 200 200 200 200 200 200 200 200 200 200 200 200 200 200 200 200 200 200 200 200 200 200 200 200 200 200 200 200 200 200 200 200 200 200 200 200 200 200 200 200 200 200 200 200 200 200 200 200 200 200 200 200 200 200 200 200 200 200 200 200 200 200 200 200 200 200 200 200 200 200 200 200 200 200 200 200 200 200 200 200 200 200 200 200 200 200 200 200 200 200 200 200 200 200 200 200 200 200 200 200 200 200 200 200 200 200 200 200 200 200 200 200 200 200 200 200 200 200 200 200 200 200 200 200 200 200 200 200 200 200 200 200 200 200 200 200 200 200 200 200 200
875
6 13 14 12 1 20 9 19 1 15 6 10 3 10 2 13 15 6 12 20 12 3 20 12 12 1 4 5 0 6 0 2 20 12 18 4 19 4 9 13 18 15 3 20 0 5 16 16 19 16 8 6 7 12 4 5 1 6 0 19 8 19 2 11 16 14 9 0 1 7 18 20 17 3 14 17 6 5 13 13 4 9 19 19 12 4 11 10 13 14 16 10 19 9 17 10 7 12 19 2 16 9 11 1 6 15 11 17 20 11 2 14 16 10 6 8 9 13 3 9 8 18 17 6 17 13 16 13 11 8 13 16 18 19 3 11 3 4 2 17 8 16 2 14 8 20 18 4 7 19 3 4 0 12 0 3 0 10 18 7 3 15 11 17 13 16 16 10 16 4 9 11 8 15 15 17 7 5 16 15 8 2 6 12 5 14 3 6 4 6 20 15 12 20 8 17 10 12 8 15 11 17 12 5 14 11 19 3 7 5 1 2 3 18 12 17 1 20 19 6 20 3 14 10 2 6 7 10 6 4 1 18 13 19 16 14 1 3 3 7 13 19 8 4 20 4 15 7 4 12 17 1 9 14 4 17 13 16 4 0 9 1 4 16 18 7 4 19 10 15 11 20 10 10 16 9 5 10 0 15 8 12 16 10 15 7 1 9 18 3 16 18 8 14 13 2 10 16 16 0 9 17 11 8 20 13 0 20 10 5 3 7 10 1 4 4 10 2 6 1 14 7 18 1 6 12 10 12 9 7 14 6 0 10 4 12 2 4 17 3 11 11 2 6 3 9 10 20 16 12 20 6 10 16 0 13 17 17 19 6 7 14 6 16 11 18 16 1 8 19 13 3 12 18 12 0 10 14 3 5 9 5 5 8 11 14 20 5 19 15 14 0 15 5 18 3 9 1 4 1 8 5 8 10 11 2 7 17 13 4 17 20 10 6 7 11 4 18 12 7 14 1 0 8 16 19 6 12 6 19 17 12 2 10 12 20 12 4 16 16 20 1 5 3 6 18 15 4 5 1 17 13 20 4 1 15 18 6 15 18 17 8 10 18 11 10 6 14 10 4 4 15 1 6 7 16 16 19 0 14 5 11 14 17 2 11 2 12 11 3 6 17 6 1 17 12 18 1 4 19 13 20 1 7 11 18 19 12 5 16 0 20 5 11 2 7 0 0 9 4 9 0 3 17 8 1 13 6 20 2 8 7 16 15 1 6 11 2 19 15 18 14 0 2 20 18 5 14 6 14 2 8 1 12 4 4 11 4 20 0 3 5 13 13 5 11 20 12 3 11 10 6 3 10 1 19 19 3 15 5 1 16 6 3 19 1 16 18 12 10 5 17 8 13 19 8 12 8 15 11 13 0 1 6 17 6 5 18 1 5 3 6 3 8 9 10 10 2 19 15 19 11 9 7 15 20 17 11 6 1 8 18 20 13 4 10 17 0 17 6 10 18 5 4 16 2 13 4 8 2 10 13 18 15 6 13 9 11 5 0 10 1 10 10 9 18 10 2 3 8 1 5 15 6 4 16 10 4 18 19 13 2 14 14 18 5 12 12 9 16 10 17 13 18 11 8 19 12 18 12 14 20 16 15 14 19 13 19 18 14 11 16 20 0 8 17 4 11 8 6 11 3 19 9 2 5 3 1 5 18 2 1 11 11 20 11 1 9 8 10 14 11 12 20 15 13 6 5 7 19 20 10 4 2 5 12 19 0 0 19 13 16 0 17 0 0 6 0 15 12 0 4 12 15 7 5 1 13 18 17 17 5 13 13 2 9 7 5 13 20 6 5 13 8 5 12 15 13 16 6 8 11 15 20 10 9 4 13 12 9 0 0 17 11 3 19 16 19 3 10 2 8 16 3 6 0 3 9 16 17 11 8 8 18 1 2 4 20 9 5 7 1 4 1 1 17 9 17 18 9 5 3 8 0 13 0 10 10 13 10 11 6 11 8 6 19 13 6 19 10 17 17 15 8 18
934
79 178 79 13 178 178 90 18 90 13 90 13 178 178 18 18 55 18 55 178 55 13 13 55 79 178 13 90 79 79 18 55 18 18 90 13 18 90 18 18 55 18 13 13 178 178 55 178 18 79 90 55 79 90 90 13 90 18 18 79 90 55 18 90 18 55 55 79 55 178 79 13 79 178 79 18 55 13 55 90 178 178 79 90 90 79 79 18 79 18 90 18 79 13 79 13 13 79 13 79 79 55 55 55 13 13 18 178 18 18 13 90 55 55 178 90 13 90 13 13 90 178 13 178 79 178 13 178 178 90 55 13 79 18 90 18 55 55 18 55 18 55 55 55 90 55 178 13 79 90 79 90 13 90 90 55 55 90 90 13 90 79 18 55 55 79 55 55 79 90 79 13 90 13 90 90 18 79 55 18 79 90 178 18 55 18 55 79 178 90 18 90 178 90 55 18 79 13 18 18 79 13 18 13 90 18 55 90 18 90 18 55 178 79 18 79 79 13 90 55 18 13 18 178 178 13 18 55 55 18 18 13 13 18 55 55 18 18 90 90 90 55 178 13 13 178 18 18 55 13 55 18 90 178 178 79 55 178 55 79 13 13 178 55 90 18 79 90 178 55 18 13 55 90 13 79 178 79 90 178 79 90 18 90 18 90 79 79 178 18 178 178 13 90 18 178 178 18 18 178 18 79 55 13 90 90 79 90 178 178 55 13 13 55 90 13 178 178 18 18 55 13 79 178 90 79 90 18 55 178 178 90 79 178 55 79 79 18 13 90 13 55 90 178 55 79 178 55 18 90 79 13 13 13 79 18 178 178 79 79 55 18 18 178 90 79 90 90 79 90 178 178 79 18 13 90 18 178 90 55 18 90 55 18 90 178 13 13 79 55 90 178 178 79 55 90 79 178 178 178 79 13 13 178 13 90 90 90 90 55 18 18 79 13 178 178 18 55 13 178 18 79 13 55 55 18 13 55 13 79 18 18 79 55 18 18 18 18 13 178 178 13 79 13 55 18 178 79 90 79 55 79 90 13 178 90 13 13 18 79 90 178 90 178 55 79 79 79 178 13 79 13 178 13 18 18 90 18 79 178 55 90 178 90 90 79 13 79 18 79 79 18 79 90 18 13 90 55 13 178 18 79 18 79 178 178 90 79 13 90 178 178 55 79 13 55 55 90 90 178 90 55 55 79 178 18 178 55 55 178 55 178 18 13 178 55 18 178 79 55 79 55 13 13 79 55 55 18 18 55 79 90 178 55 18 18 13 18 13 79 90 55 178 90 18 178 18 178 13 18 13 18 90 178 18 79 55 90 90 79 13 178 55 178 178 18 13 79 90 55 178 178 178 90 13 13 55 79 18 55 90 18 178 178 55 13 178 18 13 13 90 13 178 55 178 79 90 90 79 13 13 90 178 90 13 18 178 79 79 18 90 178 18 18 79 18 18 18 55 79 90 178 18 18 79 13 18 90 90 13 55 90 90 18 90 55 18 55 55 79 79 55 55 13 79 13 79 178 178 55 13 55 13 13 18 79 13 178 90 55 79 18 79 178 79 18 55 18 90 18 13 90 178 18 55 13 18 18 90 18 79 178 18 90 90 79 178 79 55 178 178 178 55 79 55 18 90 13 18 178 13 13 90 79 178 18 18 18 13 18 79 178 178 178 178 13 79 55 18 90 178 18 90 55 18 178 55 13 79 18 55 18 18 13 13 79 13 90 55 178 79 18 18 79 79 18 79 90 79 90 90 79 178 13 55 55 178 178 79 55 55 55 178 79 79 18 55 18 55 90 13 90 178 55 13 79 13 13 18 55 90 18 79 178 55 55 13 79 90 13 90 79 13 55 79 178 55 178 90 18 79 13 18 178 90 13 55 13 13 55 55 55 79 18 79 90 90 13 90 18 55 79 79 90 178 55 178 13 178 18 90 13 178 178 90 13 55 90 90 90 18 18 90 90 55 55 79 18 79 18 79 18 55 13 79 178 55 18 13 178 13 55 79 90 55 55 178 90 79 55 178 90 18 13 13 55 178 79 178 79 79 18 55 79 90 55 90 79 13 55 55 178 13 18 178 55 55 55 178 79 18 178 13 90 13 90 178 18 79 18 90 18 55 13
600
37 37 18 18 105 154 154 18 18 18 37 37 105 154 105 37 154 105 154 37 154 18 37 37 154 105 154 18 154 37 37 18 105 37 18 154 37 18 105 18 154 154 18 105 154 37 37 18 105 105 37 37 154 154 18 154 18 154 37 18 105 37 154 18 37 154 37 18 18 105 18 105 154 18 37 154 154 154 37 154 154 37 154 154 37 154 18 37 154 37 105 37 37 105 37 105 18 154 37 37 18 37 37 18 37 154 154 37 154 37 154 37 37 37 37 18 37 105 105 105 37 37 37 18 37 154 105 18 154 154 154 37 105 154 37 18 105 154 18 105 154 37 105 154 37 37 18 154 37 105 105 37 154 18 37 105 154 105 154 37 18 105 105 18 154 105 18 105 154 18 154 105 105 154 154 105 154 105 154 154 154 37 154 154 37 18 154 105 37 154 18 105 18 105 18 37 18 37 37 154 37 105 154 154 154 154 154 37 154 105 154 18 37 37 105 105 18 105 18 154 154 18 105 37 37 18 37 37 37 154 105 105 18 18 105 18 105 37 105 37 18 37 105 105 37 154 37 37 105 37 154 18 105 18 154 105 37 154 37 105 37 18 37 105 18 105 105 37 105 18 37 154 18 18 18 37 105 154 37 37 18 154 154 105 105 105 154 105 105 105 154 18 18 105 154 154 18 154 37 37 37 105 18 105 154 18 18 37 154 37 105 18 105 18 154 37 37 154 37 37 154 18 154 154 37 154 105 37 105 37 18 154 154 18 154 37 154 37 18 105 154 154 18 105 154 18 18 37 37 37 154 154 18 105 154 154 105 105 37 105 18 105 37 154 154 105 154 18 37 18 105 18 154 154 37 37 154 37 154 37 37 37 37 37 105 18 37 154 37 105 105 37 18 105 105 18 37 105 154 37 37 154 154 18 105 105 154 154 154 18 18 154 18 18 37 18 154 18 105 154 154 105 37 105 154 18 37 37 105 105 154 105 37 105 18 105 18 154 37 154 154 105 37 37 105 18 154 37 105 105 37 37 37 37 37 154 18 18 105 154 18 154 105 18 105 154 37 37 105 105 105 154 154 37 37 37 154 18 154 37 105 154 37 37 154 18 37 18 18 37 18 18 18 18 37 154 154 18 18 37 37 154 18 18 18 37 154 154 18 18 105 105 105 18 37 18 18 37 37 18 105 154 37 37 37 37 154 154 154 37 18 105 105 154 18 18 154 105 154 154 154 37 37 154 154 105 105 154 18 18 154 18 154 154 105 37 37 105 37 154 18 18 18 105 154 105 18 154 18 105 18 18 37 154 37 154 18 37 18 154 154 105 18 105 37 154 18 154 37 18 37 105 37 37 37 37 37 154 37 37
843
13 6 15 6 0 9 20 11 5 4 16 14 1 12 17 17 14 3 18 1 19 18 16 13 7 2 16 4 3 0 1 12 12 12 10 6 5 17 8 18 2 7 7 12 4 15 18 15 10 12 19 19 6 16 12 19 5 18 5 19 1 2 0 18 14 9 10 8 1 7 16 3 9 18 3 0 17 10 5 13 9 1 17 11 10 0 10 7 8 7 9 9 17 5 12 6 6 5 5 4 5 7 17 18 2 18 6 8 13 9 19 19 20 11 4 4 6 2 2 15 14 14 11 14 7 18 11 18 4 6 20 15 10 0 2 8 0 3 8 5 7 3 10 16 9 12 4 1 8 13 15 2 10 14 16 17 19 6 13 14 9 3 20 16 11 1 3 19 4 12 12 17 9 15 6 10 7 3 9 6 4 1 13 3 11 8 14 15 6 14 3 2 10 3 6 16 9 19 19 14 11 19 6 5 10 2 12 17 12 15 3 14 18 15 1 2 20 6 13 19 7 0 5 1 10 4 15 13 9 11 3 2 0 17 5 13 3 2 4 12 1 20 8 9 7 8 10 19 11 7 5 5 15 16 3 13 2 8 8 1 0 11 11 12 16 12 3 16 15 20 15 2 5 2 12 6 19 17 17 3 3 4 0 7 11 4 6 2 1 2 8 10 17 6 7 3 7 4 19 1 18 16 12 19 19 14 19 1 6 11 11 17 2 10 10 2 13 0 8 20 18 11 5 10 9 17 15 5 8 20 11 17 20 7 17 1 8 3 5 12 5 9 7 19 9 18 3 19 2 3 19 11 12 9 17 11 0 15 18 4 16 1 5 10 5 1 17 7 20 1 4 19 1 17 3 8 5 0 20 17 15 8 3 14 16 16 2 13 15 16 0 13 13 19 16 15 16 17 16 8 18 4 19 0 10 12 19 9 18 4 4 2 13 20 14 14 10 0 12 20 14 19 3 5 17 10 10 5 4 3 11 0 16 19 8 1 17 16 10 0 14 15 2 9 3 13 13 20 15 15 14 19 2 5 16 4 17 5 10 15 17 18 13 19 19 4 10 18 4 1 9 6 16 10 6 16 12 11 5 12 4 8 12 4 9 15 14 5 1 1 1 2 5 4 16 4 0 2 15 0 3 3 5 16 2 17 14 6 16 18 13 14 8 17 17 11 9 18 15 20 2 12 13 20 5 7 7 10 1 14 0 20 12 7 12 7 14 7 12 14 11 15 15 15 8 16 2 11 13 7 11 6 20 4 19 10 2 0 19 6 0 16 17 3 19 3 0 11 18 10 18 8 2 16 16 19 17 19 19 12 0 0 11 6 18 2 20 5 3 8 7 16 14 13 7 14 4 13 19 17 11 18 11 2 1 11 18 10 12 7 17 20 2 17 18 5 13 7 0 1 11 16 13 20 9 14 2 6 3 2 2 14 14 17 12 17 4 6 20 5 20 20 8 4 1 18 20 3 11 4 14 10 13 8 4 11 12 20 0 14 7 2 8 11 13 20 1 18 18 15 20 20 11 18 9 17 2 10 20 7 2 5 14 18 18 14 18 7 4 15 17 17 7 17 4 16 20 5 10 8 9 0 10 10 16 0 4 15 14 3 17 7 14 0 8 19 14 18 10 17 12 16 4 19 1 6 8 17 10 4 1 3 13 12 12 0 6 17 17 18 16 5 17 14 9 10 15 17 13 5 8 2 13 15 5 18 6 10 20 0 4 18 15 13 6 2 5 9 4 4 1 17 17 10 19 13 17 14 12 1 8 20 8 20 12 6 9 0 20 19 5 7 14 17 16 11 9 1 11 14 13 3 19 9 12 13 2 19 14 2 19 17 17 6 3 18 20 20 7 13 2 4 10 14 20 20 1 11 10 11 12 6 4 15 0 8 10 14 8 16 1 6 14
204
128 99 67 55 16 68 19 121 167 34 0 57 93 40 176 188 10 190 190 118 75 124 11 82 113 69 91 191 137 166 60 98 173 105 54 70 55 191 146 196 188 64 194 93 23 178 76 33 118 154 100 189 57 26 16 71 87 102 162 10 160 118 70 97 67 165 43 197 184 59 59 130 2 49 154 87 92 11 45 96 56 78 155 165 60 148 87 123 152 77 160 129 46 8 38 141 77 114 34 141 74 89 61 133 190 107 160 17 20 113 178 0 184 189 111 130 129 65 111 72 38 128 74 42 147 77 121 23 119 189 34 93 4 169 80 61 99 165 166 172 131 174 46 197 14 126 190 93 6 141 46 139 186 96 87 131 64 147 176 171 110 15 23 95 135 13 22 69 108 85 2 118 73 190 40 92 43 33 16 41 138 175 135 58 189 79 113 86 188 198 31 127 48 24 155 147 98 191 121 192 97 32 129 194
168
0 200 89 98 94 91 82 52 72 97 62 106 86 55 53 101 117 95 52 61 62 79 107 84 86 101 53 85 118 53 82 115 72 80 55 61 60 74 70 112 53 98 88 58 107 108 71 89 97 79 50 98 110 110 114 69 97 105 59 107 103 65 101 91 89 75 84 50 72 89 103 113 76 100 83 80 94 62 70 93 81 75 86 105 84 58 56 112 51 76 90 58 65 91 91 99 80 102 109 110 106 71 107 108 67 75 105 81 104 118 80 101 84 117 108 84 105 115 58 117 96 88 74 105 94 78 83 98 114 104 107 77 55 77 62 53 97 85 113 58 83 50 65 54 52 50 82 79 68 89 54 68 84 57 106 51 50 116 58 78 95 68 83 98 95 62 74 200
354
1 4 17 4 13 6 13 9 2 3 19 5 17 7 11 14 11 0 9 17 0 20 6 18 8 2 0 6 14 15 11 9 19 0 15 6 17 10 15 16 2 12 9 11 13 17 18 11 19 10 19 0 2 9 6 14 9 20 8 8 8 12 8 1 8 20 0 12 8 7 10 11 5 4 7 6 10 16 14 20 9 12 1 14 1 9 11 1 11 4 11 9 6 5 15 18 18 13 16 10 9 17 8 13 5 20 20 4 19 2 8 20 8 11 1 3 1 3 10 2 13 15 15 8 16 0 6 17 17 19 7 10 11 1 19 0 12 18 10 3 0 11 6 4 16 18 13 17 9 0 6 17 20 11 17 19 1 3 11 0 19 9 20 5 8 4 5 17 15 19 8 1 10 16 4 17 0 3 8 14 1 5 9 4 11 6 4 9 18 6 16 0 6 9 6 19 3 11 1 6 20 16 16 19 6 16 4 0 16 16 18 1 15 3 10 1 4 16 6 6 17 19 7 2 3 4 5 14 14 20 17 9 15 18 11 3 8 4 9 9 2 7 8 2 16 20 16 19 9 5 5 10 2 6 7 10 6 16 6 13 0 17 20 17 20 0 3 9 2 6 1 17 1 1 7 10 17 9 19 10 2 18 8 3 15 9 20 3 8 9 19 20 8 0 20 11 8 7 9 0 20 5 11 20 8 2 3 9 13 14 17 2 20 1 17 4 9 16 17 16 8 2 18 17 0 18 1 1 14 0 15 11 9 6 9 7 3 19 5 4 8 16 3 13 13 15 6 0 14 2 6 10 2 15
962
4 12 186 0 14 5 18 7 195 170 160 3 5 6 170 12 8 3 0 20 17 9 20 15 14 19 9 4 5 176 19 5 181 10 9 15 14 8 164 20 15 151 6 2 18 14 173 7 12 165 13 2 6 19 188 5 9 17 9 16 4 14 166 173 11 161 192 12 1 6 10 17 154 13 153 159 15 17 12 20 16 179 18 0 4 12 0 5 190 161 11 3 177 19 15 7 17 18 16 19 17 185 1 16 186 154 8 14 15 162 3 17 11 9 7 18 4 0 165 2 11 18 1 10 4 10 13 0 159 11 14 3 177 10 163 174 20 8 13 172 193 173 15 5 4 10 18 5 19 13 19 2 0 6 152 7 19 11 0 0 191 12 19 19 15 174 8 14 199 6 2 197 7 8 9 2 11 17 6 185 12 11 179 192 0 200 14 2 2 4 3 9 10 10 18 5 179 16 0 156 174 1 16 2 177 12 2 12 16 20 9 194 13 10 11 20 17 8 181 161 7 2 3 11 8 6 12 18 3 183 184 6 1 189 19 4 7 159 14 12 167 20 18 3 168 5 182 7 13 10 18 13 11 10 0 173 15 184 4 8 18 199 185 180 0 189 13 4 17 20 20 2 12 19 8 12 163 176 7 188 11 153 154 156 4 164 1 178 3 9 12 14 19 9 18 16 5 1 20 17 20 15 5 17 4 15 14 20 188 8 1 161 8 12 185 11 178 18 19 8 5 184 188 154 6 13 13 18 17 5 9 15 8 6 19 169 14 187 17 4 15 14 8 18 3 0 178 13 188 20 20 20 187 19 13 10 0 19 3 166 182 1 7 199 163 20 8 5 9 20 192 15 14 19 0 20 1 8 189 193 192 13 15 153 3 18 2 4 19 20 0 20 8 198 20 16 5 19 188 8 2 9 20 13 2 0 15 5 14 19 12 182 2 3 5 169 8 11 8 1 14 188 6 4 0 13 188 8 8 2 9 0 14 18 179 3 8 2 0 6 0 18 17 17 17 17 17 5 8 11 13 9 16 1 11 2 15 155 13 161 17 156 182 11 15 3 6 9 20 11 11 14 1 3 183 4 18 4 181 182 1 7 2 20 17 190 1 16 15 7 20 16 8 1 17 8 5 13 0 10 165 3 3 172 18 4 12 9 9 182 10 14 13 18 200 19 153 10 6 4 159 20 18 14 188 13 17 14 13 190 2 13 8 8 178 0 0 152 4 7 197 10 12 7 16 4 2 10 9 195 169 16 4 8 2 10 154 4 8 6 8 11 9 10 178 9 12 6 18 14 0 12 12 11 173 161 18 6 157 4 20 174 8 187 15 6 13 158 12 7 8 2 8 6 3 4 11 14 7 1 0 6 5 19 157 10 186 9 19 19 10 5 183 15 19 16 7 14 13 0 18 13 168 15 166 155 19 168 16 170 13 10 18 0 8 2 178 9 2 2 17 161 12 20 11 18 2 5 15 16 180 4 15 9 13 9 13 158 20 10 19 152 16 12 188 17 5 16 4 15 15 20 0 3 15 15 9 8 154 3 16 188 4 8 15 11 167 186 13 173 173 14 182 19 191 13 1 173 190 10 5 157 187 12 12 3 8 13 19 0 4 4 178 5 11 186 166 13 6 4 3 11 20 190 11 6 0 7 4 19 17 4 169 7 18 4 16 11 11 8 10 8 19 163 185 14 2 164 10 6 151 20 4 7 14 8 8 8 16 0 17 173 3 180 166 0 1 13 4 151 155 3 8 18 8 10 18 0 2 14 17 185 6 17 2 177 155 5 5 9 18 155 19 159 12 10 11 19 6 181 199 3 8 6 11 14 172 13 165 4 11 10 18 19 7 12 16 4 174 5 20 20 8 9 168 9 4 12 166 1 17 18 0 190 16 16 20 6 166 14 3 9 4 17 20 8 1 15 16 193 9 5 6 19 8 17 16 18 1 151 0 7 15 4 11 7 16 20 3 4 3 178 3 158 199 15 1 8 166 152 7 173 13 159 17 10 6 19 5 3 6 18 17 16 19 20 14 18 11 7 16 167 19 177 157 12 15 15 15 15 157 6 156 14 11 1 15 5 15 18 12 9 19 16 7 2 14 16 177 159 14 4 0 3 13 12 9 9 16 11 14 18 17 2 154 191 10 170 178 4 10 14 155 152 9 9 13 159 7 3 13 197
857
173 179 12 5 0 1 173 17 15 4 198 16 18 17 0 6 174 17 174 158 2 5 14 10 8 10 174 190 6 6 8 3 10 165 174 19 11 12 3 178 18 10 7 5 10 7 6 16 161 17 7 19 14 14 184 3 11 11 191 158 6 7 0 10 2 2 8 20 5 16 2 12 166 17 16 7 177 19 153 8 4 172 15 12 6 188 19 1 3 193 167 5 163 5 5 5 19 4 20 151 1 4 2 9 156 5 167 190 13 15 19 5 8 13 14 18 10 9 179 2 19 16 18 13 5 172 7 11 8 0 13 185 10 13 176 19 156 6 19 12 2 6 173 9 12 200 186 2 15 6 169 0 7 1 5 5 3 9 154 162 11 13 14 179 11 184 200 0 5 6 2 15 151 9 166 18 166 17 191 5 11 14 4 9 17 3 6 3 10 199 1 12 190 7 3 19 11 5 10 11 5 13 12 2 12 12 13 158 173 3 20 8 8 2 0 194 11 0 15 18 1 18 191 1 158 190 12 19 4 20 20 15 9 0 17 14 6 4 12 150 5 7 8 20 4 0 180 163 3 3 6 0 7 185 3 9 13 14 180 6 172 181 12 18 20 4 6 0 193 191 13 158 7 18 0 10 162 19 8 13 5 1 10 20 11 20 157 9 184 17 8 19 6 7 3 6 11 17 11 13 4 7 172 16 18 14 165 11 12 18 197 19 181 20 18 6 152 155 9 7 3 164 3 17 4 168 12 11 187 14 4 2 183 8 0 0 12 3 17 3 10 16 4 14 7 8 5 199 8 7 4 158 1 2 4 19 6 17 14 0 4 2 19 15 16 11 5 5 17 8 9 14 14 16 14 184 8 178 159 16 155 8 20 6 14 14 180 195 20 1 191 10 20 0 12 19 12 3 18 157 17 12 15 8 159 20 12 16 12 5 20 9 8 11 19 8 9 6 13 14 162 17 171 0 0 17 9 16 171 9 3 2 8 2 2 4 15 15 2 4 7 14 10 4 6 153 5 191 194 11 9 1 9 8 3 169 11 4 0 180 20 20 10 16 168 9 4 6 183 180 14 11 196 151 6 11 6 158 181 19 19 17 188 8 13 173 7 17 159 1 157 151 163 4 14 11 2 5 8 8 0 1 4 18 14 17 172 11 19 1 16 14 13 10 11 0 9 4 9 7 1 5 4 10 152 7 19 4 3 2 14 3 11 159 6 9 18 9 12 12 1 11 11 19 9 14 17 3 11 9 187 8 18 194 20 172 13 154 16 4 3 19 6 17 15 1 5 12 2 154 20 0 2 9 7 17 7 14 162 3 7 167 16 11 200 20 14 14 14 18 0 19 7 10 14 2 3 3 5 2 18 9 14 194 15 15 13 160 5 18 19 16 8 16 16 11 1 187 164 15 13 14 4 9 12 18 12 6 190 17 3 3 11 8 14 15 7 12 200 184 181 10 178 13 14 13 7 12 12 199 17 14 9 9 3 5 13 0 13 16 9 157 1 16 15 4 5 10 5 176 6 19 11 5 5 159 16 4 3 20 2 10 188 20 12 17 3 8 2 179 12 16 13 17 167 12 5 12 153 12 12 15 13 1 13 15 13 0 15 2 17 10 13 7 19 10 16 6 153 2 13 15 0 2 4 8 4 157 199 14 15 10 17 10 20 16 18 4 2 161 10 16 20 4 169 5 16 11 170 0 14 156 11 13 7 17 12 16 1 166 171 12 19 6 8 9 9 20 157 10 16 5 4 13 15 3 187 7 12 4 14 13 18 5 200 9 15 2 178 16 10 15 14 6 169 2 10 181 7 11 20 7 191 0 5 169 184 4 2 20 11 11 177 3 5 12 174 15 14 14 13 8 10 17 172 194 3 14 14 15 4 18 12 7 195 17 18 16 5 16 178 160 17 9 4 13 2 9 11 185 17 185 8 15 3 1 16
271
16 189 4 183 4 5 18 15 7 19 1 196 2 3 192 8 168 160 11 2 11 20 2 7 0 5 15 1 14 9 10 1 16 14 14 6 5 18 8 176 6 4 161 14 2 1 16 7 2 10 160 18 9 20 9 4 169 182 153 0 0 197 7 182 3 3 177 184 186 169 153 0 6 12 13 16 192 9 0 2 19 15 20 4 17 192 4 18 8 0 6 167 5 10 196 196 11 161 190 157 18 15 20 19 191 15 6 18 153 12 1 13 17 9 20 163 4 199 19 8 7 18 17 12 156 2 3 155 3 5 0 11 7 7 4 17 173 181 161 14 6 11 195 5 16 14 11 166 16 178 6 1 7 174 4 195 17 3 185 20 18 14 18 12 186 10 7 14 176 1 17 167 4 181 3 14 12 18 14 20 20 17 16 7 3 6 17 5 13 12 11 20 5 19 7 13 2 156 3 17 18 4 189 7 0 11 174 7 20 8 0 11 7 20 11 10 9 10 8 8 179 180 17 0 12 18 2 1 3 10 8 162 10 16 14 7 20 153 158 6 12 200 4 17 190 166 2 17 6 191 6 10 11 7 4 12 18 2 18 193 1 1 0 184 11 179 5 186 19 10 20
129
200 200 200 200 200 200 200 200 200 200 200 200 200 200 200 200 200 200 200 200 200 200 200 200 200 200 200 200 200 200 200 200 200 200 200 200 200 200 200 200 200 200 200 200 200 200 200 200 200 200 200 200 200 200 200 200 200 200 200 200 200 200 200 200 200 200 200 200 200 200 200 200 200 200 200 200 200 200 200 200 200 200 200 200 200 200 200 200 200 200 200 200 200 200 200 200 200 200 200 200 200 200 200 200 200 200 200 200 200 200 200 200 200 200 200 200 200 200 200 200 200 200 200 200 200 200 200 200 200
806
200 12 4 197 18 165 0 19 17 183 0 4 18 4 14 200 3 16 19 1 18 20 10 6 13 197 4 7 14 200 9 0 7 19 7 188 16 16 16 156 13 190 165 19 1 1 159 7 182 2 10 11 14 11 12 5 5 155 2 16 5 183 9 2 12 9 188 11 6 173 200 0 19 13 16 7 6 154 10 199 9 9 20 17 164 11 4 4 16 5 8 164 195 16 180 13 10 191 6 6 6 3 10 14 14 158 19 17 174 18 13 20 2 7 2 7 14 192 12 1 18 192 194 0 193 11 151 164 1 12 7 18 193 8 20 19 166 8 184 12 3 2 167 189 15 160 173 9 10 17 11 9 20 3 8 15 8 1 11 6 9 19 6 2 16 14 1 154 17 15 195 6 168 12 13 7 17 179 10 9 20 165 14 177 19 17 168 196 16 0 12 20 150 19 168 199 15 19 14 12 0 8 17 17 180 2 8 173 9 6 9 158 12 9 16 4 13 160 176 6 12 1 4 199 181 2 5 11 11 2 20 20 12 177 9 165 9 151 20 13 4 11 3 8 14 4 160 8 176 10 157 152 17 20 2 15 6 20 172 0 191 9 185 20 16 8 14 5 159 14 4 16 9 9 153 151 15 20 15 10 18 192 4 7 187 0 10 184 14 17 2 7 17 5 18 15 159 20 5 11 1 2 9 17 20 18 2 12 194 1 16 9 20 160 17 4 18 11 1 3 20 151 14 5 12 5 13 3 168 19 0 17 4 170 5 153 5 11 17 1 193 11 16 11 17 15 2 15 12 16 180 3 189 19 4 18 19 10 10 0 18 13 20 7 0 18 20 6 2 16 169 0 14 0 16 8 16 6 15 178 20 4 183 196 164 4 164 17 8 168 8 196 195 9 19 19 0 4 13 13 18 13 7 14 9 17 196 7 6 8 11 17 5 179 185 17 6 197 12 168 14 9 13 9 187 18 180 19 19 1 12 20 9 4 19 0 4 2 8 11 7 5 174 3 7 19 196 10 171 189 169 9 3 14 159 12 12 4 182 4 7 8 1 0 3 18 9 197 5 175 8 16 11 13 195 4 3 2 3 20 11 9 8 19 16 16 19 1 17 173 0 8 167 11 17 11 8 180 7 2 8 5 10 14 6 18 14 152 17 173 14 18 14 15 180 161 197 197 5 15 9 187 12 16 16 13 160 20 7 0 2 5 159 5 0 8 16 188 170 9 16 7 4 19 161 9 183 13 191 7 11 18 11 15 172 8 15 8 11 163 11 2 10 16 0 13 3 16 18 2 11 0 176 17 2 10 168 18 151 9 161 14 2 6 12 10 11 2 152 5 3 10 9 9 0 10 14 0 1 12 0 196 14 154 8 15 11 17 15 9 177 13 9 9 7 6 11 15 12 178 158 3 14 190 163 20 7 9 16 18 16 1 164 195 13 18 13 6 17 14 169 4 3 15 170 15 0 1 18 1 192 15 17 17 164 3 11 18 5 151 7 5 1 3 155 20 159 14 12 3 3 19 14 19 8 10 17 4 11 196 184 10 9 16 8 1 16 2 9 9 16 0 19 0 20 13 15 9 189 200 1 16 1 17 6 16 10 190 14 1 3 2 175 17 5 3 8 13 11 15 16 2 2 2 1 16 9 0 16 7 8 13 164 14 159 7 16 20 1 20 20 1 0 1 18 7 0 18 168 4 194 166 14 15 10 19 2 12 20 165 15 12 10 163 7 17 5 11 3 7 6 5 165 8 18 16 10 10 19 16 15 7 14 167 18 190 11 6 166 154 2 18 2 7 15 9 7 9 10 1 0 15 10 17 3 20
756
0 200 103 102 68 72 55 90 87 58 71 87 118 82 88 71 58 67 53 80 69 89 103 71 116 57 76 104 75 72 82 88 84 100 116 120 53 120 91 87 100 112 62 94 105 51 77 95 109 69 74 105 96 77 99 50 63 73 110 88 99 96 101 104 107 100 101 92 66 97 73 89 102 52 86 91 88 105 57 102 97 97 102 64 82 65 61 59 66 57 93 85 50 68 51 104 61 88 93 78 50 86 79 103 53 76 85 99 81 78 59 74 82 111 69 89 64 60 56 71 93 70 109 52 82 110 76 101 82 91 100 50 58 106 85 58 88 115 58 81 53 84 59 50 88 115 57 99 97 75 92 55 76 65 70 61 79 72 113 54 115 104 111 106 82 53 93 65 86 62 92 90 92 62 72 97 98 114 81 59 120 95 90 75 108 89 64 72 63 76 91 88 80 74 72 88 100 113 101 96 80 50 105 108 118 51 53 59 120 66 90 91 80 95 67 97 76 72 108 68 79 106 71 73 118 114 109 54 71 80 115 119 93 69 86 99 115 93 89 50 61 58 73 82 60 69 99 95 66 65 50 114 119 81 97 74 89 89 114 119 90 98 54 57 81 73 69 85 92 88 70 101 85 109 102 100 103 120 75 71 70 75 100 96 85 112 102 51 115 90 104 70 97 62 101 88 75 90 94 75 86 109 88 77 108 65 109 120 87 73 59 114 108 51 74 89 109 120 70 112 111 103 106 82 97 89 94 64 79 52 117 110 104 118 84 53 58 94 107 82 118 115 86 114 120 59 107 87 116 106 96 117 62 70 112 112 119 118 102 106 114 107 68 101 90 72 83 104 93 92 85 68 55 107 100 100 112 52 79 118 72 52 58 97 101 88 102 120 88 95 75 54 116 101 109 98 84 88 120 101 105 72 119 119 97 83 101 115 59 89 105 85 64 108 107 71 50 70 70 59 100 99 62 85 92 111 62 67 56 91 99 75 62 58 76 55 74 110 74 107 117 97 120 63 112 107 65 118 84 89 93 98 105 56 58 118 89 102 76 64 91 100 119 63 84 81 110 54 107 66 50 115 79 92 102 73 69 108 65 78 92 57 74 99 118 79 100 92 100 101 70 67 94 105 112 109 80 67 97 118 70 51 68 64 82 97 53 51 117 84 120 69 109 62 59 50 94 70 99 91 118 94 88 51 93 83 93 93 74 78 72 63 91 117 86 54 86 75 118 115 85 117 80 109 103 115 115 113 100 93 104 55 63 120 98 73 68 89 61 110 50 103 115 52 95 81 118 88 120 102 53 91 61 102 118 68 74 117 86 120 119 112 108 109 101 103 51 78 79 93 60 62 92 74 94 99 53 70 101 120 69 95 105 108 116 84 81 50 55 102 72 84 57 56 116 76 51 60 111 118 117 113 116 107 111 60 98 102 86 97 91 83 70 74 62 119 98 94 111 80 78 116 72 61 107 94 119 94 65 111 57 92 54 97 79 54 70 91 109 118 92 109 79 106 89 85 58 52 98 97 52 53 91 115 105 82 78 81 103 103 56 102 74 117 113 68 119 62 72 105 77 115 85 118 92 99 93 97 87 61 61 71 92 84 119 115 54 80 113 56 86 80 101 113 116 57 68 107 53 67 99 118 60 105 73 95 111 100 67 110 90 79 92 51 112 52 69 56 98 114 76 82 119 88 109 96 108 94 84 53 71 111 66 75 101 200
33
111 120 153 91 157 154 115 157 80 128 26 77 128 103 20 159 29 129 121 161 130 171 160 61 114 141 165 45 165 112 102 192 165
375
200 200 200 200 200 200 200 200 200 200 200 200 200 200 200 200 200 200 200 200 200 200 200 200 200 200 200 200 200 200 200 200 200 200 200 200 200 200 200 200 200 200 200 200 200 200 200 200 200 200 200 200 200 200 200 200 200 200 200 200 200 200 200 200 200 200 200 200 200 200 200 200 200 200 200 200 200 200 200 200 200 200 200 200 200 200 200 200 200 200 200 200 200 200 200 200 200 200 200 200 200 200 200 200 200 200 200 200 200 200 200 200 200 200 200 200 200 200 200 200 200 200 200 200 200 200 200 200 200 200 200 200 200 200 200 200 200 200 200 200 200 200 200 200 200 200 200 200 200 200 200 200 200 200 200 200 200 200 200 200 200 200 200 200 200 200 200 200 200 200 200 200 200 200 200 200 200 200 200 200 200 200 200 200 200 200 200 200 200 200 200 200 200 200 200 200 200 200 200 200 200 200 200 200 200 200 200 200 200 200 200 200 200 200 200 200 200 200 200 200 200 200 200 200 200 200 200 200 200 200 200 200 200 200 200 200 200 200 200 200 200 200 200 200 200 200 200 200 200 200 200 200 200 200 200 200 200 200 200 200 200 200 200 200 200 200 200 200 200 200 200 200 200 200 200 200 200 200 200 200 200 200 200 200 200 200 200 200 200 200 200 200 200 200 200 200 200 200 200 200 200 200 200 200 200 200 200 200 200 200 200 200 200 200 200 200 200 200 200 200 200 200 200 200 200 200 200 200 200 200 200 200 200 200 200 200 200 200 200 200 200 200 200 200 200 200 200 200 200 200 200 200 200 200 200 200 200 200 200 200 200 200 200 200 200 200 200 200 200 200 200 200 200 200 200
749
0 200 53 112 80 117 111 50 108 114 92 54 116 110 118 110 86 54 106 50 71 103 60 83 85 117 113 73 112 54 120 57 99 52 89 90 95 66 90 111 69 85 56 59 106 77 75 112 96 53 53 61 112 97 78 96 78 104 101 120 99 59 72 51 91 77 102 110 98 102 51 119 70 106 72 111 106 96 69 82 94 114 68 84 117 119 72 50 55 54 71 66 77 112 81 73 75 81 61 115 64 69 89 53 78 117 115 71 93 60 73 73 68 94 63 68 105 50 62 50 54 75 84 54 95 109 52 105 57 116 94 59 82 99 103 72 70 76 120 59 106 101 88 93 90 108 103 89 64 110 99 119 80 63 100 62 91 53 58 115 84 59 76 110 74 78 68 104 107 71 95 102 50 111 76 58 119 81 61 75 103 72 93 93 73 63 101 69 61 61 83 93 104 54 88 112 85 78 88 88 65 99 50 82 111 76 103 120 110 64 115 79 50 64 106 78 110 53 51 71 75 110 78 113 108 94 110 104 98 106 72 117 76 117 57 58 61 84 77 92 71 117 78 115 93 99 58 52 86 104 62 115 68 74 111 115 71 91 96 100 86 108 120 103 101 74 104 81 78 52 120 106 50 118 89 85 53 76 84 53 94 52 101 84 80 66 58 69 104 88 64 50 96 78 59 94 56 103 102 84 119 61 103 90 118 73 61 81 92 54 54 104 93 59 79 50 109 114 58 85 94 108 106 60 100 92 94 65 93 110 111 114 96 78 52 103 107 64 104 62 114 59 72 117 117 55 52 118 117 55 103 110 119 69 101 82 59 117 58 105 82 63 54 80 50 78 72 89 98 108 83 80 118 73 62 78 89 85 98 63 58 63 75 107 62 114 83 93 69 107 88 68 82 57 93 75 81 86 85 71 77 86 91 108 62 91 62 55 111 66 91 76 87 99 110 54 52 66 115 116 67 78 93 119 54 64 85 81 93 91 100 74 113 92 107 57 56 57 97 83 72 100 63 92 115 80 96 99 63 110 73 50 77 93 71 111 84 119 85 73 60 85 53 117 56 110 55 56 54 68 61 107 82 100 107 55 101 86 86 66 102 101 51 109 52 58 71 66 56 99 51 105 51 55 84 120 72 65 86 53 100 83 99 84 104 119 98 112 71 86 112 90 119 115 111 51 79 107 102 100 84 87 79 59 117 82 107 74 59 118 82 71 105 82 72 98 102 97 102 96 108 69 104 88 83 113 58 51 83 74 102 103 65 104 103 56 117 118 74 68 73 114 86 71 80 86 87 117 111 82 58 114 54 82 71 120 91 73 96 101 117 53 63 105 68 113 104 117 113 113 53 91 61 63 84 98 63 78 118 88 105 103 108 79 50 110 97 95 99 50 57 76 52 116 111 76 51 106 58 100 58 51 102 91 93 103 81 75 69 85 71 86 79 80 82 73 113 102 106 67 50 118 109 94 119 71 67 83 98 108 50 101 62 91 56 87 81 109 60 109 115 67 106 86 82 77 97 112 55 71 117 117 116 90 120 94 103 54 58 113 97 84 54 96 56 86 80 107 112 119 88 68 90 117 50 83 79 69 87 70 114 93 80 78 108 92 106 57 60 51 118 111 95 63 79 89 107 64 50 120 107 70 82 100 70 88 77 106 77 108 120 107 86 91 84 96 108 104 75 110 79 80 83 65 100 66 87 96 200
867
74 110 176 61 90 57 166 4 6 183 194 89 113 170 77 33 62 37 37 40 178 150 97 132 138 114 56 41 81 194 170 118 200 15 75 108 157 66 93 35 94 112 17 130 106 67 13 2 105 141 92 49 195 35 111 69 17 106 32 185 85 15 15 168 192 8 172 183 93 132 33 193 40 117 104 164 154 55 62 134 114 73 123 156 154 57 171 183 71 109 44 102 80 152 179 109 158 166 101 145 37 193 163 93 94 51 191 121 1 38 7 49 8 175 129 89 20 17 39 74 104 1 99 179 49 55 80 110 45 24 109 150 154 124 168 157 82 121 196 199 63 86 89 161 18 167 158 32 185 68 93 55 194 100 104 145 48 103 25 190 157 25 54 101 195 124 59 156 112 74 133 111 29 136 177 168 117 67 94 131 141 149 198 96 38 33 160 78 118 186 184 137 85 185 14 129 172 192 172 73 116 29 52 104 131 191 168 182 19 40 131 37 108 93 173 164 9 42 19 110 173 120 111 98 93 23 168 141 65 101 54 126 43 39 56 68 20 180 128 18 188 182 173 162 129 132 74 138 135 154 97 22 125 185 37 130 112 167 144 111 53 152 146 61 198 15 121 165 194 193 48 37 54 31 100 0 105 109 115 194 69 29 61 9 130 75 151 14 168 1 112 63 146 177 121 162 25 119 81 78 56 156 43 195 85 98 26 174 155 110 63 124 9 100 139 127 79 144 55 137 142 198 161 196 7 78 22 156 198 34 73 73 118 90 171 163 176 162 146 60 84 142 177 128 163 76 78 165 51 192 130 8 55 107 151 194 8 93 50 70 110 3 128 164 29 131 162 36 169 134 138 6 34 41 87 59 31 156 77 86 173 99 119 90 200 53 52 133 93 140 83 138 173 141 71 172 84 114 128 65 92 77 43 112 12 196 90 144 41 134 47 148 164 185 169 194 72 200 144 91 110 153 111 185 110 108 185 108 139 21 126 90 118 6 89 45 138 104 174 184 81 87 50 44 168 155 84 196 59 4 200 11 73 194 43 72 168 196 161 185 175 55 132 17 10 140 32 5 93 78 139 2 72 87 17 122 28 45 0 50 73 8 153 89 85 53 134 74 23 32 54 161 39 51 82 121 196 115 168 52 90 115 122 75 0 177 167 94 148 44 158 57 170 135 158 60 9 22 59 91 83 125 91 177 116 65 177 133 49 195 169 113 133 80 48 153 54 195 138 49 101 84 87 123 115 123 153 37 194 26 42 134 146 25 132 139 157 121 52 64 20 68 15 106 110 134 195 151 126 1 185 120 157 156 179 57 133 90 162 48 194 194 70 174 117 65 196 149 120 157 95 197 121 7 143 153 198 45 147 56 135 185 133 87 116 23 25 41 15 126 116 150 37 95 35 31 198 162 74 63 1 182 95 133 166 164 97 174 19 200 48 168 143 160 173 130 22 100 89 189 133 91 0 33 124 154 42 13 83 132 26 7 39 25 158 89 105 193 13 4 123 41 7 34 47 92 117 5 63 155 60 179 157 59 108 144 177 137 198 12 187 61 180 126 48 7 98 170 116 93 148 32 180 6 175 184 47 192 186 62 138 2 8 106 46 62 162 27 43 124 171 145 63 110 156 130 5 79 187 159 143 144 140 2 22 182 98 171 123 72 169 72 44 5 133 27 29 169 164 86 176 21 170 196 61 25 94 87 183 77 63 161 101 22 153 45 69 86 124 195 157 135 150 30 53 105 69 149 160 37 44 135 5 9 112 93 196 191 0 62 180 89 163 20 73 40 92 42 173 94 141 150 53 11 130 39 24 135 172 145 168 14 47 48 149 54 160 5 115 106 41 171 19 174 144 156 109 16 61 37 88 14 90 170 22 90 144 50 130 80 124 154 131 44 160 11 56 8 87 143 104 182 196 185 54 55 14 153 152 99 38 173 74 130 33 44 195 116 133 138 128 90 107 173 128 175 35
746
200 200 200 200 200 200 200 200 200 200 200 200 200 200 200 200 200 200 200 200 200 200 200 200 200 200 200 200 200 200 200 200 200 200 200 200 200 200 200 200 200 200 200 200 200 200 200 200 200 200 200 200 200 200 200 200 200 200 200 200 200 200 200 200 200 200 200 200 200 200 200 200 200 200 200 200 200 200 200 200 200 200 200 200 200 200 200 200 200 200 200 200 200 200 200 200 200 200 200 200 200 200 200 200 200 200 200 200 200 200 200 200 200 200 200 200 200 200 200 200 200 200 200 200 200 200 200 200 200 200 200 200 200 200 200 200 200 200 200 200 200 200 200 200 200 200 200 200 200 200 200 200 200 200 200 200 200 200 200 200 200 200 200 200 200 200 200 200 200 200 200 200 200 200 200 200 200 200 200 200 200 200 200 200 200 200 200 200 200 200 200 200 200 200 200 200 200 200 200 200 200 200 200 200 200 200 200 200 200 200 200 200 200 200 200 200 200 200 200 200 200 200 200 200 200 200 200 200 200 200 200 200 200 200 200 200 200 200 200 200 200 200 200 200 200 200 200 200 200 200 200 200 200 200 200 200 200 200 200 200 200 200 200 200 200 200 200 200 200 200 200 200 200 200 200 200 200 200 200 200 200 200 200 200 200 200 200 200 200 200 200 200 200 200 200 200 200 200 200 200 200 200 200 200 200 200 200 200 200 200 200 200 200 200 200 200 200 200 200 200 200 200 200 200 200 200 200 200 200 200 200 200 200 200 200 200 200 200 200 200 200 200 200 200 200 200 200 200 200 200 200 200 200 200 200 200 200 200 200 200 200 200 200 200 200 200 200 200 200 200 200 200 200 200 200 200 200 200 200 200 200 200 200 200 200 200 200 200 200 200 200 200 200 200 200 200 200 200 200 200 200 200 200 200 200 200 200 200 200 200 200 200 200 200 200 200 200 200 200 200 200 200 200 200 200 200 200 200 200 200 200 200 200 200 200 200 200 200 200 200 200 200 200 200 200 200 200 200 200 200 200 200 200 200 200 200 200 200 200 200 200 200 200 200 200 200 200 200 200 200 200 200 200 200 200 200 200 200 200 200 200 200 200 200 200 200 200 200 200 200 200 200 200 200 200 200 200 200 200 200 200 200 200 200 200 200 200 200 200 200 200 200 200 200 200 200 200 200 200 200 200 200 200 200 200 200 200 200 200 200 200 200 200 200 200 200 200 200 200 200 200 200 200 200 200 200 200 200 200 200 200 200 200 200 200 200 200 200 200 200 200 200 200 200 200 200 200 200 200 200 200 200 200 200 200 200 200 200 200 200 200 200 200 200 200 200 200 200 200 200 200 200 200 200 200 200 200 200 200 200 200 200 200 200 200 200 200 200 200 200 200 200 200 200 200 200 200 200 200 200 200 200 200 200 200 200 200 200 200 200 200 200 200 200 200 200 200 200 200 200 200 200 200 200 200 200 200 200 200 200 200 200 200 200 200 200 200 200 200 200 200 200 200 200 200 200 200 200 200 200 200 200 200 200 200 200 200 200 200 200 200 200 200 200 200 200 200 200 200 200 200 200 200 200 200 200 200 200 200 200 200 200 200 200 200 200 200 200 200 200 200 200 200 200 200 200 200 200 200 200 200 200 200 200 200 200 200 200 200 200 200 200 200 200 200 200 200 200 200 200 200 200 200 200 200 200
848
0 0 0 0 0 0 0 0 0 0 0 0 0 0 0 0 0 0 0 0 0 0 0 0 0 0 0 0 0 0 0 0 0 0 0 0 0 0 0 0 0 0 0 0 0 0 0 0 0 0 0 0 0 0 0 0 0 0 0 0 0 0 0 0 0 0 0 0 0 0 0 0 0 0 0 0 0 0 0 0 0 0 0 0 0 0 0 0 0 0 0 0 0 0 0 0 0 0 0 0 0 0 0 0 0 0 0 0 0 0 0 0 0 0 0 0 0 0 0 0 0 0 0 0 0 0 0 0 0 0 0 0 0 0 0 0 0 0 0 0 0 0 0 0 0 0 0 0 0 0 0 0 0 0 0 0 0 0 0 0 0 0 0 0 0 0 0 0 0 0 0 0 0 0 0 0 0 0 0 0 0 0 0 0 0 0 0 0 0 0 0 0 0 0 0 0 0 0 0 0 0 0 0 0 0 0 0 0 0 0 0 0 0 0 0 0 0 0 0 0 0 0 0 0 0 0 0 0 0 0 0 0 0 0 0 0 0 0 0 0 0 0 0 0 0 0 0 0 0 0 0 0 0 0 0 0 0 0 0 0 0 0 0 0 0 0 0 0 0 0 0 0 0 0 0 0 0 0 0 0 0 0 0 0 0 0 0 0 0 0 0 0 0 0 0 0 0 0 0 0 0 0 0 0 0 0 0 0 0 0 0 0 0 0 0 0 0 0 0 0 0 0 0 0 0 0 0 0 0 0 0 0 0 0 0 0 0 0 0 0 0 0 0 0 0 0 0 0 0 0 0 0 0 0 0 0 0 0 0 0 0 0 0 0 0 0 0 0 0 0 0 0 0 0 0 0 0 0 0 0 0 0 0 0 0 0 0 0 0 0 0 0 0 0 0 0 0 0 0 0 0 0 0 0 0 0 0 0 0 0 0 0 0 0 0 0 0 0 0 0 0 0 0 0 0 0 0 0 0 0 0 0 0 0 0 0 0 0 0 0 0 0 0 0 0 0 0 0 0 0 0 0 0 0 0 0 0 0 0 0 0 0 0 0 0 0 0 0 0 0 0 0 0 0 0 0 0 0 0 0 0 0 0 0 0 0 0 0 0 0 0 0 0 0 0 0 0 0 0 0 0 0 0 0 0 0 0 0 0 0 0 0 0 0 0 0 0 0 0 0 0 0 0 0 0 0 0 0 0 0 0 0 0 0 0 0 0 0 0 0 0 0 0 0 0 0 0 0 0 0 0 0 0 0 0 0 0 0 0 0 0 0 0 0 0 0 0 0 0 0 0 0 0 0 0 0 0 0 0 0 0 0 0 0 0 0 0 0 0 0 0 0 0 0 0 0 0 0 0 0 0 0 0 0 0 0 0 0 0 0 0 0 0 0 0 0 0 0 0 0 0 0 0 0 0 0 0 0 0 0 0 0 0 0 0 0 0 0 0 0 0 0 0 0 0 0 0 0 0 0 0 0 0 0 0 0 0 0 0 0 0 0 0 0 0 0 0 0 0 0 0 0 0 0 0 0 0 0 0 0 0 0 0 0 0 0 0 0 0 0 0 0 0 0 0 0 0 0 0 0 0 0 0 0 0 0 0 0 0 0 0 0 0 0 0 0 0 0 0 0 0 0 0 0 0 0 0 0 0 0 0 0 0 0 0 0 0 0 0 0 0 0 0 0 0 0 0 0 0 0 0 0 0 0 0 0 0 0 0 0 0 0 0 0 0 0 0 0 0 0 0 0 0 0 0 0 0 0 0 0 0 0 0 0 0 0 0 0 0 0 0 0 0 0 0 0 0 0 0 0 0 0 0 0 0 0 0 0 0 0 0 0 0 0 0 0 0 0 0 0 0 0 0 0 0 0 0 0 0 0 0 0 0 0 0 0 0 0 0 0 0 0 0 0 0 0 0 0
581
10 69 162 162 162 162 10 102 10 102 102 69 69 84 10 84 162 162 102 69 102 69 10 69 10 10 102 102 102 10 69 102 10 69 10 102 162 162 102 102 84 10 69 162 10 10 84 102 84 162 69 84 84 69 162 84 69 102 10 162 102 102 84 162 102 84 84 10 84 69 102 162 162 162 84 10 162 84 102 102 10 162 69 102 69 162 102 162 162 69 162 84 162 69 69 69 84 162 84 10 162 69 102 10 162 69 69 84 84 162 84 102 102 10 162 102 162 84 69 162 102 69 162 162 69 69 102 84 102 10 162 162 69 84 84 69 10 162 84 69 162 10 10 84 10 102 10 10 102 69 84 162 84 10 69 162 102 162 102 162 162 162 84 84 10 162 102 69 69 102 102 69 69 84 10 162 10 10 84 69 102 69 162 69 84 102 162 162 10 162 69 162 102 69 10 102 69 69 10 84 162 84 102 102 69 69 69 162 10 162 102 69 10 84 10 69 102 102 69 102 162 162 10 69 102 69 102 69 162 102 10 69 69 10 162 162 162 84 102 10 10 162 102 10 10 84 84 10 69 69 10 69 102 10 69 102 10 102 69 10 10 102 162 162 10 162 84 69 10 10 69 10 102 162 69 102 162 69 10 102 10 84 69 10 84 10 84 10 69 10 69 69 84 84 69 69 162 102 69 69 84 102 10 10 84 162 69 102 69 10 84 10 102 102 84 10 102 84 69 102 162 69 162 84 102 10 102 10 84 84 162 10 84 84 102 102 84 102 84 102 162 102 10 162 84 162 162 10 10 10 102 102 102 84 84 162 69 162 162 84 10 69 162 84 10 69 84 10 69 162 10 102 84 84 69 10 84 84 102 69 10 10 162 84 10 102 102 162 102 162 102 69 69 162 162 69 84 10 102 10 162 102 69 102 10 69 162 84 162 10 69 84 102 162 162 102 84 102 10 10 10 162 102 102 10 162 69 102 162 69 10 10 84 10 102 10 102 162 10 10 102 69 84 84 10 10 69 102 69 84 69 84 10 162 84 69 69 162 84 69 102 10 69 162 102 84 10 10 69 69 102 69 102 102 162 84 10 162 84 10 84 10 10 102 102 162 84 84 162 69 84 84 10 84 102 84 84 69 69 10 102 102 102 84 84 84 10 162 102 162 69 69 84 10 84 84 84 69 10 10 162 162 69 102 84 84 69 162 69 84 102 10 162 84 162 102 69 162 84 84 10 84 102 162 102 84 10 69 84 84 102 102 102 69 102 69 69 10 69 69 69 84 102 102 84 69 10 69 162 10 102 84 69 10 84 10 10 162 102 162 102
558
54 39 65 14 108 21 52 22 182 65 31 3 35 194 38 198 189 158 186 163 150 179 101 150 166 66 155 93 131 8 59 40 139 22 179 196 185 38 86 92 138 83 63 158 122 11 199 102 142 115 105 48 117 95 173 188 171 90 35 114 104 118 196 118 4 197 95 173 4 63 186 10 114 114 134 53 63 46 47 57 77 193 131 95 108 101 74 151 177 111 47 146 44 12 115 95 63 31 179 145 44 0 69 176 156 77 28 168 72 9 63 190 150 39 115 56 169 180 187 76 165 11 134 64 111 50 197 74 6 191 111 7 117 24 60 32 52 193 105 107 5 22 95 27 172 80 133 3 87 129 112 153 78 176 199 149 47 123 200 105 192 60 171 86 57 37 22 92 179 11 15 192 80 120 199 9 42 160 133 6 187 110 195 138 45 157 11 47 131 1 189 161 18 61 30 47 171 119 100 147 86 89 159 58 21 193 16 61 159 98 155 128 66 164 194 26 78 107 121 85 94 40 117 127 8 109 109 165 100 136 139 89 31 43 31 175 86 97 192 172 145 68 113 144 182 45 101 32 147 112 179 56 15 29 109 120 86 153 152 191 116 30 69 161 152 194 132 165 62 125 51 69 151 90 49 2 167 56 63 180 63 158 118 151 173 119 96 155 107 188 185 10 26 146 67 95 120 53 87 19 186 175 47 64 192 98 120 49 33 115 176 160 159 109 117 80 155 104 170 47 140 13 90 93 69 85 146 181 194 184 173 167 200 155 194 47 44 64 121 117 68 15 44 198 38 24 85 74 186 35 107 3 122 173 185 172 60 60 53 16 185 5 120 180 143 165 192 140 181 39 163 107 48 139 64 38 184 61 37 119 123 34 191 178 87 130 33 190 0 50 139 49 130 19 87 190 72 23 65 30 8 54 177 18 83 4 11 160 63 186 48 10 22 129 128 148 107 187 51 190 60 97 71 73 60 135 50 54 12 157 6 111 0 33 192 50 60 19 76 27 6 119 151 168 18 124 75 89 3 176 10 168 61 176 0 91 56 1 194 139 67 20 183 108 108 182 16 41 177 145 171 129 193 95 8 75 155 187 105 88 88 35 74 88 48 12 18 181 42 146 121 85 97 10 5 62 88 102 177 87 50 50 95 182 134 5 128 37 75 187 38 168 114 95 148 131 92 187 108 188 106 122 117 117 8 169 36 140 4 46 108 123 95 93 171 196 142 166 147 79 182 36 104 12 12 110 90 81 114 48 189 28 6 94 27 50 34 161
292
0 200 78 76 93 110 100 90 87 116 113 111 64 68 94 53 113 74 78 117 65 113 81 53 76 70 68 120 92 95 84 113 79 80 101 73 73 66 120 61 78 86 52 118 97 105 86 83 100 84 61 79 102 56 97 97 58 109 63 64 87 86 101 84 105 111 109 68 107 61 114 64 101 51 86 96 108 119 118 64 108 84 59 62 96 61 87 89 109 82 104 91 95 97 119 73 118 120 71 110 81 78 56 77 86 63 96 99 102 94 107 83 95 69 114 63 50 89 70 103 56 83 93 93 116 112 78 114 98 72 71 68 96 98 79 118 97 84 97 93 67 100 86 110 63 118 110 79 52 66 97 118 82 82 71 74 109 64 111 73 117 113 80 84 114 76 89 86 52 80 114 80 88 71 118 108 62 109 96 57 62 111 78 110 88 112 88 116 63 69 113 84 59 73 112 85 73 83 67 60 118 118 91 118 108 81 50 111 61 99 99 64 53 83 96 111 106 116 115 85 111 72 57 55 76 119 62 96 54 84 54 118 73 117 80 85 89 81 73 75 57 113 65 110 53 63 58 109 90 78 111 70 110 68 110 113 111 68 77 72 72 67 104 111 85 53 109 76 119 117 120 120 116 105 118 74 75 79 69 77 97 53 117 104 69 79 86 104 82 84 111 200
266
0 0 0 0 0 0 0 0 0 0 0 0 0 0 0 0 0 0 0 0 0 0 0 0 0 0 0 0 0 0 0 0 0 0 0 0 0 0 0 0 0 0 0 0 0 0 0 0 0 0 0 0 0 0 0 0 0 0 0 0 0 0 0 0 0 0 0 0 0 0 0 0 0 0 0 0 0 0 0 0 0 0 0 0 0 0 0 0 0 0 0 0 0 0 0 0 0 0 0 0 0 0 0 0 0 0 0 0 0 0 0 0 0 0 0 0 0 0 0 0 0 0 0 0 0 0 0 0 0 0 0 0 0 0 0 0 0 0 0 0 0 0 0 0 0 0 0 0 0 0 0 0 0 0 0 0 0 0 0 0 0 0 0 0 0 0 0 0 0 0 0 0 0 0 0 0 0 0 0 0 0 0 0 0 0 0 0 0 0 0 0 0 0 0 0 0 0 0 0 0 0 0 0 0 0 0 0 0 0 0 0 0 0 0 0 0 0 0 0 0 0 0 0 0 0 0 0 0 0 0 0 0 0 0 0 0 0 0 0 0 0 0 0 0 0 0 0 0 0 0 0 0 0 0 0 0 0 0 0 0 0 0 0 0 0 0
353
0 200 66 108 108 59 85 101 84 120 67 117 74 75 88 62 115 81 58 87 60 69 76 95 79 52 117 73 103 56 51 109 104 90 106 92 79 102 111 86 93 80 101 67 66 114 76 92 62 87 70 96 85 98 94 80 61 76 98 65 56 84 117 50 101 88 117 85 94 93 88 65 96 98 54 81 113 58 111 112 84 109 59 90 88 110 67 112 90 66 86 93 56 115 91 72 119 110 53 68 69 118 75 71 91 98 52 83 73 112 93 57 113 101 111 99 84 80 50 67 56 108 50 106 107 69 98 71 65 52 57 67 110 51 119 79 70 119 100 69 77 57 106 79 81 79 89 118 94 101 112 115 79 97 117 68 112 87 95 67 60 74 50 64 94 119 61 119 117 57 51 116 79 98 74 113 56 111 114 101 79 81 78 104 69 50 113 63 119 70 96 79 80 76 114 118 83 96 78 63 105 62 110 92 60 59 109 80 89 116 52 107 93 56 55 108 73 56 59 74 88 96 85 101 76 113 72 69 109 99 60 58 70 83 62 53 86 113 62 112 101 50 75 111 77 57 78 64 96 120 105 69 51 119 106 106 90 80 68 81 75 77 99 87 50 86 89 111 107 78 52 94 101 89 92 112 77 88 62 77 72 97 77 56 98 95 101 71 64 115 95 79 89 110 85 52 112 69 96 62 55 104 95 118 102 100 118 85 108 53 103 115 67 74 119 104 99 112 102 92 109 76 105 119 69 90 106 90 97 95 107 104 106 87 76 91 69 87 77 64 81 80 114 104 63 86 93 108 84 111 90 69 200
360
187 46 159 4 196 89 151 19 5 5 11 103 194 113 41 109 92 171 103 159 41 125 7 175 96 168 94 94 114 125 104 17 47 46 63 58 9 195 166 117 61 26 114 143 69 148 45 156 11 7 66 64 41 138 173 50 137 88 44 136 177 41 180 35 35 63 110 3 162 96 45 124 57 29 2 132 147 150 180 135 16 176 161 36 59 9 134 118 129 52 56 183 174 29 25 7 18 38 196 63 42 174 70 115 178 167 59 69 2 106 44 135 170 183 27 37 144 90 67 104 94 95 97 92 144 20 121 165 90 195 48 109 78 101 36 102 74 150 145 15 123 132 96 18 153 51 67 169 64 12 51 176 21 115 141 73 68 133 193 103 153 118 77 170 171 198 40 27 24 81 114 133 43 116 9 127 68 63 178 110 77 190 116 163 140 33 14 75 58 50 73 169 38 189 47 156 171 104 148 197 146 82 75 186 198 32 78 144 99 176 118 115 110 101 45 144 179 190 76 27 30 131 197 133 3 151 152 73 179 25 157 79 139 35 122 118 52 10 23 148 141 179 195 66 182 79 88 16 62 118 152 121 38 91 82 61 2 3 92 24 121 7 122 178 162 8 120 178 151 119 146 169 113 27 171 21 15 20 32 31 127 191 171 110 67 142 165 178 159 71 166 138 59 169 133 181 116 45 193 156 123 96 104 17 181 10 156 162 65 32 16 139 48 198 173 185 129 68 104 24 150 93 72 56 81 175 163 66 12 71 1 167 21 196 108 55 122 132 152 185 37 33 39 111 110 130 95 125 174 139 25 101 198 83 66 169 44 67 17 104
349
0 200 95 83 83 110 71 56 107 81 97 119 58 62 99 60 71 51 52 76 84 119 68 109 99 94 81 73 112 107 63 108 117 116 60 102 81 51 60 105 103 77 85 105 76 82 85 69 56 65 87 97 102 52 91 68 58 73 53 94 88 55 114 57 68 65 53 77 72 104 52 90 111 87 95 104 100 61 76 119 101 117 90 115 105 52 114 57 95 67 102 102 56 59 56 51 83 120 105 52 82 54 108 50 116 65 111 69 84 119 120 115 78 86 113 77 78 117 105 119 97 58 64 105 118 91 63 86 69 97 120 67 90 78 50 57 93 78 119 78 60 74 80 58 112 85 82 112 68 111 112 71 70 102 65 96 60 90 92 112 104 80 102 87 101 72 74 113 105 68 84 87 53 74 70 110 99 55 95 73 74 88 55 118 97 65 54 69 114 70 66 93 111 94 106 95 78 68 55 62 56 87 103 98 117 81 70 95 73 90 115 117 57 64 85 120 65 91 61 62 113 64 111 92 105 75 93 78 63 76 105 67 82 65 110 82 73 60 96 94 116 78 102 79 73 66 95 94 117 119 52 111 74 87 79 108 78 56 106 73 102 91 105 78 64 102 93 87 50 95 55 77 108 96 120 116 90 105 118 118 109 75 77 90 56 55 61 65 79 51 97 70 103 100 98 74 94 85 54 52 60 102 102 115 112 102 108 54 98 77 114 70 116 96 114 75 107 54 80 69 70 86 68 52 58 105 63 106 82 60 61 55 50 104 87 59 75 105 99 89 114 78 101 64 64 77 105 97 200
619
15 0 0 16 10 16 20 8 6 20 15 6 8 14 3 8 0 14 9 6 3 16 0 0 2 15 15 3 11 1 14 14 9 13 6 7 19 11 19 3 2 3 17 7 8 9 6 13 16 3 12 4 10 14 13 15 12 3 8 16 9 0 16 7 10 6 15 5 8 7 16 11 18 0 4 16 5 7 5 5 16 14 0 17 6 5 13 4 4 20 12 13 3 18 1 8 6 12 19 7 10 20 11 9 19 5 20 9 4 9 15 2 1 1 4 16 17 5 20 14 9 0 19 15 14 16 7 13 14 15 12 10 19 14 17 18 0 18 9 4 4 5 7 2 14 8 7 9 15 17 12 3 19 20 18 19 10 1 9 12 19 3 15 11 10 0 16 14 13 0 17 5 10 4 4 20 4 10 5 14 18 11 7 3 8 9 8 12 12 10 8 5 7 8 1 13 6 1 15 10 15 7 18 12 4 1 10 3 3 9 20 16 9 17 1 10 17 16 11 8 16 19 7 1 8 4 16 13 1 2 12 17 2 11 4 16 17 18 8 3 14 18 6 18 11 0 2 5 8 12 17 6 9 15 15 4 15 5 13 11 19 1 15 18 15 1 13 14 12 1 1 15 4 18 13 11 2 6 15 17 14 10 20 18 8 12 13 11 16 3 7 14 14 3 16 15 15 9 17 14 20 18 2 6 0 17 18 13 7 0 0 7 13 19 3 6 10 1 9 15 7 16 0 12 7 4 12 15 8 8 4 12 5 10 1 9 13 11 13 4 11 6 16 19 7 20 14 17 10 16 4 2 20 0 17 2 3 13 10 5 2 10 15 20 3 10 10 10 7 2 11 18 2 5 11 20 12 6 17 3 16 7 4 13 1 20 12 10 10 9 6 6 5 8 15 5 15 13 8 20 6 7 1 20 2 12 9 3 1 4 8 6 17 16 12 4 15 12 3 8 6 15 13 0 15 8 3 20 18 14 4 10 2 12 8 1 15 5 8 19 4 14 4 18 12 4 10 16 20 3 14 20 9 1 16 3 13 5 13 11 10 15 6 15 12 6 10 6 14 16 1 8 6 7 1 2 18 16 1 6 9 11 1 16 2 10 20 11 17 0 4 16 11 0 12 13 7 15 10 5 10 19 3 3 17 13 7 10 5 5 10 19 16 16 15 0 12 19 13 18 11 20 17 10 9 6 3 2 12 11 16 1 15 3 5 10 5 15 16 6 15 16 3 0 15 6 1 0 9 15 12 20 3 12 19 18 9 20 19 0 18 11 15 0 17 0 15 16 8 6 8 5 0 5 0 20 0 1 15 6 15 6 10 19 15 8 20 16 15 13 20 7 14 12 10 3 19 11 17 15 20 12 18 3 15 19 8 10 20 4 20 13 3 4 3 13 12 1 20
11
89 181 161 36 133 58 67 104 151 97 195
954
19 14 13 12 0 10 4 9 9 7 4 15 20 12 16 12 5 12 2 1 8 11 8 10 3 9 16 3 11 5 5 12 14 0 15 14 0 11 5 0 9 13 12 15 11 17 16 20 14 19 0 2 14 4 8 11 9 7 10 17 1 2 0 19 0 20 2 16 1 18 13 19 16 3 14 7 10 7 1 15 17 11 13 18 19 13 9 3 19 9 19 16 0 19 0 2 14 11 5 2 4 16 17 15 6 8 9 0 19 19 5 2 18 16 10 11 0 8 13 15 14 14 3 5 15 9 5 3 14 0 7 2 12 8 7 19 19 11 17 19 12 20 18 5 12 2 2 15 8 15 9 17 11 9 11 17 20 18 8 0 12 7 7 8 12 2 6 4 19 3 9 3 10 9 12 0 16 4 12 6 15 8 1 13 10 14 10 13 18 12 16 13 14 19 15 7 4 7 18 17 1 20 15 6 10 18 8 20 13 19 3 5 1 15 5 12 7 17 10 14 14 19 20 11 17 20 8 17 3 9 0 19 11 13 15 7 13 17 17 18 12 16 20 14 1 20 14 10 19 7 8 20 10 6 10 13 2 0 1 3 4 16 7 20 11 12 13 15 11 0 13 7 15 7 12 20 3 7 0 2 2 2 2 16 9 19 5 11 7 7 6 3 8 6 11 13 14 0 17 2 16 12 17 19 10 19 5 10 8 6 16 11 15 14 4 10 6 18 15 20 17 14 20 18 7 2 5 20 3 7 18 13 10 3 10 8 4 2 1 0 18 17 0 5 20 16 10 3 5 10 17 15 4 19 0 13 5 8 10 3 3 16 15 2 12 3 15 15 11 0 19 12 18 7 6 18 4 7 2 3 6 2 7 9 7 5 20 3 10 3 3 19 11 16 4 16 4 10 5 19 9 1 4 13 3 16 13 2 18 5 20 5 5 20 1 9 11 5 13 5 12 16 15 4 5 9 4 13 0 2 8 10 19 2 16 12 3 16 7 0 15 14 20 3 12 3 1 15 6 8 4 3 16 6 10 12 14 11 13 8 16 20 13 11 7 12 12 7 12 16 0 13 16 18 8 19 8 5 11 13 18 2 16 15 18 17 7 20 12 20 3 9 9 8 2 1 15 15 7 12 0 2 4 20 16 17 6 7 15 11 17 20 3 4 10 18 9 19 8 13 3 11 0 10 3 12 19 5 1 4 3 1 16 16 9 9 1 20 4 15 3 12 14 8 1 0 20 2 3 15 13 11 1 18 3 20 17 0 8 18 12 13 8 13 14 0 8 3 11 3 20 1 15 1 14 19 1 4 17 15 3 5 8 20 7 14 1 5 4 16 19 19 6 9 8 12 10 20 5 14 14 5 1 8 4 17 2 15 7 0 9 20 7 17 17 10 20 6 17 1 7 11 13 13 6 18 5 11 20 0 4 13 16 0 14 4 20 17 13 3 11 7 12 6 18 10 3 10 8 15 7 2 13 8 7 8 17 13 19 15 0 7 9 0 4 5 17 16 5 10 16 1 16 16 18 17 9 12 7 20 6 19 9 9 15 6 7 6 4 6 8 12 2 12 5 11 4 1 3 9 20 17 19 6 20 13 12 11 0 17 8 16 8 7 12 2 3 2 15 2 5 16 12 12 18 20 4 11 15 16 14 7 4 7 5 16 15 15 0 13 9 7 16 0 2 13 7 9 14 15 9 15 5 9 9 19 9 5 1 11 4 10 13 12 17 18 9 3 14 7 4 9 2 5 15 10 10 8 3 15 14 15 13 8 12 13 3 19 5 3 14 19 0 17 13 16 15 14 17 8 17 13 18 16 16 3 6 19 4 10 18 3 0 11 10 2 5 8 20 11 18 8 0 2 15 19 10 2 0 12 5 1 4 4 6 11 4 7 7 12 15 3 20 13 6 4 16 16 14 0 14 9 19 9 11 8 5 4 8 4 8 4 5 1 17 3 17 0 14 20 7 11 7 9 1 7 9 5 4 5 15 18 3 8 12 8 16 6 12 8 7 18 5 11 5 4 12 16 12 10 14 7 13 15 4 18 1 19 3 16 16 2 1 13 19 2 15 0 4 2 20 5 0 0 6 15 19 8 18 8 18 18 19 7 17 2 11 13 15 1 14 3 13 19 17 16 3 8 15 7 12 1 10 1
727
0 200 101 77 53 116 118 96 51 70 98 97 118 97 69 67 111 76 82 106 59 114 62 74 60 50 71 73 102 57 80 107 119 90 75 120 52 108 120 77 65 107 98 104 81 87 84 75 59 75 64 71 84 52 114 88 87 116 65 102 113 68 60 67 76 89 88 83 103 80 56 50 100 116 69 88 106 95 52 83 67 107 63 59 73 117 102 83 72 55 55 80 115 95 69 95 92 71 66 109 99 114 116 76 116 86 109 101 81 116 110 90 63 76 55 54 87 90 55 108 73 97 97 117 83 117 72 97 56 102 85 84 73 59 88 78 78 69 119 68 108 50 109 74 82 102 88 86 92 82 52 69 103 108 78 68 94 87 73 71 111 83 110 93 77 84 56 117 53 90 95 75 110 66 87 100 105 53 105 89 99 59 88 113 73 86 104 109 70 105 79 102 71 80 82 95 63 70 108 60 103 85 64 91 114 103 53 56 68 118 99 103 64 88 110 83 112 117 106 86 65 71 113 80 57 112 114 108 77 106 102 90 109 52 105 50 80 104 71 66 66 102 76 95 71 71 74 79 78 102 73 68 87 69 94 89 94 110 81 106 57 67 59 60 111 72 91 109 96 107 88 71 112 59 76 97 97 65 109 50 55 95 54 75 84 82 106 59 102 62 99 113 69 65 90 79 51 109 107 104 80 96 112 117 85 92 104 101 107 113 110 53 62 112 75 99 95 117 101 73 80 73 64 68 68 118 103 61 90 115 58 63 62 115 63 55 80 90 97 92 70 64 104 89 50 76 78 52 102 85 100 94 77 113 73 115 105 59 98 71 74 114 79 114 74 70 76 70 80 119 89 88 77 75 52 75 92 87 94 78 66 57 116 53 117 52 118 88 118 90 53 59 85 88 106 119 67 84 110 114 95 96 71 112 115 95 99 102 60 104 57 65 110 74 60 118 110 70 113 107 99 61 94 120 95 108 96 118 109 89 59 93 59 118 76 59 81 67 77 112 67 82 117 106 106 69 68 113 62 110 120 110 76 75 50 91 54 78 80 101 108 87 92 57 55 60 84 99 95 110 70 85 70 82 70 103 51 105 116 91 76 52 62 96 84 120 77 83 83 114 72 91 120 117 90 89 70 117 90 66 61 116 91 93 52 80 69 98 68 76 66 55 100 99 63 57 60 72 50 106 113 78 55 112 98 107 90 95 51 117 53 93 65 73 95 114 120 55 108 57 103 117 103 64 55 108 99 99 113 86 119 82 79 70 56 64 59 59 97 68 95 72 111 112 67 63 72 112 55 61 115 91 65 91 118 110 63 55 71 92 57 80 109 101 88 102 76 97 91 98 57 86 53 59 64 59 75 73 50 103 83 61 89 70 61 87 55 118 87 75 73 111 115 83 74 66 101 71 109 52 58 115 90 64 105 112 107 74 77 74 107 103 71 69 106 97 104 105 82 73 101 96 74 59 96 69 98 71 107 94 117 100 75 55 112 52 97 113 76 103 95 80 73 110 74 104 88 96 69 54 93 111 113 114 113 78 115 88 97 59 79 60 78 82 59 53 98 69 80 60 107 85 95 119 63 86 69 88 83 73 70 110 118 87 67 72 100 79 89 58 56 51 72 79 93 113 80 89 56 96 118 95 104 96 112 93 200
841
5 9 12 8 16 16 11 16 18 12 15 11 17 16 10 5 5 13 12 7 13 3 18 13 13 18 0 19 2 14 13 0 14 11 4 4 5 8 2 1 19 2 20 5 3 7 11 19 0 8 9 1 16 6 1 0 10 19 4 15 10 6 19 14 3 18 5 19 0 14 12 19 15 5 8 13 6 3 15 17 8 4 11 19 18 11 15 0 17 10 4 12 18 5 6 17 4 10 14 1 9 7 1 14 6 12 9 7 1 14 10 5 14 11 5 17 9 10 4 18 14 18 6 18 19 7 10 5 5 7 17 11 16 11 12 20 12 10 8 1 7 0 20 2 16 8 16 14 10 4 20 8 1 8 6 8 2 20 17 12 20 1 18 15 18 4 5 10 8 11 6 8 19 3 12 3 20 0 6 6 20 2 13 19 2 1 14 16 10 18 7 6 11 0 8 15 16 6 4 8 11 12 12 10 10 19 5 2 11 3 13 18 10 19 2 2 13 17 4 16 16 8 20 13 5 12 6 20 17 14 1 2 18 14 3 11 12 1 17 18 4 20 3 14 10 19 1 20 2 4 4 6 13 17 10 1 20 9 10 7 4 15 4 1 20 13 1 18 13 13 18 20 3 4 19 10 11 2 16 9 1 0 6 14 10 0 18 7 19 17 0 1 10 5 2 18 18 5 11 17 6 0 4 9 19 12 10 20 0 20 14 9 13 3 3 1 0 5 18 17 18 4 20 5 3 12 0 0 8 9 16 1 18 14 10 9 20 1 12 9 8 12 12 0 5 17 12 14 12 18 9 4 4 3 6 14 8 9 16 0 5 14 11 3 16 17 17 1 15 19 9 9 6 6 16 1 15 19 14 6 19 18 8 6 2 8 15 13 6 4 1 7 8 0 3 5 10 19 7 6 3 16 14 17 20 0 7 11 19 5 12 20 16 15 4 4 19 4 17 0 2 10 17 10 8 2 16 14 10 14 15 4 3 2 11 3 10 16 11 14 15 18 12 16 3 18 5 20 14 15 15 15 8 14 14 3 10 12 10 17 10 5 11 16 4 2 2 14 1 10 3 11 20 8 0 13 18 13 0 2 12 13 20 9 16 18 13 14 15 17 11 1 18 4 9 5 4 3 18 0 7 14 13 16 5 1 17 1 2 13 13 12 4 18 15 4 3 18 3 2 2 20 16 1 7 0 3 13 4 1 17 4 0 0 16 13 17 5 2 16 10 13 15 17 1 11 20 17 14 2 9 15 20 15 10 15 15 16 9 6 19 18 18 16 7 20 14 12 19 9 8 0 15 16 1 9 6 10 3 14 5 2 17 0 5 1 16 1 11 1 19 3 13 19 8 0 11 6 6 13 20 7 17 18 5 18 10 18 6 1 7 3 16 6 15 16 4 6 7 6 11 9 1 11 20 13 11 1 3 7 11 9 20 2 19 5 6 20 14 4 6 5 20 7 2 6 2 17 9 4 7 10 8 15 10 17 16 16 7 20 6 8 9 19 10 6 15 20 2 7 12 20 1 0 3 12 19 1 14 18 18 0 1 18 13 18 18 16 3 2 13 20 10 6 10 20 15 14 12 1 12 19 12 17 3 11 9 16 10 19 13 4 16 8 7 6 2 19 12 0 5 13 3 1 5 0 6 3 20 8 13 3 3 16 8 12 14 6 12 9 18 3 6 12 12 0 14 4 7 12 3 14 0 19 11 19 17 14 0 8 7 15 17 15 8 9 4 7 15 1 6 16 12 20 1 2 12 7 11 5 16 17 9 2 0 4 6 2 0 18 14 16 17 4 15 17 2 16 15 18 19 8 16 7 15 7 12 10 6 15 16 6 11 16 3 17 15 18 19 13 5 13 2 18 9 3 5 15 14 2 16 18 18 12 20 1 3 12 12 6 10
734
10 5 7 10 9 8 10 9 0 3 1 19 13 14 12 7 5 4 9 13 19 10 14 15 17 19 10 6 11 17 15 6 16 1 12 5 16 10 14 1 1 8 13 16 17 7 8 18 13 1 12 16 16 16 1 7 1 15 18 12 10 20 9 13 14 8 1 2 4 18 14 10 2 9 2 14 20 5 20 11 13 1 5 2 13 3 19 16 13 14 3 16 9 0 3 17 4 3 7 18 5 7 17 9 14 9 5 6 13 11 11 12 13 17 19 6 16 3 7 8 0 4 5 4 20 1 16 16 2 12 9 20 4 10 13 12 11 0 15 4 14 19 6 3 5 10 5 9 4 13 2 6 12 5 1 5 15 5 15 12 16 16 8 9 9 4 9 9 3 16 2 20 11 10 12 4 19 16 10 18 2 18 8 16 2 5 6 11 0 12 6 3 17 10 11 20 19 14 3 6 15 18 12 17 20 12 12 9 17 19 19 1 10 0 6 0 0 18 9 8 6 17 3 20 10 18 1 8 16 16 10 8 15 0 6 11 1 3 13 10 15 6 11 6 2 8 0 11 1 19 2 18 7 12 9 3 11 0 11 17 0 9 13 6 20 4 17 7 11 18 8 20 14 20 5 20 1 13 4 12 13 5 14 3 20 9 17 0 8 8 11 10 20 10 19 3 0 8 3 11 11 11 1 9 1 15 12 17 5 16 17 17 17 20 8 1 14 0 5 10 15 3 5 3 6 13 5 18 0 17 11 11 6 1 2 8 14 16 16 8 8 9 7 20 19 5 20 20 10 16 4 19 12 8 1 13 14 14 14 7 13 7 15 5 10 9 7 8 4 5 16 6 20 3 11 16 20 9 3 6 0 3 16 2 15 13 9 7 8 6 3 4 15 10 7 11 1 7 1 4 13 5 17 20 19 13 17 12 8 18 2 16 5 8 6 7 5 9 2 15 18 14 18 14 1 2 20 7 11 9 1 13 8 7 15 9 12 9 16 6 6 17 9 5 3 13 19 7 19 3 10 15 19 19 2 7 14 16 17 19 19 4 19 4 16 6 16 5 10 4 20 15 12 6 12 9 16 1 3 11 2 0 3 18 12 7 19 18 16 19 14 8 13 3 17 8 20 1 8 12 7 20 16 18 7 9 16 17 13 11 15 1 17 6 12 17 16 14 9 2 9 18 16 2 4 3 0 14 13 3 15 15 15 11 11 3 18 6 3 15 10 2 11 9 0 18 7 19 2 14 1 10 14 7 10 7 1 12 17 12 19 5 8 5 17 1 4 2 5 15 1 5 9 20 0 7 12 1 11 14 8 14 14 12 9 12 6 20 12 20 0 3 2 19 10 11 13 16 11 3 2 3 13 0 20 17 11 2 7 11 4 11 13 13 20 8 13 17 3 11 18 18 11 4 20 2 7 7 6 10 0 15 13 7 13 15 8 6 20 6 7 7 6 15 12 6 0 3 5 17 1 10 1 4 16 3 18 0 13 0 8 7 16 7 6 2 15 11 12 8 12 10 7 3 12 6 15 18 19 6 12 14 12 6 11 18 11 14 6 5 19 13 3 13 0 12 20 0 7 7 19 10 17 7 9 15 9 3 6 2 17 18 12 6 19 18 1 1 5 7 11 19 4 10 4 9 14 2 12 16 6 3 17 10
229
200 200 200 200 200 200 200 200 200 200 200 200 200 200 200 200 200 200 200 200 200 200 200 200 200 200 200 200 200 200 200 200 200 200 200 200 200 200 200 200 200 200 200 200 200 200 200 200 200 200 200 200 200 200 200 200 200 200 200 200 200 200 200 200 200 200 200 200 200 200 200 200 200 200 200 200 200 200 200 200 200 200 200 200 200 200 200 200 200 200 200 200 200 200 200 200 200 200 200 200 200 200 200 200 200 200 200 200 200 200 200 200 200 200 200 200 200 200 200 200 200 200 200 200 200 200 200 200 200 200 200 200 200 200 200 200 200 200 200 200 200 200 200 200 200 200 200 200 200 200 200 200 200 200 200 200 200 200 200 200 200 200 200 200 200 200 200 200 200 200 200 200 200 200 200 200 200 200 200 200 200 200 200 200 200 200 200 200 200 200 200 200 200 200 200 200 200 200 200 200 200 200 200 200 200 200 200 200 200 200 200 200 200 200 200 200 200 200 200 200 200 200 200 200 200 200 200 200 200
999
129 192 11 190 54 77 15 137 124 73 150 115 164 191 114 107 77 107 66 179 169 11 79 117 145 76 103 88 146 58 65 63 139 103 78 91 87 68 56 66 168 128 89 105 12 127 194 4 173 54 83 183 33 9 77 70 2 162 49 101 140 164 181 149 127 123 18 192 107 14 34 160 114 109 129 133 26 39 7 16 181 36 29 82 145 92 158 25 158 127 72 117 160 133 58 88 31 152 40 55 112 161 130 57 151 161 18 146 165 29 183 28 180 30 50 109 14 114 45 62 9 186 72 95 161 143 129 152 191 195 162 19 43 19 158 115 139 138 156 127 192 44 59 43 116 97 52 179 163 22 135 185 90 84 131 155 80 106 55 99 15 10 64 188 190 142 32 62 150 67 35 141 47 57 31 116 40 162 135 159 93 111 97 105 198 126 28 132 192 7 173 83 34 133 49 160 70 32 49 189 71 146 33 22 199 129 128 39 5 18 75 54 42 60 149 162 122 53 117 14 117 82 141 19 180 130 82 20 101 32 88 37 29 56 113 88 49 60 91 137 25 47 91 161 196 20 32 160 13 165 55 79 142 179 57 8 96 77 74 25 47 178 14 0 77 192 116 62 134 91 72 154 163 72 46 43 83 17 55 64 30 197 2 26 107 150 158 168 68 186 119 49 6 161 44 137 170 30 110 128 199 146 129 137 103 193 96 18 134 120 81 94 5 106 131 103 103 30 83 61 113 135 9 169 171 69 151 145 192 136 47 5 115 125 173 97 81 79 95 200 183 96 59 120 136 158 3 65 112 146 161 52 121 172 15 87 51 122 141 149 30 71 70 36 107 88 141 95 155 117 104 41 199 183 25 169 43 119 58 188 182 185 191 42 146 112 109 179 165 82 47 21 138 1 72 23 106 76 63 165 68 12 120 143 150 49 191 14 193 5 189 182 83 152 7 7 141 20 106 90 199 71 27 150 28 134 116 31 31 12 120 80 124 95 156 99 158 72 182 150 67 125 105 39 157 136 25 15 104 24 122 136 160 150 53 52 170 144 65 137 114 150 10 136 158 14 120 129 96 20 39 87 55 151 196 186 66 53 8 180 143 127 109 23 101 53 65 172 109 144 186 67 149 39 194 82 46 134 51 105 141 81 136 163 195 57 6 74 182 37 53 191 99 65 20 109 93 130 57 80 74 199 76 126 176 115 122 198 156 120 151 200 86 69 108 110 110 125 166 44 28 144 58 31 184 64 27 85 137 190 111 157 181 144 131 119 133 172 105 84 82 109 107 44 57 59 136 40 170 44 72 162 1 69 87 55 24 88 167 61 151 150 2 112 56 62 49 4 160 27 11 191 130 30 83 38 116 161 162 77 113 138 134 184 32 97 14 85 39 108 64 3 155 185 95 122 32 132 192 88 127 81 52 161 60 102 136 89 108 137 122 133 117 198 102 154 15 83 93 177 65 200 58 69 45 110 193 190 178 156 16 175 0 1 66 85 68 175 105 28 20 134 144 111 33 12 143 181 36 8 20 139 194 167 165 176 167 66 187 156 100 166 92 128 125 111 132 70 166 62 191 71 107 30 182 57 194 65 43 70 105 168 83 173 125 135 32 56 154 71 20 114 41 112 155 158 155 153 146 27 81 16 68 87 94 28 7 73 137 133 37 53 43 75 152 64 59 22 50 133 125 190 25 152 113 92 93 93 74 151 13 174 177 73 85 120 101 168 43 80 163 38 149 170 187 12 121 35 139 144 19 197 169 74 198 65 161 188 181 63 72 152 140 106 62 58 0 107 142 37 145 130 56 25 49 139 14 151 19 63 9 49 37 58 91 110 44 181 187 174 69 181 113 44 14 104 57 191 26 106 157 12 98 49 57 75 84 188 76 194 195 148 43 106 112 173 33 90 148 191 196 105 200 160 6 80 62 47 102 119 49 116 134 123 181 115 164 118 45 82 169 97 137 78 45 21 113 191 74 60 113 127 74 65 116 20 11 71 58 3 37 166 76 181 7 194 189 16 163 146 90 100 148 91 187 7 127 73 108 101 193 182 13 98 175 152 73 83 112 144 184 122 177 158 84 162 14 16 121 42 11 46 17 60 112 102 105 118 115 64 172 112 193 171 153 71 150 160 3 70 64 190 196 41 184 199 95 2 185 164 141 113 151 157 39 123 0 122 87 194 29 140 43 125 196 56 152 124 188 108 67 36 151 110 21 184 160 102 66 77 49 124 4 26 158 132 65 44 0 102 135 12 52 191 1 77 102 5 131
974
200 200 200 200 200 200 200 200 200 200 200 200 200 200 200 200 200 200 200 200 200 200 200 200 200 200 200 200 200 200 200 200 200 200 200 200 200 200 200 200 200 200 200 200 200 200 200 200 200 200 200 200 200 200 200 200 200 200 200 200 200 200 200 200 200 200 200 200 200 200 200 200 200 200 200 200 200 200 200 200 200 200 200 200 200 200 200 200 200 200 200 200 200 200 200 200 200 200 200 200 200 200 200 200 200 200 200 200 200 200 200 200 200 200 200 200 200 200 200 200 200 200 200 200 200 200 200 200 200 200 200 200 200 200 200 200 200 200 200 200 200 200 200 200 200 200 200 200 200 200 200 200 200 200 200 200 200 200 200 200 200 200 200 200 200 200 200 200 200 200 200 200 200 200 200 200 200 200 200 200 200 200 200 200 200 200 200 200 200 200 200 200 200 200 200 200 200 200 200 200 200 200 200 200 200 200 200 200 200 200 200 200 200 200 200 200 200 200 200 200 200 200 200 200 200 200 200 200 200 200 200 200 200 200 200 200 200 200 200 200 200 200 200 200 200 200 200 200 200 200 200 200 200 200 200 200 200 200 200 200 200 200 200 200 200 200 200 200 200 200 200 200 200 200 200 200 200 200 200 200 200 200 200 200 200 200 200 200 200 200 200 200 200 200 200 200 200 200 200 200 200 200 200 200 200 200 200 200 200 200 200 200 200 200 200 200 200 200 200 200 200 200 200 200 200 200 200 200 200 200 200 200 200 200 200 200 200 200 200 200 200 200 200 200 200 200 200 200 200 200 200 200 200 200 200 200 200 200 200 200 200 200 200 200 200 200 200 200 200 200 200 200 200 200 200 200 200 200 200 200 200 200 200 200 200 200 200 200 200 200 200 200 200 200 200 200 200 200 200 200 200 200 200 200 200 200 200 200 200 200 200 200 200 200 200 200 200 200 200 200 200 200 200 200 200 200 200 200 200 200 200 200 200 200 200 200 200 200 200 200 200 200 200 200 200 200 200 200 200 200 200 200 200 200 200 200 200 200 200 200 200 200 200 200 200 200 200 200 200 200 200 200 200 200 200 200 200 200 200 200 200 200 200 200 200 200 200 200 200 200 200 200 200 200 200 200 200 200 200 200 200 200 200 200 200 200 200 200 200 200 200 200 200 200 200 200 200 200 200 200 200 200 200 200 200 200 200 200 200 200 200 200 200 200 200 200 200 200 200 200 200 200 200 200 200 200 200 200 200 200 200 200 200 200 200 200 200 200 200 200 200 200 200 200 200 200 200 200 200 200 200 200 200 200 200 200 200 200 200 200 200 200 200 200 200 200 200 200 200 200 200 200 200 200 200 200 200 200 200 200 200 200 200 200 200 200 200 200 200 200 200 200 200 200 200 200 200 200 200 200 200 200 200 200 200 200 200 200 200 200 200 200 200 200 200 200 200 200 200 200 200 200 200 200 200 200 200 200 200 200 200 200 200 200 200 200 200 200 200 200 200 200 200 200 200 200 200 200 200 200 200 200 200 200 200 200 200 200 200 200 200 200 200 200 200 200 200 200 200 200 200 200 200 200 200 200 200 200 200 200 200 200 200 200 200 200 200 200 200 200 200 200 200 200 200 200 200 200 200 200 200 200 200 200 200 200 200 200 200 200 200 200 200 200 200 200 200 200 200 200 200 200 200 200 200 200 200 200 200 200 200 200 200 200 200 200 200 200 200 200 200 200 200 200 200 200 200 200 200 200 200 200 200 200 200 200 200 200 200 200 200 200 200 200 200 200 200 200 200 200 200 200 200 200 200 200 200 200 200 200 200 200 200 200 200 200 200 200 200 200 200 200 200 200 200 200 200 200 200 200 200 200 200 200 200 200 200 200 200 200 200 200 200 200 200 200 200 200 200 200 200 200 200 200 200 200 200 200 200 200 200 200 200 200 200 200 200 200 200 200 200 200 200 200 200 200 200 200 200 200 200 200 200 200 200 200 200 200 200 200 200 200 200 200 200 200 200 200 200 200 200 200 200 200 200 200 200 200 200 200 200 200 200 200 200 200 200 200 200 200 200 200 200 200 200 200 200 200 200 200 200 200 200 200 200 200 200 200 200 200 200 200 200 200 200 200 200 200 200 200 200 200 200 200 200 200 200 200 200 200 200 200 200 200 200 200 200 200 200 200 200 200 200 200 200 200 200 200 200 200 200 200 200 200
83
166 91 166 91 64 64 91 164 44 91 164 164 189 166 91 189 44 44 44 189 91 189 166 64 164 164 91 44 64 44 64 164 166 189 64 166 164 91 44 44 166 166 91 166 91 44 91 64 91 64 166 91 44 91 44 166 164 166 164 189 164 91 91 164 166 164 44 164 166 166 91 166 44 64 64 166 44 44 44 164 164 166 64
893
200 200 200 200 200 200 200 200 200 200 200 200 200 200 200 200 200 200 200 200 200 200 200 200 200 200 200 200 200 200 200 200 200 200 200 200 200 200 200 200 200 200 200 200 200 200 200 200 200 200 200 200 200 200 200 200 200 200 200 200 200 200 200 200 200 200 200 200 200 200 200 200 200 200 200 200 200 200 200 200 200 200 200 200 200 200 200 200 200 200 200 200 200 200 200 200 200 200 200 200 200 200 200 200 200 200 200 200 200 200 200 200 200 200 200 200 200 200 200 200 200 200 200 200 200 200 200 200 200 200 200 200 200 200 200 200 200 200 200 200 200 200 200 200 200 200 200 200 200 200 200 200 200 200 200 200 200 200 200 200 200 200 200 200 200 200 200 200 200 200 200 200 200 200 200 200 200 200 200 200 200 200 200 200 200 200 200 200 200 200 200 200 200 200 200 200 200 200 200 200 200 200 200 200 200 200 200 200 200 200 200 200 200 200 200 200 200 200 200 200 200 200 200 200 200 200 200 200 200 200 200 200 200 200 200 200 200 200 200 200 200 200 200 200 200 200 200 200 200 200 200 200 200 200 200 200 200 200 200 200 200 200 200 200 200 200 200 200 200 200 200 200 200 200 200 200 200 200 200 200 200 200 200 200 200 200 200 200 200 200 200 200 200 200 200 200 200 200 200 200 200 200 200 200 200 200 200 200 200 200 200 200 200 200 200 200 200 200 200 200 200 200 200 200 200 200 200 200 200 200 200 200 200 200 200 200 200 200 200 200 200 200 200 200 200 200 200 200 200 200 200 200 200 200 200 200 200 200 200 200 200 200 200 200 200 200 200 200 200 200 200 200 200 200 200 200 200 200 200 200 200 200 200 200 200 200 200 200 200 200 200 200 200 200 200 200 200 200 200 200 200 200 200 200 200 200 200 200 200 200 200 200 200 200 200 200 200 200 200 200 200 200 200 200 200 200 200 200 200 200 200 200 200 200 200 200 200 200 200 200 200 200 200 200 200 200 200 200 200 200 200 200 200 200 200 200 200 200 200 200 200 200 200 200 200 200 200 200 200 200 200 200 200 200 200 200 200 200 200 200 200 200 200 200 200 200 200 200 200 200 200 200 200 200 200 200 200 200 200 200 200 200 200 200 200 200 200 200 200 200 200 200 200 200 200 200 200 200 200 200 200 200 200 200 200 200 200 200 200 200 200 200 200 200 200 200 200 200 200 200 200 200 200 200 200 200 200 200 200 200 200 200 200 200 200 200 200 200 200 200 200 200 200 200 200 200 200 200 200 200 200 200 200 200 200 200 200 200 200 200 200 200 200 200 200 200 200 200 200 200 200 200 200 200 200 200 200 200 200 200 200 200 200 200 200 200 200 200 200 200 200 200 200 200 200 200 200 200 200 200 200 200 200 200 200 200 200 200 200 200 200 200 200 200 200 200 200 200 200 200 200 200 200 200 200 200 200 200 200 200 200 200 200 200 200 200 200 200 200 200 200 200 200 200 200 200 200 200 200 200 200 200 200 200 200 200 200 200 200 200 200 200 200 200 200 200 200 200 200 200 200 200 200 200 200 200 200 200 200 200 200 200 200 200 200 200 200 200 200 200 200 200 200 200 200 200 200 200 200 200 200 200 200 200 200 200 200 200 200 200 200 200 200 200 200 200 200 200 200 200 200 200 200 200 200 200 200 200 200 200 200 200 200 200 200 200 200 200 200 200 200 200 200 200 200 200 200 200 200 200 200 200 200 200 200 200 200 200 200 200 200 200 200 200 200 200 200 200 200 200 200 200 200 200 200 200 200 200 200 200 200 200 200 200 200 200 200 200 200 200 200 200 200 200 200 200 200 200 200 200 200 200 200 200 200 200 200 200 200 200 200 200 200 200 200 200 200 200 200 200 200 200 200 200 200 200 200 200 200 200 200 200 200 200 200 200 200 200 200 200 200 200 200 200 200 200 200 200 200 200 200 200 200 200 200 200 200 200 200 200 200 200 200 200 200 200 200 200 200 200 200 200 200
988
20 2 5 5 11 7 8 15 16 15 3 15 1 13 7 13 10 10 16 13 1 19 20 16 4 18 15 16 1 5 1 14 15 11 8 15 2 0 2 7 4 11 6 2 1 13 15 19 9 1 16 20 13 7 11 8 3 19 14 7 8 7 12 9 11 4 18 20 3 1 16 12 16 14 1 10 7 16 15 18 2 12 8 15 11 7 11 3 20 2 17 4 12 6 15 5 12 10 14 8 2 2 8 15 20 13 18 10 3 18 10 14 10 2 6 12 16 20 5 0 19 1 17 18 13 20 14 11 17 2 6 5 15 18 4 1 8 4 17 18 7 17 7 5 9 4 17 0 8 15 4 8 0 10 0 2 11 17 3 17 3 1 12 16 4 20 2 19 17 18 0 2 16 1 12 6 1 10 17 12 11 8 19 18 15 18 1 8 1 8 5 11 15 0 11 20 14 16 0 12 9 3 5 18 18 10 13 12 15 11 8 4 17 13 8 8 15 6 0 7 2 16 10 18 13 1 10 16 10 15 19 12 5 14 19 13 4 16 13 10 13 6 2 11 19 3 9 18 19 1 15 16 14 10 17 0 2 1 19 0 17 17 10 18 20 7 4 7 17 4 19 3 8 16 9 5 3 0 20 18 19 7 19 1 10 0 2 14 0 19 2 15 14 15 16 7 20 7 4 20 12 7 7 12 15 16 0 3 14 18 11 10 2 20 14 1 6 8 0 4 11 5 9 0 10 0 15 10 13 10 20 13 14 2 19 15 17 1 19 18 5 6 1 11 17 10 14 11 17 16 4 20 19 7 8 6 4 14 11 0 6 0 10 16 8 19 19 20 19 5 12 0 16 5 3 19 9 8 19 3 3 9 12 17 2 9 2 10 1 8 15 17 18 3 11 17 8 7 4 11 15 14 9 13 18 0 17 3 0 4 14 1 8 12 1 13 16 17 12 4 15 4 20 15 7 13 15 18 19 17 17 19 6 10 7 6 12 19 12 1 19 1 13 17 12 20 4 8 8 2 19 12 9 15 7 10 11 13 14 2 0 14 0 9 20 8 9 0 14 8 20 19 4 14 5 2 0 8 5 7 19 10 16 14 0 13 8 17 17 14 7 2 11 8 15 17 1 14 2 17 19 5 13 12 8 15 18 10 4 14 0 1 20 7 1 20 0 0 9 7 13 8 15 15 3 12 8 12 3 10 17 20 2 9 13 17 15 10 17 20 19 17 0 10 12 15 4 7 13 0 1 14 4 9 15 1 15 14 11 13 17 1 14 1 4 8 15 17 6 18 13 7 11 10 18 20 15 6 12 10 1 19 5 9 1 5 17 16 20 17 1 10 13 2 20 11 10 18 9 1 15 9 11 18 16 4 18 15 14 0 0 11 18 9 3 17 1 12 13 19 4 5 15 12 16 1 11 6 13 3 2 4 1 14 5 9 2 9 0 3 7 3 9 4 2 17 14 17 4 16 20 16 4 4 15 19 7 6 20 16 4 5 3 13 3 16 3 3 13 1 6 10 2 13 11 5 10 12 17 12 15 15 12 9 4 1 5 4 11 19 4 0 8 4 20 13 19 16 10 10 5 8 4 16 7 8 7 1 1 5 13 4 0 11 8 13 11 20 9 14 5 2 1 11 13 7 0 14 4 5 14 19 17 1 5 4 2 15 20 6 17 10 18 14 3 7 12 9 14 14 14 2 15 7 10 1 12 13 17 5 16 16 10 1 6 10 8 8 14 3 1 15 11 3 7 6 3 1 1 0 13 0 9 3 5 0 15 10 3 8 5 19 5 7 18 7 12 17 9 14 3 1 19 13 1 3 19 11 13 2 5 3 9 9 12 8 10 12 10 18 17 8 1 1 20 11 0 17 14 20 11 9 15 17 14 15 2 2 0 18 7 9 13 12 11 18 6 13 12 0 0 8 2 11 12 18 16 1 16 15 6 12 7 14 9 0 0 12 19 2 18 0 20 18 11 2 15 7 7 10 19 11 9 15 12 11 17 18 17 18 19 8 11 19 20 7 19 19 18 8 4 5 18 3 17 13 8 2 3 11 20 8 13 2 2 20 20 9 7 8 3 0 10 7 20 5 14 3 16 17 13 19 2 3 10 9 17 13 20 14 10 7 17 9 19 20 3 9 13 15 2 9 19 17 15 11 7 20 11 4 8 17 6 19 10 0 0 2 9 14 19 10 5 14 17 15 12 7 5 12 0 14 12 19 4 1 19 11
898
0 16 20 13 20 14 5 17 19 18 17 10 9 9 8 18 7 17 3 14 16 12 0 5 17 19 4 15 5 15 1 3 0 20 1 0 11 8 9 10 9 12 10 4 2 0 1 13 14 8 5 11 13 0 4 15 5 11 7 0 18 0 18 12 16 19 13 14 14 5 8 19 1 2 10 1 0 14 8 0 11 20 14 6 3 1 3 9 3 0 0 2 0 9 19 6 0 1 6 11 15 14 4 15 18 3 12 14 5 15 11 2 6 15 9 17 0 15 8 9 5 11 17 5 3 0 8 11 7 14 13 4 14 14 14 10 15 19 4 0 15 7 0 15 13 16 14 14 14 20 2 4 6 16 0 15 1 5 5 11 17 6 10 20 1 0 2 9 6 8 19 17 0 18 6 16 3 4 19 5 1 19 13 11 9 2 19 3 3 19 0 7 18 0 17 0 1 12 20 0 15 1 19 13 12 7 10 18 9 13 9 17 12 4 10 12 4 11 9 12 4 4 4 13 14 17 9 0 20 16 15 6 14 18 7 16 1 20 4 3 14 19 19 2 7 20 9 19 4 20 10 13 13 18 4 4 13 5 13 3 8 17 14 11 12 1 0 18 20 14 13 10 5 3 4 5 10 1 6 15 14 20 7 13 0 5 9 10 2 15 6 5 2 18 2 0 2 14 16 14 13 3 13 18 4 18 10 0 7 5 17 1 14 13 12 5 4 1 12 1 9 13 16 5 14 20 14 1 4 15 6 16 6 8 5 3 10 13 0 14 17 2 5 6 17 2 10 1 8 6 3 10 6 17 17 7 10 6 4 5 1 9 4 0 3 16 6 13 8 10 15 17 7 18 5 0 14 13 2 15 3 5 10 17 2 16 9 6 9 19 2 6 19 11 8 19 11 17 20 6 14 15 5 3 13 18 8 20 5 18 11 4 20 5 1 19 12 10 5 16 2 8 7 9 17 7 18 2 17 15 14 20 17 16 17 1 8 16 8 1 8 1 16 12 2 16 6 14 3 20 1 18 20 1 2 16 4 9 0 15 5 17 4 7 6 20 16 6 8 9 7 19 11 3 17 19 12 17 4 13 5 19 7 17 16 18 14 9 6 3 15 17 5 6 1 14 12 0 20 3 12 12 5 14 19 7 13 12 4 11 18 17 13 9 16 3 18 10 1 13 19 8 3 9 17 14 20 2 18 11 19 19 9 0 3 20 5 12 11 1 19 12 7 12 15 8 10 4 10 15 8 15 12 19 4 1 18 18 13 14 10 6 16 4 13 1 12 1 2 10 13 20 16 13 3 8 5 5 4 13 11 16 5 11 11 9 1 20 2 16 16 17 0 19 17 5 12 3 3 5 5 13 7 15 11 20 1 4 16 18 3 5 0 5 11 5 18 1 8 2 18 17 10 19 3 11 1 16 10 3 15 7 20 14 7 4 11 7 10 4 13 2 20 19 15 3 8 9 15 9 11 16 11 7 4 3 11 5 16 15 5 1 9 6 1 14 3 7 19 3 10 13 1 16 14 0 5 7 16 9 15 12 19 3 4 13 0 13 4 12 16 3 17 4 17 8 5 15 15 11 9 13 16 6 11 3 19 11 1 15 3 10 12 1 12 10 19 1 2 1 5 12 2 9 10 10 2 2 8 18 6 11 7 6 16 14 6 12 12 13 17 7 11 13 18 1 18 11 6 6 1 17 19 6 0 5 7 12 16 15 18 18 1 0 7 8 14 12 11 6 9 15 9 9 6 19 5 8 19 11 7 16 6 3 2 19 3 12 7 5 18 8 0 5 8 4 18 14 3 7 8 18 2 9 20 6 4 5 0 8 8 20 16 2 7 13 19 3 8 2 0 11 2 5 16 9 17 0 20 20 2 14 8 8 16 20 9 16 9 4 1 4 7 7 20 4 19 13 1 10 0 20 1 5 15 1 5 18 6 18 14 6 18 18 12 1 11 9 5 3 18 2 12 17 2 16 5 8 3 0 15 6 3 15 8 2 16 11 1 12 7 10 17 1 9 9 16 19
959
0 0 0 0 0 0 0 0 0 0 0 0 0 0 0 0 0 0 0 0 0 0 0 0 0 0 0 0 0 0 0 0 0 0 0 0 0 0 0 0 0 0 0 0 0 0 0 0 0 0 0 0 0 0 0 0 0 0 0 0 0 0 0 0 0 0 0 0 0 0 0 0 0 0 0 0 0 0 0 0 0 0 0 0 0 0 0 0 0 0 0 0 0 0 0 0 0 0 0 0 0 0 0 0 0 0 0 0 0 0 0 0 0 0 0 0 0 0 0 0 0 0 0 0 0 0 0 0 0 0 0 0 0 0 0 0 0 0 0 0 0 0 0 0 0 0 0 0 0 0 0 0 0 0 0 0 0 0 0 0 0 0 0 0 0 0 0 0 0 0 0 0 0 0 0 0 0 0 0 0 0 0 0 0 0 0 0 0 0 0 0 0 0 0 0 0 0 0 0 0 0 0 0 0 0 0 0 0 0 0 0 0 0 0 0 0 0 0 0 0 0 0 0 0 0 0 0 0 0 0 0 0 0 0 0 0 0 0 0 0 0 0 0 0 0 0 0 0 0 0 0 0 0 0 0 0 0 0 0 0 0 0 0 0 0 0 0 0 0 0 0 0 0 0 0 0 0 0 0 0 0 0 0 0 0 0 0 0 0 0 0 0 0 0 0 0 0 0 0 0 0 0 0 0 0 0 0 0 0 0 0 0 0 0 0 0 0 0 0 0 0 0 0 0 0 0 0 0 0 0 0 0 0 0 0 0 0 0 0 0 0 0 0 0 0 0 0 0 0 0 0 0 0 0 0 0 0 0 0 0 0 0 0 0 0 0 0 0 0 0 0 0 0 0 0 0 0 0 0 0 0 0 0 0 0 0 0 0 0 0 0 0 0 0 0 0 0 0 0 0 0 0 0 0 0 0 0 0 0 0 0 0 0 0 0 0 0 0 0 0 0 0 0 0 0 0 0 0 0 0 0 0 0 0 0 0 0 0 0 0 0 0 0 0 0 0 0 0 0 0 0 0 0 0 0 0 0 0 0 0 0 0 0 0 0 0 0 0 0 0 0 0 0 0 0 0 0 0 0 0 0 0 0 0 0 0 0 0 0 0 0 0 0 0 0 0 0 0 0 0 0 0 0 0 0 0 0 0 0 0 0 0 0 0 0 0 0 0 0 0 0 0 0 0 0 0 0 0 0 0 0 0 0 0 0 0 0 0 0 0 0 0 0 0 0 0 0 0 0 0 0 0 0 0 0 0 0 0 0 0 0 0 0 0 0 0 0 0 0 0 0 0 0 0 0 0 0 0 0 0 0 0 0 0 0 0 0 0 0 0 0 0 0 0 0 0 0 0 0 0 0 0 0 0 0 0 0 0 0 0 0 0 0 0 0 0 0 0 0 0 0 0 0 0 0 0 0 0 0 0 0 0 0 0 0 0 0 0 0 0 0 0 0 0 0 0 0 0 0 0 0 0 0 0 0 0 0 0 0 0 0 0 0 0 0 0 0 0 0 0 0 0 0 0 0 0 0 0 0 0 0 0 0 0 0 0 0 0 0 0 0 0 0 0 0 0 0 0 0 0 0 0 0 0 0 0 0 0 0 0 0 0 0 0 0 0 0 0 0 0 0 0 0 0 0 0 0 0 0 0 0 0 0 0 0 0 0 0 0 0 0 0 0 0 0 0 0 0 0 0 0 0 0 0 0 0 0 0 0 0 0 0 0 0 0 0 0 0 0 0 0 0 0 0 0 0 0 0 0 0 0 0 0 0 0 0 0 0 0 0 0 0 0 0 0 0 0 0 0 0 0 0 0 0 0 0 0 0 0 0 0 0 0 0 0 0 0 0 0 0 0 0 0 0 0 0 0 0 0 0 0 0 0 0 0 0 0 0 0 0 0 0 0 0 0 0 0 0 0 0 0 0 0 0 0 0 0 0 0 0 0 0 0 0 0 0 0 0 0 0 0 0 0 0 0 0 0 0 0 0 0 0 0 0 0 0 0 0 0 0 0 0 0 0 0 0 0 0 0 0 0 0 0 0 0 0 0 0 0 0 0 0 0 0 0 0 0 0 0 0 0 0 0 0 0 0 0 0 0 0 0 0 0 0 0 0 0 0 0 0 0 0 0 0 0 0 0 0 0 0 0 0 0 0 0 0 0 0 0
960
153 107 130 152 115 115 62 107 153 115 115 115 115 130 107 130 152 130 115 153 107 107 62 153 107 152 152 153 130 107 130 115 130 115 130 115 152 107 153 130 130 62 62 62 153 62 62 152 130 130 130 130 130 62 62 107 62 152 115 130 62 62 107 107 62 107 115 153 153 153 115 115 152 115 107 153 152 62 115 62 62 152 153 107 153 62 107 153 107 153 107 115 115 152 152 107 62 107 130 62 115 62 107 153 62 130 107 130 153 62 62 152 130 107 107 62 152 107 107 153 107 115 152 107 107 152 130 130 152 130 152 130 130 152 107 107 62 152 62 153 62 130 130 115 152 107 130 153 130 153 115 62 115 153 115 152 152 107 130 115 130 62 62 153 107 115 152 130 153 152 130 130 153 62 107 152 107 130 107 130 153 130 115 153 107 107 130 107 130 130 107 115 115 115 153 115 107 62 152 153 152 107 130 115 62 153 152 153 153 153 62 62 130 130 130 130 153 115 107 62 107 152 153 62 115 115 62 152 107 115 153 115 152 152 62 107 152 152 153 153 130 152 115 115 115 107 152 107 130 107 152 153 130 115 62 62 153 152 115 115 152 130 153 115 62 153 152 115 130 62 152 115 107 130 62 130 153 130 153 152 62 130 107 130 130 130 152 107 115 115 153 107 153 130 152 62 130 153 62 62 107 115 152 62 107 107 62 115 130 130 62 62 115 153 107 62 153 115 107 153 153 153 130 107 62 62 62 107 153 153 107 152 130 153 153 107 62 62 115 130 115 115 153 115 62 62 107 115 153 62 153 130 115 62 153 115 130 130 62 107 153 130 152 153 130 130 153 152 107 115 130 107 152 152 107 153 130 115 62 107 152 62 62 115 62 152 152 152 62 153 152 130 107 153 153 107 153 115 107 107 152 62 107 115 130 115 152 115 115 62 115 153 62 130 115 130 152 153 115 153 115 62 153 153 62 62 153 152 115 107 62 153 115 152 107 153 153 130 62 152 152 115 152 130 130 130 130 153 130 115 62 153 107 115 62 152 153 107 153 115 107 153 107 115 152 115 62 62 130 130 153 62 153 153 115 62 152 152 62 152 115 115 115 152 153 130 115 130 107 152 130 62 107 107 107 130 130 115 115 115 130 107 152 107 152 130 62 130 152 153 107 153 153 153 115 130 62 152 153 153 153 107 115 107 130 115 115 107 107 107 107 152 130 152 107 130 152 115 130 115 62 115 153 130 153 115 107 115 115 107 130 153 115 130 115 107 107 62 152 152 130 153 130 130 153 130 153 153 153 153 62 107 62 62 153 152 153 107 153 107 115 153 152 107 130 152 130 153 62 62 152 153 130 107 130 62 107 130 130 62 107 107 152 152 62 107 153 62 107 153 152 130 62 107 130 153 62 62 62 130 152 115 115 130 115 152 62 62 152 152 107 107 153 153 107 62 153 152 152 130 107 115 62 152 107 153 107 115 130 152 153 107 152 153 115 152 152 107 130 152 115 62 62 153 152 62 130 115 153 152 152 130 107 107 130 62 62 62 115 115 152 153 152 115 107 153 130 107 152 115 152 115 107 152 152 107 107 107 152 62 130 152 152 115 107 153 152 115 153 115 130 152 153 152 130 130 152 130 152 107 152 62 115 153 107 152 152 62 152 153 115 107 130 107 115 115 107 153 153 152 152 130 153 62 62 152 130 153 62 130 115 62 107 115 130 62 107 153 152 152 130 62 130 115 62 62 107 107 130 152 115 107 62 115 115 130 107 130 152 153 152 107 107 153 115 107 130 130 107 152 130 152 130 130 130 62 115 130 153 130 62 115 152 152 115 115 107 130 153 62 115 115 115 152 107 115 152 107 62 153 115 152 130 62 115 115 130 115 62 115 62 153 130 152 153 107 152 62 153 130 62 62 130 152 130 115 115 107 62 115 130 153 115 153 115 62 62 62 62 153 115 62 130 152 153 130 62 115 62 107 152 115 107 115 153 115 152 130 107 153 153 62 62 152 130 153 153 153 130 107 153 152 152 130 153 130 153 107 153 115 107 62 107 115 115 130 115 107 115 152 115 152 130 107 115 153 152 115 107 130 115 62 130 115 130 107 62 115 115 115 115 152 130 153 62 153 152 62 115 152 152 107 115 153 130 152 130 107 107 130 115 62 152 130 62 152 130 115 152 107
641
28 79 62 114 81 192 27 51 23 50 156 176 12 172 157 190 47 153 81 34 114 128 153 188 163 29 196 62 135 20 8 60 100 62 96 15 153 128 30 27 15 148 130 41 71 107 51 96 161 156 94 44 23 35 4 144 43 92 80 0 62 68 76 142 128 197 159 12 81 47 142 159 150 171 65 69 178 43 113 81 89 1 40 180 116 22 46 94 58 19 143 56 187 166 30 4 51 57 99 55 195 36 182 102 62 19 141 137 33 178 63 47 72 82 157 52 162 173 147 124 88 19 14 6 163 185 190 71 17 54 172 16 29 126 109 135 134 48 156 165 157 43 165 45 35 101 10 33 120 179 182 48 176 190 12 186 122 43 157 73 122 100 7 81 197 10 106 75 85 171 60 173 183 110 32 110 162 113 37 185 105 153 21 134 42 52 86 182 22 149 55 51 179 175 158 36 29 91 149 156 104 24 157 147 8 107 90 132 133 49 112 106 185 176 44 175 61 65 124 136 41 90 117 61 89 198 23 0 151 27 4 93 159 177 104 96 98 29 131 166 15 195 112 128 89 39 79 199 100 23 150 74 80 1 89 113 122 133 75 47 171 12 152 43 87 190 5 88 144 89 159 57 101 130 1 194 140 15 196 87 9 156 107 60 181 132 71 79 44 55 151 186 175 13 72 99 17 41 7 81 34 25 76 108 36 101 19 169 12 27 44 15 128 88 85 149 163 27 133 135 135 92 80 105 170 118 98 140 108 165 176 86 77 86 114 126 74 61 49 50 196 44 37 5 0 2 171 62 77 35 165 142 92 118 167 101 171 192 61 93 11 23 134 114 170 108 181 172 128 73 27 75 158 113 51 15 183 147 107 113 169 44 68 181 90 154 6 152 31 164 166 5 47 197 20 66 142 31 61 58 141 79 164 151 134 200 121 30 149 164 185 40 140 141 88 133 46 19 85 13 104 61 160 180 179 153 6 124 110 168 185 72 119 26 105 56 49 150 35 143 82 41 193 113 130 161 11 144 21 107 21 177 0 11 144 170 116 76 168 161 169 109 31 23 174 7 91 0 144 132 112 155 165 15 22 111 91 59 136 90 48 189 23 42 74 152 186 183 157 82 25 147 150 93 90 47 136 91 105 37 59 22 42 155 134 168 177 11 176 143 186 0 150 196 103 47 87 125 169 142 117 98 132 39 36 52 125 151 140 150 80 17 113 106 82 120 138 180 187 103 167 131 149 29 144 58 123 48 74 7 132 113 109 100 199 182 176 12 57 100 192 64 122 141 15 129 134 119 41 58 46 48 159 96 135 123 3 100 163 99 142 22 162 42 144 158 122 172 29 118 12 144 66 43 91 105 179 95 3 169 174 100 75 69 3 172 104 3 65 57 17 102 88 39 17 174 18 143 110 193 79 200 157 198 30 72 130 95 100 161 74 94 185 178 152 162 0 144 41 105 90
435
179 31 31 179 31 77 47 179 31 45 45 179 179 31 31 179 47 47 77 179 45 31 31 179 31 47 31 31 179 77 45 45 45 77 77 179 77 31 45 179 31 179 47 179 31 179 45 31 45 45 31 47 77 31 77 45 77 179 179 179 45 77 77 45 77 179 47 47 47 179 179 47 31 77 45 47 77 77 77 31 31 179 179 77 45 179 45 45 45 179 47 77 77 45 179 179 45 77 77 179 47 47 47 77 179 179 31 31 179 45 45 47 45 179 31 77 179 31 77 45 31 47 31 45 77 31 45 45 45 47 47 77 31 45 179 45 77 47 47 77 45 31 45 45 31 31 45 77 31 47 77 77 47 45 179 47 31 47 47 31 31 45 77 77 45 179 31 45 31 45 45 31 45 179 31 77 77 47 47 179 47 45 179 45 45 77 31 45 45 77 45 31 179 77 77 179 45 45 47 31 179 45 31 179 179 47 45 179 45 179 77 77 77 45 179 31 179 45 31 31 45 31 77 45 179 47 45 77 47 77 77 47 47 47 45 179 45 77 31 45 179 179 45 45 31 77 31 77 179 47 179 179 31 31 45 47 45 31 47 77 45 31 45 47 77 45 179 77 179 31 179 77 31 77 45 31 77 179 47 77 77 179 31 31 179 179 45 47 31 47 77 47 31 47 45 45 45 77 45 179 47 179 47 179 47 47 31 45 45 45 77 47 31 45 47 31 77 47 179 45 45 47 45 179 31 47 31 45 45 179 47 31 31 77 45 45 31 77 45 179 47 45 179 77 47 179 31 45 45 179 47 179 47 31 77 31 179 45 77 77 45 45 47 31 179 47 47 45 31 45 47 47 47 47 179 45 45 45 31 31 77 179 31 77 77 77 45 47 179 45 31 77 179 45 179 45 47 77 47 47 45 179 179 179 77 77 179 179 179 179 45 31 77 77 31 47 179 45 45 179 47 45 45 47 47 47 47 179 77 179 77 77 45 47 45
570
0 12 9 187 5 15 11 155 0 5 6 19 16 164 160 12 3 16 187 8 13 7 11 153 7 9 7 19 200 1 19 13 4 10 7 197 18 6 183 14 5 185 15 196 163 17 15 10 7 15 188 1 3 18 2 1 200 12 16 19 186 0 5 9 10 11 154 14 4 20 1 7 14 158 178 1 6 18 9 4 152 174 4 17 8 18 18 2 7 18 15 8 4 155 12 186 5 15 5 1 19 9 20 15 16 156 13 14 14 194 0 192 12 1 3 2 0 7 13 2 185 9 186 13 150 4 16 151 154 178 18 152 1 19 2 7 14 17 194 185 199 17 0 2 174 159 10 1 174 190 5 10 4 5 11 19 10 16 20 11 0 152 0 10 1 10 18 11 167 15 192 6 9 10 0 11 17 19 10 167 11 10 164 178 1 11 20 11 19 172 168 154 165 10 1 18 1 16 18 0 2 1 159 11 14 19 5 4 19 8 192 0 2 19 5 9 6 161 7 3 18 3 3 2 14 15 14 19 181 17 18 8 14 12 156 17 14 8 12 16 12 4 159 16 3 14 2 184 0 17 12 16 4 11 13 9 198 17 17 16 8 18 17 162 1 3 4 1 0 5 1 6 184 189 195 3 13 0 18 17 180 13 9 1 17 160 199 7 6 2 18 7 1 13 17 17 152 4 12 1 20 188 17 9 20 7 13 2 173 9 20 3 8 4 194 5 6 18 20 166 5 0 7 159 17 8 16 13 2 0 8 17 8 16 8 7 4 8 17 6 186 2 9 173 7 19 154 18 182 170 188 11 5 2 4 15 10 158 3 2 4 12 15 17 5 9 3 9 152 197 4 178 18 19 17 11 14 17 12 9 200 3 20 0 18 12 13 12 1 9 10 12 4 7 20 18 16 11 189 15 3 15 8 17 1 162 0 11 8 11 13 3 0 13 6 15 15 199 14 199 5 19 17 1 11 5 177 172 4 11 8 7 154 7 198 1 8 6 6 19 157 200 18 184 16 11 153 16 16 6 11 187 14 7 13 14 18 12 20 2 15 19 11 18 7 12 3 1 15 153 1 8 15 14 8 11 16 10 158 170 18 18 2 2 4 10 159 0 12 9 7 158 16 5 159 6 1 15 0 17 11 180 155 0 17 11 6 151 179 198 10 5 0 10 19 2 1 156 195 185 6 176 0 17 11 13 16 16 163 3 10 172 4 2 168 154 169 10 19 180 184 150 0 191 14 14 168 13 14 8 7 11 200 13 150 194 4 17 14 16 6 4 3 7 9 192 12 7 8 6
522
39 51 166 119 24 19 74 5 64 65 104 2 18 98 48 144 16 153 178 55 148 133 23 94 192 25 10 171 82 196 171 27 1 187 37 104 44 136 140 101 150 179 29 198 196 191 199 145 21 110 83 41 169 49 90 38 55 41 165 27 177 131 165 123 79 27 95 169 110 160 28 91 161 31 40 18 151 78 54 135 35 174 27 37 14 103 76 153 27 13 88 46 191 167 114 100 21 126 17 147 15 176 160 48 17 46 140 84 49 167 18 29 91 143 72 29 133 170 42 87 50 124 21 7 155 63 42 107 18 166 160 22 130 50 112 82 7 200 35 192 32 129 75 156 160 41 21 59 55 112 36 140 57 45 45 133 41 13 4 86 70 47 76 150 190 158 186 56 80 79 3 157 7 78 145 25 115 145 45 191 69 178 50 73 172 84 77 194 131 133 133 133 183 0 80 129 46 3 100 163 166 85 39 61 80 135 88 193 106 35 176 195 146 184 142 166 176 175 188 25 51 120 160 7 124 139 3 190 133 152 119 179 48 107 56 56 173 140 59 93 98 64 196 55 25 45 152 73 24 76 129 129 178 49 44 5 12 108 147 39 144 155 60 23 1 3 95 173 67 166 138 54 77 82 194 10 115 3 99 177 84 100 196 22 112 143 123 104 153 112 95 192 184 63 56 6 160 15 187 151 76 39 8 24 138 81 157 11 64 191 53 107 8 31 27 100 198 6 146 116 120 173 23 47 157 28 70 36 69 170 142 142 95 69 53 22 129 174 103 158 58 161 191 82 82 15 127 110 52 62 62 100 43 13 58 104 185 17 30 77 172 143 195 129 183 154 33 173 82 120 7 88 184 104 139 132 183 109 185 121 7 180 115 131 19 161 86 197 124 69 179 137 24 63 198 71 158 130 65 96 142 176 186 144 111 113 126 110 81 26 185 149 94 151 124 13 100 164 41 159 140 34 195 42 66 18 75 80 182 179 69 122 171 82 27 185 170 23 116 190 187 88 109 134 45 70 168 198 56 77 161 17 18 15 41 156 152 142 54 96 152 182 199 46 148 195 116 99 99 160 37 153 94 11 16 34 94 14 43 22 124 78 6 100 150 88 172 104 18 81 133 74 68 24 31 190 190 200 109 51 89 68 170 181 87 38 123 58 13 166 122 89 60 161 131 123 135 36 2 164 17 104
308
139 184 71 50 2 109 113 69 90 68 159 182 196 198 19 196 55 89 58 108 93 28 140 41 148 125 96 52 187 155 113 119 127 104 96 7 154 40 197 5 79 162 133 10 36 151 200 37 137 76 54 180 4 155 164 198 58 90 88 177 39 125 153 13 114 160 77 115 43 135 117 177 167 129 108 153 120 6 144 91 177 15 32 171 10 40 131 189 189 179 198 23 185 6 144 90 148 25 107 150 123 31 37 185 188 144 154 51 9 32 72 92 67 15 33 36 155 5 27 196 39 177 99 12 18 58 15 82 80 146 199 4 123 30 173 161 181 66 173 10 125 200 104 70 99 79 138 190 88 1 5 155 166 192 142 71 190 10 117 110 43 108 56 48 105 148 182 131 41 190 68 10 56 39 44 72 104 74 55 87 145 72 125 198 187 107 151 192 5 39 23 46 126 14 162 13 27 42 72 165 114 66 10 154 150 139 92 41 18 97 53 61 51 197 190 159 120 72 113 72 82 95 152 105 70 152 8 81 168 31 162 96 27 113 200 69 11 107 108 86 135 82 115 134 0 19 123 91 96 36 148 170 41 185 149 150 34 125 122 185 197 9 102 196 99 54 149 170 89 31 92 81 177 3 49 40 87 111 67 68 131 32 152 165 104 174 84 42 67 176 68 159 170 41 82 176 138 80 26 13 102 113 102 82 163 98 27 0
986
200 200 200 200 200 200 200 200 200 200 200 200 200 200 200 200 200 200 200 200 200 200 200 200 200 200 200 200 200 200 200 200 200 200 200 200 200 200 200 200 200 200 200 200 200 200 200 200 200 200 200 200 200 200 200 200 200 200 200 200 200 200 200 200 200 200 200 200 200 200 200 200 200 200 200 200 200 200 200 200 200 200 200 200 200 200 200 200 200 200 200 200 200 200 200 200 200 200 200 200 200 200 200 200 200 200 200 200 200 200 200 200 200 200 200 200 200 200 200 200 200 200 200 200 200 200 200 200 200 200 200 200 200 200 200 200 200 200 200 200 200 200 200 200 200 200 200 200 200 200 200 200 200 200 200 200 200 200 200 200 200 200 200 200 200 200 200 200 200 200 200 200 200 200 200 200 200 200 200 200 200 200 200 200 200 200 200 200 200 200 200 200 200 200 200 200 200 200 200 200 200 200 200 200 200 200 200 200 200 200 200 200 200 200 200 200 200 200 200 200 200 200 200 200 200 200 200 200 200 200 200 200 200 200 200 200 200 200 200 200 200 200 200 200 200 200 200 200 200 200 200 200 200 200 200 200 200 200 200 200 200 200 200 200 200 200 200 200 200 200 200 200 200 200 200 200 200 200 200 200 200 200 200 200 200 200 200 200 200 200 200 200 200 200 200 200 200 200 200 200 200 200 200 200 200 200 200 200 200 200 200 200 200 200 200 200 200 200 200 200 200 200 200 200 200 200 200 200 200 200 200 200 200 200 200 200 200 200 200 200 200 200 200 200 200 200 200 200 200 200 200 200 200 200 200 200 200 200 200 200 200 200 200 200 200 200 200 200 200 200 200 200 200 200 200 200 200 200 200 200 200 200 200 200 200 200 200 200 200 200 200 200 200 200 200 200 200 200 200 200 200 200 200 200 200 200 200 200 200 200 200 200 200 200 200 200 200 200 200 200 200 200 200 200 200 200 200 200 200 200 200 200 200 200 200 200 200 200 200 200 200 200 200 200 200 200 200 200 200 200 200 200 200 200 200 200 200 200 200 200 200 200 200 200 200 200 200 200 200 200 200 200 200 200 200 200 200 200 200 200 200 200 200 200 200 200 200 200 200 200 200 200 200 200 200 200 200 200 200 200 200 200 200 200 200 200 200 200 200 200 200 200 200 200 200 200 200 200 200 200 200 200 200 200 200 200 200 200 200 200 200 200 200 200 200 200 200 200 200 200 200 200 200 200 200 200 200 200 200 200 200 200 200 200 200 200 200 200 200 200 200 200 200 200 200 200 200 200 200 200 200 200 200 200 200 200 200 200 200 200 200 200 200 200 200 200 200 200 200 200 200 200 200 200 200 200 200 200 200 200 200 200 200 200 200 200 200 200 200 200 200 200 200 200 200 200 200 200 200 200 200 200 200 200 200 200 200 200 200 200 200 200 200 200 200 200 200 200 200 200 200 200 200 200 200 200 200 200 200 200 200 200 200 200 200 200 200 200 200 200 200 200 200 200 200 200 200 200 200 200 200 200 200 200 200 200 200 200 200 200 200 200 200 200 200 200 200 200 200 200 200 200 200 200 200 200 200 200 200 200 200 200 200 200 200 200 200 200 200 200 200 200 200 200 200 200 200 200 200 200 200 200 200 200 200 200 200 200 200 200 200 200 200 200 200 200 200 200 200 200 200 200 200 200 200 200 200 200 200 200 200 200 200 200 200 200 200 200 200 200 200 200 200 200 200 200 200 200 200 200 200 200 200 200 200 200 200 200 200 200 200 200 200 200 200 200 200 200 200 200 200 200 200 200 200 200 200 200 200 200 200 200 200 200 200 200 200 200 200 200 200 200 200 200 200 200 200 200 200 200 200 200 200 200 200 200 200 200 200 200 200 200 200 200 200 200 200 200 200 200 200 200 200 200 200 200 200 200 200 200 200 200 200 200 200 200 200 200 200 200 200 200 200 200 200 200 200 200 200 200 200 200 200 200 200 200 200 200 200 200 200 200 200 200 200 200 200 200 200 200 200 200 200 200 200 200 200 200 200 200 200 200 200 200 200 200 200 200 200 200 200 200 200 200 200 200 200 200 200 200 200 200 200 200 200 200 200 200 200 200 200 200 200 200 200 200 200 200 200 200 200 200 200 200 200 200 200 200 200 200 200 200 200 200 200 200 200 200 200 200 200 200 200 200 200 200 200 200 200 200 200 200 200 200 200 200 200 200 200 200 200 200 200 200 200 200
31
6 6 12 13 6 3 8 1 3 6 8 13 20 12 20 20 16 7 20 1 0 6 15 18 5 0 9 9 6 19 3
302
0 0 0 0 0 0 0 0 0 0 0 0 0 0 0 0 0 0 0 0 0 0 0 0 0 0 0 0 0 0 0 0 0 0 0 0 0 0 0 0 0 0 0 0 0 0 0 0 0 0 0 0 0 0 0 0 0 0 0 0 0 0 0 0 0 0 0 0 0 0 0 0 0 0 0 0 0 0 0 0 0 0 0 0 0 0 0 0 0 0 0 0 0 0 0 0 0 0 0 0 0 0 0 0 0 0 0 0 0 0 0 0 0 0 0 0 0 0 0 0 0 0 0 0 0 0 0 0 0 0 0 0 0 0 0 0 0 0 0 0 0 0 0 0 0 0 0 0 0 0 0 0 0 0 0 0 0 0 0 0 0 0 0 0 0 0 0 0 0 0 0 0 0 0 0 0 0 0 0 0 0 0 0 0 0 0 0 0 0 0 0 0 0 0 0 0 0 0 0 0 0 0 0 0 0 0 0 0 0 0 0 0 0 0 0 0 0 0 0 0 0 0 0 0 0 0 0 0 0 0 0 0 0 0 0 0 0 0 0 0 0 0 0 0 0 0 0 0 0 0 0 0 0 0 0 0 0 0 0 0 0 0 0 0 0 0 0 0 0 0 0 0 0 0 0 0 0 0 0 0 0 0 0 0 0 0 0 0 0 0 0 0 0 0 0 0 0 0 0 0 0 0
676
200 200 200 200 200 200 200 200 200 200 200 200 200 200 200 200 200 200 200 200 200 200 200 200 200 200 200 200 200 200 200 200 200 200 200 200 200 200 200 200 200 200 200 200 200 200 200 200 200 200 200 200 200 200 200 200 200 200 200 200 200 200 200 200 200 200 200 200 200 200 200 200 200 200 200 200 200 200 200 200 200 200 200 200 200 200 200 200 200 200 200 200 200 200 200 200 200 200 200 200 200 200 200 200 200 200 200 200 200 200 200 200 200 200 200 200 200 200 200 200 200 200 200 200 200 200 200 200 200 200 200 200 200 200 200 200 200 200 200 200 200 200 200 200 200 200 200 200 200 200 200 200 200 200 200 200 200 200 200 200 200 200 200 200 200 200 200 200 200 200 200 200 200 200 200 200 200 200 200 200 200 200 200 200 200 200 200 200 200 200 200 200 200 200 200 200 200 200 200 200 200 200 200 200 200 200 200 200 200 200 200 200 200 200 200 200 200 200 200 200 200 200 200 200 200 200 200 200 200 200 200 200 200 200 200 200 200 200 200 200 200 200 200 200 200 200 200 200 200 200 200 200 200 200 200 200 200 200 200 200 200 200 200 200 200 200 200 200 200 200 200 200 200 200 200 200 200 200 200 200 200 200 200 200 200 200 200 200 200 200 200 200 200 200 200 200 200 200 200 200 200 200 200 200 200 200 200 200 200 200 200 200 200 200 200 200 200 200 200 200 200 200 200 200 200 200 200 200 200 200 200 200 200 200 200 200 200 200 200 200 200 200 200 200 200 200 200 200 200 200 200 200 200 200 200 200 200 200 200 200 200 200 200 200 200 200 200 200 200 200 200 200 200 200 200 200 200 200 200 200 200 200 200 200 200 200 200 200 200 200 200 200 200 200 200 200 200 200 200 200 200 200 200 200 200 200 200 200 200 200 200 200 200 200 200 200 200 200 200 200 200 200 200 200 200 200 200 200 200 200 200 200 200 200 200 200 200 200 200 200 200 200 200 200 200 200 200 200 200 200 200 200 200 200 200 200 200 200 200 200 200 200 200 200 200 200 200 200 200 200 200 200 200 200 200 200 200 200 200 200 200 200 200 200 200 200 200 200 200 200 200 200 200 200 200 200 200 200 200 200 200 200 200 200 200 200 200 200 200 200 200 200 200 200 200 200 200 200 200 200 200 200 200 200 200 200 200 200 200 200 200 200 200 200 200 200 200 200 200 200 200 200 200 200 200 200 200 200 200 200 200 200 200 200 200 200 200 200 200 200 200 200 200 200 200 200 200 200 200 200 200 200 200 200 200 200 200 200 200 200 200 200 200 200 200 200 200 200 200 200 200 200 200 200 200 200 200 200 200 200 200 200 200 200 200 200 200 200 200 200 200 200 200 200 200 200 200 200 200 200 200 200 200 200 200 200 200 200 200 200 200 200 200 200 200 200 200 200 200 200 200 200 200 200 200 200 200 200 200 200 200 200 200 200 200 200 200 200 200 200 200 200 200 200 200 200 200 200 200 200 200 200 200 200 200 200
638
0 0 0 0 0 0 0 0 0 0 0 0 0 0 0 0 0 0 0 0 0 0 0 0 0 0 0 0 0 0 0 0 0 0 0 0 0 0 0 0 0 0 0 0 0 0 0 0 0 0 0 0 0 0 0 0 0 0 0 0 0 0 0 0 0 0 0 0 0 0 0 0 0 0 0 0 0 0 0 0 0 0 0 0 0 0 0 0 0 0 0 0 0 0 0 0 0 0 0 0 0 0 0 0 0 0 0 0 0 0 0 0 0 0 0 0 0 0 0 0 0 0 0 0 0 0 0 0 0 0 0 0 0 0 0 0 0 0 0 0 0 0 0 0 0 0 0 0 0 0 0 0 0 0 0 0 0 0 0 0 0 0 0 0 0 0 0 0 0 0 0 0 0 0 0 0 0 0 0 0 0 0 0 0 0 0 0 0 0 0 0 0 0 0 0 0 0 0 0 0 0 0 0 0 0 0 0 0 0 0 0 0 0 0 0 0 0 0 0 0 0 0 0 0 0 0 0 0 0 0 0 0 0 0 0 0 0 0 0 0 0 0 0 0 0 0 0 0 0 0 0 0 0 0 0 0 0 0 0 0 0 0 0 0 0 0 0 0 0 0 0 0 0 0 0 0 0 0 0 0 0 0 0 0 0 0 0 0 0 0 0 0 0 0 0 0 0 0 0 0 0 0 0 0 0 0 0 0 0 0 0 0 0 0 0 0 0 0 0 0 0 0 0 0 0 0 0 0 0 0 0 0 0 0 0 0 0 0 0 0 0 0 0 0 0 0 0 0 0 0 0 0 0 0 0 0 0 0 0 0 0 0 0 0 0 0 0 0 0 0 0 0 0 0 0 0 0 0 0 0 0 0 0 0 0 0 0 0 0 0 0 0 0 0 0 0 0 0 0 0 0 0 0 0 0 0 0 0 0 0 0 0 0 0 0 0 0 0 0 0 0 0 0 0 0 0 0 0 0 0 0 0 0 0 0 0 0 0 0 0 0 0 0 0 0 0 0 0 0 0 0 0 0 0 0 0 0 0 0 0 0 0 0 0 0 0 0 0 0 0 0 0 0 0 0 0 0 0 0 0 0 0 0 0 0 0 0 0 0 0 0 0 0 0 0 0 0 0 0 0 0 0 0 0 0 0 0 0 0 0 0 0 0 0 0 0 0 0 0 0 0 0 0 0 0 0 0 0 0 0 0 0 0 0 0 0 0 0 0 0 0 0 0 0 0 0 0 0 0 0 0 0 0 0 0 0 0 0 0 0 0 0 0 0 0 0 0 0 0 0 0 0 0 0 0 0 0 0 0 0 0 0 0 0 0 0 0 0 0 0 0 0 0 0 0 0 0 0 0 0 0 0 0 0 0 0 0 0 0 0 0 0 0 0 0 0 0 0 0 0 0 0 0 0 0 0 0 0 0 0 0 0 0 0 0 0 0 0
938
156 38 16 102 38 38 16 16 16 38 38 16 102 21 16 102 38 21 156 156 38 38 156 102 16 156 38 38 21 156 38 102 16 21 16 102 16 38 16 16 16 102 38 38 102 16 102 102 156 16 16 156 21 102 102 16 102 16 38 156 156 102 16 102 156 21 16 156 102 16 16 38 102 102 38 156 156 38 102 38 156 102 16 16 38 38 38 38 38 156 21 102 16 16 21 38 102 21 38 102 156 16 16 16 102 16 21 156 16 156 16 156 21 16 38 102 38 156 156 16 21 21 102 102 156 16 21 21 102 156 102 21 16 21 21 21 16 102 16 156 16 16 21 156 21 38 156 21 21 16 156 21 16 21 16 156 102 21 102 38 38 102 16 16 16 38 102 16 38 21 16 156 156 102 16 102 38 102 21 16 102 102 156 102 16 102 16 16 102 21 156 156 156 102 16 21 21 102 156 102 38 21 102 16 156 38 16 156 38 21 102 102 16 102 21 102 21 156 38 38 102 102 102 21 21 102 102 38 156 38 16 16 38 21 16 21 102 38 21 156 38 102 21 38 38 102 21 16 38 38 38 16 102 156 156 156 156 38 102 156 156 16 16 156 156 21 102 156 16 21 102 156 21 102 156 21 102 16 38 38 156 16 102 102 102 16 156 38 102 102 16 16 21 21 102 102 38 102 16 38 16 16 156 21 38 38 156 156 156 16 102 38 16 102 21 21 21 38 156 38 38 38 38 21 38 156 21 21 38 21 21 102 21 102 21 16 21 38 21 156 16 38 102 16 16 21 21 21 16 102 156 38 21 38 16 102 16 38 16 156 21 38 156 156 38 102 102 102 102 156 156 102 16 38 102 38 38 102 16 102 102 16 156 156 21 21 38 21 16 102 102 38 38 16 16 21 38 38 156 21 38 16 21 102 21 156 156 102 21 38 156 38 102 156 21 21 21 38 21 16 21 21 156 16 38 156 38 16 156 156 156 21 156 21 38 21 16 102 156 21 16 102 21 21 16 16 102 102 102 156 38 21 16 102 38 102 16 21 21 102 102 156 38 156 16 102 156 38 156 16 102 38 38 156 156 156 16 102 38 38 16 156 102 16 156 38 16 102 102 156 38 21 38 16 21 102 102 102 156 38 21 16 16 21 156 16 102 102 21 102 16 102 21 38 156 156 21 38 156 21 16 102 16 21 102 16 102 38 21 38 16 21 21 156 21 16 21 16 156 102 156 21 16 21 16 38 38 21 16 38 156 102 156 156 102 38 21 156 38 156 102 16 21 156 38 16 156 156 38 156 102 16 156 156 102 21 21 156 102 16 102 156 38 38 156 16 102 16 16 102 38 38 38 21 16 102 38 16 156 16 16 16 16 16 16 156 16 102 38 21 156 38 156 21 102 21 21 38 156 38 21 21 156 38 16 156 38 21 156 156 38 16 38 16 156 16 21 16 38 21 102 38 38 102 21 16 16 21 21 21 102 102 16 21 16 38 102 102 16 16 156 16 38 16 156 156 102 16 102 21 102 156 38 156 16 21 156 156 21 156 102 16 21 16 156 38 21 102 16 21 156 21 21 21 16 16 16 102 38 16 38 38 21 21 16 38 38 16 156 156 156 156 16 38 156 156 16 21 21 156 16 16 156 21 16 21 38 38 16 102 156 156 102 156 156 102 38 21 102 38 16 16 21 38 38 21 21 156 102 102 16 16 156 102 16 38 102 16 16 102 38 102 156 16 21 21 38 21 102 156 156 102 102 156 38 21 156 38 156 38 156 16 38 102 102 38 16 156 38 16 102 16 38 21 21 16 16 102 21 38 102 156 156 38 38 102 102 102 102 156 102 102 16 38 38 102 16 16 156 21 21 102 21 21 21 21 16 16 38 102 21 156 21 21 21 16 102 21 21 16 16 156 156 38 156 16 16 156 156 21 156 38 16 156 16 38 21 16 21 21 102 156 102 38 16 16 38 102 38 38 156 16 102 102 21 38 102 156 16 38 21 21 102 102 102 102 156 21 102 102 102 102 21 38 156 38 21 21 156 102 16 21 38 156 102 38 156 21 38 16 16 21 102 21 21 156 16 156 16 156 102 16 156 156 16 16 102 102 156 156 16 38 38 102 38 38 38 16
188
152 57 152 152 57 152 57 57 152 152 57 57 152 57 57 57 57 57 152 152 152 152 152 57 57 57 152 57 57 152 152 152 152 57 57 57 57 57 152 152 152 152 152 57 152 152 152 57 152 152 152 152 152 152 152 152 152 57 152 152 57 152 57 57 152 152 57 152 152 152 57 57 57 152 152 57 57 57 57 152 152 152 57 57 152 152 57 152 152 152 57 57 152 57 57 152 152 57 152 152 57 57 152 152 57 152 57 57 57 152 152 152 152 152 57 152 57 152 152 152 152 57 152 57 57 152 57 57 57 57 152 57 152 57 57 152 57 57 57 57 152 57 57 152 57 57 57 57 152 57 57 57 57 57 57 57 152 152 57 57 57 57 57 152 152 57 152 57 152 152 152 152 152 57 152 57 152 152 152 152 152 152 57 57 152 57 57 152
1000
170 93 185 170 185 170 185 170 93 185 93 93 170 185 170 93 93 93 93 93 170 185 93 170 93 185 93 93 185 185 93 185 185 170 185 93 93 93 185 185 170 170 170 93 170 93 170 185 185 93 185 170 93 170 185 93 185 93 93 93 93 93 185 93 185 93 93 93 185 93 93 170 170 93 93 93 93 170 170 93 93 93 93 170 170 170 185 170 170 93 170 185 93 93 170 170 185 93 93 93 93 170 93 185 170 170 185 93 170 185 185 170 93 170 93 93 185 93 185 93 170 185 93 93 93 93 170 170 185 185 93 93 93 170 93 170 170 185 170 93 93 93 185 185 170 93 185 170 185 185 93 185 185 185 93 170 93 170 185 170 93 170 93 170 93 170 170 170 185 170 185 185 170 185 185 185 93 170 185 170 93 93 93 170 93 93 170 185 185 185 93 170 93 93 185 170 185 93 170 170 185 93 185 170 93 93 93 93 170 170 93 93 185 170 93 185 170 170 185 93 185 170 185 170 93 170 170 170 93 93 170 170 93 93 170 93 93 93 185 185 185 93 170 170 170 185 170 93 93 170 170 93 170 93 93 93 93 170 185 170 170 170 93 185 93 93 93 170 185 185 93 185 185 170 93 170 170 185 185 185 93 170 185 93 93 170 93 93 170 93 170 170 93 185 170 170 185 93 170 93 185 93 93 170 185 170 185 170 170 185 170 170 93 170 93 93 93 185 185 185 185 93 93 185 185 170 185 185 170 170 93 93 170 185 170 93 185 170 170 170 170 170 170 93 93 170 170 93 93 93 170 93 185 185 93 93 185 170 93 93 93 185 170 185 170 93 93 93 185 185 93 170 185 185 170 170 185 93 93 93 170 170 93 93 93 93 185 170 185 93 93 93 185 185 170 93 93 185 93 93 170 185 93 185 185 93 93 170 185 170 185 185 93 93 185 170 185 170 93 185 93 185 93 185 93 93 93 185 185 170 93 170 93 170 93 185 170 185 170 170 170 93 185 170 170 170 185 93 185 170 93 93 185 185 185 185 93 185 185 170 93 185 185 185 170 170 93 185 93 185 170 185 185 185 93 185 170 185 93 185 185 93 93 93 170 185 185 170 170 93 185 185 185 185 185 93 93 170 170 93 93 170 185 93 93 185 185 185 93 185 170 170 170 170 170 93 93 170 93 185 170 93 185 170 185 93 170 170 170 185 185 93 170 170 185 170 93 93 185 170 185 93 93 93 93 185 93 185 170 170 170 185 93 93 93 93 185 93 185 185 170 93 93 93 93 170 170 170 93 185 170 185 185 170 185 185 93 170 185 93 185 93 93 170 170 93 93 170 185 185 185 93 170 170 93 185 93 93 185 170 185 185 170 93 185 93 185 93 185 93 170 170 170 170 93 170 93 93 170 185 93 170 93 170 93 93 170 185 170 170 170 185 185 185 185 185 170 170 170 185 185 93 185 170 170 185 185 93 185 185 93 170 93 185 170 185 170 170 93 185 170 93 185 170 170 93 93 185 93 93 93 185 185 170 185 93 185 185 185 170 170 170 185 185 185 185 185 93 185 185 93 170 185 93 170 185 170 170 185 170 93 170 93 185 185 93 93 170 170 185 93 170 93 185 170 170 185 93 185 93 93 170 185 170 185 93 170 93 93 93 170 185 93 170 170 93 93 185 185 93 170 93 93 170 170 170 93 93 170 170 170 170 185 170 93 93 170 93 170 185 93 170 185 185 185 185 185 170 93 185 170 185 185 93 170 170 93 185 170 170 93 185 185 170 185 185 170 170 185 185 93 170 185 93 185 93 170 170 185 170 93 93 185 185 93 185 93 93 93 93 170 170 170 93 185 185 170 93 93 93 93 170 170 170 170 93 185 170 93 93 170 170 170 185 93 185 170 170 93 170 170 185 170 93 185 170 185 170 93 170 170 185 185 185 170 93 93 93 170 93 185 93 170 170 93 93 93 93 170 185 170 185 170 170 170 93 185 185 170 170 93 185 93 93 185 185 93 93 93 93 93 93 93 170 93 170 185 93 93 93 93 170 185 93 170 185 93 185 185 185 93 170 170 93 170 185 93 185 93 185 185 93 93 93 93 185 185 185 185 170 93 170 93 93 170 93 185 185 170 93 170 93 170 185 93 185 93 93 185 185 170 170 170 170 93 170 170 93 185 93 170 170 185 170 93 170 170 93 170 170 185 185 185 170 185 170 185 93 93 93 93 170 93 170 93 185 93 170 170 170 93 170 185 170 170 185 93 170 185 170
863
2 6 12 20 6 13 20 0 17 2 18 17 3 14 9 2 20 14 10 12 20 17 19 13 11 2 20 4 10 16 18 13 1 12 9 18 12 15 14 0 0 0 17 1 1 16 16 7 20 15 8 16 5 16 1 6 1 3 20 8 7 20 10 18 5 17 5 18 12 3 14 12 4 6 6 15 19 11 9 8 18 15 9 13 16 15 9 13 4 14 18 10 0 19 14 10 17 12 19 13 7 7 15 10 14 15 1 7 3 13 4 9 20 4 0 2 19 12 15 2 12 12 2 9 11 16 3 13 3 9 13 20 10 5 14 13 12 15 16 2 16 9 1 13 13 10 16 2 7 2 17 5 0 19 0 12 16 8 20 12 6 0 2 15 3 9 17 5 14 11 10 14 1 0 1 6 13 5 17 6 18 1 18 8 3 15 14 18 11 15 11 14 13 6 20 0 17 20 12 3 5 11 3 12 7 1 9 10 1 10 20 3 5 2 18 4 20 14 1 16 15 10 8 7 11 18 18 1 5 14 15 10 2 3 20 3 20 8 14 14 1 19 18 2 1 10 15 20 8 20 8 13 16 13 0 19 4 16 8 20 12 3 15 3 13 8 16 4 15 13 12 18 8 17 17 19 15 3 20 9 12 10 14 11 18 5 20 9 15 20 14 12 19 4 16 18 11 6 1 6 2 16 14 5 2 10 12 13 14 3 12 10 15 7 20 0 0 2 9 14 8 14 14 10 19 16 6 6 16 11 9 1 13 18 4 19 11 5 2 5 16 9 3 0 4 11 19 7 19 8 7 4 17 9 14 16 12 4 12 7 18 17 6 6 4 10 18 17 13 20 17 4 12 8 3 5 8 4 17 4 19 1 14 19 19 14 17 2 1 16 6 9 12 5 2 8 6 7 1 15 2 19 4 2 1 1 15 3 12 14 16 10 8 16 19 5 5 0 15 3 3 12 20 5 1 9 7 16 0 10 20 20 15 9 10 5 3 13 2 3 6 4 15 12 4 16 14 4 20 17 12 6 9 14 20 16 7 15 11 6 6 1 17 8 1 2 20 4 3 9 16 15 14 16 10 16 9 0 19 3 3 7 2 15 14 20 4 11 5 9 12 14 20 4 20 2 1 15 9 13 8 0 4 7 13 10 7 9 17 8 6 10 20 0 5 10 10 16 5 4 6 19 18 0 20 7 7 6 17 10 5 3 15 16 17 16 5 5 13 20 8 0 0 6 16 16 16 12 3 9 6 18 3 6 10 1 17 14 20 13 3 0 10 16 16 12 15 16 11 14 8 10 13 0 11 1 12 4 19 5 2 9 9 14 11 12 6 13 3 19 20 11 14 0 5 2 7 17 16 4 1 13 7 5 6 6 14 6 17 3 15 13 13 18 10 2 17 19 20 18 20 6 6 12 16 4 14 10 11 19 5 12 20 5 17 13 2 16 1 16 9 14 14 8 14 12 15 10 2 17 20 1 1 18 12 6 12 15 3 19 18 9 7 12 13 13 17 1 15 1 12 2 17 17 3 15 8 12 16 11 5 15 0 8 20 18 5 5 14 13 9 15 3 14 11 10 6 0 14 12 1 5 16 2 12 7 0 2 19 4 18 17 6 13 20 8 9 15 20 12 5 6 10 1 19 19 10 10 20 2 4 8 18 2 6 0 7 6 8 3 13 9 10 11 6 15 14 8 12 7 0 18 15 14 10 17 7 17 7 14 0 7 16 12 13 15 10 4 7 9 20 11 14 14 7 4 15 19 1 4 10 17 8 0 19 0 4 14 8 19 20 7 8 6 2 17 10 9 15 10 13 20 12 7 5 5 3 2 16 2 15 1 12 4 17 6 2 19 15 11 16 14 15 10 2 6 13 7 14 8 5 15 11 9 17 17 7 18 20 4 13 8 17 7 15 11 20 8 20 3 7 9 9 6 13 9 7 1 4 19 5 19 12
725
16 1 17 0 8 2 8 18 13 0 6 13 8 5 3 19 15 8 6 18 8 16 1 8 2 16 17 15 2 12 4 18 11 1 10 9 14 6 7 20 4 6 3 19 14 8 10 10 6 5 13 17 18 17 15 10 9 10 6 7 4 15 12 15 7 11 12 16 19 10 16 5 14 0 7 18 15 9 12 11 12 17 14 6 17 5 6 12 5 18 0 15 4 0 6 4 15 5 16 15 13 2 18 3 2 8 5 0 15 14 10 11 10 2 9 20 17 15 18 20 4 15 1 3 5 7 1 1 7 19 5 10 8 15 11 16 7 15 16 20 5 0 15 16 11 11 4 11 19 15 5 11 7 13 1 4 11 12 6 8 5 5 16 2 0 18 5 20 11 5 17 2 7 13 5 17 6 18 16 17 20 14 17 17 11 6 4 15 7 1 14 14 14 16 10 11 9 5 20 19 4 0 9 14 2 1 14 9 2 19 5 15 18 5 13 2 6 11 17 16 12 16 11 19 12 3 18 3 1 6 14 7 15 15 8 6 2 11 1 8 16 4 8 8 1 0 8 0 8 16 15 15 16 6 6 8 11 10 10 2 10 7 17 2 7 7 15 6 13 11 9 5 13 12 14 2 6 4 3 10 2 10 8 7 10 9 1 2 8 7 8 1 10 15 16 16 5 7 9 9 7 6 7 10 4 20 19 17 3 6 5 19 18 13 5 15 2 14 0 14 11 9 18 6 7 5 9 1 2 2 6 12 19 12 2 17 4 6 0 7 15 6 20 14 11 13 19 9 5 1 18 12 13 8 5 14 20 4 6 3 1 5 5 9 20 5 7 8 13 9 16 7 1 10 17 11 3 2 11 7 11 7 19 13 0 1 7 12 10 19 12 5 11 17 9 12 11 19 12 7 1 18 10 8 13 1 10 17 5 16 7 10 11 19 11 19 15 19 17 14 3 2 10 2 12 6 19 7 2 4 4 7 5 0 0 1 4 12 12 12 9 14 11 8 17 8 2 16 7 12 11 13 19 2 20 2 11 1 18 19 20 13 20 5 11 0 6 3 19 4 19 14 11 18 19 0 7 6 1 1 15 6 3 5 13 2 14 15 6 17 2 18 16 14 8 9 11 13 6 1 1 14 2 0 18 15 18 3 0 8 0 19 14 13 4 3 15 7 14 7 17 19 13 19 7 11 18 0 8 4 19 16 0 4 15 16 13 14 14 16 7 14 19 16 17 6 7 19 18 11 2 20 18 15 8 18 11 12 6 3 6 1 4 6 6 12 19 15 11 7 2 0 12 1 11 8 10 9 14 2 18 19 19 15 10 8 16 8 5 16 14 20 13 11 16 7 1 20 17 1 8 6 14 12 7 5 7 4 4 11 8 18 9 6 18 18 5 20 16 20 14 12 9 16 12 7 3 8 10 20 3 6 8 1 0 12 20 6 4 14 3 4 4 6 6 8 11 1 12 18 10 4 2 3 20 4 3 5 12 0 10 14 11 6 1 6 8 10 3 20 19 17 13 11 15 10 17 9 6 8 11 1 18 20 8 3 10 14 15 1 18 9 12 16 7 0 12 16 19 8 9 1 15 5 19 1 16 10 5 11 0 11 3 7 8 16 8 12 6 19 12 8 19 4 18
732
200 200 200 200 200 200 200 200 200 200 200 200 200 200 200 200 200 200 200 200 200 200 200 200 200 200 200 200 200 200 200 200 200 200 200 200 200 200 200 200 200 200 200 200 200 200 200 200 200 200 200 200 200 200 200 200 200 200 200 200 200 200 200 200 200 200 200 200 200 200 200 200 200 200 200 200 200 200 200 200 200 200 200 200 200 200 200 200 200 200 200 200 200 200 200 200 200 200 200 200 200 200 200 200 200 200 200 200 200 200 200 200 200 200 200 200 200 200 200 200 200 200 200 200 200 200 200 200 200 200 200 200 200 200 200 200 200 200 200 200 200 200 200 200 200 200 200 200 200 200 200 200 200 200 200 200 200 200 200 200 200 200 200 200 200 200 200 200 200 200 200 200 200 200 200 200 200 200 200 200 200 200 200 200 200 200 200 200 200 200 200 200 200 200 200 200 200 200 200 200 200 200 200 200 200 200 200 200 200 200 200 200 200 200 200 200 200 200 200 200 200 200 200 200 200 200 200 200 200 200 200 200 200 200 200 200 200 200 200 200 200 200 200 200 200 200 200 200 200 200 200 200 200 200 200 200 200 200 200 200 200 200 200 200 200 200 200 200 200 200 200 200 200 200 200 200 200 200 200 200 200 200 200 200 200 200 200 200 200 200 200 200 200 200 200 200 200 200 200 200 200 200 200 200 200 200 200 200 200 200 200 200 200 200 200 200 200 200 200 200 200 200 200 200 200 200 200 200 200 200 200 200 200 200 200 200 200 200 200 200 200 200 200 200 200 200 200 200 200 200 200 200 200 200 200 200 200 200 200 200 200 200 200 200 200 200 200 200 200 200 200 200 200 200 200 200 200 200 200 200 200 200 200 200 200 200 200 200 200 200 200 200 200 200 200 200 200 200 200 200 200 200 200 200 200 200 200 200 200 200 200 200 200 200 200 200 200 200 200 200 200 200 200 200 200 200 200 200 200 200 200 200 200 200 200 200 200 200 200 200 200 200 200 200 200 200 200 200 200 200 200 200 200 200 200 200 200 200 200 200 200 200 200 200 200 200 200 200 200 200 200 200 200 200 200 200 200 200 200 200 200 200 200 200 200 200 200 200 200 200 200 200 200 200 200 200 200 200 200 200 200 200 200 200 200 200 200 200 200 200 200 200 200 200 200 200 200 200 200 200 200 200 200 200 200 200 200 200 200 200 200 200 200 200 200 200 200 200 200 200 200 200 200 200 200 200 200 200 200 200 200 200 200 200 200 200 200 200 200 200 200 200 200 200 200 200 200 200 200 200 200 200 200 200 200 200 200 200 200 200 200 200 200 200 200 200 200 200 200 200 200 200 200 200 200 200 200 200 200 200 200 200 200 200 200 200 200 200 200 200 200 200 200 200 200 200 200 200 200 200 200 200 200 200 200 200 200 200 200 200 200 200 200 200 200 200 200 200 200 200 200 200 200 200 200 200 200 200 200 200 200 200 200 200 200 200 200 200 200 200 200 200 200 200 200 200 200 200 200 200 200 200 200 200 200 200 200 200 200 200 200 200 200 200 200 200 200 200 200 200 200 200 200 200 200 200 200 200 200 200 200 200 200 200 200 200 200 200 200 200 200 200 200 200 200 200 200 200 200 200 200 200 200 200 200 200 200 200 200 200 200 200
286
34 4 2 34 4 79 4 34 2 4 79 34 79 79 34 34 34 2 4 2 2 34 79 2 2 2 34 2 34 34 34 2 2 2 4 2 79 2 4 34 4 2 79 2 34 79 4 2 79 4 34 2 34 2 4 79 4 2 79 2 4 4 4 4 79 2 34 79 2 4 2 2 79 4 2 79 2 4 34 79 79 2 34 79 4 34 2 2 2 34 79 34 4 34 79 34 4 4 2 79 4 4 4 2 4 4 79 79 79 4 79 34 2 4 79 79 79 79 34 4 4 34 79 4 34 79 79 2 4 79 2 4 2 2 4 34 79 34 2 4 79 2 79 79 79 34 4 4 79 79 34 34 79 2 79 2 2 34 79 2 79 34 4 34 79 79 79 4 2 34 79 2 79 34 2 2 34 2 79 79 79 2 79 79 34 79 2 4 34 79 34 79 79 34 4 79 34 34 4 4 2 4 4 79 2 34 4 2 2 2 34 79 2 2 2 34 34 34 4 79 79 34 4 4 34 2 4 2 2 2 2 79 4 34 4 79 34 2 34 34 34 79 79 34 4 79 34 79 4 4 2 4 2 4 4 79 79 2 79 34 4 34 2 34 2 79 79 4 2 2 2 79 4 2 79 4 2 34 4 4 34 4 4 4 34 79
670
200 200 200 200 200 200 200 200 200 200 200 200 200 200 200 200 200 200 200 200 200 200 200 200 200 200 200 200 200 200 200 200 200 200 200 200 200 200 200 200 200 200 200 200 200 200 200 200 200 200 200 200 200 200 200 200 200 200 200 200 200 200 200 200 200 200 200 200 200 200 200 200 200 200 200 200 200 200 200 200 200 200 200 200 200 200 200 200 200 200 200 200 200 200 200 200 200 200 200 200 200 200 200 200 200 200 200 200 200 200 200 200 200 200 200 200 200 200 200 200 200 200 200 200 200 200 200 200 200 200 200 200 200 200 200 200 200 200 200 200 200 200 200 200 200 200 200 200 200 200 200 200 200 200 200 200 200 200 200 200 200 200 200 200 200 200 200 200 200 200 200 200 200 200 200 200 200 200 200 200 200 200 200 200 200 200 200 200 200 200 200 200 200 200 200 200 200 200 200 200 200 200 200 200 200 200 200 200 200 200 200 200 200 200 200 200 200 200 200 200 200 200 200 200 200 200 200 200 200 200 200 200 200 200 200 200 200 200 200 200 200 200 200 200 200 200 200 200 200 200 200 200 200 200 200 200 200 200 200 200 200 200 200 200 200 200 200 200 200 200 200 200 200 200 200 200 200 200 200 200 200 200 200 200 200 200 200 200 200 200 200 200 200 200 200 200 200 200 200 200 200 200 200 200 200 200 200 200 200 200 200 200 200 200 200 200 200 200 200 200 200 200 200 200 200 200 200 200 200 200 200 200 200 200 200 200 200 200 200 200 200 200 200 200 200 200 200 200 200 200 200 200 200 200 200 200 200 200 200 200 200 200 200 200 200 200 200 200 200 200 200 200 200 200 200 200 200 200 200 200 200 200 200 200 200 200 200 200 200 200 200 200 200 200 200 200 200 200 200 200 200 200 200 200 200 200 200 200 200 200 200 200 200 200 200 200 200 200 200 200 200 200 200 200 200 200 200 200 200 200 200 200 200 200 200 200 200 200 200 200 200 200 200 200 200 200 200 200 200 200 200 200 200 200 200 200 200 200 200 200 200 200 200 200 200 200 200 200 200 200 200 200 200 200 200 200 200 200 200 200 200 200 200 200 200 200 200 200 200 200 200 200 200 200 200 200 200 200 200 200 200 200 200 200 200 200 200 200 200 200 200 200 200 200 200 200 200 200 200 200 200 200 200 200 200 200 200 200 200 200 200 200 200 200 200 200 200 200 200 200 200 200 200 200 200 200 200 200 200 200 200 200 200 200 200 200 200 200 200 200 200 200 200 200 200 200 200 200 200 200 200 200 200 200 200 200 200 200 200 200 200 200 200 200 200 200 200 200 200 200 200 200 200 200 200 200 200 200 200 200 200 200 200 200 200 200 200 200 200 200 200 200 200 200 200 200 200 200 200 200 200 200 200 200 200 200 200 200 200 200 200 200 200 200 200 200 200 200 200 200 200 200 200 200 200 200 200 200 200 200 200 200 200 200 200 200 200 200 200 200 200 200 200 200 200 200 200 200 200 200
785
0 200 111 92 99 90 86 117 110 113 57 77 108 107 87 53 56 96 104 100 118 116 70 50 78 104 75 105 55 75 109 98 108 98 105 51 93 54 74 73 62 82 117 101 83 90 111 114 59 61 97 108 87 69 86 101 111 82 75 82 61 68 51 60 84 97 99 74 57 85 79 108 78 89 93 72 64 50 97 94 106 96 112 112 56 64 112 63 116 67 65 118 80 93 93 116 77 67 54 67 120 82 51 66 116 100 64 96 107 59 79 101 109 82 53 76 52 57 109 95 54 51 93 112 111 105 56 86 86 103 106 90 88 111 68 80 51 80 107 78 95 70 63 78 108 84 70 78 76 116 76 94 61 80 119 79 72 109 58 75 92 65 91 97 99 78 79 79 114 56 94 61 108 76 100 98 92 52 54 114 62 118 51 63 57 50 113 94 119 100 73 63 111 50 51 111 65 112 62 53 85 50 90 70 104 93 77 54 56 111 111 62 58 71 98 89 105 51 120 62 108 89 112 97 81 108 57 63 92 95 103 76 115 72 87 90 95 80 93 104 67 80 116 101 80 109 117 76 83 50 110 112 115 78 50 54 66 117 102 81 113 72 74 89 116 50 81 101 116 61 104 73 82 67 68 120 83 70 69 90 72 52 57 109 87 88 92 64 55 70 105 77 70 89 114 98 56 69 99 55 91 79 112 62 57 79 114 54 72 86 119 64 68 115 53 96 80 60 101 74 106 51 50 98 109 106 78 106 108 62 103 70 86 72 56 89 62 100 82 112 85 102 120 55 59 92 94 105 83 113 76 66 108 50 108 114 54 114 94 52 72 117 78 81 97 80 118 56 104 107 97 57 100 71 58 118 61 118 114 118 88 50 108 116 72 55 74 74 69 52 69 53 103 108 86 119 72 52 60 56 50 51 114 50 95 65 92 77 74 60 80 50 57 119 65 81 105 83 96 53 63 116 57 117 91 52 89 112 118 104 99 81 118 100 67 71 93 119 59 63 69 86 95 100 62 110 80 82 73 77 90 54 109 112 56 113 82 116 99 118 93 89 83 60 57 106 76 69 75 99 52 96 77 79 76 64 108 69 100 63 84 70 107 63 108 61 100 92 78 57 81 101 111 106 101 97 108 109 74 61 96 94 82 56 72 52 113 90 51 85 67 63 98 53 96 77 81 60 120 54 102 74 106 52 115 51 90 116 75 94 112 117 78 106 108 59 60 102 51 72 82 52 77 54 117 107 65 91 65 93 62 93 100 104 73 109 118 60 97 103 101 84 74 88 116 81 114 106 61 68 61 67 88 112 87 92 77 101 57 69 61 96 72 63 95 57 58 57 52 119 84 96 106 89 55 116 98 100 69 51 62 90 87 99 116 67 86 57 76 85 84 88 91 97 111 67 93 69 114 76 101 98 110 65 59 67 93 102 78 80 66 77 120 118 51 64 93 119 53 99 61 120 108 74 96 70 51 64 108 64 111 91 62 55 91 114 109 96 114 51 108 93 54 81 81 76 81 96 110 103 97 66 85 85 74 87 118 112 118 98 70 65 90 95 78 62 50 88 89 72 60 59 62 117 84 116 75 58 108 70 65 100 95 57 82 84 58 56 58 63 118 117 91 109 97 80 100 84 60 70 78 88 65 114 67 69 73 108 109 70 87 78 62 117 61 53 100 67 94 102 81 51 117 70 63 116 58 70 52 87 70 67 54 52 73 92 83 60 106 57 103 106 120 120 105 97 88 92 69 75 107 51 51 96 102 75 103 120 82 70 113 60 94 111 200
668
200 200 200 200 200 200 200 200 200 200 200 200 200 200 200 200 200 200 200 200 200 200 200 200 200 200 200 200 200 200 200 200 200 200 200 200 200 200 200 200 200 200 200 200 200 200 200 200 200 200 200 200 200 200 200 200 200 200 200 200 200 200 200 200 200 200 200 200 200 200 200 200 200 200 200 200 200 200 200 200 200 200 200 200 200 200 200 200 200 200 200 200 200 200 200 200 200 200 200 200 200 200 200 200 200 200 200 200 200 200 200 200 200 200 200 200 200 200 200 200 200 200 200 200 200 200 200 200 200 200 200 200 200 200 200 200 200 200 200 200 200 200 200 200 200 200 200 200 200 200 200 200 200 200 200 200 200 200 200 200 200 200 200 200 200 200 200 200 200 200 200 200 200 200 200 200 200 200 200 200 200 200 200 200 200 200 200 200 200 200 200 200 200 200 200 200 200 200 200 200 200 200 200 200 200 200 200 200 200 200 200 200 200 200 200 200 200 200 200 200 200 200 200 200 200 200 200 200 200 200 200 200 200 200 200 200 200 200 200 200 200 200 200 200 200 200 200 200 200 200 200 200 200 200 200 200 200 200 200 200 200 200 200 200 200 200 200 200 200 200 200 200 200 200 200 200 200 200 200 200 200 200 200 200 200 200 200 200 200 200 200 200 200 200 200 200 200 200 200 200 200 200 200 200 200 200 200 200 200 200 200 200 200 200 200 200 200 200 200 200 200 200 200 200 200 200 200 200 200 200 200 200 200 200 200 200 200 200 200 200 200 200 200 200 200 200 200 200 200 200 200 200 200 200 200 200 200 200 200 200 200 200 200 200 200 200 200 200 200 200 200 200 200 200 200 200 200 200 200 200 200 200 200 200 200 200 200 200 200 200 200 200 200 200 200 200 200 200 200 200 200 200 200 200 200 200 200 200 200 200 200 200 200 200 200 200 200 200 200 200 200 200 200 200 200 200 200 200 200 200 200 200 200 200 200 200 200 200 200 200 200 200 200 200 200 200 200 200 200 200 200 200 200 200 200 200 200 200 200 200 200 200 200 200 200 200 200 200 200 200 200 200 200 200 200 200 200 200 200 200 200 200 200 200 200 200 200 200 200 200 200 200 200 200 200 200 200 200 200 200 200 200 200 200 200 200 200 200 200 200 200 200 200 200 200 200 200 200 200 200 200 200 200 200 200 200 200 200 200 200 200 200 200 200 200 200 200 200 200 200 200 200 200 200 200 200 200 200 200 200 200 200 200 200 200 200 200 200 200 200 200 200 200 200 200 200 200 200 200 200 200 200 200 200 200 200 200 200 200 200 200 200 200 200 200 200 200 200 200 200 200 200 200 200 200 200 200 200 200 200 200 200 200 200 200 200 200 200 200 200 200 200 200 200 200 200 200 200 200 200 200 200 200 200 200 200 200 200 200 200 200 200 200 200 200 200 200 200 200 200 200 200 200 200 200 200 200 200 200 200 200 200 200 200 200 200 200 200 200 200 200 200 200 200 200 200 200 200
734
0 0 0 0 0 0 0 0 0 0 0 0 0 0 0 0 0 0 0 0 0 0 0 0 0 0 0 0 0 0 0 0 0 0 0 0 0 0 0 0 0 0 0 0 0 0 0 0 0 0 0 0 0 0 0 0 0 0 0 0 0 0 0 0 0 0 0 0 0 0 0 0 0 0 0 0 0 0 0 0 0 0 0 0 0 0 0 0 0 0 0 0 0 0 0 0 0 0 0 0 0 0 0 0 0 0 0 0 0 0 0 0 0 0 0 0 0 0 0 0 0 0 0 0 0 0 0 0 0 0 0 0 0 0 0 0 0 0 0 0 0 0 0 0 0 0 0 0 0 0 0 0 0 0 0 0 0 0 0 0 0 0 0 0 0 0 0 0 0 0 0 0 0 0 0 0 0 0 0 0 0 0 0 0 0 0 0 0 0 0 0 0 0 0 0 0 0 0 0 0 0 0 0 0 0 0 0 0 0 0 0 0 0 0 0 0 0 0 0 0 0 0 0 0 0 0 0 0 0 0 0 0 0 0 0 0 0 0 0 0 0 0 0 0 0 0 0 0 0 0 0 0 0 0 0 0 0 0 0 0 0 0 0 0 0 0 0 0 0 0 0 0 0 0 0 0 0 0 0 0 0 0 0 0 0 0 0 0 0 0 0 0 0 0 0 0 0 0 0 0 0 0 0 0 0 0 0 0 0 0 0 0 0 0 0 0 0 0 0 0 0 0 0 0 0 0 0 0 0 0 0 0 0 0 0 0 0 0 0 0 0 0 0 0 0 0 0 0 0 0 0 0 0 0 0 0 0 0 0 0 0 0 0 0 0 0 0 0 0 0 0 0 0 0 0 0 0 0 0 0 0 0 0 0 0 0 0 0 0 0 0 0 0 0 0 0 0 0 0 0 0 0 0 0 0 0 0 0 0 0 0 0 0 0 0 0 0 0 0 0 0 0 0 0 0 0 0 0 0 0 0 0 0 0 0 0 0 0 0 0 0 0 0 0 0 0 0 0 0 0 0 0 0 0 0 0 0 0 0 0 0 0 0 0 0 0 0 0 0 0 0 0 0 0 0 0 0 0 0 0 0 0 0 0 0 0 0 0 0 0 0 0 0 0 0 0 0 0 0 0 0 0 0 0 0 0 0 0 0 0 0 0 0 0 0 0 0 0 0 0 0 0 0 0 0 0 0 0 0 0 0 0 0 0 0 0 0 0 0 0 0 0 0 0 0 0 0 0 0 0 0 0 0 0 0 0 0 0 0 0 0 0 0 0 0 0 0 0 0 0 0 0 0 0 0 0 0 0 0 0 0 0 0 0 0 0 0 0 0 0 0 0 0 0 0 0 0 0 0 0 0 0 0 0 0 0 0 0 0 0 0 0 0 0 0 0 0 0 0 0 0 0 0 0 0 0 0 0 0 0 0 0 0 0 0 0 0 0 0 0 0 0 0 0 0 0 0 0 0 0 0 0 0 0 0 0 0 0 0 0 0 0 0 0 0 0 0 0 0 0 0 0 0 0 0 0 0 0 0 0 0 0 0 0 0 0 0 0 0 0 0 0 0 0 0 0 0 0 0 0 0 0 0 0 0 0 0 0 0 0 0 0 0 0 0 0 0 0 0 0 0 0 0 0 0 0 0 0 0 0 0 0 0 0
557
0 200 92 75 78 59 102 85 57 84 70 52 64 113 95 92 93 101 86 105 84 94 108 77 90 86 100 74 79 88 73 65 77 51 54 91 120 95 101 54 88 53 57 83 120 90 115 50 60 56 73 69 93 101 89 64 63 103 76 95 70 108 70 92 100 85 120 88 112 56 69 119 111 73 64 119 116 74 66 90 93 97 84 119 107 94 80 71 102 57 95 103 110 95 83 79 86 55 104 75 85 70 85 61 79 59 102 94 111 62 54 61 56 65 52 80 50 59 112 111 72 64 105 56 85 81 68 60 109 111 91 54 85 95 90 70 55 60 93 50 73 86 94 74 54 84 68 70 60 50 67 50 57 87 68 80 71 73 75 59 79 91 117 118 113 64 67 84 100 62 61 64 81 68 55 78 95 104 59 74 96 119 100 75 87 87 65 84 109 94 112 52 87 73 99 120 98 116 109 77 113 84 73 111 73 64 67 117 98 110 76 98 90 118 73 73 59 114 64 79 81 115 86 99 89 72 86 58 87 110 83 58 100 93 112 111 95 82 61 78 96 77 120 78 54 93 84 93 120 111 115 58 64 52 115 119 94 105 55 90 119 51 90 84 100 104 55 50 98 68 60 51 89 104 56 96 100 99 114 69 77 62 78 55 107 117 111 83 75 50 100 115 62 57 79 73 54 52 67 115 52 88 62 78 54 109 55 54 62 90 92 83 65 51 83 73 75 55 113 90 115 90 55 51 84 103 114 53 95 93 67 120 114 58 91 63 86 119 95 116 77 95 116 52 111 105 64 112 88 117 112 106 64 99 89 104 101 81 83 55 75 82 103 74 93 103 112 54 85 50 64 111 82 112 60 84 111 92 71 89 89 55 110 50 83 104 115 82 51 81 84 72 68 71 67 109 84 85 76 96 92 66 69 62 53 105 55 97 58 70 76 102 101 96 89 115 68 85 107 61 98 93 96 75 82 75 87 87 57 82 100 80 53 91 74 102 83 83 59 68 118 90 97 88 69 93 89 106 50 66 102 59 100 73 113 58 111 71 58 107 51 64 78 101 90 58 118 84 65 110 83 93 59 53 91 109 59 98 61 50 92 118 63 91 111 90 78 72 95 93 58 102 62 56 76 105 115 54 59 86 64 72 68 57 96 88 93 92 102 111 74 87 98 119 120 68 109 67 93 72 102 51 77 83 120 107 72 106 91 86 100 75 51 84 117 65 59 92 102 93 110 98 92 91 95 114 58 58 51 77 83 72 76 76 65 67 200
978
193 193 193 193 14 193 193 14 14 14 193 14 193 193 14 193 193 193 14 14 14 14 14 14 14 14 193 14 193 193 14 14 14 193 193 193 193 14 14 193 193 14 193 14 14 193 14 14 193 14 14 193 193 14 14 14 14 14 193 14 193 193 14 193 14 14 14 14 193 14 14 193 14 14 193 193 14 14 193 14 193 193 14 14 14 193 193 14 14 193 193 14 193 193 14 14 193 193 193 14 14 14 193 14 14 193 193 14 14 193 193 193 14 193 193 193 193 14 193 14 193 193 14 193 14 14 14 193 14 14 14 14 193 193 193 14 193 193 193 193 193 14 14 193 193 14 193 193 193 193 193 193 14 14 193 193 193 14 193 14 14 14 193 193 14 14 14 193 193 193 14 193 14 193 193 193 14 14 193 193 193 193 14 193 14 14 193 193 193 14 14 193 193 193 14 193 14 193 14 14 193 14 14 14 193 14 193 193 193 193 193 193 14 14 14 14 14 14 193 14 14 14 193 193 14 14 14 193 193 14 14 14 14 14 193 193 193 193 193 193 14 14 193 193 193 193 193 193 193 193 14 193 14 14 14 193 193 14 193 193 14 193 14 193 193 193 14 193 193 193 14 193 193 193 193 193 193 193 193 14 14 193 14 14 14 193 193 193 193 14 14 14 14 14 14 14 193 193 193 193 14 193 14 193 193 193 193 193 14 14 193 14 193 193 193 14 193 193 193 14 14 193 193 193 14 14 193 14 14 14 14 193 193 14 193 193 14 14 193 14 193 14 14 14 14 193 193 14 14 193 14 14 14 193 193 14 193 193 14 14 14 14 193 193 193 193 193 193 193 14 193 14 193 14 14 14 193 14 14 14 193 14 193 14 193 14 193 14 193 14 14 193 14 14 14 14 193 14 14 193 193 193 14 14 193 14 14 193 193 14 193 193 193 193 14 14 14 14 14 14 193 14 14 14 14 193 193 193 14 14 193 193 193 193 14 14 193 14 14 14 14 14 14 14 193 193 14 14 14 193 14 14 14 14 14 193 193 193 14 193 14 193 193 193 14 14 14 193 193 193 14 193 14 193 14 193 193 14 193 14 14 193 193 193 14 193 14 193 193 193 14 14 14 193 193 14 14 14 14 193 14 14 193 14 193 14 14 14 193 14 193 14 193 14 193 14 14 14 14 193 193 193 14 193 14 14 193 14 14 14 14 193 193 14 193 14 14 193 193 14 14 14 14 193 193 193 193 14 14 193 14 14 14 193 193 14 193 14 193 193 193 193 193 193 14 14 193 14 14 193 193 193 193 193 14 14 14 193 193 14 14 14 193 193 14 193 193 193 193 14 14 193 193 193 14 14 14 193 193 14 193 193 193 14 14 193 193 193 14 14 14 14 14 193 14 14 193 193 14 193 14 14 14 193 14 193 193 193 14 14 14 14 193 193 14 14 14 14 193 193 14 14 193 193 14 14 193 193 14 14 193 193 193 193 193 14 14 14 14 193 193 193 193 193 193 193 14 14 193 193 193 193 193 14 14 14 14 193 193 193 193 193 14 193 193 193 193 14 14 14 193 14 193 193 193 14 193 193 193 14 14 193 193 14 14 14 193 14 14 14 193 14 14 193 193 14 14 14 14 14 14 193 14 14 193 193 14 14 14 14 193 193 193 14 193 14 14 193 193 193 193 193 14 193 193 193 14 193 14 14 14 193 14 193 14 193 14 14 14 193 193 14 193 14 14 193 193 193 193 193 14 14 193 193 14 14 14 193 14 14 14 14 193 193 14 193 193 193 14 14 14 193 193 193 193 193 14 193 14 14 193 14 14 14 193 14 14 14 14 193 193 14 14 14 193 193 14 193 14 14 193 14 14 14 14 193 14 14 14 193 193 193 14 193 193 14 14 14 193 14 193 193 14 14 193 193 193 14 193 193 14 193 14 193 193 193 14 193 193 193 14 193 193 193 14 193 14 14 14 193 14 193 193 14 193 14 193 14 193 14 193 14 193 14 14 14 14 193 193 14 193 14 14 14 193 14 14 14 193 14 14 14 193 14 14 14 14 193 14 193 14 193 193 14 14 14 14 193 193 14 193 14 14 14 14 14 193 193 193 14 193 14 193 193 193 14 193 14 14 193 14 14 14 14 14 193 14 193 193 14 193 14 14 14 193 14 193 193 193 14 14 193 14 14 14 14 193 14 193 193 193 14 14 14 193 193 14 14
375
10 18 13 4 15 9 10 2 13 15 8 13 3 13 13 6 3 9 3 8 3 4 14 8 15 5 14 2 0 19 14 5 15 20 10 17 4 18 9 5 3 8 15 9 11 1 18 17 5 10 10 17 19 14 9 18 3 13 9 20 5 8 2 8 3 15 9 19 20 11 18 19 7 16 12 11 19 5 19 5 15 11 10 1 2 19 17 2 18 2 14 11 0 11 10 4 3 1 19 16 13 7 3 8 12 10 8 11 14 13 1 7 10 16 0 6 0 8 11 9 17 9 0 19 13 13 6 20 16 6 19 16 0 6 6 16 17 6 3 9 8 9 19 18 9 8 19 7 19 2 9 1 8 7 20 7 0 9 16 17 0 17 7 18 6 1 13 17 10 19 9 1 5 1 0 5 7 15 3 3 3 20 9 1 9 3 17 19 20 17 0 6 14 17 7 2 12 12 3 0 16 1 14 10 16 1 11 19 2 17 1 4 0 19 16 14 11 5 12 13 0 20 17 3 17 0 17 8 4 9 18 19 15 2 9 11 0 8 1 19 16 0 5 7 1 3 17 9 18 2 1 10 5 15 14 20 20 8 10 16 8 15 0 17 5 8 2 6 7 18 7 10 4 4 18 12 5 9 20 20 18 13 4 0 2 5 0 9 5 8 19 8 1 8 14 20 16 14 13 16 8 18 3 15 2 11 11 20 20 8 18 16 6 8 8 15 3 19 5 15 3 19 15 2 9 16 7 14 11 5 2 9 3 13 8 8 20 12 11 16 4 11 5 14 3 19 5 14 0 16 17 7 12 17 15 16 16 15 16 6 11 11 14 19 20 12 7 11 18 16 18 7 10 12 18
112
68 36 7 132 197 70 192 148 152 131 91 16 14 132 184 169 93 121 195 1 92 148 110 100 199 160 30 75 13 9 4 92 100 60 18 131 171 87 170 158 137 112 182 153 79 183 157 12 94 108 143 159 160 10 178 1 93 17 2 146 122 26 179 27 147 159 154 85 41 79 175 82 57 141 65 58 12 83 31 67 164 150 174 54 67 129 37 34 40 143 173 115 52 160 59 152 188 69 9 179 95 112 107 172 6 89 151 60 147 88 151 182
724
0 200 110 95 55 62 99 111 72 85 83 108 87 112 107 50 92 65 66 117 120 106 69 80 119 65 63 80 84 92 50 118 107 72 108 62 54 110 92 108 81 120 59 51 65 93 57 100 77 100 116 99 86 88 111 52 106 118 113 113 76 65 56 108 93 50 119 112 89 84 84 52 58 64 57 51 111 61 114 109 93 113 53 85 70 89 99 112 59 52 81 103 60 109 118 106 94 69 65 96 120 59 86 55 117 59 56 97 79 113 94 58 60 73 78 51 67 54 103 116 80 80 82 98 118 64 119 86 112 64 113 99 60 90 83 97 84 59 76 96 74 104 111 118 112 113 102 66 98 75 119 88 105 102 57 103 73 95 79 93 72 86 71 93 103 104 62 82 85 88 113 102 84 72 70 95 120 108 76 67 111 96 98 99 80 84 103 61 87 66 72 115 77 119 120 90 86 95 82 110 92 120 84 109 118 101 90 62 110 100 72 70 82 104 94 97 76 55 51 106 107 93 93 50 112 66 78 97 85 105 76 50 54 88 72 92 91 88 111 110 90 55 116 51 117 94 115 83 54 85 71 71 67 79 94 73 117 58 110 71 52 92 60 66 57 77 75 101 108 119 98 52 78 105 66 83 112 64 67 57 89 69 71 93 60 110 64 74 89 69 119 82 56 59 99 83 55 69 73 56 58 65 119 80 63 76 50 107 113 81 70 89 75 96 115 72 104 56 83 58 75 81 75 54 55 111 101 53 67 58 83 117 81 92 81 109 60 54 71 57 94 57 97 51 90 85 80 112 61 72 52 55 117 105 109 51 95 116 68 70 91 113 93 109 99 88 104 94 66 96 118 105 119 119 73 57 64 100 106 97 59 102 84 89 111 118 81 119 92 61 93 117 83 71 99 65 92 74 57 94 76 119 58 103 108 85 67 86 115 102 93 92 64 91 100 120 81 73 68 116 94 95 57 95 91 83 115 82 83 81 76 112 82 93 70 68 104 58 76 103 60 88 69 72 99 76 104 61 117 72 97 63 93 54 85 66 82 113 118 53 119 84 61 85 94 62 86 81 74 71 52 98 98 50 54 65 103 110 113 108 73 91 63 59 52 103 83 96 101 97 66 66 101 56 89 66 88 52 87 92 89 115 87 103 51 82 78 75 73 85 70 110 116 62 73 117 115 105 68 62 81 102 110 88 114 97 89 74 118 56 78 97 55 120 74 59 108 78 114 84 103 120 71 53 113 69 64 64 95 64 101 71 61 51 58 64 51 110 69 71 55 80 51 98 118 111 110 68 93 102 119 78 64 80 87 104 116 62 97 70 105 84 92 73 56 59 81 99 105 88 88 112 52 114 57 103 58 108 55 94 67 53 52 105 117 84 65 55 60 110 90 120 111 98 104 87 104 64 72 54 95 83 118 115 118 60 80 69 60 77 87 80 52 117 93 109 61 55 106 79 56 57 72 96 94 63 91 58 60 60 113 71 120 79 65 64 81 114 120 114 65 105 75 89 100 89 87 117 110 101 86 106 99 95 60 119 105 89 115 70 114 115 113 104 85 65 59 88 68 59 61 52 71 80 78 80 75 80 101 83 79 100 115 113 103 76 50 88 62 74 79 118 106 112 78 68 58 84 51 56 110 68 64 200
259
200 197 110 189 44 163 108 3 0 33 174 65 65 5 31 186 187 17 33 186 42 9 56 130 154 170 153 168 151 178 68 142 125 115 178 133 169 26 154 146 179 166 119 67 60 199 55 144 73 99 180 131 46 73 138 4 46 156 155 41 5 148 20 160 56 93 79 171 64 147 71 23 173 147 158 2 182 78 167 129 116 109 186 92 14 106 67 138 148 182 120 190 124 99 6 164 170 144 36 26 184 49 42 72 57 55 137 71 68 27 19 79 186 132 37 82 152 105 141 182 147 116 65 198 6 14 155 0 51 23 64 29 67 197 95 47 138 119 2 94 132 12 180 190 30 164 200 75 140 16 146 135 165 73 116 71 23 181 122 43 26 164 172 41 186 161 57 117 94 28 194 141 197 139 188 109 191 105 72 170 34 199 131 106 35 96 18 79 24 189 36 101 72 108 12 44 150 15 27 193 180 198 192 37 142 181 88 154 83 71 129 101 79 170 112 183 126 19 4 159 33 165 168 78 112 13 95 77 67 11 94 160 115 108 91 125 10 99 11 175 166 142 121 2 117 23 182 144 166 34 29 121 70 29 111 54 175 48 147
176
17 4 160 4 15 14 187 6 9 166 3 157 4 13 10 171 19 12 152 17 173 13 1 12 19 17 191 4 4 11 179 6 19 199 4 174 16 2 4 172 8 1 3 3 159 14 2 157 8 6 3 11 20 13 183 18 1 8 6 18 12 191 19 6 5 8 196 4 164 0 15 5 17 18 1 151 1 184 182 7 169 10 8 16 17 158 13 13 192 174 4 13 169 1 20 5 17 3 180 177 166 179 191 5 1 6 6 17 12 18 16 9 0 152 1 188 8 8 18 12 6 1 13 196 19 6 12 3 7 9 16 14 159 12 16 7 188 19 10 18 11 6 15 1 14 9 4 10 14 11 13 20 181 1 18 189 7 14 18 2 181 1 19 0 180 19 17 3 20 8 20 17 9 13 0 10
932
63 13 87 172 7 126 77 18 113 151 159 10 35 16 1 44 187 93 91 99 81 103 114 121 115 150 175 163 11 156 79 105 124 89 193 61 45 119 40 189 93 58 80 25 193 195 115 101 179 44 28 148 159 171 27 68 185 83 91 74 137 26 154 16 135 165 44 139 174 165 181 114 99 16 35 0 90 62 119 44 161 125 145 108 8 164 15 115 68 103 84 25 172 66 45 188 77 188 25 29 72 164 185 20 197 126 10 126 176 174 68 140 177 71 56 152 145 39 139 165 79 111 123 6 26 175 67 54 57 65 105 163 109 24 148 13 33 187 158 47 138 77 15 34 93 143 152 123 24 117 95 171 90 95 16 130 73 133 160 63 15 24 39 57 95 51 175 47 37 75 34 13 128 28 165 152 166 8 12 0 173 99 99 150 158 25 125 123 177 191 101 14 149 99 155 16 26 142 120 27 5 147 97 137 168 36 172 0 143 7 17 61 67 100 158 169 189 176 115 188 27 100 130 162 189 103 128 2 85 23 177 46 152 130 120 23 79 14 179 78 33 93 99 199 147 133 129 183 192 21 39 60 199 12 35 63 109 103 94 121 70 84 61 49 12 11 66 178 43 162 18 127 195 99 177 84 171 109 156 176 175 45 117 11 200 152 104 137 61 79 136 63 6 31 172 177 107 181 157 71 95 16 150 129 196 116 50 123 78 125 98 110 112 181 61 84 126 64 137 32 194 107 197 115 160 40 164 48 98 63 54 129 196 5 35 107 81 192 139 45 49 181 29 55 13 140 77 36 142 85 17 170 193 3 11 79 92 127 44 171 14 79 150 24 196 157 88 109 169 192 20 128 14 7 69 178 111 90 61 97 46 64 128 140 181 77 98 77 72 151 166 40 58 52 157 183 157 24 188 112 177 74 15 200 88 58 33 163 104 128 103 147 38 9 17 119 84 112 24 186 14 85 199 64 136 53 162 183 157 2 8 26 138 54 181 33 61 4 192 127 197 18 67 78 136 58 102 34 41 97 10 57 193 73 167 37 42 57 136 69 84 197 181 90 94 183 114 28 29 114 98 110 70 107 59 176 36 87 38 65 140 0 174 9 152 6 143 165 19 193 129 4 29 12 38 165 190 159 9 88 181 18 99 66 188 186 44 90 36 96 38 29 187 79 67 144 64 135 146 145 63 73 4 46 151 105 129 165 115 42 117 18 141 125 135 122 133 106 163 49 194 79 79 126 190 10 80 141 188 95 5 77 62 13 79 51 118 67 126 165 85 177 106 31 120 69 29 42 191 167 136 15 53 197 189 14 93 175 6 130 170 1 2 9 57 180 107 21 98 53 39 151 175 198 123 4 95 155 184 66 128 150 81 96 72 22 8 50 140 21 42 145 61 181 105 156 18 165 122 183 170 41 67 4 198 118 23 130 106 41 73 200 64 18 55 78 120 43 187 74 130 193 38 72 75 181 25 95 109 125 1 89 151 199 74 87 18 164 58 104 107 58 56 60 175 40 135 76 156 44 32 45 37 19 101 163 78 90 197 35 39 93 157 173 24 96 41 93 99 90 63 27 157 147 85 49 175 56 21 114 187 103 157 108 158 195 131 29 50 177 58 105 26 84 140 120 137 32 10 113 106 61 41 18 1 23 199 71 177 173 188 171 90 12 144 14 154 2 123 174 50 16 54 92 28 93 12 82 13 131 109 197 190 136 186 122 158 8 74 200 13 161 151 89 60 151 170 197 166 63 86 169 46 178 177 19 8 36 79 113 180 121 29 149 102 179 95 181 195 90 110 101 62 168 172 60 88 47 177 8 91 28 4 96 189 145 150 165 133 156 173 60 189 117 105 115 148 165 156 101 164 74 54 9 172 168 86 51 1 20 137 113 80 134 11 7 22 93 14 59 35 129 104 179 175 94 93 175 4 78 125 25 172 102 194 20 121 37 33 199 136 15 151 95 21 42 133 103 36 183 49 89 100 26 168 39 99 119 123 90 128 185 156 92 64 125 71 119 152 138 23 178 121 169 179 183 149 165 101 35 185 72 51 125 98 126 177 118 107 159 145 154 180 120 81 77 128 118 152 43 113 170 73 27 108 85 198 107 2 168 57 104
256
16 17 3 19 3 4 16 2 17 9 9 13 8 16 3 0 13 2 13 12 0 16 11 1 2 2 6 12 2 10 11 9 6 8 7 17 18 1 16 17 20 12 8 20 8 8 15 1 2 4 4 16 12 17 2 2 16 20 3 5 3 10 16 6 15 2 5 3 14 15 20 13 20 0 0 2 16 11 4 5 9 14 15 2 13 14 1 17 2 5 8 3 4 19 3 7 19 17 14 15 17 13 11 10 6 3 2 2 14 14 11 10 12 15 1 19 15 13 20 4 20 20 20 8 13 12 1 9 10 15 19 13 10 2 17 5 0 6 10 2 6 15 11 12 0 1 11 13 3 8 20 3 9 10 11 4 5 11 10 9 0 6 14 1 13 12 1 14 15 10 6 5 16 10 14 1 16 6 17 0 2 17 1 8 13 0 13 14 1 9 11 17 3 20 6 13 9 13 17 2 16 10 16 20 4 2 13 10 2 3 6 5 20 6 0 17 1 9 3 14 16 2 9 18 18 18 16 10 5 7 2 14 2 7 13 8 6 0 12 0 12 1 6 19 4 7 8 15 7 13 11 19 17 5 16 12
913
0 200 113 71 92 62 85 76 99 50 82 92 105 115 107 54 95 72 115 55 55 109 70 75 54 75 89 116 66 100 68 72 111 116 116 97 111 114 83 116 64 94 110 92 84 100 55 84 51 74 76 66 58 70 97 50 113 109 86 69 64 85 60 66 102 87 56 118 108 95 81 75 52 79 73 84 100 50 120 120 81 88 94 81 57 78 72 109 87 94 62 81 112 99 98 63 62 103 107 111 50 62 67 109 115 86 77 97 79 109 77 62 78 120 66 98 72 90 81 88 98 91 62 68 95 52 97 72 83 72 70 89 60 86 89 65 106 109 105 106 114 78 51 92 65 57 74 96 94 103 105 118 55 65 59 116 55 79 52 63 88 113 62 54 74 66 86 76 93 119 105 53 73 96 111 98 64 78 66 85 95 75 92 57 76 76 76 111 88 74 109 77 91 95 98 91 74 77 77 92 71 80 78 67 104 120 71 66 114 63 53 115 117 79 79 85 65 66 78 85 86 90 60 55 62 91 51 86 103 57 86 52 78 97 92 93 75 51 116 53 84 86 53 56 70 111 56 113 110 58 86 119 97 74 83 66 110 64 77 50 110 85 65 94 99 119 100 53 100 102 57 71 51 50 79 54 88 100 66 98 96 68 92 78 94 111 64 55 89 105 53 112 82 111 53 97 98 74 117 105 63 95 119 69 115 102 109 86 120 104 54 95 69 88 99 86 68 112 105 94 60 98 100 86 120 68 84 81 75 65 69 87 63 64 78 104 89 113 109 62 89 62 75 108 58 77 94 111 93 118 60 85 70 65 87 68 107 103 93 75 84 62 96 114 87 102 70 119 119 83 118 106 64 56 111 86 114 109 67 116 75 63 75 84 76 58 58 118 101 76 83 70 86 72 58 55 74 69 105 96 115 64 87 116 68 54 61 80 87 106 100 55 87 57 53 111 89 92 72 52 50 74 95 117 94 64 117 54 102 54 111 85 79 72 52 75 66 101 82 73 77 82 82 74 61 101 88 112 51 72 79 60 101 68 82 68 76 52 50 51 65 88 65 53 74 51 65 61 57 63 71 84 115 75 84 69 74 107 89 57 119 98 107 50 90 108 101 70 75 62 98 50 97 91 55 63 63 82 95 71 91 112 119 50 65 50 89 54 110 77 101 64 88 73 73 72 109 56 103 85 120 101 109 73 63 71 51 62 114 77 107 119 101 96 90 93 104 119 76 57 73 56 79 104 69 67 95 66 72 56 96 58 85 98 88 61 118 62 75 93 72 56 65 103 76 82 81 73 51 84 103 59 68 56 57 55 103 93 54 63 89 65 66 97 53 66 59 50 50 81 86 115 109 94 116 119 55 119 119 77 84 53 65 60 51 55 120 94 96 52 74 74 79 51 94 95 90 58 95 58 57 99 118 106 69 58 74 90 62 117 100 56 110 55 88 83 58 113 112 89 74 109 60 84 56 65 72 91 109 120 93 66 60 88 82 114 111 102 71 108 84 105 97 62 93 76 72 118 103 111 89 99 81 74 96 84 68 68 116 111 73 62 120 56 120 53 53 114 60 61 89 63 106 70 69 82 54 59 108 55 64 106 53 112 52 52 120 98 96 81 91 100 113 52 93 115 71 55 78 111 83 73 78 106 110 67 75 63 84 51 72 69 88 110 106 65 106 55 51 102 93 98 93 112 59 81 71 91 118 118 105 110 75 71 110 86 92 107 55 72 109 82 50 100 73 89 100 118 88 113 106 50 114 73 83 79 98 63 51 113 99 99 104 97 111 68 116 89 112 91 110 67 51 120 74 98 71 84 89 103 62 104 120 67 71 119 85 116 120 71 55 117 68 119 97 104 58 97 118 70 63 88 96 50 90 61 96 51 92 109 52 91 53 58 117 107 67 62 111 90 88 94 88 72 105 114 71 78 99 58 59 94 91 88 50 85 106 119 70 101 68 71 88 65 97 64 80 84 114 53 111 63 81 75 72 120 81 105 116 60 108 116 116 114 105 115 76 104 52 71 109 66 93 90 117 74 117 86 108 111 80 68 86 96 99 66 85 113 113 69 87 73 200
191
19 10 11 10 7 168 18 18 4 20 5 1 166 1 174 18 3 150 13 1 187 8 186 13 3 166 155 7 11 16 15 3 8 186 7 6 4 14 3 14 197 2 3 18 166 8 11 13 11 20 18 12 15 15 170 19 13 15 7 164 6 11 13 9 1 157 3 179 3 0 188 0 173 11 9 20 18 12 163 20 12 156 20 16 152 188 10 10 184 0 12 2 20 15 175 13 13 160 178 152 170 156 4 17 10 8 17 5 2 2 14 10 153 0 9 161 2 165 10 195 15 0 19 19 17 0 10 5 16 2 20 12 17 7 2 0 10 10 182 12 166 12 192 186 16 14 20 159 17 18 14 1 20 20 7 150 155 5 11 186 16 194 5 198 158 13 11 0 20 7 173 177 16 3 7 4 20 7 195 13 8 4 18 180 1 5 11 14 10 6 199
570
6 16 4 10 0 17 19 6 3 7 0 4 13 3 2 7 8 19 4 10 13 14 7 6 6 11 2 3 16 11 3 11 17 6 2 16 5 11 4 9 3 1 3 15 6 1 18 20 0 17 1 7 0 0 6 5 17 15 15 8 2 18 14 0 15 5 1 0 9 1 6 17 13 19 15 8 20 6 14 8 16 8 5 19 0 4 5 15 10 8 10 17 9 9 7 19 3 19 13 19 7 14 7 9 20 4 9 10 16 1 7 9 18 5 8 5 2 7 14 8 11 17 17 8 1 0 12 2 13 9 16 14 6 8 9 1 11 17 15 6 7 0 19 2 12 4 14 13 17 15 3 12 2 1 0 13 9 20 15 17 1 20 11 16 6 7 12 19 18 12 4 15 11 5 14 8 1 20 18 19 19 3 3 3 7 2 3 15 2 5 13 16 7 16 14 6 8 8 20 14 15 14 0 19 6 7 0 6 17 15 17 2 16 9 8 1 12 10 14 16 14 15 12 9 7 8 13 7 8 11 1 10 0 7 10 20 15 12 8 11 7 13 17 14 18 13 4 11 9 20 17 4 17 5 19 7 5 10 1 0 15 17 10 3 16 13 1 2 4 8 14 6 6 17 3 7 17 18 3 19 7 16 7 11 8 15 2 8 20 12 11 0 10 12 3 16 6 4 12 13 1 3 8 8 2 11 10 17 16 20 20 13 0 16 12 3 3 11 4 0 8 13 6 9 16 19 2 7 7 10 18 9 12 20 1 10 2 2 20 20 8 13 12 13 18 4 10 14 18 19 11 7 1 20 19 2 0 1 17 15 1 14 16 5 5 9 0 3 16 2 11 7 20 0 4 2 8 16 10 7 17 6 17 3 16 20 1 13 7 17 10 8 0 12 14 7 12 2 11 13 4 9 3 18 9 2 10 3 16 12 16 3 5 16 11 3 3 19 3 5 14 10 15 6 12 11 18 7 16 19 11 16 12 6 11 0 7 16 8 0 4 0 14 10 9 13 10 11 2 19 1 7 0 19 9 11 11 20 6 20 16 8 18 5 16 10 19 16 8 7 7 15 10 9 0 0 5 15 20 5 2 17 10 17 19 16 14 1 0 8 9 5 17 0 4 2 2 6 1 8 12 7 18 2 15 9 7 12 18 10 16 10 11 2 18 11 1 19 6 17 11 8 4 13 12 1 9 2 17 0 8 2 15 6 20 13 19 1 14 11 0 13 19 9 4 12 7 9 19 14 5 2 14 3 2 3 11 2 15 19 17 12 5 12 16 17 17 3 0 18
694
16 16 6 14 15 18 8 7 9 10 2 9 12 10 12 13 175 4 186 168 8 11 8 18 4 17 4 19 1 11 16 170 18 15 182 1 20 155 5 4 3 5 158 16 16 5 0 14 15 3 14 195 13 12 2 10 19 153 16 188 175 8 15 16 12 5 13 11 20 1 10 13 18 7 7 7 3 11 11 7 19 16 7 197 17 3 7 17 9 7 6 4 4 178 8 9 167 169 167 162 10 3 7 8 10 12 2 20 179 1 15 15 8 170 1 9 12 177 9 188 171 12 5 18 15 176 7 0 14 10 17 12 9 4 2 1 9 1 12 9 5 7 165 1 9 16 156 7 166 192 170 19 2 19 18 18 2 17 20 14 20 192 167 9 0 3 12 2 0 20 159 179 5 15 170 13 6 19 150 0 11 0 3 1 14 9 3 3 5 5 174 8 19 16 168 6 165 14 13 164 196 15 6 8 20 161 154 160 14 10 2 12 1 15 13 186 7 20 9 17 2 3 13 2 12 17 1 178 7 177 155 174 4 170 16 17 172 3 13 7 14 20 12 19 2 17 164 13 178 8 17 172 17 167 1 9 161 14 185 6 18 3 18 20 12 154 8 15 11 174 167 16 19 10 14 6 4 16 0 8 179 12 16 8 4 0 0 1 184 8 9 177 197 3 173 189 16 186 1 15 198 172 10 194 10 14 6 0 163 0 15 19 1 0 3 194 7 3 13 176 2 13 20 1 15 9 15 13 20 11 1 174 18 5 4 13 14 6 12 19 155 18 18 15 10 14 20 5 15 15 178 186 3 166 173 6 0 15 13 0 3 7 4 8 189 11 7 150 12 166 153 17 10 156 15 3 174 19 13 16 1 19 3 155 4 167 18 20 6 2 168 11 8 179 10 17 11 12 5 4 178 176 16 12 172 9 196 174 167 8 15 186 161 9 14 18 158 8 11 1 0 156 11 14 19 157 19 9 191 19 179 2 6 183 1 13 9 13 15 14 193 12 7 8 14 9 20 12 4 14 150 6 19 163 2 13 0 1 12 11 10 16 168 1 8 167 1 4 156 11 17 4 4 158 1 165 184 158 13 165 2 13 177 3 12 8 4 6 11 18 20 178 10 3 168 4 186 2 19 187 4 15 9 18 10 0 182 15 0 10 4 2 14 5 4 15 19 16 17 20 155 156 9 5 9 1 10 11 18 18 174 17 4 4 7 15 16 19 11 12 154 8 2 19 15 15 168 14 11 1 2 14 18 18 13 20 15 174 178 1 9 179 14 8 8 2 2 1 6 174 12 2 11 2 1 7 7 4 171 9 198 1 19 13 4 186 186 18 0 19 11 4 3 3 18 174 17 0 173 10 170 16 13 198 13 12 7 0 155 20 5 178 14 6 3 9 5 1 3 13 0 17 10 2 6 1 11 15 171 12 18 4 7 11 178 18 11 13 4 4 5 193 17 4 9 167 177 2 192 6 1 8 11 16 160 7 12 16 158 19 20 8 7 19 18 20 3 11 15 13 3 1 200 2 2 16 0 4 170 2 2 17 4 20 169 4 2 6 16 10 9 170 174 16
350
98 79 74 174 74 79 74 174 98 174 174 79 79 98 74 74 74 79 74 174 74 74 79 74 79 79 98 98 98 74 98 74 74 98 174 79 74 174 74 174 98 74 79 74 98 74 79 79 74 74 74 74 98 98 79 98 98 174 98 79 74 79 174 79 98 98 79 98 79 98 98 74 79 79 74 174 98 74 74 74 79 79 174 98 174 174 174 74 79 174 174 79 79 98 98 98 98 79 74 98 74 79 79 79 174 79 98 74 174 174 79 98 79 74 74 74 79 98 174 98 79 79 79 79 174 79 79 74 79 74 74 174 79 174 79 98 98 79 79 79 79 174 74 174 174 174 98 79 98 79 79 79 174 74 74 98 98 98 98 74 79 174 98 74 74 174 79 79 79 174 98 79 79 98 174 74 174 174 74 174 79 74 98 98 174 74 74 174 174 74 79 98 79 98 98 98 98 79 74 174 79 174 174 74 174 98 98 74 98 98 79 79 79 98 74 74 174 74 79 98 98 174 174 74 79 74 98 79 174 74 79 98 174 174 79 74 98 98 98 74 74 98 74 98 79 98 74 98 74 74 98 98 98 98 74 98 79 174 174 174 79 98 98 79 174 74 174 74 174 98 79 98 174 79 79 174 74 79 98 98 74 74 74 79 74 174 174 174 98 98 79 174 98 174 174 174 98 74 79 98 79 74 174 174 98 174 74 74 174 98 74 74 79 174 74 79 79 98 79 98 174 79 174 98 98 174 174 74 74 174 174 174 98 74 174 174 79 74 98 174 98 98 74 79 98 79 174 174 174 79
363
19 17 12 4 11 13 9 8 15 3 2 17 12 14 5 9 8 14 13 8 16 16 1 6 14 13 13 16 17 14 10 16 2 18 7 17 7 15 14 16 5 15 3 10 10 5 6 5 4 2 11 15 0 13 7 16 2 11 19 20 17 20 9 13 7 4 12 1 11 5 8 1 0 4 11 14 12 5 19 9 0 6 12 0 13 3 9 12 9 6 16 11 10 15 19 19 18 3 11 9 0 13 16 19 5 17 8 14 14 10 2 3 8 18 6 10 1 7 7 15 20 4 16 12 10 15 9 18 18 17 0 11 10 9 3 14 12 9 3 8 0 10 2 18 0 18 13 11 11 2 14 19 0 12 9 6 14 15 18 19 14 16 12 16 0 4 18 8 10 16 20 12 2 11 9 12 16 2 19 1 10 1 6 14 9 5 3 2 12 6 14 2 19 2 5 5 20 10 12 4 19 13 14 10 18 19 0 12 5 17 8 13 6 7 13 19 3 8 20 20 15 2 11 15 9 19 16 8 7 10 8 14 4 5 9 1 13 12 10 8 11 10 3 0 5 6 8 3 15 0 14 1 18 0 18 1 3 19 11 8 17 8 5 2 12 9 17 19 14 9 8 15 2 14 18 20 4 18 20 4 17 8 0 8 15 13 16 4 6 10 4 15 17 3 9 12 7 11 0 13 9 5 14 14 14 19 16 20 0 5 10 11 7 7 12 2 15 20 10 5 9 4 14 15 3 5 6 15 6 6 1 17 12 17 15 17 10 0 18 11 17 9 18 11 2 17 19 13 13 7 12 10 0 13 19 1 15 19 12 7 15 9 12
825
0 200 109 95 75 71 52 109 83 52 93 64 74 100 68 109 61 55 118 65 84 90 58 117 113 77 79 61 88 61 63 81 83 56 51 68 116 58 110 69 76 64 64 57 50 104 79 58 62 118 109 96 82 79 69 107 86 61 53 66 51 111 86 92 83 70 82 117 62 101 109 83 118 57 115 52 103 107 69 76 83 62 54 51 91 119 76 104 88 109 58 79 84 99 67 119 69 59 82 52 67 58 84 89 107 96 120 70 79 82 59 64 105 73 52 80 96 59 71 110 101 101 109 90 78 61 71 104 70 101 97 75 93 93 91 95 80 55 67 66 105 90 86 66 73 100 68 95 110 104 117 118 96 95 89 110 105 83 50 83 94 97 70 101 104 73 107 109 64 114 69 107 64 61 74 72 105 71 107 65 51 63 106 81 89 94 116 82 110 51 112 80 87 97 100 118 109 119 100 55 76 86 95 89 95 101 59 63 80 118 79 66 88 100 101 97 120 106 59 88 84 61 89 90 108 91 118 55 54 79 79 75 62 119 65 120 94 99 61 70 104 101 110 98 110 98 116 118 90 118 109 101 99 70 79 97 80 106 71 88 103 101 83 81 71 80 90 108 59 105 94 56 74 99 91 59 87 104 51 93 67 105 72 80 68 96 66 80 112 72 113 106 106 69 57 119 94 62 90 100 107 55 70 77 53 60 95 58 71 52 79 94 77 72 92 51 58 80 96 109 73 79 111 74 75 105 94 56 73 59 113 63 64 66 114 63 92 110 78 113 100 97 63 117 117 74 108 107 84 84 87 120 113 67 111 84 110 102 115 77 80 92 105 79 90 65 88 105 59 93 96 72 110 66 109 78 93 80 69 72 105 55 120 117 106 73 100 113 94 63 67 117 78 105 81 100 100 100 82 118 82 60 88 58 107 96 50 58 93 105 70 50 71 60 69 109 113 59 90 94 90 66 83 56 91 70 114 73 67 119 89 109 67 107 94 117 83 108 59 101 75 76 75 51 101 73 120 67 118 67 90 81 57 80 64 55 70 84 91 63 50 61 64 105 114 64 74 56 56 87 86 89 103 99 102 82 119 99 70 73 77 88 72 95 120 93 67 99 105 87 103 64 57 103 89 106 65 104 63 116 68 80 111 81 70 112 65 87 71 107 66 60 117 72 65 111 93 120 108 90 55 52 92 52 73 74 89 69 114 73 118 107 70 109 97 100 114 50 79 102 53 97 60 104 113 120 53 77 50 95 59 71 117 89 83 83 54 81 74 50 114 94 100 118 109 79 95 99 91 116 80 119 95 95 62 61 75 95 118 89 60 93 71 51 63 56 110 94 53 84 56 103 52 54 56 96 113 91 96 76 109 115 80 67 85 112 90 69 101 108 76 69 93 116 64 91 109 120 111 96 76 82 73 77 58 51 119 100 54 74 110 86 106 57 56 105 108 65 96 61 106 108 101 109 87 75 57 68 88 102 67 115 64 61 89 79 120 102 60 116 93 74 78 65 70 110 116 52 67 92 102 87 86 59 118 80 115 95 100 116 92 100 51 113 51 64 105 54 56 87 98 109 96 72 96 83 120 83 63 82 120 78 110 75 64 109 75 95 61 109 56 51 95 51 107 68 111 98 83 72 106 61 98 68 60 80 76 114 97 83 73 55 67 62 110 51 79 115 89 99 57 78 107 65 72 81 102 67 106 95 101 56 90 90 87 81 63 56 84 88 106 95 113 74 98 90 65 119 63 53 60 93 61 106 54 112 100 59 72 69 52 92 82 59 56 102 91 103 107 101 85 68 70 74 69 61 74 68 50 63 57 67 76 83 62 118 61 84 52 69 56 58 55 110 57 73 65 61 109 103 108 100 75 77 200
25
177 173 109 128 108 126 127 32 186 21 120 69 3 5 43 65 87 105 90 192 59 41 27 151 142
648
16 17 171 20 3 9 13 1 161 3 17 169 7 18 11 152 2 184 5 14 20 184 3 15 0 1 12 4 151 192 1 17 20 2 8 4 13 5 166 177 14 18 8 10 9 3 17 12 19 162 14 4 20 9 8 0 5 16 1 176 0 12 14 9 6 8 0 17 18 15 1 20 11 17 6 7 4 9 12 153 163 192 12 162 9 17 19 4 159 16 192 14 5 157 4 11 14 13 2 16 16 14 17 15 12 172 173 2 16 10 11 4 1 19 0 13 10 157 4 10 16 193 6 198 5 11 161 195 12 3 0 152 169 194 187 17 153 170 182 19 155 3 20 20 4 15 18 1 3 13 16 189 177 15 187 12 191 7 192 7 5 151 10 11 10 19 12 6 4 8 13 11 14 5 167 8 17 7 15 13 14 170 5 4 10 14 0 167 185 12 19 16 14 20 11 2 9 3 6 8 19 16 187 17 4 9 10 17 15 14 8 9 5 0 1 15 5 191 153 3 12 0 10 160 165 9 17 0 178 5 200 18 19 182 3 13 14 14 7 196 20 15 16 20 9 6 11 3 12 8 10 10 8 5 11 11 19 2 13 156 19 17 7 183 11 3 174 12 200 16 5 13 4 174 16 6 14 10 19 5 13 2 18 16 20 19 162 20 16 5 14 15 20 159 0 12 194 15 17 16 7 12 4 8 15 16 12 18 8 14 195 7 11 11 2 2 161 0 171 181 10 179 5 3 11 5 12 18 11 20 2 14 5 14 19 3 8 4 17 184 11 6 15 157 185 1 15 191 1 6 11 7 14 3 157 9 0 6 162 0 1 19 4 12 14 2 16 11 8 20 5 7 172 5 174 20 14 195 168 3 15 179 7 15 13 10 6 12 195 16 0 9 16 195 4 186 15 4 0 8 16 3 13 18 19 0 5 7 10 15 9 178 15 17 4 2 10 16 0 162 173 5 19 155 152 15 19 17 0 17 11 17 16 15 183 0 150 14 16 6 19 18 0 2 4 16 154 11 17 18 18 18 16 10 8 15 174 17 11 5 12 195 14 176 5 12 157 9 186 0 14 16 16 19 13 19 6 9 14 16 185 3 8 11 151 6 19 6 175 17 11 15 10 14 11 20 20 186 8 12 196 0 6 172 7 16 160 17 7 5 7 4 8 13 189 19 4 1 153 180 3 176 0 9 5 9 180 7 192 184 160 156 11 4 8 9 2 162 3 19 5 20 18 7 15 9 14 11 19 3 15 12 7 4 180 5 6 178 150 172 8 5 4 188 1 5 6 16 15 174 13 13 186 12 9 3 13 18 151 194 9 189 2 8 180 8 6 15 19 152 6 162 10 172 13 0 6 16 6 13 168 4 16 17 20 197 13 19 10 12 10 20 15 1 8 7 15 12 183 16 14 20 1 6 10 20 3 15 9 8 1 17 8 20 5 15 4 8 3 16 180 17 17 14 17 188 4 10
963
96 26 164 164 71 164 96 164 164 71 71 96 109 109 164 96 164 164 164 96 164 109 71 26 96 109 96 96 109 96 26 109 26 96 109 26 164 71 71 71 26 109 96 109 164 71 71 109 109 26 71 109 96 26 71 96 26 109 71 26 71 96 26 109 26 26 164 26 96 71 164 109 71 26 96 164 71 96 164 96 71 96 26 109 71 96 109 109 96 164 71 164 164 71 71 109 164 26 71 164 96 96 109 26 71 164 96 71 109 96 164 26 96 109 109 71 109 71 96 71 109 96 109 26 164 96 71 96 96 164 164 26 71 164 164 96 26 26 164 96 71 164 96 26 96 109 71 71 109 109 71 96 109 71 109 109 109 109 71 71 26 96 164 71 71 26 26 96 109 109 164 96 71 26 164 96 164 96 109 109 71 96 71 26 109 71 71 26 96 26 164 96 109 26 109 164 164 109 164 71 26 26 109 109 96 71 96 71 26 164 109 164 71 26 26 71 71 71 71 96 164 164 71 96 71 26 96 164 26 164 96 26 164 26 71 164 109 26 96 71 109 96 109 109 71 26 109 71 109 109 96 26 26 164 164 71 109 26 26 164 96 109 109 96 109 96 164 109 26 96 96 96 109 71 96 164 26 96 109 96 96 109 71 109 96 164 26 71 71 96 96 71 164 109 109 96 96 164 96 26 164 71 164 164 96 109 96 71 26 96 71 164 96 109 71 164 164 96 164 71 71 164 164 164 96 96 164 109 71 26 109 164 164 96 96 26 71 26 26 71 71 164 26 26 26 109 109 26 109 109 96 164 26 109 26 96 164 96 26 109 71 164 26 26 96 96 71 26 26 71 96 164 164 26 109 71 26 96 164 96 71 26 164 71 164 96 164 164 164 109 109 109 71 109 109 96 164 109 164 26 96 71 96 96 109 96 109 164 96 109 109 26 71 96 109 26 164 26 26 109 164 26 109 71 71 109 71 71 164 26 109 109 71 26 26 96 96 26 96 26 164 109 96 96 164 164 109 164 71 71 26 71 109 26 96 71 109 164 26 164 96 164 71 109 164 109 71 26 26 96 109 109 26 26 96 164 71 96 26 164 26 164 26 96 26 164 96 26 109 71 26 96 71 26 164 26 164 109 109 71 96 26 71 109 71 26 109 109 164 109 96 109 109 164 164 164 96 109 109 96 109 71 71 71 164 164 26 164 71 109 109 96 26 96 96 96 164 26 109 71 26 26 96 164 26 164 71 164 109 96 26 109 96 71 71 26 26 71 26 96 109 71 109 71 109 96 109 109 164 26 109 96 71 109 109 26 96 71 71 109 164 71 164 109 71 96 96 164 164 164 26 164 26 26 164 109 96 96 26 109 26 109 96 164 26 164 109 26 26 164 96 164 96 164 96 26 71 164 96 71 71 109 164 164 96 109 71 164 164 164 109 164 109 71 109 26 96 164 71 71 96 96 109 109 71 96 164 96 96 109 96 164 96 164 71 109 109 164 164 71 164 26 109 26 96 109 109 164 164 26 26 164 71 96 109 164 164 164 71 26 26 96 26 96 71 96 26 96 164 71 109 96 96 26 109 96 96 109 71 109 109 164 109 109 164 109 26 164 71 26 96 26 96 26 71 164 26 109 164 164 26 109 26 109 164 109 109 109 71 109 109 26 71 164 26 96 71 96 164 26 164 71 96 164 71 164 109 96 71 96 164 71 109 109 26 26 164 164 109 164 71 96 96 109 109 71 71 26 164 164 71 71 26 96 164 71 26 71 164 109 71 96 26 109 164 96 26 71 71 26 26 96 96 164 109 26 96 164 109 26 96 164 71 71 26 71 26 26 71 26 71 109 26 164 26 96 26 164 71 71 96 26 71 71 96 26 71 71 164 71 164 96 164 71 26 164 164 164 109 109 71 109 96 71 26 96 109 109 109 109 164 96 26 26 96 109 96 26 164 71 96 71 164 71 71 109 26 96 164 26 71 71 71 71 164 164 164 164 164 71 96 109 109 26 71 96 26 71 96 96 71 164 109 109 164 71 164 109 96 109 71 71 164 96 109 96 109 26 164 164 109 26 71 109 164 164 96 26 109 96 164 164 164 96 109 109 109 109 109 71 71 71 164 96 164 109 71 164 71 26 96 164 71 26 26 164 109 164 96 26 26 96 164 96 71 26 109 164 71 164 164 96 26
335
0 200 58 72 79 61 103 79 98 75 54 61 50 51 57 62 98 50 87 73 84 115 88 89 116 117 90 81 61 64 81 65 116 115 93 62 120 63 119 114 87 69 51 107 113 113 111 67 65 66 96 97 89 78 99 76 62 101 64 71 97 103 87 85 104 59 116 111 102 110 72 113 62 67 57 106 109 101 64 108 90 83 111 56 69 65 58 116 77 109 112 72 52 105 99 55 87 61 84 59 109 56 114 65 85 88 75 86 52 84 74 58 50 54 104 67 82 97 102 78 83 77 117 115 117 81 81 102 82 106 105 71 66 71 64 114 79 87 58 87 64 116 84 119 80 87 116 78 75 99 112 112 115 60 102 83 82 95 75 92 85 120 74 63 101 90 86 69 111 53 55 97 71 52 88 89 55 50 110 56 82 51 71 70 111 109 79 89 57 71 118 85 92 115 99 55 91 81 92 63 120 92 96 53 56 120 101 69 56 114 85 81 58 75 50 99 74 86 102 65 117 97 88 98 93 56 66 113 101 86 61 100 89 74 110 120 88 68 112 120 55 78 93 66 85 51 60 56 55 83 76 80 78 85 71 88 109 94 66 76 95 120 69 58 115 109 96 54 88 73 115 105 86 67 99 107 85 65 105 75 93 82 59 66 104 111 91 105 59 107 106 93 88 74 99 117 71 92 109 64 120 94 115 101 77 65 94 111 55 75 59 78 54 116 86 65 111 66 76 57 85 77 78 96 85 62 113 67 104 112 95 111 101 59 200
114
19 16 8 19 12 7 7 5 17 18 1 3 10 3 2 3 20 9 5 3 14 13 7 20 18 1 17 17 2 20 19 20 8 8 10 3 16 3 14 0 15 5 5 14 16 1 4 7 4 12 0 15 7 12 17 1 10 2 15 10 9 12 6 11 8 1 14 20 13 1 16 17 1 18 8 13 3 15 9 14 14 2 17 19 3 10 16 16 9 4 14 14 0 13 18 5 17 3 15 13 8 3 2 0 12 2 10 14 16 16 20 18 9 20
194
200 200 200 200 200 200 200 200 200 200 200 200 200 200 200 200 200 200 200 200 200 200 200 200 200 200 200 200 200 200 200 200 200 200 200 200 200 200 200 200 200 200 200 200 200 200 200 200 200 200 200 200 200 200 200 200 200 200 200 200 200 200 200 200 200 200 200 200 200 200 200 200 200 200 200 200 200 200 200 200 200 200 200 200 200 200 200 200 200 200 200 200 200 200 200 200 200 200 200 200 200 200 200 200 200 200 200 200 200 200 200 200 200 200 200 200 200 200 200 200 200 200 200 200 200 200 200 200 200 200 200 200 200 200 200 200 200 200 200 200 200 200 200 200 200 200 200 200 200 200 200 200 200 200 200 200 200 200 200 200 200 200 200 200 200 200 200 200 200 200 200 200 200 200 200 200 200 200 200 200 200 200 200 200 200 200 200 200 200 200 200 200 200 200
519
182 25 25 25 25 182 182 182 25 25 182 182 25 182 25 182 25 182 182 182 182 182 25 25 25 182 25 25 25 182 25 182 25 182 25 182 25 182 25 25 182 182 25 182 182 182 25 182 25 25 182 25 25 182 182 182 182 25 182 182 182 25 182 182 182 25 182 25 182 25 182 182 25 182 25 25 182 25 182 182 182 182 25 182 25 25 182 182 25 25 182 25 25 182 182 182 25 182 182 25 25 182 25 25 182 25 25 182 182 182 25 182 182 25 25 182 182 182 25 25 182 182 182 25 25 25 182 182 25 25 182 182 25 182 25 182 25 182 25 182 25 182 182 25 182 25 25 25 25 25 182 182 25 182 25 25 25 182 182 25 25 182 182 182 25 182 182 25 25 25 182 182 25 182 25 182 25 25 182 182 25 182 182 25 25 25 25 182 182 182 182 182 182 182 25 25 25 25 182 25 182 182 25 182 25 182 25 25 182 182 25 25 25 182 25 25 25 182 25 25 25 25 182 182 25 182 25 25 25 25 25 182 182 182 25 25 25 182 182 25 25 182 25 182 25 25 182 25 25 25 25 25 182 182 182 25 182 25 25 25 182 182 182 25 25 25 182 182 25 182 25 25 25 25 182 25 182 25 25 182 25 182 182 25 182 25 25 182 182 182 25 25 25 182 25 25 25 25 182 182 182 25 25 25 182 182 182 182 25 25 25 25 182 182 25 182 25 182 182 25 182 25 182 182 25 182 25 182 182 25 25 25 182 25 182 182 25 182 182 182 25 182 182 25 25 182 25 25 182 25 25 25 182 182 182 25 25 182 182 25 25 182 25 25 182 182 182 182 25 25 182 25 25 25 182 182 182 25 25 182 182 182 182 25 182 25 182 182 25 25 25 182 182 182 182 25 182 25 25 182 25 182 25 182 25 182 25 25 182 182 25 182 25 182 25 182 25 182 25 182 25 25 25 182 182 182 182 182 182 182 182 25 182 182 182 25 182 182 25 182 25 182 182 25 25 182 182 182 25 182 25 25 25 25 25 25 25 182 25 182 182 182 25 25 182 25 182 182 182 182 182 182 182 25 25 182 182 182 182 182 25 182 25 182 25 182 25 25 182 182 182 25 182 182 25 182 25 25 182 25 25 182 25 25 182 25 25 25 25 182 182 182 182 182 25 182 25 182 25
347
200 200 200 200 200 200 200 200 200 200 200 200 200 200 200 200 200 200 200 200 200 200 200 200 200 200 200 200 200 200 200 200 200 200 200 200 200 200 200 200 200 200 200 200 200 200 200 200 200 200 200 200 200 200 200 200 200 200 200 200 200 200 200 200 200 200 200 200 200 200 200 200 200 200 200 200 200 200 200 200 200 200 200 200 200 200 200 200 200 200 200 200 200 200 200 200 200 200 200 200 200 200 200 200 200 200 200 200 200 200 200 200 200 200 200 200 200 200 200 200 200 200 200 200 200 200 200 200 200 200 200 200 200 200 200 200 200 200 200 200 200 200 200 200 200 200 200 200 200 200 200 200 200 200 200 200 200 200 200 200 200 200 200 200 200 200 200 200 200 200 200 200 200 200 200 200 200 200 200 200 200 200 200 200 200 200 200 200 200 200 200 200 200 200 200 200 200 200 200 200 200 200 200 200 200 200 200 200 200 200 200 200 200 200 200 200 200 200 200 200 200 200 200 200 200 200 200 200 200 200 200 200 200 200 200 200 200 200 200 200 200 200 200 200 200 200 200 200 200 200 200 200 200 200 200 200 200 200 200 200 200 200 200 200 200 200 200 200 200 200 200 200 200 200 200 200 200 200 200 200 200 200 200 200 200 200 200 200 200 200 200 200 200 200 200 200 200 200 200 200 200 200 200 200 200 200 200 200 200 200 200 200 200 200 200 200 200 200 200 200 200 200 200 200 200 200 200 200 200 200 200 200 200 200 200 200 200 200 200 200 200 200 200 200 200 200 200
289
9 1 171 10 8 18 1 196 8 19 3 19 13 19 12 19 1 15 1 11 7 20 171 182 15 9 6 7 5 0 8 13 4 10 13 16 4 5 10 4 8 193 15 15 180 11 16 185 5 197 10 2 5 10 151 10 19 16 12 179 13 14 10 1 192 20 171 19 196 16 7 2 12 10 4 4 1 11 2 6 190 2 2 15 20 176 7 14 14 12 4 6 19 11 14 151 13 165 12 6 16 3 6 161 155 15 1 20 2 154 20 13 5 176 1 197 14 18 11 16 196 9 156 8 19 3 7 14 0 20 5 7 18 152 18 174 1 4 11 14 184 16 12 11 18 1 163 18 18 5 11 11 150 157 5 11 0 2 17 14 14 19 6 15 13 181 13 4 20 13 6 3 7 8 156 13 168 12 1 8 3 20 9 177 151 17 6 19 18 9 2 9 0 9 5 18 19 160 4 14 12 5 14 14 2 155 13 12 17 7 16 18 1 7 1 8 1 11 16 2 19 7 190 7 19 9 179 3 8 2 1 1 6 0 192 13 153 169 15 186 15 196 200 9 15 0 12 11 3 18 4 3 8 10 13 1 160 7 172 0 175 8 17 156 14 12 199 18 15 7 20 18 20 6 18 9 184 192 3 18 19 15 8 7 11 13 10 193 164
377
200 200 200 200 200 200 200 200 200 200 200 200 200 200 200 200 200 200 200 200 200 200 200 200 200 200 200 200 200 200 200 200 200 200 200 200 200 200 200 200 200 200 200 200 200 200 200 200 200 200 200 200 200 200 200 200 200 200 200 200 200 200 200 200 200 200 200 200 200 200 200 200 200 200 200 200 200 200 200 200 200 200 200 200 200 200 200 200 200 200 200 200 200 200 200 200 200 200 200 200 200 200 200 200 200 200 200 200 200 200 200 200 200 200 200 200 200 200 200 200 200 200 200 200 200 200 200 200 200 200 200 200 200 200 200 200 200 200 200 200 200 200 200 200 200 200 200 200 200 200 200 200 200 200 200 200 200 200 200 200 200 200 200 200 200 200 200 200 200 200 200 200 200 200 200 200 200 200 200 200 200 200 200 200 200 200 200 200 200 200 200 200 200 200 200 200 200 200 200 200 200 200 200 200 200 200 200 200 200 200 200 200 200 200 200 200 200 200 200 200 200 200 200 200 200 200 200 200 200 200 200 200 200 200 200 200 200 200 200 200 200 200 200 200 200 200 200 200 200 200 200 200 200 200 200 200 200 200 200 200 200 200 200 200 200 200 200 200 200 200 200 200 200 200 200 200 200 200 200 200 200 200 200 200 200 200 200 200 200 200 200 200 200 200 200 200 200 200 200 200 200 200 200 200 200 200 200 200 200 200 200 200 200 200 200 200 200 200 200 200 200 200 200 200 200 200 200 200 200 200 200 200 200 200 200 200 200 200 200 200 200 200 200 200 200 200 200 200 200 200 200 200 200 200 200 200 200 200 200 200 200 200 200 200 200 200 200 200 200 200 200 200 200 200 200 200 200
329
68 162 30 156 68 156 156 156 68 156 162 68 162 156 30 68 156 162 68 156 156 162 156 30 156 162 30 30 30 30 68 30 30 156 68 162 156 30 30 30 162 162 30 162 68 156 30 68 68 30 156 156 68 162 156 156 162 68 68 156 30 156 30 30 156 156 156 156 68 162 30 156 162 68 68 68 156 156 68 68 162 162 68 156 68 68 30 68 156 68 162 30 68 68 156 156 162 162 162 156 68 68 68 30 68 156 30 68 162 156 30 30 68 156 30 156 156 156 162 156 30 68 68 162 162 30 156 68 30 156 162 162 30 162 162 30 68 68 68 30 162 156 156 68 30 30 162 156 30 156 162 156 162 30 68 156 68 30 30 156 156 68 68 30 156 30 156 30 68 68 68 30 30 156 68 68 68 68 68 30 30 30 156 68 30 30 162 156 68 156 162 162 30 68 30 30 68 156 162 68 30 68 68 156 162 68 68 156 162 68 30 162 156 30 156 68 30 68 156 156 30 162 30 162 30 30 162 162 156 68 156 162 68 162 162 68 30 30 68 30 30 30 68 68 156 156 68 68 30 30 156 30 162 30 30 162 162 30 30 68 162 30 162 30 30 156 68 156 68 156 68 156 30 162 156 162 156 156 156 30 156 162 162 162 68 156 68 30 68 156 162 162 68 156 156 156 68 30 68 156 68 162 30 162 156 30 68 68 68 156 68 68 68 68 30 68 162 156 162 162 30 68 162 30 162 162 162 30 162
183
9 14 152 11 18 9 7 7 19 165 15 155 0 0 186 19 7 181 10 16 14 15 10 8 8 10 18 13 8 15 19 167 16 12 7 0 19 16 4 188 4 13 3 13 5 19 163 19 187 17 11 190 194 2 182 1 9 11 15 4 9 4 13 150 0 2 4 14 195 158 5 174 8 8 18 5 172 2 2 6 191 13 7 9 189 1 10 12 9 11 16 12 182 20 1 6 3 180 182 16 18 1 1 13 4 6 3 10 0 14 5 13 178 195 20 194 15 0 6 17 18 3 20 2 17 0 6 159 2 15 10 14 15 9 4 4 14 159 9 16 6 5 188 15 1 1 13 178 154 200 9 12 9 15 14 177 179 10 2 20 15 194 6 10 7 17 4 14 9 3 18 19 16 0 13 17 14 19 6 1 5 1 0
40
13 10 14 4 1 8 14 19 11 4 0 18 15 18 11 11 20 9 5 12 9 4 4 16 11 7 13 5 3 11 18 10 13 18 2 5 2 16 8 19
669
9 4 12 1 9 16 13 18 3 5 15 19 10 20 8 16 12 6 12 7 14 18 20 4 9 20 12 18 3 16 5 18 8 4 11 14 6 4 4 6 11 7 0 15 15 0 10 14 3 19 20 19 20 14 20 8 12 12 3 15 16 13 19 20 9 11 11 16 20 14 10 19 8 13 7 9 9 9 3 16 0 20 13 14 18 11 10 2 6 7 15 11 9 20 9 10 16 5 13 12 0 14 8 2 7 19 4 1 6 9 16 2 3 2 11 2 10 2 12 5 13 1 19 15 4 11 18 14 16 12 19 4 6 11 14 16 18 8 20 7 5 10 13 5 4 9 17 15 9 10 8 3 2 15 4 5 0 9 6 14 1 17 8 11 13 17 9 3 3 13 7 15 19 7 20 19 9 12 5 16 14 10 19 19 15 6 5 1 7 11 17 16 6 13 2 4 18 1 3 5 2 9 16 13 4 14 1 14 18 2 3 13 9 14 9 13 3 18 15 10 13 10 11 12 5 15 1 12 15 18 4 16 14 0 2 1 18 4 7 17 8 7 4 20 2 4 5 9 3 0 17 20 14 4 7 19 14 4 19 17 5 18 16 6 7 18 18 4 2 20 20 3 12 18 3 0 20 19 16 11 1 0 13 14 8 8 20 0 10 9 10 2 13 9 2 1 15 14 2 7 15 10 4 6 14 10 0 7 17 14 14 10 5 5 6 2 19 15 11 15 8 13 4 10 17 10 4 6 8 6 17 1 9 11 8 1 19 0 11 14 15 4 18 14 0 5 20 6 4 9 18 19 4 3 4 1 11 2 8 12 16 2 14 0 19 0 1 15 8 6 4 13 14 18 19 10 1 6 8 5 16 0 19 6 18 14 19 12 8 0 3 17 18 15 5 4 11 18 1 11 11 15 20 0 15 9 10 1 5 4 9 2 3 16 14 15 13 3 11 18 10 8 14 18 13 3 10 9 10 3 9 2 6 16 2 10 10 14 4 0 4 6 15 16 17 3 18 16 5 17 11 0 7 12 7 18 17 17 12 19 10 0 3 17 12 10 4 2 12 15 4 1 7 13 9 3 0 11 8 11 15 8 14 10 8 0 8 1 3 13 2 7 3 5 2 16 13 20 14 7 11 7 12 2 4 19 9 11 19 5 16 12 4 9 5 19 12 18 11 16 5 3 5 4 3 2 11 0 3 6 9 10 15 19 8 4 12 11 12 10 18 5 17 8 1 11 14 6 0 14 16 10 15 12 14 10 19 0 19 15 4 8 6 6 11 16 12 10 10 8 18 13 19 14 0 12 15 17 5 14 5 17 4 3 1 13 15 18 15 17 19 6 7 9 18 17 18 5 20 7 14 3 3 2 1 16 19 17 6 16 2 11 13 9 15 20 17 5 10 7 5 6 9 8 19 17 11 10 19 6 8 9 19 11 2 9 2 13 17 6 13 10 1 17 1 7 9 9 10 17 20 9 11 2 16 17 6 12 0 10 4 3 1 11 12 7 18 10 10
282
15 9 0 19 14 4 18 1 18 16 2 10 18 15 6 11 14 17 6 3 16 13 13 8 9 5 13 11 6 1 14 13 10 8 5 15 10 17 16 20 12 11 13 5 2 4 18 20 3 18 3 18 20 10 3 14 5 18 17 13 14 4 3 5 12 13 0 13 10 5 10 13 20 9 19 3 11 14 5 0 7 9 13 1 13 20 1 16 11 17 13 1 2 5 17 3 16 10 4 8 15 8 4 17 17 1 10 8 19 18 7 5 3 0 20 13 19 2 14 9 8 13 12 19 8 13 9 8 7 6 11 20 20 6 5 1 8 7 9 17 20 18 10 9 6 20 13 0 12 7 9 15 16 1 0 7 5 15 17 13 20 18 15 6 14 20 3 15 11 13 2 19 17 2 2 8 3 5 16 12 11 10 15 2 20 16 3 13 17 2 16 0 3 11 13 1 0 18 16 16 4 2 6 14 18 10 7 17 11 2 9 8 1 5 2 5 7 1 4 10 20 15 14 15 8 18 14 13 14 3 14 11 7 4 3 3 16 6 1 14 18 17 0 4 0 3 6 6 8 7 4 12 5 3 7 15 10 11 13 19 14 8 18 5 15 6 1 18 7 20 14 13 13 14 8 19 1 19 18 6 14 6
663
0 200 110 70 99 66 64 86 76 72 100 72 106 71 117 64 60 74 64 85 88 91 55 86 64 104 56 51 59 93 53 57 83 75 109 119 96 56 102 101 72 82 64 104 89 107 64 112 60 71 107 87 102 85 72 85 65 57 80 114 107 111 84 74 83 112 59 52 86 104 75 97 59 98 81 79 112 62 57 118 58 112 57 51 93 75 93 68 55 113 109 91 65 89 112 52 68 91 84 55 67 52 64 97 75 57 84 105 75 96 101 110 82 107 106 50 92 108 113 114 50 90 103 53 55 70 113 93 61 92 106 57 79 97 104 120 110 63 52 64 50 69 51 70 95 63 50 65 83 100 91 66 78 109 71 84 50 57 116 94 107 105 89 99 90 109 111 91 86 105 75 82 58 118 67 83 50 91 67 88 110 120 63 108 87 100 71 99 52 77 119 89 77 102 71 74 53 109 57 97 71 117 75 53 115 61 60 63 118 115 65 91 119 103 77 116 66 84 80 91 109 106 73 99 85 90 53 69 65 110 78 116 109 75 51 62 82 60 79 105 79 81 98 83 110 120 108 82 106 78 98 102 100 65 114 102 51 84 91 82 119 74 86 96 93 70 51 82 95 89 77 68 66 78 85 54 68 78 75 75 91 102 93 59 116 90 82 94 108 111 68 61 77 75 120 65 62 97 53 82 65 114 104 105 63 89 75 77 114 63 113 63 83 101 90 85 89 102 95 114 85 95 58 66 95 109 80 60 51 79 91 52 70 65 104 102 119 94 112 50 65 88 117 72 103 107 99 98 111 85 61 107 118 68 113 74 95 92 82 59 99 115 60 113 94 73 80 84 91 92 88 56 82 57 71 61 90 98 113 117 100 103 108 113 110 107 96 103 107 66 120 55 120 91 69 106 114 67 50 62 72 106 53 71 52 102 81 93 74 64 60 78 112 118 75 54 55 105 118 106 93 81 83 106 52 91 116 51 81 109 67 73 92 114 69 104 70 65 66 85 68 87 116 52 65 77 92 110 120 87 87 57 101 60 102 69 63 89 117 93 103 94 92 101 51 69 85 111 74 113 91 114 71 63 106 69 92 67 82 103 90 99 93 72 69 99 55 62 110 77 114 85 97 71 119 115 63 96 82 97 105 118 64 86 115 117 65 71 103 68 119 112 65 73 84 65 65 112 111 110 60 97 57 112 93 74 116 51 75 105 101 120 115 59 100 89 87 111 66 98 83 68 120 52 115 89 85 81 102 88 90 99 53 110 67 90 97 60 89 84 115 71 104 69 87 94 107 110 75 50 116 51 56 55 95 50 76 100 66 83 71 52 86 100 70 60 115 87 106 92 74 120 60 110 58 78 84 75 88 114 105 53 58 94 65 85 80 58 60 114 97 117 68 88 59 91 86 83 73 64 58 115 71 63 119 115 59 79 71 113 102 112 58 65 108 58 86 69 106 72 115 77 63 60 75 62 53 120 64 64 117 101 51 111 94 113 114 111 67 83 100 85 200
44
0 0 0 0 0 0 0 0 0 0 0 0 0 0 0 0 0 0 0 0 0 0 0 0 0 0 0 0 0 0 0 0 0 0 0 0 0 0 0 0 0 0 0 0
944
200 200 200 200 200 200 200 200 200 200 200 200 200 200 200 200 200 200 200 200 200 200 200 200 200 200 200 200 200 200 200 200 200 200 200 200 200 200 200 200 200 200 200 200 200 200 200 200 200 200 200 200 200 200 200 200 200 200 200 200 200 200 200 200 200 200 200 200 200 200 200 200 200 200 200 200 200 200 200 200 200 200 200 200 200 200 200 200 200 200 200 200 200 200 200 200 200 200 200 200 200 200 200 200 200 200 200 200 200 200 200 200 200 200 200 200 200 200 200 200 200 200 200 200 200 200 200 200 200 200 200 200 200 200 200 200 200 200 200 200 200 200 200 200 200 200 200 200 200 200 200 200 200 200 200 200 200 200 200 200 200 200 200 200 200 200 200 200 200 200 200 200 200 200 200 200 200 200 200 200 200 200 200 200 200 200 200 200 200 200 200 200 200 200 200 200 200 200 200 200 200 200 200 200 200 200 200 200 200 200 200 200 200 200 200 200 200 200 200 200 200 200 200 200 200 200 200 200 200 200 200 200 200 200 200 200 200 200 200 200 200 200 200 200 200 200 200 200 200 200 200 200 200 200 200 200 200 200 200 200 200 200 200 200 200 200 200 200 200 200 200 200 200 200 200 200 200 200 200 200 200 200 200 200 200 200 200 200 200 200 200 200 200 200 200 200 200 200 200 200 200 200 200 200 200 200 200 200 200 200 200 200 200 200 200 200 200 200 200 200 200 200 200 200 200 200 200 200 200 200 200 200 200 200 200 200 200 200 200 200 200 200 200 200 200 200 200 200 200 200 200 200 200 200 200 200 200 200 200 200 200 200 200 200 200 200 200 200 200 200 200 200 200 200 200 200 200 200 200 200 200 200 200 200 200 200 200 200 200 200 200 200 200 200 200 200 200 200 200 200 200 200 200 200 200 200 200 200 200 200 200 200 200 200 200 200 200 200 200 200 200 200 200 200 200 200 200 200 200 200 200 200 200 200 200 200 200 200 200 200 200 200 200 200 200 200 200 200 200 200 200 200 200 200 200 200 200 200 200 200 200 200 200 200 200 200 200 200 200 200 200 200 200 200 200 200 200 200 200 200 200 200 200 200 200 200 200 200 200 200 200 200 200 200 200 200 200 200 200 200 200 200 200 200 200 200 200 200 200 200 200 200 200 200 200 200 200 200 200 200 200 200 200 200 200 200 200 200 200 200 200 200 200 200 200 200 200 200 200 200 200 200 200 200 200 200 200 200 200 200 200 200 200 200 200 200 200 200 200 200 200 200 200 200 200 200 200 200 200 200 200 200 200 200 200 200 200 200 200 200 200 200 200 200 200 200 200 200 200 200 200 200 200 200 200 200 200 200 200 200 200 200 200 200 200 200 200 200 200 200 200 200 200 200 200 200 200 200 200 200 200 200 200 200 200 200 200 200 200 200 200 200 200 200 200 200 200 200 200 200 200 200 200 200 200 200 200 200 200 200 200 200 200 200 200 200 200 200 200 200 200 200 200 200 200 200 200 200 200 200 200 200 200 200 200 200 200 200 200 200 200 200 200 200 200 200 200 200 200 200 200 200 200 200 200 200 200 200 200 200 200 200 200 200 200 200 200 200 200 200 200 200 200 200 200 200 200 200 200 200 200 200 200 200 200 200 200 200 200 200 200 200 200 200 200 200 200 200 200 200 200 200 200 200 200 200 200 200 200 200 200 200 200 200 200 200 200 200 200 200 200 200 200 200 200 200 200 200 200 200 200 200 200 200 200 200 200 200 200 200 200 200 200 200 200 200 200 200 200 200 200 200 200 200 200 200 200 200 200 200 200 200 200 200 200 200 200 200 200 200 200 200 200 200 200 200 200 200 200 200 200 200 200 200 200 200 200 200 200 200 200 200 200 200 200 200 200 200 200 200 200 200 200 200 200 200 200 200 200 200 200 200 200 200 200 200 200 200 200 200 200 200 200 200 200 200 200 200 200 200 200 200 200 200 200 200 200 200 200 200 200 200 200 200 200 200 200 200 200 200 200 200 200 200 200 200 200 200 200 200 200 200 200 200 200 200 200 200 200 200 200 200 200 200 200 200 200 200 200 200 200 200 200 200 200 200 200 200 200 200 200 200 200 200 200 200 200 200 200 200 200 200 200 200
105
187 76 16 193 74 74 193 76 193 76 76 187 193 187 76 76 187 187 76 117 76 16 117 74 16 117 193 117 76 76 16 117 16 74 117 117 193 16 74 74 76 187 187 16 76 16 76 193 16 74 187 117 76 117 187 76 16 187 76 76 76 187 74 117 76 74 74 16 187 16 76 16 16 193 74 187 117 16 76 187 16 74 117 187 117 74 187 16 117 193 76 117 76 117 187 117 76 74 187 76 76 74 187 187 74
960
0 200 51 73 60 74 85 104 99 110 89 62 100 115 99 109 108 111 100 84 82 71 71 108 107 74 66 67 102 107 109 94 84 65 119 102 111 57 98 89 102 78 120 68 93 110 64 72 72 92 100 95 63 71 60 74 72 77 110 82 113 63 52 115 69 84 117 89 67 111 84 61 93 91 97 110 94 88 70 68 104 101 64 96 67 80 112 89 60 120 77 80 114 50 69 62 109 95 78 66 58 88 62 90 110 56 111 105 65 56 82 90 79 89 82 74 84 120 54 64 107 75 116 119 109 89 87 99 55 77 95 92 50 65 92 86 68 93 94 113 56 77 50 74 88 104 117 113 91 86 57 53 118 114 52 57 100 99 60 87 83 67 97 86 103 65 110 108 87 72 73 63 105 75 82 116 53 65 56 88 114 52 76 102 107 107 92 86 63 92 74 119 98 90 60 94 70 88 72 96 102 78 59 114 76 104 83 82 118 98 64 60 58 68 82 97 118 100 86 111 53 71 112 60 60 88 118 120 94 76 74 87 66 119 112 52 51 70 115 100 83 51 70 95 52 83 111 109 65 73 115 85 62 87 110 51 63 120 71 51 90 103 84 70 86 101 97 74 54 105 87 55 120 80 82 107 106 94 62 84 85 81 69 88 91 109 89 105 84 100 105 85 99 79 111 55 82 66 83 98 102 112 93 83 52 58 72 107 86 101 89 94 64 83 62 84 95 84 74 117 106 115 83 107 110 119 95 81 73 63 107 98 64 111 61 53 105 77 86 52 87 71 72 109 83 98 77 109 59 98 86 119 107 118 102 79 104 81 114 114 117 71 85 51 62 108 78 67 78 110 72 119 107 80 72 79 107 114 64 111 89 52 67 102 105 116 60 110 65 56 69 109 80 64 82 84 106 100 107 51 106 69 51 62 69 97 57 117 52 91 118 56 85 113 99 103 86 92 62 74 106 91 99 116 61 113 100 95 96 53 113 78 64 64 97 71 92 52 81 120 72 111 81 50 80 53 79 111 54 52 84 102 74 56 61 51 107 108 76 97 114 56 86 59 82 65 118 88 114 117 82 120 54 65 107 99 59 59 60 76 98 63 80 76 62 88 106 77 69 60 99 61 60 53 71 99 84 120 95 72 105 51 111 71 97 105 60 81 110 106 97 71 78 66 118 95 81 74 69 99 116 56 71 51 100 101 61 97 87 99 118 75 62 75 90 91 68 67 71 63 70 115 108 105 71 80 50 65 98 90 60 113 103 88 105 108 86 118 101 91 89 62 61 114 67 65 70 100 112 91 108 67 84 84 64 81 52 95 84 67 86 76 74 90 52 78 98 66 85 51 64 69 97 66 58 78 58 54 100 52 63 107 80 95 117 109 77 108 101 120 91 55 71 60 68 59 72 94 62 103 68 118 94 103 117 73 100 100 65 63 108 110 59 92 107 104 92 91 99 84 63 64 88 116 106 103 120 54 64 109 62 77 96 67 92 82 105 111 60 110 78 69 89 53 50 54 69 60 112 53 70 104 84 108 75 100 72 88 120 83 67 68 93 94 52 117 104 57 110 61 86 50 69 99 118 76 108 82 78 71 92 101 115 90 86 51 84 104 103 85 81 114 114 100 69 52 75 95 95 105 71 105 59 58 67 65 63 76 65 83 88 78 55 120 80 112 77 60 102 112 74 93 114 82 88 115 82 60 98 57 107 74 111 90 89 52 99 65 120 63 63 52 103 93 100 59 95 87 65 112 96 50 56 109 119 86 117 120 94 119 81 68 95 93 88 59 119 109 78 57 56 112 88 85 72 66 86 120 62 110 90 54 101 110 89 109 50 113 101 66 87 54 86 77 75 102 66 50 85 60 109 51 119 87 109 79 72 110 95 109 55 59 105 60 68 94 107 63 112 82 97 55 102 102 60 80 78 59 100 74 72 52 94 88 83 120 80 67 112 88 112 95 85 113 53 106 59 117 63 92 115 99 76 57 77 103 59 113 57 70 96 79 57 81 109 99 89 77 67 105 90 74 76 99 96 79 59 56 51 58 105 105 102 88 93 81 79 97 69 69 102 117 99 110 74 79 103 76 50 56 82 70 114 59 74 97 66 95 109 87 112 82 55 69 112 59 80 66 71 108 73 107 103 106 89 100 106 71 83 98 59 89 112 94 51 54 100 63 110 200
900
87 87 42 87 42 87 87 87 87 87 87 42 42 42 42 87 42 87 87 42 42 87 42 42 42 42 87 42 87 42 42 87 42 87 42 42 87 42 87 87 42 87 42 87 87 42 42 42 42 87 87 42 42 87 87 42 87 87 87 87 87 87 87 87 87 42 42 42 42 87 87 42 87 42 87 42 87 42 87 42 87 87 42 87 87 42 42 42 87 42 42 87 42 42 42 87 42 42 42 42 42 87 87 87 87 42 87 87 87 42 87 87 87 42 42 42 87 42 42 42 87 42 42 42 87 42 87 42 42 42 87 42 42 42 42 42 87 87 87 87 87 42 87 42 87 87 42 42 87 87 42 42 87 87 87 87 42 42 42 87 42 87 42 42 87 42 42 87 87 42 87 87 42 42 42 87 87 42 87 87 42 42 42 42 87 42 42 42 87 42 42 42 87 42 87 87 42 87 87 42 87 87 42 87 87 42 87 87 87 42 42 42 87 42 87 42 42 87 87 87 87 42 42 87 87 87 42 87 87 42 87 42 42 87 42 87 87 42 87 87 87 42 87 42 42 42 87 87 87 42 87 42 42 87 87 87 42 87 87 87 87 42 42 42 87 42 87 87 42 87 87 87 42 42 87 42 87 87 87 42 42 42 42 42 87 87 87 87 42 42 87 42 42 42 42 42 42 42 42 42 42 87 87 42 42 87 87 87 87 87 87 87 42 42 87 42 42 42 87 87 42 87 42 42 87 42 87 42 87 87 87 87 42 42 87 87 87 87 87 87 87 87 42 42 87 87 42 42 42 42 87 42 42 87 87 42 42 87 87 87 87 42 42 87 87 87 87 42 87 87 87 42 87 42 87 87 87 87 87 42 87 87 42 87 87 42 42 87 42 87 42 42 87 87 42 87 87 87 42 87 42 42 87 87 42 42 87 42 87 87 87 87 87 87 87 87 87 87 42 42 42 87 87 42 42 42 87 87 87 42 87 42 42 42 42 42 87 87 87 87 42 87 87 87 87 87 87 87 42 87 87 42 87 42 42 42 87 42 87 42 42 87 42 42 42 87 87 87 42 87 87 87 42 42 42 87 42 87 87 87 42 42 87 42 87 42 42 42 42 42 42 87 42 42 87 87 42 87 42 42 87 42 87 42 87 42 42 42 42 87 87 42 87 87 87 87 42 42 42 87 87 42 87 42 87 87 87 87 42 87 87 87 42 42 87 87 87 87 42 87 42 87 87 42 87 42 42 87 87 42 87 87 42 42 87 87 87 87 42 87 42 87 42 42 87 42 42 42 87 42 42 87 87 42 42 87 42 42 42 87 87 42 87 87 42 42 87 87 87 42 42 87 87 87 42 87 42 87 42 42 87 42 87 42 87 42 87 87 87 42 87 87 87 42 87 87 42 42 42 87 42 42 87 42 87 42 87 42 87 42 42 87 87 42 87 87 87 87 87 87 87 42 87 42 42 42 87 87 87 87 42 87 42 42 42 42 87 87 42 42 87 42 87 42 87 87 42 87 42 87 42 42 42 42 87 42 42 87 87 87 87 87 87 42 87 42 87 87 87 42 42 87 87 87 87 87 42 87 87 42 87 42 42 42 87 87 87 87 42 42 87 87 87 42 87 87 42 42 42 42 42 87 87 42 42 42 42 42 87 42 87 87 87 42 87 87 42 87 87 42 87 87 87 42 87 42 87 42 87 87 87 42 42 87 42 87 42 42 42 87 42 87 42 42 87 42 42 42 42 42 42 42 87 42 42 87 87 42 87 87 87 42 42 87 42 42 87 42 87 42 42 42 87 87 42 87 87 42 87 42 42 87 42 42 87 87 87 42 42 87 87 42 42 42 42 87 42 87 87 42 42 42 42 42 87 87 87 87 42 87 87 87 42 42 87 42 42 42 87 87 87 42 87 87 42 42 42 87 42 87 42 42 87 42 87 42 87 87 42 42 87 87 42 87 42 42 87 42 42 42 87 42 87 42 87 87 42 42 42 42 87 87 87 42 42 42 42 87 42 87 42 87 87 87 87 42 87 42 42 87
801
0 0 0 0 0 0 0 0 0 0 0 0 0 0 0 0 0 0 0 0 0 0 0 0 0 0 0 0 0 0 0 0 0 0 0 0 0 0 0 0 0 0 0 0 0 0 0 0 0 0 0 0 0 0 0 0 0 0 0 0 0 0 0 0 0 0 0 0 0 0 0 0 0 0 0 0 0 0 0 0 0 0 0 0 0 0 0 0 0 0 0 0 0 0 0 0 0 0 0 0 0 0 0 0 0 0 0 0 0 0 0 0 0 0 0 0 0 0 0 0 0 0 0 0 0 0 0 0 0 0 0 0 0 0 0 0 0 0 0 0 0 0 0 0 0 0 0 0 0 0 0 0 0 0 0 0 0 0 0 0 0 0 0 0 0 0 0 0 0 0 0 0 0 0 0 0 0 0 0 0 0 0 0 0 0 0 0 0 0 0 0 0 0 0 0 0 0 0 0 0 0 0 0 0 0 0 0 0 0 0 0 0 0 0 0 0 0 0 0 0 0 0 0 0 0 0 0 0 0 0 0 0 0 0 0 0 0 0 0 0 0 0 0 0 0 0 0 0 0 0 0 0 0 0 0 0 0 0 0 0 0 0 0 0 0 0 0 0 0 0 0 0 0 0 0 0 0 0 0 0 0 0 0 0 0 0 0 0 0 0 0 0 0 0 0 0 0 0 0 0 0 0 0 0 0 0 0 0 0 0 0 0 0 0 0 0 0 0 0 0 0 0 0 0 0 0 0 0 0 0 0 0 0 0 0 0 0 0 0 0 0 0 0 0 0 0 0 0 0 0 0 0 0 0 0 0 0 0 0 0 0 0 0 0 0 0 0 0 0 0 0 0 0 0 0 0 0 0 0 0 0 0 0 0 0 0 0 0 0 0 0 0 0 0 0 0 0 0 0 0 0 0 0 0 0 0 0 0 0 0 0 0 0 0 0 0 0 0 0 0 0 0 0 0 0 0 0 0 0 0 0 0 0 0 0 0 0 0 0 0 0 0 0 0 0 0 0 0 0 0 0 0 0 0 0 0 0 0 0 0 0 0 0 0 0 0 0 0 0 0 0 0 0 0 0 0 0 0 0 0 0 0 0 0 0 0 0 0 0 0 0 0 0 0 0 0 0 0 0 0 0 0 0 0 0 0 0 0 0 0 0 0 0 0 0 0 0 0 0 0 0 0 0 0 0 0 0 0 0 0 0 0 0 0 0 0 0 0 0 0 0 0 0 0 0 0 0 0 0 0 0 0 0 0 0 0 0 0 0 0 0 0 0 0 0 0 0 0 0 0 0 0 0 0 0 0 0 0 0 0 0 0 0 0 0 0 0 0 0 0 0 0 0 0 0 0 0 0 0 0 0 0 0 0 0 0 0 0 0 0 0 0 0 0 0 0 0 0 0 0 0 0 0 0 0 0 0 0 0 0 0 0 0 0 0 0 0 0 0 0 0 0 0 0 0 0 0 0 0 0 0 0 0 0 0 0 0 0 0 0 0 0 0 0 0 0 0 0 0 0 0 0 0 0 0 0 0 0 0 0 0 0 0 0 0 0 0 0 0 0 0 0 0 0 0 0 0 0 0 0 0 0 0 0 0 0 0 0 0 0 0 0 0 0 0 0 0 0 0 0 0 0 0 0 0 0 0 0 0 0 0 0 0 0 0 0 0 0 0 0 0 0 0 0 0 0 0 0 0 0 0 0 0 0 0 0 0 0 0 0 0 0 0 0 0 0 0 0 0 0 0 0 0 0 0 0 0 0 0 0 0 0 0 0 0 0 0 0 0 0 0 0 0 0 0 0 0 0 0 0 0
756
0 200 111 113 62 112 83 109 59 111 88 119 104 58 81 74 76 120 109 52 98 53 82 84 98 70 98 93 102 78 50 80 99 54 53 64 91 75 64 93 68 114 88 78 71 72 71 57 78 57 90 81 111 101 78 92 105 101 113 109 54 70 77 84 115 55 77 111 77 118 79 95 74 57 111 74 75 118 51 75 60 88 103 65 54 87 98 101 92 67 73 88 99 58 119 91 91 59 93 74 95 113 63 73 111 82 81 68 50 57 114 59 87 76 63 64 94 66 116 92 115 74 94 105 116 81 112 98 116 65 62 74 56 95 109 110 50 85 84 101 56 81 112 76 64 109 99 117 83 74 112 98 89 67 61 112 98 54 70 72 64 51 56 81 84 95 57 86 67 60 66 76 92 92 78 99 52 52 73 105 119 86 117 101 115 99 87 92 64 69 101 59 109 116 62 118 120 92 115 103 73 101 115 55 51 61 106 60 111 54 116 56 61 90 120 55 56 63 88 100 74 81 110 108 111 104 50 54 54 101 111 108 101 77 72 100 62 73 103 81 62 85 89 81 115 106 70 63 60 97 80 96 69 114 73 96 89 113 92 54 64 79 76 96 107 81 68 69 73 113 90 95 102 86 102 114 111 118 91 105 63 92 72 63 69 105 85 73 65 63 74 53 79 116 114 107 104 107 87 80 60 90 84 78 112 108 95 91 51 89 99 66 91 108 96 111 94 117 109 54 53 103 70 77 101 100 72 68 78 57 81 97 85 61 58 83 97 111 69 84 113 74 50 105 89 53 108 102 102 61 57 93 85 112 82 111 90 116 50 50 52 78 78 53 89 58 98 117 69 101 55 51 107 65 78 59 90 113 60 79 62 54 51 80 89 70 71 65 65 96 88 66 98 111 70 118 113 56 59 83 54 88 93 118 89 78 62 69 72 97 54 116 120 77 111 99 113 119 113 70 100 112 58 103 115 77 79 65 68 88 56 93 72 67 96 70 63 61 87 74 71 88 84 94 88 86 60 112 107 55 76 67 56 69 77 55 52 68 56 54 91 111 113 91 60 111 64 118 89 83 59 72 63 109 120 77 100 58 110 51 83 86 67 95 55 103 84 95 96 108 112 92 67 95 61 108 88 112 50 99 115 120 91 60 72 101 69 65 52 98 62 101 81 54 119 112 70 51 54 113 69 118 80 89 66 109 83 93 119 89 73 83 97 88 108 51 103 84 105 61 72 69 89 81 86 57 85 100 106 118 120 114 84 112 88 77 63 96 67 95 78 101 77 50 92 88 100 115 60 73 112 51 118 50 52 115 76 58 96 85 69 109 81 63 55 103 61 102 116 61 72 76 65 69 92 84 115 77 64 56 117 90 105 84 56 52 107 90 85 91 72 74 117 85 93 71 50 101 82 51 74 50 59 69 82 60 104 87 72 108 76 106 103 104 61 100 96 94 119 116 102 104 52 117 84 68 81 97 81 90 108 90 86 68 116 85 71 81 58 83 81 102 83 102 120 102 112 82 67 65 71 68 111 104 50 59 81 117 85 100 56 99 89 96 79 63 115 79 104 71 64 52 91 50 107 111 93 50 51 86 110 58 114 106 109 51 109 75 119 80 80 80 87 102 91 64 79 81 81 108 69 72 54 65 86 82 82 73 86 107 105 99 94 99 113 77 69 65 68 70 73 54 111 55 65 70 116 105 60 86 52 120 53 85 105 200
62
6 13 2 6 183 12 0 12 11 12 17 168 12 3 163 5 1 150 6 1 17 0 10 10 0 10 15 19 0 18 3 200 187 18 19 3 20 7 150 186 6 9 20 11 13 14 182 12 2 14 171 4 8 3 16 4 2 17 8 9 3 191
246
143 156 143 143 77 143 143 156 143 143 77 77 77 143 143 143 77 77 77 156 77 77 77 77 156 156 77 156 77 77 156 77 156 156 156 156 77 156 77 143 156 143 156 156 143 156 143 156 156 143 143 143 156 156 156 143 156 77 143 143 156 77 156 143 156 77 156 143 77 77 77 77 156 156 156 156 143 156 143 156 156 156 77 77 77 143 77 77 143 77 156 77 143 77 77 77 156 143 143 143 143 77 143 77 143 143 156 77 143 156 156 77 77 77 77 143 143 143 77 156 143 143 143 143 156 77 77 156 77 77 156 77 77 77 77 156 143 143 143 156 156 156 143 143 77 77 156 143 143 143 143 143 77 77 143 143 77 77 77 77 77 156 143 77 143 77 77 77 156 156 156 77 77 143 156 143 143 156 77 77 143 143 143 156 143 77 143 156 156 77 143 156 156 143 77 77 77 156 143 143 77 143 143 77 77 156 143 156 77 156 143 143 143 77 156 77 156 143 156 143 156 77 156 77 143 156 156 156 77 143 143 156 77 77 77 77 156 143 77 143 77 77 77 156 156 156
976
186 149 68 198 105 125 24 59 162 155 76 79 63 134 55 144 39 170 144 79 42 185 58 14 193 31 103 188 94 146 66 70 34 84 148 116 71 87 187 191 77 5 144 89 58 135 46 179 69 43 71 107 111 64 194 51 41 186 154 197 148 51 167 64 85 94 180 99 1 64 137 137 117 86 183 15 188 102 80 147 156 75 99 108 99 157 70 161 186 86 172 95 138 24 15 127 116 113 112 48 8 141 106 124 109 52 97 25 13 79 81 83 54 56 129 183 117 200 188 28 76 21 15 79 131 165 122 0 63 17 148 4 113 160 174 71 0 117 2 60 103 23 43 35 117 121 97 36 168 88 112 95 48 129 193 122 153 150 167 159 28 147 78 47 66 25 78 49 144 45 170 160 70 9 31 181 191 89 63 29 19 143 3 65 163 156 40 53 148 29 117 101 3 141 122 4 184 87 164 60 44 137 190 98 131 178 13 28 138 200 17 0 75 67 52 117 73 177 79 126 114 20 30 190 112 4 151 5 53 47 146 12 193 132 81 76 79 119 102 167 39 47 114 73 108 100 52 40 54 157 191 146 46 175 170 55 8 143 65 191 20 82 156 160 98 144 109 92 190 14 68 111 97 69 178 148 9 92 188 126 165 162 155 184 134 188 109 75 51 149 44 77 137 80 182 129 67 143 36 141 6 63 14 55 89 144 176 36 188 111 183 6 39 138 146 110 22 143 63 165 51 22 81 26 58 65 128 51 66 134 1 37 181 112 82 147 194 172 49 17 34 127 84 108 60 31 87 187 1 120 3 92 68 0 90 138 124 164 37 175 67 175 140 43 124 179 80 137 147 84 39 152 181 84 145 149 118 17 46 48 23 127 140 175 131 101 27 73 59 11 32 28 40 151 2 5 41 196 83 36 164 1 114 50 130 68 58 165 14 147 187 85 136 52 20 165 56 166 82 128 54 3 28 26 42 167 24 101 139 173 5 189 106 44 168 26 33 11 176 125 40 64 166 77 130 66 66 133 48 158 96 148 51 128 33 52 131 67 192 109 28 154 136 61 143 168 50 110 83 55 2 9 43 131 95 143 157 115 99 54 60 180 165 122 161 200 195 36 107 196 184 176 131 8 10 184 42 3 195 140 109 134 83 116 68 136 179 180 161 115 65 46 46 86 16 75 79 132 178 21 34 51 48 86 131 119 54 13 175 119 43 68 179 164 152 155 123 175 185 71 144 18 0 135 136 5 28 17 92 40 49 132 35 115 7 45 127 91 159 151 22 121 141 69 194 80 185 88 175 188 46 140 180 81 5 154 72 66 192 51 90 65 144 156 162 178 47 150 112 198 146 69 165 64 61 162 30 70 3 106 185 130 182 91 181 17 16 116 112 85 146 97 179 72 27 147 10 13 177 158 32 182 122 13 96 182 155 7 73 129 117 67 184 118 58 141 57 96 3 16 183 69 27 27 122 26 74 33 191 165 192 168 61 141 42 94 120 108 7 64 105 7 15 113 88 10 68 105 78 199 73 151 14 132 76 21 161 33 53 118 75 110 123 88 138 79 181 56 146 79 86 79 121 105 145 145 148 77 135 198 104 89 148 27 141 29 23 31 100 96 66 65 35 129 39 200 169 198 197 69 111 7 172 185 52 40 51 177 184 164 178 76 165 152 183 58 166 42 109 169 39 77 136 184 136 104 93 16 34 154 83 30 70 197 56 65 135 14 9 190 161 128 0 144 72 184 78 130 129 184 124 182 32 62 195 58 129 175 93 72 181 196 57 196 25 29 189 101 53 77 70 45 35 160 100 194 169 152 155 87 117 73 82 62 33 79 192 0 155 198 132 86 61 33 124 8 152 19 47 74 167 98 8 37 104 18 43 68 56 56 7 25 139 82 149 125 82 14 31 119 70 194 82 70 51 23 163 147 140 174 135 191 43 2 45 72 186 141 17 159 107 182 26 179 7 15 11 0 108 67 56 125 21 147 92 152 174 106 65 99 35 36 33 185 187 141 6 89 101 27 49 17 179 90 109 44 94 143 61 134 57 184 157 149 154 46 178 191 50 85 32 110 42 80 198 84 190 1 113 80 166 113 88 167 137 101 120 4 44 28 72 151 163 82 17 74 135 148 95 69 106 17 143 20 34 66 197 127 104 110 191 171 59 152 170 74 168 32 189 5 66 6 178 60 59 195 116 34 22 52 2 145 80 67 5 16
35
18 13 11 18 5 5 16 11 11 12 17 16 18 12 11 3 12 2 3 0 0 7 19 10 5 6 17 0 10 1 14 11 4 7 14
215
3 8 168 1 20 18 1 10 11 0 8 2 10 5 17 186 17 14 2 20 0 18 16 16 6 5 15 11 17 1 19 19 17 5 10 10 6 178 154 20 8 3 11 180 172 17 9 13 20 8 177 19 18 20 11 20 2 20 9 4 0 0 10 180 12 16 14 8 12 3 3 10 19 8 6 7 15 182 152 167 0 4 7 8 199 181 11 3 17 12 2 19 12 2 0 14 199 6 11 13 7 5 5 16 12 0 11 12 173 19 177 15 3 15 158 189 161 9 5 14 17 9 3 19 168 15 198 8 178 188 2 150 8 8 7 192 187 0 17 0 3 184 19 15 2 5 12 192 0 7 164 15 4 15 170 2 12 14 12 16 1 9 10 2 10 8 16 3 14 0 7 10 17 7 11 200 9 3 152 9 12 178 7 5 14 192 17 16 18 7 9 16 4 190 6 3 10 10 20 16 1 8 11 8 8 7 13 15 4 13 174 197 17 2 10
885
11 15 18 10 7 17 18 12 0 18 10 1 15 9 20 0 4 20 13 11 12 15 13 14 14 7 2 0 11 18 17 12 12 18 16 19 8 12 16 7 2 19 4 6 5 11 6 12 14 1 2 15 5 3 15 4 11 7 6 18 2 5 12 17 8 10 17 18 6 17 11 5 18 16 10 12 6 8 7 3 1 17 1 0 13 17 11 8 20 12 10 3 2 16 17 15 7 13 8 5 3 20 12 10 16 9 14 0 16 0 16 6 9 6 3 19 20 3 16 13 19 14 10 2 3 4 3 20 10 17 1 10 15 8 13 12 7 19 4 16 15 12 18 1 3 19 20 19 15 19 5 10 11 7 15 17 7 4 8 11 20 9 8 16 14 0 12 1 1 13 15 0 9 6 1 20 7 13 10 8 17 2 6 20 13 19 19 1 7 4 6 11 15 20 1 4 17 14 3 2 0 18 3 14 14 8 1 19 7 20 4 1 4 6 17 3 13 3 2 10 10 18 6 2 6 11 15 0 20 18 11 0 5 5 13 13 9 1 8 3 11 18 1 12 12 0 3 3 8 19 14 12 12 0 4 13 3 16 12 17 15 4 11 14 5 2 10 7 4 18 14 2 8 3 6 17 2 3 4 0 5 3 6 9 16 4 6 18 6 10 8 9 16 6 19 6 10 0 5 13 3 7 6 6 19 6 13 6 16 13 11 5 0 13 2 12 19 17 13 16 18 3 1 18 7 12 14 2 5 19 5 5 11 17 7 2 16 20 3 20 0 12 4 20 17 13 2 9 5 16 18 4 9 9 0 20 2 3 14 10 13 4 18 8 16 18 17 2 18 14 8 12 6 20 20 3 15 2 12 10 18 9 2 10 2 10 20 6 0 15 2 10 2 12 18 12 12 13 6 16 4 2 16 15 0 3 4 20 19 16 20 6 8 16 17 12 1 8 19 5 7 12 14 8 17 5 2 14 5 14 12 2 10 7 0 9 11 18 7 5 18 12 15 10 10 19 9 19 16 1 14 5 13 3 0 10 10 6 13 13 1 17 7 9 15 2 3 13 4 3 17 9 11 0 1 4 1 18 14 15 0 3 15 2 0 20 16 9 12 12 1 18 11 6 7 3 4 8 13 12 4 3 18 10 9 0 12 19 2 13 7 3 9 19 13 20 18 8 10 7 3 0 3 15 20 20 18 1 11 10 10 2 14 7 2 12 20 3 11 3 8 17 13 14 19 13 16 19 8 12 7 9 0 4 3 14 0 18 20 7 6 1 6 3 13 16 19 9 15 12 2 2 16 0 3 0 1 0 6 8 13 17 2 4 11 2 4 5 17 17 15 15 3 14 11 2 10 5 0 18 3 10 0 18 12 14 3 13 14 10 13 7 9 3 16 16 11 8 1 7 6 15 9 9 5 20 19 19 0 15 16 18 18 6 5 6 2 6 8 19 3 7 20 12 19 13 11 20 13 20 10 7 9 8 6 19 17 10 4 4 8 4 0 8 17 15 14 18 6 9 0 1 18 2 9 4 13 19 4 13 13 1 4 20 3 10 15 18 15 11 4 14 7 20 13 14 4 7 20 2 17 14 13 19 2 12 12 3 1 18 12 15 7 8 13 9 17 20 9 5 1 8 4 3 2 5 3 17 6 16 5 4 4 4 9 7 9 9 19 3 11 5 19 20 14 4 17 20 12 3 9 3 5 15 4 7 4 15 1 2 10 15 13 5 0 6 10 12 6 19 11 17 0 18 0 14 11 3 12 20 3 15 0 18 17 19 13 2 12 0 12 17 5 16 17 17 5 7 7 11 18 16 18 1 7 9 14 8 13 5 17 6 18 3 13 16 14 4 15 1 10 5 8 11 4 13 7 9 10 20 6 19 13 17 0 0 17 14 14 8 19 1 9 19 11 11 7 15 8 9 18 7 10 5 15 20 17 3 0 1 11 13 9 9 17 5 5 1 10 10 12 13 2 5 7 16 3 13 5 19 8 6 16 0 18
608
0 0 0 0 0 0 0 0 0 0 0 0 0 0 0 0 0 0 0 0 0 0 0 0 0 0 0 0 0 0 0 0 0 0 0 0 0 0 0 0 0 0 0 0 0 0 0 0 0 0 0 0 0 0 0 0 0 0 0 0 0 0 0 0 0 0 0 0 0 0 0 0 0 0 0 0 0 0 0 0 0 0 0 0 0 0 0 0 0 0 0 0 0 0 0 0 0 0 0 0 0 0 0 0 0 0 0 0 0 0 0 0 0 0 0 0 0 0 0 0 0 0 0 0 0 0 0 0 0 0 0 0 0 0 0 0 0 0 0 0 0 0 0 0 0 0 0 0 0 0 0 0 0 0 0 0 0 0 0 0 0 0 0 0 0 0 0 0 0 0 0 0 0 0 0 0 0 0 0 0 0 0 0 0 0 0 0 0 0 0 0 0 0 0 0 0 0 0 0 0 0 0 0 0 0 0 0 0 0 0 0 0 0 0 0 0 0 0 0 0 0 0 0 0 0 0 0 0 0 0 0 0 0 0 0 0 0 0 0 0 0 0 0 0 0 0 0 0 0 0 0 0 0 0 0 0 0 0 0 0 0 0 0 0 0 0 0 0 0 0 0 0 0 0 0 0 0 0 0 0 0 0 0 0 0 0 0 0 0 0 0 0 0 0 0 0 0 0 0 0 0 0 0 0 0 0 0 0 0 0 0 0 0 0 0 0 0 0 0 0 0 0 0 0 0 0 0 0 0 0 0 0 0 0 0 0 0 0 0 0 0 0 0 0 0 0 0 0 0 0 0 0 0 0 0 0 0 0 0 0 0 0 0 0 0 0 0 0 0 0 0 0 0 0 0 0 0 0 0 0 0 0 0 0 0 0 0 0 0 0 0 0 0 0 0 0 0 0 0 0 0 0 0 0 0 0 0 0 0 0 0 0 0 0 0 0 0 0 0 0 0 0 0 0 0 0 0 0 0 0 0 0 0 0 0 0 0 0 0 0 0 0 0 0 0 0 0 0 0 0 0 0 0 0 0 0 0 0 0 0 0 0 0 0 0 0 0 0 0 0 0 0 0 0 0 0 0 0 0 0 0 0 0 0 0 0 0 0 0 0 0 0 0 0 0 0 0 0 0 0 0 0 0 0 0 0 0 0 0 0 0 0 0 0 0 0 0 0 0 0 0 0 0 0 0 0 0 0 0 0 0 0 0 0 0 0 0 0 0 0 0 0 0 0 0 0 0 0 0 0 0 0 0 0 0 0 0 0 0 0 0 0 0 0 0 0 0 0 0 0 0 0 0 0 0 0 0 0 0 0 0 0 0 0 0 0 0 0 0 0 0 0 0 0 0 0 0 0 0 0 0 0 0 0 0 0 0 0
427
150 150 198 30 198 138 150 138 198 198 10 198 138 30 150 198 10 138 10 30 198 138 138 10 30 30 150 138 198 31 150 10 31 10 10 10 10 10 30 150 31 10 138 31 198 138 10 138 31 138 198 10 10 30 138 30 31 10 138 198 10 31 138 150 10 198 198 138 198 198 10 150 31 31 10 150 150 30 198 150 31 150 138 30 198 198 150 138 138 10 138 198 31 198 198 30 138 198 31 10 150 198 30 10 31 31 138 31 30 30 10 138 10 30 150 138 31 150 138 31 138 10 138 30 30 138 150 198 150 30 150 150 31 198 138 30 30 138 138 138 138 10 138 10 10 150 198 30 138 10 31 198 150 198 31 31 150 10 10 10 138 138 150 10 198 138 31 138 138 150 31 30 138 10 150 10 198 150 30 10 31 198 31 138 150 150 30 30 198 31 198 31 30 198 10 138 198 138 10 31 31 10 138 198 10 138 30 31 138 150 198 31 150 30 10 31 10 10 150 31 138 150 30 138 150 30 10 31 31 31 10 30 150 198 31 150 31 138 30 138 138 150 10 138 10 31 138 198 138 198 31 138 10 138 150 31 150 31 138 138 198 150 30 30 31 150 150 10 138 31 138 198 31 198 150 198 30 31 10 31 30 150 138 150 150 138 198 10 10 198 30 150 198 30 10 138 138 150 30 30 10 198 30 10 31 31 31 138 30 150 150 138 10 10 31 31 10 150 150 10 30 198 198 10 10 31 150 10 198 138 198 10 198 138 31 138 198 30 198 150 31 138 10 10 31 150 138 150 198 198 150 10 31 31 138 198 138 10 30 150 10 10 30 30 31 31 198 198 138 138 150 30 10 30 31 31 150 30 10 10 150 30 30 138 138 31 150 138 31 150 10 150 31 10 138 198 150 31 138 198 30 10 31 138 10 30 30 30 150 198 30 198 30 198 31 10 138 31 31 31 138 10 30 198 31 10 198
450
19 17 19 18 6 6 5 2 14 14 9 2 17 8 5 0 6 4 20 5 5 5 20 9 3 15 20 6 18 0 19 15 19 2 5 19 4 12 17 20 16 5 17 1 15 20 13 14 11 8 16 9 6 8 8 17 4 5 15 17 15 5 1 20 19 1 7 6 12 7 11 5 2 11 15 18 7 16 0 18 17 17 3 8 16 13 20 14 13 19 17 2 8 1 15 2 10 2 2 7 11 12 9 0 4 9 10 13 15 0 13 16 5 20 11 9 18 11 6 2 10 9 20 14 11 20 14 7 11 20 7 19 17 6 1 16 9 2 14 19 2 9 8 2 11 8 19 2 11 12 5 20 7 20 7 5 4 2 15 6 12 7 3 0 19 20 6 10 20 5 3 9 6 9 18 0 9 6 16 19 16 18 14 12 4 4 14 7 12 7 20 13 18 15 19 6 18 18 6 9 4 6 17 16 20 3 10 12 0 17 10 17 17 19 14 5 13 18 1 8 1 11 1 17 5 0 12 4 10 10 8 13 0 4 10 2 19 2 5 19 10 0 11 20 8 1 18 20 15 5 5 12 4 9 6 17 7 15 9 7 2 10 12 11 8 14 13 8 18 20 5 2 9 3 7 11 2 3 4 9 1 9 5 8 10 7 10 18 19 17 8 4 13 1 6 8 4 10 3 20 14 11 13 10 11 13 1 18 1 19 17 6 14 20 2 0 20 16 15 1 11 8 2 6 19 17 19 13 5 10 12 9 15 17 18 4 17 16 19 14 2 2 12 0 8 18 5 18 13 8 0 12 2 14 20 12 16 19 7 15 11 20 17 7 13 16 11 0 1 1 12 11 13 7 3 15 2 18 20 16 19 0 3 5 3 18 10 1 17 0 3 1 20 17 13 13 6 12 3 0 15 17 19 11 9 11 5 16 15 20 14 10 5 18 6 15 11 17 12 3 4 11 2 10 14 14 19 4 12 13 20 4 4 6 19 3 20 6 13 14 2 10 8 20 17 6 19 5 2 4
881
119 119 21 119 119 21 119 21 93 144 119 120 120 120 120 144 119 93 93 119 119 144 119 21 93 93 21 21 93 21 119 93 120 21 21 120 120 119 144 119 21 144 21 93 120 144 93 119 120 120 93 119 120 144 119 144 144 120 93 120 120 21 21 119 119 144 93 120 21 119 93 93 119 93 21 21 119 93 120 144 144 144 120 144 144 144 119 21 144 21 93 93 21 120 119 119 93 21 21 93 21 119 120 119 144 21 93 120 120 21 120 93 21 119 93 120 144 119 120 21 93 144 119 120 144 120 120 21 120 21 120 21 120 93 93 144 144 119 93 120 120 21 93 93 93 120 93 21 120 93 21 93 120 144 120 119 93 120 120 120 21 144 144 21 21 119 119 21 21 93 120 119 21 93 144 120 144 93 144 144 93 144 119 144 119 119 120 144 144 21 93 144 120 21 21 21 120 119 144 120 120 93 119 119 144 144 119 120 120 144 120 119 93 21 144 119 93 21 120 120 119 144 119 120 144 21 144 21 93 120 120 21 21 144 93 93 120 93 119 93 93 144 119 93 120 21 119 93 21 120 120 93 120 21 120 120 93 119 120 21 144 21 120 144 21 120 120 119 21 120 93 21 21 119 144 120 120 120 93 120 21 120 144 21 119 119 144 144 144 144 93 144 93 144 21 119 93 144 144 144 144 93 21 119 93 93 120 119 21 21 119 119 93 119 120 21 21 144 93 120 144 21 144 119 120 119 93 120 93 120 93 21 144 21 93 120 119 21 21 21 119 119 119 144 119 144 120 93 93 21 93 120 93 93 144 120 144 144 21 144 119 93 119 21 144 119 119 144 119 144 120 119 120 120 21 144 119 93 119 93 93 144 144 21 144 93 144 119 119 120 119 119 93 21 144 21 21 119 144 119 120 93 21 93 93 21 21 21 93 21 21 119 120 21 144 120 120 120 144 120 120 21 21 144 21 21 119 120 119 21 21 144 144 120 120 93 93 119 119 120 120 120 21 119 120 119 120 144 144 144 144 120 144 119 144 120 21 144 119 120 93 21 120 120 93 120 119 93 119 144 21 144 144 93 21 120 120 144 21 119 93 144 21 144 93 120 93 93 21 93 119 120 144 120 21 119 93 144 144 119 120 144 119 120 21 21 93 119 119 21 21 119 120 119 93 120 144 21 144 119 120 144 120 21 144 120 21 93 120 120 93 144 119 144 93 93 21 93 93 120 21 119 93 144 119 144 93 21 144 93 119 120 120 93 144 93 119 119 21 93 21 120 144 119 120 21 93 144 21 119 21 21 144 93 119 93 21 119 144 119 21 120 21 120 21 120 119 144 120 93 120 93 93 93 21 93 21 21 93 21 21 119 144 144 120 120 144 120 120 119 120 21 120 144 21 120 93 120 120 93 93 119 21 120 93 21 21 120 120 120 119 120 144 144 144 21 119 21 144 120 119 93 21 119 119 120 120 120 120 120 144 120 119 120 21 21 21 119 119 120 120 119 119 119 93 119 144 119 144 21 119 21 119 21 21 93 21 120 120 21 93 21 144 120 120 93 144 120 144 144 120 120 144 120 144 120 21 120 21 120 120 120 93 119 119 144 93 119 93 21 21 120 93 21 21 119 21 120 93 119 93 119 93 144 93 120 21 119 93 144 93 93 93 144 93 93 93 120 119 21 120 93 120 21 120 93 120 144 21 144 120 119 120 93 144 119 93 120 144 21 93 93 119 144 119 144 119 93 93 93 144 93 119 119 21 93 120 120 144 119 21 21 21 21 119 144 120 93 21 93 119 120 119 93 93 93 93 144 144 21 119 21 93 21 119 119 144 144 119 93 120 144 119 119 120 21 144 120 21 120 93 93 144 93 93 120 93 93 119 120 119 120 120 119 21 119 93 21 144 144 21 144 119 21 21 144 144 120 144 119 120 93 93 120 21 144 144 120 120 93 119 21 120 93 120 21 144 119 21 120 21 120 21 21 144 21 120 21 120 119 21
892
104 70 199 72 198 163 116 14 33 96 112 193 69 169 146 112 12 26 194 55 8 94 172 138 62 96 184 92 11 152 145 11 137 14 86 53 131 98 84 100 150 22 104 22 193 32 132 166 131 172 175 144 98 149 14 72 93 42 169 195 10 110 171 160 32 12 119 146 136 28 68 190 11 69 90 25 21 48 54 172 55 74 197 107 11 146 71 25 49 58 24 0 71 129 163 34 154 182 14 171 38 56 29 110 92 198 186 19 114 29 67 128 31 80 24 87 81 72 160 101 54 19 150 75 119 86 2 184 98 67 184 41 172 44 26 23 48 123 140 10 116 57 103 93 79 67 47 173 20 181 102 0 19 192 170 37 22 93 87 25 102 119 36 21 113 139 135 116 47 3 96 24 45 170 191 73 70 97 103 101 144 73 39 46 25 61 197 47 187 40 29 38 84 168 90 35 97 21 84 151 109 120 3 182 29 57 111 50 57 197 101 183 104 56 177 105 133 105 141 136 56 32 12 158 193 119 30 102 173 158 143 54 181 2 115 16 41 83 31 156 89 55 55 155 23 68 48 191 101 47 118 198 79 190 100 58 87 98 116 148 95 183 150 176 100 176 17 177 0 179 106 2 65 13 195 76 120 85 84 139 117 85 11 190 78 110 193 160 198 135 98 43 54 115 130 29 29 163 58 146 125 16 79 100 51 21 61 83 98 26 4 44 139 12 160 189 56 38 106 136 83 200 127 181 39 115 87 156 51 16 84 54 109 33 13 184 132 14 163 65 95 59 195 48 96 164 91 48 166 15 49 150 32 133 172 116 86 108 128 55 23 80 50 179 176 148 19 49 184 164 17 106 174 168 97 31 118 172 29 101 63 177 178 111 194 193 81 64 119 40 114 115 18 150 193 17 154 96 13 139 145 138 92 123 199 77 63 183 84 8 187 97 166 24 148 128 176 139 38 73 183 121 57 109 109 123 10 27 74 171 146 175 57 196 55 98 135 56 49 121 46 119 117 124 153 130 37 130 189 139 63 103 198 126 65 188 79 182 134 18 50 120 0 87 131 51 92 114 164 128 87 111 126 186 52 95 198 33 151 177 59 181 72 86 54 41 84 174 7 44 148 131 188 58 110 113 161 150 101 176 180 120 98 189 165 178 8 165 48 147 107 8 82 11 188 187 149 81 22 1 159 173 59 90 68 65 193 8 191 193 138 75 184 136 171 95 121 91 134 200 71 40 128 199 114 47 154 190 91 133 45 153 46 179 27 16 122 170 177 112 96 108 85 40 69 113 98 185 128 82 194 81 181 173 83 149 69 82 113 95 72 31 25 139 21 199 72 101 155 62 95 100 66 52 63 145 176 50 39 57 75 119 27 15 160 116 35 122 134 136 116 60 100 160 12 80 138 96 178 42 196 129 41 78 15 89 92 86 45 117 87 162 95 70 178 149 95 190 194 113 181 5 48 151 10 107 39 30 52 58 161 2 199 69 67 106 88 59 170 116 30 69 135 157 98 76 41 116 181 92 179 143 55 45 107 145 66 82 147 142 87 130 66 180 195 17 188 57 1 153 178 186 72 21 45 86 122 148 38 94 80 30 23 79 62 121 103 19 13 134 90 153 98 190 14 117 49 139 165 51 90 122 172 175 123 37 77 194 10 71 50 137 62 82 28 152 162 104 96 73 1 151 88 189 73 143 45 48 200 99 102 89 43 186 47 78 132 79 28 3 67 26 5 80 142 58 85 125 137 25 69 2 73 154 45 45 14 74 179 166 171 74 68 101 37 158 105 29 96 181 200 41 172 24 56 58 198 81 150 183 127 147 109 18 184 11 10 80 4 23 68 43 62 82 36 49 35 127 93 50 70 8 13 146 148 133 86 45 56 185 129 83 14 44 100 147 85 31 160 6 34 145 47 42 194 60 94 65 72 21 110 59 86 134 176 97 185 74 4 200 34 67 2 90 77 117 41 25 168 95 87 64 13 12 28 187 66 109 33 192 50 5 58 150 57 117 139 194 58 21 74 75
797
4 141 4 19 19 4 58 19 4 132 122 141 58 141 19 132 19 141 4 141 4 4 4 58 19 132 132 19 58 4 132 122 58 141 58 4 19 141 141 141 19 4 132 132 4 4 141 19 132 122 141 4 19 4 122 58 122 4 141 122 19 132 132 141 19 19 58 141 58 4 122 141 122 58 122 122 58 58 19 141 141 122 141 4 122 132 122 4 132 19 141 4 4 122 132 58 19 19 132 122 122 132 122 122 122 132 4 141 122 4 58 19 19 58 58 4 141 4 141 19 122 4 122 132 19 4 19 4 4 141 132 141 122 19 122 19 58 19 122 141 132 4 58 19 19 141 58 122 4 141 141 122 141 122 4 141 4 122 141 19 58 122 132 58 58 19 4 19 58 58 4 122 19 132 132 4 141 58 122 141 19 141 19 132 122 141 58 4 58 122 132 122 19 58 58 132 58 141 58 4 132 141 4 4 58 58 132 141 58 141 58 132 4 122 132 141 4 132 122 122 58 58 122 58 19 132 132 58 19 19 132 132 58 4 122 122 19 19 4 141 58 19 58 4 4 141 122 132 122 141 4 132 122 19 58 122 122 19 141 141 4 132 141 141 122 4 141 19 132 4 58 122 19 4 4 132 122 19 122 122 4 58 141 132 58 141 58 132 122 141 122 132 58 58 58 4 122 122 58 58 132 122 122 58 132 132 132 58 19 132 132 122 19 132 19 132 141 58 58 132 122 19 122 132 19 132 132 132 122 58 19 19 19 132 141 122 19 19 132 132 141 58 141 19 141 141 19 19 58 141 4 4 58 122 141 19 4 122 19 4 19 19 58 58 58 19 58 132 132 141 132 4 19 132 141 58 132 141 4 4 4 141 132 122 4 132 58 4 122 141 122 122 58 58 141 19 141 122 58 141 132 58 19 4 141 4 58 19 19 132 58 19 4 141 58 4 141 132 4 19 122 132 141 58 19 19 122 4 19 19 4 122 132 132 58 122 19 4 4 58 58 141 141 122 141 58 132 58 122 58 19 4 19 122 132 19 19 132 58 19 19 58 132 132 122 122 122 132 141 19 141 4 141 19 4 19 19 132 132 141 141 58 132 4 141 4 141 4 58 19 4 122 4 19 4 58 132 132 19 132 122 132 122 58 4 132 4 58 132 141 132 4 141 141 19 122 141 19 122 19 122 141 132 141 58 4 58 122 122 58 58 58 58 132 4 132 132 4 19 141 4 122 122 141 58 122 4 58 132 122 4 19 58 4 58 58 122 132 4 19 122 141 58 132 132 122 19 141 58 58 58 58 141 141 4 141 4 141 141 122 4 4 141 58 132 122 58 141 19 58 58 19 122 132 141 4 122 122 141 58 19 58 122 58 132 19 132 19 58 58 58 19 19 132 122 19 132 19 58 58 132 122 141 132 122 4 4 58 122 4 132 19 122 132 58 122 58 141 4 19 132 122 132 4 19 58 141 58 4 19 141 19 122 4 58 122 19 132 58 141 122 122 19 19 4 19 4 58 132 122 141 58 58 141 122 141 141 58 122 58 141 141 19 19 132 4 58 132 58 4 4 141 132 132 4 132 141 58 141 141 141 19 122 141 141 58 132 4 4 122 132 19 132 141 132 19 132 4 4 122 141 4 132 4 58 122 141 141 19 141 58 58 132 122 122 132 122 141 141 122 19 132 132 122 141 58 4 141 58 58 141 141 132 19 4 4 19 4 58 19 19 122 132 132 122 19 58 19 122 141 19 19 19 141 19 58 4 19 141 58 58 122 4 58 4 141 132 122 122 132 122 122 141 122 132 4 132
343
162 192 58 187 74 146 175 41 65 66 97 30 194 14 122 28 152 105 113 3 19 24 92 78 129 135 31 113 183 46 128 43 81 134 186 4 114 17 21 124 9 186 54 139 104 188 173 17 70 69 59 141 147 22 38 9 105 180 175 200 29 11 191 109 36 70 184 178 93 114 189 151 33 39 4 160 36 54 28 162 168 72 130 185 125 168 140 34 113 23 149 169 133 41 110 95 82 169 99 71 77 118 85 75 125 99 158 21 188 31 20 43 63 151 198 191 183 6 45 3 148 44 79 131 196 124 128 188 137 124 154 89 198 111 101 180 114 187 44 130 27 40 177 88 131 73 151 125 106 10 193 86 114 89 148 124 63 47 185 50 180 76 136 141 15 173 13 105 46 115 87 168 81 50 143 106 20 187 186 162 148 10 102 67 130 2 135 20 71 200 60 141 126 146 35 116 185 193 88 170 20 0 28 182 78 162 103 127 37 103 51 111 73 118 74 172 62 86 154 81 24 29 7 93 44 131 160 151 24 22 122 84 162 73 10 19 187 162 142 7 30 149 23 196 65 145 42 77 175 18 86 45 143 162 186 197 62 39 171 158 163 56 43 195 70 126 113 50 172 155 175 88 96 198 200 61 136 108 146 168 187 107 60 145 52 154 165 93 123 93 97 56 140 118 17 70 16 7 192 151 128 116 98 170 108 44 68 173 16 82 52 42 119 52 76 89 138 13 143 88 171 7 128 82 11 50 128 124 115 12 17 180 12 57 161 200 139 80 91 79 165 156 42
665
0 0 0 0 0 0 0 0 0 0 0 0 0 0 0 0 0 0 0 0 0 0 0 0 0 0 0 0 0 0 0 0 0 0 0 0 0 0 0 0 0 0 0 0 0 0 0 0 0 0 0 0 0 0 0 0 0 0 0 0 0 0 0 0 0 0 0 0 0 0 0 0 0 0 0 0 0 0 0 0 0 0 0 0 0 0 0 0 0 0 0 0 0 0 0 0 0 0 0 0 0 0 0 0 0 0 0 0 0 0 0 0 0 0 0 0 0 0 0 0 0 0 0 0 0 0 0 0 0 0 0 0 0 0 0 0 0 0 0 0 0 0 0 0 0 0 0 0 0 0 0 0 0 0 0 0 0 0 0 0 0 0 0 0 0 0 0 0 0 0 0 0 0 0 0 0 0 0 0 0 0 0 0 0 0 0 0 0 0 0 0 0 0 0 0 0 0 0 0 0 0 0 0 0 0 0 0 0 0 0 0 0 0 0 0 0 0 0 0 0 0 0 0 0 0 0 0 0 0 0 0 0 0 0 0 0 0 0 0 0 0 0 0 0 0 0 0 0 0 0 0 0 0 0 0 0 0 0 0 0 0 0 0 0 0 0 0 0 0 0 0 0 0 0 0 0 0 0 0 0 0 0 0 0 0 0 0 0 0 0 0 0 0 0 0 0 0 0 0 0 0 0 0 0 0 0 0 0 0 0 0 0 0 0 0 0 0 0 0 0 0 0 0 0 0 0 0 0 0 0 0 0 0 0 0 0 0 0 0 0 0 0 0 0 0 0 0 0 0 0 0 0 0 0 0 0 0 0 0 0 0 0 0 0 0 0 0 0 0 0 0 0 0 0 0 0 0 0 0 0 0 0 0 0 0 0 0 0 0 0 0 0 0 0 0 0 0 0 0 0 0 0 0 0 0 0 0 0 0 0 0 0 0 0 0 0 0 0 0 0 0 0 0 0 0 0 0 0 0 0 0 0 0 0 0 0 0 0 0 0 0 0 0 0 0 0 0 0 0 0 0 0 0 0 0 0 0 0 0 0 0 0 0 0 0 0 0 0 0 0 0 0 0 0 0 0 0 0 0 0 0 0 0 0 0 0 0 0 0 0 0 0 0 0 0 0 0 0 0 0 0 0 0 0 0 0 0 0 0 0 0 0 0 0 0 0 0 0 0 0 0 0 0 0 0 0 0 0 0 0 0 0 0 0 0 0 0 0 0 0 0 0 0 0 0 0 0 0 0 0 0 0 0 0 0 0 0 0 0 0 0 0 0 0 0 0 0 0 0 0 0 0 0 0 0 0 0 0 0 0 0 0 0 0 0 0 0 0 0 0 0 0 0 0 0 0 0 0 0 0 0 0 0 0 0 0 0 0 0 0 0 0 0 0 0 0 0 0 0 0 0 0 0 0 0 0 0 0 0 0 0 0 0 0 0 0 0 0 0 0 0 0 0 0 0 0 0 0 0 0 0 0 0 0 0 0 0 0 0 0 0 0 0 0 0
545
0 0 0 0 0 0 0 0 0 0 0 0 0 0 0 0 0 0 0 0 0 0 0 0 0 0 0 0 0 0 0 0 0 0 0 0 0 0 0 0 0 0 0 0 0 0 0 0 0 0 0 0 0 0 0 0 0 0 0 0 0 0 0 0 0 0 0 0 0 0 0 0 0 0 0 0 0 0 0 0 0 0 0 0 0 0 0 0 0 0 0 0 0 0 0 0 0 0 0 0 0 0 0 0 0 0 0 0 0 0 0 0 0 0 0 0 0 0 0 0 0 0 0 0 0 0 0 0 0 0 0 0 0 0 0 0 0 0 0 0 0 0 0 0 0 0 0 0 0 0 0 0 0 0 0 0 0 0 0 0 0 0 0 0 0 0 0 0 0 0 0 0 0 0 0 0 0 0 0 0 0 0 0 0 0 0 0 0 0 0 0 0 0 0 0 0 0 0 0 0 0 0 0 0 0 0 0 0 0 0 0 0 0 0 0 0 0 0 0 0 0 0 0 0 0 0 0 0 0 0 0 0 0 0 0 0 0 0 0 0 0 0 0 0 0 0 0 0 0 0 0 0 0 0 0 0 0 0 0 0 0 0 0 0 0 0 0 0 0 0 0 0 0 0 0 0 0 0 0 0 0 0 0 0 0 0 0 0 0 0 0 0 0 0 0 0 0 0 0 0 0 0 0 0 0 0 0 0 0 0 0 0 0 0 0 0 0 0 0 0 0 0 0 0 0 0 0 0 0 0 0 0 0 0 0 0 0 0 0 0 0 0 0 0 0 0 0 0 0 0 0 0 0 0 0 0 0 0 0 0 0 0 0 0 0 0 0 0 0 0 0 0 0 0 0 0 0 0 0 0 0 0 0 0 0 0 0 0 0 0 0 0 0 0 0 0 0 0 0 0 0 0 0 0 0 0 0 0 0 0 0 0 0 0 0 0 0 0 0 0 0 0 0 0 0 0 0 0 0 0 0 0 0 0 0 0 0 0 0 0 0 0 0 0 0 0 0 0 0 0 0 0 0 0 0 0 0 0 0 0 0 0 0 0 0 0 0 0 0 0 0 0 0 0 0 0 0 0 0 0 0 0 0 0 0 0 0 0 0 0 0 0 0 0 0 0 0 0 0 0 0 0 0 0 0 0 0 0 0 0 0 0 0 0 0 0 0 0 0 0 0 0 0 0 0 0 0 0 0 0 0 0 0 0 0 0 0 0 0 0 0 0 0 0 0
834
166 3 187 3 16 4 5 12 180 9 15 16 179 2 17 2 5 18 3 3 159 165 3 17 13 3 4 5 1 169 19 184 3 8 18 10 10 0 3 13 187 15 4 170 11 18 6 19 13 14 192 1 180 6 183 176 15 14 1 15 15 13 5 15 168 7 185 11 15 176 11 15 12 0 19 9 168 17 7 16 18 6 14 8 161 5 6 18 7 13 7 3 14 12 12 182 10 5 163 17 4 0 175 5 13 9 175 14 3 14 156 11 9 9 0 19 3 4 2 7 153 17 3 17 2 16 182 7 13 2 1 16 3 9 10 1 1 0 0 0 167 6 10 19 157 9 16 11 9 0 6 10 15 1 17 10 19 1 1 3 164 14 15 196 14 1 13 1 168 18 12 9 18 153 2 6 4 192 8 13 180 0 20 18 16 4 20 0 4 16 20 14 16 3 194 13 19 19 11 10 16 14 157 192 18 14 4 12 14 179 14 3 19 176 16 185 7 8 197 4 0 3 20 189 10 18 17 20 9 163 16 11 6 18 0 191 17 0 8 10 19 150 198 11 10 3 2 13 19 14 8 17 3 16 6 13 186 19 0 2 11 3 13 169 166 0 10 154 1 1 10 176 19 0 4 16 20 20 16 8 17 153 200 175 9 11 19 10 159 4 159 150 0 157 8 9 16 13 7 16 16 2 18 19 188 18 197 5 14 9 20 178 1 0 11 161 0 190 4 7 10 11 2 11 2 9 16 7 8 166 178 5 15 6 2 5 12 182 16 4 10 185 4 14 178 16 8 6 175 180 10 177 20 1 9 164 17 158 7 13 9 184 8 2 17 7 13 5 171 10 18 9 187 9 5 19 9 18 4 3 14 14 18 17 17 10 13 188 163 198 17 13 16 159 18 169 179 189 7 15 0 16 11 5 195 10 5 2 13 1 14 1 153 12 0 12 13 17 17 153 16 188 15 155 19 10 0 6 8 2 9 20 7 1 3 4 175 9 1 4 4 19 15 19 14 17 20 15 18 171 3 14 9 0 15 14 15 7 8 10 9 165 8 2 11 14 1 14 10 13 9 178 2 9 13 9 3 10 15 18 9 13 10 188 152 5 187 18 3 14 13 15 12 185 173 11 192 13 19 9 8 19 9 13 3 0 199 7 5 164 8 20 7 6 15 9 19 18 15 15 2 11 20 5 9 10 8 1 12 4 1 163 3 2 9 182 170 171 158 20 19 19 18 14 3 16 6 5 8 11 18 190 7 10 200 1 12 12 5 20 14 16 5 6 10 151 4 19 181 3 12 11 16 5 5 13 7 15 1 176 19 0 187 18 19 11 20 8 14 5 1 19 11 9 15 153 13 20 7 13 0 7 13 2 11 0 16 20 8 5 19 169 18 12 15 175 15 7 12 14 1 183 6 1 3 13 13 11 20 163 12 4 10 181 0 14 16 17 14 180 3 8 6 176 2 16 157 12 172 16 9 13 3 5 15 183 151 12 13 181 186 17 191 3 174 5 165 4 164 3 13 13 177 171 2 158 4 160 16 194 14 11 4 17 8 12 8 164 1 15 154 6 14 2 19 178 183 4 9 20 2 7 19 11 9 19 7 14 184 6 17 7 157 16 3 2 4 3 6 11 8 20 2 3 154 0 8 154 0 13 1 7 9 20 10 169 1 12 20 184 13 1 14 18 2 20 16 18 9 180 8 2 154 11 9 2 4 18 3 187 18 17 18 178 14 9 8 19 19 20 192 14 10 2 1 2 12 9 9 1 11 19 189 13 16 2 175 184 18 16 9 4 11 0 167 10 3 161 2 12 20 8 20 13 6 2 154 152 15 4 14 5 8 16 2 1 20 11 14 188 17 19 19 6 6 11 4 8 0 15 18 196 155 0
310
12 20 15 0 7 7 9 7 20 13 5 5 16 13 6 10 14 1 7 10 9 18 15 5 12 3 3 12 15 15 20 5 14 4 6 14 11 10 2 3 4 11 0 12 6 6 6 6 17 6 13 15 12 20 11 18 2 16 2 14 14 10 14 2 16 12 14 3 19 4 0 7 3 11 7 10 2 16 6 5 13 0 14 3 9 10 5 7 9 2 19 19 15 3 2 1 14 14 16 0 19 1 1 17 11 20 3 13 6 18 0 4 4 4 19 11 10 18 5 16 1 11 5 17 3 17 14 16 16 18 11 12 2 5 7 9 16 6 7 6 18 11 10 2 12 18 1 12 11 1 11 16 1 7 0 15 16 3 0 5 4 19 13 0 7 3 5 11 18 18 15 20 8 16 4 4 18 1 7 20 15 9 19 19 19 0 9 18 12 14 12 13 14 4 2 9 10 14 20 8 6 19 2 7 14 11 5 20 14 13 9 15 11 8 16 18 16 10 18 11 17 9 16 7 6 4 2 4 5 5 9 3 3 15 15 4 3 7 5 11 2 3 5 2 20 4 4 1 1 9 12 16 7 13 15 18 19 1 11 12 14 4 17 4 13 13 3 2 1 14 5 5 7 20 1 15 0 4 12 8 6 12 11 6 7 10 7 20 11 15 15 8 20 3 12 3 18 7 0 7 20 20 17 18 20 18 12 1 9 8
672
0 200 66 93 68 118 104 116 100 52 102 102 83 114 77 90 64 117 73 79 97 73 99 92 85 92 83 107 114 115 81 95 60 85 116 108 93 115 60 95 91 72 61 51 95 93 57 74 85 80 98 106 84 61 113 108 114 55 110 82 97 117 55 97 113 113 92 53 91 58 92 96 61 103 103 70 101 95 102 113 54 66 80 92 120 58 66 60 72 109 94 119 86 78 118 67 113 119 83 100 107 55 94 77 107 63 94 103 105 96 50 72 61 76 79 85 52 62 84 101 62 60 110 109 118 91 82 50 110 101 101 109 69 120 95 50 77 92 72 68 51 64 70 53 58 65 92 93 102 73 65 107 63 102 61 65 70 99 54 64 115 60 93 97 96 59 93 78 109 105 64 54 93 78 82 76 52 109 57 77 64 54 82 79 120 89 65 73 99 110 107 88 85 110 91 101 52 103 120 67 114 112 86 67 117 106 50 61 81 90 91 61 68 120 108 59 90 72 64 109 60 97 79 95 72 63 104 87 110 80 87 53 73 77 74 117 75 67 64 76 61 113 69 78 77 90 97 81 62 83 83 111 67 62 73 53 79 120 77 61 114 111 74 88 67 75 68 98 52 114 74 114 106 120 82 89 64 80 113 99 58 77 99 108 64 97 93 92 88 110 91 105 115 58 103 100 56 84 73 76 98 53 114 104 107 52 95 69 57 110 58 71 56 82 71 97 52 113 86 80 100 62 96 53 93 107 71 82 98 52 100 91 98 117 57 109 74 107 69 74 82 105 107 80 117 116 100 52 95 93 102 75 106 52 86 98 94 53 112 94 107 99 93 89 62 74 90 63 76 59 66 55 95 91 55 86 80 84 93 74 81 67 101 67 109 103 116 120 114 69 114 100 106 98 79 117 110 105 87 63 98 80 114 93 85 65 56 120 68 57 59 97 55 117 98 51 102 86 91 57 65 59 72 107 85 102 97 95 86 53 106 73 83 53 66 120 106 106 104 90 98 64 88 104 76 81 70 113 107 92 93 59 51 75 117 120 82 60 103 77 95 93 96 99 120 105 56 87 91 54 66 69 77 112 109 108 99 86 93 60 84 80 86 93 73 64 51 66 102 58 103 105 111 66 70 68 77 104 106 88 109 60 75 112 66 112 60 102 98 53 57 96 76 108 56 88 64 93 66 92 87 81 77 118 112 109 95 86 52 99 75 107 120 81 79 61 56 91 64 75 118 92 64 93 89 82 83 93 58 110 87 57 66 91 120 93 52 51 101 69 98 76 64 72 66 96 71 84 72 108 63 59 64 71 93 53 103 68 52 55 97 95 84 79 52 56 78 108 84 75 81 85 50 120 107 79 119 87 52 118 60 105 64 82 74 51 109 97 92 70 118 81 59 99 69 60 65 90 101 55 101 76 113 88 119 61 90 72 79 52 76 66 77 56 82 110 102 103 54 50 59 120 50 50 104 111 69 108 120 58 81 53 92 103 75 64 51 73 108 83 69 54 78 66 52 55 115 59 101 89 98 200
60
15 15 6 19 10 197 15 3 19 4 19 20 154 12 191 8 14 18 15 5 10 20 1 164 11 11 10 17 12 1 155 0 3 159 0 10 200 5 19 18 3 198 7 7 2 10 1 4 15 1 15 189 157 9 7 9 13 177 164 5
912
200 200 200 200 200 200 200 200 200 200 200 200 200 200 200 200 200 200 200 200 200 200 200 200 200 200 200 200 200 200 200 200 200 200 200 200 200 200 200 200 200 200 200 200 200 200 200 200 200 200 200 200 200 200 200 200 200 200 200 200 200 200 200 200 200 200 200 200 200 200 200 200 200 200 200 200 200 200 200 200 200 200 200 200 200 200 200 200 200 200 200 200 200 200 200 200 200 200 200 200 200 200 200 200 200 200 200 200 200 200 200 200 200 200 200 200 200 200 200 200 200 200 200 200 200 200 200 200 200 200 200 200 200 200 200 200 200 200 200 200 200 200 200 200 200 200 200 200 200 200 200 200 200 200 200 200 200 200 200 200 200 200 200 200 200 200 200 200 200 200 200 200 200 200 200 200 200 200 200 200 200 200 200 200 200 200 200 200 200 200 200 200 200 200 200 200 200 200 200 200 200 200 200 200 200 200 200 200 200 200 200 200 200 200 200 200 200 200 200 200 200 200 200 200 200 200 200 200 200 200 200 200 200 200 200 200 200 200 200 200 200 200 200 200 200 200 200 200 200 200 200 200 200 200 200 200 200 200 200 200 200 200 200 200 200 200 200 200 200 200 200 200 200 200 200 200 200 200 200 200 200 200 200 200 200 200 200 200 200 200 200 200 200 200 200 200 200 200 200 200 200 200 200 200 200 200 200 200 200 200 200 200 200 200 200 200 200 200 200 200 200 200 200 200 200 200 200 200 200 200 200 200 200 200 200 200 200 200 200 200 200 200 200 200 200 200 200 200 200 200 200 200 200 200 200 200 200 200 200 200 200 200 200 200 200 200 200 200 200 200 200 200 200 200 200 200 200 200 200 200 200 200 200 200 200 200 200 200 200 200 200 200 200 200 200 200 200 200 200 200 200 200 200 200 200 200 200 200 200 200 200 200 200 200 200 200 200 200 200 200 200 200 200 200 200 200 200 200 200 200 200 200 200 200 200 200 200 200 200 200 200 200 200 200 200 200 200 200 200 200 200 200 200 200 200 200 200 200 200 200 200 200 200 200 200 200 200 200 200 200 200 200 200 200 200 200 200 200 200 200 200 200 200 200 200 200 200 200 200 200 200 200 200 200 200 200 200 200 200 200 200 200 200 200 200 200 200 200 200 200 200 200 200 200 200 200 200 200 200 200 200 200 200 200 200 200 200 200 200 200 200 200 200 200 200 200 200 200 200 200 200 200 200 200 200 200 200 200 200 200 200 200 200 200 200 200 200 200 200 200 200 200 200 200 200 200 200 200 200 200 200 200 200 200 200 200 200 200 200 200 200 200 200 200 200 200 200 200 200 200 200 200 200 200 200 200 200 200 200 200 200 200 200 200 200 200 200 200 200 200 200 200 200 200 200 200 200 200 200 200 200 200 200 200 200 200 200 200 200 200 200 200 200 200 200 200 200 200 200 200 200 200 200 200 200 200 200 200 200 200 200 200 200 200 200 200 200 200 200 200 200 200 200 200 200 200 200 200 200 200 200 200 200 200 200 200 200 200 200 200 200 200 200 200 200 200 200 200 200 200 200 200 200 200 200 200 200 200 200 200 200 200 200 200 200 200 200 200 200 200 200 200 200 200 200 200 200 200 200 200 200 200 200 200 200 200 200 200 200 200 200 200 200 200 200 200 200 200 200 200 200 200 200 200 200 200 200 200 200 200 200 200 200 200 200 200 200 200 200 200 200 200 200 200 200 200 200 200 200 200 200 200 200 200 200 200 200 200 200 200 200 200 200 200 200 200 200 200 200 200 200 200 200 200 200 200 200 200 200 200 200 200 200 200 200 200 200 200 200 200 200 200 200 200 200 200 200 200 200 200 200 200 200 200 200 200 200 200 200 200 200 200 200 200 200 200 200 200 200 200 200 200 200 200 200 200 200 200 200 200 200 200 200 200 200 200 200 200 200 200 200 200 200 200 200 200 200 200 200 200 200 200 200 200 200 200 200 200 200 200 200 200 200 200 200 200 200 200 200 200 200 200 200 200 200 200 200 200 200 200 200 200 200 200 200 200 200 200 200 200 200 200
102
12 12 65 12 65 51 51 15 15 15 12 15 12 51 12 15 12 12 15 51 15 51 12 65 65 15 12 51 15 12 15 65 51 51 15 15 12 12 12 51 12 15 12 65 65 15 15 65 65 15 65 51 12 15 65 65 15 12 15 65 51 12 15 51 51 65 15 15 51 12 15 51 51 12 51 15 15 51 15 65 51 15 15 15 12 15 51 15 51 15 15 12 12 51 65 65 15 12 15 51 51 65
857
200 200 200 200 200 200 200 200 200 200 200 200 200 200 200 200 200 200 200 200 200 200 200 200 200 200 200 200 200 200 200 200 200 200 200 200 200 200 200 200 200 200 200 200 200 200 200 200 200 200 200 200 200 200 200 200 200 200 200 200 200 200 200 200 200 200 200 200 200 200 200 200 200 200 200 200 200 200 200 200 200 200 200 200 200 200 200 200 200 200 200 200 200 200 200 200 200 200 200 200 200 200 200 200 200 200 200 200 200 200 200 200 200 200 200 200 200 200 200 200 200 200 200 200 200 200 200 200 200 200 200 200 200 200 200 200 200 200 200 200 200 200 200 200 200 200 200 200 200 200 200 200 200 200 200 200 200 200 200 200 200 200 200 200 200 200 200 200 200 200 200 200 200 200 200 200 200 200 200 200 200 200 200 200 200 200 200 200 200 200 200 200 200 200 200 200 200 200 200 200 200 200 200 200 200 200 200 200 200 200 200 200 200 200 200 200 200 200 200 200 200 200 200 200 200 200 200 200 200 200 200 200 200 200 200 200 200 200 200 200 200 200 200 200 200 200 200 200 200 200 200 200 200 200 200 200 200 200 200 200 200 200 200 200 200 200 200 200 200 200 200 200 200 200 200 200 200 200 200 200 200 200 200 200 200 200 200 200 200 200 200 200 200 200 200 200 200 200 200 200 200 200 200 200 200 200 200 200 200 200 200 200 200 200 200 200 200 200 200 200 200 200 200 200 200 200 200 200 200 200 200 200 200 200 200 200 200 200 200 200 200 200 200 200 200 200 200 200 200 200 200 200 200 200 200 200 200 200 200 200 200 200 200 200 200 200 200 200 200 200 200 200 200 200 200 200 200 200 200 200 200 200 200 200 200 200 200 200 200 200 200 200 200 200 200 200 200 200 200 200 200 200 200 200 200 200 200 200 200 200 200 200 200 200 200 200 200 200 200 200 200 200 200 200 200 200 200 200 200 200 200 200 200 200 200 200 200 200 200 200 200 200 200 200 200 200 200 200 200 200 200 200 200 200 200 200 200 200 200 200 200 200 200 200 200 200 200 200 200 200 200 200 200 200 200 200 200 200 200 200 200 200 200 200 200 200 200 200 200 200 200 200 200 200 200 200 200 200 200 200 200 200 200 200 200 200 200 200 200 200 200 200 200 200 200 200 200 200 200 200 200 200 200 200 200 200 200 200 200 200 200 200 200 200 200 200 200 200 200 200 200 200 200 200 200 200 200 200 200 200 200 200 200 200 200 200 200 200 200 200 200 200 200 200 200 200 200 200 200 200 200 200 200 200 200 200 200 200 200 200 200 200 200 200 200 200 200 200 200 200 200 200 200 200 200 200 200 200 200 200 200 200 200 200 200 200 200 200 200 200 200 200 200 200 200 200 200 200 200 200 200 200 200 200 200 200 200 200 200 200 200 200 200 200 200 200 200 200 200 200 200 200 200 200 200 200 200 200 200 200 200 200 200 200 200 200 200 200 200 200 200 200 200 200 200 200 200 200 200 200 200 200 200 200 200 200 200 200 200 200 200 200 200 200 200 200 200 200 200 200 200 200 200 200 200 200 200 200 200 200 200 200 200 200 200 200 200 200 200 200 200 200 200 200 200 200 200 200 200 200 200 200 200 200 200 200 200 200 200 200 200 200 200 200 200 200 200 200 200 200 200 200 200 200 200 200 200 200 200 200 200 200 200 200 200 200 200 200 200 200 200 200 200 200 200 200 200 200 200 200 200 200 200 200 200 200 200 200 200 200 200 200 200 200 200 200 200 200 200 200 200 200 200 200 200 200 200 200 200 200 200 200 200 200 200 200 200 200 200 200 200 200 200 200 200 200 200 200 200 200 200 200 200 200 200 200 200 200 200 200 200 200 200 200 200 200 200 200 200 200 200 200 200 200 200 200 200 200 200 200 200 200 200 200 200 200 200
619
200 200 200 200 200 200 200 200 200 200 200 200 200 200 200 200 200 200 200 200 200 200 200 200 200 200 200 200 200 200 200 200 200 200 200 200 200 200 200 200 200 200 200 200 200 200 200 200 200 200 200 200 200 200 200 200 200 200 200 200 200 200 200 200 200 200 200 200 200 200 200 200 200 200 200 200 200 200 200 200 200 200 200 200 200 200 200 200 200 200 200 200 200 200 200 200 200 200 200 200 200 200 200 200 200 200 200 200 200 200 200 200 200 200 200 200 200 200 200 200 200 200 200 200 200 200 200 200 200 200 200 200 200 200 200 200 200 200 200 200 200 200 200 200 200 200 200 200 200 200 200 200 200 200 200 200 200 200 200 200 200 200 200 200 200 200 200 200 200 200 200 200 200 200 200 200 200 200 200 200 200 200 200 200 200 200 200 200 200 200 200 200 200 200 200 200 200 200 200 200 200 200 200 200 200 200 200 200 200 200 200 200 200 200 200 200 200 200 200 200 200 200 200 200 200 200 200 200 200 200 200 200 200 200 200 200 200 200 200 200 200 200 200 200 200 200 200 200 200 200 200 200 200 200 200 200 200 200 200 200 200 200 200 200 200 200 200 200 200 200 200 200 200 200 200 200 200 200 200 200 200 200 200 200 200 200 200 200 200 200 200 200 200 200 200 200 200 200 200 200 200 200 200 200 200 200 200 200 200 200 200 200 200 200 200 200 200 200 200 200 200 200 200 200 200 200 200 200 200 200 200 200 200 200 200 200 200 200 200 200 200 200 200 200 200 200 200 200 200 200 200 200 200 200 200 200 200 200 200 200 200 200 200 200 200 200 200 200 200 200 200 200 200 200 200 200 200 200 200 200 200 200 200 200 200 200 200 200 200 200 200 200 200 200 200 200 200 200 200 200 200 200 200 200 200 200 200 200 200 200 200 200 200 200 200 200 200 200 200 200 200 200 200 200 200 200 200 200 200 200 200 200 200 200 200 200 200 200 200 200 200 200 200 200 200 200 200 200 200 200 200 200 200 200 200 200 200 200 200 200 200 200 200 200 200 200 200 200 200 200 200 200 200 200 200 200 200 200 200 200 200 200 200 200 200 200 200 200 200 200 200 200 200 200 200 200 200 200 200 200 200 200 200 200 200 200 200 200 200 200 200 200 200 200 200 200 200 200 200 200 200 200 200 200 200 200 200 200 200 200 200 200 200 200 200 200 200 200 200 200 200 200 200 200 200 200 200 200 200 200 200 200 200 200 200 200 200 200 200 200 200 200 200 200 200 200 200 200 200 200 200 200 200 200 200 200 200 200 200 200 200 200 200 200 200 200 200 200 200 200 200 200 200 200 200 200 200 200 200 200 200 200 200 200 200 200 200 200 200 200 200 200 200 200 200 200 200 200 200
315
155 60 147 60 60 60 155 60 155 121 121 147 147 60 37 147 155 147 147 37 37 60 147 37 155 155 147 37 121 58 60 147 58 121 37 60 37 155 121 58 58 147 121 121 121 147 121 60 37 147 147 37 147 37 60 147 58 60 37 147 58 121 155 37 155 121 147 147 58 155 60 60 147 60 147 37 147 37 147 121 121 37 58 37 121 155 121 58 37 121 155 58 121 121 58 121 58 37 37 58 121 121 60 121 58 147 147 58 37 37 58 155 37 121 155 37 121 60 155 37 155 155 58 60 58 121 37 147 155 37 37 121 58 121 147 155 147 60 155 60 60 147 37 37 37 58 155 60 58 155 60 121 121 58 147 60 37 155 58 60 60 58 60 58 121 147 147 37 37 37 60 37 58 121 60 37 147 147 37 121 121 121 155 147 155 155 58 60 121 60 60 147 58 155 37 60 60 58 58 121 37 121 37 147 60 58 147 155 155 147 121 37 60 121 121 155 37 37 58 147 60 121 58 58 155 155 37 37 121 147 155 60 37 121 37 37 58 58 155 147 155 155 121 121 37 155 155 147 155 121 37 37 37 121 58 155 60 155 37 58 37 147 155 58 121 121 155 58 58 60 60 60 37 58 60 58 121 121 147 121 58 147 121 121 58 37 58 147 60 147 121 121 60 37 60 121 37 58 60 60 58 60 121 60 155 37 37 37 121 147 147 60 155 60 147
912
0 0 0 0 0 0 0 0 0 0 0 0 0 0 0 0 0 0 0 0 0 0 0 0 0 0 0 0 0 0 0 0 0 0 0 0 0 0 0 0 0 0 0 0 0 0 0 0 0 0 0 0 0 0 0 0 0 0 0 0 0 0 0 0 0 0 0 0 0 0 0 0 0 0 0 0 0 0 0 0 0 0 0 0 0 0 0 0 0 0 0 0 0 0 0 0 0 0 0 0 0 0 0 0 0 0 0 0 0 0 0 0 0 0 0 0 0 0 0 0 0 0 0 0 0 0 0 0 0 0 0 0 0 0 0 0 0 0 0 0 0 0 0 0 0 0 0 0 0 0 0 0 0 0 0 0 0 0 0 0 0 0 0 0 0 0 0 0 0 0 0 0 0 0 0 0 0 0 0 0 0 0 0 0 0 0 0 0 0 0 0 0 0 0 0 0 0 0 0 0 0 0 0 0 0 0 0 0 0 0 0 0 0 0 0 0 0 0 0 0 0 0 0 0 0 0 0 0 0 0 0 0 0 0 0 0 0 0 0 0 0 0 0 0 0 0 0 0 0 0 0 0 0 0 0 0 0 0 0 0 0 0 0 0 0 0 0 0 0 0 0 0 0 0 0 0 0 0 0 0 0 0 0 0 0 0 0 0 0 0 0 0 0 0 0 0 0 0 0 0 0 0 0 0 0 0 0 0 0 0 0 0 0 0 0 0 0 0 0 0 0 0 0 0 0 0 0 0 0 0 0 0 0 0 0 0 0 0 0 0 0 0 0 0 0 0 0 0 0 0 0 0 0 0 0 0 0 0 0 0 0 0 0 0 0 0 0 0 0 0 0 0 0 0 0 0 0 0 0 0 0 0 0 0 0 0 0 0 0 0 0 0 0 0 0 0 0 0 0 0 0 0 0 0 0 0 0 0 0 0 0 0 0 0 0 0 0 0 0 0 0 0 0 0 0 0 0 0 0 0 0 0 0 0 0 0 0 0 0 0 0 0 0 0 0 0 0 0 0 0 0 0 0 0 0 0 0 0 0 0 0 0 0 0 0 0 0 0 0 0 0 0 0 0 0 0 0 0 0 0 0 0 0 0 0 0 0 0 0 0 0 0 0 0 0 0 0 0 0 0 0 0 0 0 0 0 0 0 0 0 0 0 0 0 0 0 0 0 0 0 0 0 0 0 0 0 0 0 0 0 0 0 0 0 0 0 0 0 0 0 0 0 0 0 0 0 0 0 0 0 0 0 0 0 0 0 0 0 0 0 0 0 0 0 0 0 0 0 0 0 0 0 0 0 0 0 0 0 0 0 0 0 0 0 0 0 0 0 0 0 0 0 0 0 0 0 0 0 0 0 0 0 0 0 0 0 0 0 0 0 0 0 0 0 0 0 0 0 0 0 0 0 0 0 0 0 0 0 0 0 0 0 0 0 0 0 0 0 0 0 0 0 0 0 0 0 0 0 0 0 0 0 0 0 0 0 0 0 0 0 0 0 0 0 0 0 0 0 0 0 0 0 0 0 0 0 0 0 0 0 0 0 0 0 0 0 0 0 0 0 0 0 0 0 0 0 0 0 0 0 0 0 0 0 0 0 0 0 0 0 0 0 0 0 0 0 0 0 0 0 0 0 0 0 0 0 0 0 0 0 0 0 0 0 0 0 0 0 0 0 0 0 0 0 0 0 0 0 0 0 0 0 0 0 0 0 0 0 0 0 0 0 0 0 0 0 0 0 0 0 0 0 0 0 0 0 0 0 0 0 0 0 0 0 0 0 0 0 0 0 0 0 0 0 0 0 0 0 0 0 0 0 0 0 0 0 0 0 0 0 0 0 0 0 0 0 0 0 0 0 0 0 0 0 0 0 0 0 0 0 0 0 0 0 0 0 0 0 0 0 0 0 0 0 0 0 0 0 0 0 0 0 0 0 0 0 0 0 0 0 0 0 0 0 0 0 0 0 0 0 0 0 0 0 0 0 0 0 0 0 0 0 0 0 0 0 0 0 0 0 0 0 0 0 0 0 0 0 0 0 0 0 0 0 0 0 0 0 0 0 0 0
693
7 14 4 12 3 200 8 19 17 13 18 11 198 178 175 2 9 19 13 7 11 155 2 4 154 4 8 8 10 14 16 7 14 13 10 5 8 1 175 0 16 10 183 20 174 11 165 151 187 19 16 14 5 10 17 9 12 20 5 13 17 163 3 193 10 162 16 7 183 2 157 20 2 16 11 20 2 18 12 20 158 160 0 8 9 9 10 12 13 11 150 0 4 9 20 18 17 182 150 11 17 12 1 14 154 16 1 7 19 197 0 171 4 194 0 11 8 13 16 7 10 182 2 6 157 13 7 12 10 15 15 17 7 12 154 19 17 4 4 12 191 11 13 9 176 16 8 19 184 0 161 2 17 2 2 0 2 11 11 5 1 17 13 9 13 14 12 17 7 20 1 164 17 20 3 195 1 3 198 18 13 8 19 4 7 154 159 4 5 0 2 6 2 15 18 15 10 13 14 200 4 17 18 12 11 18 19 19 1 8 13 12 0 19 5 20 7 14 194 12 15 14 4 1 7 7 0 11 19 3 5 4 0 2 11 6 15 191 17 6 16 163 192 4 9 179 18 17 4 13 17 7 18 11 18 17 0 5 0 198 6 15 13 169 10 197 168 18 5 10 10 10 13 13 15 182 179 165 12 16 12 16 12 7 2 7 14 14 17 10 10 2 198 4 0 7 3 2 15 20 4 9 14 14 8 193 3 6 182 1 4 13 13 16 17 5 8 164 165 1 150 6 15 19 16 19 20 19 12 11 20 7 1 15 12 192 191 176 9 18 175 16 166 9 3 5 17 14 163 9 10 19 17 11 5 13 153 14 17 11 16 8 4 0 3 151 5 11 12 8 4 0 10 9 150 6 7 10 20 17 172 1 187 0 7 5 20 15 13 19 194 15 3 10 2 12 162 17 9 4 15 190 2 12 7 194 8 7 7 5 7 155 162 12 1 181 16 180 9 12 7 15 20 14 20 1 2 9 15 13 4 176 19 7 199 13 6 152 200 19 163 11 168 20 193 18 16 20 7 11 15 20 188 11 182 172 6 178 152 8 20 13 16 171 162 11 194 12 193 18 16 8 20 185 14 6 18 6 1 14 20 20 178 175 19 10 9 17 14 185 161 6 1 3 153 192 16 16 14 197 11 150 15 9 17 191 5 15 14 9 0 11 192 15 19 174 2 19 18 6 180 6 17 14 13 4 9 18 14 169 171 180 19 7 2 150 13 7 8 4 8 14 2 0 167 3 13 2 15 12 6 2 19 20 11 16 19 4 18 5 5 163 177 6 18 179 15 2 19 186 3 176 185 17 14 3 16 18 200 173 2 7 17 11 13 18 10 0 4 7 200 7 191 9 3 14 3 183 7 10 19 9 5 10 5 5 157 0 3 12 2 7 15 8 14 3 1 16 17 197 4 18 1 4 18 16 150 12 18 161 1 168 155 10 13 195 17 6 12 2 14 171 8 6 190 19 4 0 20 7 2 4 19 18 12 19 20 11 12 2 158 14 11 2 19 20 156 7 19 154 13 2 15 190 9 11 166 11 176 166 171 1 6 0 175 6 2 9 166 2 12 174 8
961
140 194 95 85 59 16 111 62 92 115 7 56 7 70 79 25 43 26 135 136 178 140 155 64 17 191 1 63 169 167 49 192 33 56 146 152 95 33 161 108 32 148 199 54 134 137 81 9 173 103 86 94 31 34 152 193 117 197 186 161 11 84 106 20 169 48 164 148 98 82 45 200 128 170 119 119 43 124 176 53 33 37 144 105 10 96 27 62 24 179 50 189 52 43 70 138 39 56 161 82 106 139 88 190 30 13 96 68 182 18 158 180 77 195 45 144 177 0 20 183 87 168 144 104 14 69 178 73 159 140 36 141 29 70 9 1 187 5 49 130 62 136 165 4 158 100 151 62 53 109 113 184 162 122 129 44 197 13 94 98 149 84 72 199 94 134 67 105 117 30 29 117 155 170 67 4 29 92 84 193 185 184 29 57 59 109 78 40 144 91 78 125 176 12 21 177 65 200 98 62 156 10 68 38 173 29 11 185 42 10 133 96 29 17 146 165 147 106 144 174 150 52 173 150 96 40 16 64 154 47 8 97 87 1 138 0 189 142 113 88 172 0 81 192 39 50 169 179 115 65 200 67 169 108 122 85 76 117 54 42 196 131 175 160 141 80 119 182 95 120 23 198 45 58 2 36 123 186 144 41 175 33 1 75 193 142 139 177 175 120 146 182 199 115 58 28 80 199 57 158 47 120 188 63 20 147 154 177 20 116 196 71 122 99 52 8 138 99 163 200 27 4 157 170 180 22 11 189 81 148 82 121 21 181 102 137 177 20 106 177 158 200 129 64 108 30 49 188 150 163 136 59 40 28 118 106 173 1 167 183 185 15 69 101 191 36 121 0 167 161 174 83 51 154 44 143 6 186 38 124 24 168 144 107 132 99 177 67 4 112 101 192 107 141 145 45 130 199 126 119 78 177 71 153 117 60 176 177 62 75 11 142 164 65 157 194 166 33 164 117 47 14 172 73 187 165 151 4 22 77 194 158 28 108 55 95 167 68 29 195 8 101 147 114 155 101 23 115 13 181 102 177 168 189 77 43 192 134 173 44 25 112 119 42 78 121 129 101 173 171 19 160 4 113 144 194 175 198 69 13 173 99 88 133 172 95 163 118 145 156 51 48 185 65 127 107 128 197 19 68 161 196 35 38 154 142 83 124 97 95 78 194 197 165 50 29 149 101 175 114 196 153 22 54 53 64 120 166 59 137 101 103 131 123 163 193 95 173 157 33 78 126 128 112 58 166 132 9 49 44 36 29 177 26 13 179 133 107 7 167 42 196 134 8 174 56 46 172 21 162 103 196 54 171 98 112 66 32 56 169 197 83 45 180 131 166 171 2 138 185 144 149 67 31 22 94 90 182 70 186 108 40 168 23 195 186 40 10 15 11 60 93 19 41 7 73 58 68 46 115 151 156 194 161 80 151 173 17 108 36 184 89 5 153 158 138 114 194 103 198 150 181 102 68 9 98 11 142 46 59 58 95 90 21 142 142 162 66 128 144 36 137 138 175 175 28 198 104 34 166 39 37 42 86 21 69 141 157 3 163 129 179 108 154 60 87 93 79 4 199 102 99 71 12 2 122 93 145 88 196 29 162 117 113 150 187 86 119 67 63 93 77 127 59 119 43 133 160 92 67 33 121 56 147 155 48 141 188 196 90 199 64 38 179 127 188 4 171 158 159 22 106 173 71 74 9 141 16 183 18 54 179 173 67 170 160 115 170 80 80 190 175 84 182 38 37 113 38 198 133 156 67 3 174 4 85 28 79 117 160 187 115 19 44 98 5 11 131 146 123 8 100 60 129 92 33 22 151 47 117 181 191 10 31 155 178 161 55 14 112 74 139 48 55 132 145 79 96 149 19 58 29 5 20 174 32 61 62 86 129 54 102 172 24 73 7 69 120 20 10 6 54 61 130 167 114 175 26 30 14 177 40 77 80 173 49 58 45 165 138 111 63 186 51 42 103 99 184 174 194 86 195 12 74 50 103 113 142 92 156 158 150 162 43 111 33 3 47 50 118 154 60 186 114 144 55 0 138 75 178 111 132 121 160 158 51 171 31 52 58 33 168 172 91 117 137 177 29 46 45 13 149 79 74 70 35 174 40 178 83 46 139 180 23 42 155 178 84 116 5 8 161 88 81 187 101 154 91 128 24 68 139 184 167 86 200 18 114 80 128 39
631
0 200 85 54 80 96 112 73 119 50 82 65 88 81 50 61 73 86 68 93 50 100 104 82 51 55 112 78 62 86 73 119 116 51 88 79 108 102 82 58 115 54 81 88 78 56 68 108 75 96 108 101 115 67 92 112 112 79 108 86 54 76 108 76 58 70 77 70 90 89 110 76 68 58 88 108 67 82 99 104 74 51 85 94 118 110 58 76 91 53 61 62 66 111 110 68 93 93 70 116 114 68 104 66 102 107 58 53 114 112 57 90 74 66 90 102 100 63 106 78 109 50 62 111 95 89 68 68 74 75 92 108 115 119 97 56 75 85 103 118 90 76 112 61 90 53 111 96 114 117 81 81 97 59 100 106 58 50 72 103 101 101 51 76 76 88 52 107 67 116 81 54 54 92 82 115 100 85 110 115 95 98 81 86 55 95 103 101 91 77 118 99 56 88 84 117 115 92 89 51 98 89 63 93 71 116 118 113 50 96 67 76 98 94 63 112 77 119 61 60 88 97 70 94 120 113 115 101 86 111 52 120 92 109 79 70 54 62 117 74 100 80 56 75 116 104 98 82 76 52 103 89 62 62 59 92 62 50 61 113 63 94 75 72 107 119 51 83 52 64 59 84 69 84 58 107 94 81 119 89 95 110 67 88 66 51 68 97 71 99 55 61 91 81 50 109 53 96 54 73 64 64 96 77 90 59 52 59 91 93 106 57 83 104 68 71 104 88 111 79 84 94 78 92 53 88 98 101 96 63 65 79 55 118 100 82 115 58 81 93 118 94 113 74 115 70 118 61 109 115 78 53 76 70 52 79 67 102 85 91 50 99 64 57 120 69 50 105 53 79 111 93 104 114 88 103 114 63 87 95 111 52 63 106 116 87 78 96 73 71 69 110 51 52 105 120 64 120 73 82 64 77 85 116 113 109 76 52 68 95 52 119 84 108 52 82 58 94 84 52 68 96 72 74 101 111 111 51 85 72 70 73 78 92 117 88 82 57 75 110 68 83 84 103 89 54 89 76 101 74 57 114 92 90 107 91 78 70 118 116 75 108 101 101 80 58 104 84 73 94 54 92 53 78 102 67 83 80 116 74 58 58 104 80 96 57 119 55 117 99 95 110 91 99 76 55 69 85 67 76 72 75 98 102 116 85 51 110 84 113 107 74 51 84 110 96 110 52 93 58 66 51 102 88 70 100 72 73 74 104 51 117 117 64 59 61 90 80 109 65 110 55 51 99 58 88 88 73 102 61 109 101 69 71 107 61 93 103 96 60 64 115 65 103 103 85 105 51 93 100 86 91 110 93 76 80 65 60 73 68 71 111 115 99 99 82 96 66 60 84 96 69 71 84 117 62 85 51 98 84 83 84 61 54 64 103 108 72 74 108 78 74 72 65 106 62 97 77 50 71 108 50 108 93 100 71 78 51 78 55 200
322
18 17 14 175 3 2 0 16 2 17 5 5 6 19 18 19 188 175 11 15 11 7 6 5 16 17 200 1 10 162 2 165 4 4 7 11 0 6 6 11 11 19 15 153 19 3 17 198 6 1 13 3 12 4 7 7 4 185 4 17 7 9 10 4 182 12 1 11 7 164 8 156 13 5 14 189 13 12 8 15 165 10 15 1 162 4 2 12 10 5 5 13 174 17 2 6 16 12 0 14 14 8 154 8 185 5 1 19 1 3 189 17 17 20 14 1 20 14 15 15 16 13 7 4 2 10 164 165 12 187 166 11 19 163 1 6 11 9 6 18 6 15 6 163 11 5 6 9 0 13 1 13 4 20 0 6 195 168 187 1 13 8 152 6 180 11 16 7 5 12 7 9 19 173 2 169 13 9 5 17 0 14 19 13 17 19 11 0 0 177 0 10 11 153 194 10 16 162 165 151 5 9 0 161 9 1 19 0 174 4 10 18 155 165 5 182 6 152 2 17 18 20 11 11 0 3 17 4 6 190 3 8 1 1 19 186 19 10 17 10 5 11 0 17 1 2 2 3 6 10 4 17 7 3 8 4 198 7 16 17 13 2 10 155 15 11 9 20 19 4 188 198 20 12 151 1 181 16 19 15 3 3 19 6 9 185 186 5 15 19 10 3 11 184 4 3 2 2 8 13 14 161 8 16 15 13 189 6 160 5 8 8 13 0 10 18 12 5 4 16 184 18
701
3 4 6 10 19 6 13 0 10 17 14 17 19 10 12 13 10 19 8 8 14 4 19 18 20 7 7 20 3 11 19 10 7 0 5 1 14 11 18 18 11 1 6 17 10 16 7 18 2 13 10 20 15 7 13 2 6 4 4 11 17 2 12 12 18 14 17 9 7 9 16 10 9 8 3 4 12 13 9 9 17 1 12 16 14 8 10 5 12 11 17 1 2 0 20 12 18 2 20 9 4 16 4 3 18 12 4 1 10 9 17 11 13 7 9 15 5 19 11 11 14 13 14 6 9 12 12 13 7 9 4 4 5 1 10 20 13 12 12 17 1 20 19 1 13 3 13 8 19 0 15 13 0 4 19 2 0 16 10 11 7 9 12 12 15 7 10 5 6 7 12 5 12 4 20 19 3 17 5 8 0 14 2 11 16 5 4 12 0 3 3 17 8 15 2 5 4 8 2 12 2 5 19 6 11 14 13 0 16 19 13 4 19 11 6 0 6 10 11 14 16 6 4 13 9 10 11 4 20 20 3 19 8 0 16 4 13 15 20 15 19 18 19 15 13 17 0 7 20 4 6 10 12 7 12 3 5 8 5 6 14 6 1 8 14 19 12 19 6 19 8 4 9 5 1 10 16 18 7 2 18 16 13 12 1 9 19 1 10 6 11 6 20 18 8 11 18 8 1 4 7 16 17 8 19 1 17 15 4 17 4 16 13 5 18 17 13 14 9 6 1 13 15 17 18 11 18 17 11 15 11 13 12 3 20 4 17 1 19 18 17 19 18 8 14 5 6 19 5 18 13 20 12 10 19 5 20 1 3 0 14 18 10 2 14 13 3 4 4 8 20 9 17 16 15 5 5 19 9 9 7 11 5 1 3 9 15 20 3 13 8 14 13 4 17 13 15 19 9 19 13 11 0 12 18 11 19 18 17 12 20 18 14 14 10 15 5 1 19 20 15 7 10 3 9 18 11 10 7 15 3 7 20 13 10 14 6 7 17 19 3 8 16 8 6 19 15 20 10 8 7 4 14 3 13 6 6 1 5 8 19 17 1 4 10 19 3 19 2 8 4 9 5 9 5 5 19 19 9 14 16 20 15 8 0 9 7 14 1 9 12 5 2 14 11 7 15 1 9 8 9 5 7 10 8 13 7 9 3 19 18 16 10 17 8 14 13 2 7 12 14 5 18 13 20 20 19 19 12 12 8 13 12 0 14 20 11 7 3 15 3 6 5 16 1 10 6 8 17 1 3 6 7 20 17 9 13 8 12 12 17 13 1 19 16 3 13 5 7 2 2 0 12 2 6 10 9 11 7 9 0 4 3 19 9 15 11 10 17 7 11 19 8 2 2 19 14 0 17 1 12 17 20 16 4 0 11 16 2 1 2 9 13 8 15 9 15 5 6 9 2 9 5 5 13 13 19 17 17 7 17 11 3 8 9 19 14 7 16 6 13 13 13 8 20 3 13 2 3 13 17 2 13 14 9 18 19 19 1 15 5 10 19 20 11 10 11 13 11 3 11 6 9 16 13 19 7 8 6 14 18 4 8 15 16 15 18 5 8 1 6 10 20 10 6 15 2 1 1 7 3
716
184 156 102 172 71 132 93 32 117 108 103 65 97 168 10 47 36 21 174 13 70 181 170 183 26 74 43 66 134 173 42 24 107 141 189 150 91 52 111 186 164 134 58 59 143 50 133 81 62 47 176 48 44 67 162 48 189 92 29 133 190 63 156 197 196 27 87 52 12 162 199 16 92 115 25 177 100 129 166 7 21 198 162 191 166 162 158 63 180 129 171 106 19 136 94 0 96 188 176 148 113 1 90 165 183 43 196 60 108 78 80 59 60 0 58 75 8 129 181 41 18 139 128 152 110 7 20 4 170 12 166 89 145 162 136 29 24 154 200 120 159 189 105 109 193 1 177 34 162 173 150 43 135 37 82 168 149 64 158 93 29 133 118 35 36 148 34 161 7 24 121 95 86 152 194 127 35 162 141 152 124 108 77 9 120 104 90 70 160 145 38 125 40 52 67 149 196 23 115 117 147 58 113 93 67 1 146 17 117 37 3 102 42 13 35 54 20 156 1 185 94 193 0 0 47 83 170 184 162 42 116 70 144 24 173 34 187 154 188 56 3 132 13 118 109 108 4 147 82 103 34 20 190 80 100 158 94 141 119 121 6 8 129 77 147 92 79 21 170 98 148 41 144 196 133 170 145 66 61 17 100 140 13 62 89 163 31 110 139 126 49 162 11 169 189 93 189 134 75 181 17 24 175 9 66 143 15 170 37 129 89 112 76 95 154 41 108 109 33 142 133 53 121 43 178 60 10 59 49 11 8 144 130 75 46 102 176 106 29 197 160 174 82 158 42 101 147 170 126 96 166 27 188 140 90 121 75 1 62 195 114 119 58 79 54 79 31 158 100 199 113 173 106 123 172 44 69 87 189 12 10 68 105 123 69 132 92 133 121 90 72 189 85 184 13 112 13 40 67 82 91 52 190 133 80 133 130 172 184 112 3 171 95 173 190 103 189 124 173 92 136 148 95 67 70 123 26 136 71 149 55 81 147 118 19 170 114 108 51 196 117 53 90 62 182 33 11 41 140 163 16 54 135 23 179 41 47 139 75 0 175 20 5 130 173 132 168 178 4 57 197 30 47 137 42 29 63 86 53 142 1 164 100 24 14 14 11 195 74 12 25 114 155 79 148 80 127 146 84 107 90 94 142 172 152 158 154 81 31 61 38 116 14 103 97 105 10 10 189 29 196 54 70 151 161 119 2 194 38 106 10 148 108 178 182 200 86 115 131 56 142 139 39 85 132 198 11 97 71 85 115 122 59 105 78 68 23 17 66 163 200 107 89 22 123 14 65 76 156 111 23 85 7 20 121 162 119 197 77 166 159 47 152 145 181 30 30 54 166 151 84 78 55 93 198 143 127 163 186 94 25 86 12 0 97 118 166 120 29 33 151 177 41 118 26 34 41 161 29 4 91 177 68 137 63 33 192 48 100 75 185 6 174 9 125 28 2 195 188 135 144 15 200 86 50 42 132 116 5 141 165 162 156 63 37 195 2 14 85 170 88 166 167 197 132 84 167 110 52 63 13 39 71 100 157 118 197 11 199 138 23 172 171 178 66 155 164 163 13 165 27 75 113 148 179 145 67 180 37 19 181 48 2 159 19 18 152 22 198 57 10 67 105 184 53 72
863
200 200 200 200 200 200 200 200 200 200 200 200 200 200 200 200 200 200 200 200 200 200 200 200 200 200 200 200 200 200 200 200 200 200 200 200 200 200 200 200 200 200 200 200 200 200 200 200 200 200 200 200 200 200 200 200 200 200 200 200 200 200 200 200 200 200 200 200 200 200 200 200 200 200 200 200 200 200 200 200 200 200 200 200 200 200 200 200 200 200 200 200 200 200 200 200 200 200 200 200 200 200 200 200 200 200 200 200 200 200 200 200 200 200 200 200 200 200 200 200 200 200 200 200 200 200 200 200 200 200 200 200 200 200 200 200 200 200 200 200 200 200 200 200 200 200 200 200 200 200 200 200 200 200 200 200 200 200 200 200 200 200 200 200 200 200 200 200 200 200 200 200 200 200 200 200 200 200 200 200 200 200 200 200 200 200 200 200 200 200 200 200 200 200 200 200 200 200 200 200 200 200 200 200 200 200 200 200 200 200 200 200 200 200 200 200 200 200 200 200 200 200 200 200 200 200 200 200 200 200 200 200 200 200 200 200 200 200 200 200 200 200 200 200 200 200 200 200 200 200 200 200 200 200 200 200 200 200 200 200 200 200 200 200 200 200 200 200 200 200 200 200 200 200 200 200 200 200 200 200 200 200 200 200 200 200 200 200 200 200 200 200 200 200 200 200 200 200 200 200 200 200 200 200 200 200 200 200 200 200 200 200 200 200 200 200 200 200 200 200 200 200 200 200 200 200 200 200 200 200 200 200 200 200 200 200 200 200 200 200 200 200 200 200 200 200 200 200 200 200 200 200 200 200 200 200 200 200 200 200 200 200 200 200 200 200 200 200 200 200 200 200 200 200 200 200 200 200 200 200 200 200 200 200 200 200 200 200 200 200 200 200 200 200 200 200 200 200 200 200 200 200 200 200 200 200 200 200 200 200 200 200 200 200 200 200 200 200 200 200 200 200 200 200 200 200 200 200 200 200 200 200 200 200 200 200 200 200 200 200 200 200 200 200 200 200 200 200 200 200 200 200 200 200 200 200 200 200 200 200 200 200 200 200 200 200 200 200 200 200 200 200 200 200 200 200 200 200 200 200 200 200 200 200 200 200 200 200 200 200 200 200 200 200 200 200 200 200 200 200 200 200 200 200 200 200 200 200 200 200 200 200 200 200 200 200 200 200 200 200 200 200 200 200 200 200 200 200 200 200 200 200 200 200 200 200 200 200 200 200 200 200 200 200 200 200 200 200 200 200 200 200 200 200 200 200 200 200 200 200 200 200 200 200 200 200 200 200 200 200 200 200 200 200 200 200 200 200 200 200 200 200 200 200 200 200 200 200 200 200 200 200 200 200 200 200 200 200 200 200 200 200 200 200 200 200 200 200 200 200 200 200 200 200 200 200 200 200 200 200 200 200 200 200 200 200 200 200 200 200 200 200 200 200 200 200 200 200 200 200 200 200 200 200 200 200 200 200 200 200 200 200 200 200 200 200 200 200 200 200 200 200 200 200 200 200 200 200 200 200 200 200 200 200 200 200 200 200 200 200 200 200 200 200 200 200 200 200 200 200 200 200 200 200 200 200 200 200 200 200 200 200 200 200 200 200 200 200 200 200 200 200 200 200 200 200 200 200 200 200 200 200 200 200 200 200 200 200 200 200 200 200 200 200 200 200 200 200 200 200 200 200 200 200 200 200 200 200 200 200 200 200 200 200 200 200 200 200 200 200 200 200 200 200 200 200 200 200 200 200 200 200 200 200 200 200 200 200 200 200 200 200 200 200 200 200 200 200 200 200 200 200 200 200 200 200 200 200 200 200 200 200 200 200 200 200 200 200 200 200 200 200 200 200 200 200 200 200 200 200 200 200 200 200 200 200 200 200 200 200 200 200 200 200 200 200 200 200 200 200 200 200 200 200 200 200 200 200 200 200 200 200 200 200 200 200 200 200 200 200 200 200 200
690
12 152 3 3 10 15 11 167 9 19 18 9 194 14 5 177 1 11 0 10 155 12 20 16 176 18 8 4 0 150 3 8 6 7 7 14 13 1 14 5 169 1 9 12 0 18 6 2 10 183 17 164 20 2 18 15 2 9 3 18 0 157 3 11 161 18 151 7 11 13 151 1 0 17 8 12 2 0 14 20 12 12 9 7 8 4 160 198 13 3 9 17 170 14 13 3 18 5 2 7 1 9 20 3 11 4 17 3 178 2 11 19 185 153 6 168 183 152 7 176 17 152 15 11 2 19 20 8 200 15 170 12 15 7 20 158 163 11 10 4 11 19 18 1 6 8 9 11 5 11 9 10 8 166 10 3 200 5 187 13 19 4 3 7 8 10 6 20 196 152 5 2 17 3 153 198 191 3 174 3 172 9 154 173 10 5 16 18 18 4 199 11 11 11 16 5 193 184 7 4 15 163 170 0 4 9 18 168 10 196 10 168 19 192 15 11 10 6 9 190 9 161 16 0 12 158 6 6 0 9 2 8 12 6 2 152 2 6 10 150 6 12 7 19 20 20 2 7 15 163 170 19 10 7 8 11 10 15 7 168 14 191 170 2 0 10 171 8 12 3 9 5 4 6 196 1 0 12 9 176 6 11 12 5 194 7 15 19 175 200 18 8 169 15 17 8 197 0 17 178 19 17 166 8 7 182 19 18 2 20 179 11 176 0 12 10 17 17 162 13 1 1 3 13 11 16 9 152 190 19 10 5 7 19 14 6 7 6 9 5 0 17 184 14 14 6 14 1 180 175 16 4 12 7 6 2 20 0 159 6 8 193 6 9 3 158 7 0 8 7 153 179 12 2 4 6 11 4 7 20 12 16 16 8 180 5 19 4 13 14 2 11 7 195 1 5 181 17 7 4 167 157 10 2 9 157 12 20 14 6 15 0 18 171 11 5 16 4 8 9 3 6 5 16 14 14 2 5 19 9 19 157 153 16 15 20 12 11 3 12 19 14 5 3 200 181 14 1 182 13 6 12 1 20 5 3 10 4 8 190 11 5 5 18 196 10 9 2 185 19 4 15 3 174 7 163 19 3 6 7 189 11 2 4 16 3 166 10 159 3 13 15 15 0 5 6 9 6 17 10 17 16 14 16 9 6 17 4 15 175 19 8 14 18 4 17 10 11 1 164 15 174 13 160 7 187 4 186 12 20 2 3 16 20 20 199 15 10 2 11 1 7 1 3 0 5 9 15 11 190 0 9 165 12 12 3 10 9 192 20 15 10 2 17 19 7 1 16 150 178 14 0 3 186 18 2 8 189 11 1 5 14 9 2 11 11 179 12 14 151 7 8 20 2 2 16 13 1 12 15 17 18 19 12 198 16 2 19 6 9 14 19 6 4 20 0 17 1 11 7 1 20 166 17 8 15 19 11 4 181 17 12 6 19 198 5 0 11 13 10 12 12 9 16 1 2 6 19 157 19 2 1 4 7 19 16 18 189 2 18 187 168 8 184 15 12 19 15 15 6 10 154 156 12 4 167 2 1 7 12 12 7 11 182 194 4 10 166 20 189
649
0 0 0 0 0 0 0 0 0 0 0 0 0 0 0 0 0 0 0 0 0 0 0 0 0 0 0 0 0 0 0 0 0 0 0 0 0 0 0 0 0 0 0 0 0 0 0 0 0 0 0 0 0 0 0 0 0 0 0 0 0 0 0 0 0 0 0 0 0 0 0 0 0 0 0 0 0 0 0 0 0 0 0 0 0 0 0 0 0 0 0 0 0 0 0 0 0 0 0 0 0 0 0 0 0 0 0 0 0 0 0 0 0 0 0 0 0 0 0 0 0 0 0 0 0 0 0 0 0 0 0 0 0 0 0 0 0 0 0 0 0 0 0 0 0 0 0 0 0 0 0 0 0 0 0 0 0 0 0 0 0 0 0 0 0 0 0 0 0 0 0 0 0 0 0 0 0 0 0 0 0 0 0 0 0 0 0 0 0 0 0 0 0 0 0 0 0 0 0 0 0 0 0 0 0 0 0 0 0 0 0 0 0 0 0 0 0 0 0 0 0 0 0 0 0 0 0 0 0 0 0 0 0 0 0 0 0 0 0 0 0 0 0 0 0 0 0 0 0 0 0 0 0 0 0 0 0 0 0 0 0 0 0 0 0 0 0 0 0 0 0 0 0 0 0 0 0 0 0 0 0 0 0 0 0 0 0 0 0 0 0 0 0 0 0 0 0 0 0 0 0 0 0 0 0 0 0 0 0 0 0 0 0 0 0 0 0 0 0 0 0 0 0 0 0 0 0 0 0 0 0 0 0 0 0 0 0 0 0 0 0 0 0 0 0 0 0 0 0 0 0 0 0 0 0 0 0 0 0 0 0 0 0 0 0 0 0 0 0 0 0 0 0 0 0 0 0 0 0 0 0 0 0 0 0 0 0 0 0 0 0 0 0 0 0 0 0 0 0 0 0 0 0 0 0 0 0 0 0 0 0 0 0 0 0 0 0 0 0 0 0 0 0 0 0 0 0 0 0 0 0 0 0 0 0 0 0 0 0 0 0 0 0 0 0 0 0 0 0 0 0 0 0 0 0 0 0 0 0 0 0 0 0 0 0 0 0 0 0 0 0 0 0 0 0 0 0 0 0 0 0 0 0 0 0 0 0 0 0 0 0 0 0 0 0 0 0 0 0 0 0 0 0 0 0 0 0 0 0 0 0 0 0 0 0 0 0 0 0 0 0 0 0 0 0 0 0 0 0 0 0 0 0 0 0 0 0 0 0 0 0 0 0 0 0 0 0 0 0 0 0 0 0 0 0 0 0 0 0 0 0 0 0 0 0 0 0 0 0 0 0 0 0 0 0 0 0 0 0 0 0 0 0 0 0 0 0 0 0 0 0 0 0 0 0 0 0 0 0 0 0 0 0 0 0 0 0 0 0 0 0 0 0 0 0 0 0 0 0 0 0 0 0 0 0 0 0 0 0 0 0 0 0 0 0 0 0 0 0 0 0 0 0 0 0 0 0 0 0
29
18 18 17 11 188 10 8 16 18 5 177 167 5 10 1 10 6 12 189 0 9 17 180 12 7 7 4 7 1
25
0 0 0 0 0 0 0 0 0 0 0 0 0 0 0 0 0 0 0 0 0 0 0 0 0
155
163 153 195 32 62 131 152 172 70 114 181 95 78 5 70 105 66 165 158 116 196 74 150 67 70 57 147 93 157 148 150 54 183 72 138 84 33 85 32 184 132 63 10 196 176 15 84 85 75 178 66 16 23 15 76 159 88 55 15 76 136 183 34 147 180 92 199 128 91 101 41 133 160 79 40 157 24 149 150 70 74 186 75 87 81 121 198 166 164 18 90 141 106 56 110 18 43 25 175 85 163 64 107 117 40 111 0 89 173 91 189 189 178 167 111 185 46 158 39 157 111 94 34 167 109 84 110 69 176 120 69 2 97 105 195 35 181 120 175 135 105 61 140 166 127 189 187 12 5 61 161 8 192 106 111
464
72 153 153 185 72 185 153 196 41 72 185 41 185 196 41 41 185 72 72 185 41 153 196 196 153 41 153 153 41 72 41 185 41 41 196 72 196 41 196 153 185 41 41 41 153 72 72 196 185 72 41 41 41 41 185 41 72 153 185 41 196 153 196 153 185 153 185 196 72 185 72 196 185 41 153 185 196 41 185 196 185 72 196 72 196 153 153 153 196 153 185 185 72 72 196 41 41 196 196 153 72 196 185 185 185 196 72 72 41 196 185 185 153 41 185 153 41 72 196 153 72 196 41 41 196 153 153 153 72 41 41 196 185 41 185 185 185 41 196 72 196 72 196 41 72 72 41 72 185 41 41 153 153 41 41 153 185 196 41 196 196 41 153 153 153 196 153 185 41 153 196 153 72 72 72 196 153 153 72 185 196 72 153 72 72 185 41 196 72 185 153 185 153 153 72 153 185 185 153 41 196 41 196 153 196 196 185 41 72 185 196 185 72 185 196 185 153 72 185 185 196 41 41 72 185 185 72 153 153 153 153 41 185 72 185 153 196 196 72 153 196 185 185 153 72 185 196 185 185 153 196 196 196 196 72 153 41 185 153 153 72 72 41 72 185 153 196 185 41 72 185 185 41 185 185 196 185 41 185 153 185 153 153 41 196 41 196 196 153 72 185 72 153 153 185 41 41 41 185 185 41 185 72 72 72 185 196 41 153 72 41 41 153 196 185 72 72 196 153 72 72 185 185 41 185 185 196 72 185 41 153 196 153 185 196 72 41 72 153 41 196 153 41 196 196 153 153 153 41 153 72 41 185 185 153 41 153 41 153 72 72 185 196 185 72 153 185 185 41 196 196 185 185 41 185 185 185 72 153 196 196 72 153 72 41 185 153 72 196 153 41 196 185 41 153 185 153 41 185 185 185 72 72 72 72 41 185 41 72 185 72 72 185 153 153 185 41 41 185 72 41 72 41 41 41 196 185 185 72 196 185 196 196 41 41 41 153 41 72 185 185 72 185 153 72 196 196 41 72 196 72 196 153 41 185 185 153 41 41 185 41 72 185 196
694
44 44 143 30 44 140 140 30 140 44 140 140 140 44 143 30 44 140 44 44 143 30 30 30 44 30 44 143 140 143 140 143 44 143 44 44 30 44 44 44 143 30 143 44 140 30 143 30 143 30 30 44 143 140 143 140 140 44 140 44 140 143 140 143 30 44 140 140 140 140 44 143 143 44 143 140 30 143 140 30 30 30 30 30 140 30 30 143 44 44 140 140 140 143 30 143 30 44 30 143 143 30 44 140 140 140 44 44 143 30 30 30 140 44 30 30 30 44 140 143 44 30 30 30 30 30 140 140 44 143 143 140 44 143 140 143 44 44 44 44 30 30 140 30 30 143 143 143 44 140 30 140 140 140 30 30 44 140 44 143 140 143 140 44 143 140 140 44 140 44 140 44 140 30 30 30 30 143 30 44 30 140 30 143 30 44 44 143 140 140 140 44 44 44 140 143 44 143 143 44 143 30 30 44 140 30 30 143 140 44 30 30 30 140 44 143 30 44 140 143 140 44 143 30 143 143 143 143 44 143 44 44 140 30 30 143 140 140 44 30 143 30 44 30 143 30 30 44 140 30 30 30 44 140 143 140 44 140 143 143 143 30 140 143 44 140 140 30 44 44 30 30 140 140 44 143 30 30 143 143 44 30 140 44 140 143 30 44 140 44 30 143 140 44 30 140 143 143 143 30 143 44 44 143 140 140 44 140 44 44 143 30 44 44 140 140 44 44 143 143 140 140 30 44 30 44 140 143 44 44 44 30 140 143 44 140 140 143 30 44 30 30 140 143 143 30 44 30 30 30 140 140 140 30 30 140 140 44 140 44 30 30 30 143 143 143 44 143 143 140 44 140 140 44 140 30 30 143 30 30 30 143 30 44 44 140 30 143 143 140 143 140 143 30 30 30 140 143 143 30 143 140 44 140 44 143 143 143 30 30 143 143 140 143 143 143 30 30 30 140 140 143 143 143 44 143 30 44 30 140 30 30 30 30 140 140 44 44 44 140 143 143 44 30 143 140 140 143 143 140 44 140 44 44 143 30 143 140 44 44 143 30 44 140 140 30 30 143 30 44 30 143 44 140 30 143 30 140 140 143 140 140 44 44 140 143 44 30 140 140 140 140 143 30 30 44 30 44 44 143 44 30 44 30 30 30 140 44 30 44 143 44 143 143 44 143 143 44 44 44 140 143 30 143 30 140 30 143 140 30 140 44 30 44 143 140 143 30 44 30 44 44 44 30 140 44 44 44 44 140 44 143 140 30 30 44 44 143 44 44 140 30 30 44 143 143 44 140 143 30 140 140 143 140 140 44 44 44 140 44 140 30 30 140 44 44 143 140 143 143 140 44 44 143 30 30 140 30 44 44 143 140 44 44 143 44 143 140 143 143 44 140 30 143 143 44 143 140 44 143 140 140 143 44 140 44 143 143 44 140 44 140 30 30 143 30 44 44 44 143 30 140 44 30 140 30 30 30 44 30 140 44 143 143 140 140 30 140 140 143 143 143 44 30 140 44 143 143 44 44 143 44 30 140 143 30 143 44 143 44 143 30 44 143 140 44 30 30 143 140 143 143 44 44
468
77 78 11 71 183 145 189 51 163 32 3 7 48 72 137 130 166 175 0 172 43 136 200 42 148 164 149 67 103 127 121 70 190 95 95 151 64 175 1 112 173 104 13 194 159 131 33 104 156 57 103 107 118 173 7 178 94 73 44 147 131 134 71 140 175 185 128 169 126 98 5 38 68 22 176 141 173 138 26 180 57 84 70 10 31 89 150 180 41 177 132 83 153 170 140 32 161 1 127 92 86 110 90 78 110 116 44 173 198 163 60 149 41 48 93 109 3 185 179 45 135 114 69 109 26 14 156 23 112 120 131 122 49 190 84 156 177 154 73 155 32 114 165 24 51 149 42 68 58 148 167 63 3 80 7 63 32 162 147 72 149 74 140 50 182 72 186 85 48 95 169 172 191 188 38 120 172 5 144 80 178 183 21 178 57 69 33 69 36 79 200 85 6 147 137 161 181 138 11 181 186 113 173 144 2 187 102 171 75 197 102 151 140 156 92 50 129 113 103 139 140 189 70 126 114 99 4 8 115 167 23 184 8 4 137 25 61 169 147 182 19 197 76 63 182 61 126 97 158 107 39 64 102 175 84 16 63 87 42 152 106 104 22 181 64 189 77 121 94 139 121 198 150 24 61 129 189 31 88 123 1 105 71 63 154 18 154 50 198 185 42 113 179 109 171 183 159 20 20 187 20 114 96 48 11 177 105 112 141 11 89 191 18 28 167 149 50 5 49 36 10 198 134 119 147 98 43 117 147 154 10 97 15 200 87 159 28 180 185 23 164 76 28 49 87 55 100 145 186 24 18 16 182 4 137 101 43 31 83 131 60 153 30 22 160 167 85 183 105 64 7 112 165 62 13 190 28 132 170 121 46 70 54 1 174 4 24 180 157 12 178 3 23 148 140 43 141 104 151 146 109 12 71 22 196 0 109 117 12 62 140 157 107 173 24 65 140 147 122 174 66 196 127 145 183 176 10 193 195 36 141 159 74 31 61 139 34 171 5 168 126 110 165 83 53 137 132 128 88 32 198 85 61 75 148 144 21 131 94 107 3 52 69 60 193 21 24 143
3
0 200 200
761
7 5 19 8 17 14 14 7 4 6 6 19 6 6 20 3 4 20 7 5 5 12 12 3 17 18 7 11 3 9 19 19 19 4 19 14 18 8 0 12 6 13 13 2 14 12 13 12 6 19 2 13 8 13 9 7 19 0 17 8 7 20 17 18 13 15 1 14 18 20 14 19 19 9 4 6 4 1 7 11 13 4 15 11 0 8 20 12 3 13 0 16 0 17 10 6 7 1 19 20 6 13 16 14 19 1 16 18 9 18 0 12 10 19 5 12 9 6 15 4 7 10 7 9 2 12 1 5 20 15 13 4 20 7 11 7 9 0 5 12 13 9 8 7 12 13 6 11 8 3 9 5 11 10 4 3 12 19 16 16 20 8 4 1 3 15 13 8 0 13 10 2 20 7 8 8 3 1 20 0 3 18 6 9 6 19 3 3 11 10 19 10 2 16 14 7 9 3 2 19 0 4 0 18 4 13 10 3 11 9 8 13 6 9 4 17 0 2 13 4 14 16 19 15 3 4 13 10 11 19 20 0 8 20 15 9 14 19 5 8 14 19 6 5 11 15 19 12 8 13 12 5 20 3 6 9 1 14 4 15 0 20 19 12 16 0 17 12 20 19 6 15 20 2 5 10 8 0 8 2 6 5 2 19 9 18 19 11 20 20 6 13 12 7 14 19 17 14 15 3 2 0 2 16 3 15 20 6 17 4 18 0 14 12 12 10 11 8 7 18 10 5 0 12 5 19 2 17 16 5 4 3 15 4 17 17 10 1 18 18 7 2 13 18 9 2 14 17 13 11 18 11 11 6 7 6 3 4 16 6 1 7 12 9 9 0 14 15 3 7 1 18 19 3 4 3 4 8 4 10 19 5 19 20 13 2 4 2 6 7 15 3 17 19 12 12 12 12 5 15 9 14 13 12 0 13 17 18 19 14 15 2 12 18 17 12 10 4 5 10 5 10 1 18 8 18 6 20 4 17 16 1 6 8 0 17 6 19 1 12 7 20 2 11 6 11 2 9 18 19 9 17 4 2 1 11 17 2 20 4 8 10 16 8 17 20 1 8 16 6 13 17 18 16 0 17 18 11 7 3 16 18 17 16 3 4 17 9 0 17 20 4 17 9 13 16 20 8 6 5 15 12 8 0 9 13 14 0 3 4 12 0 6 1 7 5 8 15 15 19 18 15 15 16 18 9 5 20 18 4 14 0 18 10 11 18 13 15 0 17 11 4 1 11 5 19 18 19 19 5 14 8 17 9 3 14 15 6 4 13 0 2 17 5 17 17 16 7 13 16 7 11 1 5 0 2 3 15 18 11 6 18 5 18 9 8 15 4 13 5 0 13 8 13 5 1 15 18 2 12 17 4 2 19 16 17 15 5 4 14 4 14 20 0 4 19 12 3 12 16 20 4 15 1 19 18 6 11 1 18 12 10 18 16 11 11 1 13 0 1 7 16 15 0 12 8 0 0 15 11 3 10 1 9 14 0 1 17 5 12 7 7 2 15 14 3 18 15 9 13 14 6 18 4 13 10 19 10 1 18 20 11 7 11 0 16 15 6 3 8 8 10 12 11 9 12 20 4 5 0 15 9 14 4 19 6 20 1 20 13 6 11 7 15 3 18 15 2 12 19 14 2 8 2 0 2 5 0 13 13 10 0 18 8 7 12 11 8 14 16 3 11 20 2 6 0 9 3 0 17 12 2 5 5 12 2 11 1 15 14 4
78
11 12 9 0 5 8 151 8 7 3 163 12 16 20 18 8 190 1 6 13 15 15 20 0 10 12 181 6 9 13 19 13 11 5 19 17 197 193 188 17 161 0 0 194 7 170 183 4 20 14 10 5 200 11 14 8 13 1 12 1 19 8 8 12 4 19 4 20 14 11 15 12 19 8 8 12 12 196
347
0 200 70 50 57 114 85 97 99 59 94 60 93 62 80 100 94 85 97 117 79 86 53 106 92 104 87 90 99 86 65 82 113 54 87 51 87 84 53 97 88 94 52 96 93 66 83 67 53 60 79 70 105 107 56 118 111 120 80 105 113 89 61 62 87 96 110 75 77 93 74 95 58 81 66 64 61 82 62 70 80 84 81 97 86 89 92 80 68 114 120 58 62 109 83 53 67 50 69 115 89 100 115 89 86 89 52 67 91 69 68 99 66 74 96 86 118 114 117 115 119 62 68 83 58 80 82 54 83 76 88 96 104 60 95 86 114 66 83 76 85 62 61 76 103 62 117 81 92 94 115 53 115 93 99 58 56 111 101 66 117 60 120 61 50 50 76 90 100 90 52 114 76 73 82 76 86 56 51 87 60 80 118 100 60 72 53 89 71 109 60 105 116 99 62 75 68 96 81 117 57 63 120 61 101 62 66 63 71 68 100 93 98 90 57 113 117 97 55 75 63 62 65 79 97 65 50 75 66 52 112 84 66 52 69 60 117 64 86 117 113 67 75 57 53 105 103 83 64 91 73 87 55 78 100 73 97 84 103 61 95 92 75 70 96 55 76 98 119 102 95 77 87 61 88 117 115 115 82 77 55 70 105 73 100 83 94 82 64 85 102 63 66 96 113 87 113 89 92 95 92 77 88 115 93 108 61 92 96 100 109 70 53 60 50 62 108 87 55 73 57 58 76 99 89 63 120 56 108 108 61 120 77 94 91 65 94 106 64 110 66 78 109 91 81 110 200
39
0 200 72 107 100 86 78 50 120 114 119 50 108 51 60 79 93 81 104 111 119 118 104 72 90 78 86 91 67 110 63 65 67 113 94 72 109 99 200
