223
935
0 200 70 82 98 110 84 119 87 108 64 51 69 107 65 75 92 89 78 67 71 94 75 119 77 116 62 63 103 95 81 114 112 62 78 104 53 75 71 71 62 79 112 80 107 81 72 91 61 61 102 83 61 95 97 75 80 80 69 93 97 101 112 105 102 103 79 83 52 70 102 77 57 58 93 102 99 87 74 109 66 86 83 91 86 58 90 71 100 116 108 92 68 88 96 69 53 82 77 84 75 100 87 60 118 112 117 61 98 118 94 115 53 120 53 116 55 52 97 89 51 109 89 72 113 103 110 63 75 101 85 119 57 102 107 78 108 81 85 69 55 79 66 105 118 64 77 114 118 100 55 91 109 50 85 68 54 61 57 63 76 80 92 112 68 70 110 104 73 87 81 72 53 68 84 93 103 52 59 87 58 70 80 65 91 102 107 57 70 51 100 53 50 117 68 71 68 53 106 92 108 94 111 72 98 119 67 59 85 108 113 53 78 78 80 109 70 117 78 104 76 55 118 114 62 77 56 115 75 111 80 116 112 69 73 76 110 68 72 76 72 113 51 87 111 104 53 87 96 65 107 97 61 85 60 87 71 113 83 88 62 51 99 60 62 58 61 54 96 72 65 116 102 53 57 75 71 105 65 113 65 74 79 56 96 61 83 55 96 94 79 63 87 106 101 114 70 59 106 86 66 62 77 97 72 93 94 116 68 69 74 67 101 88 53 80 97 99 74 58 56 93 67 95 74 62 65 86 72 111 56 104 107 111 91 87 54 110 84 98 97 84 70 55 96 75 85 52 75 64 68 98 117 79 70 87 112 118 60 111 59 88 100 116 72 114 50 112 64 68 77 108 61 114 56 99 84 99 84 56 80 102 51 113 103 61 58 103 99 80 120 65 57 110 51 95 86 88 56 79 97 99 101 50 113 116 113 71 70 52 65 98 65 97 93 63 70 106 113 118 119 81 55 89 111 88 60 108 91 79 72 95 68 71 68 57 65 113 55 90 113 113 64 83 65 97 117 54 112 87 69 114 60 106 51 69 98 76 61 109 95 82 61 68 105 103 80 90 81 82 119 95 106 60 96 120 70 57 92 97 103 90 54 102 115 97 72 74 90 102 84 112 95 73 85 55 100 96 118 79 55 55 78 103 58 110 116 116 66 109 113 52 100 97 56 92 56 106 113 75 66 54 68 108 72 56 118 92 118 61 120 85 108 76 104 68 106 52 92 59 83 58 68 103 90 106 70 62 104 61 113 85 71 86 80 95 84 105 101 120 88 92 81 101 90 115 102 98 58 70 69 67 105 73 76 64 85 100 75 99 72 115 95 98 66 95 71 106 92 94 69 69 99 53 82 74 95 118 102 57 59 109 93 67 116 93 83 86 116 96 74 101 56 97 51 111 70 107 69 100 91 108 101 78 88 64 86 51 76 51 113 100 63 85 52 109 97 108 63 78 63 116 86 99 88 98 90 51 63 83 85 59 62 115 105 105 92 68 57 92 63 50 98 60 88 112 111 70 112 74 63 112 98 76 115 75 76 85 99 114 86 78 67 94 93 79 83 55 106 74 107 84 71 91 52 55 75 62 77 95 91 96 114 101 84 115 86 54 96 87 83 62 115 96 110 106 71 100 58 80 63 55 79 101 102 103 69 118 110 86 59 66 66 51 96 77 69 109 62 102 118 78 64 91 66 62 115 111 58 111 113 109 110 115 78 85 108 102 50 108 105 118 97 107 81 75 119 88 78 72 100 83 80 99 52 85 59 53 81 117 86 107 56 101 70 75 101 112 95 85 66 107 52 68 102 116 50 118 70 57 116 115 87 87 94 73 94 118 85 117 69 87 81 95 112 91 89 115 63 78 79 61 116 65 52 80 113 104 91 53 65 62 72 108 91 100 103 101 86 96 99 85 59 75 57 109 80 60 102 88 113 111 76 75 97 115 109 98 66 87 52 110 120 103 93 91 101 59 61 68 51 55 54 71 106 105 68 115 61 111 108 57 78 71 62 98 120 110 104 79 99 117 76 59 79 92 119 107 78 94 97 112 63 81 95 100 75 60 97 67 69 117 77 82 96 108 57 103 52 120 54 67 109 81 94 94 108 71 118 78 62 89 115 81 200
277
88 40 120 100 85 131 10 168 102 17 155 93 188 60 135 27 164 40 5 57 27 105 71 141 187 170 107 192 177 51 11 190 62 139 49 134 100 101 185 82 178 26 114 27 129 57 71 15 132 18 167 50 83 41 169 113 167 68 132 175 130 101 60 142 122 152 49 157 159 5 132 192 151 177 189 46 101 139 5 26 164 98 64 105 5 93 113 76 85 170 77 41 187 13 132 43 150 177 103 124 74 39 143 168 81 19 74 178 59 0 76 56 34 103 157 111 4 190 162 91 100 97 123 6 110 126 79 21 67 14 116 161 31 5 117 95 59 193 78 61 26 189 77 61 65 180 164 196 152 193 67 12 51 50 65 190 0 86 183 85 95 183 173 18 161 142 137 31 146 100 34 121 179 145 43 66 81 119 139 200 51 15 5 189 54 72 82 186 2 16 140 173 85 17 109 66 10 190 59 86 174 143 81 120 182 125 1 111 84 34 24 175 126 190 3 25 6 184 161 84 73 93 184 183 114 187 118 80 5 27 194 167 19 126 57 185 48 197 48 101 192 84 32 137 182 5 169 111 64 5 43 187 74 95 94 149 147 74 65 188 174 152 49 118 33 66 154 78 160 189 131 21 48 11 16 142 162
505
177 46 137 173 130 49 98 51 111 183 122 114 199 196 137 44 72 75 173 1 176 24 185 178 35 173 114 84 52 69 55 83 100 30 67 182 89 195 17 84 10 192 199 178 190 171 112 80 33 181 1 53 92 120 47 187 112 142 57 80 167 117 106 143 13 89 71 95 129 183 138 2 186 28 36 92 66 111 118 116 3 179 13 172 13 90 56 30 21 52 124 183 176 179 159 7 100 83 139 194 29 40 171 1 43 168 80 66 10 142 179 91 199 196 40 65 62 145 161 174 190 156 166 176 25 100 188 192 105 110 79 100 70 143 70 126 155 18 76 74 157 140 34 93 19 197 197 142 188 199 164 148 128 116 92 163 181 78 68 99 108 132 81 3 157 48 64 39 97 147 193 1 194 186 48 13 140 30 159 186 59 66 100 157 138 161 193 163 176 50 101 12 165 150 12 178 70 42 98 167 84 82 64 83 91 66 85 155 190 19 102 177 172 55 14 125 47 85 41 169 116 15 71 190 67 190 84 42 141 80 47 69 186 76 124 16 180 118 9 160 0 136 117 180 35 69 159 22 3 48 49 184 88 94 132 54 195 51 127 92 186 53 111 124 88 71 39 151 69 126 170 41 90 60 168 72 32 41 112 11 196 131 71 51 61 100 73 200 141 126 102 6 129 162 109 185 134 108 149 182 193 83 104 186 9 14 47 172 4 199 178 104 67 101 65 96 194 50 11 133 9 15 126 194 57 79 159 106 118 148 109 170 31 110 53 114 93 144 154 94 48 119 30 101 78 89 74 49 176 169 109 71 52 0 60 92 25 195 129 51 91 200 89 72 116 135 51 71 133 94 109 162 186 128 134 148 20 30 88 154 23 173 108 127 80 153 135 26 82 98 169 200 195 199 35 136 114 197 165 40 134 80 112 140 157 199 71 33 150 61 104 167 185 94 45 54 94 93 111 195 77 175 47 132 156 109 68 72 4 18 9 7 111 61 92 6 174 154 64 113 30 50 44 28 53 113 34 7 85 114 137 183 78 43 186 84 107 120 31 182 77 107 175 56 28 65 72 99 145 7 149 177 170 19 90 67 198 41 161 190 93 181 102 6 61 191 90 199 154 80 158 104 140 61 0 176 180 65 56 25 82 109 163 134 67
248
0 200 117 51 87 98 85 109 93 65 78 108 120 54 63 93 86 70 91 66 87 100 93 86 105 50 52 70 117 82 57 71 110 76 106 64 108 97 107 57 107 110 83 77 90 107 119 90 54 66 51 114 91 117 74 63 95 112 62 64 57 105 113 53 64 116 112 103 104 54 93 100 96 103 67 61 88 64 111 89 53 78 84 118 93 107 58 81 67 67 70 106 76 58 55 86 67 101 119 108 77 104 84 52 80 108 84 68 99 62 83 77 58 63 92 62 51 67 74 101 81 53 65 91 101 120 105 82 57 107 81 119 101 83 120 97 80 104 107 87 97 114 70 72 86 74 101 109 53 68 63 89 59 111 89 70 55 73 50 51 62 102 90 58 80 110 76 73 116 102 99 74 74 117 58 85 95 82 107 110 69 95 52 112 96 117 56 114 80 51 97 99 51 114 69 101 106 52 62 65 51 76 87 99 106 72 111 56 76 107 58 75 116 58 96 103 66 77 90 111 72 86 64 97 79 90 87 105 79 78 80 74 62 78 87 63 82 71 54 99 60 70 61 104 61 78 81 200
739
0 200 93 53 105 105 115 67 92 54 72 115 78 79 76 100 75 119 89 90 61 86 72 56 112 71 78 101 91 84 96 93 104 73 109 53 82 77 64 54 50 90 75 73 83 86 103 116 95 100 94 105 98 64 118 117 84 102 54 118 120 53 111 115 89 58 56 71 102 87 97 116 105 53 85 104 63 96 101 89 57 69 103 95 89 109 114 104 66 80 63 71 76 69 111 57 79 78 89 80 66 112 52 85 54 102 117 112 97 76 97 114 105 57 90 71 114 96 55 53 87 67 103 95 89 105 63 82 87 87 57 71 92 99 55 59 115 63 108 91 70 91 64 55 70 60 117 74 63 111 66 97 70 95 79 110 85 79 120 93 114 64 100 80 56 76 93 106 50 100 70 66 70 95 107 81 93 92 113 102 58 118 73 55 77 88 57 102 94 57 60 85 70 106 58 66 73 88 92 104 107 57 55 78 85 87 74 88 51 86 60 53 59 55 87 106 69 57 59 96 103 77 101 75 51 85 51 112 106 92 82 111 113 92 64 63 88 108 50 53 80 114 116 89 54 53 53 107 69 57 63 57 66 66 115 87 80 68 97 67 50 107 66 62 100 93 81 105 96 69 82 112 91 85 65 98 72 119 65 85 69 65 81 63 61 67 105 107 109 99 89 106 90 64 78 56 83 62 79 102 112 95 114 112 85 84 72 66 109 112 109 71 52 117 110 120 77 50 51 80 99 116 92 77 56 58 63 96 110 61 119 102 68 52 112 75 61 75 62 85 61 83 57 82 59 117 116 58 120 102 55 89 68 109 76 86 52 52 91 92 87 77 86 71 77 67 114 65 96 53 64 118 102 66 86 56 88 112 89 102 53 109 92 111 87 69 74 83 55 95 75 119 62 76 119 62 61 119 84 64 100 96 83 73 98 65 84 77 117 53 105 110 100 100 68 57 89 100 104 94 108 62 50 64 78 111 85 102 76 67 78 51 55 51 87 118 62 100 104 65 81 94 59 105 53 83 98 77 81 54 50 105 59 96 110 70 51 54 75 100 85 50 84 69 108 80 64 114 74 75 110 92 53 96 113 50 53 52 70 115 77 89 113 118 76 82 54 55 50 113 91 70 116 118 112 89 81 52 82 96 87 99 83 68 69 52 84 106 100 73 73 72 97 101 93 111 52 69 100 100 74 79 100 54 85 101 51 111 68 60 120 105 104 109 110 84 53 50 87 118 88 53 96 115 104 93 102 58 117 90 88 103 58 106 117 57 68 83 115 103 69 64 75 118 94 62 56 94 83 108 117 89 112 99 66 86 95 78 67 76 88 99 50 55 81 82 65 90 51 66 117 97 114 95 59 50 87 115 78 88 95 62 58 118 80 91 105 65 72 111 53 97 77 107 117 98 80 62 109 104 96 53 94 81 115 110 71 108 103 73 88 116 60 73 66 99 65 91 118 107 94 103 78 54 63 87 88 65 84 62 78 70 118 62 97 68 73 118 87 107 72 102 107 65 83 91 50 116 80 111 116 70 80 106 78 106 90 114 76 87 81 120 98 51 76 109 114 66 103 90 103 118 67 63 74 81 73 90 118 70 75 83 120 109 71 68 103 91 118 90 104 113 99 89 99 91 57 70 116 80 67 103 82 81 95 56 75 78 88 102 73 105 73 112 92 69 69 85 200
393
0 0 0 0 0 0 0 0 0 0 0 0 0 0 0 0 0 0 0 0 0 0 0 0 0 0 0 0 0 0 0 0 0 0 0 0 0 0 0 0 0 0 0 0 0 0 0 0 0 0 0 0 0 0 0 0 0 0 0 0 0 0 0 0 0 0 0 0 0 0 0 0 0 0 0 0 0 0 0 0 0 0 0 0 0 0 0 0 0 0 0 0 0 0 0 0 0 0 0 0 0 0 0 0 0 0 0 0 0 0 0 0 0 0 0 0 0 0 0 0 0 0 0 0 0 0 0 0 0 0 0 0 0 0 0 0 0 0 0 0 0 0 0 0 0 0 0 0 0 0 0 0 0 0 0 0 0 0 0 0 0 0 0 0 0 0 0 0 0 0 0 0 0 0 0 0 0 0 0 0 0 0 0 0 0 0 0 0 0 0 0 0 0 0 0 0 0 0 0 0 0 0 0 0 0 0 0 0 0 0 0 0 0 0 0 0 0 0 0 0 0 0 0 0 0 0 0 0 0 0 0 0 0 0 0 0 0 0 0 0 0 0 0 0 0 0 0 0 0 0 0 0 0 0 0 0 0 0 0 0 0 0 0 0 0 0 0 0 0 0 0 0 0 0 0 0 0 0 0 0 0 0 0 0 0 0 0 0 0 0 0 0 0 0 0 0 0 0 0 0 0 0 0 0 0 0 0 0 0 0 0 0 0 0 0 0 0 0 0 0 0 0 0 0 0 0 0 0 0 0 0 0 0 0 0 0 0 0 0 0 0 0 0 0 0 0 0 0 0 0 0 0 0 0 0 0 0 0 0 0 0 0 0 0 0 0 0 0 0 0 0 0 0 0 0 0 0 0 0 0 0 0 0 0 0 0 0 0 0 0 0 0 0
658
55 55 53 4 163 42 122 43 88 190 91 94 155 92 147 84 24 174 4 60 82 58 6 0 79 107 118 67 199 109 12 16 18 129 27 80 26 164 174 49 125 52 198 179 78 131 101 149 128 17 128 186 21 190 36 163 47 146 63 141 160 53 71 193 184 190 115 159 87 53 174 84 149 172 53 139 24 145 103 74 187 166 68 80 123 33 71 123 53 138 113 117 198 191 109 80 128 172 55 50 35 98 10 135 37 61 59 40 179 120 192 67 51 125 110 142 187 191 47 85 156 73 96 121 141 192 155 144 50 84 36 59 13 64 15 47 118 158 111 118 95 144 177 126 31 193 45 25 186 171 132 1 69 173 159 116 130 181 63 70 37 191 60 51 15 54 29 103 39 125 170 54 144 197 41 154 182 179 50 27 81 29 108 135 101 185 186 28 64 77 114 173 30 80 59 120 104 84 139 148 16 105 113 37 136 27 30 95 21 8 108 15 127 29 73 156 73 32 62 91 120 45 79 113 76 66 162 11 140 116 15 23 155 76 142 135 143 3 178 3 187 115 156 103 58 168 3 2 146 53 171 116 196 76 115 15 144 113 163 90 7 161 151 187 118 158 139 145 113 103 146 188 165 48 168 168 197 99 96 9 90 59 121 174 43 89 144 138 160 15 200 72 53 106 156 57 198 62 123 91 28 181 173 171 77 168 17 146 45 75 0 146 198 50 90 150 48 63 84 10 97 139 107 69 40 198 60 120 185 111 44 128 160 197 117 146 172 0 100 174 158 162 99 180 137 114 91 3 72 199 191 34 105 138 196 155 20 171 41 119 22 96 74 86 140 95 27 101 61 42 107 44 151 51 161 158 130 13 52 124 57 22 197 140 50 183 123 25 94 124 127 152 112 74 83 111 157 79 107 149 71 103 3 30 109 83 60 44 84 118 37 174 90 191 128 94 9 28 12 88 44 165 93 146 111 93 13 158 155 11 122 198 182 168 189 184 158 35 94 72 47 127 66 81 38 90 122 108 117 155 105 146 151 23 38 44 182 141 64 197 102 6 177 177 153 165 154 69 99 37 186 187 107 134 145 187 121 56 127 147 183 152 1 127 70 81 124 135 130 184 2 103 156 199 58 146 26 107 134 107 105 25 73 87 112 170 61 195 157 126 140 45 106 68 162 182 12 187 79 83 73 105 127 150 195 61 92 175 180 126 128 71 35 151 8 186 47 59 80 128 79 116 187 167 8 14 49 63 77 121 97 64 187 181 159 6 5 152 187 98 140 79 69 193 10 34 1 186 43 183 186 117 176 34 39 27 67 114 44 145 18 49 27 56 119 126 106 59 151 46 5 199 198 27 180 40 169 137 87 158 99 102 154 106 160 3 124 94 170 10 12 111 137 165 120 87 40 153 46 180 75 80 19 146 23 100 73 52 102 55 166 67 196 172 178 47 170 172 4 20 121 143 28 1 107 40 58 154 29 64 127 54 189 197 134 114 172 138
273
0 200 105 87 115 88 119 74 99 93 120 118 113 100 60 79 82 69 116 66 119 102 88 97 75 82 72 91 64 98 98 78 108 70 112 80 64 96 55 97 83 90 50 83 57 50 94 88 100 71 60 116 99 81 88 107 76 115 78 68 104 96 80 110 104 86 88 62 56 106 50 114 86 87 55 97 51 50 52 81 89 65 101 90 66 76 64 61 59 120 69 78 115 93 82 109 119 76 63 84 110 55 61 51 94 62 104 118 64 56 78 91 117 117 94 97 57 105 80 58 73 106 89 54 75 89 87 82 117 74 102 84 69 89 70 80 120 54 75 112 52 81 54 117 73 98 102 79 67 83 84 90 99 65 62 50 110 96 81 76 67 66 63 96 105 55 72 107 69 61 57 85 61 73 66 64 83 109 107 93 74 103 86 118 57 93 98 62 95 90 64 53 76 65 58 71 92 50 77 83 103 59 85 78 119 87 56 52 82 114 58 84 102 101 95 77 76 74 66 69 69 103 93 89 62 74 87 67 94 80 98 119 99 72 94 53 120 84 90 57 77 73 120 69 82 80 79 74 96 80 86 84 80 66 54 90 106 70 80 100 52 51 71 52 94 93 78 60 59 70 85 94 200
213
15 17 16 20 6 7 2 15 1 20 11 15 0 0 167 174 180 161 8 5 179 17 163 12 4 14 18 11 164 5 178 17 18 13 13 11 18 10 8 11 12 20 6 17 18 13 8 4 182 5 16 1 198 14 198 20 1 3 6 7 12 16 9 190 2 185 4 8 3 12 18 18 5 11 17 5 188 193 9 3 163 181 174 193 1 0 1 14 8 7 6 20 11 3 19 179 8 0 9 194 7 7 191 11 0 10 13 150 1 177 4 13 9 183 5 0 162 5 186 17 18 0 13 8 7 17 4 6 190 2 185 2 5 16 20 18 150 14 6 1 12 8 5 6 13 2 1 9 19 151 6 14 5 1 3 2 19 1 1 20 20 1 4 157 20 13 1 200 162 11 10 19 6 151 2 14 9 10 16 7 5 13 3 16 18 8 1 15 4 13 193 13 173 4 1 1 1 19 195 8 4 0 14 6 4 5 2 17 178 14 9 10 20
71
200 200 200 200 200 200 200 200 200 200 200 200 200 200 200 200 200 200 200 200 200 200 200 200 200 200 200 200 200 200 200 200 200 200 200 200 200 200 200 200 200 200 200 200 200 200 200 200 200 200 200 200 200 200 200 200 200 200 200 200 200 200 200 200 200 200 200 200 200 200 200
12
200 200 200 200 200 200 200 200 200 200 200 200
989
108 50 60 104 199 28 8 106 25 173 22 65 152 175 1 174 107 72 88 124 85 57 114 149 181 109 103 12 27 173 8 14 118 128 75 48 89 26 131 198 59 40 106 7 98 181 48 162 132 122 163 154 34 43 185 84 181 26 114 91 31 48 199 86 2 126 188 180 72 144 188 55 49 32 159 186 52 172 169 96 30 17 9 115 121 94 150 96 82 93 84 131 115 104 144 54 24 83 136 190 131 158 88 196 60 54 98 119 26 123 82 181 119 157 34 142 56 36 125 75 130 65 149 45 62 41 78 180 108 192 93 154 101 134 177 165 53 140 178 107 158 163 155 53 154 78 59 111 139 158 44 18 196 64 76 189 198 148 53 116 181 170 95 172 53 7 32 2 176 30 19 193 5 139 156 109 110 135 22 155 161 118 33 184 184 10 119 187 157 9 184 172 124 9 189 13 140 129 145 63 115 80 56 198 88 4 192 4 69 124 40 56 144 196 135 148 87 71 128 51 129 176 178 50 173 101 17 122 80 136 181 176 23 108 35 128 137 78 179 9 76 190 53 82 39 137 167 101 144 97 150 158 64 185 36 63 89 38 165 192 114 141 196 175 12 153 0 77 130 140 85 170 139 131 87 158 29 1 13 13 57 70 138 197 136 2 175 10 85 106 107 181 190 59 181 9 57 41 180 182 148 71 189 94 184 145 25 162 119 130 200 38 116 101 85 169 38 148 175 23 132 123 120 153 103 0 117 73 128 147 109 187 127 186 76 76 144 170 28 44 11 123 91 119 30 190 7 45 134 77 83 22 97 107 169 111 149 181 101 95 163 59 103 97 60 128 2 174 2 43 179 185 61 153 51 98 148 117 159 56 56 175 121 107 152 148 178 36 144 115 148 139 27 180 191 185 30 121 70 40 72 168 157 103 84 38 171 89 18 36 132 111 25 45 0 131 24 9 48 117 190 13 145 54 60 11 30 68 105 133 185 119 145 11 122 186 19 6 32 194 26 15 123 14 152 14 121 172 95 163 21 13 186 12 138 99 89 195 158 162 69 136 148 98 155 14 113 176 7 101 128 82 63 152 97 60 75 173 139 200 198 77 49 126 21 58 185 155 198 86 38 29 179 83 141 157 34 164 136 76 180 40 154 197 136 34 0 91 23 72 53 88 15 25 158 152 72 197 152 156 145 157 124 174 105 46 69 125 3 144 200 52 108 11 184 28 99 39 99 150 77 138 97 16 52 89 29 80 162 195 29 106 110 78 137 194 131 64 165 156 178 83 21 26 175 48 199 61 93 123 137 15 20 171 0 113 99 151 130 185 48 163 168 109 76 78 90 127 89 5 15 129 177 18 105 129 98 130 22 151 132 78 113 152 9 96 109 37 117 91 87 76 47 150 96 181 16 130 95 15 54 101 22 5 75 39 108 25 47 197 158 32 80 194 174 126 127 26 129 55 171 76 157 163 167 26 163 37 92 53 23 26 109 30 60 115 96 50 161 16 39 200 183 105 192 92 90 163 51 24 7 171 161 156 131 8 94 63 23 167 103 24 52 86 166 131 115 183 187 121 110 20 132 82 29 194 181 179 63 166 164 80 119 91 124 22 67 6 155 44 105 38 16 191 160 97 177 149 45 34 12 113 79 167 101 174 91 48 124 160 200 189 36 103 132 109 88 10 127 145 145 25 190 60 161 105 184 98 200 34 192 27 7 58 196 89 61 28 149 126 0 177 35 28 165 126 32 137 83 183 136 173 121 105 150 50 50 171 50 38 129 0 65 34 93 33 115 2 30 155 67 165 82 167 70 183 142 25 26 48 54 24 74 122 152 41 45 32 195 21 186 186 57 130 48 177 152 164 65 42 25 51 20 62 174 131 175 77 71 165 144 141 124 117 182 149 19 160 182 154 161 47 114 113 163 8 189 125 102 96 80 97 54 159 136 38 74 95 25 124 157 125 177 44 72 173 37 117 158 181 180 16 162 5 55 200 159 72 45 166 54 96 124 83 46 186 125 109 117 159 106 97 132 132 118 29 94 88 71 100 80 67 14 50 121 94 139 71 94 81 154 154 71 102 57 46 86 125 12 159 108 87 122 67 3 119 168 63 88 196 109 37 187 58 167 83 131 31 42 88 191 55 102 13 99 121 56 51 148 113 75 77 174 77 86 109 143 96 80 143 141 48 132 99 14 118 95 53 58 2 55 52 121 119 20 184 41 35 192 72 70 128 151 155 71 44 72 88 111
858
11 19 5 3 18 154 163 15 10 193 5 17 18 18 19 153 9 177 18 173 9 2 3 8 14 10 152 151 3 12 18 15 12 20 158 3 194 16 18 160 7 3 3 15 8 1 18 3 6 3 20 6 13 186 19 158 17 13 12 10 15 3 8 1 19 16 0 175 7 169 9 19 17 191 0 16 194 9 11 190 6 185 9 0 1 192 0 8 12 9 10 13 20 19 6 20 176 7 10 13 6 10 0 154 165 189 0 11 5 2 3 10 17 3 14 7 16 1 12 3 150 1 13 3 7 181 11 5 11 4 18 18 2 154 12 2 161 13 13 15 175 6 5 6 2 15 150 200 6 8 13 13 19 8 0 7 6 5 191 6 12 7 4 153 2 163 16 5 181 1 16 1 20 4 16 7 165 6 176 154 185 5 9 8 2 15 196 0 5 15 20 14 6 12 189 3 174 6 9 18 18 12 5 1 5 18 13 18 3 197 13 161 9 16 4 11 10 18 168 9 14 12 11 14 181 11 1 20 189 17 16 190 8 181 13 193 12 159 19 16 15 6 174 11 3 159 164 13 4 187 8 13 12 16 2 12 157 1 165 3 2 3 6 19 4 13 8 15 15 183 15 8 7 1 16 19 7 17 19 189 13 15 164 12 8 4 14 17 17 187 10 165 12 3 197 20 6 186 10 14 8 195 12 3 6 8 1 19 7 0 20 13 14 175 15 10 3 7 7 191 5 12 1 19 14 19 162 1 11 6 12 13 155 200 17 20 12 20 151 4 6 10 6 157 3 5 16 17 10 11 15 9 10 14 12 3 5 164 5 193 16 1 7 10 11 13 9 12 177 16 166 4 2 3 15 6 8 10 3 20 2 14 1 12 7 156 1 13 4 1 10 6 18 1 163 162 2 199 2 166 12 187 183 162 15 13 6 13 7 10 0 20 174 1 164 6 17 9 167 4 1 0 18 0 0 3 184 10 14 5 2 13 6 6 10 7 16 20 163 2 8 5 190 6 196 200 167 11 0 15 9 13 16 4 8 15 11 13 10 10 5 20 2 14 198 14 9 178 152 16 17 8 6 13 8 156 1 5 158 4 14 12 181 10 13 197 15 7 3 11 2 15 189 193 19 15 167 192 8 19 18 17 19 3 0 1 7 18 16 180 14 158 173 12 13 20 14 17 9 5 3 12 20 12 18 2 12 163 0 3 19 11 14 14 14 3 4 1 13 20 0 3 6 16 3 4 191 16 17 10 9 4 13 2 4 7 10 20 12 9 11 18 14 2 0 8 7 4 11 13 13 18 19 19 154 11 198 151 167 8 183 20 7 5 162 18 2 166 13 12 195 16 12 150 1 0 6 161 155 164 19 19 8 19 14 18 16 10 5 20 0 12 5 171 10 3 19 5 3 3 7 13 1 164 1 166 17 11 20 5 3 19 15 6 16 18 172 9 170 11 2 11 5 15 7 1 15 5 9 178 3 3 0 4 11 154 0 18 7 18 16 17 5 1 183 4 16 10 3 18 10 17 192 5 4 186 167 19 19 5 10 179 16 0 162 2 10 15 13 17 1 13 14 1 154 2 16 18 18 156 167 16 17 11 15 0 11 13 7 1 5 3 2 19 9 16 8 170 4 0 187 10 6 17 16 18 12 13 17 0 13 11 7 17 15 186 12 16 10 6 18 8 13 16 6 0 16 13 0 19 180 18 19 4 9 171 9 19 18 12 2 15 193 15 12 17 4 6 10 12 14 17 11 20 14 1 18 16 4 14 18 167 2 6 8 185 16 12 17 2 15 18 20 0 3 13 170 16 1 19 19 188 161 20 192 8 5 8 0 20 5 3 165 14 16 178 15 13 0 200 0 13 8 6 10 180 168 5 0 12 7 5 19 17 17 4 7 17 152 3 14 16 19 167 17 195 15 20 10 3 6 2 11 3 176 183 1 4
956
194 10 78 199 124 59 74 179 171 103 160 85 169 15 5 68 31 72 75 139 57 97 26 135 113 40 43 17 70 129 122 133 144 95 155 68 156 1 154 195 159 85 96 8 82 183 31 57 41 90 3 175 114 62 182 8 121 135 177 29 81 53 120 51 47 186 187 157 12 3 66 190 98 33 141 91 31 182 64 65 123 73 78 36 47 26 88 99 96 179 56 100 36 95 95 152 115 28 42 162 93 103 178 10 139 165 99 64 104 47 105 173 42 199 33 88 134 21 26 197 86 172 116 120 134 193 12 171 74 196 138 22 168 43 200 185 57 188 0 122 172 160 145 184 69 50 151 128 129 13 3 118 92 88 122 120 134 13 182 171 140 159 159 34 1 90 113 11 3 158 196 124 118 108 135 31 1 37 19 195 145 82 109 43 56 61 190 94 96 116 179 164 153 75 86 104 53 83 50 123 168 199 165 163 59 148 131 177 42 28 27 63 138 36 88 183 14 75 3 162 117 11 114 136 15 129 134 153 86 191 2 18 145 102 168 5 192 85 54 177 166 44 38 90 12 171 33 128 25 32 192 73 174 135 1 66 172 137 16 19 83 95 38 19 80 154 55 28 106 27 198 100 69 131 193 40 143 137 88 173 46 37 119 2 38 26 146 107 100 58 67 35 26 37 85 81 77 51 81 139 85 165 21 131 100 13 170 23 101 171 81 39 157 82 194 169 160 79 111 168 81 42 65 56 53 84 92 88 81 172 91 197 75 144 46 32 141 92 106 194 155 80 80 8 192 115 149 13 83 142 58 46 110 199 123 61 179 152 113 74 150 55 146 148 73 10 91 144 25 130 142 108 6 109 113 189 158 38 190 94 142 131 167 138 158 139 145 86 156 13 17 48 142 57 139 99 144 52 45 76 49 184 80 146 197 125 195 101 86 7 15 100 186 200 59 147 24 109 154 124 95 163 161 81 55 124 123 109 46 40 67 136 17 137 115 181 150 8 143 109 111 147 89 186 169 168 119 41 62 183 107 187 37 184 171 89 78 134 166 192 197 75 135 95 114 181 27 20 198 44 194 90 196 1 173 118 99 118 31 11 46 79 90 145 52 133 152 108 185 179 6 60 145 162 42 100 148 198 145 53 169 176 140 128 123 161 127 135 121 4 105 56 116 146 106 52 126 188 141 21 60 192 93 149 78 141 81 102 110 67 145 181 129 61 17 105 186 186 68 148 53 106 146 86 167 33 123 11 23 130 123 155 196 16 118 80 167 138 19 99 48 88 135 36 87 114 102 126 152 143 123 42 93 49 77 126 62 130 6 116 79 192 12 173 34 14 12 151 148 98 200 157 70 69 199 24 108 79 36 91 123 92 143 120 13 19 62 120 183 5 138 41 26 135 63 1 83 71 187 12 61 22 150 150 21 147 11 175 71 145 113 99 127 132 146 2 26 170 82 110 29 139 71 168 82 84 165 22 74 168 41 182 72 42 161 39 69 8 144 166 143 69 17 159 170 56 142 103 153 164 183 145 93 11 62 90 55 169 41 47 115 49 141 185 28 64 128 133 117 135 181 85 141 74 39 100 126 112 52 114 66 195 63 32 163 37 26 26 139 21 115 150 59 179 192 94 76 158 158 52 85 113 196 107 150 199 65 81 198 121 169 37 139 139 112 126 199 61 79 16 102 46 60 96 57 116 0 1 155 58 8 32 177 155 160 19 154 56 74 43 173 68 91 166 166 13 69 154 157 7 21 50 124 152 106 163 139 51 101 42 170 176 184 94 68 67 131 169 147 47 13 67 121 162 161 57 46 165 92 34 144 73 96 92 28 173 70 107 194 23 78 177 81 134 155 156 165 72 31 127 36 152 54 120 32 72 85 73 175 156 184 74 40 104 21 164 191 69 59 89 88 143 39 128 125 35 171 21 79 94 173 137 186 152 143 75 191 36 126 0 129 28 173 155 126 18 44 6 106 143 84 69 125 36 94 105 86 189 60 180 178 86 173 130 172 27 43 53 154 35 5 29 78 180 138 176 73 106 147 12 10 18 152 43 80 11 112 12 31 143 6 19 10 48 154 39 186 58 192 18 95 94 18 109 131 140 102 28 10 18 96 78 16 140 178 5 31 86 57 35 159 0 23 47 163 35 125 156 146 51 31 133 162 77 45 15
65
0 0 0 0 0 0 0 0 0 0 0 0 0 0 0 0 0 0 0 0 0 0 0 0 0 0 0 0 0 0 0 0 0 0 0 0 0 0 0 0 0 0 0 0 0 0 0 0 0 0 0 0 0 0 0 0 0 0 0 0 0 0 0 0 0
1000
156 12 7 17 167 20 13 4 12 11 0 14 6 6 9 14 163 165 13 170 18 20 5 1 15 161 3 0 168 15 16 0 7 20 15 15 193 20 8 4 7 10 10 176 182 19 20 0 16 14 190 14 171 5 1 1 13 8 172 20 11 16 157 9 17 8 14 12 6 14 7 192 163 18 197 174 10 20 2 5 6 11 1 4 12 3 177 1 3 3 16 178 14 185 11 10 20 19 3 7 0 189 5 3 17 12 20 154 1 2 7 4 167 16 0 8 13 3 20 15 5 176 13 19 16 13 17 19 175 7 7 7 184 19 7 5 10 8 8 4 16 16 4 5 9 10 20 2 17 191 20 5 3 191 9 177 17 10 9 12 11 7 5 186 15 17 0 183 5 14 19 19 20 3 187 10 166 17 17 180 3 9 20 6 8 14 19 186 166 168 1 1 15 4 3 5 0 19 194 12 194 185 14 20 191 154 3 7 152 12 11 3 16 3 11 11 18 20 17 15 19 13 16 0 173 12 0 8 9 13 15 176 13 189 12 20 3 18 1 15 3 9 4 0 13 4 18 16 14 0 6 169 9 20 2 13 17 17 0 16 18 5 17 14 0 18 154 20 20 192 14 11 17 17 3 13 15 8 177 186 18 0 2 167 8 20 14 19 196 17 7 10 12 0 11 17 18 11 13 15 10 11 19 9 186 9 7 15 16 9 9 2 18 11 20 152 162 15 16 169 187 8 20 170 170 8 9 4 20 173 9 5 161 18 7 18 173 156 1 17 12 10 8 6 14 2 1 8 17 190 8 11 195 13 15 10 11 180 188 18 2 18 17 4 164 18 15 162 7 4 18 152 4 183 3 0 8 13 7 5 5 188 154 16 15 14 1 14 1 14 10 7 185 175 20 5 0 17 7 1 0 10 192 0 14 14 170 0 190 4 6 14 4 2 18 8 20 10 13 19 3 6 175 6 11 12 2 1 12 8 2 2 15 7 19 10 13 1 2 6 151 5 14 20 19 14 163 15 5 191 20 1 13 11 3 19 20 18 11 2 2 185 12 3 20 20 20 158 7 20 17 16 1 13 7 155 6 15 188 0 6 19 2 20 1 12 3 180 10 2 200 1 195 2 189 3 15 164 18 0 11 192 184 3 16 168 8 6 7 17 12 16 161 1 187 5 3 1 11 172 17 4 170 1 10 7 5 19 6 162 2 1 156 152 3 163 12 17 200 13 4 6 7 7 198 188 160 1 3 10 197 0 171 16 171 17 180 4 17 0 172 12 9 4 3 10 5 18 190 180 2 1 18 3 6 9 1 189 18 6 18 11 14 18 3 5 15 199 13 16 153 164 7 5 164 4 10 18 17 19 14 15 12 10 14 20 7 2 10 0 11 16 12 20 7 12 18 15 9 19 5 8 20 9 6 12 15 17 4 8 15 15 0 11 9 1 19 17 18 7 6 7 1 153 20 4 0 6 20 5 6 4 10 2 10 9 165 17 7 1 186 19 14 9 11 11 177 197 12 151 162 5 7 18 184 1 20 10 13 6 1 16 14 16 4 16 19 15 5 7 179 3 9 14 4 16 154 13 15 11 18 2 1 193 10 3 1 5 5 15 0 172 17 20 3 176 12 3 5 12 7 12 12 17 18 9 1 1 11 11 175 188 1 13 5 158 6 9 18 15 12 6 6 14 2 2 11 193 12 180 2 18 3 15 6 15 16 151 2 20 19 1 15 15 16 19 185 151 150 157 17 190 18 184 4 164 162 1 8 8 4 10 9 7 16 11 180 186 20 185 1 5 151 7 159 178 8 10 150 199 194 20 8 10 4 3 181 10 9 16 6 181 18 14 189 9 12 19 17 171 7 13 195 4 20 4 187 17 11 16 6 16 3 196 190 192 12 5 7 192 10 1 10 19 1 9 15 3 1 195 2 188 5 1 11 2 157 13 150 13 19 19 1 1 162 6 10 13 20 15 199 2 153 157 8 180 0 6 8 19 189 16 4 171 9 1 200 13 200 10 3 11 15 18 13 7 16 5 16 15 4 5 15 153 10 2 1 157 2 18 0 1 3 16 0 3 20 7 1 14 4 16 173 12 9 15 13 13 2 8 14 18 15 0 7 12 0 3 2 161 173 14 15 6 20 11 3 13 11 159 14 159 162 9 12 195 9 7 10 176 17 5 10 154 6 0 6 3 7 17 11 179 5 1 151 6 15 8 6 19 12 20 4 20 10 17 173 12 175 195 5 178 19 169 17 162 156 194 10 11
792
2 9 2 12 4 192 163 7 3 11 13 5 179 10 7 0 14 20 20 4 160 0 7 6 168 183 166 8 14 1 11 184 0 9 1 17 19 4 7 20 19 3 12 1 176 9 2 14 14 2 2 18 3 18 11 6 13 13 192 20 0 16 1 14 187 11 3 5 2 5 18 11 193 159 7 8 16 11 160 20 5 195 4 187 14 4 18 19 160 10 11 4 17 179 191 9 170 10 17 8 4 19 6 0 18 0 4 9 196 6 15 12 168 18 12 2 18 177 17 12 15 4 20 3 4 1 0 200 16 18 14 0 186 10 172 10 0 1 12 186 16 15 6 174 16 183 5 19 18 4 5 179 200 0 13 11 16 9 15 186 194 6 18 11 12 191 4 2 20 152 9 5 5 8 3 18 184 20 2 5 10 6 3 177 5 2 11 18 5 14 10 161 151 8 12 166 5 2 0 5 11 15 17 13 9 19 150 10 8 1 198 20 3 1 20 9 14 16 17 3 0 162 13 2 153 8 20 9 13 17 9 168 8 10 8 17 9 15 12 199 4 169 193 0 12 6 19 17 4 7 17 12 152 19 13 3 8 0 15 9 12 4 191 17 15 155 200 20 0 163 2 0 15 1 171 1 8 7 19 14 8 0 9 12 2 157 159 7 12 4 7 179 10 17 15 154 0 2 5 6 2 3 177 15 9 152 0 0 12 18 12 7 186 5 7 19 154 10 11 5 185 2 14 19 9 13 10 6 5 16 8 4 194 176 14 0 3 11 5 18 197 155 160 18 183 170 13 1 6 20 17 197 8 3 13 154 9 16 18 15 16 11 161 6 4 16 17 157 10 19 20 14 187 17 0 195 6 2 5 14 17 4 7 12 2 162 163 18 2 11 0 8 19 12 17 170 16 0 4 19 18 8 9 165 5 3 18 11 14 16 7 6 18 13 8 176 18 9 20 15 20 14 20 2 15 154 0 0 8 171 185 20 20 11 4 11 175 15 4 12 16 4 3 189 8 2 7 18 6 2 19 6 13 17 18 13 8 16 9 158 2 16 8 192 4 1 14 0 18 5 13 0 9 15 6 9 13 11 10 5 170 12 3 15 14 175 18 3 17 177 12 10 8 175 3 8 10 1 18 197 13 8 16 5 10 6 8 160 16 14 3 151 14 159 12 9 12 8 18 200 0 5 0 20 16 7 190 12 0 11 1 3 3 20 0 171 17 188 11 2 19 2 19 8 11 15 11 18 13 11 166 13 10 1 10 18 194 15 6 17 12 197 14 152 189 198 2 13 2 19 8 16 2 179 5 15 15 19 194 177 3 9 16 2 18 14 17 14 179 3 181 184 18 153 19 17 2 20 3 12 3 5 8 18 14 4 1 9 179 159 10 3 0 11 11 4 4 10 155 10 12 8 9 17 176 2 14 2 0 15 2 14 1 2 1 10 17 11 20 11 1 180 153 15 9 6 19 20 20 188 9 7 17 163 6 199 6 174 5 9 16 4 7 6 5 8 155 2 13 19 6 190 18 15 165 8 8 9 177 4 5 160 166 190 193 14 16 19 2 17 3 18 3 3 190 3 10 13 5 1 6 154 1 182 2 5 15 188 5 17 172 5 11 153 0 14 16 15 1 8 0 14 19 12 20 196 19 192 7 12 2 5 7 1 9 169 4 155 7 11 12 15 192 0 10 6 1 15 9 168 4 17 6 20 1 1 17 14 162 8 5 14 11 8 4 10 16 11 5 7 20 7 4 195 167 16 6 4 150 10 14 12 13 17 0 14 191 9 15 168 20 20
999
70 70 70 70 152 152 70 152 152 70 70 152 70 70 152 152 70 152 152 70 152 152 70 152 152 152 70 152 70 70 70 70 70 70 70 152 70 70 152 70 152 152 70 152 152 70 152 70 70 70 152 70 152 70 70 152 152 152 152 70 152 152 70 70 70 70 152 70 70 152 152 70 152 70 152 70 152 152 70 152 70 70 152 70 152 70 152 152 152 152 152 70 152 152 152 70 70 70 152 70 152 152 152 152 70 70 152 70 152 70 70 70 152 152 152 152 70 152 152 70 152 152 152 152 70 70 152 70 152 70 70 70 152 70 70 70 70 70 70 152 152 70 152 70 152 152 70 70 70 152 70 152 70 70 152 152 152 152 70 152 70 70 152 152 70 70 70 70 70 152 70 152 70 70 152 70 152 70 152 70 152 152 152 152 152 152 70 70 70 152 152 152 152 152 152 152 152 152 70 70 70 70 152 70 152 152 152 152 70 152 70 152 152 152 152 152 152 152 70 152 152 152 70 152 70 152 152 152 152 152 70 152 70 70 152 152 152 152 70 70 70 70 152 152 70 70 152 70 152 152 152 152 70 70 152 70 70 70 152 152 152 152 70 70 70 70 152 152 70 70 70 152 152 70 152 70 70 70 70 152 152 152 70 152 70 70 152 70 152 70 70 70 70 152 152 152 70 70 70 152 152 70 152 70 70 152 70 152 152 70 70 70 70 70 70 70 70 152 152 70 152 152 152 152 70 70 70 152 70 70 152 70 152 152 152 70 152 70 70 152 152 152 70 152 152 70 70 70 152 152 70 152 70 152 152 152 152 152 152 70 70 70 152 152 152 70 152 70 152 70 152 70 70 70 152 70 70 152 70 70 152 70 70 70 152 152 152 70 152 70 152 152 152 152 70 70 70 152 152 152 152 152 70 152 70 70 70 152 152 70 152 70 152 152 152 152 70 152 152 152 152 70 70 152 152 152 152 70 152 70 152 152 152 152 70 70 70 70 152 70 70 152 70 152 70 70 152 70 152 70 70 70 152 70 152 152 70 152 152 70 70 70 70 152 152 70 70 70 70 152 70 152 152 70 152 70 152 152 152 70 70 70 152 152 70 70 70 152 70 70 152 152 70 152 70 152 70 70 70 152 70 70 152 152 70 70 152 70 152 152 152 70 70 70 70 152 70 152 70 70 152 152 70 70 70 70 152 152 70 152 152 152 152 70 70 70 152 152 152 70 70 152 152 152 70 70 152 70 152 70 70 152 70 70 152 70 70 70 70 152 70 70 152 70 70 70 152 70 152 70 152 152 70 152 70 70 70 152 152 70 70 70 70 70 70 70 152 70 70 70 152 152 70 70 70 70 70 152 152 70 70 152 70 152 70 70 70 70 70 70 70 152 152 70 152 70 70 152 70 152 70 152 70 152 152 152 70 152 70 70 70 70 70 70 70 70 152 152 70 70 152 70 152 70 70 152 152 70 152 70 152 70 152 152 152 70 70 152 152 70 70 70 152 70 152 152 70 70 152 152 152 70 70 70 152 152 70 70 70 70 152 70 70 70 152 152 70 152 152 152 152 70 152 70 152 70 70 70 70 70 70 152 70 152 152 70 70 70 152 152 70 70 70 152 152 152 152 152 70 70 70 70 70 70 152 70 70 70 152 152 152 152 70 152 152 70 152 70 70 70 70 152 152 152 70 152 70 152 70 152 152 70 70 152 70 152 70 70 70 70 152 152 70 152 70 152 70 152 70 70 70 70 70 152 152 70 70 70 70 152 152 152 152 70 70 70 70 70 152 152 70 152 152 152 152 70 152 152 152 152 152 152 70 152 152 152 70 152 70 70 152 70 152 70 152 152 152 152 152 152 70 152 70 70 152 152 70 152 152 152 152 152 152 70 152 70 152 70 152 70 70 70 152 70 152 152 152 152 152 152 70 152 70 152 70 70 152 70 70 152 70 70 70 70 152 152 152 152 70 70 70 70 152 152 152 70 152 70 152 70 152 152 152 152 152 152 152 152 152 152 70 70 70 152 70 70 152 70 152 70 70 152 70 152 70 152 152 152 70 152 152 70 152 152 70 152 152 152 152 70 152 152 70 152 152 70 70 152 70 70 152 152 70 152 152 70 152 152 70 152 70 152 152 152 70 70 152 152 152 70 70 70 70 152 70 152 152 152 70 152 152 70 152 152 70 70 152 152 70 152 70 70 152 70 152 152 70 152 70 152 152 152 70 152 70 152 70 152 152 70 70 70 70 70 152 70 70 152 70
9
0 0 0 0 0 0 0 0 0
828
80 80 104 80 80 80 104 104 80 80 80 104 80 80 80 80 80 80 104 80 104 104 104 80 104 80 104 80 104 80 104 104 104 80 104 104 104 80 80 104 104 104 104 104 104 80 104 80 80 104 104 104 104 80 104 80 80 80 80 80 80 104 104 80 80 104 80 104 80 80 80 80 104 80 80 80 104 80 104 104 80 104 80 104 80 104 104 80 80 80 104 80 80 104 80 80 80 104 80 80 104 80 80 80 104 104 104 104 104 80 104 80 80 104 80 80 80 80 104 80 80 80 80 104 80 104 80 104 80 80 80 104 80 104 80 104 104 104 80 104 104 80 104 80 80 80 80 80 104 80 80 80 104 80 80 80 104 104 80 104 80 80 104 104 80 104 104 104 80 80 80 80 80 104 104 104 80 104 104 104 104 104 80 104 104 104 80 80 104 104 104 80 80 104 104 104 104 80 104 80 80 80 80 80 104 80 80 104 80 80 104 80 104 80 80 80 104 104 80 104 80 104 80 104 104 104 80 104 80 104 104 80 104 104 80 104 80 80 80 104 104 104 104 104 104 80 80 104 80 104 104 80 80 104 80 80 80 80 104 104 104 80 104 104 80 80 104 80 80 80 104 80 80 104 80 80 104 104 104 80 80 104 80 104 104 104 80 80 80 104 104 80 80 80 104 80 80 104 80 104 104 104 104 80 80 104 104 104 104 80 80 104 80 104 80 80 104 104 104 80 80 104 104 80 104 104 80 104 80 104 80 104 104 80 104 80 80 104 104 80 104 104 104 80 80 80 80 80 80 104 104 104 104 80 104 104 80 104 80 80 104 104 80 80 80 104 104 104 80 80 80 104 80 80 104 104 80 80 104 104 80 80 104 104 104 104 104 80 104 80 104 104 104 104 104 80 104 80 80 80 80 104 80 80 80 80 80 80 80 80 104 104 104 80 104 80 80 104 80 80 80 80 80 104 104 80 104 104 104 80 80 80 104 80 104 104 104 104 104 104 104 80 80 104 80 104 104 104 104 80 80 80 104 104 80 80 104 80 104 80 80 80 80 80 80 80 104 104 80 104 104 104 104 104 80 80 80 80 104 80 80 80 104 80 80 104 104 104 80 104 80 104 104 104 80 80 80 80 80 104 80 80 104 80 80 80 80 104 80 80 104 80 80 104 104 104 80 80 104 104 104 80 80 80 80 104 80 80 104 104 80 104 80 80 80 104 104 80 104 104 80 80 80 80 80 80 104 104 104 80 104 104 80 104 80 80 80 104 104 80 104 104 80 80 80 80 80 80 80 80 104 80 104 80 104 80 104 104 104 104 80 80 80 80 104 80 104 104 80 104 104 80 80 104 80 80 80 80 80 80 104 80 104 104 104 80 104 104 80 80 80 104 104 80 80 104 80 80 104 80 80 80 80 80 80 80 80 104 80 80 80 80 80 104 104 80 104 104 80 80 104 104 80 104 80 104 80 104 104 80 80 80 80 80 104 104 104 80 80 104 104 104 80 104 104 80 80 80 104 104 80 104 104 104 80 80 80 80 80 104 80 80 80 80 104 80 104 104 104 104 80 104 80 80 80 104 104 104 104 104 104 80 80 80 104 104 80 80 104 104 104 80 80 80 80 80 80 80 104 80 80 104 104 104 80 104 80 80 104 104 80 80 104 80 104 104 104 104 104 104 80 104 80 80 104 80 104 80 80 80 104 80 104 80 80 104 80 80 80 80 80 104 104 80 80 104 80 104 80 104 104 104 80 104 80 80 104 104 104 104 104 104 104 104 104 104 104 104 80 104 104 80 80 104 80 104 104 80 80 104 80 104 104 104 80 104 104 104 80 104 80 104 104 104 104 104 80 104 104 80 104 80 80 104 104 80 80 80
951
200 200 200 200 200 200 200 200 200 200 200 200 200 200 200 200 200 200 200 200 200 200 200 200 200 200 200 200 200 200 200 200 200 200 200 200 200 200 200 200 200 200 200 200 200 200 200 200 200 200 200 200 200 200 200 200 200 200 200 200 200 200 200 200 200 200 200 200 200 200 200 200 200 200 200 200 200 200 200 200 200 200 200 200 200 200 200 200 200 200 200 200 200 200 200 200 200 200 200 200 200 200 200 200 200 200 200 200 200 200 200 200 200 200 200 200 200 200 200 200 200 200 200 200 200 200 200 200 200 200 200 200 200 200 200 200 200 200 200 200 200 200 200 200 200 200 200 200 200 200 200 200 200 200 200 200 200 200 200 200 200 200 200 200 200 200 200 200 200 200 200 200 200 200 200 200 200 200 200 200 200 200 200 200 200 200 200 200 200 200 200 200 200 200 200 200 200 200 200 200 200 200 200 200 200 200 200 200 200 200 200 200 200 200 200 200 200 200 200 200 200 200 200 200 200 200 200 200 200 200 200 200 200 200 200 200 200 200 200 200 200 200 200 200 200 200 200 200 200 200 200 200 200 200 200 200 200 200 200 200 200 200 200 200 200 200 200 200 200 200 200 200 200 200 200 200 200 200 200 200 200 200 200 200 200 200 200 200 200 200 200 200 200 200 200 200 200 200 200 200 200 200 200 200 200 200 200 200 200 200 200 200 200 200 200 200 200 200 200 200 200 200 200 200 200 200 200 200 200 200 200 200 200 200 200 200 200 200 200 200 200 200 200 200 200 200 200 200 200 200 200 200 200 200 200 200 200 200 200 200 200 200 200 200 200 200 200 200 200 200 200 200 200 200 200 200 200 200 200 200 200 200 200 200 200 200 200 200 200 200 200 200 200 200 200 200 200 200 200 200 200 200 200 200 200 200 200 200 200 200 200 200 200 200 200 200 200 200 200 200 200 200 200 200 200 200 200 200 200 200 200 200 200 200 200 200 200 200 200 200 200 200 200 200 200 200 200 200 200 200 200 200 200 200 200 200 200 200 200 200 200 200 200 200 200 200 200 200 200 200 200 200 200 200 200 200 200 200 200 200 200 200 200 200 200 200 200 200 200 200 200 200 200 200 200 200 200 200 200 200 200 200 200 200 200 200 200 200 200 200 200 200 200 200 200 200 200 200 200 200 200 200 200 200 200 200 200 200 200 200 200 200 200 200 200 200 200 200 200 200 200 200 200 200 200 200 200 200 200 200 200 200 200 200 200 200 200 200 200 200 200 200 200 200 200 200 200 200 200 200 200 200 200 200 200 200 200 200 200 200 200 200 200 200 200 200 200 200 200 200 200 200 200 200 200 200 200 200 200 200 200 200 200 200 200 200 200 200 200 200 200 200 200 200 200 200 200 200 200 200 200 200 200 200 200 200 200 200 200 200 200 200 200 200 200 200 200 200 200 200 200 200 200 200 200 200 200 200 200 200 200 200 200 200 200 200 200 200 200 200 200 200 200 200 200 200 200 200 200 200 200 200 200 200 200 200 200 200 200 200 200 200 200 200 200 200 200 200 200 200 200 200 200 200 200 200 200 200 200 200 200 200 200 200 200 200 200 200 200 200 200 200 200 200 200 200 200 200 200 200 200 200 200 200 200 200 200 200 200 200 200 200 200 200 200 200 200 200 200 200 200 200 200 200 200 200 200 200 200 200 200 200 200 200 200 200 200 200 200 200 200 200 200 200 200 200 200 200 200 200 200 200 200 200 200 200 200 200 200 200 200 200 200 200 200 200 200 200 200 200 200 200 200 200 200 200 200 200 200 200 200 200 200 200 200 200 200 200 200 200 200 200 200 200 200 200 200 200 200 200 200 200 200 200 200 200 200 200 200 200 200 200 200 200 200 200 200 200 200 200 200 200 200 200 200 200 200 200 200 200 200 200 200 200 200 200 200 200 200 200 200 200 200 200 200 200 200 200 200 200 200 200 200 200 200 200 200 200 200 200 200 200 200 200 200 200 200 200 200 200 200 200 200 200 200 200 200 200 200 200 200 200 200 200 200 200 200 200 200 200 200 200 200 200 200 200 200 200 200 200 200 200 200 200 200 200 200 200 200 200 200 200 200 200 200 200 200 200 200 200 200 200 200 200 200 200 200 200 200 200 200
213
7 12 20 9 20 8 3 7 19 8 0 175 11 166 11 9 10 178 167 0 18 10 168 11 185 192 18 20 14 7 20 20 2 5 20 0 5 190 14 1 2 6 11 14 171 17 16 13 16 5 5 181 8 17 13 198 189 14 173 0 10 4 153 12 6 16 17 16 10 13 186 11 17 16 16 14 13 163 168 8 9 193 5 8 16 14 17 8 192 15 13 179 1 19 20 20 10 6 16 10 14 2 19 10 175 17 195 161 12 192 15 16 7 6 1 15 17 10 12 152 172 14 20 8 9 14 13 6 16 9 14 8 15 8 11 16 2 8 14 11 14 190 18 11 186 4 5 5 1 18 11 0 18 9 7 17 3 0 14 19 10 16 192 15 157 8 20 198 20 154 4 197 173 10 14 163 4 0 11 168 180 181 18 164 20 2 17 12 15 3 20 0 10 4 4 179 184 20 164 11 13 13 187 187 3 6 15 11 16 10 181 12 14
12
0 200 84 59 97 101 109 62 115 116 74 200
432
19 8 13 10 20 14 10 12 13 15 1 13 14 191 0 9 2 15 19 4 20 12 1 11 14 186 20 164 6 4 4 9 166 14 0 15 8 2 6 17 10 7 16 15 8 0 17 7 15 3 18 20 9 17 5 3 16 17 170 1 182 19 19 168 4 19 4 0 12 184 10 17 2 182 6 16 0 20 5 14 19 19 20 18 13 19 16 13 162 1 13 17 20 4 19 19 13 15 6 3 180 171 6 190 11 1 182 12 13 20 9 173 20 2 15 17 18 3 199 8 6 184 20 6 198 10 8 17 0 18 13 17 11 198 5 16 159 12 17 3 1 15 5 14 13 4 191 10 5 184 11 1 181 183 15 18 11 198 2 3 182 15 13 12 11 16 2 8 193 171 4 12 16 4 19 5 150 20 6 0 11 12 2 15 8 12 7 0 5 6 18 0 15 6 11 18 20 12 14 17 172 198 12 17 13 9 20 3 6 184 7 20 4 12 5 17 10 11 12 5 15 2 9 10 2 174 152 3 16 10 2 11 4 20 162 15 10 0 20 13 3 16 10 12 10 11 2 6 9 11 18 2 152 15 172 189 5 13 4 19 4 199 18 5 15 7 19 16 0 15 15 189 7 13 172 173 4 8 6 20 5 13 178 2 20 12 13 13 7 165 20 187 0 156 18 1 13 2 18 187 184 15 18 16 8 6 15 18 9 162 189 15 19 4 12 0 14 9 14 11 20 153 20 18 10 187 7 19 2 17 4 18 2 2 2 8 12 18 162 6 8 8 14 12 15 169 2 152 3 9 195 15 13 9 11 14 174 12 10 18 1 177 197 18 20 1 6 15 19 6 181 14 19 17 174 7 9 15 11 17 9 169 15 9 152 20 12 170 13 4 170 19 8 13 0 9 4 14 17 19 9 18 193 11 160 20 16 10 1 12 165 13 0 12 15 5 6 161 18 12 3 18 182 200 15 20 171 12 199 0 13 16
708
0 200 83 76 59 84 79 59 73 103 56 108 75 75 71 87 99 71 106 98 107 101 79 78 119 90 118 78 75 119 96 88 101 96 90 63 63 107 102 100 76 93 59 67 59 63 52 54 69 92 87 93 99 60 101 77 50 53 66 74 108 99 97 60 92 100 108 111 69 74 110 67 99 105 107 58 75 97 57 101 69 59 58 108 88 52 89 76 67 111 101 106 86 91 111 117 67 74 114 54 79 80 81 63 83 58 92 105 96 76 117 92 93 90 91 64 119 95 59 112 107 113 108 88 50 67 66 64 77 50 56 119 73 97 115 100 68 78 59 52 70 67 75 104 80 103 109 58 95 98 63 84 97 90 98 116 102 102 90 67 64 99 62 88 64 86 82 50 73 104 110 76 97 115 63 76 51 100 72 119 88 117 97 59 116 83 89 72 81 70 56 89 115 74 51 98 57 68 102 60 59 51 62 100 101 74 108 57 62 59 115 65 94 119 97 62 120 91 83 112 88 112 77 104 85 59 98 108 120 68 86 64 86 59 70 118 114 103 119 56 95 54 115 88 99 93 96 59 114 71 61 84 113 98 87 96 109 98 100 94 61 93 66 74 98 86 99 55 118 66 65 70 65 97 91 114 55 51 72 84 107 81 72 82 68 70 84 111 84 68 80 57 76 105 56 120 103 97 79 59 112 85 76 52 115 96 61 84 87 105 71 81 60 53 113 90 89 119 84 111 95 66 67 105 109 52 66 61 106 63 50 94 53 57 95 85 89 67 64 85 115 88 72 71 50 110 112 75 90 111 67 88 108 99 62 62 66 50 58 87 98 96 77 111 112 68 65 82 99 106 107 74 57 96 91 120 104 56 99 56 57 71 113 95 108 108 78 63 56 87 120 57 66 98 76 93 112 115 62 104 117 83 114 70 81 83 94 116 97 110 83 114 105 108 103 113 64 96 54 98 109 96 73 88 105 64 92 90 91 109 56 72 99 65 61 105 102 107 55 105 114 59 108 58 78 84 58 59 82 78 114 88 120 88 80 108 57 99 105 109 120 65 89 72 95 102 50 87 114 69 106 87 56 65 89 92 98 82 102 50 111 95 68 94 77 89 100 83 55 70 111 104 96 77 94 53 65 57 64 62 83 78 104 83 103 63 59 83 74 100 50 87 119 53 93 120 60 112 50 113 92 82 81 61 78 76 119 100 77 119 52 97 110 91 116 84 58 54 78 75 101 111 50 103 119 77 53 86 114 120 66 102 53 74 81 85 102 107 56 105 57 72 81 71 103 97 66 92 98 68 68 107 86 74 94 106 91 61 96 55 107 52 106 118 89 102 74 59 109 92 117 88 82 88 67 94 115 80 65 85 94 101 83 112 101 65 77 77 80 95 116 116 79 74 91 71 50 52 107 79 117 59 108 72 109 74 104 78 114 116 104 92 77 79 95 60 103 67 66 111 90 67 76 96 111 89 85 78 99 52 61 79 73 83 115 111 57 106 81 97 78 78 105 101 66 63 81 95 63 71 111 93 111 87 62 85 104 117 116 85 70 96 60 72 96 91 62 94 117 101 88 110 72 70 64 105 106 102 106 104 86 118 106 56 88 68 68 200
274
200 200 200 200 200 200 200 200 200 200 200 200 200 200 200 200 200 200 200 200 200 200 200 200 200 200 200 200 200 200 200 200 200 200 200 200 200 200 200 200 200 200 200 200 200 200 200 200 200 200 200 200 200 200 200 200 200 200 200 200 200 200 200 200 200 200 200 200 200 200 200 200 200 200 200 200 200 200 200 200 200 200 200 200 200 200 200 200 200 200 200 200 200 200 200 200 200 200 200 200 200 200 200 200 200 200 200 200 200 200 200 200 200 200 200 200 200 200 200 200 200 200 200 200 200 200 200 200 200 200 200 200 200 200 200 200 200 200 200 200 200 200 200 200 200 200 200 200 200 200 200 200 200 200 200 200 200 200 200 200 200 200 200 200 200 200 200 200 200 200 200 200 200 200 200 200 200 200 200 200 200 200 200 200 200 200 200 200 200 200 200 200 200 200 200 200 200 200 200 200 200 200 200 200 200 200 200 200 200 200 200 200 200 200 200 200 200 200 200 200 200 200 200 200 200 200 200 200 200 200 200 200 200 200 200 200 200 200 200 200 200 200 200 200 200 200 200 200 200 200 200 200 200 200 200 200 200 200 200 200 200 200 200 200 200 200 200 200 200 200 200 200 200 200
710
154 180 173 180 180 102 86 102 180 180 154 102 173 86 173 154 154 102 180 180 154 86 154 180 154 102 86 173 102 102 102 86 180 86 86 180 154 86 86 180 102 180 173 173 180 86 180 173 102 102 102 173 86 102 154 86 102 173 102 102 154 173 154 86 180 86 180 86 173 154 154 102 173 102 173 86 154 102 173 173 154 154 86 154 86 180 102 180 154 180 173 173 173 102 86 154 86 180 86 86 102 173 102 154 180 102 173 102 154 86 86 154 102 180 86 154 102 180 102 102 86 86 180 86 102 154 154 180 154 86 102 102 154 86 86 154 173 173 102 173 180 86 86 86 154 102 180 173 173 102 180 102 102 86 102 154 180 154 154 180 86 102 154 173 173 86 180 102 102 154 154 154 180 154 180 154 180 180 154 154 154 180 102 102 173 102 173 173 180 173 102 180 102 154 173 154 102 154 102 154 102 173 102 180 154 180 102 180 180 154 180 180 86 102 86 102 180 86 173 154 86 154 180 180 86 86 180 180 102 86 173 180 154 102 102 86 102 180 173 180 154 86 86 102 180 102 173 86 173 180 102 154 180 86 102 154 180 180 102 102 180 173 86 154 154 86 173 102 102 154 173 102 173 102 173 102 173 86 86 173 102 180 102 180 180 102 86 86 154 154 154 180 180 154 154 102 86 102 154 173 180 154 86 86 154 86 86 86 180 102 86 180 173 102 102 86 180 102 154 180 180 154 86 102 154 86 173 173 154 154 173 173 86 86 173 86 180 102 173 180 86 102 154 154 173 102 173 154 102 180 180 86 180 102 173 102 154 173 102 154 86 180 173 180 173 180 173 102 86 86 86 180 102 180 173 180 154 102 173 86 154 180 102 102 180 102 102 180 180 102 180 86 180 154 180 173 86 173 154 154 180 102 102 86 154 154 180 102 86 86 154 154 180 180 154 173 154 102 180 102 180 86 180 173 86 173 154 154 180 180 86 180 154 102 180 173 154 102 154 173 173 173 102 173 173 173 173 173 102 102 102 180 180 86 173 86 173 154 173 102 102 86 154 102 173 173 102 180 173 154 173 86 102 173 86 86 173 154 180 86 180 102 86 173 102 180 102 180 86 86 180 102 86 102 180 180 102 86 173 102 173 180 86 173 102 102 154 180 173 102 173 154 86 86 102 154 102 180 154 102 102 173 86 154 173 86 154 154 102 154 173 180 154 86 86 154 180 86 102 154 180 154 180 173 86 180 180 173 173 173 154 180 154 154 86 86 154 180 173 86 86 180 180 180 154 173 180 173 86 86 173 86 102 180 180 154 173 173 154 180 173 102 180 180 86 86 86 154 154 154 173 173 102 154 154 102 102 180 173 180 173 102 86 180 154 173 102 173 102 173 180 173 102 173 154 154 173 154 180 102 180 180 102 180 173 173 102 102 102 102 102 86 173 180 154 102 86 102 86 173 173 102 173 173 180 102 180 86 86 173 173 154 173 102 102 173 102 154 154 86 102 86 173 86 154 86 173 102 102 154 102 180 102 180 173 154 173 102 173 154 102 173 180 102 180 173 173 86 173 154 154 173 154 154 154 154 173 180 102 180 173 86 173 86 154 86 173 102 102 86
224
200 200 200 200 200 200 200 200 200 200 200 200 200 200 200 200 200 200 200 200 200 200 200 200 200 200 200 200 200 200 200 200 200 200 200 200 200 200 200 200 200 200 200 200 200 200 200 200 200 200 200 200 200 200 200 200 200 200 200 200 200 200 200 200 200 200 200 200 200 200 200 200 200 200 200 200 200 200 200 200 200 200 200 200 200 200 200 200 200 200 200 200 200 200 200 200 200 200 200 200 200 200 200 200 200 200 200 200 200 200 200 200 200 200 200 200 200 200 200 200 200 200 200 200 200 200 200 200 200 200 200 200 200 200 200 200 200 200 200 200 200 200 200 200 200 200 200 200 200 200 200 200 200 200 200 200 200 200 200 200 200 200 200 200 200 200 200 200 200 200 200 200 200 200 200 200 200 200 200 200 200 200 200 200 200 200 200 200 200 200 200 200 200 200 200 200 200 200 200 200 200 200 200 200 200 200 200 200 200 200 200 200 200 200 200 200 200 200 200 200 200 200 200 200
392
167 170 14 19 1 10 18 8 193 15 13 188 2 10 7 4 192 199 15 13 5 17 2 1 171 12 2 14 9 155 20 198 151 8 3 10 11 12 1 19 5 2 176 1 10 16 11 182 14 19 3 1 160 9 14 13 19 3 8 0 4 16 6 18 194 0 13 3 4 2 5 1 20 4 8 19 16 17 188 3 12 191 4 1 2 151 0 9 19 5 16 196 6 18 13 4 4 17 15 4 160 8 11 8 8 9 11 19 153 164 9 192 16 13 13 0 11 4 7 15 5 17 8 14 18 14 3 14 11 9 150 6 8 18 158 8 9 20 19 166 17 197 17 20 180 2 19 2 16 14 20 16 7 8 0 9 14 12 150 18 170 9 17 167 14 18 15 13 9 198 9 191 190 4 0 16 156 191 16 13 18 15 20 10 16 1 1 20 19 19 10 12 8 152 4 152 13 17 20 3 7 5 5 11 4 183 5 187 8 15 7 1 3 154 6 19 0 177 12 7 14 10 2 11 8 6 6 5 11 2 167 11 19 19 198 0 9 12 1 12 14 199 14 12 17 191 162 20 197 8 0 17 2 5 154 13 178 161 3 163 10 17 193 10 17 6 10 15 160 17 20 5 192 16 16 1 0 0 8 177 9 16 191 17 168 177 19 15 11 6 199 18 184 17 19 12 14 1 195 188 19 17 16 170 9 20 192 19 156 16 151 16 3 19 18 16 20 17 17 17 18 164 152 6 19 10 15 6 11 15 6 172 19 0 11 8 11 0 17 13 13 4 17 2 166 13 12 10 13 20 11 19 6 17 6 17 15 20 14 19 169 9 14 15 8 7 17 2 16 7 193 5 9 156 3 6 176 0 15 4 6 14 20 11 14 15 9 11 18 183 193 155
804
200 200 200 200 200 200 200 200 200 200 200 200 200 200 200 200 200 200 200 200 200 200 200 200 200 200 200 200 200 200 200 200 200 200 200 200 200 200 200 200 200 200 200 200 200 200 200 200 200 200 200 200 200 200 200 200 200 200 200 200 200 200 200 200 200 200 200 200 200 200 200 200 200 200 200 200 200 200 200 200 200 200 200 200 200 200 200 200 200 200 200 200 200 200 200 200 200 200 200 200 200 200 200 200 200 200 200 200 200 200 200 200 200 200 200 200 200 200 200 200 200 200 200 200 200 200 200 200 200 200 200 200 200 200 200 200 200 200 200 200 200 200 200 200 200 200 200 200 200 200 200 200 200 200 200 200 200 200 200 200 200 200 200 200 200 200 200 200 200 200 200 200 200 200 200 200 200 200 200 200 200 200 200 200 200 200 200 200 200 200 200 200 200 200 200 200 200 200 200 200 200 200 200 200 200 200 200 200 200 200 200 200 200 200 200 200 200 200 200 200 200 200 200 200 200 200 200 200 200 200 200 200 200 200 200 200 200 200 200 200 200 200 200 200 200 200 200 200 200 200 200 200 200 200 200 200 200 200 200 200 200 200 200 200 200 200 200 200 200 200 200 200 200 200 200 200 200 200 200 200 200 200 200 200 200 200 200 200 200 200 200 200 200 200 200 200 200 200 200 200 200 200 200 200 200 200 200 200 200 200 200 200 200 200 200 200 200 200 200 200 200 200 200 200 200 200 200 200 200 200 200 200 200 200 200 200 200 200 200 200 200 200 200 200 200 200 200 200 200 200 200 200 200 200 200 200 200 200 200 200 200 200 200 200 200 200 200 200 200 200 200 200 200 200 200 200 200 200 200 200 200 200 200 200 200 200 200 200 200 200 200 200 200 200 200 200 200 200 200 200 200 200 200 200 200 200 200 200 200 200 200 200 200 200 200 200 200 200 200 200 200 200 200 200 200 200 200 200 200 200 200 200 200 200 200 200 200 200 200 200 200 200 200 200 200 200 200 200 200 200 200 200 200 200 200 200 200 200 200 200 200 200 200 200 200 200 200 200 200 200 200 200 200 200 200 200 200 200 200 200 200 200 200 200 200 200 200 200 200 200 200 200 200 200 200 200 200 200 200 200 200 200 200 200 200 200 200 200 200 200 200 200 200 200 200 200 200 200 200 200 200 200 200 200 200 200 200 200 200 200 200 200 200 200 200 200 200 200 200 200 200 200 200 200 200 200 200 200 200 200 200 200 200 200 200 200 200 200 200 200 200 200 200 200 200 200 200 200 200 200 200 200 200 200 200 200 200 200 200 200 200 200 200 200 200 200 200 200 200 200 200 200 200 200 200 200 200 200 200 200 200 200 200 200 200 200 200 200 200 200 200 200 200 200 200 200 200 200 200 200 200 200 200 200 200 200 200 200 200 200 200 200 200 200 200 200 200 200 200 200 200 200 200 200 200 200 200 200 200 200 200 200 200 200 200 200 200 200 200 200 200 200 200 200 200 200 200 200 200 200 200 200 200 200 200 200 200 200 200 200 200 200 200 200 200 200 200 200 200 200 200 200 200 200 200 200 200 200 200 200 200 200 200 200 200 200 200 200 200 200 200 200 200 200 200 200 200 200 200 200 200 200 200 200 200 200 200 200 200 200 200 200 200 200 200 200 200 200 200 200 200 200 200 200 200 200 200 200 200 200 200 200 200 200 200 200 200 200 200 200 200 200 200 200 200 200 200 200 200 200 200 200 200 200 200 200 200 200 200 200 200 200 200 200 200 200 200 200 200 200 200 200 200 200 200 200 200 200 200 200 200 200 200 200
391
200 200 200 200 200 200 200 200 200 200 200 200 200 200 200 200 200 200 200 200 200 200 200 200 200 200 200 200 200 200 200 200 200 200 200 200 200 200 200 200 200 200 200 200 200 200 200 200 200 200 200 200 200 200 200 200 200 200 200 200 200 200 200 200 200 200 200 200 200 200 200 200 200 200 200 200 200 200 200 200 200 200 200 200 200 200 200 200 200 200 200 200 200 200 200 200 200 200 200 200 200 200 200 200 200 200 200 200 200 200 200 200 200 200 200 200 200 200 200 200 200 200 200 200 200 200 200 200 200 200 200 200 200 200 200 200 200 200 200 200 200 200 200 200 200 200 200 200 200 200 200 200 200 200 200 200 200 200 200 200 200 200 200 200 200 200 200 200 200 200 200 200 200 200 200 200 200 200 200 200 200 200 200 200 200 200 200 200 200 200 200 200 200 200 200 200 200 200 200 200 200 200 200 200 200 200 200 200 200 200 200 200 200 200 200 200 200 200 200 200 200 200 200 200 200 200 200 200 200 200 200 200 200 200 200 200 200 200 200 200 200 200 200 200 200 200 200 200 200 200 200 200 200 200 200 200 200 200 200 200 200 200 200 200 200 200 200 200 200 200 200 200 200 200 200 200 200 200 200 200 200 200 200 200 200 200 200 200 200 200 200 200 200 200 200 200 200 200 200 200 200 200 200 200 200 200 200 200 200 200 200 200 200 200 200 200 200 200 200 200 200 200 200 200 200 200 200 200 200 200 200 200 200 200 200 200 200 200 200 200 200 200 200 200 200 200 200 200 200 200 200 200 200 200 200 200 200 200 200 200 200 200 200 200 200 200 200 200 200 200 200 200 200 200 200 200 200 200 200 200 200 200 200 200 200 200 200 200 200 200 200
809
77 77 34 112 77 112 77 77 112 77 77 34 112 112 77 112 112 112 34 77 77 112 112 34 77 77 77 34 112 112 112 112 34 112 112 34 112 34 112 112 112 77 77 77 34 77 77 34 34 77 112 77 34 34 34 77 77 77 112 34 77 34 77 112 77 77 34 77 112 112 77 112 34 34 112 77 77 77 77 34 77 112 112 34 34 77 77 112 77 34 34 34 77 112 77 112 77 112 112 34 34 112 77 112 34 112 77 77 34 112 112 77 77 77 112 112 112 112 34 77 77 34 34 34 112 112 34 34 77 34 77 77 77 77 34 34 77 112 112 77 77 34 34 77 77 34 77 34 77 34 112 77 34 34 112 34 112 34 34 112 112 112 34 34 34 77 77 77 34 34 77 34 112 77 34 34 77 112 77 112 77 77 112 112 112 34 112 34 77 34 34 77 34 112 34 34 112 34 34 112 112 77 112 112 34 112 34 112 77 77 112 77 112 34 77 112 112 77 112 112 112 77 112 34 34 34 34 77 77 34 34 77 112 77 112 34 34 34 112 112 112 34 77 112 112 112 77 34 77 34 112 112 112 112 77 34 77 112 77 112 34 34 77 34 34 112 112 112 34 112 34 34 34 77 77 34 112 34 77 77 112 112 77 77 34 77 34 34 34 77 112 112 112 77 112 112 77 77 34 34 77 77 77 34 77 112 34 34 77 34 34 34 112 112 77 34 77 77 34 34 112 77 77 34 34 112 77 34 34 34 112 34 34 112 77 112 77 77 112 112 77 34 77 77 112 112 34 77 34 112 77 77 77 34 77 34 112 34 112 77 77 34 112 34 112 112 112 34 77 77 77 77 112 34 112 112 112 112 34 77 112 34 34 77 34 77 77 77 77 112 77 77 112 34 112 34 77 77 77 77 112 34 112 112 77 112 34 112 112 77 34 34 112 77 112 112 34 77 34 112 34 112 77 77 34 112 112 112 34 34 77 77 112 34 34 77 34 34 77 77 34 34 34 77 34 112 77 34 77 34 34 34 112 77 112 34 34 112 112 34 112 77 34 77 34 34 34 34 112 112 77 112 112 77 34 77 77 34 34 77 112 112 34 112 34 34 112 112 34 112 34 34 112 34 112 77 112 34 112 77 34 34 112 77 77 34 77 77 112 34 34 77 112 77 77 112 77 77 112 34 112 34 77 34 34 112 112 77 112 112 34 77 112 77 112 34 34 112 77 34 77 77 77 34 77 112 77 34 77 34 34 112 34 112 112 77 77 34 34 112 34 77 112 34 112 112 112 112 112 77 112 34 34 112 34 34 112 77 34 34 112 112 77 77 77 34 34 112 34 77 34 77 34 77 77 77 34 77 112 34 112 112 112 34 77 34 112 77 34 34 77 34 112 77 112 112 34 34 77 77 112 34 34 112 34 34 112 34 77 77 77 77 77 112 77 112 77 34 112 34 77 34 34 34 77 112 77 77 112 77 112 34 77 34 34 34 77 112 77 112 112 112 77 77 77 34 77 34 112 112 77 112 34 34 77 112 112 112 77 34 34 77 34 77 112 112 77 77 77 77 34 34 34 112 34 112 77 77 77 77 34 77 112 34 77 77 77 112 77 112 77 112 77 34 112 77 77 112 34 77 77 112 34 34 34 77 112 77 112 34 77 112 34 34 34 112 77 112 77 77 34 77 77 34 77 34 112 112 77 34 77 112 112 34 112 34 112 112 112 77 112 112 77 77 112 77 112 112 34 77 34 112 34 34 34 77 34 112 34 112 34 112 77 77 34 77 112 34 34 34 34 34 34 34 77 77 34 34 77 34 34 77 34 112 77 112 34 34 34
737
123 132 137 123 134 26 137 137 26 7 26 134 123 7 123 132 137 137 26 26 134 137 123 134 7 26 137 134 137 137 137 137 137 26 137 132 134 7 7 26 134 123 26 134 26 137 132 7 134 134 134 137 132 7 137 26 132 123 123 137 137 137 137 26 123 134 137 7 26 132 132 137 134 123 134 26 7 132 132 123 132 123 7 123 123 7 26 134 137 123 123 26 137 134 123 7 123 132 134 7 7 137 123 123 134 137 26 134 134 7 7 7 26 26 26 26 134 7 7 7 137 123 123 137 26 123 26 123 7 134 134 7 26 26 132 26 134 26 26 134 26 123 7 137 26 132 132 134 137 137 132 26 123 26 123 134 123 26 134 132 26 137 137 7 123 137 132 7 137 123 134 132 7 132 26 137 7 7 134 134 137 123 26 132 7 134 7 26 137 137 132 7 132 137 7 137 123 137 134 7 26 132 134 132 123 7 137 137 134 123 132 123 123 132 137 134 137 134 26 7 7 132 134 123 123 7 7 132 134 123 134 137 26 26 134 134 26 132 7 137 7 137 7 7 137 137 137 137 132 123 26 7 132 26 7 123 134 7 132 123 123 137 26 137 132 123 134 26 123 137 7 123 7 7 123 132 123 26 137 137 26 134 137 26 123 7 26 26 26 123 123 134 7 7 137 26 134 134 26 132 123 134 123 123 123 7 137 134 7 123 137 7 134 132 123 123 134 134 7 132 7 132 134 134 134 132 7 123 132 132 26 132 134 7 137 26 132 7 134 134 7 132 123 123 134 132 26 26 26 134 26 7 132 132 7 137 123 26 134 7 132 134 123 134 7 137 134 123 26 132 123 26 137 123 137 26 26 7 132 123 26 7 7 26 26 132 134 132 7 132 7 137 132 137 26 132 134 123 123 26 123 134 132 132 132 26 132 132 132 132 134 137 123 132 123 26 26 134 123 7 132 7 137 137 134 132 7 137 7 137 132 137 26 137 134 123 26 26 137 26 134 123 123 134 7 123 137 123 132 137 137 132 134 7 7 134 26 137 7 7 7 134 137 132 134 134 137 134 137 26 134 137 26 123 134 123 123 26 134 26 137 132 134 26 132 134 134 7 26 26 137 134 137 123 137 7 134 134 26 123 132 7 7 7 137 134 123 132 132 137 7 137 134 137 132 132 123 26 123 134 7 132 26 123 134 7 123 123 7 132 26 132 134 134 26 7 134 7 137 123 7 137 26 26 123 26 132 123 134 123 26 123 134 132 123 123 123 134 134 134 123 123 26 26 123 134 7 26 7 132 132 26 123 137 137 123 137 132 7 134 26 7 123 134 123 7 26 123 134 134 123 132 123 123 132 123 26 137 26 132 123 123 132 26 132 26 7 134 123 132 132 123 134 132 134 132 123 123 123 7 26 132 7 7 26 26 123 132 137 7 123 7 134 26 137 137 134 7 137 26 132 26 7 137 134 7 137 137 7 134 26 26 123 132 123 26 134 26 134 26 7 7 132 123 26 134 137 132 137 137 134 132 134 137 134 26 137 137 134 137 134 132 132 7 134 134 123 132 137 26 7 26 137 132 26 134 7 123 134 137 132 7 7 137 132 26 123 7 26 7 26 7 134 134 132 7 134 132 134 134 26 123 132 123 7 7 7 123 134 134 7 137 134 7 7 26 26
517
0 200 84 60 89 82 56 114 71 112 60 95 92 68 102 83 116 113 74 92 98 110 100 116 75 96 90 61 87 53 54 66 55 98 59 73 113 54 58 90 107 87 63 113 57 117 103 118 65 113 97 53 99 65 120 97 69 59 54 83 120 75 51 62 80 116 54 117 51 80 120 112 54 63 104 106 58 99 104 110 94 95 60 82 94 85 59 117 118 98 93 92 77 61 84 54 85 111 50 112 111 88 65 108 105 110 96 120 80 96 57 93 112 59 93 104 103 76 56 93 103 59 115 88 113 56 108 120 66 89 59 70 120 77 50 52 92 81 112 52 62 58 76 54 83 85 59 56 57 53 102 93 91 64 107 78 54 100 77 88 111 98 94 95 116 108 76 92 82 94 63 64 63 61 114 119 115 76 78 91 80 77 103 91 80 110 85 104 101 102 75 116 74 56 112 100 107 113 59 98 101 69 52 120 68 113 70 81 58 62 66 72 103 60 69 102 58 53 118 79 109 64 105 86 117 92 79 112 64 104 107 75 66 96 75 72 114 97 81 88 66 75 120 83 111 95 56 112 74 88 55 64 51 92 94 62 91 89 97 58 71 63 68 62 99 73 90 50 61 84 70 55 73 68 107 77 50 92 113 73 71 93 81 84 60 92 113 62 89 53 117 52 61 106 102 60 73 83 77 90 108 118 107 58 63 59 119 73 71 94 110 113 84 59 89 83 72 94 54 57 62 95 71 72 71 65 68 57 92 50 71 120 54 57 115 110 71 118 104 62 119 59 115 105 51 109 90 87 84 108 116 61 118 111 96 112 77 113 103 106 51 53 84 71 114 67 50 77 58 64 85 64 95 70 96 110 73 74 114 65 115 84 120 63 85 56 101 82 81 72 103 103 88 100 70 52 96 74 119 113 109 115 73 84 66 94 100 50 90 93 72 102 108 62 101 89 95 101 81 106 114 87 87 80 90 64 84 55 62 104 99 96 79 81 74 75 78 64 87 96 118 63 72 106 107 76 66 104 90 69 78 76 77 98 80 68 79 54 76 86 70 117 98 92 92 104 52 100 66 95 87 88 119 60 112 100 113 63 108 93 101 116 58 61 93 65 79 118 55 68 98 87 52 69 60 71 53 59 98 75 100 115 117 54 114 105 105 75 83 120 117 62 80 71 101 119 200
532
200 200 200 200 200 200 200 200 200 200 200 200 200 200 200 200 200 200 200 200 200 200 200 200 200 200 200 200 200 200 200 200 200 200 200 200 200 200 200 200 200 200 200 200 200 200 200 200 200 200 200 200 200 200 200 200 200 200 200 200 200 200 200 200 200 200 200 200 200 200 200 200 200 200 200 200 200 200 200 200 200 200 200 200 200 200 200 200 200 200 200 200 200 200 200 200 200 200 200 200 200 200 200 200 200 200 200 200 200 200 200 200 200 200 200 200 200 200 200 200 200 200 200 200 200 200 200 200 200 200 200 200 200 200 200 200 200 200 200 200 200 200 200 200 200 200 200 200 200 200 200 200 200 200 200 200 200 200 200 200 200 200 200 200 200 200 200 200 200 200 200 200 200 200 200 200 200 200 200 200 200 200 200 200 200 200 200 200 200 200 200 200 200 200 200 200 200 200 200 200 200 200 200 200 200 200 200 200 200 200 200 200 200 200 200 200 200 200 200 200 200 200 200 200 200 200 200 200 200 200 200 200 200 200 200 200 200 200 200 200 200 200 200 200 200 200 200 200 200 200 200 200 200 200 200 200 200 200 200 200 200 200 200 200 200 200 200 200 200 200 200 200 200 200 200 200 200 200 200 200 200 200 200 200 200 200 200 200 200 200 200 200 200 200 200 200 200 200 200 200 200 200 200 200 200 200 200 200 200 200 200 200 200 200 200 200 200 200 200 200 200 200 200 200 200 200 200 200 200 200 200 200 200 200 200 200 200 200 200 200 200 200 200 200 200 200 200 200 200 200 200 200 200 200 200 200 200 200 200 200 200 200 200 200 200 200 200 200 200 200 200 200 200 200 200 200 200 200 200 200 200 200 200 200 200 200 200 200 200 200 200 200 200 200 200 200 200 200 200 200 200 200 200 200 200 200 200 200 200 200 200 200 200 200 200 200 200 200 200 200 200 200 200 200 200 200 200 200 200 200 200 200 200 200 200 200 200 200 200 200 200 200 200 200 200 200 200 200 200 200 200 200 200 200 200 200 200 200 200 200 200 200 200 200 200 200 200 200 200 200 200 200 200 200 200 200 200 200 200 200 200 200 200 200 200 200 200 200 200 200 200 200 200 200 200 200 200 200 200 200 200 200 200 200 200 200 200 200 200 200 200 200 200 200 200 200 200 200 200 200 200 200 200 200 200 200 200 200 200 200 200 200
939
165 44 174 128 139 148 113 37 55 143 147 14 20 99 178 41 73 29 116 74 137 199 55 51 16 61 167 108 18 82 176 2 9 86 59 156 20 14 85 32 23 172 88 130 138 36 195 70 115 43 57 168 148 13 34 81 130 4 35 154 188 93 44 49 83 53 118 39 82 99 16 82 161 61 34 183 19 0 90 175 61 186 143 25 147 104 115 98 194 76 104 46 24 185 199 69 55 89 25 45 166 67 95 31 84 166 140 23 10 182 190 72 127 137 51 157 58 40 81 184 170 160 200 140 154 57 123 190 78 58 110 198 166 172 77 119 18 93 82 94 83 117 149 67 157 40 200 106 54 41 96 166 7 113 131 14 15 151 31 52 162 0 114 149 9 117 68 25 68 200 0 176 200 9 100 140 95 164 197 159 154 105 16 132 93 110 28 144 111 141 186 200 105 14 28 136 173 120 158 33 106 32 63 47 42 145 29 153 76 75 46 118 97 28 194 124 117 24 9 31 131 57 110 40 112 25 135 67 69 101 118 198 112 188 97 195 31 178 191 136 49 182 26 78 135 163 79 18 76 171 196 99 57 188 143 162 34 118 8 54 146 154 18 180 142 79 9 63 170 54 13 150 101 153 122 5 47 27 158 2 182 147 5 138 1 16 148 134 1 85 62 135 66 15 70 54 71 25 185 112 87 83 72 1 159 113 163 109 84 197 109 56 49 59 170 191 101 95 58 161 120 189 182 200 83 87 169 83 150 132 96 127 61 59 46 42 35 87 150 38 57 116 56 98 164 120 11 2 192 77 64 120 128 44 155 42 116 83 68 79 96 117 172 109 53 147 84 96 189 91 113 66 8 192 139 177 105 190 102 161 12 134 200 193 137 159 177 165 99 142 181 63 108 80 189 130 36 87 196 97 86 187 182 161 170 23 175 37 47 21 195 171 109 7 156 101 109 0 39 71 90 27 18 122 187 139 26 149 193 73 77 59 182 182 85 16 66 42 24 102 182 160 54 144 75 62 71 4 85 154 185 109 86 113 91 69 52 138 165 69 71 148 139 196 60 60 51 174 41 70 110 81 144 72 188 135 176 102 35 193 121 106 162 198 161 3 13 94 3 0 103 125 25 91 159 100 180 151 99 75 78 156 9 91 33 147 44 131 36 184 100 169 161 27 41 151 170 13 151 12 4 35 47 90 182 169 156 164 178 76 16 120 31 154 151 108 177 23 141 80 114 48 192 52 39 144 181 19 71 160 112 121 34 49 170 19 185 135 134 190 179 68 181 144 126 16 154 98 114 79 195 24 172 134 199 80 111 12 142 76 129 74 64 84 191 56 166 109 92 10 53 197 105 66 51 3 67 199 52 104 159 145 39 93 134 66 157 19 113 21 200 114 60 46 175 119 198 73 159 176 189 46 127 124 127 54 68 172 167 197 101 75 158 27 194 182 115 96 112 176 117 95 163 182 94 198 43 153 110 34 175 5 28 151 8 1 144 154 179 142 164 54 78 74 7 150 7 11 175 115 86 55 33 2 23 42 189 98 170 85 177 156 42 29 44 169 59 142 142 64 24 163 145 128 109 67 72 86 178 173 196 101 170 187 162 105 185 131 104 59 146 153 172 160 19 47 31 8 101 119 13 7 37 153 40 165 120 39 55 73 188 176 173 24 109 191 25 88 19 43 56 73 52 42 25 102 116 10 195 144 157 32 32 13 21 126 28 110 32 74 164 98 192 153 41 124 11 94 132 55 57 193 134 50 131 136 101 86 113 188 136 100 8 24 28 122 121 126 59 94 69 153 155 127 23 100 175 163 26 18 76 91 39 103 186 152 120 87 103 176 44 89 175 79 129 0 13 167 195 185 171 17 53 2 76 48 188 64 56 174 25 146 66 80 172 74 153 15 36 63 142 89 99 70 181 124 83 137 113 98 155 194 54 60 79 67 118 45 7 43 178 148 123 74 108 56 30 112 8 120 88 5 162 35 110 117 106 45 122 91 30 137 18 112 125 157 147 120 70 58 86 62 198 7 75 198 27 119 32 142 53 57 200 46 3 66 7 89 66 91 101 10 1 133 194 139 165 110 138 82 151 99 101 27 115 177 126 23 39 44 7 176 56 139 110 148 35 44 26
489
197 163 32 92 119 125 189 77 2 103 81 141 193 41 120 151 91 73 29 77 135 72 155 112 81 129 81 176 0 181 18 198 39 181 7 121 80 46 93 132 102 21 124 48 120 57 65 191 95 12 128 61 148 86 25 177 122 90 98 15 100 103 37 187 146 153 110 95 186 192 172 112 66 194 53 196 69 94 114 200 126 31 162 175 34 113 52 75 13 152 61 48 59 51 128 77 186 142 70 102 44 52 66 72 21 186 94 154 92 86 98 53 127 113 74 12 107 15 185 9 24 48 45 91 84 120 43 16 166 2 84 5 88 103 44 159 158 148 90 37 40 140 170 109 124 14 27 157 194 198 148 77 181 2 168 70 38 169 115 143 167 120 61 184 46 73 109 21 26 39 7 163 62 98 89 91 83 136 9 166 182 91 170 176 53 95 55 55 147 38 62 146 59 94 190 176 65 39 175 124 155 69 1 121 16 57 48 7 58 78 27 136 73 81 173 160 128 57 93 147 90 128 13 179 186 107 83 62 152 43 141 103 107 96 37 42 56 83 121 101 71 88 98 115 166 65 117 137 62 122 93 34 81 199 187 9 42 7 105 197 29 142 131 163 78 73 23 150 82 3 39 16 122 183 123 120 184 56 192 13 110 2 197 29 33 26 156 138 62 23 85 150 88 157 54 129 199 36 138 51 18 144 58 84 3 144 82 190 17 55 31 76 141 54 14 135 178 39 181 91 188 80 19 47 23 51 35 71 54 109 51 63 117 26 54 49 47 92 69 106 119 27 94 56 127 142 92 7 119 147 76 153 72 162 148 58 70 11 19 22 62 47 199 194 10 123 182 60 196 170 141 134 151 21 164 104 65 15 103 60 5 3 117 46 151 109 199 25 60 139 53 32 164 69 112 102 83 131 84 164 54 132 23 53 129 93 183 131 199 71 141 64 114 101 56 72 186 175 149 190 50 6 3 23 1 180 31 156 85 1 20 30 106 62 114 62 58 124 162 176 63 82 90 188 129 197 1 173 65 167 195 141 133 90 139 96 59 144 182 182 46 76 78 101 27 87 11 117 58 156 169 119 67 65 68 140 98 120 165 169 159 92 121 179 169 4 37 112 87
536
0 0 0 0 0 0 0 0 0 0 0 0 0 0 0 0 0 0 0 0 0 0 0 0 0 0 0 0 0 0 0 0 0 0 0 0 0 0 0 0 0 0 0 0 0 0 0 0 0 0 0 0 0 0 0 0 0 0 0 0 0 0 0 0 0 0 0 0 0 0 0 0 0 0 0 0 0 0 0 0 0 0 0 0 0 0 0 0 0 0 0 0 0 0 0 0 0 0 0 0 0 0 0 0 0 0 0 0 0 0 0 0 0 0 0 0 0 0 0 0 0 0 0 0 0 0 0 0 0 0 0 0 0 0 0 0 0 0 0 0 0 0 0 0 0 0 0 0 0 0 0 0 0 0 0 0 0 0 0 0 0 0 0 0 0 0 0 0 0 0 0 0 0 0 0 0 0 0 0 0 0 0 0 0 0 0 0 0 0 0 0 0 0 0 0 0 0 0 0 0 0 0 0 0 0 0 0 0 0 0 0 0 0 0 0 0 0 0 0 0 0 0 0 0 0 0 0 0 0 0 0 0 0 0 0 0 0 0 0 0 0 0 0 0 0 0 0 0 0 0 0 0 0 0 0 0 0 0 0 0 0 0 0 0 0 0 0 0 0 0 0 0 0 0 0 0 0 0 0 0 0 0 0 0 0 0 0 0 0 0 0 0 0 0 0 0 0 0 0 0 0 0 0 0 0 0 0 0 0 0 0 0 0 0 0 0 0 0 0 0 0 0 0 0 0 0 0 0 0 0 0 0 0 0 0 0 0 0 0 0 0 0 0 0 0 0 0 0 0 0 0 0 0 0 0 0 0 0 0 0 0 0 0 0 0 0 0 0 0 0 0 0 0 0 0 0 0 0 0 0 0 0 0 0 0 0 0 0 0 0 0 0 0 0 0 0 0 0 0 0 0 0 0 0 0 0 0 0 0 0 0 0 0 0 0 0 0 0 0 0 0 0 0 0 0 0 0 0 0 0 0 0 0 0 0 0 0 0 0 0 0 0 0 0 0 0 0 0 0 0 0 0 0 0 0 0 0 0 0 0 0 0 0 0 0 0 0 0 0 0 0 0 0 0 0 0 0 0 0 0 0 0 0 0 0 0 0 0 0 0 0 0 0 0 0 0 0 0 0 0 0 0 0 0 0 0 0 0 0 0 0 0 0 0 0 0 0 0 0 0 0 0 0 0 0 0 0 0 0 0 0 0 0 0 0 0
141
165 173 165 193 68 64 138 22 131 173 190 179 83 37 123 27 52 187 179 44 63 61 95 140 80 51 12 101 158 54 132 3 84 164 185 63 148 200 160 3 3 16 104 11 129 39 58 197 104 196 12 119 162 111 111 107 170 11 179 154 28 36 145 149 47 78 166 179 188 87 10 15 199 114 161 186 175 12 29 181 126 102 134 191 152 197 152 161 6 82 39 137 32 91 33 181 122 168 119 67 92 145 91 128 48 156 54 68 62 188 195 148 13 51 80 127 18 41 56 191 4 178 35 75 136 63 123 41 140 56 160 12 189 91 67 92 30 165 32 63 73
170
123 51 188 170 165 94 169 88 92 8 102 51 156 40 158 103 136 124 91 24 70 132 33 40 92 124 22 75 154 199 120 182 0 69 67 147 144 8 59 185 5 23 147 17 177 87 94 79 183 141 55 91 159 73 110 159 79 90 35 189 103 145 15 174 67 161 39 165 65 118 163 138 60 194 41 106 178 162 68 2 143 198 77 36 12 38 180 137 60 77 91 109 69 16 186 26 58 199 95 38 198 50 1 32 60 155 16 186 91 131 168 179 78 13 110 172 143 113 10 110 193 116 175 130 154 65 194 192 46 73 151 186 165 76 109 169 27 116 45 87 144 106 88 153 33 70 111 11 6 196 26 28 83 69 40 107 111 123 100 190 152 101 112 14 134 81 26 13 84 154
683
200 200 200 200 200 200 200 200 200 200 200 200 200 200 200 200 200 200 200 200 200 200 200 200 200 200 200 200 200 200 200 200 200 200 200 200 200 200 200 200 200 200 200 200 200 200 200 200 200 200 200 200 200 200 200 200 200 200 200 200 200 200 200 200 200 200 200 200 200 200 200 200 200 200 200 200 200 200 200 200 200 200 200 200 200 200 200 200 200 200 200 200 200 200 200 200 200 200 200 200 200 200 200 200 200 200 200 200 200 200 200 200 200 200 200 200 200 200 200 200 200 200 200 200 200 200 200 200 200 200 200 200 200 200 200 200 200 200 200 200 200 200 200 200 200 200 200 200 200 200 200 200 200 200 200 200 200 200 200 200 200 200 200 200 200 200 200 200 200 200 200 200 200 200 200 200 200 200 200 200 200 200 200 200 200 200 200 200 200 200 200 200 200 200 200 200 200 200 200 200 200 200 200 200 200 200 200 200 200 200 200 200 200 200 200 200 200 200 200 200 200 200 200 200 200 200 200 200 200 200 200 200 200 200 200 200 200 200 200 200 200 200 200 200 200 200 200 200 200 200 200 200 200 200 200 200 200 200 200 200 200 200 200 200 200 200 200 200 200 200 200 200 200 200 200 200 200 200 200 200 200 200 200 200 200 200 200 200 200 200 200 200 200 200 200 200 200 200 200 200 200 200 200 200 200 200 200 200 200 200 200 200 200 200 200 200 200 200 200 200 200 200 200 200 200 200 200 200 200 200 200 200 200 200 200 200 200 200 200 200 200 200 200 200 200 200 200 200 200 200 200 200 200 200 200 200 200 200 200 200 200 200 200 200 200 200 200 200 200 200 200 200 200 200 200 200 200 200 200 200 200 200 200 200 200 200 200 200 200 200 200 200 200 200 200 200 200 200 200 200 200 200 200 200 200 200 200 200 200 200 200 200 200 200 200 200 200 200 200 200 200 200 200 200 200 200 200 200 200 200 200 200 200 200 200 200 200 200 200 200 200 200 200 200 200 200 200 200 200 200 200 200 200 200 200 200 200 200 200 200 200 200 200 200 200 200 200 200 200 200 200 200 200 200 200 200 200 200 200 200 200 200 200 200 200 200 200 200 200 200 200 200 200 200 200 200 200 200 200 200 200 200 200 200 200 200 200 200 200 200 200 200 200 200 200 200 200 200 200 200 200 200 200 200 200 200 200 200 200 200 200 200 200 200 200 200 200 200 200 200 200 200 200 200 200 200 200 200 200 200 200 200 200 200 200 200 200 200 200 200 200 200 200 200 200 200 200 200 200 200 200 200 200 200 200 200 200 200 200 200 200 200 200 200 200 200 200 200 200 200 200 200 200 200 200 200 200 200 200 200 200 200 200 200 200 200 200 200 200 200 200 200 200 200 200 200 200 200 200 200 200 200 200 200 200 200 200 200 200 200 200 200 200 200 200 200 200 200 200 200 200 200 200 200 200 200 200 200 200 200 200 200 200 200 200 200 200 200 200 200 200 200 200 200 200 200 200 200 200 200 200 200 200 200 200 200 200 200 200 200 200 200 200
538
0 0 0 0 0 0 0 0 0 0 0 0 0 0 0 0 0 0 0 0 0 0 0 0 0 0 0 0 0 0 0 0 0 0 0 0 0 0 0 0 0 0 0 0 0 0 0 0 0 0 0 0 0 0 0 0 0 0 0 0 0 0 0 0 0 0 0 0 0 0 0 0 0 0 0 0 0 0 0 0 0 0 0 0 0 0 0 0 0 0 0 0 0 0 0 0 0 0 0 0 0 0 0 0 0 0 0 0 0 0 0 0 0 0 0 0 0 0 0 0 0 0 0 0 0 0 0 0 0 0 0 0 0 0 0 0 0 0 0 0 0 0 0 0 0 0 0 0 0 0 0 0 0 0 0 0 0 0 0 0 0 0 0 0 0 0 0 0 0 0 0 0 0 0 0 0 0 0 0 0 0 0 0 0 0 0 0 0 0 0 0 0 0 0 0 0 0 0 0 0 0 0 0 0 0 0 0 0 0 0 0 0 0 0 0 0 0 0 0 0 0 0 0 0 0 0 0 0 0 0 0 0 0 0 0 0 0 0 0 0 0 0 0 0 0 0 0 0 0 0 0 0 0 0 0 0 0 0 0 0 0 0 0 0 0 0 0 0 0 0 0 0 0 0 0 0 0 0 0 0 0 0 0 0 0 0 0 0 0 0 0 0 0 0 0 0 0 0 0 0 0 0 0 0 0 0 0 0 0 0 0 0 0 0 0 0 0 0 0 0 0 0 0 0 0 0 0 0 0 0 0 0 0 0 0 0 0 0 0 0 0 0 0 0 0 0 0 0 0 0 0 0 0 0 0 0 0 0 0 0 0 0 0 0 0 0 0 0 0 0 0 0 0 0 0 0 0 0 0 0 0 0 0 0 0 0 0 0 0 0 0 0 0 0 0 0 0 0 0 0 0 0 0 0 0 0 0 0 0 0 0 0 0 0 0 0 0 0 0 0 0 0 0 0 0 0 0 0 0 0 0 0 0 0 0 0 0 0 0 0 0 0 0 0 0 0 0 0 0 0 0 0 0 0 0 0 0 0 0 0 0 0 0 0 0 0 0 0 0 0 0 0 0 0 0 0 0 0 0 0 0 0 0 0 0 0 0 0 0 0 0 0 0 0 0 0 0 0 0 0 0 0 0 0 0 0 0 0 0 0 0 0 0 0 0 0 0 0 0 0 0 0 0 0 0 0 0 0 0 0 0 0 0 0 0 0 0 0
937
0 0 0 0 0 0 0 0 0 0 0 0 0 0 0 0 0 0 0 0 0 0 0 0 0 0 0 0 0 0 0 0 0 0 0 0 0 0 0 0 0 0 0 0 0 0 0 0 0 0 0 0 0 0 0 0 0 0 0 0 0 0 0 0 0 0 0 0 0 0 0 0 0 0 0 0 0 0 0 0 0 0 0 0 0 0 0 0 0 0 0 0 0 0 0 0 0 0 0 0 0 0 0 0 0 0 0 0 0 0 0 0 0 0 0 0 0 0 0 0 0 0 0 0 0 0 0 0 0 0 0 0 0 0 0 0 0 0 0 0 0 0 0 0 0 0 0 0 0 0 0 0 0 0 0 0 0 0 0 0 0 0 0 0 0 0 0 0 0 0 0 0 0 0 0 0 0 0 0 0 0 0 0 0 0 0 0 0 0 0 0 0 0 0 0 0 0 0 0 0 0 0 0 0 0 0 0 0 0 0 0 0 0 0 0 0 0 0 0 0 0 0 0 0 0 0 0 0 0 0 0 0 0 0 0 0 0 0 0 0 0 0 0 0 0 0 0 0 0 0 0 0 0 0 0 0 0 0 0 0 0 0 0 0 0 0 0 0 0 0 0 0 0 0 0 0 0 0 0 0 0 0 0 0 0 0 0 0 0 0 0 0 0 0 0 0 0 0 0 0 0 0 0 0 0 0 0 0 0 0 0 0 0 0 0 0 0 0 0 0 0 0 0 0 0 0 0 0 0 0 0 0 0 0 0 0 0 0 0 0 0 0 0 0 0 0 0 0 0 0 0 0 0 0 0 0 0 0 0 0 0 0 0 0 0 0 0 0 0 0 0 0 0 0 0 0 0 0 0 0 0 0 0 0 0 0 0 0 0 0 0 0 0 0 0 0 0 0 0 0 0 0 0 0 0 0 0 0 0 0 0 0 0 0 0 0 0 0 0 0 0 0 0 0 0 0 0 0 0 0 0 0 0 0 0 0 0 0 0 0 0 0 0 0 0 0 0 0 0 0 0 0 0 0 0 0 0 0 0 0 0 0 0 0 0 0 0 0 0 0 0 0 0 0 0 0 0 0 0 0 0 0 0 0 0 0 0 0 0 0 0 0 0 0 0 0 0 0 0 0 0 0 0 0 0 0 0 0 0 0 0 0 0 0 0 0 0 0 0 0 0 0 0 0 0 0 0 0 0 0 0 0 0 0 0 0 0 0 0 0 0 0 0 0 0 0 0 0 0 0 0 0 0 0 0 0 0 0 0 0 0 0 0 0 0 0 0 0 0 0 0 0 0 0 0 0 0 0 0 0 0 0 0 0 0 0 0 0 0 0 0 0 0 0 0 0 0 0 0 0 0 0 0 0 0 0 0 0 0 0 0 0 0 0 0 0 0 0 0 0 0 0 0 0 0 0 0 0 0 0 0 0 0 0 0 0 0 0 0 0 0 0 0 0 0 0 0 0 0 0 0 0 0 0 0 0 0 0 0 0 0 0 0 0 0 0 0 0 0 0 0 0 0 0 0 0 0 0 0 0 0 0 0 0 0 0 0 0 0 0 0 0 0 0 0 0 0 0 0 0 0 0 0 0 0 0 0 0 0 0 0 0 0 0 0 0 0 0 0 0 0 0 0 0 0 0 0 0 0 0 0 0 0 0 0 0 0 0 0 0 0 0 0 0 0 0 0 0 0 0 0 0 0 0 0 0 0 0 0 0 0 0 0 0 0 0 0 0 0 0 0 0 0 0 0 0 0 0 0 0 0 0 0 0 0 0 0 0 0 0 0 0 0 0 0 0 0 0 0 0 0 0 0 0 0 0 0 0 0 0 0 0 0 0 0 0 0 0 0 0 0 0 0 0 0 0 0 0 0 0 0 0 0 0 0 0 0 0 0 0 0 0 0 0 0 0 0 0 0 0 0 0 0 0 0 0 0 0 0 0 0 0 0 0 0 0 0 0 0 0 0 0 0 0 0 0 0 0 0 0 0 0 0 0 0 0 0 0 0 0 0 0 0 0 0 0 0 0 0 0 0 0 0 0 0 0 0 0 0 0 0 0 0 0 0 0 0 0 0 0 0 0 0 0 0 0 0 0 0 0 0 0 0 0 0 0 0
10
94 42 2 12 41 174 44 76 130 163
581
3 18 9 7 4 4 4 17 13 18 12 18 5 12 12 2 7 10 8 1 15 4 11 9 5 17 18 13 14 13 12 16 15 16 14 0 12 20 2 19 17 13 15 6 15 0 3 6 4 11 13 15 18 18 5 10 13 3 12 7 1 9 12 0 10 0 6 7 1 17 12 8 7 16 0 20 15 5 20 17 6 17 14 7 3 17 2 16 16 11 3 14 0 10 2 14 2 5 7 17 10 19 15 3 2 8 14 18 20 18 1 8 18 0 5 17 6 1 16 4 14 16 12 15 20 9 1 5 9 14 8 8 4 6 4 0 18 9 16 6 6 10 20 3 1 14 3 17 5 4 20 1 3 8 12 15 7 20 8 6 0 20 3 7 6 4 8 20 15 11 3 14 2 8 10 14 18 14 15 18 5 18 7 17 16 2 4 1 1 1 17 5 19 16 6 5 7 16 10 7 12 1 18 13 1 20 20 7 5 2 8 8 7 3 5 8 17 7 1 5 14 14 5 10 6 6 17 15 4 4 2 0 12 0 13 10 1 2 17 8 2 5 6 10 17 13 12 2 11 12 2 19 18 18 9 12 1 6 12 20 16 12 6 10 9 15 11 11 18 8 0 8 11 12 20 13 8 4 17 9 2 1 6 10 0 5 18 16 10 11 10 2 6 19 7 20 6 15 13 2 17 12 17 14 6 5 3 15 0 9 10 10 15 18 5 16 14 10 1 17 12 19 4 12 2 3 19 4 16 14 17 19 13 19 19 20 15 2 12 8 11 3 8 2 6 1 4 7 6 11 10 20 13 13 19 10 13 14 10 10 10 16 6 8 2 16 3 13 20 6 17 0 8 10 10 20 13 5 20 16 3 10 0 9 13 4 11 13 11 19 9 2 8 16 11 2 1 15 9 10 1 0 7 13 0 4 6 14 13 16 5 18 5 18 13 8 9 13 2 0 0 1 14 8 11 2 3 9 2 15 12 4 8 14 5 14 4 20 11 8 15 2 10 15 17 13 6 19 11 20 8 15 16 15 0 14 15 5 14 18 13 2 2 19 15 9 16 4 5 12 10 14 18 8 7 19 6 8 11 2 13 16 7 2 14 19 11 12 3 6 3 19 16 4 10 0 13 18 4 20 19 14 19 9 2 11 16 20 7 17 19 13 15 13 10 13 4 12 14 5 3 6 14 16 18 14 1 7 19 2 9 13 8 1 10 9 17 13 18 4 6 15 15 19 13 15 14 12 11 12 17 17 4 10 5 0 10 13 11 9 2 12 17 3 1 8 13 13 7 20 3 2 7 12 3 0 4 10 9 7 18
132
5 53 5 5 95 95 53 95 95 53 53 95 5 95 95 53 95 95 5 95 95 53 53 53 5 53 5 53 5 53 5 53 95 5 5 5 95 5 95 5 95 95 53 95 95 53 95 95 5 95 53 53 95 5 95 5 95 5 95 53 53 5 95 5 5 53 5 95 5 5 53 53 5 95 5 53 5 5 5 5 5 95 5 95 95 95 5 95 95 5 5 5 5 5 5 95 53 53 53 53 5 95 95 53 95 53 95 95 5 53 5 5 53 95 95 53 53 5 95 95 5 53 5 5 53 5 5 95 5 95 95 53
82
200 200 200 200 200 200 200 200 200 200 200 200 200 200 200 200 200 200 200 200 200 200 200 200 200 200 200 200 200 200 200 200 200 200 200 200 200 200 200 200 200 200 200 200 200 200 200 200 200 200 200 200 200 200 200 200 200 200 200 200 200 200 200 200 200 200 200 200 200 200 200 200 200 200 200 200 200 200 200 200 200 200
720
186 154 192 101 4 142 22 49 36 11 169 52 161 173 44 7 88 40 31 61 128 165 1 171 188 183 56 175 56 42 66 116 169 144 1 61 186 3 132 134 37 169 15 110 82 29 95 161 62 44 83 97 112 40 92 40 5 153 121 71 124 35 195 143 140 181 91 54 102 67 60 152 189 176 176 47 142 4 8 95 82 135 80 30 166 101 78 95 33 86 17 87 147 21 75 199 82 156 13 119 190 104 77 61 107 192 123 84 170 169 122 146 176 93 152 14 199 127 156 133 172 70 150 191 128 60 160 41 137 109 6 7 165 86 125 123 15 183 53 43 165 119 21 36 68 55 189 174 88 71 140 163 105 200 160 58 40 150 28 43 152 76 97 141 71 161 135 77 151 113 94 168 136 52 160 66 116 67 161 39 28 133 56 117 59 101 198 63 13 54 46 65 124 2 7 65 178 182 169 148 187 56 86 185 167 1 75 197 1 126 174 81 115 157 186 25 66 148 197 152 69 78 64 173 29 1 40 131 148 190 62 149 194 23 178 70 69 5 40 28 83 57 39 43 67 75 44 62 179 35 159 139 5 166 195 81 32 129 124 103 102 162 122 17 70 90 171 26 109 26 30 170 120 191 140 46 12 82 101 15 155 100 28 130 20 183 73 70 121 7 58 190 117 113 74 141 102 90 115 183 95 101 9 110 109 156 34 76 78 128 187 189 35 92 166 60 132 103 2 173 134 165 200 67 62 89 101 166 57 191 199 5 108 91 111 173 93 71 199 195 123 183 40 148 37 90 71 150 132 60 52 168 55 144 50 171 186 13 193 70 141 173 86 173 118 75 152 139 72 130 89 37 100 58 127 22 102 58 156 155 192 85 125 152 99 24 192 167 194 171 34 4 41 7 187 166 99 112 124 86 49 107 140 50 31 40 119 113 132 77 71 57 115 9 113 76 145 159 157 104 162 173 163 148 60 125 156 113 119 66 73 124 137 167 50 26 108 48 9 89 2 77 156 185 170 84 51 68 91 174 4 57 155 9 107 126 109 119 170 24 97 121 57 121 7 33 50 177 3 71 83 9 63 127 10 190 178 78 176 68 186 109 56 125 147 82 61 89 128 122 36 92 147 86 86 90 189 74 5 6 89 193 48 115 17 153 117 198 115 185 104 112 164 152 69 52 79 86 44 170 182 188 47 122 36 26 159 70 163 198 75 131 167 184 53 200 60 196 170 198 65 89 104 165 120 44 22 44 15 140 113 136 15 57 197 70 62 74 62 100 200 57 6 149 104 183 55 6 121 30 66 171 114 66 45 119 2 107 58 155 4 125 109 172 87 121 46 156 193 154 20 178 56 13 54 10 45 146 105 188 60 29 90 12 197 108 152 196 105 173 123 41 150 48 146 155 59 156 122 31 189 200 172 144 69 172 198 65 91 46 154 41 19 40 18 28 192 154 166 105 137 22 105 94 2 106 98 170 111 120 151 123 177 188 57 143 193 198 4 32 190 187 183 70 121 52 55 144 195 120 166 103 28 48 88 193 47 10 163 159 199 144 34 19 144 122 188 68 33 108 10 177 41 199 196 88 141 33 109 180 38 74 51 59 90 71 162 106 17 75 162 110 20 145 78 96 4 182 199 195
266
73 62 188 38 66 62 121 121 62 73 62 121 66 188 121 66 73 66 38 188 121 188 188 188 38 73 121 73 62 66 38 188 66 121 121 188 66 62 121 73 66 66 121 38 188 188 38 62 38 62 38 62 66 62 62 121 66 62 38 121 66 188 188 62 38 73 38 188 62 121 66 62 188 66 73 66 73 121 62 121 38 188 38 73 188 66 121 188 188 38 66 62 62 188 121 188 188 73 62 66 73 73 121 66 73 73 188 73 66 73 38 73 73 38 66 188 121 62 38 121 38 73 121 62 121 121 66 62 73 73 73 38 66 38 62 66 62 66 38 62 66 188 62 121 121 121 121 66 62 73 73 188 121 73 121 62 73 66 66 66 66 66 188 62 73 188 73 66 38 38 73 38 121 66 66 188 73 73 38 38 62 62 62 62 73 188 38 188 62 188 62 66 62 38 62 38 121 73 73 66 62 73 73 66 188 188 62 121 121 38 188 62 66 66 62 66 38 38 73 66 73 121 188 66 66 62 73 73 66 121 73 73 62 188 66 66 38 73 62 66 38 62 73 121 73 73 38 121 188 62 188 66 62 73 66 121 62 66 38 62 66 73 121 66 121 62
866
74 48 48 18 127 139 178 133 30 166 136 31 68 89 154 79 150 65 40 85 120 198 88 45 33 73 169 53 11 105 169 41 134 160 31 16 185 155 135 136 62 198 66 117 76 195 170 192 32 20 165 6 131 104 35 86 156 133 146 99 39 45 9 115 153 112 83 149 108 138 12 172 86 105 80 99 158 175 159 164 68 52 116 23 36 7 92 91 5 129 79 105 89 115 183 171 26 171 190 27 76 120 130 108 195 151 98 11 83 6 39 181 96 58 153 52 131 141 91 44 130 86 172 67 200 124 115 68 110 117 104 60 28 38 152 76 84 25 178 124 196 189 14 92 81 34 161 34 72 9 134 31 9 189 62 189 52 82 50 189 193 173 24 161 71 25 30 139 114 179 15 173 182 182 110 145 114 1 19 25 20 82 94 60 17 181 141 44 64 30 137 130 107 139 156 124 167 146 141 141 65 102 112 199 164 4 122 41 20 148 185 179 136 8 12 13 150 163 149 31 187 56 18 18 54 52 25 41 47 169 181 146 75 194 127 95 8 111 48 189 88 12 22 13 1 124 189 7 3 91 183 151 130 131 168 163 44 184 93 146 19 98 143 135 75 54 120 51 37 117 112 76 182 1 138 73 24 169 81 130 90 67 57 163 166 175 119 2 191 48 92 134 110 158 19 77 68 68 110 8 126 84 99 40 15 29 99 113 62 143 78 100 62 181 169 68 56 170 22 154 82 132 152 53 57 109 19 126 58 56 114 79 187 36 54 199 165 97 15 122 41 100 52 101 47 25 51 4 11 7 133 168 31 28 141 29 84 93 61 13 71 80 65 198 27 169 29 23 85 193 29 72 34 132 114 62 189 18 71 16 2 29 173 180 57 106 3 119 36 149 2 92 62 191 44 1 134 120 155 79 90 122 92 179 132 66 185 194 30 102 18 70 79 200 193 76 113 27 104 144 128 26 107 124 87 200 125 138 192 135 139 167 59 118 151 182 21 60 144 18 13 141 24 56 182 131 49 117 160 76 140 88 126 137 33 95 131 35 61 173 180 59 141 192 63 76 131 167 97 50 196 90 23 130 200 156 57 177 115 193 170 15 16 119 84 175 7 70 144 132 18 118 132 16 24 118 120 122 91 150 119 186 145 188 147 50 124 74 160 193 124 59 36 56 131 159 122 81 125 152 107 60 71 49 84 6 25 28 131 17 137 44 99 15 43 139 182 11 107 91 15 126 14 19 101 103 98 180 158 195 64 82 0 183 112 9 43 109 35 168 116 39 190 181 132 27 35 78 198 137 115 151 112 26 23 133 1 18 14 5 62 173 16 111 179 82 66 37 33 12 166 35 182 126 114 171 127 21 153 100 117 112 128 80 145 173 14 83 116 21 159 21 3 41 94 91 189 3 44 106 129 69 130 10 29 54 30 187 133 149 16 124 25 124 3 92 16 90 33 50 18 192 80 196 55 150 197 68 24 110 137 5 47 146 154 167 153 108 72 145 27 0 197 186 189 147 62 118 25 193 200 63 178 42 91 78 21 76 195 55 42 144 59 65 182 84 71 177 66 175 156 16 169 8 108 13 31 178 90 51 115 32 93 51 139 47 179 21 134 65 39 38 7 117 90 102 4 125 54 157 129 99 154 167 151 39 193 5 127 104 108 51 98 124 195 72 197 39 54 51 138 27 18 187 161 105 32 147 115 93 112 44 2 69 159 160 123 84 50 110 59 107 10 124 155 133 141 196 156 30 172 47 83 47 126 85 116 178 33 25 119 189 27 80 138 35 173 49 121 106 98 7 136 41 90 29 118 200 56 66 139 47 67 72 21 126 109 81 73 19 51 117 86 44 19 145 80 127 150 122 158 171 171 49 153 108 8 160 42 196 147 140 176 0 83 36 108 125 151 177 126 97 103 3 128 185 66 119 102 175 200 65 194 59 71 109 69 79 54 30 120 132 152 59 70 111
913
200 200 200 200 200 200 200 200 200 200 200 200 200 200 200 200 200 200 200 200 200 200 200 200 200 200 200 200 200 200 200 200 200 200 200 200 200 200 200 200 200 200 200 200 200 200 200 200 200 200 200 200 200 200 200 200 200 200 200 200 200 200 200 200 200 200 200 200 200 200 200 200 200 200 200 200 200 200 200 200 200 200 200 200 200 200 200 200 200 200 200 200 200 200 200 200 200 200 200 200 200 200 200 200 200 200 200 200 200 200 200 200 200 200 200 200 200 200 200 200 200 200 200 200 200 200 200 200 200 200 200 200 200 200 200 200 200 200 200 200 200 200 200 200 200 200 200 200 200 200 200 200 200 200 200 200 200 200 200 200 200 200 200 200 200 200 200 200 200 200 200 200 200 200 200 200 200 200 200 200 200 200 200 200 200 200 200 200 200 200 200 200 200 200 200 200 200 200 200 200 200 200 200 200 200 200 200 200 200 200 200 200 200 200 200 200 200 200 200 200 200 200 200 200 200 200 200 200 200 200 200 200 200 200 200 200 200 200 200 200 200 200 200 200 200 200 200 200 200 200 200 200 200 200 200 200 200 200 200 200 200 200 200 200 200 200 200 200 200 200 200 200 200 200 200 200 200 200 200 200 200 200 200 200 200 200 200 200 200 200 200 200 200 200 200 200 200 200 200 200 200 200 200 200 200 200 200 200 200 200 200 200 200 200 200 200 200 200 200 200 200 200 200 200 200 200 200 200 200 200 200 200 200 200 200 200 200 200 200 200 200 200 200 200 200 200 200 200 200 200 200 200 200 200 200 200 200 200 200 200 200 200 200 200 200 200 200 200 200 200 200 200 200 200 200 200 200 200 200 200 200 200 200 200 200 200 200 200 200 200 200 200 200 200 200 200 200 200 200 200 200 200 200 200 200 200 200 200 200 200 200 200 200 200 200 200 200 200 200 200 200 200 200 200 200 200 200 200 200 200 200 200 200 200 200 200 200 200 200 200 200 200 200 200 200 200 200 200 200 200 200 200 200 200 200 200 200 200 200 200 200 200 200 200 200 200 200 200 200 200 200 200 200 200 200 200 200 200 200 200 200 200 200 200 200 200 200 200 200 200 200 200 200 200 200 200 200 200 200 200 200 200 200 200 200 200 200 200 200 200 200 200 200 200 200 200 200 200 200 200 200 200 200 200 200 200 200 200 200 200 200 200 200 200 200 200 200 200 200 200 200 200 200 200 200 200 200 200 200 200 200 200 200 200 200 200 200 200 200 200 200 200 200 200 200 200 200 200 200 200 200 200 200 200 200 200 200 200 200 200 200 200 200 200 200 200 200 200 200 200 200 200 200 200 200 200 200 200 200 200 200 200 200 200 200 200 200 200 200 200 200 200 200 200 200 200 200 200 200 200 200 200 200 200 200 200 200 200 200 200 200 200 200 200 200 200 200 200 200 200 200 200 200 200 200 200 200 200 200 200 200 200 200 200 200 200 200 200 200 200 200 200 200 200 200 200 200 200 200 200 200 200 200 200 200 200 200 200 200 200 200 200 200 200 200 200 200 200 200 200 200 200 200 200 200 200 200 200 200 200 200 200 200 200 200 200 200 200 200 200 200 200 200 200 200 200 200 200 200 200 200 200 200 200 200 200 200 200 200 200 200 200 200 200 200 200 200 200 200 200 200 200 200 200 200 200 200 200 200 200 200 200 200 200 200 200 200 200 200 200 200 200 200 200 200 200 200 200 200 200 200 200 200 200 200 200 200 200 200 200 200 200 200 200 200 200 200 200 200 200 200 200 200 200 200 200 200 200 200 200 200 200 200 200 200 200 200 200 200 200 200 200 200 200 200 200 200 200 200 200 200 200 200 200 200 200 200 200 200 200 200 200 200 200 200 200 200 200 200 200 200 200 200 200 200 200 200 200 200 200 200 200 200 200 200 200 200 200 200 200 200 200 200 200 200 200 200 200 200 200 200 200 200 200 200 200 200 200 200 200 200 200 200 200 200 200 200 200 200 200 200 200 200 200 200 200 200 200 200 200 200 200 200 200 200 200 200 200 200 200 200 200 200
14
0 200 104 86 74 115 113 56 71 68 67 101 61 200
685
12 5 8 177 20 184 7 15 8 7 9 157 186 17 10 160 2 6 194 13 13 17 2 196 6 14 187 9 3 5 9 2 12 7 196 161 20 9 10 19 7 13 156 8 5 184 15 150 18 17 18 7 7 189 189 20 7 12 16 14 9 10 19 20 4 18 3 19 5 16 9 14 8 200 11 1 8 166 18 5 20 186 13 20 11 9 2 1 0 10 1 5 0 6 16 14 10 12 176 16 18 18 9 14 17 170 0 12 8 17 2 6 150 0 18 3 188 180 6 10 3 11 11 0 194 12 8 8 18 175 13 12 1 4 163 161 13 173 5 13 0 8 6 5 20 2 7 18 9 17 175 2 151 20 13 13 11 12 10 151 171 3 14 12 11 2 17 164 173 10 5 15 199 19 19 19 15 2 7 15 3 198 182 18 8 1 17 9 2 7 180 12 4 189 17 168 2 2 19 12 9 20 10 2 178 165 5 157 171 157 174 3 6 15 14 11 10 5 2 9 2 8 15 7 4 185 10 18 15 8 3 161 19 3 7 17 10 14 11 0 18 7 13 13 13 0 11 6 0 2 169 194 20 3 12 12 17 17 191 150 5 9 6 7 194 12 9 4 1 6 8 0 11 12 7 182 151 12 20 20 16 18 8 20 2 11 153 18 12 7 4 1 18 6 166 11 3 193 16 162 4 5 5 19 8 13 11 0 20 0 176 173 2 15 12 1 17 174 3 12 0 11 10 166 163 12 7 16 17 19 193 2 9 4 19 19 18 8 9 184 16 14 3 12 14 6 186 174 0 7 16 184 11 195 172 18 180 5 15 10 14 197 3 4 13 19 11 4 16 12 19 7 186 2 11 9 15 3 2 19 183 8 3 15 3 18 192 2 0 7 0 11 10 3 156 14 18 16 8 14 192 20 164 173 163 168 8 15 5 188 10 172 20 2 19 9 13 2 1 15 14 182 6 1 4 3 3 3 154 8 195 194 18 198 189 171 1 18 156 17 0 20 17 20 2 196 14 16 5 151 5 3 181 13 4 8 0 1 14 13 17 190 18 5 17 7 169 9 20 2 2 13 2 5 11 15 179 10 17 17 191 17 17 4 15 184 13 9 197 4 20 19 7 162 19 16 192 11 8 19 8 16 5 10 190 5 20 164 16 14 12 151 189 191 0 169 15 18 8 10 179 3 185 1 181 15 5 151 14 6 12 189 9 10 20 16 17 16 13 13 14 4 10 167 0 18 8 192 19 8 7 17 18 12 9 11 3 16 173 20 6 19 7 13 14 172 17 18 13 8 17 12 14 1 182 2 14 9 20 12 13 188 195 0 17 157 5 4 6 8 1 5 10 152 195 5 14 3 11 16 9 16 12 11 167 2 6 179 0 181 13 19 7 152 19 8 9 168 182 6 5 6 154 9 18 151 3 176 7 7 15 2 6 12 14 18 5 8 0 16 177 157 7 184 8 155 14 11 11 18 198 188 157 19 18 159 186 196 10 6 0 5 5 17 3 0 165 8 1 14 11 174 20 18 18 6 2 13 6 13 5 1 11 7 12
740
16 14 18 7 19 0 5 20 11 13 1 7 12 5 0 20 5 18 12 1 9 1 2 2 14 9 6 11 17 13 17 16 16 10 5 14 12 2 12 15 19 15 13 10 15 15 6 2 3 12 20 16 8 9 1 17 20 13 6 19 11 12 0 7 1 4 6 1 4 12 6 16 19 8 4 18 9 2 6 4 19 6 10 20 0 2 12 11 18 16 15 6 6 18 4 5 15 17 8 19 9 18 7 7 13 20 19 5 14 6 16 3 16 19 7 11 12 19 9 19 1 1 7 20 16 1 15 15 13 14 4 15 16 13 1 4 20 0 6 13 11 14 10 12 6 5 14 5 7 2 7 18 3 1 15 4 10 14 16 14 12 1 16 17 17 16 20 0 15 9 3 14 18 19 5 4 18 20 8 11 18 15 5 19 11 5 6 2 18 17 18 4 18 18 4 1 13 5 0 15 8 14 12 16 18 19 2 13 5 18 13 16 13 4 12 16 3 11 6 11 20 4 20 16 16 5 3 2 6 14 4 9 16 7 17 13 14 14 13 5 5 5 11 8 19 3 18 17 20 12 1 1 4 2 19 9 6 4 11 17 15 17 4 1 1 12 4 2 3 1 20 6 8 7 14 5 19 6 20 20 16 4 8 0 4 15 1 9 12 16 18 0 9 17 19 1 14 3 4 17 2 9 20 2 11 8 8 9 2 0 8 20 1 6 13 18 9 11 3 8 4 13 13 15 16 20 12 7 14 1 9 1 10 8 11 10 16 13 6 0 2 19 20 0 10 3 20 17 17 18 11 1 9 13 8 15 8 14 13 0 12 1 0 20 19 1 13 12 16 19 10 19 10 11 8 3 0 7 15 9 9 19 12 5 4 12 7 20 12 10 16 10 11 2 6 10 12 3 0 15 5 19 16 8 9 2 15 10 5 4 18 5 3 0 5 14 10 0 16 16 12 4 12 1 6 1 6 3 15 19 12 19 19 2 13 2 15 6 6 12 4 4 9 12 4 16 1 11 3 11 2 7 19 17 15 5 15 0 7 19 8 3 1 17 5 2 14 20 16 11 13 17 6 9 0 1 14 15 12 6 4 17 2 17 5 18 19 7 7 18 1 2 11 14 1 19 7 6 14 14 6 1 7 5 20 5 19 13 9 7 18 19 13 19 8 0 20 18 8 5 13 5 1 20 16 18 4 8 13 17 14 7 18 11 6 16 20 16 12 10 6 8 20 13 17 20 2 1 20 1 1 12 18 4 12 11 10 12 13 10 3 18 6 12 18 11 17 0 3 0 8 3 18 13 11 2 15 7 17 13 8 6 14 18 16 1 6 20 2 6 17 10 19 5 7 0 8 16 8 15 16 14 9 19 17 1 16 9 8 16 6 18 15 19 6 0 12 6 12 17 9 1 3 0 11 17 15 9 5 12 19 11 13 15 2 13 12 6 13 4 15 1 4 13 9 13 13 0 5 15 14 14 4 18 3 6 9 13 3 8 0 7 10 6 11 19 2 2 7 11 11 5 4 2 12 13 2 3 0 3 7 16 11 15 3 18 7 17 15 19 10 4 4 9 10 11 11 9 16 12 11 14 2 10 15 15 14 4 13 5 16 7 4 5 1 9 16 11 8 8 3 14 0 14 1 19 20 14 7 2 15 15 4 7 18 9 2 8 10 1
811
0 0 0 0 0 0 0 0 0 0 0 0 0 0 0 0 0 0 0 0 0 0 0 0 0 0 0 0 0 0 0 0 0 0 0 0 0 0 0 0 0 0 0 0 0 0 0 0 0 0 0 0 0 0 0 0 0 0 0 0 0 0 0 0 0 0 0 0 0 0 0 0 0 0 0 0 0 0 0 0 0 0 0 0 0 0 0 0 0 0 0 0 0 0 0 0 0 0 0 0 0 0 0 0 0 0 0 0 0 0 0 0 0 0 0 0 0 0 0 0 0 0 0 0 0 0 0 0 0 0 0 0 0 0 0 0 0 0 0 0 0 0 0 0 0 0 0 0 0 0 0 0 0 0 0 0 0 0 0 0 0 0 0 0 0 0 0 0 0 0 0 0 0 0 0 0 0 0 0 0 0 0 0 0 0 0 0 0 0 0 0 0 0 0 0 0 0 0 0 0 0 0 0 0 0 0 0 0 0 0 0 0 0 0 0 0 0 0 0 0 0 0 0 0 0 0 0 0 0 0 0 0 0 0 0 0 0 0 0 0 0 0 0 0 0 0 0 0 0 0 0 0 0 0 0 0 0 0 0 0 0 0 0 0 0 0 0 0 0 0 0 0 0 0 0 0 0 0 0 0 0 0 0 0 0 0 0 0 0 0 0 0 0 0 0 0 0 0 0 0 0 0 0 0 0 0 0 0 0 0 0 0 0 0 0 0 0 0 0 0 0 0 0 0 0 0 0 0 0 0 0 0 0 0 0 0 0 0 0 0 0 0 0 0 0 0 0 0 0 0 0 0 0 0 0 0 0 0 0 0 0 0 0 0 0 0 0 0 0 0 0 0 0 0 0 0 0 0 0 0 0 0 0 0 0 0 0 0 0 0 0 0 0 0 0 0 0 0 0 0 0 0 0 0 0 0 0 0 0 0 0 0 0 0 0 0 0 0 0 0 0 0 0 0 0 0 0 0 0 0 0 0 0 0 0 0 0 0 0 0 0 0 0 0 0 0 0 0 0 0 0 0 0 0 0 0 0 0 0 0 0 0 0 0 0 0 0 0 0 0 0 0 0 0 0 0 0 0 0 0 0 0 0 0 0 0 0 0 0 0 0 0 0 0 0 0 0 0 0 0 0 0 0 0 0 0 0 0 0 0 0 0 0 0 0 0 0 0 0 0 0 0 0 0 0 0 0 0 0 0 0 0 0 0 0 0 0 0 0 0 0 0 0 0 0 0 0 0 0 0 0 0 0 0 0 0 0 0 0 0 0 0 0 0 0 0 0 0 0 0 0 0 0 0 0 0 0 0 0 0 0 0 0 0 0 0 0 0 0 0 0 0 0 0 0 0 0 0 0 0 0 0 0 0 0 0 0 0 0 0 0 0 0 0 0 0 0 0 0 0 0 0 0 0 0 0 0 0 0 0 0 0 0 0 0 0 0 0 0 0 0 0 0 0 0 0 0 0 0 0 0 0 0 0 0 0 0 0 0 0 0 0 0 0 0 0 0 0 0 0 0 0 0 0 0 0 0 0 0 0 0 0 0 0 0 0 0 0 0 0 0 0 0 0 0 0 0 0 0 0 0 0 0 0 0 0 0 0 0 0 0 0 0 0 0 0 0 0 0 0 0 0 0 0 0 0 0 0 0 0 0 0 0 0 0 0 0 0 0 0 0 0 0 0 0 0 0 0 0 0 0 0 0 0 0 0 0 0 0 0 0 0 0 0 0 0 0 0 0 0 0 0 0 0 0 0 0 0 0 0 0 0 0 0 0 0 0 0 0 0 0 0 0 0 0 0 0 0 0 0 0 0 0 0 0 0 0 0 0 0 0
548
200 200 200 200 200 200 200 200 200 200 200 200 200 200 200 200 200 200 200 200 200 200 200 200 200 200 200 200 200 200 200 200 200 200 200 200 200 200 200 200 200 200 200 200 200 200 200 200 200 200 200 200 200 200 200 200 200 200 200 200 200 200 200 200 200 200 200 200 200 200 200 200 200 200 200 200 200 200 200 200 200 200 200 200 200 200 200 200 200 200 200 200 200 200 200 200 200 200 200 200 200 200 200 200 200 200 200 200 200 200 200 200 200 200 200 200 200 200 200 200 200 200 200 200 200 200 200 200 200 200 200 200 200 200 200 200 200 200 200 200 200 200 200 200 200 200 200 200 200 200 200 200 200 200 200 200 200 200 200 200 200 200 200 200 200 200 200 200 200 200 200 200 200 200 200 200 200 200 200 200 200 200 200 200 200 200 200 200 200 200 200 200 200 200 200 200 200 200 200 200 200 200 200 200 200 200 200 200 200 200 200 200 200 200 200 200 200 200 200 200 200 200 200 200 200 200 200 200 200 200 200 200 200 200 200 200 200 200 200 200 200 200 200 200 200 200 200 200 200 200 200 200 200 200 200 200 200 200 200 200 200 200 200 200 200 200 200 200 200 200 200 200 200 200 200 200 200 200 200 200 200 200 200 200 200 200 200 200 200 200 200 200 200 200 200 200 200 200 200 200 200 200 200 200 200 200 200 200 200 200 200 200 200 200 200 200 200 200 200 200 200 200 200 200 200 200 200 200 200 200 200 200 200 200 200 200 200 200 200 200 200 200 200 200 200 200 200 200 200 200 200 200 200 200 200 200 200 200 200 200 200 200 200 200 200 200 200 200 200 200 200 200 200 200 200 200 200 200 200 200 200 200 200 200 200 200 200 200 200 200 200 200 200 200 200 200 200 200 200 200 200 200 200 200 200 200 200 200 200 200 200 200 200 200 200 200 200 200 200 200 200 200 200 200 200 200 200 200 200 200 200 200 200 200 200 200 200 200 200 200 200 200 200 200 200 200 200 200 200 200 200 200 200 200 200 200 200 200 200 200 200 200 200 200 200 200 200 200 200 200 200 200 200 200 200 200 200 200 200 200 200 200 200 200 200 200 200 200 200 200 200 200 200 200 200 200 200 200 200 200 200 200 200 200 200 200 200 200 200 200 200 200 200 200 200 200 200 200 200 200 200 200 200 200 200 200 200 200 200 200 200 200 200 200 200 200 200 200 200 200 200 200 200 200 200 200 200 200
412
130 60 96 32 1 22 108 131 130 103 71 39 99 126 21 0 191 159 56 71 15 134 159 10 120 150 146 120 146 195 7 58 67 113 5 99 113 189 139 126 116 130 182 122 7 49 38 139 103 115 120 35 71 17 54 127 155 160 25 199 94 187 196 6 100 198 70 23 29 48 70 176 16 173 37 38 57 158 182 84 40 154 87 39 58 37 25 0 102 60 108 135 59 175 74 12 200 155 63 15 85 142 158 132 74 146 152 127 134 92 138 55 26 12 77 181 186 42 174 133 77 149 151 112 101 164 30 175 22 82 193 124 19 141 173 125 27 151 64 103 77 114 191 80 79 57 150 77 197 39 44 77 86 195 131 192 41 120 127 82 185 153 175 169 191 79 158 170 176 113 139 57 87 128 171 155 98 86 36 157 173 140 84 166 78 94 5 36 166 167 188 99 128 153 80 88 194 51 151 131 67 62 6 106 28 87 185 141 133 107 170 199 57 85 9 81 41 76 76 92 143 137 140 70 191 27 29 170 18 185 159 63 131 6 153 180 81 5 74 31 100 140 117 25 161 60 114 104 70 54 58 65 139 89 137 152 84 12 105 53 69 64 39 123 81 196 51 81 1 25 137 11 81 196 103 5 118 101 60 24 25 157 122 42 172 59 198 124 24 64 111 148 37 185 94 29 95 137 125 184 118 146 123 76 9 179 105 128 115 32 200 146 95 158 57 149 200 145 61 149 89 179 74 179 2 139 60 46 173 159 53 112 75 111 48 180 84 46 168 19 200 170 193 31 134 174 3 13 110 181 83 19 19 200 15 132 173 99 28 19 103 86 120 137 41 176 8 44 37 99 185 136 193 4 75 159 166 171 171 90 51 148 4 175 100 13 18 195 0 197 49 14 21 109 171 110 157 137 90 78 70 129 29 28 30 195 155 133 12 116 135 47
927
0 0 0 0 0 0 0 0 0 0 0 0 0 0 0 0 0 0 0 0 0 0 0 0 0 0 0 0 0 0 0 0 0 0 0 0 0 0 0 0 0 0 0 0 0 0 0 0 0 0 0 0 0 0 0 0 0 0 0 0 0 0 0 0 0 0 0 0 0 0 0 0 0 0 0 0 0 0 0 0 0 0 0 0 0 0 0 0 0 0 0 0 0 0 0 0 0 0 0 0 0 0 0 0 0 0 0 0 0 0 0 0 0 0 0 0 0 0 0 0 0 0 0 0 0 0 0 0 0 0 0 0 0 0 0 0 0 0 0 0 0 0 0 0 0 0 0 0 0 0 0 0 0 0 0 0 0 0 0 0 0 0 0 0 0 0 0 0 0 0 0 0 0 0 0 0 0 0 0 0 0 0 0 0 0 0 0 0 0 0 0 0 0 0 0 0 0 0 0 0 0 0 0 0 0 0 0 0 0 0 0 0 0 0 0 0 0 0 0 0 0 0 0 0 0 0 0 0 0 0 0 0 0 0 0 0 0 0 0 0 0 0 0 0 0 0 0 0 0 0 0 0 0 0 0 0 0 0 0 0 0 0 0 0 0 0 0 0 0 0 0 0 0 0 0 0 0 0 0 0 0 0 0 0 0 0 0 0 0 0 0 0 0 0 0 0 0 0 0 0 0 0 0 0 0 0 0 0 0 0 0 0 0 0 0 0 0 0 0 0 0 0 0 0 0 0 0 0 0 0 0 0 0 0 0 0 0 0 0 0 0 0 0 0 0 0 0 0 0 0 0 0 0 0 0 0 0 0 0 0 0 0 0 0 0 0 0 0 0 0 0 0 0 0 0 0 0 0 0 0 0 0 0 0 0 0 0 0 0 0 0 0 0 0 0 0 0 0 0 0 0 0 0 0 0 0 0 0 0 0 0 0 0 0 0 0 0 0 0 0 0 0 0 0 0 0 0 0 0 0 0 0 0 0 0 0 0 0 0 0 0 0 0 0 0 0 0 0 0 0 0 0 0 0 0 0 0 0 0 0 0 0 0 0 0 0 0 0 0 0 0 0 0 0 0 0 0 0 0 0 0 0 0 0 0 0 0 0 0 0 0 0 0 0 0 0 0 0 0 0 0 0 0 0 0 0 0 0 0 0 0 0 0 0 0 0 0 0 0 0 0 0 0 0 0 0 0 0 0 0 0 0 0 0 0 0 0 0 0 0 0 0 0 0 0 0 0 0 0 0 0 0 0 0 0 0 0 0 0 0 0 0 0 0 0 0 0 0 0 0 0 0 0 0 0 0 0 0 0 0 0 0 0 0 0 0 0 0 0 0 0 0 0 0 0 0 0 0 0 0 0 0 0 0 0 0 0 0 0 0 0 0 0 0 0 0 0 0 0 0 0 0 0 0 0 0 0 0 0 0 0 0 0 0 0 0 0 0 0 0 0 0 0 0 0 0 0 0 0 0 0 0 0 0 0 0 0 0 0 0 0 0 0 0 0 0 0 0 0 0 0 0 0 0 0 0 0 0 0 0 0 0 0 0 0 0 0 0 0 0 0 0 0 0 0 0 0 0 0 0 0 0 0 0 0 0 0 0 0 0 0 0 0 0 0 0 0 0 0 0 0 0 0 0 0 0 0 0 0 0 0 0 0 0 0 0 0 0 0 0 0 0 0 0 0 0 0 0 0 0 0 0 0 0 0 0 0 0 0 0 0 0 0 0 0 0 0 0 0 0 0 0 0 0 0 0 0 0 0 0 0 0 0 0 0 0 0 0 0 0 0 0 0 0 0 0 0 0 0 0 0 0 0 0 0 0 0 0 0 0 0 0 0 0 0 0 0 0 0 0 0 0 0 0 0 0 0 0 0 0 0 0 0 0 0 0 0 0 0 0 0 0 0 0 0 0 0 0 0 0 0 0 0 0 0 0 0 0 0 0 0 0 0 0 0 0 0 0 0 0 0 0 0 0 0 0 0 0 0 0 0 0 0 0 0 0 0 0 0 0 0 0 0 0 0 0 0 0 0 0 0 0 0 0 0 0 0 0 0 0 0 0 0 0 0 0 0 0 0 0 0 0 0 0 0 0 0
69
0 200 114 54 119 114 95 89 78 90 82 81 114 63 106 73 93 76 104 94 70 76 108 56 60 62 53 108 63 107 81 55 81 69 79 57 52 90 75 70 84 112 56 79 93 58 90 52 63 57 70 75 72 65 81 86 97 105 107 73 101 57 52 50 109 114 66 112 200
181
0 200 90 53 100 88 120 62 68 58 58 84 63 86 81 107 83 98 73 90 111 117 112 61 81 71 58 93 87 93 79 69 61 100 78 92 91 107 118 86 50 120 69 53 120 92 99 67 71 111 71 102 73 98 56 90 51 106 68 50 90 56 100 76 72 56 87 67 102 78 96 94 85 66 115 103 72 103 51 93 119 110 83 83 56 107 77 52 85 73 118 93 100 74 54 64 59 99 60 75 74 65 104 61 83 98 60 107 69 79 113 69 104 92 69 65 73 103 112 87 72 96 113 69 117 89 67 63 74 79 56 104 63 116 89 67 65 70 67 99 72 78 85 81 81 119 51 95 80 60 106 86 109 64 117 116 81 79 100 59 107 79 72 92 90 114 54 108 86 105 59 65 116 85 114 104 103 87 99 81 200
758
0 200 85 105 55 95 101 63 117 91 108 101 115 75 81 89 77 107 64 112 58 51 66 103 63 107 68 68 79 78 93 69 116 51 101 88 90 113 53 74 87 50 84 95 118 93 117 59 68 99 66 118 64 72 69 67 97 57 120 112 76 53 52 116 73 61 89 89 81 118 89 52 95 76 65 53 53 91 52 114 86 71 111 117 96 76 94 70 120 70 119 120 94 66 113 91 109 120 53 55 56 92 113 67 61 66 68 96 80 94 97 78 62 76 120 67 58 118 74 65 101 94 89 89 106 61 67 52 89 86 76 104 74 104 89 92 113 89 70 84 83 115 94 100 118 103 68 75 118 53 77 77 90 56 114 120 100 52 113 120 100 86 59 57 116 54 93 103 80 119 101 97 55 67 118 100 89 70 90 68 111 120 62 77 116 107 87 67 59 80 100 108 88 118 59 117 116 92 97 76 119 55 68 112 103 55 59 84 115 71 70 106 120 63 112 52 67 59 82 63 55 90 71 51 89 90 112 69 62 98 94 61 53 86 117 81 83 118 86 119 73 64 59 71 50 50 100 55 64 62 67 55 51 82 116 50 106 110 73 66 84 110 74 83 78 101 69 109 80 115 57 99 98 111 87 58 105 118 73 51 120 62 94 109 66 70 95 112 74 58 68 114 89 101 111 63 104 95 92 102 75 60 114 106 120 108 89 115 53 78 101 72 88 104 99 64 102 108 58 113 81 58 77 82 51 75 116 120 62 89 58 60 112 89 94 54 82 105 55 61 66 114 104 113 112 66 83 116 60 111 60 96 86 54 70 73 68 117 107 99 70 99 78 67 115 65 56 102 77 57 77 60 58 65 60 89 117 61 103 80 98 50 62 95 99 88 67 87 54 94 94 91 56 118 51 119 55 77 60 104 119 110 116 59 76 107 99 79 85 71 120 87 93 116 56 77 82 68 99 55 118 79 91 53 89 53 102 85 51 70 76 109 107 71 50 115 53 116 108 64 98 87 79 54 108 61 109 116 89 69 56 118 52 58 93 92 86 104 93 119 101 104 64 113 94 57 61 74 101 69 52 95 63 80 107 63 108 59 120 59 109 80 89 54 80 115 117 101 57 70 114 105 81 116 115 94 105 100 50 109 96 108 85 103 77 86 65 114 120 71 113 106 74 96 80 57 58 110 58 93 113 79 84 62 86 92 63 86 80 72 96 65 82 92 84 54 74 102 55 103 83 89 100 72 64 51 83 58 101 104 116 102 80 115 93 73 52 98 78 63 63 93 62 63 109 51 98 50 71 106 88 72 98 88 104 58 62 103 90 102 82 111 101 63 103 59 66 95 73 68 106 99 79 108 105 86 118 90 86 56 76 120 88 101 84 118 68 97 73 90 103 115 113 103 86 61 80 82 75 85 53 111 112 110 84 77 77 55 120 60 93 103 119 80 59 94 109 77 71 82 108 72 114 73 113 59 91 95 56 79 71 65 100 102 66 63 113 91 72 100 90 114 59 50 99 60 63 80 104 96 85 112 114 95 60 105 77 79 113 92 74 112 68 84 90 113 70 106 76 120 73 91 101 100 103 60 81 67 107 67 116 83 64 109 62 114 116 50 67 54 96 66 101 96 81 93 69 58 59 106 88 50 61 58 66 100 64 81 70 58 95 91 116 115 79 98 55 79 117 74 75 53 67 76 94 52 87 118 109 110 54 101 114 68 84 59 54 200
229
59 3 144 113 5 90 18 190 109 101 92 164 7 89 63 148 66 197 180 4 42 46 93 39 71 153 11 84 160 100 53 102 107 29 181 159 82 149 79 126 95 137 168 6 135 110 111 11 103 49 27 31 69 69 192 180 158 126 7 45 61 37 23 199 52 18 25 13 165 60 110 117 139 148 1 123 3 142 68 30 35 75 33 99 165 74 114 34 62 36 122 59 74 177 145 130 191 152 52 156 46 147 183 123 59 55 23 50 146 165 113 177 123 47 144 64 84 45 161 187 70 183 196 157 94 37 69 196 143 126 103 68 81 129 170 53 157 40 157 78 41 143 200 88 68 27 57 155 15 178 46 76 40 199 49 19 79 181 74 98 191 171 31 164 168 6 16 35 23 16 167 84 14 67 60 39 151 88 39 68 167 61 95 47 76 64 139 107 49 78 193 113 145 6 47 103 193 181 17 167 49 193 89 197 66 127 117 166 2 25 105 18 77 199 26 99 61 36 117 188 178 136 68 138 10 32 180 176 125
805
99 99 98 98 99 99 98 99 99 99 98 98 99 98 99 98 98 99 98 98 98 98 98 98 99 98 98 99 99 99 98 99 98 99 98 98 98 99 98 98 99 99 99 99 98 99 99 99 99 99 98 99 98 99 98 98 98 98 98 99 99 98 99 99 98 98 98 98 98 98 98 99 98 99 99 98 98 98 98 99 99 98 99 98 98 99 98 99 98 99 98 98 98 98 98 98 99 98 98 98 98 99 98 99 98 98 98 99 98 99 99 98 99 98 98 98 98 99 98 98 98 99 98 98 98 98 98 98 98 99 98 99 99 98 99 99 99 99 99 99 99 99 98 99 98 98 98 98 99 99 99 99 99 98 99 98 98 98 98 98 98 99 98 98 99 98 98 99 99 98 98 98 98 98 99 99 99 99 98 99 98 99 99 99 99 98 99 98 99 99 98 98 99 99 99 99 98 98 99 99 99 98 99 98 99 98 98 99 98 98 99 99 99 98 99 98 99 98 98 98 98 99 98 98 99 98 99 98 99 99 98 99 99 98 99 99 99 99 99 99 98 99 99 98 99 99 99 98 98 99 98 99 99 98 98 99 98 99 99 99 98 98 98 99 99 98 98 98 99 98 99 99 99 98 99 98 99 99 99 99 98 98 98 99 99 99 99 99 98 98 98 99 99 99 98 98 98 98 99 98 99 99 99 98 98 99 98 99 99 98 98 98 99 99 99 98 98 99 99 98 99 98 99 99 99 99 98 99 99 99 98 98 98 98 98 99 98 99 99 98 98 99 99 98 99 98 99 98 99 99 98 98 98 98 98 98 99 99 99 99 99 99 98 98 98 98 99 99 99 98 98 98 99 98 99 98 98 99 98 99 98 99 99 98 99 99 98 98 99 98 98 98 98 98 99 98 99 99 99 98 99 98 98 98 99 99 98 99 98 99 98 99 98 99 99 99 98 99 99 98 99 99 99 99 99 99 98 99 99 99 98 99 99 99 99 99 98 98 99 98 99 99 99 98 98 99 98 98 99 98 98 98 98 99 99 99 99 98 98 99 99 98 99 98 98 98 98 98 98 98 99 98 99 99 98 98 99 99 98 99 98 99 99 98 98 98 98 98 98 99 99 98 98 99 99 98 99 99 99 98 99 99 98 99 98 99 98 98 98 98 98 98 98 98 98 98 99 99 98 98 98 99 98 99 99 98 99 98 98 99 99 98 98 98 99 99 99 99 98 98 99 98 99 98 99 99 99 99 98 98 98 99 99 99 99 98 98 99 98 98 98 98 99 98 99 99 99 99 98 98 99 98 99 98 98 98 98 98 98 98 98 98 99 99 98 99 98 99 99 99 98 99 99 98 98 99 99 99 98 99 98 98 99 99 99 98 98 98 99 99 99 99 99 99 98 99 98 99 98 98 99 99 99 98 98 98 98 99 99 99 99 99 98 99 98 99 98 98 99 99 98 98 98 98 98 98 99 99 99 98 98 99 98 98 98 98 98 99 99 98 99 98 98 99 99 99 99 98 99 99 99 99 98 99 98 99 98 98 98 98 98 98 99 98 98 98 98 98 99 98 98 99 98 98 99 99 98 98 99 98 98 99 98 98 98 98 99 98 99 99 99 98 98 98 99 98 98 99 98 98 98 99 98 99 98 99 99 99 98 99 99 99 98 98 99 99 99 99 98 98 98 99 99 98 99 98 99 99 98 98 99 98 99 98 98 98 98 99 99 98 99 99 98 98 99 98 98 99 99 99 98 98 98 98 99 98 98 98 99 99 99 99 98 99 98 99 99 99 98 98 99 98 99 98 98 98 99 98 98 98 98 98 99 99 99
719
5 6 15 4 11 18 9 7 19 10 11 18 11 16 10 0 12 4 13 0 13 18 1 17 9 13 16 12 19 17 9 13 8 2 11 19 10 0 13 1 13 16 11 18 7 13 2 2 8 9 13 18 2 6 6 17 0 15 9 7 10 19 5 6 10 4 5 10 14 12 3 2 3 12 19 13 6 3 7 13 11 12 2 12 17 2 1 14 0 2 18 11 3 13 3 1 11 14 11 5 9 12 9 6 10 15 5 3 1 6 14 11 4 19 15 12 17 16 5 11 2 1 6 5 17 1 17 19 7 0 17 5 10 4 7 3 8 19 7 16 20 20 16 4 4 12 7 9 16 19 4 18 2 20 15 15 11 16 7 1 18 3 16 16 5 0 4 3 17 6 8 0 12 0 6 13 20 1 3 7 10 9 18 3 9 17 11 13 18 19 15 16 12 18 12 9 16 13 15 15 19 18 8 19 20 13 15 0 6 13 19 5 1 15 4 5 15 9 16 3 0 8 5 5 9 3 5 10 6 5 0 2 4 20 7 16 5 4 20 14 5 11 8 16 16 20 10 16 0 2 11 5 7 8 6 5 14 19 15 14 12 14 16 15 7 14 18 6 8 20 12 18 0 20 11 17 0 7 18 4 12 18 14 18 5 6 19 9 1 11 2 17 12 4 0 13 15 2 3 8 2 13 14 10 12 10 8 3 0 1 3 2 9 8 9 0 7 4 2 6 5 5 4 6 6 14 3 9 18 9 0 9 9 14 20 5 6 14 6 14 8 1 17 19 16 4 14 7 5 16 16 6 6 20 0 15 17 1 5 16 9 5 16 4 8 11 17 4 3 13 1 15 5 5 20 4 14 16 18 13 4 9 6 10 16 14 4 1 19 2 0 13 16 10 13 7 7 9 8 3 17 3 12 1 4 11 4 19 6 2 14 19 17 10 10 7 8 0 10 0 19 20 5 13 14 13 8 3 6 3 5 9 9 13 15 15 3 7 5 2 15 1 16 18 4 15 15 14 12 16 4 10 15 19 19 12 1 19 15 5 16 9 4 9 15 9 19 11 4 7 7 17 7 20 11 13 10 1 6 0 18 4 8 7 5 20 4 15 5 18 12 14 19 8 4 1 10 0 17 4 13 6 8 1 13 3 1 1 13 11 1 4 11 0 20 1 12 1 3 20 12 8 0 15 8 0 8 15 2 20 4 11 19 3 8 20 14 6 1 0 8 15 10 8 11 8 4 15 11 5 3 14 8 6 17 3 16 16 15 16 1 20 1 20 18 8 18 20 9 19 12 15 7 12 9 12 4 17 19 2 0 4 7 8 6 8 18 8 20 6 12 2 11 12 13 4 20 9 16 5 6 2 12 17 14 12 16 14 0 17 16 11 17 16 15 4 11 10 4 8 9 2 20 13 17 8 7 17 8 18 15 9 19 15 18 18 19 3 1 17 1 14 9 0 3 16 1 14 19 14 0 15 19 17 12 7 16 20 2 14 13 10 7 12 20 2 6 4 16 1 14 0 2 2 5 11 4 16 12 15 17 13 20 0 13 2 15 13 9 15 14 9 15 16 4 11 15 12 1 18 8 8 6 10 11 0 1 5 17 7 15 11 13 5 3 0 0 3 13
961
0 200 58 87 87 69 90 52 96 60 118 54 93 54 96 93 72 73 68 105 88 61 85 105 111 72 98 70 81 119 79 85 78 56 54 88 68 60 51 70 53 89 55 79 54 79 83 61 105 54 105 115 51 77 66 120 103 87 113 102 101 57 74 74 89 58 71 95 55 107 118 83 69 59 98 114 110 113 94 84 98 109 112 93 76 120 52 100 68 105 91 113 64 80 108 90 87 68 91 93 91 50 84 113 51 60 77 64 68 79 111 117 93 120 75 88 72 53 88 118 117 84 88 98 70 118 117 65 106 112 95 89 118 55 61 62 59 92 107 71 88 99 66 84 113 68 118 61 72 89 79 93 104 52 108 75 97 96 85 60 63 116 84 118 87 119 103 65 78 75 79 56 76 68 73 55 118 97 50 112 92 83 103 75 118 63 90 77 116 68 90 52 108 97 50 90 73 73 99 60 83 118 100 51 87 69 111 108 93 103 65 101 86 80 88 98 70 70 113 55 94 85 61 53 82 88 75 50 68 74 119 76 53 51 90 97 71 114 64 113 56 98 97 111 119 103 91 94 68 53 82 85 109 114 112 103 95 119 66 83 70 106 95 70 54 81 78 71 63 100 71 107 56 82 120 63 59 53 112 75 74 109 66 71 54 109 114 113 52 68 73 69 93 53 110 74 78 84 93 81 80 70 52 55 76 77 119 117 101 111 110 85 102 106 117 90 68 58 50 68 107 100 103 60 100 92 73 95 103 76 67 120 92 114 56 65 63 120 69 58 56 89 78 68 113 118 77 98 54 52 74 116 98 111 64 114 115 51 52 59 64 98 85 56 113 74 100 119 73 55 77 51 85 114 87 102 113 59 114 113 116 62 51 113 103 99 61 83 93 77 87 117 68 52 92 84 108 105 107 103 72 90 56 92 109 101 69 54 72 94 115 112 55 103 51 90 81 56 58 108 113 80 111 113 81 55 94 53 114 92 102 80 99 64 58 112 88 50 83 61 73 120 112 61 111 65 112 95 118 65 52 105 57 75 90 58 114 50 92 71 67 74 85 54 105 72 112 87 101 73 113 112 84 91 100 101 53 109 77 99 85 101 80 61 87 52 115 102 79 118 72 56 72 67 105 69 87 97 65 97 103 50 64 111 117 103 51 73 96 56 55 120 74 75 76 57 51 83 56 70 78 94 92 111 115 64 70 97 116 92 118 67 101 102 60 101 63 119 111 72 73 93 69 96 56 98 100 63 50 84 57 115 81 102 69 71 101 75 50 51 65 94 106 65 55 68 112 91 100 73 96 116 84 67 107 102 111 113 51 51 111 90 81 110 114 86 99 72 104 72 50 99 62 86 77 86 87 86 58 60 100 107 98 71 81 101 50 105 101 76 60 74 75 77 103 65 118 111 62 92 69 111 117 116 59 88 99 68 105 52 80 68 52 102 98 109 107 72 109 108 100 75 101 94 88 107 71 83 120 101 52 92 84 95 87 85 101 53 98 70 56 89 54 106 99 92 72 106 79 96 78 72 76 116 90 98 81 52 107 85 56 60 112 97 79 104 81 100 99 74 61 79 81 76 79 105 116 97 109 104 115 66 83 102 78 118 99 97 114 66 120 58 66 77 108 53 73 65 91 90 87 62 67 53 116 87 59 58 94 104 103 63 104 105 70 104 75 80 110 68 69 53 114 68 111 78 85 57 62 61 113 100 55 67 79 82 112 78 65 54 74 110 66 86 92 61 74 111 95 93 64 105 91 109 110 71 69 105 71 73 117 93 55 84 51 106 98 102 86 77 53 85 106 91 106 95 106 68 119 114 83 57 68 86 68 84 56 82 89 51 100 76 102 65 94 52 53 114 114 63 118 113 110 107 104 62 99 85 77 94 58 95 73 109 91 67 83 59 75 84 70 50 50 56 93 73 70 78 70 90 66 108 54 76 98 78 104 108 109 119 64 87 74 65 93 62 84 69 75 93 63 57 112 81 120 108 108 91 62 82 62 98 75 58 93 65 106 74 88 81 117 82 70 82 50 50 64 111 90 118 107 70 104 71 98 56 94 120 68 65 112 85 64 74 81 114 57 95 86 70 65 50 55 103 53 72 119 91 89 56 105 59 63 59 90 85 90 110 98 79 78 84 69 110 85 102 55 58 107 106 105 78 112 96 73 73 69 87 108 64 200
702
0 200 94 57 59 83 114 57 78 113 56 103 100 69 103 80 90 64 63 119 74 92 109 53 76 57 60 61 116 108 97 78 99 114 110 101 92 100 50 69 50 94 97 69 77 68 68 95 109 81 55 67 119 94 116 103 118 90 52 53 95 75 60 64 71 117 117 54 98 77 96 54 97 99 98 88 57 114 66 61 83 88 58 107 62 78 56 60 65 111 120 120 70 83 51 60 120 109 74 86 54 52 74 96 55 50 57 115 74 73 104 102 65 79 75 51 70 102 59 113 58 51 59 69 79 70 106 108 112 98 100 53 110 69 71 67 79 117 104 78 114 60 105 80 109 116 112 70 66 104 98 120 89 63 68 97 56 78 95 61 117 57 72 107 104 61 64 102 105 72 60 118 110 98 56 56 59 74 77 83 92 115 89 58 112 81 108 88 78 74 79 96 81 108 115 114 92 76 88 105 120 69 112 100 102 79 85 108 96 87 60 116 116 119 54 99 103 89 113 115 68 51 75 109 67 113 74 95 105 57 92 64 66 97 71 119 112 89 68 89 111 51 97 53 55 115 58 81 71 87 62 97 88 108 57 73 54 82 106 112 70 106 51 115 108 83 67 76 90 81 113 91 63 50 68 114 104 95 97 86 84 64 118 106 92 91 75 117 77 94 91 77 66 81 73 102 69 105 98 107 92 59 113 74 79 98 71 59 65 77 61 68 94 66 88 72 59 82 90 50 113 75 62 86 117 119 71 98 73 67 67 101 80 68 63 112 109 93 85 53 81 74 97 109 81 116 90 64 55 64 96 74 110 116 77 69 94 65 80 58 55 91 100 111 61 111 110 75 88 60 87 59 79 86 85 73 118 62 93 76 57 102 70 100 99 64 100 113 73 55 69 93 84 78 92 120 112 75 71 86 108 80 56 91 87 81 113 77 86 69 108 114 120 112 73 61 100 101 113 51 93 91 94 73 93 73 58 76 97 87 62 99 86 59 108 119 117 59 97 106 114 79 79 52 104 83 80 98 90 64 77 108 72 55 104 100 117 81 101 115 81 74 73 119 118 77 50 97 120 118 109 76 94 93 112 99 57 109 80 111 104 52 110 104 98 71 97 109 105 59 104 119 65 54 74 64 80 98 120 59 71 75 113 109 50 76 77 78 81 90 60 110 68 78 118 75 77 81 106 75 86 90 78 116 53 51 79 60 63 99 108 93 62 114 94 68 72 83 104 106 118 120 93 57 111 108 66 96 55 92 80 96 73 111 65 107 81 113 111 77 79 74 114 105 86 92 85 115 86 61 67 61 105 120 92 75 54 78 66 115 82 104 64 88 80 69 67 107 90 85 101 57 73 112 80 85 51 82 54 96 115 116 107 114 105 107 71 51 115 65 107 105 78 112 114 89 51 87 95 112 120 93 53 107 79 88 70 96 103 97 93 83 99 62 58 53 101 62 80 56 99 78 53 93 53 67 82 105 52 97 99 72 117 61 111 54 59 109 83 89 100 81 119 108 72 107 119 58 118 51 54 57 99 94 52 83 99 100 119 77 62 114 80 75 105 120 104 64 66 99 62 103 71 120 54 65 105 109 88 83 54 200
738
95 105 14 67 68 144 10 25 118 95 188 48 35 133 177 19 12 80 112 56 55 184 109 25 146 200 72 185 145 11 190 133 108 186 139 95 75 2 140 121 75 195 87 170 38 70 164 40 19 50 113 97 94 197 31 178 131 167 97 175 21 123 88 184 93 85 155 38 19 183 48 34 81 177 154 35 192 57 101 50 151 103 165 1 61 118 195 151 23 103 67 87 85 155 150 99 22 2 68 22 153 99 185 110 124 142 106 120 135 161 5 94 4 133 18 65 165 19 98 71 86 2 40 54 9 50 77 100 118 45 163 188 56 171 165 62 143 81 69 169 142 136 123 144 5 51 167 180 173 151 119 33 193 83 196 54 4 33 5 180 152 149 116 61 83 151 31 34 84 141 52 165 67 145 83 52 6 75 2 99 145 159 89 16 15 100 160 107 138 85 61 98 1 176 118 56 26 127 116 196 119 53 32 111 138 151 79 116 49 93 172 103 111 37 142 118 112 115 188 111 163 152 146 40 102 48 56 188 174 90 11 89 63 35 68 144 53 161 1 177 200 141 200 155 171 24 59 34 154 185 119 80 17 145 95 89 7 111 186 137 200 194 136 78 49 144 81 34 58 140 182 42 118 129 154 52 146 148 132 84 143 37 144 166 129 189 92 80 86 169 28 104 167 33 72 140 139 143 6 30 133 26 114 15 75 59 67 46 135 25 116 53 13 162 120 24 126 6 111 48 151 79 94 170 194 166 98 31 178 57 23 197 47 14 200 153 157 191 175 80 67 42 101 129 141 80 91 151 135 90 162 100 163 84 149 58 61 38 178 168 48 70 34 78 187 150 39 106 31 169 59 47 159 169 161 126 169 74 17 32 151 86 160 6 153 39 199 102 25 14 4 3 3 193 145 80 33 2 65 90 161 152 117 193 146 141 141 49 61 147 192 161 72 130 139 132 186 125 120 64 166 122 153 127 194 49 124 67 123 135 3 77 38 181 52 122 172 93 14 3 111 67 177 47 25 7 102 184 60 133 18 138 133 180 192 22 51 173 115 155 180 140 2 167 183 139 140 14 37 17 196 162 161 103 73 33 146 109 53 36 29 198 49 61 131 146 122 61 119 3 118 139 42 163 21 32 126 58 43 164 115 64 42 27 93 139 194 33 40 93 91 115 169 172 31 72 149 186 171 159 158 88 34 164 86 176 128 62 6 139 173 135 38 29 143 69 179 127 143 20 147 25 30 57 119 153 135 111 69 191 142 196 137 141 186 96 164 120 28 51 77 197 118 99 50 163 51 16 162 140 39 133 128 82 158 79 83 104 56 195 13 140 89 188 72 120 16 195 4 1 28 65 76 133 171 0 190 154 89 170 98 130 45 59 183 43 15 11 152 120 154 15 62 155 14 132 125 82 167 21 53 59 176 166 4 157 79 14 81 179 4 25 128 13 119 83 160 8 186 169 113 154 132 70 5 114 192 109 179 112 39 1 187 167 112 60 52 157 99 170 24 158 147 165 151 115 151 34 121 11 74 137 74 21 23 96 29 122 9 73 53 81 193 148 78 40 18 56 157 135 122 106 7 56 138 14 125 150 32 172 81 31 95 125 106 26 126 69 181 177 78 136 49 135 37 1 132 165 38 18 9 109 108 39 70 170 1 18 28 141 53 114 81 95 158 88 97 151
26
188 111 188 188 111 38 111 153 24 24 38 111 24 153 111 38 153 38 153 188 111 153 111 38 24 111
888
164 164 124 124 136 124 164 136 164 136 124 164 164 124 136 164 164 164 164 164 164 124 124 136 164 124 136 164 136 164 124 124 124 124 136 136 164 164 164 124 136 164 124 124 136 136 164 136 124 124 124 164 136 124 136 164 136 124 164 124 124 136 136 164 124 164 124 164 124 164 124 124 136 124 136 136 136 124 124 136 124 124 136 136 164 164 124 164 136 124 164 124 164 124 136 164 136 136 124 164 164 124 164 136 136 136 136 164 136 164 124 164 164 124 164 124 164 124 164 164 124 136 124 136 124 124 164 164 136 164 164 136 124 136 136 136 136 136 136 136 164 136 124 124 124 124 124 136 136 124 136 124 124 136 164 136 124 136 136 164 136 164 124 136 124 164 164 136 164 164 136 136 124 124 164 124 136 124 124 164 136 124 164 164 164 124 164 124 136 124 124 136 136 136 164 164 164 136 164 124 164 136 124 164 136 164 164 124 136 136 136 124 164 124 124 164 136 124 124 124 136 124 136 164 136 164 164 124 136 136 124 136 136 164 164 164 164 136 164 136 124 164 164 136 124 164 124 164 136 124 164 164 136 164 164 136 136 136 164 164 164 124 136 164 124 164 136 136 124 164 164 136 124 136 124 124 136 124 164 124 124 164 136 136 164 124 136 164 164 164 136 124 124 136 136 164 124 124 124 164 164 164 164 136 164 124 124 164 124 124 124 136 164 136 164 164 136 136 164 164 124 124 164 164 164 124 136 136 136 164 124 124 136 164 164 136 164 124 136 164 136 136 136 164 136 164 164 136 164 164 136 124 136 124 164 124 124 124 164 164 124 136 164 124 124 124 136 164 136 124 124 164 124 164 136 164 164 124 164 164 124 164 124 124 136 136 124 136 124 164 136 164 136 136 164 164 164 136 136 164 164 164 164 136 164 136 124 136 164 164 124 124 164 164 164 136 124 124 136 136 124 136 124 164 124 124 136 136 136 164 164 164 124 164 136 136 164 164 136 164 164 124 136 136 124 124 164 124 136 124 164 164 136 136 136 164 136 164 164 124 164 136 164 136 164 136 136 164 164 136 124 136 164 124 136 136 136 136 124 124 124 124 124 136 136 164 164 136 164 136 124 124 124 136 164 164 124 164 136 124 164 136 136 164 124 124 136 136 136 136 124 164 136 124 124 124 164 124 164 124 164 124 164 136 136 136 136 164 124 136 124 164 124 124 124 164 136 124 136 164 136 136 124 164 164 124 124 164 164 136 124 136 124 124 164 164 136 136 136 164 124 124 124 124 136 136 124 124 136 136 124 164 164 164 164 136 124 124 164 164 136 124 164 136 124 164 124 136 136 124 164 124 164 136 124 136 124 136 136 136 136 124 136 136 136 164 124 124 164 164 136 136 164 164 164 124 164 136 164 124 164 136 136 124 136 164 124 124 164 136 136 136 164 164 164 164 136 164 136 124 124 164 136 124 136 124 124 136 124 164 136 164 136 124 124 136 124 136 164 164 124 136 136 136 136 164 124 164 164 164 136 124 124 124 164 164 164 136 164 136 124 124 164 124 136 124 164 124 124 136 136 124 136 124 164 136 136 164 164 136 124 164 164 164 136 164 136 136 164 136 136 136 124 124 136 164 124 136 136 136 164 164 136 136 136 124 136 136 124 136 136 136 164 124 136 124 164 124 164 164 124 136 124 164 136 164 124 124 136 136 136 164 124 164 164 164 136 136 164 164 124 136 124 164 124 124 124 124 136 124 164 136 136 164 136 164 164 164 136 164 164 164 136 124 136 136 124 136 124 136 124 164 164 124 164 124 136 124 124 164 136 164 124 136 124 136 124 124 136 164 124 164 136 164 124 136 124 124 136 164 164 136 164 124 124 136 164 124 164 164 136 136 164 136 124 164 136 136 124 124 124 136 136 124 164 136 124 136 164 164 164 136 124 164 164 136 164 136 136 124 164 124 164 136 124 124 124 136 124 164 164 136 164 164 124 136 136 164 136 136 136 164 164 124 164 136 164 164
198
0 0 0 0 0 0 0 0 0 0 0 0 0 0 0 0 0 0 0 0 0 0 0 0 0 0 0 0 0 0 0 0 0 0 0 0 0 0 0 0 0 0 0 0 0 0 0 0 0 0 0 0 0 0 0 0 0 0 0 0 0 0 0 0 0 0 0 0 0 0 0 0 0 0 0 0 0 0 0 0 0 0 0 0 0 0 0 0 0 0 0 0 0 0 0 0 0 0 0 0 0 0 0 0 0 0 0 0 0 0 0 0 0 0 0 0 0 0 0 0 0 0 0 0 0 0 0 0 0 0 0 0 0 0 0 0 0 0 0 0 0 0 0 0 0 0 0 0 0 0 0 0 0 0 0 0 0 0 0 0 0 0 0 0 0 0 0 0 0 0 0 0 0 0 0 0 0 0 0 0 0 0 0 0 0 0 0 0 0 0 0 0 0 0 0 0 0 0
931
25 108 25 92 135 165 108 165 165 25 108 108 25 92 92 135 165 25 108 25 92 165 165 92 108 92 25 108 135 108 135 108 25 92 135 25 135 25 108 108 165 108 135 92 25 25 92 108 135 25 25 25 165 135 92 92 25 92 25 25 135 25 25 92 92 165 92 108 25 25 108 92 108 92 165 92 135 108 25 165 108 135 165 165 92 108 25 165 92 135 92 92 135 165 165 135 108 92 92 25 92 108 92 25 108 92 25 25 92 165 165 165 108 25 92 165 165 165 25 108 165 165 92 108 108 165 25 165 165 135 92 108 135 108 165 25 25 92 92 25 165 92 108 135 108 108 108 165 92 135 135 165 92 108 135 25 25 135 25 92 165 25 135 165 92 92 25 92 25 25 25 108 108 92 92 108 165 135 165 108 25 92 92 25 108 135 108 135 165 135 165 165 108 92 25 135 165 135 25 135 165 135 135 92 108 165 135 135 25 92 92 165 25 135 135 108 165 92 25 25 92 92 25 25 108 165 108 25 25 165 135 135 92 92 108 92 135 92 135 165 92 135 165 135 92 165 92 108 135 135 135 135 165 108 25 92 25 92 25 92 92 165 108 92 135 135 92 25 165 165 135 165 135 25 108 165 135 165 135 92 92 92 165 92 135 25 92 25 25 92 92 92 92 108 108 165 165 25 135 165 108 165 165 92 25 25 108 165 135 108 165 135 165 165 135 92 108 25 135 92 135 135 135 135 92 25 165 135 108 165 165 25 25 165 92 25 25 165 135 165 135 165 108 92 135 92 108 92 25 92 92 165 108 108 135 92 92 108 135 92 25 25 25 135 165 135 165 92 135 108 165 165 135 92 165 25 135 165 92 25 92 135 108 165 135 25 135 25 108 165 135 92 135 25 165 165 135 92 165 165 165 135 135 108 108 108 25 108 92 135 25 165 25 92 25 108 135 165 108 135 135 25 108 25 92 135 135 92 108 92 165 108 108 92 108 165 165 108 135 165 135 25 92 135 108 92 92 165 108 92 92 135 135 25 108 165 25 108 165 135 25 92 135 108 135 25 108 135 135 165 92 135 108 165 135 135 25 135 135 165 165 135 92 165 25 108 135 108 108 92 165 165 165 92 108 135 25 25 25 108 165 108 25 135 108 135 92 92 165 165 25 135 108 25 108 25 165 108 135 165 135 165 135 92 25 165 92 92 135 92 165 165 135 92 108 25 135 135 135 108 108 165 108 92 92 25 165 135 165 108 165 108 165 25 108 25 108 92 165 92 135 135 135 165 165 92 135 165 135 25 135 25 135 25 135 25 165 92 135 108 135 25 135 25 108 92 135 108 92 165 92 108 108 25 108 165 25 25 92 92 25 135 92 92 25 25 165 108 108 25 135 92 108 165 165 25 92 108 108 135 108 25 165 165 165 165 108 108 135 25 108 92 25 165 135 135 25 25 92 92 92 135 92 108 25 165 25 165 108 108 92 92 25 92 135 108 25 135 135 135 165 165 135 92 92 25 25 108 92 165 135 108 25 108 108 25 92 165 165 25 25 25 92 165 108 108 108 92 92 25 165 108 165 135 165 92 92 135 135 135 165 92 135 92 92 108 25 135 92 25 135 25 25 165 25 108 135 165 108 92 25 108 25 25 135 135 92 108 25 108 135 108 108 92 108 165 135 25 135 165 25 25 25 92 135 108 92 165 25 135 135 25 165 92 108 108 92 165 165 25 135 92 135 165 25 108 92 108 165 25 165 92 108 135 135 108 25 108 25 108 135 25 25 25 25 165 135 165 165 108 25 108 108 25 165 135 92 25 108 25 108 92 108 108 108 165 25 165 92 108 108 135 135 165 135 25 25 165 108 165 25 25 25 25 92 92 165 92 135 135 25 108 135 165 108 108 135 108 25 108 92 25 165 165 92 108 92 92 165 25 108 25 108 135 135 135 108 135 165 165 165 108 92 25 92 165 135 25 108 165 108 108 135 92 165 108 92 108 25 25 165 92 92 135 135 165 92 165 165 135 108 25 108 25 92 92 108 135 108 135 108 92 25 108 165 135 92 165 92 25 25 108 25 135 25 135 25 165 92 108 108 135 92 165 92 92 92 108 92 165 165
709
101 48 23 118 76 180 67 72 77 46 194 172 154 144 157 63 34 177 17 146 172 28 105 100 174 100 7 97 137 34 140 200 166 24 6 188 50 98 153 50 44 49 122 146 163 166 148 154 165 74 184 125 184 147 19 139 48 186 79 44 77 177 163 186 135 143 145 132 189 123 196 6 163 72 144 76 138 133 88 111 151 39 105 157 96 11 36 97 18 32 180 118 8 143 41 52 178 150 186 198 30 5 90 0 89 162 2 154 193 4 126 63 139 125 109 148 32 109 151 116 51 114 124 77 62 113 167 45 170 143 69 118 90 93 9 141 119 137 181 197 195 43 34 73 39 80 76 167 133 191 180 95 114 158 124 173 189 88 112 192 133 2 172 93 6 94 124 65 146 143 153 102 56 127 35 181 39 156 17 200 16 159 120 171 90 100 122 163 182 21 142 96 111 149 151 49 60 193 98 110 147 104 22 116 92 48 97 128 16 3 29 17 17 98 111 72 183 176 101 74 52 179 151 193 187 14 65 187 164 169 30 131 172 181 169 28 95 1 27 49 175 158 105 166 105 36 23 170 21 10 110 169 166 169 75 112 176 88 11 37 149 37 137 18 89 140 184 12 164 138 58 87 195 164 136 173 126 173 7 74 173 24 77 49 16 107 111 121 182 90 181 65 183 31 173 139 137 6 168 131 29 87 67 165 126 114 38 5 54 48 106 28 164 136 146 52 17 141 58 68 171 102 101 12 24 17 170 61 170 57 150 107 160 154 181 144 48 54 160 75 34 58 83 170 2 160 156 93 117 93 15 148 43 81 104 38 68 157 23 106 10 47 149 129 153 107 20 175 48 0 157 98 191 102 62 126 126 146 109 127 189 0 149 42 155 159 176 144 190 169 144 176 123 142 167 53 192 158 156 98 32 96 51 54 10 57 195 143 104 190 136 140 193 61 105 10 4 60 82 140 116 145 75 68 59 136 160 55 158 198 169 182 72 185 187 168 93 8 3 131 5 6 15 11 13 57 32 78 134 87 142 23 102 149 147 188 83 67 170 65 26 184 38 198 80 149 59 181 197 82 196 13 28 38 28 6 87 188 79 6 189 116 15 124 69 163 161 12 52 170 0 72 91 82 17 142 145 13 118 63 29 87 80 106 70 199 31 83 65 22 9 146 183 38 7 158 17 142 190 49 181 150 118 50 152 200 169 60 42 174 44 105 94 1 42 152 12 1 194 62 160 150 146 71 42 182 121 165 83 124 154 173 186 33 101 10 9 42 86 177 110 62 124 158 92 51 46 34 107 174 60 150 93 107 196 40 183 56 169 193 110 148 158 75 21 180 105 115 69 156 46 154 99 21 88 135 125 22 41 28 132 78 171 51 144 169 27 176 45 94 143 178 4 155 168 169 52 45 33 73 16 111 52 170 153 77 175 6 135 0 77 101 9 145 170 151 193 191 116 198 81 150 20 147 172 145 145 47 133 198 149 36 91 177 56 53 95 21 181 122 133 92 119 153 13 182 89 98 98 84 74 10 8 137 138 55 116 152 148 40 109 168 40 29 68 79 63 78 98 184 127 15 154 173 138 114 174 160 139 15 148 132 137 100 1 36 123 197 50
585
0 0 0 0 0 0 0 0 0 0 0 0 0 0 0 0 0 0 0 0 0 0 0 0 0 0 0 0 0 0 0 0 0 0 0 0 0 0 0 0 0 0 0 0 0 0 0 0 0 0 0 0 0 0 0 0 0 0 0 0 0 0 0 0 0 0 0 0 0 0 0 0 0 0 0 0 0 0 0 0 0 0 0 0 0 0 0 0 0 0 0 0 0 0 0 0 0 0 0 0 0 0 0 0 0 0 0 0 0 0 0 0 0 0 0 0 0 0 0 0 0 0 0 0 0 0 0 0 0 0 0 0 0 0 0 0 0 0 0 0 0 0 0 0 0 0 0 0 0 0 0 0 0 0 0 0 0 0 0 0 0 0 0 0 0 0 0 0 0 0 0 0 0 0 0 0 0 0 0 0 0 0 0 0 0 0 0 0 0 0 0 0 0 0 0 0 0 0 0 0 0 0 0 0 0 0 0 0 0 0 0 0 0 0 0 0 0 0 0 0 0 0 0 0 0 0 0 0 0 0 0 0 0 0 0 0 0 0 0 0 0 0 0 0 0 0 0 0 0 0 0 0 0 0 0 0 0 0 0 0 0 0 0 0 0 0 0 0 0 0 0 0 0 0 0 0 0 0 0 0 0 0 0 0 0 0 0 0 0 0 0 0 0 0 0 0 0 0 0 0 0 0 0 0 0 0 0 0 0 0 0 0 0 0 0 0 0 0 0 0 0 0 0 0 0 0 0 0 0 0 0 0 0 0 0 0 0 0 0 0 0 0 0 0 0 0 0 0 0 0 0 0 0 0 0 0 0 0 0 0 0 0 0 0 0 0 0 0 0 0 0 0 0 0 0 0 0 0 0 0 0 0 0 0 0 0 0 0 0 0 0 0 0 0 0 0 0 0 0 0 0 0 0 0 0 0 0 0 0 0 0 0 0 0 0 0 0 0 0 0 0 0 0 0 0 0 0 0 0 0 0 0 0 0 0 0 0 0 0 0 0 0 0 0 0 0 0 0 0 0 0 0 0 0 0 0 0 0 0 0 0 0 0 0 0 0 0 0 0 0 0 0 0 0 0 0 0 0 0 0 0 0 0 0 0 0 0 0 0 0 0 0 0 0 0 0 0 0 0 0 0 0 0 0 0 0 0 0 0 0 0 0 0 0 0 0 0 0 0 0 0 0 0 0 0 0 0 0 0 0 0 0 0 0 0 0 0 0 0 0 0 0 0 0 0 0 0 0 0 0 0 0 0 0 0 0 0 0 0 0 0 0 0 0 0 0 0 0 0 0 0 0 0 0 0 0 0 0 0 0 0 0 0 0 0
674
186 186 186 117 117 117 117 117 117 117 117 117 186 117 117 117 186 186 117 186 117 186 186 117 117 186 117 186 186 186 186 117 186 186 117 186 186 117 117 117 186 117 117 117 186 117 117 117 186 117 117 186 186 186 186 186 186 186 117 117 186 186 117 186 186 117 186 186 117 186 117 117 186 186 117 186 186 117 186 186 117 186 117 186 186 117 117 117 186 117 186 186 117 117 117 186 117 117 186 117 186 186 186 186 186 186 117 186 186 186 117 186 117 186 117 186 117 117 186 117 186 186 117 186 117 186 117 117 117 117 186 117 117 117 117 117 117 117 117 117 117 186 117 186 186 117 186 186 117 186 186 117 117 117 117 117 186 186 117 186 186 117 186 117 186 117 186 117 117 186 186 117 117 117 186 186 186 117 117 117 117 117 117 186 186 186 186 117 117 186 186 117 117 117 186 117 186 186 117 186 117 186 186 117 117 117 117 186 186 117 117 117 186 117 117 186 117 117 117 186 117 186 186 117 186 186 186 117 117 117 117 117 117 117 117 117 117 117 117 117 186 117 186 186 186 117 186 186 117 186 186 186 117 186 117 117 186 186 117 117 117 186 186 186 186 186 117 186 186 186 186 186 186 186 117 117 186 186 117 186 117 117 117 117 117 117 186 186 117 186 117 117 186 186 117 186 186 186 117 117 117 117 186 186 117 186 117 117 117 117 186 186 186 186 117 186 117 117 117 186 186 117 186 117 117 117 186 117 117 186 186 117 117 117 186 117 117 117 117 186 117 186 117 117 186 117 186 186 186 186 186 186 186 117 186 117 186 117 186 117 186 186 186 117 186 117 186 117 117 186 117 186 117 117 117 117 117 186 186 186 117 117 117 117 186 117 117 186 117 117 117 186 117 117 186 117 186 186 117 117 186 117 186 117 186 117 186 186 117 117 186 186 186 117 117 186 117 117 117 117 186 186 186 117 117 117 117 186 186 186 117 117 186 186 117 117 186 117 117 117 186 117 186 117 186 186 117 117 117 186 117 117 117 186 186 186 186 117 186 186 117 117 186 117 117 117 117 117 186 186 117 186 117 186 117 186 186 117 117 186 117 117 186 186 186 186 117 117 186 186 186 117 117 117 117 186 186 186 117 186 186 117 186 117 117 186 117 117 117 117 117 117 186 186 186 186 117 186 186 186 117 186 186 117 117 117 186 117 186 117 186 117 186 117 117 117 117 117 117 117 117 186 117 117 117 117 186 186 117 186 117 186 117 186 186 186 186 117 186 117 117 117 117 117 186 117 117 186 117 117 186 117 117 186 117 117 117 117 117 117 117 186 186 117 117 186 117 186 117 186 186 117 186 117 117 117 117 186 117 186 117 117 186 186 117 186 186 117 186 117 117 117 117 186 117 186 186 186 186 117 186 117 117 117 186 186 186 117 186 117 117 186 186 186 117 186 117 117 117 117 117 117 117 186 117 186 186 186 117 117 117 186 186 117 117 117 117 186 186 186 186 117 186 186 117 117 117 186 117 186 186 186 117 117
767
19 135 151 135 118 118 118 135 135 118 189 19 118 19 135 118 189 189 19 118 118 188 151 151 188 19 188 189 19 19 135 188 135 188 189 151 188 19 188 189 189 151 188 135 188 19 151 189 135 151 135 151 188 135 135 135 118 118 188 19 135 118 188 19 188 19 151 118 19 135 189 135 188 188 135 188 188 118 19 151 19 189 118 189 189 19 189 19 135 19 19 151 135 188 189 19 151 188 19 151 189 189 151 151 151 151 118 189 135 188 151 188 118 118 188 118 189 118 118 151 188 189 19 189 189 188 151 135 151 151 188 135 188 118 189 189 189 19 19 188 151 135 188 151 151 19 19 19 118 189 188 189 135 189 151 151 151 135 135 135 19 189 19 151 19 135 189 118 188 151 188 189 188 188 118 189 135 151 189 135 118 19 19 118 189 135 135 189 151 19 135 189 118 151 151 118 189 188 19 135 189 188 189 19 135 135 135 19 189 189 118 135 188 19 135 189 118 118 188 19 135 19 118 189 188 135 188 188 189 19 151 188 19 135 189 19 19 188 151 135 118 151 189 19 189 151 151 188 189 118 135 118 151 135 135 19 118 151 19 118 135 189 151 151 19 118 188 188 151 188 188 189 188 135 188 188 189 189 151 118 188 151 188 19 189 135 188 135 189 189 135 151 151 188 135 135 188 188 19 188 118 188 118 188 19 151 19 188 118 188 151 135 118 188 118 189 188 151 135 19 118 19 188 189 188 188 118 189 118 189 19 19 118 118 189 118 189 118 188 151 151 118 135 188 135 188 135 118 151 118 188 118 188 151 135 188 135 19 118 189 118 189 118 118 151 151 19 188 189 118 189 189 189 135 189 135 118 188 118 151 118 189 118 189 19 189 135 188 118 151 189 151 135 135 188 189 19 188 189 135 189 151 189 188 19 189 189 188 135 151 189 188 118 189 118 118 151 188 118 188 188 151 118 118 19 151 189 118 19 188 118 19 19 135 135 135 19 188 19 151 188 189 189 189 135 135 19 188 188 135 118 135 19 19 19 19 151 151 151 151 19 118 188 118 188 118 118 151 188 118 118 189 189 118 151 135 151 19 188 151 135 19 19 189 118 189 19 19 135 189 118 118 151 189 118 19 118 189 135 135 118 118 135 19 19 135 135 188 135 135 135 151 151 135 188 189 189 151 151 188 135 135 151 189 118 19 188 189 118 19 135 188 135 189 151 135 135 151 189 118 189 151 135 189 189 151 189 135 189 19 188 135 19 188 188 135 188 151 135 118 188 19 135 135 135 135 188 135 19 151 151 151 189 135 19 151 19 188 118 118 151 189 135 189 118 189 189 118 188 151 151 135 188 135 19 135 135 19 151 135 189 188 188 19 19 19 135 19 189 151 118 188 118 135 188 151 19 151 189 189 135 118 188 135 135 189 135 189 188 151 151 188 188 188 118 19 188 151 151 118 135 188 151 188 118 151 19 188 151 118 118 19 135 118 188 189 151 19 19 151 19 19 151 189 19 135 188 188 19 189 118 151 151 118 19 188 19 189 135 189 151 188 118 189 189 135 189 19 118 135 189 189 19 19 118 151 118 118 188 19 151 19 151 189 188 151 135 135 188 151 118 151 118 135 135 189 19 151 19 151 118 19 19 135 135 188 19 118 19 19 135 19 118 135 151 19 118 189 189 118 135 19 151 135 189 188 118 151 135 151 189 118 135 188 118 135 19 188 151 188 151 151 19 188 19 135 189
92
105 68 105 143 105 143 68 105 68 143 143 105 105 105 143 105 68 68 68 143 143 68 105 105 105 105 105 143 105 143 143 143 68 105 105 143 105 143 68 143 143 68 143 143 105 68 143 143 105 143 105 105 68 105 105 68 68 143 105 68 105 68 105 105 68 68 143 68 68 105 68 105 143 68 143 68 143 105 143 143 68 143 143 105 143 143 105 68 143 143 68 143
170
200 200 200 200 200 200 200 200 200 200 200 200 200 200 200 200 200 200 200 200 200 200 200 200 200 200 200 200 200 200 200 200 200 200 200 200 200 200 200 200 200 200 200 200 200 200 200 200 200 200 200 200 200 200 200 200 200 200 200 200 200 200 200 200 200 200 200 200 200 200 200 200 200 200 200 200 200 200 200 200 200 200 200 200 200 200 200 200 200 200 200 200 200 200 200 200 200 200 200 200 200 200 200 200 200 200 200 200 200 200 200 200 200 200 200 200 200 200 200 200 200 200 200 200 200 200 200 200 200 200 200 200 200 200 200 200 200 200 200 200 200 200 200 200 200 200 200 200 200 200 200 200 200 200 200 200 200 200 200 200 200 200 200 200 200 200 200 200 200 200
423
200 200 200 200 200 200 200 200 200 200 200 200 200 200 200 200 200 200 200 200 200 200 200 200 200 200 200 200 200 200 200 200 200 200 200 200 200 200 200 200 200 200 200 200 200 200 200 200 200 200 200 200 200 200 200 200 200 200 200 200 200 200 200 200 200 200 200 200 200 200 200 200 200 200 200 200 200 200 200 200 200 200 200 200 200 200 200 200 200 200 200 200 200 200 200 200 200 200 200 200 200 200 200 200 200 200 200 200 200 200 200 200 200 200 200 200 200 200 200 200 200 200 200 200 200 200 200 200 200 200 200 200 200 200 200 200 200 200 200 200 200 200 200 200 200 200 200 200 200 200 200 200 200 200 200 200 200 200 200 200 200 200 200 200 200 200 200 200 200 200 200 200 200 200 200 200 200 200 200 200 200 200 200 200 200 200 200 200 200 200 200 200 200 200 200 200 200 200 200 200 200 200 200 200 200 200 200 200 200 200 200 200 200 200 200 200 200 200 200 200 200 200 200 200 200 200 200 200 200 200 200 200 200 200 200 200 200 200 200 200 200 200 200 200 200 200 200 200 200 200 200 200 200 200 200 200 200 200 200 200 200 200 200 200 200 200 200 200 200 200 200 200 200 200 200 200 200 200 200 200 200 200 200 200 200 200 200 200 200 200 200 200 200 200 200 200 200 200 200 200 200 200 200 200 200 200 200 200 200 200 200 200 200 200 200 200 200 200 200 200 200 200 200 200 200 200 200 200 200 200 200 200 200 200 200 200 200 200 200 200 200 200 200 200 200 200 200 200 200 200 200 200 200 200 200 200 200 200 200 200 200 200 200 200 200 200 200 200 200 200 200 200 200 200 200 200 200 200 200 200 200 200 200 200 200 200 200 200 200 200 200 200 200 200 200 200 200 200 200 200 200 200 200 200 200 200 200 200 200 200 200 200 200 200 200 200 200 200 200 200 200 200 200
1
0
370
176 86 49 83 54 72 137 60 1 174 129 30 120 40 155 165 102 130 180 133 162 126 56 106 117 102 117 194 88 40 77 50 14 82 51 4 169 107 82 40 117 115 159 51 172 180 57 134 123 128 127 85 65 34 151 132 28 109 125 68 76 33 77 200 89 102 141 63 195 188 93 118 185 100 118 54 105 15 30 20 8 41 140 160 51 146 14 62 131 75 180 86 136 142 48 150 75 153 193 199 139 146 27 70 61 163 49 97 185 196 76 100 183 13 174 25 148 85 170 68 188 177 44 36 111 181 28 76 168 82 79 186 166 168 27 191 99 77 60 115 26 14 82 134 115 105 162 125 124 83 139 47 132 183 106 37 187 114 179 102 88 180 15 27 164 72 29 2 146 69 38 157 198 133 154 29 104 12 75 89 171 176 46 49 68 54 104 7 25 90 107 44 153 154 192 193 119 195 17 19 152 120 130 23 194 74 41 196 124 159 71 174 15 109 39 169 104 148 125 107 105 96 87 154 26 176 175 195 105 100 185 8 112 76 40 175 70 122 118 95 74 178 163 25 116 164 178 184 169 193 135 93 164 55 172 14 200 73 133 50 117 73 185 165 101 48 19 13 110 147 102 124 105 172 95 117 184 163 156 3 134 198 139 11 4 117 162 58 46 52 174 32 161 179 51 185 147 198 161 52 198 167 76 116 156 38 31 66 112 138 175 10 7 25 14 170 198 41 121 38 122 82 71 74 16 173 112 163 90 130 101 128 119 167 132 44 152 189 111 72 188 134 63 189 199 37 73 141 190 113 60 193 105 181 41 188 147 158 173 76 20 22 131 4 47 4 194 163 119 35
763
72 127 145 11 84 89 151 84 9 147 9 140 106 138 133 17 161 191 2 89 143 125 65 59 135 104 144 37 88 68 190 146 91 7 117 153 85 71 45 178 6 177 132 180 105 59 22 26 168 74 96 85 46 42 195 76 98 178 46 178 197 127 58 41 51 8 145 194 188 190 13 156 95 186 22 111 124 39 98 166 150 193 154 34 162 10 196 194 160 14 130 125 134 27 194 90 6 16 38 136 76 57 36 156 134 8 56 108 185 133 158 101 119 180 40 78 164 167 24 171 170 192 70 3 51 141 148 53 48 164 111 192 135 10 142 122 18 39 49 107 131 16 23 127 102 175 14 154 139 138 178 116 23 188 192 63 28 67 126 38 161 197 55 90 48 93 75 185 157 70 31 20 141 169 40 37 125 94 4 43 24 150 51 33 128 197 51 92 1 89 49 2 98 61 80 90 107 166 123 94 27 195 57 144 116 18 196 2 41 50 54 176 158 177 143 79 118 97 128 200 51 160 95 86 23 25 78 123 0 111 8 136 76 148 17 75 71 47 177 127 165 138 102 190 29 38 110 102 169 78 147 141 150 142 92 22 183 74 20 130 105 123 89 105 34 75 12 17 167 178 28 183 114 61 21 39 139 128 176 126 45 59 160 168 119 125 146 138 78 163 197 10 31 147 107 165 88 157 159 173 107 154 8 78 142 56 155 100 51 75 134 27 15 145 168 150 188 45 153 24 89 81 78 107 116 100 191 49 97 0 100 142 21 134 170 80 29 121 17 73 86 86 140 164 149 176 145 121 169 167 15 191 126 95 128 104 8 1 140 161 51 146 122 105 137 80 88 137 199 158 139 96 155 77 36 54 52 23 33 63 149 181 162 137 176 29 190 188 189 3 44 94 152 108 82 13 102 100 18 63 14 152 185 114 18 124 179 65 182 74 42 193 129 7 199 175 103 15 138 10 59 161 119 127 56 120 25 47 138 184 163 85 71 31 143 146 81 138 0 75 16 24 186 68 188 66 25 79 91 140 64 62 85 37 108 101 30 193 28 18 118 5 185 152 130 80 92 159 184 49 43 179 157 97 171 176 150 64 74 104 151 200 166 165 117 118 161 117 5 148 20 50 107 180 92 19 164 115 104 68 97 145 35 25 82 109 118 157 125 132 95 144 161 28 86 79 164 120 110 107 147 180 56 154 199 147 17 120 33 137 31 117 25 67 192 46 121 96 69 178 193 147 23 185 117 11 84 26 63 171 140 18 124 167 126 55 17 5 153 139 188 170 69 60 150 5 7 174 57 187 103 36 6 78 160 134 193 176 157 88 67 68 62 161 2 48 3 166 119 66 95 125 71 198 129 30 195 176 181 29 111 109 44 160 93 165 47 6 27 81 16 110 82 152 189 142 7 5 95 101 82 2 157 25 13 100 69 4 88 14 197 120 144 151 115 116 182 110 199 129 0 27 22 41 154 188 130 93 133 19 83 24 144 99 194 80 23 57 13 100 37 161 162 6 12 132 191 30 150 101 159 12 17 138 35 63 26 143 156 176 196 172 48 99 23 13 103 193 195 178 13 56 161 179 198 118 33 133 32 21 196 160 4 43 74 75 29 132 19 112 149 12 30 157 175 82 166 157 182 49 50 163 33 5 120 81 68 47 58 164 129 12 10 167 176 103 40 38 129 110 25 42 128 106 7 143 23 13 96 172 29 18 102 135 187 71 189 45 14 31 88 48 151
795
20 3 17 11 189 12 1 9 20 17 8 13 16 8 18 179 7 20 18 18 15 0 161 157 158 2 9 10 11 10 13 171 2 17 16 6 5 164 179 177 2 20 2 12 4 1 19 12 189 18 2 14 193 8 19 7 6 164 20 9 11 150 7 13 2 5 19 13 4 19 1 16 8 8 17 10 10 11 158 10 187 155 20 10 10 19 11 2 16 12 11 177 11 0 18 5 7 165 1 16 13 190 1 163 2 6 17 14 167 18 9 20 11 7 20 13 13 20 9 18 7 175 163 15 6 6 12 14 3 13 8 7 15 154 160 160 7 168 6 14 0 150 9 171 16 16 6 182 10 16 9 2 4 2 7 2 11 4 15 153 16 6 0 170 7 157 17 2 13 7 11 12 180 159 9 16 18 10 20 19 1 188 15 10 16 16 165 14 162 12 6 3 16 3 18 9 10 15 14 12 13 9 13 11 19 6 153 19 0 20 18 9 18 4 191 6 19 164 19 15 164 189 14 6 6 8 2 196 5 15 0 12 174 197 7 169 157 176 1 0 169 0 2 7 2 1 16 151 14 20 12 8 9 150 6 195 156 20 11 9 5 16 18 5 19 6 9 11 7 0 10 18 1 4 19 15 9 179 0 167 11 153 6 1 154 199 184 9 11 7 8 17 18 198 1 15 161 8 12 5 20 10 8 6 161 10 171 13 13 154 18 2 19 3 0 12 6 12 17 19 14 7 16 1 1 190 13 0 8 20 20 200 18 5 7 1 198 2 6 163 9 1 171 3 10 176 153 174 196 16 0 169 17 152 8 18 154 8 6 15 182 152 163 181 5 7 10 16 185 8 9 192 5 2 1 184 12 0 11 7 198 20 6 4 9 8 195 16 179 2 1 0 0 14 2 18 17 13 4 6 155 14 13 15 14 6 10 12 2 191 0 8 0 11 15 7 17 7 176 15 172 19 5 19 18 13 17 1 16 19 5 167 1 9 2 14 13 8 0 17 156 153 5 6 0 1 12 178 16 176 9 159 187 193 15 151 152 17 3 20 0 5 18 14 19 177 1 13 4 9 17 20 195 8 159 173 16 14 194 167 19 5 16 172 3 173 8 4 192 3 18 14 10 12 182 8 3 189 17 9 1 5 0 19 5 10 19 167 3 1 1 11 12 0 11 5 6 7 9 158 11 17 16 10 150 14 0 11 199 6 9 1 169 16 167 4 178 167 8 2 9 6 11 13 18 183 4 13 10 5 182 12 17 4 185 0 158 3 16 4 15 20 193 18 9 156 4 190 8 192 173 6 5 158 13 2 14 11 8 9 20 20 18 190 154 17 7 6 7 8 10 11 18 164 19 16 3 18 16 8 191 4 8 0 10 7 5 18 10 6 169 0 9 4 0 198 183 0 11 1 2 16 1 155 159 20 3 185 15 2 6 1 8 16 18 190 178 7 12 0 6 172 17 198 0 3 167 20 182 17 1 7 15 164 12 14 6 171 6 5 14 5 10 8 179 11 14 12 18 13 3 5 1 9 20 9 169 13 13 151 20 180 5 5 10 12 3 16 16 9 19 0 7 2 6 15 7 181 16 12 16 165 11 1 9 166 6 161 2 10 2 180 14 2 152 19 163 17 20 12 17 17 176 168 2 12 9 198 17 16 7 10 11 200 9 150 18 5 4 12 181 12 6 19 15 0 13 10 18 7 7 7 170 15 12 0 12 187 170 11 10 14 175 197 16 11 4 1 192 17 17 11 15 164 2 15 185 161 11 15 16 10 12 19 3 4 8 14 9 8 2 17 18 6 15
660
200 200 200 200 200 200 200 200 200 200 200 200 200 200 200 200 200 200 200 200 200 200 200 200 200 200 200 200 200 200 200 200 200 200 200 200 200 200 200 200 200 200 200 200 200 200 200 200 200 200 200 200 200 200 200 200 200 200 200 200 200 200 200 200 200 200 200 200 200 200 200 200 200 200 200 200 200 200 200 200 200 200 200 200 200 200 200 200 200 200 200 200 200 200 200 200 200 200 200 200 200 200 200 200 200 200 200 200 200 200 200 200 200 200 200 200 200 200 200 200 200 200 200 200 200 200 200 200 200 200 200 200 200 200 200 200 200 200 200 200 200 200 200 200 200 200 200 200 200 200 200 200 200 200 200 200 200 200 200 200 200 200 200 200 200 200 200 200 200 200 200 200 200 200 200 200 200 200 200 200 200 200 200 200 200 200 200 200 200 200 200 200 200 200 200 200 200 200 200 200 200 200 200 200 200 200 200 200 200 200 200 200 200 200 200 200 200 200 200 200 200 200 200 200 200 200 200 200 200 200 200 200 200 200 200 200 200 200 200 200 200 200 200 200 200 200 200 200 200 200 200 200 200 200 200 200 200 200 200 200 200 200 200 200 200 200 200 200 200 200 200 200 200 200 200 200 200 200 200 200 200 200 200 200 200 200 200 200 200 200 200 200 200 200 200 200 200 200 200 200 200 200 200 200 200 200 200 200 200 200 200 200 200 200 200 200 200 200 200 200 200 200 200 200 200 200 200 200 200 200 200 200 200 200 200 200 200 200 200 200 200 200 200 200 200 200 200 200 200 200 200 200 200 200 200 200 200 200 200 200 200 200 200 200 200 200 200 200 200 200 200 200 200 200 200 200 200 200 200 200 200 200 200 200 200 200 200 200 200 200 200 200 200 200 200 200 200 200 200 200 200 200 200 200 200 200 200 200 200 200 200 200 200 200 200 200 200 200 200 200 200 200 200 200 200 200 200 200 200 200 200 200 200 200 200 200 200 200 200 200 200 200 200 200 200 200 200 200 200 200 200 200 200 200 200 200 200 200 200 200 200 200 200 200 200 200 200 200 200 200 200 200 200 200 200 200 200 200 200 200 200 200 200 200 200 200 200 200 200 200 200 200 200 200 200 200 200 200 200 200 200 200 200 200 200 200 200 200 200 200 200 200 200 200 200 200 200 200 200 200 200 200 200 200 200 200 200 200 200 200 200 200 200 200 200 200 200 200 200 200 200 200 200 200 200 200 200 200 200 200 200 200 200 200 200 200 200 200 200 200 200 200 200 200 200 200 200 200 200 200 200 200 200 200 200 200 200 200 200 200 200 200 200 200 200 200 200 200 200 200 200 200 200 200 200 200 200 200 200 200 200 200 200 200 200 200 200 200 200 200 200 200 200 200 200 200 200 200 200 200 200 200 200 200 200 200 200 200 200 200 200 200 200 200 200 200 200 200 200 200 200 200 200 200 200 200 200 200 200 200 200 200 200 200 200 200 200 200 200 200
117
200 200 200 200 200 200 200 200 200 200 200 200 200 200 200 200 200 200 200 200 200 200 200 200 200 200 200 200 200 200 200 200 200 200 200 200 200 200 200 200 200 200 200 200 200 200 200 200 200 200 200 200 200 200 200 200 200 200 200 200 200 200 200 200 200 200 200 200 200 200 200 200 200 200 200 200 200 200 200 200 200 200 200 200 200 200 200 200 200 200 200 200 200 200 200 200 200 200 200 200 200 200 200 200 200 200 200 200 200 200 200 200 200 200 200 200 200
463
0 200 96 105 108 70 95 116 64 66 100 89 74 117 93 63 110 92 50 64 56 93 107 73 81 53 52 99 50 99 57 110 107 72 68 115 115 114 82 88 50 118 52 119 113 119 96 73 52 83 72 92 113 74 77 78 71 54 86 120 91 65 94 75 102 119 79 87 52 84 104 63 96 120 105 53 57 75 61 80 84 88 114 55 98 75 72 102 107 98 73 61 102 95 78 84 97 66 51 79 120 106 61 68 105 102 73 74 85 100 77 64 119 94 88 54 87 108 50 117 110 94 61 116 104 115 78 74 111 91 71 99 76 99 57 65 83 112 75 57 100 103 90 99 91 59 51 89 51 50 109 117 68 101 114 64 57 81 108 75 58 72 96 85 107 60 87 59 52 112 118 94 64 111 116 98 81 57 77 86 63 99 76 68 107 118 50 85 116 66 105 53 84 75 120 70 109 64 92 87 89 96 83 118 98 55 113 102 74 72 82 53 72 72 53 78 85 74 96 60 74 59 51 82 55 60 117 117 61 116 58 112 68 51 90 107 80 110 60 70 69 81 89 65 88 64 99 104 66 66 90 62 57 52 64 62 88 68 64 78 79 83 86 79 77 79 71 93 117 89 62 71 67 61 90 60 108 105 52 98 93 114 68 69 77 104 64 54 53 71 70 62 99 71 81 88 62 88 73 107 119 52 101 51 52 104 104 113 82 98 67 114 95 92 69 103 68 120 75 94 85 75 99 71 56 102 74 63 91 87 101 97 70 112 117 115 85 109 106 81 62 52 97 109 94 75 96 75 100 65 82 58 104 115 70 64 80 92 54 73 96 76 106 108 70 110 91 96 115 109 70 118 107 92 101 65 85 79 110 59 74 95 74 119 103 104 52 90 87 95 94 66 89 70 72 50 115 120 92 99 76 63 78 109 80 97 79 67 83 60 63 100 113 77 53 63 87 50 102 108 83 51 70 90 67 50 75 60 91 104 115 108 83 110 88 118 54 77 84 91 98 74 102 99 102 55 86 93 61 97 75 72 90 57 111 97 52 96 75 94 76 99 200
489
14 6 16 11 155 3 19 15 154 17 3 182 3 159 194 12 18 17 10 159 2 10 11 0 5 157 3 9 6 17 15 2 7 10 199 14 9 180 4 19 1 0 151 5 1 10 2 6 11 6 2 18 18 9 19 6 1 13 15 150 20 0 9 5 196 8 16 20 154 20 16 15 6 1 20 4 0 11 2 20 17 1 6 170 187 10 4 5 196 199 193 0 2 20 4 18 153 6 20 5 8 6 19 8 12 8 3 6 161 193 4 4 18 1 17 12 16 18 16 17 14 3 11 174 175 4 14 7 6 14 184 4 14 178 16 8 14 178 194 4 16 1 13 171 15 3 179 16 4 20 13 154 172 197 10 16 17 8 13 7 4 12 19 15 15 10 174 8 9 11 6 16 4 19 173 175 6 13 19 5 4 7 7 1 4 0 165 15 1 20 6 14 0 5 191 18 1 3 158 179 15 15 10 179 15 12 14 16 3 14 184 10 1 2 20 14 20 19 12 18 17 8 11 2 4 16 14 19 179 3 4 155 14 172 17 174 166 178 14 19 4 17 3 2 17 10 15 15 11 7 155 19 2 10 163 197 6 170 18 7 13 9 11 10 3 0 8 4 16 13 195 12 160 7 5 17 4 2 7 16 194 181 7 7 12 15 164 7 12 11 6 12 170 0 155 0 157 12 153 18 151 171 186 15 6 10 3 13 4 171 7 3 5 11 19 1 13 5 3 5 2 14 6 10 19 13 152 13 178 0 0 1 3 4 174 1 17 3 174 159 1 15 4 185 15 6 1 1 2 3 2 10 12 5 20 5 2 20 20 18 8 152 7 2 6 4 0 6 1 10 3 11 7 10 16 4 3 187 17 14 1 1 0 158 17 2 9 17 16 19 5 14 7 18 11 170 8 7 10 3 0 3 13 12 16 1 198 164 18 1 7 0 2 0 13 5 2 10 20 19 12 12 178 3 3 4 171 16 190 165 165 12 9 12 15 11 162 6 10 8 16 18 16 13 189 18 18 5 9 10 19 13 17 16 14 6 10 3 16 5 157 9 1 9 165 11 18 11 2 12 19 11 16 181 14 11 3 187 20 9 11 192 169 10 2 5 192 200 3
692
0 0 0 0 0 0 0 0 0 0 0 0 0 0 0 0 0 0 0 0 0 0 0 0 0 0 0 0 0 0 0 0 0 0 0 0 0 0 0 0 0 0 0 0 0 0 0 0 0 0 0 0 0 0 0 0 0 0 0 0 0 0 0 0 0 0 0 0 0 0 0 0 0 0 0 0 0 0 0 0 0 0 0 0 0 0 0 0 0 0 0 0 0 0 0 0 0 0 0 0 0 0 0 0 0 0 0 0 0 0 0 0 0 0 0 0 0 0 0 0 0 0 0 0 0 0 0 0 0 0 0 0 0 0 0 0 0 0 0 0 0 0 0 0 0 0 0 0 0 0 0 0 0 0 0 0 0 0 0 0 0 0 0 0 0 0 0 0 0 0 0 0 0 0 0 0 0 0 0 0 0 0 0 0 0 0 0 0 0 0 0 0 0 0 0 0 0 0 0 0 0 0 0 0 0 0 0 0 0 0 0 0 0 0 0 0 0 0 0 0 0 0 0 0 0 0 0 0 0 0 0 0 0 0 0 0 0 0 0 0 0 0 0 0 0 0 0 0 0 0 0 0 0 0 0 0 0 0 0 0 0 0 0 0 0 0 0 0 0 0 0 0 0 0 0 0 0 0 0 0 0 0 0 0 0 0 0 0 0 0 0 0 0 0 0 0 0 0 0 0 0 0 0 0 0 0 0 0 0 0 0 0 0 0 0 0 0 0 0 0 0 0 0 0 0 0 0 0 0 0 0 0 0 0 0 0 0 0 0 0 0 0 0 0 0 0 0 0 0 0 0 0 0 0 0 0 0 0 0 0 0 0 0 0 0 0 0 0 0 0 0 0 0 0 0 0 0 0 0 0 0 0 0 0 0 0 0 0 0 0 0 0 0 0 0 0 0 0 0 0 0 0 0 0 0 0 0 0 0 0 0 0 0 0 0 0 0 0 0 0 0 0 0 0 0 0 0 0 0 0 0 0 0 0 0 0 0 0 0 0 0 0 0 0 0 0 0 0 0 0 0 0 0 0 0 0 0 0 0 0 0 0 0 0 0 0 0 0 0 0 0 0 0 0 0 0 0 0 0 0 0 0 0 0 0 0 0 0 0 0 0 0 0 0 0 0 0 0 0 0 0 0 0 0 0 0 0 0 0 0 0 0 0 0 0 0 0 0 0 0 0 0 0 0 0 0 0 0 0 0 0 0 0 0 0 0 0 0 0 0 0 0 0 0 0 0 0 0 0 0 0 0 0 0 0 0 0 0 0 0 0 0 0 0 0 0 0 0 0 0 0 0 0 0 0 0 0 0 0 0 0 0 0 0 0 0 0 0 0 0 0 0 0 0 0 0 0 0 0 0 0 0 0 0 0 0 0 0 0 0 0 0 0 0 0 0 0 0 0 0 0 0 0 0 0 0 0 0 0 0 0 0 0 0 0 0 0 0 0 0 0 0 0 0 0 0 0 0 0 0 0 0 0 0 0 0 0 0 0 0 0 0 0 0 0 0 0 0 0 0 0 0 0 0 0 0 0 0 0 0 0 0 0 0 0 0 0 0 0 0 0 0
957
142 137 26 53 197 70 39 46 197 1 27 101 157 37 161 44 192 11 35 95 132 19 10 135 48 181 115 40 91 61 60 103 89 142 170 179 114 179 95 190 69 49 108 9 81 94 136 102 91 125 159 191 187 97 111 148 199 64 166 0 68 140 131 199 142 182 134 71 157 146 28 74 177 198 88 36 183 162 175 103 117 175 139 197 164 159 172 103 159 152 186 33 141 72 144 59 151 116 95 15 12 135 138 174 194 128 139 140 0 187 199 195 53 20 5 19 143 84 172 113 38 37 81 53 36 36 86 102 157 198 10 118 115 11 183 152 198 8 151 113 6 109 86 16 172 119 106 197 187 177 9 45 52 199 138 188 55 12 6 37 153 138 125 51 35 84 14 178 191 145 123 102 14 1 42 158 74 134 173 77 164 159 156 100 120 75 93 168 184 152 80 67 30 101 44 110 146 149 134 197 167 146 2 70 182 143 176 56 165 138 143 120 163 56 149 28 19 109 16 144 177 30 18 117 165 75 158 4 191 112 165 20 79 159 16 182 186 155 65 76 129 185 139 178 64 38 26 40 93 190 140 151 59 70 74 15 58 96 77 28 165 161 124 100 20 59 157 87 36 189 159 10 176 101 188 177 162 179 195 185 199 77 91 166 181 199 92 196 113 48 5 175 130 41 75 57 174 173 69 68 32 180 183 55 136 145 102 161 98 124 159 150 93 35 98 111 9 16 54 51 3 86 114 58 112 184 40 60 146 123 118 13 74 41 82 134 63 183 64 139 112 19 129 82 169 130 50 35 73 1 148 2 65 65 183 37 91 134 38 61 93 64 151 174 117 4 92 79 55 168 58 194 121 135 78 110 90 105 127 23 60 87 177 124 171 171 188 172 131 134 74 37 84 153 195 167 147 152 67 87 23 197 39 37 121 179 186 152 163 133 40 96 19 57 69 116 46 21 95 170 185 41 157 73 90 33 196 142 177 103 3 88 52 135 185 115 100 82 131 188 166 47 182 12 76 196 43 170 76 104 74 27 138 101 105 113 9 167 143 121 65 60 84 7 66 172 137 81 162 198 58 125 50 135 104 14 39 160 33 102 171 68 116 81 145 112 42 44 33 51 143 54 160 62 99 65 2 167 40 52 132 31 38 40 98 146 66 108 44 130 39 145 157 17 178 122 26 11 129 92 168 154 169 81 99 84 135 149 10 14 159 164 96 66 31 104 33 4 64 167 113 134 85 113 95 43 15 63 196 30 161 149 142 195 125 163 13 79 55 93 56 63 56 27 107 151 31 115 89 131 105 136 3 118 125 113 192 174 111 147 191 28 172 107 35 4 125 41 94 74 167 5 170 104 62 193 123 195 46 21 125 73 102 11 61 66 193 84 198 183 112 50 102 64 158 98 119 58 68 194 119 152 19 156 36 111 27 6 60 193 1 167 6 69 192 101 175 109 98 174 90 197 17 87 55 133 72 55 105 156 54 165 78 45 183 49 184 52 39 108 102 65 44 142 14 106 188 106 57 29 190 57 92 32 54 23 30 133 129 30 36 81 180 131 96 62 97 88 66 9 136 198 73 25 169 159 84 25 158 96 94 100 194 165 92 183 91 158 180 39 118 169 95 184 197 169 163 164 156 113 181 164 183 37 36 150 62 105 0 153 193 148 23 197 67 15 70 91 62 154 86 154 124 120 195 39 179 58 29 158 15 196 168 152 6 3 196 18 183 82 193 12 168 174 16 60 43 189 196 32 193 130 153 52 75 75 70 19 147 0 92 36 141 38 20 128 72 151 6 91 169 55 25 157 42 25 157 137 194 170 14 160 200 123 27 160 90 6 66 64 72 14 140 185 192 25 37 173 25 147 177 146 95 26 51 13 34 158 60 0 158 30 178 180 138 147 115 133 72 61 160 144 145 28 85 127 24 152 153 170 158 149 175 40 129 7 49 174 128 91 145 106 3 110 161 192 46 164 199 42 96 58 91 86 200 110 24 70 66 88 85 104 63 187 39 56 160 184 110 82 117 28 199 177 68 199 35 48 9 15 140 162 49 25 173 150 115 189 67 128 70 23 175 83 182 7 79 73 40 133 71 70 70 98 139 72 154 108 152 101 149 135 61 186 93 142 29 149 112 111 155 160 28 23 165 90 195 74 200 180 42 3 175 148 89 27 78
555
0 0 0 0 0 0 0 0 0 0 0 0 0 0 0 0 0 0 0 0 0 0 0 0 0 0 0 0 0 0 0 0 0 0 0 0 0 0 0 0 0 0 0 0 0 0 0 0 0 0 0 0 0 0 0 0 0 0 0 0 0 0 0 0 0 0 0 0 0 0 0 0 0 0 0 0 0 0 0 0 0 0 0 0 0 0 0 0 0 0 0 0 0 0 0 0 0 0 0 0 0 0 0 0 0 0 0 0 0 0 0 0 0 0 0 0 0 0 0 0 0 0 0 0 0 0 0 0 0 0 0 0 0 0 0 0 0 0 0 0 0 0 0 0 0 0 0 0 0 0 0 0 0 0 0 0 0 0 0 0 0 0 0 0 0 0 0 0 0 0 0 0 0 0 0 0 0 0 0 0 0 0 0 0 0 0 0 0 0 0 0 0 0 0 0 0 0 0 0 0 0 0 0 0 0 0 0 0 0 0 0 0 0 0 0 0 0 0 0 0 0 0 0 0 0 0 0 0 0 0 0 0 0 0 0 0 0 0 0 0 0 0 0 0 0 0 0 0 0 0 0 0 0 0 0 0 0 0 0 0 0 0 0 0 0 0 0 0 0 0 0 0 0 0 0 0 0 0 0 0 0 0 0 0 0 0 0 0 0 0 0 0 0 0 0 0 0 0 0 0 0 0 0 0 0 0 0 0 0 0 0 0 0 0 0 0 0 0 0 0 0 0 0 0 0 0 0 0 0 0 0 0 0 0 0 0 0 0 0 0 0 0 0 0 0 0 0 0 0 0 0 0 0 0 0 0 0 0 0 0 0 0 0 0 0 0 0 0 0 0 0 0 0 0 0 0 0 0 0 0 0 0 0 0 0 0 0 0 0 0 0 0 0 0 0 0 0 0 0 0 0 0 0 0 0 0 0 0 0 0 0 0 0 0 0 0 0 0 0 0 0 0 0 0 0 0 0 0 0 0 0 0 0 0 0 0 0 0 0 0 0 0 0 0 0 0 0 0 0 0 0 0 0 0 0 0 0 0 0 0 0 0 0 0 0 0 0 0 0 0 0 0 0 0 0 0 0 0 0 0 0 0 0 0 0 0 0 0 0 0 0 0 0 0 0 0 0 0 0 0 0 0 0 0 0 0 0 0 0 0 0 0 0 0 0 0 0 0 0 0 0 0 0 0 0 0 0 0 0 0 0 0 0 0 0 0 0 0 0 0 0 0 0 0 0 0 0 0 0 0 0 0 0 0 0
689
0 0 0 0 0 0 0 0 0 0 0 0 0 0 0 0 0 0 0 0 0 0 0 0 0 0 0 0 0 0 0 0 0 0 0 0 0 0 0 0 0 0 0 0 0 0 0 0 0 0 0 0 0 0 0 0 0 0 0 0 0 0 0 0 0 0 0 0 0 0 0 0 0 0 0 0 0 0 0 0 0 0 0 0 0 0 0 0 0 0 0 0 0 0 0 0 0 0 0 0 0 0 0 0 0 0 0 0 0 0 0 0 0 0 0 0 0 0 0 0 0 0 0 0 0 0 0 0 0 0 0 0 0 0 0 0 0 0 0 0 0 0 0 0 0 0 0 0 0 0 0 0 0 0 0 0 0 0 0 0 0 0 0 0 0 0 0 0 0 0 0 0 0 0 0 0 0 0 0 0 0 0 0 0 0 0 0 0 0 0 0 0 0 0 0 0 0 0 0 0 0 0 0 0 0 0 0 0 0 0 0 0 0 0 0 0 0 0 0 0 0 0 0 0 0 0 0 0 0 0 0 0 0 0 0 0 0 0 0 0 0 0 0 0 0 0 0 0 0 0 0 0 0 0 0 0 0 0 0 0 0 0 0 0 0 0 0 0 0 0 0 0 0 0 0 0 0 0 0 0 0 0 0 0 0 0 0 0 0 0 0 0 0 0 0 0 0 0 0 0 0 0 0 0 0 0 0 0 0 0 0 0 0 0 0 0 0 0 0 0 0 0 0 0 0 0 0 0 0 0 0 0 0 0 0 0 0 0 0 0 0 0 0 0 0 0 0 0 0 0 0 0 0 0 0 0 0 0 0 0 0 0 0 0 0 0 0 0 0 0 0 0 0 0 0 0 0 0 0 0 0 0 0 0 0 0 0 0 0 0 0 0 0 0 0 0 0 0 0 0 0 0 0 0 0 0 0 0 0 0 0 0 0 0 0 0 0 0 0 0 0 0 0 0 0 0 0 0 0 0 0 0 0 0 0 0 0 0 0 0 0 0 0 0 0 0 0 0 0 0 0 0 0 0 0 0 0 0 0 0 0 0 0 0 0 0 0 0 0 0 0 0 0 0 0 0 0 0 0 0 0 0 0 0 0 0 0 0 0 0 0 0 0 0 0 0 0 0 0 0 0 0 0 0 0 0 0 0 0 0 0 0 0 0 0 0 0 0 0 0 0 0 0 0 0 0 0 0 0 0 0 0 0 0 0 0 0 0 0 0 0 0 0 0 0 0 0 0 0 0 0 0 0 0 0 0 0 0 0 0 0 0 0 0 0 0 0 0 0 0 0 0 0 0 0 0 0 0 0 0 0 0 0 0 0 0 0 0 0 0 0 0 0 0 0 0 0 0 0 0 0 0 0 0 0 0 0 0 0 0 0 0 0 0 0 0 0 0 0 0 0 0 0 0 0 0 0 0 0 0 0 0 0 0 0 0 0 0 0 0 0 0 0 0 0 0 0 0 0 0 0 0 0 0 0 0 0 0 0 0 0 0 0 0 0 0 0 0 0 0 0 0 0 0 0 0 0 0 0 0 0 0 0 0 0 0 0 0 0
508
16 7 0 10 9 16 12 8 0 6 15 4 1 5 7 12 9 19 20 8 16 8 15 10 4 5 11 6 13 11 3 13 12 9 20 1 1 1 13 3 2 8 15 6 20 14 7 3 19 10 7 4 19 11 16 5 13 8 5 11 8 2 10 1 17 10 11 5 17 18 3 7 8 8 14 1 18 17 5 8 3 10 12 4 19 8 13 20 20 2 20 7 17 12 8 6 1 3 16 8 4 10 19 15 5 1 5 5 14 13 3 1 0 8 17 0 9 7 15 5 18 11 17 9 7 1 16 13 2 8 5 11 4 3 16 7 18 4 0 7 16 11 13 5 2 4 6 11 4 3 7 18 0 13 19 2 16 20 7 13 15 13 3 8 3 2 11 0 0 4 1 17 11 13 0 7 12 9 13 3 7 8 3 18 15 7 19 8 9 5 7 5 18 5 2 20 1 8 12 8 14 10 9 12 19 12 8 5 7 0 1 9 10 13 3 7 8 5 15 3 6 18 0 20 3 20 3 11 17 1 4 4 18 13 20 6 5 3 18 12 6 8 12 20 19 18 5 7 13 13 19 20 13 15 3 1 16 20 0 12 2 12 2 11 6 16 18 3 13 18 10 5 17 9 12 20 3 15 14 20 1 11 2 7 16 12 8 6 2 14 17 15 5 20 8 13 0 13 7 3 18 1 10 0 10 18 15 10 16 4 8 0 11 18 15 8 3 11 7 11 16 18 19 5 9 13 20 11 16 3 13 2 17 8 5 3 4 8 3 1 18 18 5 11 1 6 15 15 4 7 5 9 20 2 20 0 14 9 14 16 3 15 14 9 4 9 6 0 4 4 9 20 5 0 17 16 6 15 7 12 7 16 3 14 12 3 7 12 11 16 14 6 8 19 17 12 12 16 17 14 10 18 9 7 1 1 0 14 18 13 3 19 3 3 19 10 9 13 13 16 6 9 19 2 17 7 19 16 7 11 5 15 11 12 10 8 4 7 19 4 0 15 8 15 8 11 19 6 16 0 2 15 10 4 0 0 2 14 3 3 6 4 1 15 2 13 1 0 12 14 19 3 8 8 10 13 10 14 7 13 14 7 16 17 15 11 5 18 20 5 11 16 0 0 12 16 11 5 3 13 1 17 18 16 14 8 11 7
917
170 170 138 24 179 24 138 50 138 179 170 138 50 24 179 138 24 138 138 50 50 170 138 179 170 138 179 179 170 138 138 50 24 138 170 170 179 138 50 138 24 50 170 138 138 24 170 50 50 170 50 179 24 50 24 50 170 170 138 179 50 138 179 24 50 50 138 170 24 179 24 170 179 24 170 170 179 24 170 138 170 50 24 50 24 170 170 50 170 50 179 138 24 24 24 170 179 50 24 138 179 179 138 24 170 170 179 179 50 170 170 170 179 179 179 24 179 50 179 24 24 24 50 179 24 24 179 170 170 138 170 179 138 24 170 170 170 179 50 170 50 138 24 24 138 50 170 50 24 24 170 24 138 50 170 50 179 138 179 138 24 138 138 179 50 179 170 179 24 24 170 179 138 50 24 24 170 24 179 179 138 138 179 138 138 138 50 179 170 138 24 50 179 50 170 170 50 138 170 138 179 24 170 170 138 179 24 179 170 170 138 50 50 50 179 50 50 179 170 24 138 170 179 138 138 24 24 24 24 24 138 179 179 138 24 138 50 170 50 24 24 138 138 170 138 138 179 138 170 179 179 50 138 50 138 170 170 138 138 179 138 50 170 24 24 50 170 24 24 179 24 170 179 24 179 179 179 179 24 138 50 170 50 50 138 179 50 138 138 138 138 179 24 24 179 50 138 24 170 24 179 179 24 170 50 170 138 24 170 170 179 138 24 50 170 50 179 24 179 50 138 50 138 170 50 50 170 50 138 179 50 138 50 50 170 50 50 179 179 50 50 138 179 138 24 24 170 170 138 50 24 179 170 50 138 24 24 24 138 179 170 138 179 179 50 179 138 170 50 179 24 24 179 138 179 24 170 138 24 50 24 24 179 24 24 24 179 24 170 50 50 170 138 170 170 50 24 170 50 50 24 138 179 138 170 179 24 179 138 179 50 170 170 24 138 179 179 50 24 50 170 170 179 138 138 179 50 50 179 170 179 179 179 170 50 50 179 24 50 138 170 138 138 50 170 170 138 138 170 179 138 179 50 50 179 24 24 170 170 170 50 170 179 138 50 24 50 24 50 50 170 50 170 138 24 24 24 138 24 24 50 24 138 170 179 179 50 50 50 138 138 24 138 170 24 170 179 50 50 24 24 170 50 179 50 179 170 50 24 170 179 24 50 179 179 24 24 24 50 179 138 170 138 179 170 50 170 170 50 24 138 50 170 179 179 138 138 138 24 50 179 170 170 50 50 170 170 138 24 50 138 50 138 24 138 138 24 170 50 24 24 138 138 24 138 50 50 24 170 138 170 138 170 24 138 170 170 50 179 138 24 170 170 138 170 24 138 170 170 179 138 24 138 170 24 179 170 50 24 170 138 138 170 24 50 179 24 170 138 179 24 170 24 179 179 50 170 24 50 24 138 170 170 50 179 24 50 50 170 24 138 50 179 138 24 24 138 24 50 170 138 170 24 24 138 170 138 179 24 24 138 50 170 50 138 179 179 138 170 170 138 50 170 138 50 179 138 138 24 170 170 24 50 138 138 138 24 50 24 138 138 138 138 170 24 50 138 50 179 179 170 138 170 170 170 170 170 138 24 24 50 138 170 179 138 24 179 179 24 24 50 138 50 170 50 24 138 24 50 24 179 170 179 138 138 50 170 50 50 138 138 24 138 170 170 170 179 179 24 50 170 179 24 179 138 24 179 170 179 138 179 179 24 50 138 179 50 179 24 24 170 24 50 24 50 24 50 138 170 170 24 24 138 179 138 50 179 179 138 50 138 24 50 170 24 50 24 50 138 179 170 50 170 50 50 179 179 179 170 138 179 179 50 170 24 24 24 24 24 138 170 24 138 179 138 138 138 170 179 179 24 179 24 170 138 170 138 138 170 24 24 24 138 170 170 138 24 138 179 170 24 50 50 179 24 170 50 138 24 179 24 170 179 138 50 50 24 179 50 50 24 179 50 179 170 138 170 170 138 170 179 50 138 179 24 170 179 170 138 50 179 50 50 138 179 50 170 179 179 50 179 179 50 179 170 179 50 179 170 170 170 179 170 170 170 179 170 170 50 138 179 24 24 170 50 170 50
391
0 200 119 57 60 80 75 106 106 71 57 70 111 104 74 117 79 84 114 52 51 103 111 63 110 66 97 56 112 109 72 114 88 120 73 117 77 109 56 86 96 62 106 69 53 110 62 95 58 116 75 92 76 91 63 71 95 117 100 109 103 82 109 103 67 77 95 106 63 84 59 87 63 85 72 103 117 99 87 68 93 79 117 86 89 83 115 76 93 95 107 60 79 51 96 95 102 98 114 76 55 59 55 63 68 119 96 72 106 91 60 91 107 100 57 118 50 59 108 50 105 93 89 96 96 116 81 77 77 118 86 113 108 92 73 64 84 74 78 72 101 56 97 79 61 92 80 86 79 104 54 70 50 50 50 71 114 62 120 116 52 113 80 97 86 101 75 112 52 112 105 76 78 95 62 93 95 88 85 107 88 97 112 108 73 114 71 64 53 117 116 119 77 91 72 94 120 116 75 87 111 114 90 58 53 101 120 60 58 64 109 86 86 79 56 73 109 104 117 114 79 69 83 90 60 66 101 71 53 92 107 101 96 97 104 87 94 104 77 116 77 67 93 55 55 89 114 53 95 100 74 95 99 70 104 120 61 91 69 99 60 91 115 63 72 105 53 110 104 77 96 115 80 112 104 90 85 68 80 96 77 90 55 54 89 97 86 56 102 53 108 100 80 53 63 50 93 85 88 111 109 79 63 54 120 66 77 91 63 97 104 103 89 91 108 96 112 81 55 85 96 98 109 93 108 52 79 118 66 68 70 117 71 67 117 68 71 66 79 53 87 89 56 54 112 65 113 84 63 78 112 90 100 65 52 87 98 84 118 90 116 111 110 86 101 61 54 52 56 120 84 111 106 116 83 73 108 64 70 66 52 104 66 97 101 102 88 119 114 107 200
946
9 14 3 20 4 2 6 0 9 17 7 7 5 0 4 13 2 7 3 6 10 20 20 6 3 11 16 17 18 5 9 9 19 17 9 10 18 1 3 17 5 5 2 15 16 0 9 8 8 16 12 19 15 16 10 19 17 16 5 14 16 1 12 0 9 12 2 13 16 15 10 10 1 10 14 2 3 1 11 6 19 17 4 10 15 18 9 0 0 0 3 20 2 19 16 20 19 4 1 16 13 2 15 19 18 17 17 20 4 17 11 9 5 16 1 13 6 1 14 18 1 12 7 2 2 2 5 19 3 20 11 12 7 8 2 9 17 18 16 3 5 18 1 6 16 19 17 3 1 13 11 10 18 12 20 11 7 5 8 19 10 8 5 15 0 2 11 8 7 14 15 14 20 11 16 1 13 1 8 10 17 19 7 13 12 13 16 17 17 12 10 12 12 11 5 19 8 15 1 20 3 13 15 3 16 1 12 7 3 2 15 19 12 17 1 11 4 13 1 3 7 3 13 11 15 18 14 8 3 9 5 9 19 13 5 2 0 17 0 19 4 9 15 1 9 19 3 16 18 16 5 1 8 12 8 9 3 8 11 5 19 17 1 12 19 9 12 13 20 20 8 17 10 12 13 12 10 17 17 8 0 8 8 1 15 0 14 18 9 6 10 9 3 10 3 8 13 14 12 9 19 18 5 9 8 2 10 8 16 18 5 3 16 5 13 10 11 5 18 8 1 4 2 14 1 13 20 6 3 5 8 14 19 19 15 14 17 14 9 3 1 12 2 10 1 3 10 5 14 7 17 14 7 18 9 13 13 6 10 14 15 20 16 9 0 1 20 9 18 3 11 3 1 8 8 5 18 1 11 11 5 1 5 16 20 4 4 2 13 12 8 3 12 10 13 16 5 1 19 11 18 8 2 3 14 4 16 8 16 5 19 0 11 16 14 17 13 14 0 20 4 7 20 3 1 9 6 4 9 1 17 18 18 14 10 5 6 10 5 9 10 5 0 19 15 15 13 10 11 14 9 15 8 2 12 0 16 14 4 8 6 14 13 15 0 20 8 4 12 6 10 6 10 19 1 19 16 2 14 19 10 15 2 4 18 15 17 2 1 15 12 0 15 15 1 14 4 18 17 9 14 11 0 15 6 13 5 3 3 7 16 5 12 14 2 1 5 2 1 20 1 7 4 2 5 10 19 1 11 20 14 20 15 11 12 17 14 19 6 12 9 4 14 2 10 16 9 4 9 18 3 14 2 20 7 5 9 1 9 14 19 19 11 3 20 6 6 1 13 5 2 4 19 19 4 13 5 18 2 10 10 9 9 17 13 16 7 20 11 7 11 5 16 15 1 11 5 3 9 8 2 12 15 14 8 2 12 10 11 11 1 2 3 0 6 13 18 14 16 16 6 12 3 13 0 17 5 20 4 10 15 1 10 16 10 10 15 4 14 13 5 4 11 20 20 4 18 8 9 6 19 11 5 5 18 12 16 19 17 0 17 20 6 20 13 10 14 16 9 11 12 2 7 18 11 14 13 10 8 3 6 11 11 10 4 19 19 13 18 12 20 8 5 15 9 11 0 7 4 14 0 6 9 11 14 20 11 0 7 12 15 12 11 6 11 14 0 17 16 5 16 11 14 18 1 4 12 17 15 16 1 16 1 8 16 2 17 11 1 17 13 0 6 17 2 14 17 8 18 7 20 4 1 18 6 1 5 7 5 2 10 8 10 14 4 19 18 19 16 20 5 11 10 3 5 13 0 10 19 6 13 17 10 18 15 15 14 11 18 3 2 8 11 1 6 18 6 2 14 9 15 2 10 11 1 14 12 0 4 3 11 6 6 8 15 20 20 18 11 15 10 18 6 13 11 5 9 12 7 12 0 12 16 19 19 2 7 0 6 18 7 0 12 6 5 1 1 12 14 3 17 3 9 13 15 7 7 11 20 7 11 0 3 19 12 20 11 14 4 0 7 2 0 7 17 4 12 12 18 6 0 10 2 1 2 17 3 15 11 8 2 7 9 11 6 2 4 11 3 11 3 6 5 8 20 1 11 11 10 5 14 13 7 10 0 7 8 20 16 5 8 19 13 11 8 14 15 16 18 11 17 8 4 2 15 15 5 16 12 9 17 7 10 16 20 4
534
0 0 0 0 0 0 0 0 0 0 0 0 0 0 0 0 0 0 0 0 0 0 0 0 0 0 0 0 0 0 0 0 0 0 0 0 0 0 0 0 0 0 0 0 0 0 0 0 0 0 0 0 0 0 0 0 0 0 0 0 0 0 0 0 0 0 0 0 0 0 0 0 0 0 0 0 0 0 0 0 0 0 0 0 0 0 0 0 0 0 0 0 0 0 0 0 0 0 0 0 0 0 0 0 0 0 0 0 0 0 0 0 0 0 0 0 0 0 0 0 0 0 0 0 0 0 0 0 0 0 0 0 0 0 0 0 0 0 0 0 0 0 0 0 0 0 0 0 0 0 0 0 0 0 0 0 0 0 0 0 0 0 0 0 0 0 0 0 0 0 0 0 0 0 0 0 0 0 0 0 0 0 0 0 0 0 0 0 0 0 0 0 0 0 0 0 0 0 0 0 0 0 0 0 0 0 0 0 0 0 0 0 0 0 0 0 0 0 0 0 0 0 0 0 0 0 0 0 0 0 0 0 0 0 0 0 0 0 0 0 0 0 0 0 0 0 0 0 0 0 0 0 0 0 0 0 0 0 0 0 0 0 0 0 0 0 0 0 0 0 0 0 0 0 0 0 0 0 0 0 0 0 0 0 0 0 0 0 0 0 0 0 0 0 0 0 0 0 0 0 0 0 0 0 0 0 0 0 0 0 0 0 0 0 0 0 0 0 0 0 0 0 0 0 0 0 0 0 0 0 0 0 0 0 0 0 0 0 0 0 0 0 0 0 0 0 0 0 0 0 0 0 0 0 0 0 0 0 0 0 0 0 0 0 0 0 0 0 0 0 0 0 0 0 0 0 0 0 0 0 0 0 0 0 0 0 0 0 0 0 0 0 0 0 0 0 0 0 0 0 0 0 0 0 0 0 0 0 0 0 0 0 0 0 0 0 0 0 0 0 0 0 0 0 0 0 0 0 0 0 0 0 0 0 0 0 0 0 0 0 0 0 0 0 0 0 0 0 0 0 0 0 0 0 0 0 0 0 0 0 0 0 0 0 0 0 0 0 0 0 0 0 0 0 0 0 0 0 0 0 0 0 0 0 0 0 0 0 0 0 0 0 0 0 0 0 0 0 0 0 0 0 0 0 0 0 0 0 0 0 0 0 0 0 0 0 0 0 0 0 0 0 0 0 0 0 0 0 0 0 0 0 0 0
191
97 43 43 97 136 97 177 177 136 97 43 136 43 136 97 97 177 97 177 97 43 177 136 136 136 136 43 43 136 43 97 177 97 136 43 43 97 97 97 136 136 136 136 97 136 177 97 43 97 43 136 43 136 97 43 177 97 136 177 136 43 97 97 136 136 97 97 43 177 136 177 136 43 136 136 97 97 97 136 136 177 136 136 43 97 97 177 97 136 136 177 97 43 136 97 97 136 136 136 43 136 136 97 97 177 43 177 177 136 97 97 97 97 136 136 97 136 177 43 43 177 97 97 43 136 97 97 177 43 136 177 43 97 97 177 97 97 177 43 177 97 136 43 177 97 97 97 136 177 97 97 136 136 43 43 136 177 97 136 136 136 136 97 43 136 97 97 136 177 43 136 136 136 136 136 136 43 177 136 97 97 177 177 97 136 136 97 97 177 136 97
212
173 161 5 5 170 10 4 11 5 168 1 9 18 18 20 2 3 18 18 10 158 157 10 13 16 158 175 14 13 0 14 7 180 7 3 7 191 17 11 8 2 0 10 6 18 16 13 174 3 12 16 157 17 196 171 17 2 1 197 10 152 0 1 10 16 18 160 193 17 3 13 19 194 11 12 19 15 14 17 1 19 10 15 18 15 9 3 4 17 2 1 8 9 177 3 12 13 167 190 16 15 6 8 17 165 170 20 19 9 15 2 14 18 15 19 9 12 12 17 163 10 15 3 12 10 16 17 11 9 1 2 19 4 161 12 9 15 13 11 6 19 19 173 157 18 17 173 20 166 3 176 2 1 6 1 2 184 197 6 17 163 4 187 3 20 0 9 5 8 14 12 5 189 13 191 6 3 155 8 5 150 153 5 1 1 15 8 5 11 6 0 15 6 4 19 16 2 8 10 0 18 168 165 18 8 6 15 17 4 167 19 191
47
12 12 19 5 10 7 2 15 8 4 8 9 20 13 6 4 10 1 9 12 12 11 4 2 9 16 16 19 15 2 14 2 11 7 3 1 0 7 20 20 19 9 15 10 18 15 13
944
102 147 102 102 147 102 147 147 102 147 147 147 102 102 102 102 147 102 147 147 147 147 102 102 102 102 102 102 147 147 147 102 102 102 102 147 147 147 147 102 102 102 102 147 102 102 147 102 102 147 102 147 102 147 102 102 102 102 147 102 147 102 102 147 102 147 147 102 147 102 102 102 102 102 147 102 102 147 102 147 102 147 102 147 102 102 102 147 147 147 147 102 102 102 102 147 147 147 102 102 147 102 147 147 147 147 147 147 147 147 102 147 147 102 102 102 147 102 102 147 102 147 102 102 147 147 147 102 147 102 102 102 147 147 147 102 147 147 102 102 102 147 102 102 147 147 102 147 147 102 147 147 147 147 102 147 102 147 147 102 102 102 102 102 102 147 102 102 147 147 147 147 147 147 147 147 147 147 102 102 147 147 147 147 147 147 102 102 147 102 147 102 102 147 102 147 147 147 102 147 147 102 147 102 147 102 102 102 102 147 147 147 102 102 102 147 102 147 147 147 147 147 147 102 147 102 102 102 102 102 147 102 147 102 102 147 147 147 147 147 147 102 147 102 147 147 102 102 147 102 147 102 147 147 147 147 102 102 147 102 102 102 102 102 102 147 102 102 102 102 102 102 147 147 147 147 102 147 102 102 147 102 102 102 147 147 102 102 102 102 147 147 102 147 147 147 102 147 102 147 102 102 147 147 102 102 147 102 102 102 147 102 147 147 102 147 147 147 102 147 102 147 102 102 102 147 147 147 102 102 147 102 147 147 102 102 147 102 102 147 147 102 102 102 147 102 147 147 147 147 102 102 102 102 147 147 147 147 147 147 147 147 147 102 102 102 102 102 102 102 147 102 102 147 147 147 102 102 147 102 147 102 147 102 147 147 147 102 102 102 102 147 102 102 102 102 102 102 147 147 102 147 102 147 102 102 102 102 102 147 102 147 147 102 147 147 147 102 102 102 102 147 102 147 102 147 102 102 147 102 147 102 102 102 102 147 102 147 147 147 102 102 147 147 147 147 102 102 147 102 147 102 147 147 102 147 147 102 102 147 147 147 102 147 147 147 102 102 102 102 147 102 102 102 102 147 102 147 102 147 102 147 147 102 147 102 102 147 147 102 147 147 102 147 102 147 147 147 147 102 102 102 102 147 147 102 147 102 147 147 147 102 147 102 147 102 147 102 102 102 102 102 147 147 102 102 102 147 147 147 147 147 147 102 147 147 147 102 147 102 147 102 102 102 102 147 147 147 102 102 147 102 102 102 147 102 102 147 147 102 102 102 147 102 147 102 147 147 102 147 102 147 102 102 102 147 102 102 102 147 102 102 102 147 147 147 147 147 147 147 102 102 102 102 147 147 102 147 147 102 102 147 147 147 102 147 147 147 147 147 147 102 147 147 102 102 102 102 147 147 147 147 147 102 147 147 102 147 102 102 102 102 147 102 147 147 147 147 147 102 102 147 102 147 147 102 102 102 102 102 102 147 147 147 147 102 102 102 102 102 102 102 102 102 102 102 147 102 102 147 102 102 147 102 102 147 147 102 147 147 102 147 102 102 102 147 102 147 147 147 147 147 147 102 147 147 102 147 102 102 147 147 102 147 102 102 147 147 102 102 102 102 102 102 147 147 147 102 102 102 147 147 102 147 147 102 147 147 102 102 102 102 147 102 102 147 102 102 147 147 102 102 147 102 102 102 102 102 102 102 102 147 147 102 147 102 102 102 147 102 147 147 147 102 102 102 147 147 147 102 102 102 102 102 147 102 102 147 147 102 102 102 102 147 102 147 147 102 102 102 102 147 102 102 102 147 102 147 147 102 102 102 102 102 102 147 102 102 102 102 147 102 147 102 102 147 147 147 147 147 102 102 147 102 147 147 147 147 147 147 147 147 147 102 102 102 102 102 147 102 147 147 147 102 147 147 147 102 102 102 147 102 102 102 147 102 102 102 102 147 102 147 147 147 147 147 102 147 147 102 147 147 147 102 102 102 147 147 102 147 102 102 147 147 147 102 147 147 102 147 102 147 147 147 147 147 102 147 147 102 102 147 102 102 147 147 147 102 147 102 147 102 102 102 102 102 147 102 102 102 147 147 102 102 102 147 147 147 147 102 147 147 102 102 102 102 147 102 102 102 147 147 102 102
11
138 145 50 134 180 163 122 99 100 21 173
854
0 200 97 103 80 64 65 103 71 117 56 83 85 65 53 75 70 73 102 86 61 66 55 73 113 52 58 81 80 70 82 74 120 107 80 53 87 52 114 59 109 50 50 60 57 79 75 95 98 62 76 71 72 110 78 60 107 108 99 114 63 68 102 113 65 119 97 50 111 106 62 92 52 55 77 92 93 112 70 115 63 114 105 89 92 63 106 88 95 71 97 93 109 74 83 87 104 90 106 87 118 86 57 77 80 109 72 84 98 84 93 104 105 98 81 99 98 94 82 99 74 88 69 90 69 80 85 63 62 101 58 52 60 94 98 92 91 100 112 54 72 97 114 87 89 109 85 102 69 111 95 112 73 55 68 89 91 118 110 120 115 89 53 96 56 106 74 51 94 96 61 58 97 114 84 59 63 82 92 54 59 60 68 92 58 111 67 101 108 114 94 54 115 55 60 85 118 108 92 56 72 83 103 89 113 52 70 64 62 81 74 51 113 93 104 106 113 104 100 98 98 50 53 101 102 74 97 87 60 83 89 51 96 110 117 89 104 106 119 62 97 81 103 64 99 62 74 52 103 89 62 52 84 91 112 96 75 107 50 82 109 95 74 118 69 90 70 63 92 60 68 78 117 113 93 55 86 60 93 108 69 117 97 74 60 115 67 88 108 89 93 67 115 58 84 98 77 80 91 60 116 67 90 56 101 105 109 87 119 115 119 75 61 116 85 74 50 69 90 62 66 99 57 78 93 111 119 50 79 96 87 66 85 69 93 76 67 76 73 87 103 82 57 84 110 77 113 96 61 120 104 71 115 99 117 115 77 81 77 71 94 66 89 105 61 115 101 92 62 120 58 64 75 73 83 66 78 71 100 91 79 63 55 103 116 118 108 101 62 106 104 91 99 61 52 93 77 107 107 102 85 69 99 96 58 61 63 65 55 86 64 74 84 106 107 64 120 64 87 98 71 117 95 81 108 87 92 72 61 106 73 60 56 95 85 54 96 62 99 67 117 55 58 120 104 93 97 116 69 108 88 100 75 86 80 84 108 115 118 52 87 73 85 111 96 51 59 97 72 77 55 103 73 94 56 99 87 77 105 91 74 59 64 69 84 63 113 116 83 94 52 62 70 108 79 75 54 58 78 55 87 80 119 87 86 70 120 109 64 64 57 104 94 59 107 110 110 73 92 69 112 53 86 68 107 111 86 76 99 105 52 117 56 60 75 50 106 97 72 73 69 74 79 54 55 61 83 92 114 87 89 94 96 69 52 52 53 67 72 110 59 56 56 95 79 79 63 86 98 60 65 87 98 75 116 67 54 74 59 57 83 57 55 104 111 63 72 97 101 86 84 72 63 96 100 120 68 82 102 89 73 59 109 120 104 62 89 91 107 106 109 68 114 96 118 58 93 75 93 119 64 93 72 98 60 113 80 94 77 104 105 72 110 112 93 92 114 78 85 111 109 99 82 70 86 120 98 85 90 109 96 91 109 52 115 101 108 56 91 82 59 109 113 52 97 76 116 75 79 100 120 118 87 83 56 113 67 93 67 84 76 78 80 53 57 84 88 58 60 75 68 118 58 79 111 90 58 79 112 68 69 113 67 64 72 83 106 51 98 67 60 79 85 70 63 84 76 86 80 89 99 89 84 94 66 114 65 97 71 69 97 92 54 72 100 69 85 62 99 82 97 119 55 78 106 54 66 59 109 71 106 101 84 55 108 59 117 88 92 115 102 102 88 57 117 109 81 63 114 58 71 70 119 114 58 101 119 104 96 81 111 98 57 113 52 115 91 51 79 51 102 70 102 77 95 84 79 65 51 104 97 58 119 120 64 99 65 83 81 57 68 65 101 104 86 68 50 115 114 80 58 98 114 110 97 103 72 116 55 106 75 87 101 75 58 88 52 60 112 92 112 87 97 66 109 118 94 55 106 102 114 69 58 200
637
1 4 13 2 15 9 13 9 19 17 12 2 19 3 15 1 7 9 10 0 8 6 14 14 20 16 3 3 7 17 12 14 2 11 6 17 6 3 1 14 3 11 20 12 7 5 5 11 8 5 5 12 13 7 9 5 13 20 15 15 3 2 15 8 20 14 6 12 3 9 3 17 4 10 2 12 17 18 0 7 12 9 20 14 20 3 7 20 17 1 18 19 5 18 15 1 8 4 11 16 9 16 11 6 11 10 0 7 13 18 12 9 5 10 5 2 3 9 2 13 10 14 10 0 7 19 16 19 7 1 18 18 11 8 7 9 1 10 5 7 15 4 4 11 19 5 11 11 5 2 7 13 7 10 15 8 9 17 10 14 2 17 9 5 14 16 9 19 0 0 2 12 2 11 13 5 18 4 6 20 17 2 2 18 8 7 14 7 8 5 0 5 13 11 19 8 12 4 5 6 8 7 19 12 0 3 15 9 1 1 3 15 14 19 17 1 7 9 16 16 0 10 17 4 3 6 7 11 20 7 13 13 18 14 9 11 9 18 8 1 2 8 14 15 7 0 8 8 13 7 8 15 15 6 7 12 19 14 3 6 2 15 16 14 11 1 12 5 14 5 4 12 4 14 20 2 5 4 15 2 0 4 10 8 9 3 19 8 7 14 9 3 9 9 17 17 19 13 19 5 5 14 15 4 0 12 20 17 14 18 8 15 0 8 2 3 16 7 0 17 14 14 13 19 18 5 9 0 4 16 18 19 20 5 19 19 5 0 11 3 6 9 5 5 3 9 14 9 18 20 11 6 8 9 14 15 12 4 5 5 19 1 11 9 12 19 9 17 5 13 4 13 7 18 9 19 2 15 1 3 16 2 15 2 5 19 18 11 3 20 16 9 14 19 7 5 12 18 8 10 3 10 11 12 10 18 7 17 4 9 8 0 7 2 20 2 12 19 11 0 14 9 7 18 16 9 18 19 4 14 2 6 2 5 15 12 13 13 6 10 8 20 5 11 8 0 5 19 3 10 0 5 15 0 1 19 19 17 16 20 9 2 1 19 5 0 10 12 11 17 16 9 18 16 19 12 5 0 11 12 20 17 8 20 18 6 18 12 1 11 3 8 17 0 3 15 0 18 7 1 13 1 17 19 14 15 16 10 15 2 14 7 2 18 0 0 1 20 20 20 14 13 16 3 4 8 0 19 4 20 14 8 14 18 7 3 10 18 0 16 6 4 1 17 3 6 17 16 4 15 16 4 18 2 18 3 6 17 8 9 3 8 10 16 5 0 3 13 11 20 16 1 18 11 8 1 17 0 3 14 9 8 4 15 16 14 8 18 13 15 5 5 11 2 10 4 18 9 2 12 11 7 4 10 20 0 15 9 8 19 11 18 9 15 12 9 13 10 18 1 17 0 12 19 19 8 15 1 12 10 19 1 18 3 8 2 3
733
200 200 200 200 200 200 200 200 200 200 200 200 200 200 200 200 200 200 200 200 200 200 200 200 200 200 200 200 200 200 200 200 200 200 200 200 200 200 200 200 200 200 200 200 200 200 200 200 200 200 200 200 200 200 200 200 200 200 200 200 200 200 200 200 200 200 200 200 200 200 200 200 200 200 200 200 200 200 200 200 200 200 200 200 200 200 200 200 200 200 200 200 200 200 200 200 200 200 200 200 200 200 200 200 200 200 200 200 200 200 200 200 200 200 200 200 200 200 200 200 200 200 200 200 200 200 200 200 200 200 200 200 200 200 200 200 200 200 200 200 200 200 200 200 200 200 200 200 200 200 200 200 200 200 200 200 200 200 200 200 200 200 200 200 200 200 200 200 200 200 200 200 200 200 200 200 200 200 200 200 200 200 200 200 200 200 200 200 200 200 200 200 200 200 200 200 200 200 200 200 200 200 200 200 200 200 200 200 200 200 200 200 200 200 200 200 200 200 200 200 200 200 200 200 200 200 200 200 200 200 200 200 200 200 200 200 200 200 200 200 200 200 200 200 200 200 200 200 200 200 200 200 200 200 200 200 200 200 200 200 200 200 200 200 200 200 200 200 200 200 200 200 200 200 200 200 200 200 200 200 200 200 200 200 200 200 200 200 200 200 200 200 200 200 200 200 200 200 200 200 200 200 200 200 200 200 200 200 200 200 200 200 200 200 200 200 200 200 200 200 200 200 200 200 200 200 200 200 200 200 200 200 200 200 200 200 200 200 200 200 200 200 200 200 200 200 200 200 200 200 200 200 200 200 200 200 200 200 200 200 200 200 200 200 200 200 200 200 200 200 200 200 200 200 200 200 200 200 200 200 200 200 200 200 200 200 200 200 200 200 200 200 200 200 200 200 200 200 200 200 200 200 200 200 200 200 200 200 200 200 200 200 200 200 200 200 200 200 200 200 200 200 200 200 200 200 200 200 200 200 200 200 200 200 200 200 200 200 200 200 200 200 200 200 200 200 200 200 200 200 200 200 200 200 200 200 200 200 200 200 200 200 200 200 200 200 200 200 200 200 200 200 200 200 200 200 200 200 200 200 200 200 200 200 200 200 200 200 200 200 200 200 200 200 200 200 200 200 200 200 200 200 200 200 200 200 200 200 200 200 200 200 200 200 200 200 200 200 200 200 200 200 200 200 200 200 200 200 200 200 200 200 200 200 200 200 200 200 200 200 200 200 200 200 200 200 200 200 200 200 200 200 200 200 200 200 200 200 200 200 200 200 200 200 200 200 200 200 200 200 200 200 200 200 200 200 200 200 200 200 200 200 200 200 200 200 200 200 200 200 200 200 200 200 200 200 200 200 200 200 200 200 200 200 200 200 200 200 200 200 200 200 200 200 200 200 200 200 200 200 200 200 200 200 200 200 200 200 200 200 200 200 200 200 200 200 200 200 200 200 200 200 200 200 200 200 200 200 200 200 200 200 200 200 200 200 200 200 200 200 200 200 200 200 200 200 200 200 200 200 200 200 200 200 200 200 200 200 200 200 200 200 200 200 200 200 200 200 200 200 200 200 200 200 200 200 200 200 200 200 200 200 200 200 200 200 200 200 200 200 200 200 200 200 200 200 200 200 200 200 200 200 200 200 200 200 200 200 200 200 200 200 200
948
179 173 179 173 123 179 123 179 179 124 173 123 179 173 173 179 179 123 179 179 173 123 173 173 173 123 173 179 123 179 123 124 124 124 123 123 123 123 124 179 179 179 123 124 123 179 179 179 123 179 123 179 173 179 124 173 124 173 179 124 173 173 124 173 124 179 124 124 123 173 179 173 123 123 173 179 124 123 179 173 179 123 173 123 124 173 179 124 123 124 124 123 124 179 173 179 179 173 173 123 173 173 124 173 173 123 179 123 123 173 173 173 179 123 123 123 179 124 179 124 173 179 123 123 173 124 179 179 124 179 124 124 179 179 123 173 123 123 123 173 123 173 173 173 173 173 124 179 173 173 179 124 173 123 123 179 173 123 124 173 124 173 123 124 179 123 124 173 124 179 179 124 173 124 179 124 123 179 179 179 124 173 173 173 173 124 173 179 173 124 173 124 124 123 123 179 173 123 173 124 179 124 124 124 179 179 124 173 173 179 179 179 173 124 123 179 123 173 124 179 123 179 124 173 173 124 123 179 179 123 123 124 179 179 123 179 123 173 179 124 173 124 124 179 123 173 124 123 173 179 179 173 173 123 173 124 173 123 179 124 173 124 124 123 124 123 173 179 124 124 173 123 123 123 123 173 173 179 123 123 123 124 173 123 123 173 124 124 179 179 124 173 179 173 123 123 173 179 124 179 179 173 124 123 179 123 179 124 179 179 173 123 179 173 124 124 123 179 123 173 123 124 123 124 173 173 123 124 124 173 179 123 173 123 173 173 179 123 123 173 179 179 173 124 179 179 179 124 124 173 124 173 173 173 179 123 123 124 179 179 179 173 179 173 123 173 124 123 123 123 123 123 179 173 179 179 124 123 123 123 123 124 173 179 173 124 173 173 173 179 123 173 173 173 123 123 179 123 124 124 124 123 123 123 124 124 179 124 124 124 123 124 123 173 123 173 173 173 173 123 124 179 173 123 179 179 173 123 123 173 124 173 123 124 124 123 179 173 173 124 124 124 123 173 173 179 173 123 123 173 179 179 173 123 123 179 179 173 124 179 124 179 173 124 179 173 173 173 179 123 179 123 173 123 124 173 124 173 179 124 124 179 173 124 179 173 123 179 124 123 179 173 124 124 173 173 173 179 123 124 173 123 124 179 173 123 173 179 179 123 173 179 124 124 179 173 173 173 179 179 173 173 124 123 179 173 173 123 124 173 124 179 173 179 123 123 179 124 179 173 179 124 124 124 179 123 173 179 173 173 123 123 124 124 123 124 173 179 124 173 123 124 179 123 173 124 179 173 179 173 173 179 173 173 123 124 124 124 124 124 173 123 179 173 179 123 124 123 123 173 179 124 124 179 173 123 173 173 179 123 123 173 173 179 173 124 123 124 179 124 123 123 179 173 179 123 124 123 124 124 123 124 179 173 179 123 179 179 179 123 124 124 124 179 173 179 124 124 173 179 179 123 123 173 124 123 173 179 173 124 173 124 173 124 123 123 123 179 173 173 123 123 123 123 124 179 124 123 123 124 124 173 179 123 173 124 173 173 124 173 173 173 173 123 123 173 124 123 173 124 173 173 173 123 123 123 179 123 124 173 179 123 179 179 173 123 123 123 173 173 173 124 123 124 173 123 124 124 123 179 173 124 123 173 123 173 179 173 124 179 173 123 179 179 173 123 179 179 179 173 124 179 123 123 173 123 179 179 179 124 173 173 124 123 179 179 123 173 179 123 179 124 179 123 123 173 123 124 179 123 179 179 123 124 179 173 173 123 124 173 123 179 179 123 124 124 123 123 173 173 123 173 179 179 124 123 124 123 179 123 173 173 123 124 124 123 173 123 124 123 123 179 123 179 179 123 173 179 173 124 123 173 124 179 124 179 124 124 123 179 179 123 124 173 123 124 123 173 124 123 173 179 124 124 179 179 123 173 123 173 173 123 179 124 124 173 173 179 124 173 179 124 123 179 179 124 179 179 123 179 123 179 173 124 123 179 173 123 123 123 179 179 124 124 124 124 173 173 123 123 124 124 179 123 124 179 124 123 179 173 173 179 123 179 173 179 124 173 124 123 124 179 123 173 124 179 123 123 179 173 123 123 123 124 173 123 173 179 179 124 173 123 173 179 124 123 124 179 173 124 124 124 173 123 179 124 124 124
980
10 1 1 9 6 20 19 15 18 14 17 5 17 14 12 6 10 9 11 11 20 9 16 8 17 18 16 10 6 8 10 6 13 5 1 17 11 1 2 1 1 3 5 10 14 12 17 3 4 4 11 12 13 18 14 1 8 8 3 1 6 7 0 12 14 18 11 7 13 9 15 7 2 19 11 2 2 3 2 7 19 19 20 17 17 9 4 13 9 7 20 8 7 4 12 1 0 6 1 13 10 14 4 17 17 14 7 15 4 16 5 4 1 14 5 17 6 7 7 11 7 17 15 10 13 16 5 3 17 19 20 12 13 15 13 15 6 11 3 2 3 2 11 6 11 1 0 19 17 10 14 7 4 10 16 9 0 15 2 19 14 11 17 1 10 5 2 1 17 12 1 5 17 15 7 13 8 7 13 11 9 15 1 14 11 2 8 14 18 17 6 17 4 4 9 5 7 18 5 5 5 20 16 12 13 8 1 17 7 14 14 3 9 9 17 12 10 7 18 14 19 14 8 20 6 20 11 1 9 5 6 8 4 13 16 3 9 13 12 10 9 7 18 15 16 18 3 17 15 10 8 11 2 11 17 3 18 20 11 2 20 19 4 17 13 5 5 10 10 7 4 13 8 8 17 19 10 19 6 2 9 9 0 8 16 3 5 17 0 20 7 16 0 16 14 0 11 11 2 8 10 8 17 6 11 7 3 4 1 9 11 3 11 10 17 9 18 13 1 8 1 6 3 16 8 1 7 10 5 10 14 4 0 12 4 19 13 18 5 8 15 18 16 16 11 7 15 18 16 4 0 10 7 9 19 11 2 2 14 0 3 18 11 16 11 0 5 9 0 20 11 3 15 5 4 19 14 10 1 9 19 13 12 7 11 20 3 6 17 9 5 10 20 14 8 20 6 17 13 19 7 7 3 17 7 6 11 19 4 17 3 7 12 19 14 8 18 15 18 12 12 19 20 8 13 13 16 8 5 0 8 19 13 1 16 0 13 19 6 20 5 17 15 9 1 1 13 18 17 11 14 8 8 0 1 19 13 8 3 13 17 17 17 5 13 15 4 7 8 12 18 13 20 4 4 20 15 9 8 19 15 6 19 11 3 20 16 2 0 4 7 9 19 6 18 18 0 13 19 8 20 8 12 3 19 9 3 11 2 15 8 18 11 5 15 20 5 11 5 5 11 2 12 5 18 13 2 18 6 5 1 6 4 19 20 2 2 8 4 13 20 4 12 3 10 2 7 0 7 4 19 9 13 8 20 13 11 19 13 9 10 15 1 6 15 0 0 19 11 20 12 3 9 11 12 12 14 18 9 12 16 1 18 13 4 5 9 19 15 20 12 3 8 20 17 12 6 0 18 0 5 13 2 6 18 3 8 15 13 7 5 20 16 3 9 20 7 2 8 14 17 10 7 0 10 10 9 1 5 15 15 12 0 12 8 11 0 14 10 14 2 14 11 18 10 12 7 19 1 3 0 17 4 13 6 0 9 6 8 10 0 5 18 6 16 10 14 13 11 12 11 2 6 4 0 6 6 18 10 20 0 6 6 8 11 10 13 15 1 14 15 14 15 7 8 11 1 2 11 7 4 5 4 19 3 16 15 3 13 12 14 20 14 0 20 14 20 15 20 5 13 12 17 8 19 18 18 11 14 4 8 11 11 17 14 14 8 0 11 15 9 12 16 12 10 20 13 18 8 7 7 19 3 11 0 15 0 2 7 18 17 1 19 3 4 12 15 16 18 10 19 15 1 12 3 4 3 15 8 13 15 1 14 19 11 8 18 6 7 18 14 18 15 1 11 9 6 19 19 0 11 6 13 19 7 3 12 4 3 3 2 12 14 11 15 9 17 19 2 3 5 14 20 9 14 11 19 7 12 7 7 16 8 5 19 12 8 20 9 16 7 19 19 4 19 0 10 16 15 6 12 13 11 3 6 10 20 17 9 8 11 1 11 12 8 20 2 2 3 20 17 3 4 17 12 17 19 14 6 14 18 15 5 17 4 18 15 6 15 20 1 17 19 1 8 1 14 18 3 16 10 13 4 0 3 1 4 14 6 13 10 11 13 13 15 2 14 11 12 14 3 7 11 14 20 18 8 14 8 12 5 16 6 16 4 20 16 18 10 19 16 2 16 18 3 2 3 6 11 15 19 4 17 18 11 15 0 14 20 4 5 3 2 1 20 13 10 19 13 4 4 5 17 0 3 14 16 0 16 1
52
18 13 4 18 2 8 11 9 1 13 6 17 8 9 20 8 11 8 14 8 17 14 17 5 5 5 4 0 11 9 1 8 6 2 1 19 4 15 0 2 20 7 1 5 14 13 17 16 17 5 19 0
530
0 200 55 88 102 104 111 76 51 102 68 53 81 92 100 111 113 89 83 59 114 80 70 88 72 87 95 62 113 96 60 117 65 56 64 91 88 58 79 107 79 77 53 50 110 91 73 81 103 99 80 59 99 51 66 119 52 67 65 118 73 93 119 71 115 104 65 94 95 96 111 74 106 51 78 102 72 53 98 52 110 117 60 116 116 98 114 84 55 119 64 94 60 54 69 111 76 105 95 85 109 84 70 64 78 69 67 97 120 72 74 54 104 64 66 99 80 73 114 81 112 64 56 87 97 52 101 92 74 115 54 85 119 69 116 66 88 84 115 105 89 58 86 113 102 58 107 65 114 88 95 56 110 86 88 81 116 67 83 75 73 94 50 67 76 59 66 95 72 100 109 75 74 112 86 68 82 75 92 78 91 87 60 67 70 77 51 116 82 59 105 109 66 80 92 79 77 86 78 50 106 107 68 107 63 87 60 104 103 64 58 99 85 112 98 66 85 94 59 83 86 63 56 110 50 74 118 73 60 113 74 80 78 90 81 59 94 110 71 54 62 64 64 69 118 97 69 53 94 101 97 95 75 75 61 106 65 51 89 119 109 64 76 75 61 111 94 79 56 64 101 97 56 72 92 116 62 105 71 105 106 89 68 100 61 96 62 102 115 98 80 78 91 92 65 81 110 108 57 105 56 69 87 117 81 119 91 101 107 57 103 64 61 79 83 113 93 84 88 120 116 55 104 54 97 97 69 104 96 107 63 85 65 50 88 57 97 61 108 81 115 55 51 116 80 83 91 118 85 80 57 59 58 80 53 59 85 55 52 108 86 97 96 66 63 54 66 101 72 109 71 119 78 117 88 104 67 90 74 60 75 91 50 63 105 62 118 77 61 92 81 81 64 80 91 54 63 70 82 88 82 69 88 70 90 104 55 112 62 111 102 60 108 63 57 79 95 98 76 68 92 75 80 70 62 111 61 115 112 93 106 78 87 86 54 106 118 106 85 119 51 59 112 112 91 50 113 120 106 63 98 66 93 118 102 53 71 80 104 91 110 87 118 112 106 86 78 113 117 67 77 119 109 117 106 65 73 53 104 101 118 81 64 58 71 94 96 83 116 63 82 93 104 64 63 108 88 116 72 111 87 66 84 93 92 67 118 88 81 119 106 106 64 92 107 116 118 75 86 68 54 75 56 65 87 114 119 104 63 200
736
11 6 11 9 1 10 169 12 18 5 1 4 15 3 15 9 196 17 156 9 14 16 15 19 7 9 4 7 19 2 8 12 11 7 0 7 7 5 16 18 197 9 7 19 18 11 2 195 16 10 1 9 7 2 181 0 171 6 1 17 19 1 9 158 11 16 0 161 12 6 20 161 200 15 185 18 16 154 11 9 2 7 14 18 18 197 6 18 7 3 3 17 6 6 19 160 3 0 11 3 5 6 179 1 181 19 17 194 13 5 10 6 12 14 17 19 159 8 12 19 19 4 10 18 2 11 5 9 4 8 186 4 14 11 15 166 3 161 15 3 20 16 168 5 12 16 4 9 14 14 16 190 16 1 9 2 5 157 17 14 199 0 9 9 9 17 13 13 5 19 159 10 17 162 10 8 3 12 7 20 5 6 13 10 3 15 11 3 2 2 8 158 4 176 176 5 3 188 169 18 17 12 15 4 155 17 13 17 192 5 20 11 157 19 13 1 16 9 2 16 164 157 14 17 182 13 187 11 16 186 10 152 200 5 1 12 11 185 11 195 8 10 5 19 4 7 6 8 5 11 17 11 12 16 13 6 14 155 150 4 197 16 11 16 3 198 12 0 14 19 6 194 200 10 14 1 10 14 186 14 173 12 3 18 13 195 10 2 13 181 179 5 9 14 14 17 6 6 12 7 157 6 14 6 12 195 8 164 9 200 6 159 19 7 3 19 7 200 180 198 1 9 5 2 17 19 13 5 169 19 0 0 171 13 189 163 6 10 15 20 12 3 5 150 19 19 18 20 13 20 20 0 3 10 13 14 9 11 5 17 4 13 3 1 194 15 12 10 170 17 11 186 3 18 194 18 16 0 155 0 9 15 194 8 1 193 0 4 14 150 16 13 17 8 11 3 153 5 11 185 8 10 161 14 18 154 165 15 5 4 2 154 17 5 12 11 6 12 188 19 0 3 14 14 6 20 13 9 6 7 158 10 191 4 1 8 195 156 154 200 4 5 180 12 16 18 14 12 20 1 176 172 198 178 2 19 8 156 168 169 11 156 1 163 10 4 20 7 1 13 16 2 5 7 13 2 190 196 4 13 5 17 14 13 20 188 173 9 8 16 11 189 195 17 161 11 16 0 19 12 1 17 16 6 16 6 14 18 9 12 1 8 5 161 8 20 4 5 12 171 11 9 8 6 0 6 11 14 18 4 10 172 3 4 4 8 1 4 162 6 7 183 0 180 16 183 179 9 15 12 14 16 16 16 197 1 154 9 12 177 157 194 18 6 0 15 2 183 12 4 19 159 10 0 19 12 19 8 14 162 5 195 3 14 0 0 4 19 19 183 18 171 14 19 8 11 7 8 2 15 3 4 13 11 4 19 7 1 151 3 11 5 179 1 156 6 11 5 186 8 20 19 169 7 3 2 16 0 9 150 172 2 194 1 191 12 11 8 19 2 12 15 18 1 12 190 8 12 13 199 14 188 0 8 15 15 7 20 3 15 16 6 159 15 17 20 161 197 2 13 6 11 166 7 10 5 0 154 3 5 5 1 5 4 15 10 0 3 18 187 20 200 3 14 12 1 19 189 1 11 12 6 4 165 153 2 19 6 187 12 11 15 11 167 8 3 0 11 180 5 1 16 156 15 18 0 2 178 197 9 200 12 1 8 0 11
305
0 200 116 105 53 57 97 105 69 54 61 105 68 115 102 58 95 93 88 97 59 97 102 53 112 117 63 93 60 69 102 56 87 63 62 105 106 118 51 107 87 54 53 83 66 81 87 74 65 64 91 89 72 50 62 56 72 85 103 80 60 92 104 115 74 102 109 75 94 53 116 118 85 112 88 83 110 87 115 70 120 113 55 81 77 84 53 89 101 64 80 87 109 76 111 87 103 81 99 95 112 116 73 94 119 110 71 105 70 69 117 56 81 84 115 67 111 75 100 105 59 89 58 120 66 75 107 68 94 74 114 88 79 109 52 99 85 100 115 105 55 104 98 108 99 58 53 66 110 108 66 68 103 58 78 55 101 102 72 51 104 109 114 112 79 95 110 104 73 85 68 88 94 67 62 120 65 99 60 111 78 57 53 116 85 89 80 59 85 81 99 52 108 55 109 83 104 61 88 110 106 67 50 81 62 67 64 57 64 100 66 100 101 99 109 85 112 117 79 92 69 102 58 51 83 50 50 106 98 80 112 114 97 51 96 83 105 99 71 82 100 68 100 111 59 97 64 88 119 62 119 75 66 100 113 61 86 120 89 103 70 98 86 100 97 75 54 92 70 87 68 86 52 66 112 77 98 73 83 97 101 106 58 70 75 95 82 76 83 108 51 85 84 82 117 70 96 76 82 104 67 51 116 105 200
811
0 200 58 80 95 96 116 66 56 101 109 102 66 97 101 55 71 115 105 90 77 108 67 75 73 77 91 111 104 60 109 117 105 80 61 90 57 52 113 69 81 107 110 98 87 72 70 87 61 107 58 60 99 86 93 52 102 79 102 99 91 70 106 54 65 55 89 71 109 64 98 94 64 67 90 63 117 67 101 81 63 63 51 113 115 54 61 102 56 86 73 111 63 89 83 120 53 87 116 79 95 84 95 109 68 58 108 78 100 85 119 87 82 114 119 82 51 95 98 73 98 51 91 60 94 57 105 87 80 112 67 58 89 84 92 112 56 89 120 76 55 68 108 70 116 101 108 114 110 66 118 77 53 54 112 50 68 95 75 70 79 62 102 115 102 85 100 119 78 120 85 55 94 113 114 109 76 93 68 98 69 81 64 53 71 69 102 73 105 51 102 75 57 90 82 55 106 98 93 109 58 112 55 76 77 54 70 114 114 108 86 103 63 61 64 112 51 73 90 65 73 102 77 113 52 85 77 54 112 71 108 75 98 102 69 104 51 113 78 97 106 56 60 119 69 86 106 70 68 74 72 116 74 108 99 103 93 113 116 85 107 116 107 105 71 66 118 98 109 94 51 70 97 66 80 112 67 56 99 103 115 64 79 109 81 103 59 80 117 81 107 107 54 59 58 89 67 69 117 114 65 109 62 66 91 78 80 88 84 57 104 102 63 119 63 51 62 65 100 104 56 83 65 97 112 72 50 98 81 75 51 78 101 107 88 74 108 90 70 64 87 86 53 87 104 56 73 64 67 78 99 53 114 119 110 78 56 110 113 56 53 117 60 91 57 109 119 78 90 82 79 80 69 110 53 117 104 104 59 80 107 66 87 70 65 89 84 85 119 88 105 89 105 111 113 110 57 89 62 77 119 89 58 105 91 110 92 78 70 69 56 77 79 98 103 86 99 94 53 109 50 71 70 64 103 69 60 76 83 97 90 86 118 116 115 60 72 64 110 59 79 111 91 104 100 94 60 115 84 110 80 57 107 106 111 95 88 69 68 88 119 62 84 109 102 95 61 101 106 72 84 85 95 77 106 60 88 105 86 106 73 84 50 94 108 94 59 68 65 55 71 65 51 78 84 86 107 51 53 51 69 73 88 114 61 82 61 105 105 94 67 60 69 93 84 69 114 118 108 82 55 88 76 79 113 78 112 97 59 95 107 89 83 106 87 53 106 114 59 107 61 58 108 95 103 81 98 103 108 108 58 68 93 67 86 72 89 94 57 91 108 105 113 113 66 58 67 95 114 105 76 72 52 98 94 83 54 78 66 75 96 53 105 115 104 77 66 82 51 65 89 68 83 107 60 64 67 97 86 79 113 118 95 107 55 117 116 98 104 55 83 117 87 100 120 66 92 103 100 66 119 95 57 63 54 89 85 54 53 107 71 88 59 77 77 70 83 68 54 89 64 53 115 104 75 113 52 50 90 90 52 54 62 104 79 66 106 82 99 69 57 84 51 64 52 110 55 80 63 116 88 91 70 73 105 104 85 108 111 82 94 72 80 100 81 52 93 77 95 72 113 119 104 57 82 53 84 89 64 50 117 76 74 92 93 67 98 99 58 76 109 102 63 88 62 117 56 82 66 113 98 101 83 72 116 110 109 69 63 58 87 114 112 74 57 55 119 115 100 84 81 98 91 107 67 84 61 78 77 106 68 79 56 107 61 84 90 77 68 88 111 92 88 107 69 101 64 51 108 52 57 70 103 89 70 71 107 107 101 77 96 107 98 97 120 99 94 120 68 52 62 107 87 119 86 66 74 74 83 80 90 71 65 95 86 68 93 115 99 82 200
399
15 18 15 15 15 18 18 15 15 79 18 140 79 140 79 18 18 18 79 15 140 15 140 79 140 15 79 79 18 18 18 140 18 140 18 140 140 18 18 140 18 79 140 79 79 79 15 79 140 18 140 18 15 18 79 15 140 15 18 15 79 79 18 18 18 140 140 79 18 140 18 140 15 18 79 79 79 18 18 15 140 79 79 140 15 18 79 18 15 18 140 18 140 18 18 18 140 79 140 79 140 18 140 79 15 140 15 18 15 18 140 15 79 18 79 15 18 79 18 79 15 79 18 140 140 79 140 15 79 140 18 140 15 79 18 18 18 79 79 18 79 140 15 15 18 140 79 15 79 18 18 15 15 15 140 140 79 140 15 18 15 15 18 79 79 18 18 79 15 18 140 79 140 18 79 140 15 140 79 15 18 140 18 15 79 79 15 79 15 140 140 79 15 15 140 18 79 79 79 18 79 140 15 15 15 79 79 79 140 140 15 79 79 140 140 79 79 140 79 18 15 15 18 15 140 79 15 140 15 18 79 140 140 18 15 18 79 18 140 140 140 140 79 15 79 18 79 18 18 140 140 15 140 15 140 79 79 79 79 18 140 140 15 15 140 15 140 79 18 140 15 140 79 18 15 18 140 140 140 140 140 18 15 79 79 15 79 79 140 15 18 79 79 140 79 18 18 15 140 79 140 18 18 79 15 79 140 18 140 140 15 15 140 79 79 140 18 140 140 79 140 15 15 15 79 18 15 79 18 79 79 15 18 15 140 18 15 79 18 15 18 18 15 15 79 15 15 18 79 79 15 140 79 18 18 140 15 79 140 18 140 18 140 79 15 140 15 140 15 15 18 140 18 140 15 18 18 140 79 18 18 140 140 15 79 140 140 18 15 15 79 18 79 18 15 79 140 140 18
122
17 0 8 20 8 7 20 15 15 13 10 11 6 19 3 16 5 9 3 13 13 18 1 14 6 19 16 2 20 14 9 7 16 8 14 16 7 0 20 12 1 12 9 4 6 9 6 2 9 11 15 11 6 7 17 4 19 14 18 10 15 8 9 10 13 7 7 14 4 5 17 8 14 11 19 4 9 20 14 11 11 5 18 0 13 4 7 13 12 8 2 12 19 2 19 1 8 9 11 3 2 12 14 17 19 17 20 4 7 14 18 5 1 1 13 12 13 4 17 5 16 14
626
2 11 2 184 14 175 19 0 2 13 0 152 15 2 156 7 10 7 7 12 8 8 10 9 2 177 11 18 2 15 5 181 17 200 7 8 0 9 12 4 17 18 10 13 7 8 197 15 17 15 156 163 0 156 13 0 4 5 16 3 3 5 13 8 4 194 5 8 198 174 0 10 2 12 4 13 11 18 11 4 11 19 16 4 11 196 7 8 13 13 151 14 8 9 14 165 11 14 8 185 9 193 8 12 9 20 1 8 184 191 1 7 17 8 19 167 17 170 154 17 12 5 2 3 12 20 13 8 7 10 11 14 16 9 178 189 8 5 20 186 11 175 155 14 8 8 20 8 7 1 19 8 0 10 6 17 2 7 10 10 185 16 151 2 19 20 6 20 1 12 180 199 12 12 16 6 6 10 177 157 157 12 191 20 13 10 4 19 14 17 16 11 151 8 7 5 15 177 18 196 2 5 16 3 20 16 20 7 6 19 177 20 0 2 15 8 17 12 150 6 9 7 6 0 1 18 2 4 2 8 185 3 2 19 182 11 12 187 0 184 16 7 11 178 0 14 7 5 159 3 14 182 1 13 2 5 19 172 168 19 8 1 9 9 3 11 6 16 5 181 3 6 15 8 4 4 1 6 14 17 2 9 6 153 12 183 5 162 181 165 3 18 3 0 164 4 14 4 12 167 166 193 13 1 3 17 2 16 6 19 15 0 162 2 15 7 15 152 15 0 14 8 1 4 5 155 10 177 182 9 6 3 14 13 171 199 199 5 8 3 0 8 12 11 173 1 0 16 6 7 11 14 15 18 159 3 17 12 12 178 17 17 194 18 154 20 5 14 20 12 19 13 5 17 14 0 19 182 150 18 5 179 13 2 11 3 19 8 18 8 11 12 11 4 179 12 16 158 17 3 11 10 194 10 11 10 3 153 0 188 19 2 5 10 3 8 11 188 169 20 15 10 7 16 4 15 20 161 2 1 158 4 17 15 1 11 5 18 196 10 1 7 17 18 8 19 4 172 17 7 12 20 165 18 9 157 7 0 16 17 10 0 12 11 180 16 12 16 8 163 1 19 197 10 4 1 5 181 1 177 19 2 5 15 11 19 20 200 0 6 3 16 13 177 18 173 13 191 4 3 17 17 7 1 7 16 176 13 7 173 156 11 14 8 3 196 154 8 12 17 1 12 15 16 179 17 14 156 16 15 174 190 19 17 0 0 18 3 20 2 8 5 2 194 183 9 161 19 200 10 152 13 12 0 2 20 9 11 0 185 0 176 20 12 19 0 151 12 14 18 18 5 15 6 3 14 5 190 14 10 176 0 177 20 7 16 18 1 158 6 8 6 3 168 20 12 20 0 18 13 191 18 8 4 6 16 4 20 20 1 6 7 1 14 188 19 6 12 172 1 4 14 10 4 13 20
367
0 200 114 91 63 84 58 114 85 93 77 83 60 58 94 115 114 64 52 52 64 85 98 84 118 79 114 75 119 80 108 66 92 120 66 71 82 50 93 53 97 114 116 96 52 89 61 52 75 61 120 92 72 74 51 56 80 107 61 120 71 57 72 82 67 103 120 55 93 53 92 58 119 105 114 103 118 117 99 110 98 68 111 109 114 85 99 100 111 96 71 53 58 96 72 53 80 73 79 97 54 92 87 107 114 55 118 113 83 87 50 116 108 116 59 52 63 111 57 61 56 84 55 79 116 107 53 112 67 118 80 120 59 63 57 70 59 59 108 92 71 111 116 92 75 90 74 62 85 74 97 55 71 113 98 98 53 69 112 104 53 94 70 114 73 66 117 66 110 70 98 95 79 88 65 50 51 117 69 53 69 109 78 117 55 100 104 74 66 67 62 65 103 95 98 76 81 58 116 106 65 112 106 110 83 72 77 102 114 54 105 88 55 100 98 77 66 93 106 94 113 56 58 83 76 92 79 92 104 92 59 120 112 50 104 60 110 107 68 102 119 78 114 56 89 61 76 98 113 116 78 71 50 59 85 109 63 55 54 56 83 99 69 119 108 78 76 90 106 71 63 70 58 104 113 102 79 116 73 80 85 108 59 112 110 104 85 83 105 85 64 56 111 63 89 99 69 65 104 64 106 60 62 107 50 50 85 87 71 70 110 65 109 70 111 85 113 80 56 58 98 93 116 81 69 65 73 113 120 67 95 92 77 117 118 106 68 81 110 73 59 87 70 90 81 61 103 84 92 94 81 64 120 56 113 119 118 109 57 62 65 98 94 110 99 55 200
947
15 4 7 18 20 12 16 18 18 6 2 16 1 15 16 1 16 6 15 9 6 13 17 17 1 7 17 3 10 1 0 2 10 16 18 18 5 6 2 4 0 15 2 14 3 0 18 4 5 10 16 2 12 17 5 6 17 8 20 2 11 13 18 6 7 18 12 0 8 6 0 17 18 7 20 14 6 14 8 15 0 19 20 19 2 3 0 0 1 15 13 3 12 11 15 9 2 11 11 17 4 0 18 9 2 8 4 5 8 15 14 20 16 16 16 4 17 8 8 11 17 12 14 10 17 8 14 4 10 5 11 18 20 11 11 2 15 16 13 10 4 17 17 20 13 12 17 4 3 19 16 12 6 18 19 7 12 7 1 6 14 5 4 13 5 6 7 18 7 11 4 17 5 16 3 19 7 12 10 1 9 15 18 17 11 2 9 10 4 3 7 15 10 10 18 17 13 13 14 18 3 17 2 8 18 12 14 2 13 20 17 19 3 8 2 1 5 15 17 8 15 11 20 2 15 6 18 11 9 15 5 12 19 6 15 5 0 17 0 0 10 15 17 1 11 15 17 8 17 13 0 15 20 13 9 10 5 1 19 4 0 18 9 9 2 1 0 0 3 3 5 6 6 4 13 19 9 9 11 13 16 8 19 12 15 9 17 19 13 2 14 11 18 2 15 9 12 1 2 19 4 19 5 5 0 17 19 11 20 18 0 15 9 1 14 16 4 19 9 0 1 11 5 11 10 6 20 2 5 20 13 13 17 6 0 9 2 3 1 8 17 10 16 10 12 19 5 16 3 15 3 3 18 19 7 18 12 20 10 0 11 18 9 6 10 10 19 16 15 7 10 13 7 9 6 3 6 2 8 6 9 4 0 17 4 11 1 20 1 19 8 11 10 11 11 5 13 20 20 14 17 2 10 10 8 9 13 9 14 3 18 10 13 14 16 9 8 10 10 15 12 8 7 19 4 9 4 11 20 2 3 9 14 8 7 12 8 3 9 15 17 3 20 4 16 3 16 15 17 15 15 2 0 20 5 15 19 19 14 7 19 0 14 7 6 9 10 10 2 9 13 8 9 2 20 18 14 2 19 4 7 0 18 8 14 13 15 11 9 18 6 2 3 20 5 17 2 4 0 1 13 16 9 13 9 13 1 4 10 14 8 11 18 2 0 6 9 3 20 1 6 7 6 11 11 5 13 0 1 17 19 11 6 14 4 4 2 20 15 11 0 19 8 8 3 1 0 2 2 14 0 11 9 12 18 20 10 8 3 6 17 19 2 19 0 3 14 14 15 2 20 0 8 9 15 18 9 5 5 7 2 5 17 8 7 15 6 15 4 9 12 2 13 5 6 6 9 16 5 5 14 4 11 3 17 8 8 10 9 4 7 20 6 19 11 11 16 7 3 9 19 1 20 0 17 10 7 3 0 18 11 5 3 5 11 14 17 7 19 5 10 5 17 6 20 13 10 11 9 6 6 14 3 5 17 7 6 6 1 0 17 13 7 8 8 11 1 19 8 19 19 10 17 8 12 3 7 12 4 12 12 4 2 8 20 19 5 11 11 19 18 13 3 4 5 14 0 6 4 0 19 17 2 8 20 2 11 0 17 15 6 10 7 17 0 8 3 18 17 16 2 11 1 1 10 19 15 1 0 6 4 9 1 11 9 15 4 6 10 3 19 11 16 10 17 12 11 15 14 2 10 18 5 12 14 19 20 8 16 13 5 11 16 1 3 16 14 0 12 10 18 12 18 18 3 14 15 2 2 16 15 19 16 1 18 14 6 2 14 9 13 5 1 7 2 12 18 20 2 20 15 2 13 0 7 0 16 8 8 7 17 19 12 0 7 3 2 11 6 17 9 19 10 4 19 16 5 16 8 2 11 15 14 16 14 15 8 7 0 15 14 1 0 13 16 1 20 6 9 4 7 0 2 11 4 3 3 14 13 9 6 5 12 3 10 16 1 17 17 10 4 1 16 4 5 15 18 20 17 15 8 11 2 7 19 15 11 3 14 3 10 7 6 15 11 11 12 7 20 3 4 0 19 6 13 13 5 7 13 12 10 16 15 11 10 10 17 4 0 6 19 9 5 7 10 18 2 12 17 6 18 10 20 17 5 8 5 19 6 19 8 7 15 1 4 14 17
269
92 126 79 76 196 121 32 136 32 171 29 73 188 88 107 196 112 25 108 138 116 198 183 135 7 176 38 118 74 55 195 37 2 96 185 188 193 45 198 149 31 74 41 37 154 132 1 90 69 130 162 178 19 143 84 61 3 109 68 33 48 121 86 143 80 174 117 63 157 83 79 24 200 144 118 198 28 188 121 191 115 194 174 178 166 195 177 142 151 12 2 25 51 175 38 69 5 119 1 135 44 149 24 28 37 154 24 162 63 105 197 162 17 73 31 141 135 199 86 46 21 131 195 152 107 110 114 180 176 120 138 175 34 147 4 90 184 19 197 82 163 105 148 145 181 54 75 17 125 44 4 130 192 147 28 58 87 106 95 122 162 105 183 159 4 49 84 190 93 135 184 168 57 166 120 180 92 62 183 107 3 44 133 141 42 180 126 2 7 69 6 103 118 121 38 67 150 143 67 184 40 156 12 155 34 34 51 5 145 80 51 36 79 20 53 40 8 190 112 145 7 187 58 100 94 98 92 127 13 65 127 165 53 28 130 2 71 86 197 129 59 24 14 99 125 11 158 150 194 35 64 62 19 2 148 1 21 157 105 7 185 176 188 36 108 176 74 135 196
1000
0 0 0 0 0 0 0 0 0 0 0 0 0 0 0 0 0 0 0 0 0 0 0 0 0 0 0 0 0 0 0 0 0 0 0 0 0 0 0 0 0 0 0 0 0 0 0 0 0 0 0 0 0 0 0 0 0 0 0 0 0 0 0 0 0 0 0 0 0 0 0 0 0 0 0 0 0 0 0 0 0 0 0 0 0 0 0 0 0 0 0 0 0 0 0 0 0 0 0 0 0 0 0 0 0 0 0 0 0 0 0 0 0 0 0 0 0 0 0 0 0 0 0 0 0 0 0 0 0 0 0 0 0 0 0 0 0 0 0 0 0 0 0 0 0 0 0 0 0 0 0 0 0 0 0 0 0 0 0 0 0 0 0 0 0 0 0 0 0 0 0 0 0 0 0 0 0 0 0 0 0 0 0 0 0 0 0 0 0 0 0 0 0 0 0 0 0 0 0 0 0 0 0 0 0 0 0 0 0 0 0 0 0 0 0 0 0 0 0 0 0 0 0 0 0 0 0 0 0 0 0 0 0 0 0 0 0 0 0 0 0 0 0 0 0 0 0 0 0 0 0 0 0 0 0 0 0 0 0 0 0 0 0 0 0 0 0 0 0 0 0 0 0 0 0 0 0 0 0 0 0 0 0 0 0 0 0 0 0 0 0 0 0 0 0 0 0 0 0 0 0 0 0 0 0 0 0 0 0 0 0 0 0 0 0 0 0 0 0 0 0 0 0 0 0 0 0 0 0 0 0 0 0 0 0 0 0 0 0 0 0 0 0 0 0 0 0 0 0 0 0 0 0 0 0 0 0 0 0 0 0 0 0 0 0 0 0 0 0 0 0 0 0 0 0 0 0 0 0 0 0 0 0 0 0 0 0 0 0 0 0 0 0 0 0 0 0 0 0 0 0 0 0 0 0 0 0 0 0 0 0 0 0 0 0 0 0 0 0 0 0 0 0 0 0 0 0 0 0 0 0 0 0 0 0 0 0 0 0 0 0 0 0 0 0 0 0 0 0 0 0 0 0 0 0 0 0 0 0 0 0 0 0 0 0 0 0 0 0 0 0 0 0 0 0 0 0 0 0 0 0 0 0 0 0 0 0 0 0 0 0 0 0 0 0 0 0 0 0 0 0 0 0 0 0 0 0 0 0 0 0 0 0 0 0 0 0 0 0 0 0 0 0 0 0 0 0 0 0 0 0 0 0 0 0 0 0 0 0 0 0 0 0 0 0 0 0 0 0 0 0 0 0 0 0 0 0 0 0 0 0 0 0 0 0 0 0 0 0 0 0 0 0 0 0 0 0 0 0 0 0 0 0 0 0 0 0 0 0 0 0 0 0 0 0 0 0 0 0 0 0 0 0 0 0 0 0 0 0 0 0 0 0 0 0 0 0 0 0 0 0 0 0 0 0 0 0 0 0 0 0 0 0 0 0 0 0 0 0 0 0 0 0 0 0 0 0 0 0 0 0 0 0 0 0 0 0 0 0 0 0 0 0 0 0 0 0 0 0 0 0 0 0 0 0 0 0 0 0 0 0 0 0 0 0 0 0 0 0 0 0 0 0 0 0 0 0 0 0 0 0 0 0 0 0 0 0 0 0 0 0 0 0 0 0 0 0 0 0 0 0 0 0 0 0 0 0 0 0 0 0 0 0 0 0 0 0 0 0 0 0 0 0 0 0 0 0 0 0 0 0 0 0 0 0 0 0 0 0 0 0 0 0 0 0 0 0 0 0 0 0 0 0 0 0 0 0 0 0 0 0 0 0 0 0 0 0 0 0 0 0 0 0 0 0 0 0 0 0 0 0 0 0 0 0 0 0 0 0 0 0 0 0 0 0 0 0 0 0 0 0 0 0 0 0 0 0 0 0 0 0 0 0 0 0 0 0 0 0 0 0 0 0 0 0 0 0 0 0 0 0 0 0 0 0 0 0 0 0 0 0 0 0 0 0 0 0 0 0 0 0 0 0 0 0 0 0 0 0 0 0 0 0 0 0 0 0 0 0 0 0 0 0 0 0 0 0 0 0 0 0 0 0 0 0 0 0 0 0 0 0 0 0 0 0 0 0 0 0 0 0 0 0 0 0 0 0 0 0 0 0 0 0 0 0 0 0 0 0 0 0 0 0 0 0 0 0 0 0 0 0 0 0 0 0 0 0 0 0 0 0 0 0 0 0 0 0 0 0 0 0 0 0 0 0 0 0 0 0 0 0 0 0 0 0 0 0 0 0 0 0 0 0 0 0 0 0 0 0 0
218
200 200 200 200 200 200 200 200 200 200 200 200 200 200 200 200 200 200 200 200 200 200 200 200 200 200 200 200 200 200 200 200 200 200 200 200 200 200 200 200 200 200 200 200 200 200 200 200 200 200 200 200 200 200 200 200 200 200 200 200 200 200 200 200 200 200 200 200 200 200 200 200 200 200 200 200 200 200 200 200 200 200 200 200 200 200 200 200 200 200 200 200 200 200 200 200 200 200 200 200 200 200 200 200 200 200 200 200 200 200 200 200 200 200 200 200 200 200 200 200 200 200 200 200 200 200 200 200 200 200 200 200 200 200 200 200 200 200 200 200 200 200 200 200 200 200 200 200 200 200 200 200 200 200 200 200 200 200 200 200 200 200 200 200 200 200 200 200 200 200 200 200 200 200 200 200 200 200 200 200 200 200 200 200 200 200 200 200 200 200 200 200 200 200 200 200 200 200 200 200 200 200 200 200 200 200 200 200 200 200 200 200 200 200 200 200 200 200
446
12 14 181 18 10 19 167 0 16 172 0 13 7 15 16 3 20 15 0 194 15 152 20 7 11 153 13 0 172 175 165 0 13 186 18 1 13 18 15 7 0 18 17 9 14 2 20 2 3 0 17 16 8 155 7 13 0 6 10 0 190 12 2 1 11 9 14 0 160 0 3 9 11 197 14 2 13 6 20 6 15 14 14 11 1 14 8 11 2 3 18 9 8 8 6 12 12 186 12 8 16 2 6 174 15 8 18 9 2 177 0 20 2 12 8 7 170 10 13 14 4 10 0 7 0 1 8 15 18 18 184 194 169 3 13 5 16 3 11 150 16 186 159 152 17 10 14 13 6 3 190 200 9 156 6 17 11 8 5 4 8 10 18 170 11 18 16 12 6 168 8 4 10 9 13 4 2 6 180 4 9 12 167 192 178 196 20 12 19 16 184 1 8 12 7 14 10 13 18 7 158 5 7 10 6 11 14 5 17 9 15 9 4 159 171 16 185 10 15 9 18 9 0 13 14 194 157 3 183 17 18 2 5 155 2 11 1 8 17 20 2 20 4 11 6 8 5 13 9 10 20 15 195 6 18 11 4 12 16 8 7 8 18 7 18 11 19 196 16 14 4 7 6 18 9 16 5 3 8 160 15 14 5 15 166 180 18 1 194 13 8 12 12 20 14 1 3 13 195 187 151 4 0 0 16 157 197 18 20 2 0 1 14 16 8 6 15 1 19 13 15 14 17 10 1 20 14 11 14 8 13 3 6 154 176 17 181 4 0 12 181 9 1 169 186 194 3 13 5 3 3 178 10 20 7 158 17 182 18 15 12 13 17 173 17 14 13 2 6 0 20 186 10 16 11 10 11 16 171 18 9 158 8 6 2 7 17 6 5 2 17 20 15 12 2 18 189 14 162 8 4 0 19 179 8 1 169 16 2 19 12 10 0 2 13 3 8 8 161 15 5 16 7 16 189 16 9 5 17 167 2 2 183 13 18 20 189 2 12 3 3 12 16 13 170 10
862
14 172 12 15 14 15 20 11 12 2 8 4 195 8 3 15 195 0 11 7 197 20 4 6 7 166 2 7 175 8 12 188 153 9 6 198 17 0 7 186 3 10 152 12 10 10 0 14 14 9 17 1 7 5 12 12 14 13 16 9 12 168 16 10 8 10 6 5 188 185 7 1 17 7 18 16 2 182 18 20 5 7 1 9 2 9 10 15 6 189 17 13 192 1 11 13 6 8 15 5 6 10 10 11 153 2 11 5 16 18 4 168 20 11 5 10 6 5 16 159 195 173 9 6 7 15 3 2 10 16 19 168 6 8 3 170 0 171 0 8 15 2 187 176 1 153 183 18 159 15 12 17 17 17 20 2 11 8 159 0 17 190 10 15 7 1 2 172 4 14 9 14 158 178 14 12 12 10 19 163 176 16 6 15 168 7 1 1 150 10 183 11 16 4 194 14 152 184 14 9 18 4 18 13 187 154 4 16 5 11 9 1 168 10 200 19 20 9 7 12 8 12 2 7 14 176 18 12 159 2 166 10 17 14 2 8 5 11 200 6 14 18 7 4 12 171 0 13 182 198 12 5 0 3 3 15 13 6 4 160 17 6 179 180 20 20 14 13 182 17 20 9 7 0 17 15 196 150 0 9 156 2 14 18 0 4 191 17 20 4 179 19 193 6 6 4 13 15 14 7 189 20 0 1 1 19 6 19 8 15 179 10 10 10 13 8 161 18 16 1 152 199 13 9 8 192 173 19 14 2 10 20 15 163 154 1 9 1 4 2 3 169 9 5 0 20 2 16 18 11 5 0 13 177 15 10 18 168 20 2 16 1 3 9 1 17 3 7 12 16 199 4 6 8 13 17 14 10 17 19 162 4 15 11 13 12 8 10 1 2 13 10 20 196 0 180 18 171 2 16 15 11 19 12 20 14 2 165 1 19 20 172 18 177 20 6 18 197 6 179 170 2 179 11 4 11 167 7 18 18 13 11 181 6 15 0 173 4 194 14 3 160 2 4 156 11 8 10 15 17 13 181 8 7 179 2 195 8 19 157 4 14 20 6 4 11 7 165 8 11 4 11 13 19 16 11 18 1 3 11 184 5 19 8 20 1 9 8 17 6 4 11 2 194 16 5 20 15 19 177 155 170 8 9 3 155 19 194 15 8 192 17 192 20 2 9 13 6 15 6 178 10 11 17 0 184 192 16 12 161 6 8 0 14 2 1 4 181 13 8 14 153 2 191 182 15 4 7 166 11 7 9 20 15 16 8 20 6 5 1 180 8 14 16 12 20 8 17 10 13 160 20 7 1 7 2 3 166 10 5 4 0 2 16 7 9 186 16 9 14 13 200 10 183 3 10 15 9 5 6 16 1 18 19 1 154 157 10 168 8 14 12 8 1 10 8 12 17 12 194 13 7 4 16 2 10 19 8 14 8 18 1 14 18 8 12 7 14 3 16 17 12 13 10 14 3 19 2 177 15 14 190 165 150 19 18 152 12 1 9 18 195 2 17 17 15 20 199 4 6 19 6 11 191 8 0 13 6 1 8 20 12 20 16 15 7 10 10 6 13 0 4 178 161 3 3 182 17 19 182 14 183 196 0 20 19 13 12 9 2 12 176 10 150 8 14 19 9 17 19 7 6 0 8 4 6 20 1 167 17 3 2 182 174 6 4 16 172 1 15 12 13 9 4 18 7 20 197 11 3 4 1 188 177 3 15 192 173 12 2 17 2 159 1 9 18 8 3 173 9 7 19 150 9 187 15 13 13 8 3 13 6 10 5 9 177 183 194 174 199 13 5 17 11 7 14 189 0 2 19 8 192 0 157 13 1 5 15 3 2 6 6 169 2 16 195 184 0 198 1 5 192 4 161 0 196 8 7 2 199 11 6 10 10 171 189 10 0 19 18 182 14 167 17 20 18 10 11 4 180 1 184 162 6 18 0 164 5 8 1 12 6
704
0 200 57 53 103 83 108 78 115 99 62 80 76 51 61 102 85 116 81 75 74 96 85 68 100 73 118 79 53 114 110 104 84 88 82 73 107 51 50 83 69 57 69 83 94 108 117 96 54 95 94 85 84 101 82 87 115 61 107 98 94 102 88 59 60 100 73 114 80 80 100 52 120 50 99 102 87 84 89 52 93 56 59 56 55 112 95 80 50 75 73 90 104 54 108 93 102 53 118 61 73 80 67 96 59 75 74 57 74 93 67 90 94 90 90 90 106 82 50 62 70 107 79 70 65 102 115 117 94 73 61 101 52 87 97 65 76 120 57 65 95 66 78 80 89 93 79 65 119 51 103 67 120 66 112 63 54 111 77 113 64 79 96 75 56 111 114 57 116 72 57 54 61 107 96 110 120 67 51 96 112 93 72 68 96 58 68 99 101 115 114 77 111 119 75 103 92 78 58 87 67 116 62 91 51 116 100 95 89 108 104 84 83 86 118 77 118 85 75 66 102 57 70 72 82 74 85 101 63 93 84 60 106 71 54 112 118 92 56 59 92 66 62 114 101 88 72 94 116 107 73 92 114 86 108 64 70 101 92 111 62 73 110 91 82 70 88 60 93 82 80 102 94 113 85 67 107 69 99 79 64 52 91 53 113 84 119 60 100 60 102 64 117 103 55 81 80 77 60 116 80 55 108 52 100 103 73 92 80 58 89 100 69 76 115 95 58 120 85 93 85 93 73 55 103 84 65 119 64 106 69 69 83 56 120 103 105 64 52 104 65 71 98 120 83 71 113 63 117 77 57 90 104 79 83 69 50 118 107 61 73 80 94 67 89 78 68 60 51 93 110 82 105 85 75 50 66 103 104 96 69 72 79 117 53 96 100 85 111 117 89 102 119 76 83 51 94 56 106 66 109 82 66 71 66 62 50 98 74 54 108 66 65 116 112 91 111 57 79 95 117 72 61 91 70 118 76 77 63 67 58 54 75 58 78 59 89 71 92 94 70 102 87 69 56 57 54 52 90 82 75 96 116 61 98 120 93 88 106 115 76 84 60 99 56 113 91 107 87 118 102 79 106 115 66 81 92 74 60 61 120 107 106 108 117 50 68 117 69 66 52 68 61 60 119 61 58 64 64 74 64 105 73 119 101 93 54 111 65 79 75 98 107 116 97 91 118 70 77 95 82 90 80 76 117 68 91 51 54 67 72 106 59 110 59 95 71 108 55 103 71 104 56 119 105 110 80 102 106 89 120 71 113 97 78 75 61 93 104 82 86 87 100 50 94 115 61 120 81 99 64 60 117 118 111 98 70 74 86 61 81 62 89 55 109 61 102 62 63 114 112 100 119 85 99 119 63 119 89 119 81 120 82 91 101 70 78 84 111 117 115 58 115 61 82 64 73 111 91 60 100 78 110 111 116 66 71 52 76 105 109 84 74 90 53 62 111 53 117 99 108 118 64 107 62 117 60 116 101 67 93 82 80 61 101 96 118 66 110 83 97 116 52 74 99 90 66 57 106 52 115 106 104 90 87 118 72 115 114 94 61 95 81 55 59 67 113 71 103 86 88 83 59 106 63 64 120 96 82 101 85 86 51 200
790
170 7 4 180 5 167 6 17 2 162 173 192 9 15 11 16 4 14 6 14 4 17 165 165 8 173 184 6 10 9 7 10 19 12 1 2 3 8 8 10 8 14 3 18 13 13 154 13 4 17 12 0 13 4 7 1 174 20 19 190 0 4 7 17 5 0 11 19 11 170 12 191 191 171 7 18 197 6 11 0 14 199 10 6 17 160 15 8 14 2 3 20 9 11 9 9 20 19 13 2 192 16 158 15 9 20 18 16 7 18 4 8 173 5 20 8 176 14 5 174 14 11 6 10 7 4 20 8 6 13 17 11 6 179 12 15 159 15 168 3 19 11 17 12 6 10 174 2 5 15 11 8 153 4 20 14 11 9 14 18 12 191 157 16 7 13 5 17 198 8 4 9 184 0 1 1 1 0 4 2 17 8 13 11 19 20 197 18 167 2 3 9 5 4 11 7 19 16 0 19 20 169 196 17 9 12 18 12 18 160 4 10 194 5 17 179 5 15 16 184 2 153 7 3 19 171 14 161 18 2 176 14 154 0 7 13 13 161 9 152 13 8 20 12 188 13 0 20 8 169 5 15 0 10 19 5 192 0 167 6 19 11 1 155 12 8 19 173 13 7 20 2 4 4 14 18 17 188 9 5 3 17 185 7 191 18 20 0 186 1 16 4 1 13 16 11 3 17 4 9 4 20 0 8 4 3 15 6 168 5 196 163 0 20 13 20 5 6 6 11 12 20 6 7 1 11 19 10 13 176 8 161 0 0 12 20 178 178 185 20 12 15 8 15 0 16 19 17 1 9 2 6 8 18 11 16 6 8 193 8 6 13 16 2 19 186 154 4 9 9 14 178 183 20 1 2 7 9 180 10 16 0 16 7 4 177 9 158 8 14 19 17 5 20 9 1 200 14 19 19 5 20 182 16 168 185 0 6 1 20 3 19 17 16 0 169 1 17 20 167 155 11 14 3 152 20 16 12 14 1 8 8 7 16 185 7 6 197 8 157 5 193 12 8 5 1 156 9 192 1 11 4 9 14 9 13 188 2 17 198 2 173 17 5 18 0 16 192 16 20 16 3 16 167 166 1 170 196 5 3 8 163 16 17 3 13 18 18 172 2 11 200 14 16 3 2 16 171 19 13 1 199 0 20 171 9 10 181 3 195 5 14 182 14 16 5 7 12 10 5 20 19 178 6 6 13 18 18 0 13 8 182 2 0 14 9 10 20 15 13 16 15 3 1 12 13 7 15 5 150 12 20 8 17 7 170 15 12 12 19 4 8 11 4 168 10 7 0 165 10 178 1 2 10 165 2 189 19 0 0 3 10 183 8 186 17 161 161 1 12 4 0 199 1 6 18 9 12 1 173 20 1 173 6 165 18 12 192 2 14 17 11 13 4 6 197 2 4 15 15 12 1 0 8 197 171 4 150 198 10 13 189 17 2 11 192 4 5 14 193 17 20 5 17 3 10 193 16 9 16 7 11 6 161 14 9 4 8 18 156 7 176 164 199 13 11 2 8 6 12 5 1 3 20 168 4 20 11 7 8 16 8 183 5 178 187 6 20 20 13 7 2 13 19 158 4 159 168 18 18 16 0 11 16 7 17 183 4 16 15 3 17 10 184 11 11 13 3 4 18 4 12 1 0 151 6 3 18 20 161 14 189 17 10 4 185 11 12 12 16 18 11 17 196 7 9 17 3 2 8 8 7 2 5 17 172 7 9 1 12 16 0 11 2 18 7 15 179 0 3 10 6 1 1 5 8 18 14 9 197 189 12 3 17 5 20 9 12 189 17
95
52 8 45 32 199 196 66 72 194 51 37 187 35 188 106 188 195 7 108 52 78 162 134 53 91 88 36 120 115 84 95 121 93 172 183 30 22 160 39 129 119 150 10 133 119 99 182 196 72 183 135 121 156 128 156 137 80 163 38 63 102 58 148 0 188 79 34 75 62 66 86 193 171 108 75 163 69 184 127 91 11 61 195 82 132 17 20 148 53 191 153 180 200 38 82
400
16 20 9 15 14 17 6 15 4 11 1 16 20 5 15 5 18 17 15 13 13 1 16 6 9 13 2 11 17 17 5 9 0 14 10 13 20 12 16 6 13 18 9 7 8 2 17 19 10 5 13 7 8 8 18 8 10 6 0 6 19 16 1 5 6 14 4 6 14 13 2 19 13 15 4 3 2 8 17 11 4 18 8 10 0 20 4 15 1 5 12 6 11 7 4 2 1 9 1 15 5 5 13 15 17 14 19 20 2 14 12 6 13 18 14 20 17 1 17 11 20 4 13 4 14 16 13 15 4 2 9 6 20 13 20 8 18 3 17 11 1 15 5 3 12 20 0 17 15 19 6 7 10 5 10 4 12 3 10 8 18 3 9 10 0 1 9 15 14 11 2 20 12 1 2 9 19 16 15 8 18 12 9 13 7 18 10 2 5 1 13 1 17 9 19 14 18 11 19 15 9 7 4 2 9 15 9 14 14 8 8 9 11 14 10 6 20 18 13 10 12 6 12 6 5 8 12 14 19 0 7 18 17 7 3 2 3 9 0 15 16 0 13 10 7 8 15 1 6 16 20 5 12 18 18 12 7 3 11 7 2 3 7 15 18 20 15 19 2 15 20 14 15 5 19 20 0 8 20 2 6 15 12 0 9 18 17 9 18 4 15 16 6 12 2 1 17 9 14 8 5 13 10 7 18 6 15 16 3 15 20 8 17 15 1 16 7 6 12 1 13 16 15 2 5 14 14 8 2 7 2 5 10 7 1 10 7 6 19 9 9 14 13 6 20 0 11 18 11 11 15 11 15 12 13 20 3 18 6 8 13 5 17 10 2 5 14 4 10 16 14 11 7 9 9 5 14 3 2 10 4 15 9 8 6 4 17 18 14 7 11 4 6 18 20 6 1 17 14 6
422
0 0 0 0 0 0 0 0 0 0 0 0 0 0 0 0 0 0 0 0 0 0 0 0 0 0 0 0 0 0 0 0 0 0 0 0 0 0 0 0 0 0 0 0 0 0 0 0 0 0 0 0 0 0 0 0 0 0 0 0 0 0 0 0 0 0 0 0 0 0 0 0 0 0 0 0 0 0 0 0 0 0 0 0 0 0 0 0 0 0 0 0 0 0 0 0 0 0 0 0 0 0 0 0 0 0 0 0 0 0 0 0 0 0 0 0 0 0 0 0 0 0 0 0 0 0 0 0 0 0 0 0 0 0 0 0 0 0 0 0 0 0 0 0 0 0 0 0 0 0 0 0 0 0 0 0 0 0 0 0 0 0 0 0 0 0 0 0 0 0 0 0 0 0 0 0 0 0 0 0 0 0 0 0 0 0 0 0 0 0 0 0 0 0 0 0 0 0 0 0 0 0 0 0 0 0 0 0 0 0 0 0 0 0 0 0 0 0 0 0 0 0 0 0 0 0 0 0 0 0 0 0 0 0 0 0 0 0 0 0 0 0 0 0 0 0 0 0 0 0 0 0 0 0 0 0 0 0 0 0 0 0 0 0 0 0 0 0 0 0 0 0 0 0 0 0 0 0 0 0 0 0 0 0 0 0 0 0 0 0 0 0 0 0 0 0 0 0 0 0 0 0 0 0 0 0 0 0 0 0 0 0 0 0 0 0 0 0 0 0 0 0 0 0 0 0 0 0 0 0 0 0 0 0 0 0 0 0 0 0 0 0 0 0 0 0 0 0 0 0 0 0 0 0 0 0 0 0 0 0 0 0 0 0 0 0 0 0 0 0 0 0 0 0 0 0 0 0 0 0 0 0 0 0 0 0 0 0 0 0 0 0 0 0 0 0 0 0 0 0 0 0 0 0 0 0 0 0 0 0 0 0 0 0 0 0 0 0 0 0 0 0
406
0 200 83 88 87 110 117 112 58 84 59 92 63 101 78 119 68 119 114 118 64 55 59 112 91 119 80 116 54 69 75 76 108 71 90 88 57 75 70 117 115 67 83 107 105 75 56 63 76 98 94 111 90 62 78 52 101 87 60 111 58 76 79 68 62 77 97 89 97 102 65 120 87 73 51 109 85 55 90 97 60 111 75 51 62 55 60 107 94 67 51 54 71 102 58 71 78 72 119 73 104 113 91 70 71 64 58 72 80 58 87 68 74 112 56 62 71 53 67 53 114 90 59 84 118 106 96 68 94 88 96 111 112 74 77 101 72 84 80 59 66 92 106 67 98 52 78 55 89 75 53 111 50 117 52 86 98 91 92 82 109 57 71 69 89 110 86 96 98 58 57 59 102 55 95 120 111 67 71 50 75 66 86 115 64 71 76 57 114 105 59 57 77 81 104 54 54 73 98 74 77 54 73 59 91 69 54 102 51 119 50 114 74 103 110 97 53 117 57 103 86 120 109 89 83 107 78 56 120 89 77 70 112 109 53 96 57 103 110 116 65 113 59 57 89 89 111 114 76 88 86 76 105 51 100 89 66 112 88 77 94 82 112 58 55 72 84 69 118 71 86 96 81 65 92 118 76 116 69 107 116 112 99 104 89 59 68 53 101 77 106 53 69 95 52 116 96 100 116 77 78 78 118 53 65 117 61 73 107 83 87 68 86 85 119 114 94 60 83 76 76 78 58 72 89 79 82 66 64 99 92 104 111 102 62 105 50 70 76 100 85 79 81 108 61 92 106 103 63 73 54 75 64 70 116 112 75 94 83 88 76 107 61 101 106 97 110 108 77 102 90 59 61 77 64 109 52 109 81 103 99 91 58 56 51 106 120 73 53 98 63 114 101 54 106 60 119 55 102 57 106 86 107 87 69 200
577
194 2 3 5 162 0 9 17 16 14 8 175 11 1 5 0 160 153 10 2 1 190 11 10 171 1 189 8 9 157 186 152 10 9 12 19 161 13 15 151 9 1 15 195 194 17 14 7 0 20 3 12 15 6 4 152 1 1 18 10 7 5 12 0 173 1 1 17 6 19 168 17 11 175 167 14 3 1 18 12 4 0 16 12 5 192 186 7 176 1 14 16 153 15 17 174 1 155 13 186 9 2 16 152 155 171 15 18 18 10 16 12 177 166 18 12 194 11 9 1 20 155 0 20 16 3 12 198 16 17 175 7 5 164 14 4 152 20 168 6 14 13 4 1 3 5 8 165 183 6 12 4 156 156 7 14 14 9 158 13 15 3 167 2 19 20 9 15 177 12 177 8 0 8 14 13 3 19 13 0 11 179 1 9 18 161 150 180 155 20 8 16 20 8 185 4 2 179 3 4 17 13 19 17 178 168 8 8 18 14 5 10 6 16 163 17 10 20 179 5 10 2 10 1 14 2 11 14 11 6 11 9 15 15 8 152 16 156 0 5 16 0 161 12 1 1 1 19 176 9 165 153 13 168 15 7 13 9 12 19 189 15 8 6 16 6 161 10 6 17 11 6 177 197 18 3 11 17 13 19 17 1 9 13 157 3 15 9 163 154 6 14 10 199 189 17 194 20 1 6 9 14 16 9 162 18 6 16 17 3 19 7 20 4 5 2 196 16 11 3 2 13 177 9 196 11 191 13 2 19 9 4 3 7 10 0 15 16 1 0 2 18 11 18 17 196 170 11 8 12 7 180 2 15 10 17 184 7 4 12 20 12 13 180 18 19 154 2 16 199 169 13 13 7 8 175 4 3 1 167 4 5 0 4 12 17 9 10 5 7 6 18 13 1 181 178 7 197 198 153 7 20 14 13 19 5 0 9 14 3 5 5 191 0 19 183 192 7 12 0 169 159 4 10 178 197 168 14 152 5 5 176 10 13 14 179 5 7 6 20 11 154 14 163 15 5 1 4 19 10 6 14 7 14 6 4 3 14 1 20 10 199 13 16 11 14 5 19 17 15 1 15 12 9 1 12 19 15 6 17 6 16 7 12 11 4 16 17 3 1 13 8 4 14 198 9 188 14 0 5 12 166 8 8 2 6 3 164 16 5 19 12 18 150 0 187 20 10 1 15 4 167 3 12 8 13 162 18 9 11 3 16 1 17 7 7 181 5 186 5 19 19 152 0 13 182 6 169 7 1 4 10 5 1 1 18 16 17 12 15 196 12 2 9 13 5 178 181 12 13 0 184 19 12 169 14 5
417
6 2 156 191 157 11 4 4 12 7 11 3 159 171 9 17 158 8 155 6 10 3 17 185 3 12 10 12 12 4 5 12 5 15 0 11 5 13 177 0 7 16 20 4 9 195 2 6 11 183 164 13 20 7 7 12 3 159 14 9 7 15 6 177 20 4 5 17 1 4 166 3 19 152 159 174 16 18 12 17 11 175 10 16 8 12 17 14 150 0 1 18 194 18 189 5 7 13 1 0 176 20 198 3 14 12 11 6 19 10 8 6 14 14 8 13 167 20 11 15 150 2 0 158 19 176 0 9 16 6 0 12 15 1 4 4 9 6 162 13 14 19 164 16 165 13 12 158 1 4 4 183 6 20 7 13 13 6 13 2 7 20 17 13 15 152 166 16 186 14 17 1 16 19 14 196 10 13 9 9 20 3 157 20 155 183 9 20 18 0 168 12 9 1 179 18 1 10 13 172 169 15 186 11 2 12 18 180 7 4 20 189 7 8 4 196 16 14 0 13 6 196 180 0 2 14 10 9 157 16 16 18 182 20 2 15 191 14 2 6 5 189 161 17 0 16 183 3 192 1 6 7 10 156 5 15 7 11 187 15 0 1 157 10 0 5 186 175 11 17 18 8 17 200 15 9 2 194 4 191 0 173 19 187 155 175 160 13 7 11 16 16 4 20 17 1 18 166 17 179 6 9 4 158 15 15 19 8 2 15 5 5 191 11 18 11 0 11 15 169 5 151 3 194 9 0 19 15 18 193 153 19 16 8 15 6 177 14 0 14 13 17 20 11 8 19 176 16 14 174 199 185 10 10 7 162 9 9 1 20 3 20 161 10 10 15 6 1 11 18 181 9 17 2 195 166 3 1 14 185 197 6 3 10 16 7 184 164 1 18 7 14 15 11 7 15 175 9 11 2 16 169 1 4 14 170 13 1 179 19 13 19 18 173 14 191 13
715
200 200 200 200 200 200 200 200 200 200 200 200 200 200 200 200 200 200 200 200 200 200 200 200 200 200 200 200 200 200 200 200 200 200 200 200 200 200 200 200 200 200 200 200 200 200 200 200 200 200 200 200 200 200 200 200 200 200 200 200 200 200 200 200 200 200 200 200 200 200 200 200 200 200 200 200 200 200 200 200 200 200 200 200 200 200 200 200 200 200 200 200 200 200 200 200 200 200 200 200 200 200 200 200 200 200 200 200 200 200 200 200 200 200 200 200 200 200 200 200 200 200 200 200 200 200 200 200 200 200 200 200 200 200 200 200 200 200 200 200 200 200 200 200 200 200 200 200 200 200 200 200 200 200 200 200 200 200 200 200 200 200 200 200 200 200 200 200 200 200 200 200 200 200 200 200 200 200 200 200 200 200 200 200 200 200 200 200 200 200 200 200 200 200 200 200 200 200 200 200 200 200 200 200 200 200 200 200 200 200 200 200 200 200 200 200 200 200 200 200 200 200 200 200 200 200 200 200 200 200 200 200 200 200 200 200 200 200 200 200 200 200 200 200 200 200 200 200 200 200 200 200 200 200 200 200 200 200 200 200 200 200 200 200 200 200 200 200 200 200 200 200 200 200 200 200 200 200 200 200 200 200 200 200 200 200 200 200 200 200 200 200 200 200 200 200 200 200 200 200 200 200 200 200 200 200 200 200 200 200 200 200 200 200 200 200 200 200 200 200 200 200 200 200 200 200 200 200 200 200 200 200 200 200 200 200 200 200 200 200 200 200 200 200 200 200 200 200 200 200 200 200 200 200 200 200 200 200 200 200 200 200 200 200 200 200 200 200 200 200 200 200 200 200 200 200 200 200 200 200 200 200 200 200 200 200 200 200 200 200 200 200 200 200 200 200 200 200 200 200 200 200 200 200 200 200 200 200 200 200 200 200 200 200 200 200 200 200 200 200 200 200 200 200 200 200 200 200 200 200 200 200 200 200 200 200 200 200 200 200 200 200 200 200 200 200 200 200 200 200 200 200 200 200 200 200 200 200 200 200 200 200 200 200 200 200 200 200 200 200 200 200 200 200 200 200 200 200 200 200 200 200 200 200 200 200 200 200 200 200 200 200 200 200 200 200 200 200 200 200 200 200 200 200 200 200 200 200 200 200 200 200 200 200 200 200 200 200 200 200 200 200 200 200 200 200 200 200 200 200 200 200 200 200 200 200 200 200 200 200 200 200 200 200 200 200 200 200 200 200 200 200 200 200 200 200 200 200 200 200 200 200 200 200 200 200 200 200 200 200 200 200 200 200 200 200 200 200 200 200 200 200 200 200 200 200 200 200 200 200 200 200 200 200 200 200 200 200 200 200 200 200 200 200 200 200 200 200 200 200 200 200 200 200 200 200 200 200 200 200 200 200 200 200 200 200 200 200 200 200 200 200 200 200 200 200 200 200 200 200 200 200 200 200 200 200 200 200 200 200 200 200 200 200 200 200 200 200 200 200 200 200 200 200 200 200 200 200 200 200 200 200 200 200 200 200 200 200 200 200 200 200 200 200 200 200 200 200 200 200 200 200 200 200 200 200 200 200 200 200 200 200 200 200 200 200 200 200 200 200 200 200 200 200 200
781
200 200 200 200 200 200 200 200 200 200 200 200 200 200 200 200 200 200 200 200 200 200 200 200 200 200 200 200 200 200 200 200 200 200 200 200 200 200 200 200 200 200 200 200 200 200 200 200 200 200 200 200 200 200 200 200 200 200 200 200 200 200 200 200 200 200 200 200 200 200 200 200 200 200 200 200 200 200 200 200 200 200 200 200 200 200 200 200 200 200 200 200 200 200 200 200 200 200 200 200 200 200 200 200 200 200 200 200 200 200 200 200 200 200 200 200 200 200 200 200 200 200 200 200 200 200 200 200 200 200 200 200 200 200 200 200 200 200 200 200 200 200 200 200 200 200 200 200 200 200 200 200 200 200 200 200 200 200 200 200 200 200 200 200 200 200 200 200 200 200 200 200 200 200 200 200 200 200 200 200 200 200 200 200 200 200 200 200 200 200 200 200 200 200 200 200 200 200 200 200 200 200 200 200 200 200 200 200 200 200 200 200 200 200 200 200 200 200 200 200 200 200 200 200 200 200 200 200 200 200 200 200 200 200 200 200 200 200 200 200 200 200 200 200 200 200 200 200 200 200 200 200 200 200 200 200 200 200 200 200 200 200 200 200 200 200 200 200 200 200 200 200 200 200 200 200 200 200 200 200 200 200 200 200 200 200 200 200 200 200 200 200 200 200 200 200 200 200 200 200 200 200 200 200 200 200 200 200 200 200 200 200 200 200 200 200 200 200 200 200 200 200 200 200 200 200 200 200 200 200 200 200 200 200 200 200 200 200 200 200 200 200 200 200 200 200 200 200 200 200 200 200 200 200 200 200 200 200 200 200 200 200 200 200 200 200 200 200 200 200 200 200 200 200 200 200 200 200 200 200 200 200 200 200 200 200 200 200 200 200 200 200 200 200 200 200 200 200 200 200 200 200 200 200 200 200 200 200 200 200 200 200 200 200 200 200 200 200 200 200 200 200 200 200 200 200 200 200 200 200 200 200 200 200 200 200 200 200 200 200 200 200 200 200 200 200 200 200 200 200 200 200 200 200 200 200 200 200 200 200 200 200 200 200 200 200 200 200 200 200 200 200 200 200 200 200 200 200 200 200 200 200 200 200 200 200 200 200 200 200 200 200 200 200 200 200 200 200 200 200 200 200 200 200 200 200 200 200 200 200 200 200 200 200 200 200 200 200 200 200 200 200 200 200 200 200 200 200 200 200 200 200 200 200 200 200 200 200 200 200 200 200 200 200 200 200 200 200 200 200 200 200 200 200 200 200 200 200 200 200 200 200 200 200 200 200 200 200 200 200 200 200 200 200 200 200 200 200 200 200 200 200 200 200 200 200 200 200 200 200 200 200 200 200 200 200 200 200 200 200 200 200 200 200 200 200 200 200 200 200 200 200 200 200 200 200 200 200 200 200 200 200 200 200 200 200 200 200 200 200 200 200 200 200 200 200 200 200 200 200 200 200 200 200 200 200 200 200 200 200 200 200 200 200 200 200 200 200 200 200 200 200 200 200 200 200 200 200 200 200 200 200 200 200 200 200 200 200 200 200 200 200 200 200 200 200 200 200 200 200 200 200 200 200 200 200 200 200 200 200 200 200 200 200 200 200 200 200 200 200 200 200 200 200 200 200 200 200 200 200 200 200 200 200 200 200 200 200 200 200 200 200 200 200 200 200 200 200 200 200 200 200 200 200 200 200 200 200 200 200 200 200 200 200 200 200 200 200 200 200 200 200 200 200 200 200 200 200 200 200 200 200 200 200 200 200 200 200 200 200 200
611
7 12 9 10 11 5 7 6 0 10 15 0 18 20 20 7 10 7 2 16 3 5 14 12 18 0 8 9 16 13 3 17 4 16 9 4 2 19 13 8 2 9 12 6 14 8 5 2 16 3 11 12 2 0 6 10 0 13 12 1 20 6 14 14 3 20 8 11 14 11 20 16 14 3 0 10 16 19 9 1 2 1 1 0 13 18 17 7 13 8 8 17 5 7 7 13 9 5 8 0 4 17 0 1 5 2 3 14 20 1 5 20 12 0 14 16 4 6 0 17 3 16 5 1 8 7 11 18 17 3 14 12 5 7 1 20 13 1 7 2 16 16 16 19 6 4 15 14 3 11 16 20 11 1 4 1 13 7 3 9 17 18 17 17 16 12 8 17 20 0 11 16 18 2 3 20 9 16 16 19 12 6 16 9 7 6 6 19 5 15 9 4 12 13 10 14 10 9 2 6 8 1 19 2 8 2 19 8 14 2 10 0 19 7 11 13 12 0 20 5 2 20 9 4 14 10 10 12 13 3 20 7 18 5 12 0 11 13 15 6 13 0 9 8 2 17 11 0 11 7 16 8 13 3 17 12 4 19 3 4 18 18 11 9 4 15 17 19 9 16 6 2 15 6 12 2 19 6 13 7 7 8 6 3 5 5 20 3 7 18 5 17 7 6 12 2 9 13 11 18 6 14 4 3 8 0 18 8 3 1 19 7 5 0 8 12 1 18 11 20 3 0 6 10 7 18 9 0 0 0 1 7 15 9 2 1 20 18 1 5 2 5 2 7 2 17 8 8 0 2 15 5 20 16 2 19 19 8 19 16 20 9 8 20 14 13 5 16 8 16 3 18 8 16 16 5 17 6 16 12 3 15 1 14 20 18 8 20 8 13 15 0 5 10 5 13 6 1 15 11 2 17 4 13 16 5 4 19 8 20 18 15 16 2 1 15 0 14 0 6 6 18 16 18 6 1 5 11 10 20 9 1 16 10 18 16 12 19 2 4 18 15 15 14 15 19 10 4 13 11 16 1 3 12 6 7 7 5 13 12 7 3 14 15 5 5 3 9 20 20 8 14 18 14 4 18 16 0 18 8 4 13 20 1 7 11 0 11 11 16 0 15 20 20 5 20 15 14 3 20 5 2 5 3 7 15 19 6 11 14 15 4 6 6 3 16 17 13 18 7 0 13 17 7 19 0 5 0 18 16 20 13 3 5 11 5 0 9 12 6 18 12 5 13 7 5 17 5 3 11 7 14 5 5 0 3 7 19 6 4 4 7 12 15 0 19 3 11 16 1 7 1 2 17 5 16 3 1 3 15 15 5 15 11 17 2 7 13 15 17 19 19 17 12 3 8 8 15 1 18 2 4 1 9 6 10 20 15 10 8 16
612
11 183 13 4 4 151 9 10 5 161 11 178 20 13 15 7 182 179 5 6 17 10 15 180 20 1 13 1 11 2 200 0 18 15 14 19 1 17 0 20 1 11 17 150 0 15 200 16 18 10 16 200 8 13 3 13 17 17 19 15 16 0 15 7 18 157 5 5 11 7 11 4 7 6 12 7 11 14 6 6 14 12 6 9 9 14 186 6 17 199 0 10 7 8 3 16 12 20 8 7 11 3 5 3 15 1 9 8 172 14 174 16 4 2 16 17 12 9 19 3 11 150 10 13 6 7 14 12 5 19 6 17 10 15 1 19 12 167 8 16 173 11 20 20 16 166 10 17 159 18 183 4 5 4 5 20 4 17 16 13 19 18 14 18 9 14 2 2 0 8 3 15 4 13 177 181 11 178 4 12 1 6 14 2 9 1 186 4 2 7 11 159 2 1 12 4 2 4 8 0 0 14 16 2 1 19 163 1 175 9 5 19 0 4 191 17 3 4 6 8 11 11 1 11 15 18 163 4 151 5 7 11 18 20 2 8 161 6 16 188 2 12 182 5 19 11 10 19 0 16 168 198 17 0 3 2 10 190 13 10 6 8 10 17 16 17 17 2 15 7 18 10 14 15 8 10 20 11 8 16 8 7 17 16 154 11 9 11 14 0 0 188 8 13 13 17 11 3 9 11 6 181 166 5 7 8 172 195 0 3 152 170 16 1 10 198 0 0 14 9 13 2 19 12 7 1 14 15 15 20 15 19 9 3 18 2 197 156 6 17 9 12 6 19 175 13 11 9 1 1 159 11 17 17 8 0 1 17 4 18 10 20 15 17 18 7 0 180 14 198 1 174 153 13 0 16 0 9 6 5 14 7 0 19 9 3 8 6 16 167 176 11 13 11 4 3 18 10 2 0 6 20 167 9 8 14 16 6 4 15 10 4 4 18 6 0 13 14 20 20 14 3 9 10 15 10 15 16 14 15 6 5 15 19 10 16 4 18 18 7 4 1 1 1 154 3 2 20 12 18 7 3 9 17 20 7 19 8 6 18 12 161 6 5 1 19 20 187 2 12 7 1 18 2 173 164 2 7 5 5 184 20 159 19 19 8 13 8 186 17 2 19 12 6 6 16 184 9 12 182 15 6 2 0 198 4 8 1 16 16 17 2 7 10 186 187 182 190 3 15 19 9 8 163 5 157 2 13 9 2 7 15 7 13 15 9 4 165 10 18 179 10 171 10 20 158 154 4 12 178 10 181 174 3 159 1 2 7 4 155 6 3 14 9 13 5 10 15 1 170 15 11 7 13 8 18 11 14 3 15 9 15 19 13 14 178 19 9 15 3 12 14 14 12 7 1 3 161 9 16 16 19 166 11 187 15 14 10 17 183 9 12
342
17 1 18 0 3 12 18 5 18 13 1 10 12 15 3 12 13 16 5 8 5 0 9 13 13 16 1 8 1 19 9 13 10 6 17 6 2 19 1 20 12 2 11 1 9 19 11 11 5 18 7 1 5 12 13 19 1 1 1 10 17 10 12 12 12 8 6 18 9 8 17 6 0 19 17 14 14 9 8 3 12 20 9 15 19 14 2 18 6 13 18 3 9 4 17 8 18 20 20 10 13 12 11 7 7 3 10 20 12 20 19 19 8 7 5 8 16 2 13 8 3 7 2 2 20 6 9 13 2 5 16 20 15 16 7 8 19 4 14 9 19 14 19 15 13 4 14 18 16 18 9 9 3 14 4 9 19 8 17 12 2 0 19 5 15 5 15 2 1 6 16 3 7 12 1 9 4 13 20 1 8 17 2 11 6 7 11 3 2 17 13 14 5 13 18 20 11 12 14 0 4 8 9 1 15 11 6 4 17 13 5 10 5 14 4 15 20 11 7 8 14 7 5 19 16 17 13 7 9 9 15 18 17 8 15 16 9 4 7 9 18 1 10 12 3 14 4 5 8 3 20 16 7 19 19 9 12 7 12 7 19 6 15 10 15 7 12 9 10 5 0 8 7 16 19 2 3 17 8 17 1 19 3 1 0 4 9 19 6 16 16 4 5 11 12 10 11 0 9 6 12 12 6 10 9 5 12 5 0 12 12 16 11 5 1 18 2 0 0 10 3 6 3 0 20 5 14 5 17 3 5 13 13 0 19 4 3 14 11 11 16 4
540
13 5 195 17 4 4 19 150 6 6 13 169 19 6 18 151 12 4 196 1 13 4 19 190 3 4 18 7 18 3 170 10 175 20 153 13 3 154 14 3 15 0 6 189 18 2 5 13 12 6 200 1 14 7 3 3 11 178 182 6 13 18 19 7 20 169 4 7 194 1 14 15 160 20 3 158 176 177 7 11 8 159 6 7 178 2 17 184 12 6 6 19 3 19 13 167 5 2 6 12 9 1 5 12 13 12 191 178 1 1 190 156 13 19 158 11 159 11 155 9 13 14 196 4 2 18 165 16 167 7 191 7 0 2 9 16 10 17 18 16 9 20 18 196 20 9 8 3 190 9 10 152 169 14 19 18 153 186 6 159 17 2 16 13 8 3 2 17 168 19 1 1 10 7 159 11 156 10 4 11 16 11 192 13 153 10 155 8 14 2 158 188 20 16 8 3 2 183 2 153 15 176 151 16 15 20 6 12 15 10 196 161 16 1 182 19 11 20 17 7 16 195 6 154 17 7 18 19 154 18 3 10 5 184 11 0 4 17 186 10 5 3 169 14 1 12 14 10 11 8 2 4 9 15 0 16 191 13 16 18 17 4 177 158 19 12 13 194 14 8 4 7 159 12 11 16 9 2 176 3 10 178 193 181 15 157 14 13 5 185 3 16 7 179 17 17 4 18 174 16 6 5 16 198 12 198 150 12 19 195 3 3 160 20 6 8 1 7 16 8 4 2 18 20 11 9 6 4 9 0 7 13 166 198 6 11 4 17 3 4 19 200 0 17 1 12 11 8 12 7 5 11 196 5 2 5 10 2 3 15 176 18 150 4 11 160 9 9 14 154 199 13 5 19 11 4 165 11 18 12 3 10 7 11 9 20 0 17 2 5 17 179 19 9 8 16 165 19 19 14 189 0 8 20 18 3 20 11 14 18 12 16 10 1 14 9 161 5 11 20 13 11 7 16 1 2 18 19 8 1 18 20 11 20 5 16 6 19 187 8 5 20 9 0 17 11 155 20 14 191 14 6 10 169 17 0 2 8 13 15 19 5 18 13 0 1 188 2 12 17 167 12 7 186 0 0 18 196 16 152 159 14 3 14 10 17 9 172 158 10 5 193 11 195 4 8 9 16 190 192 18 16 18 6 182 20 20 171 17 13 8 10 14 181 178 1 1 3 2 7 17 16 6 17 2 6 17 1 16 155 11 7 8 3 13 5 15 16 184 159
593
0 200 106 59 96 78 96 67 58 117 78 69 68 76 97 87 75 116 106 72 88 103 110 86 58 110 116 58 95 93 86 52 80 91 75 54 96 112 63 68 54 83 60 62 88 64 96 94 107 53 61 112 73 52 99 81 81 96 79 63 111 77 101 105 65 77 99 119 85 84 67 51 78 53 108 70 56 66 103 100 62 50 70 90 76 77 116 68 87 86 95 120 116 67 86 65 78 106 59 88 71 82 113 74 111 105 85 91 115 113 64 120 88 116 78 111 57 88 59 78 92 62 58 57 85 85 86 75 108 95 77 105 55 106 82 71 52 55 110 99 92 80 102 52 99 60 116 89 52 56 54 75 71 74 94 52 90 66 94 73 111 57 54 103 88 58 57 95 82 118 75 105 82 111 75 102 70 96 120 107 117 101 66 84 102 84 102 64 69 81 87 112 73 60 114 120 53 71 59 64 88 68 100 105 51 84 104 113 64 89 99 120 74 67 57 66 111 53 73 120 99 76 117 110 103 52 61 96 59 67 101 95 85 55 83 68 85 71 51 91 77 111 120 101 110 80 91 69 61 90 59 63 65 50 59 112 93 113 60 61 93 73 118 98 68 76 97 115 76 74 103 118 116 61 81 63 79 58 63 112 114 113 80 95 74 106 70 60 53 72 91 79 89 60 80 107 83 59 68 59 74 118 113 88 53 86 68 60 80 98 78 120 74 75 109 118 75 65 87 77 81 105 83 92 104 100 90 98 100 102 110 98 116 101 64 104 89 115 76 78 53 101 93 102 81 63 89 108 113 60 74 118 63 77 111 116 50 91 98 87 60 96 79 103 94 60 58 111 98 104 80 119 102 64 108 92 118 72 50 58 106 62 93 96 73 88 56 91 118 105 120 58 79 117 94 119 79 54 86 58 64 82 61 85 63 86 84 74 86 77 118 58 108 88 99 87 113 61 90 61 74 57 83 83 61 64 53 101 81 56 71 74 83 82 50 59 120 98 81 59 69 60 97 63 69 112 116 56 102 58 80 57 81 100 112 90 77 116 92 57 64 112 110 111 104 55 84 90 53 117 103 94 115 90 53 51 60 78 56 100 57 80 74 75 111 67 96 111 82 112 59 77 50 90 84 102 107 83 111 53 107 114 100 119 103 66 76 69 76 62 52 98 69 118 118 106 88 80 115 90 66 59 116 58 115 58 55 77 85 102 113 57 50 108 60 113 98 101 83 77 114 113 87 107 86 70 102 109 66 86 115 120 97 105 81 120 84 66 103 88 100 53 90 71 92 75 99 106 79 65 72 56 70 92 98 111 106 60 79 52 74 84 116 99 61 97 57 62 94 64 52 66 200
262
155 8 8 8 8 8 8 155 155 8 155 8 8 155 155 8 8 8 8 155 8 8 8 8 155 155 155 8 155 8 155 155 8 155 8 8 8 155 155 155 155 155 155 8 8 155 8 8 8 8 155 155 155 8 8 8 8 8 8 155 155 8 155 155 155 155 8 155 155 8 155 155 155 155 155 155 155 8 155 155 155 8 155 155 155 8 155 8 155 155 155 155 8 8 8 155 155 155 155 155 155 155 8 8 155 155 155 155 155 8 8 8 155 8 8 8 155 8 8 155 155 8 155 155 155 155 8 8 8 8 8 8 155 155 155 8 8 155 155 8 8 155 8 8 155 8 8 155 155 155 155 8 155 155 155 8 155 8 155 8 155 8 155 8 8 8 8 155 155 8 8 155 8 155 8 8 155 155 8 8 8 155 8 8 155 8 8 8 8 8 155 155 8 155 155 8 8 155 8 155 8 155 8 8 155 8 8 8 8 8 8 155 155 155 155 155 8 155 155 8 8 155 8 8 8 8 155 8 8 8 155 8 155 155 8 8 155 8 155 155 8 8 8 8 8 8 8 155 155 8 8 8 155 155 155 155 8 8 8 8 8 155
136
0 0 0 0 0 0 0 0 0 0 0 0 0 0 0 0 0 0 0 0 0 0 0 0 0 0 0 0 0 0 0 0 0 0 0 0 0 0 0 0 0 0 0 0 0 0 0 0 0 0 0 0 0 0 0 0 0 0 0 0 0 0 0 0 0 0 0 0 0 0 0 0 0 0 0 0 0 0 0 0 0 0 0 0 0 0 0 0 0 0 0 0 0 0 0 0 0 0 0 0 0 0 0 0 0 0 0 0 0 0 0 0 0 0 0 0 0 0 0 0 0 0 0 0 0 0 0 0 0 0 0 0 0 0 0 0
189
0 200 71 92 83 120 105 53 89 68 91 65 79 83 55 69 78 112 65 66 113 57 102 99 114 60 85 72 112 83 62 119 103 76 59 87 99 75 110 117 96 59 81 58 83 90 107 60 73 79 84 109 115 70 68 108 64 119 92 52 109 52 77 95 60 84 93 65 79 116 55 64 88 56 110 99 102 114 84 61 74 54 94 66 120 59 85 111 73 87 82 113 103 120 116 113 70 95 73 114 99 58 87 79 60 94 60 55 91 94 61 89 95 111 111 75 53 80 86 92 102 55 72 53 89 99 52 106 97 101 87 76 65 95 98 110 84 52 64 95 91 90 87 63 61 108 62 54 60 83 52 87 76 104 57 84 111 51 81 74 86 70 65 72 118 86 91 75 120 98 82 104 106 107 98 89 57 74 68 111 83 98 52 78 56 118 85 113 200
182
0 0 0 0 0 0 0 0 0 0 0 0 0 0 0 0 0 0 0 0 0 0 0 0 0 0 0 0 0 0 0 0 0 0 0 0 0 0 0 0 0 0 0 0 0 0 0 0 0 0 0 0 0 0 0 0 0 0 0 0 0 0 0 0 0 0 0 0 0 0 0 0 0 0 0 0 0 0 0 0 0 0 0 0 0 0 0 0 0 0 0 0 0 0 0 0 0 0 0 0 0 0 0 0 0 0 0 0 0 0 0 0 0 0 0 0 0 0 0 0 0 0 0 0 0 0 0 0 0 0 0 0 0 0 0 0 0 0 0 0 0 0 0 0 0 0 0 0 0 0 0 0 0 0 0 0 0 0 0 0 0 0 0 0 0 0 0 0 0 0 0 0 0 0 0 0 0 0 0 0 0 0
28
93 26 146 165 157 135 196 76 181 31 175 171 127 171 38 127 180 69 134 18 189 108 36 2 12 191 12 0
861
0 200 118 54 52 71 101 54 83 69 72 51 91 72 111 85 67 112 93 83 98 62 114 76 93 73 52 51 58 108 62 79 76 64 110 85 101 91 93 111 96 69 66 52 108 71 89 68 69 60 60 62 106 111 99 52 51 52 95 118 77 74 76 109 94 80 100 93 116 102 88 67 68 83 77 68 115 120 87 89 105 104 111 83 69 63 54 106 77 97 90 90 75 65 104 71 54 96 62 83 64 118 90 73 112 105 52 104 67 82 103 105 108 72 53 95 54 74 87 110 87 103 53 82 77 56 87 93 72 68 102 74 119 102 83 106 62 79 82 85 103 78 72 92 112 98 94 57 52 62 88 94 80 59 93 59 63 110 80 86 69 74 116 73 75 87 113 79 55 103 51 79 73 54 111 88 51 98 76 118 67 107 80 95 93 57 83 116 93 91 83 61 51 60 100 66 60 88 82 79 106 88 111 90 54 113 91 50 53 58 64 77 64 91 90 98 100 82 100 54 112 72 65 82 71 78 115 55 72 119 54 102 63 92 100 106 81 120 97 87 82 103 89 94 115 105 80 53 71 87 78 93 71 64 76 112 116 115 65 100 80 51 59 72 84 76 55 62 100 95 83 114 97 65 75 50 54 108 84 75 54 106 102 112 78 78 114 102 71 74 105 54 67 83 84 80 58 100 114 69 53 97 85 80 75 106 93 69 57 82 108 119 94 77 50 110 117 103 83 78 58 88 76 77 61 111 100 91 102 105 117 81 70 117 76 107 74 95 104 108 103 88 51 82 91 70 55 58 107 87 88 76 87 96 51 65 110 103 113 114 94 68 62 59 74 110 73 77 101 80 88 51 57 78 114 105 110 51 70 119 93 78 119 104 93 88 117 84 103 85 108 108 54 113 98 51 52 67 68 82 87 61 56 93 73 59 72 120 65 66 64 105 111 59 117 95 93 51 79 110 116 69 85 52 69 56 107 105 56 114 90 50 54 57 75 98 94 114 88 88 76 99 58 114 70 84 70 78 69 70 86 95 100 73 64 97 93 92 114 109 74 98 98 92 107 85 108 70 107 84 91 54 106 113 70 115 65 69 84 72 62 81 51 83 117 81 59 82 62 62 67 116 93 66 107 59 58 60 94 54 54 116 54 97 99 102 84 96 88 69 111 91 70 120 81 72 72 75 86 111 92 87 83 81 106 81 101 78 61 110 83 62 66 115 80 114 52 100 114 109 56 118 58 60 75 120 120 109 75 106 75 101 100 82 119 75 114 90 97 74 79 92 80 71 98 66 72 77 102 59 55 82 101 67 103 113 107 61 85 52 103 102 100 101 109 81 80 99 77 118 112 100 94 92 65 55 52 89 99 96 84 69 61 80 83 106 50 60 120 105 54 114 116 58 55 90 53 106 91 82 112 77 110 76 53 78 111 116 80 86 110 50 66 69 81 114 51 76 89 67 79 98 56 51 75 53 69 56 107 69 69 62 56 82 50 97 89 64 50 54 104 55 110 82 103 78 94 86 120 78 113 58 64 69 62 110 113 58 106 51 106 54 102 97 54 111 86 68 88 92 61 115 120 51 87 79 65 70 71 91 63 96 52 74 90 94 51 69 58 72 91 92 70 81 101 54 72 58 88 92 95 76 83 94 90 114 104 90 64 108 78 108 101 100 99 95 117 93 100 117 93 66 72 80 75 111 80 55 67 80 86 85 86 90 105 111 108 97 60 54 108 54 63 104 68 114 99 63 69 72 58 103 112 51 62 56 92 52 56 85 99 54 88 100 105 89 113 64 66 103 55 102 105 81 58 115 62 77 96 67 102 70 61 97 69 67 88 104 83 95 93 87 80 93 100 100 120 107 91 93 112 104 59 54 71 52 109 64 118 50 87 103 100 86 95 76 92 111 57 87 87 72 79 52 57 63 58 78 112 117 99 87 113 60 110 119 119 51 114 82 200
525
17 5 7 191 2 8 20 2 4 3 20 18 181 19 8 7 12 12 182 1 4 10 15 14 9 8 0 192 5 20 20 14 9 179 8 158 14 6 152 8 9 158 17 152 169 17 11 1 158 2 18 12 0 17 18 193 182 194 15 3 199 15 6 15 178 1 192 0 8 9 7 3 186 181 3 2 5 19 17 1 181 20 6 15 6 9 4 6 20 8 189 11 1 6 8 7 17 7 13 5 189 4 189 197 3 13 164 6 2 193 17 18 5 7 10 5 3 0 12 12 164 15 1 8 16 195 19 2 4 195 18 20 20 5 18 1 12 7 5 166 11 10 10 5 171 17 20 14 10 6 17 162 200 2 2 4 2 13 2 15 5 14 6 20 168 7 3 4 2 15 18 7 8 3 16 6 8 183 3 161 169 16 190 17 12 13 8 15 0 175 169 150 20 1 1 8 1 4 1 18 0 1 173 10 8 168 12 199 193 6 6 9 11 13 1 3 7 13 0 185 9 7 188 19 3 13 4 5 7 10 11 18 171 11 0 7 10 1 15 13 12 11 20 12 7 4 20 17 8 2 192 4 9 12 1 200 167 11 19 6 161 3 1 11 180 9 151 195 11 0 19 18 12 6 3 177 156 13 20 14 16 5 13 177 17 18 155 11 1 3 3 8 5 13 11 2 2 1 6 9 12 7 6 13 8 3 8 20 7 18 11 196 14 18 17 199 8 166 4 198 17 2 17 19 5 5 12 12 15 16 0 1 3 13 5 20 172 4 19 20 17 8 186 10 3 12 13 9 15 15 13 10 3 8 1 180 19 16 7 167 0 14 198 16 13 18 19 16 19 170 1 19 3 12 4 3 3 12 8 1 8 19 7 150 20 18 4 8 14 4 20 17 7 17 16 185 7 10 17 14 191 18 191 1 162 175 8 199 195 8 17 10 8 11 7 17 184 180 9 16 15 9 14 11 8 20 153 6 8 15 3 195 9 164 1 16 3 13 3 16 19 9 14 162 191 7 1 199 193 191 3 8 18 16 10 9 169 2 4 11 200 10 12 1 165 18 11 5 1 160 3 1 1 186 7 1 177 8 15 1 16 177 14 171 5 2 12 19 11 15 8 1 12 7 15 17 165 15 19 0 11 185 0 5 7 18 8 1 0 0 14 171 6 178 8 177 15 8 7 0 13 184 12 18 196
844
0 200 109 103 68 96 56 117 109 95 77 79 70 95 68 66 118 63 112 103 54 79 97 54 81 111 111 111 51 110 106 108 76 115 106 69 89 94 117 118 107 120 83 80 102 64 63 118 70 83 109 52 75 99 50 82 116 55 94 62 65 76 86 85 117 64 69 81 98 79 73 74 105 55 86 82 113 81 75 117 76 68 64 62 112 84 70 112 68 97 71 56 57 113 97 107 103 108 118 60 76 116 91 50 73 55 92 90 115 54 100 84 58 58 102 65 76 55 70 85 72 79 70 101 90 69 51 71 78 100 104 113 91 65 100 91 105 53 74 98 72 84 66 55 101 79 55 69 100 84 92 89 50 85 117 65 110 80 113 92 97 98 60 65 62 75 53 75 92 80 85 81 63 62 66 97 86 117 94 96 79 72 105 76 54 105 52 91 68 63 57 113 65 119 80 72 72 86 63 93 109 65 70 70 90 103 70 94 112 102 116 110 90 72 75 63 58 93 71 73 98 104 116 96 105 120 51 75 78 113 95 77 89 75 85 113 55 97 104 54 53 78 68 96 107 89 63 91 89 101 77 82 51 118 69 53 79 65 102 96 111 72 100 84 93 71 90 87 58 51 82 108 72 85 90 106 85 98 59 117 77 55 112 111 74 120 52 86 102 103 95 89 120 119 63 67 91 67 87 90 70 53 73 90 64 75 109 120 73 101 77 117 62 79 69 72 59 52 82 120 115 92 75 102 93 111 114 79 111 87 94 87 109 104 57 57 103 76 74 74 102 81 88 89 83 114 87 96 68 70 95 72 103 109 86 92 89 98 57 116 87 57 111 114 113 113 86 67 98 82 82 75 60 76 55 85 110 104 71 116 120 115 110 63 74 112 115 86 61 88 115 56 57 99 85 64 112 91 115 81 94 71 120 99 57 99 63 77 113 106 52 54 115 51 111 106 63 92 116 114 67 105 57 53 118 76 69 110 62 73 100 71 59 54 65 118 94 92 83 90 73 57 57 69 109 98 53 55 50 84 112 93 61 110 65 72 59 80 79 88 85 89 88 112 55 78 97 107 59 59 88 106 110 105 76 78 82 94 70 82 75 108 70 57 95 115 86 59 67 80 108 94 84 116 63 110 106 62 98 73 80 79 70 69 81 61 70 71 88 62 96 70 105 59 59 86 120 94 90 112 89 106 92 115 87 70 105 75 110 69 61 80 66 100 64 110 68 55 120 50 52 77 62 52 71 69 93 103 87 78 101 52 85 79 52 56 83 73 102 60 119 79 109 117 111 66 63 94 55 55 72 62 113 114 58 86 100 61 107 61 55 109 116 53 71 60 69 53 75 89 91 52 53 108 92 119 65 87 82 120 69 84 50 76 90 88 87 63 83 89 67 64 113 102 119 111 66 118 77 61 95 50 103 117 59 82 96 56 73 110 116 101 51 106 103 71 85 89 111 111 106 54 95 66 85 86 66 57 84 106 91 120 50 59 90 102 118 59 94 98 111 89 67 92 112 93 88 57 74 95 82 63 97 54 113 102 110 114 63 103 66 57 82 50 117 103 97 85 50 85 92 54 112 88 95 105 58 91 72 108 53 51 69 52 89 109 56 90 59 81 86 79 91 84 100 70 115 94 110 94 108 66 83 66 91 83 116 82 113 89 76 72 94 68 88 76 102 57 104 90 72 53 87 107 118 89 104 117 56 106 105 81 110 68 56 59 109 52 77 52 57 111 61 97 108 90 105 105 89 54 53 50 108 84 100 63 89 56 97 91 82 119 83 100 103 58 60 68 96 50 93 69 58 72 71 94 102 71 89 75 94 64 104 115 52 67 67 105 52 109 71 120 120 66 78 74 103 120 68 82 77 57 90 95 117 60 105 99 74 77 109 68 95 109 76 60 51 86 86 62 94 71 67 200
539
186 57 57 57 135 135 35 154 65 35 57 154 186 57 65 65 65 57 57 57 65 57 35 65 57 35 154 154 65 135 154 135 186 135 65 35 65 35 65 65 57 154 186 186 57 35 186 154 65 135 35 154 57 57 65 186 65 35 65 135 35 35 65 154 35 135 186 65 186 154 154 154 135 57 57 57 154 65 57 35 57 65 57 65 65 35 154 186 135 35 35 154 186 186 35 57 154 57 186 186 57 35 57 65 186 35 35 186 65 35 135 186 154 186 35 65 186 186 65 154 154 65 57 186 35 57 65 65 57 35 35 135 135 186 154 57 135 65 65 154 154 57 154 154 154 65 57 135 65 35 35 135 186 135 135 35 154 154 35 135 35 186 154 35 65 57 35 57 57 57 154 35 186 35 65 186 35 35 65 57 65 154 154 135 135 65 186 186 186 186 186 57 35 57 186 154 135 35 35 57 186 186 186 57 135 186 57 186 35 135 186 57 57 154 154 65 65 35 57 186 65 57 35 35 57 154 35 154 154 57 186 186 35 57 35 135 35 154 135 35 65 154 135 186 35 35 35 135 135 186 35 186 57 35 57 35 35 35 154 65 186 65 186 154 65 135 65 135 57 186 186 154 186 65 65 57 154 154 186 57 154 135 57 186 65 186 186 35 186 35 154 186 154 154 154 186 135 186 186 65 135 186 65 35 57 35 35 57 135 154 135 154 57 57 35 35 57 65 154 65 135 135 154 57 35 154 65 35 154 135 154 135 154 57 35 65 57 57 35 57 57 57 57 135 57 35 65 35 186 135 65 65 154 135 135 154 57 135 135 135 35 186 186 186 35 35 35 186 57 65 135 57 57 65 57 186 186 57 65 65 35 35 57 35 186 65 135 65 135 57 154 35 135 65 154 135 57 65 186 135 186 65 186 154 65 154 57 65 35 35 35 65 186 65 65 35 65 186 154 35 65 186 186 135 154 135 57 35 186 154 65 65 65 35 154 154 65 57 186 35 65 35 35 57 135 65 186 135 154 186 65 154 135 186 154 135 135 186 186 57 57 135 135 135 135 186 65 186 35 186 65 35 35 57 154 35 186 65 186 57 154 135 154 135 35 35 186 65 154 35 57 186 35 186 186 135 186 154 135 65 154 154 57 57 154 57 186 186 186 186 135 35 65 154 35 35 154 186 154 186 135 35 135 35 35 135 35 57 154 35 135 186 35 135 186 154 154 135 154
261
7 45 140 28 140 28 140 140 140 28 7 28 7 28 7 7 28 7 45 140 140 7 45 140 45 28 45 140 28 28 7 45 45 140 7 28 140 140 28 140 7 28 28 45 140 140 140 140 45 45 140 140 45 28 140 140 7 45 45 140 28 28 140 45 7 7 140 140 140 45 7 45 45 45 45 7 7 140 140 28 140 28 7 28 45 7 28 7 140 45 45 140 140 28 45 45 45 140 140 140 140 7 28 140 28 7 45 140 140 140 140 140 140 7 28 140 28 45 7 45 140 140 7 7 28 45 7 140 45 7 45 28 28 45 140 28 7 28 140 28 45 45 28 7 28 45 7 7 45 140 140 140 140 140 28 45 28 7 45 140 45 28 45 140 140 7 140 7 45 140 28 28 7 7 28 140 28 28 28 140 140 7 45 28 45 140 140 28 7 28 45 140 7 45 7 45 45 45 7 7 28 28 28 7 45 7 28 28 28 45 45 28 45 45 7 140 45 7 140 7 45 7 45 28 45 45 140 7 45 45 45 7 7 140 140 45 28 140 28 45 7 7 140 7 140 140 28 140 7 140 45 140 28 28 140 45 45 45 45 140 140
994
0 200 85 58 55 78 71 70 66 53 57 72 67 84 109 67 108 116 98 62 87 79 52 112 104 116 74 55 102 84 106 115 96 51 117 87 109 99 57 110 118 114 110 86 62 82 54 91 85 109 83 96 60 107 120 73 91 94 116 56 58 104 103 50 108 50 55 108 108 70 72 54 104 97 99 77 109 117 106 105 109 57 78 84 91 107 61 68 108 85 98 83 53 79 78 84 105 74 50 100 57 104 81 62 55 108 68 83 100 118 92 77 102 101 58 102 93 83 81 116 84 103 114 53 83 79 84 114 83 107 57 92 92 109 104 104 87 112 112 62 69 75 69 53 109 115 101 50 89 81 71 93 105 85 77 88 76 80 82 50 79 52 117 81 84 116 108 111 66 93 90 88 119 74 50 97 54 61 100 89 63 88 105 79 68 83 88 99 55 75 60 88 75 97 66 77 53 57 69 110 101 57 103 90 90 93 108 75 80 115 107 117 111 92 57 58 83 94 71 86 120 84 97 108 100 111 51 70 68 74 65 111 61 69 51 109 81 69 94 101 63 86 82 53 77 103 107 65 70 67 119 117 93 50 112 103 115 120 69 91 94 76 93 59 105 63 92 77 54 60 88 97 96 83 76 72 60 71 71 57 73 109 98 112 113 102 114 106 68 94 63 117 111 51 55 118 50 75 106 53 114 107 120 106 116 69 59 107 115 96 73 62 51 65 88 107 114 69 85 94 68 61 106 95 93 87 59 52 89 117 62 101 62 98 108 65 89 61 72 100 116 103 70 112 73 110 79 64 56 111 73 65 102 87 103 58 108 63 58 105 80 83 119 119 53 104 92 104 55 60 106 112 63 114 62 107 50 79 111 118 64 95 117 73 111 99 74 96 69 73 118 103 59 108 98 92 50 51 114 62 76 102 115 86 73 87 110 98 100 74 84 70 90 81 78 109 87 71 113 86 76 60 74 53 50 95 74 58 76 119 63 86 100 118 100 67 71 109 88 76 69 94 100 56 71 77 105 111 70 88 119 117 70 110 92 72 89 84 56 68 85 94 96 67 96 99 89 72 114 79 99 120 60 107 92 87 60 87 115 114 119 75 58 55 68 77 107 63 77 96 113 110 54 116 73 120 59 84 115 80 110 53 89 90 120 57 62 94 64 71 94 76 117 82 101 78 85 67 110 63 86 90 84 63 74 101 117 73 71 106 78 69 95 103 102 119 85 95 76 75 104 103 57 96 112 115 87 94 59 50 89 110 76 54 50 62 58 71 84 110 112 52 87 60 75 76 118 83 85 74 89 77 95 53 114 85 98 108 62 99 64 54 86 95 67 120 54 94 78 59 92 98 85 118 89 92 116 64 113 96 88 87 72 98 106 68 85 111 69 50 116 91 81 106 94 89 102 89 51 58 72 111 91 79 91 62 99 111 87 109 97 51 116 91 99 53 103 91 96 53 94 98 101 83 90 68 97 111 112 87 85 107 78 87 74 50 68 116 55 82 62 117 60 64 95 52 70 98 71 81 90 91 89 102 76 92 99 110 75 105 85 116 52 52 67 82 73 92 73 116 59 67 75 110 81 94 61 58 86 97 70 110 66 101 52 85 113 55 53 98 61 61 110 71 57 67 90 67 82 50 101 102 112 64 90 105 108 95 101 109 67 100 92 101 54 50 60 112 115 54 56 101 67 61 60 79 57 91 72 76 94 51 69 101 116 86 55 50 82 119 67 101 107 107 119 119 80 73 69 74 70 111 83 80 67 89 104 60 116 59 94 77 72 117 61 97 84 115 97 112 116 102 60 77 108 93 86 115 52 90 80 50 50 73 73 86 51 99 120 85 83 79 89 50 102 81 53 100 80 54 117 58 63 71 63 56 83 114 97 84 59 66 87 102 109 53 65 117 81 90 65 55 119 115 50 56 89 96 110 71 68 94 107 51 116 67 104 86 64 66 66 111 85 73 64 73 103 116 65 108 60 58 56 107 115 106 76 85 84 89 63 85 94 58 92 89 115 50 114 93 58 115 60 119 91 54 90 90 55 99 67 102 62 77 113 77 83 51 77 102 104 116 63 79 87 55 57 119 73 116 86 73 96 94 100 108 77 117 102 62 76 119 63 53 63 104 112 71 73 102 100 112 102 89 65 98 76 115 103 98 50 52 57 105 96 117 102 57 116 95 120 73 78 89 82 54 114 85 70 115 104 77 102 108 97 72 108 91 120 108 55 118 87 67 115 101 108 70 103 117 116 52 86 200
307
200 200 200 200 200 200 200 200 200 200 200 200 200 200 200 200 200 200 200 200 200 200 200 200 200 200 200 200 200 200 200 200 200 200 200 200 200 200 200 200 200 200 200 200 200 200 200 200 200 200 200 200 200 200 200 200 200 200 200 200 200 200 200 200 200 200 200 200 200 200 200 200 200 200 200 200 200 200 200 200 200 200 200 200 200 200 200 200 200 200 200 200 200 200 200 200 200 200 200 200 200 200 200 200 200 200 200 200 200 200 200 200 200 200 200 200 200 200 200 200 200 200 200 200 200 200 200 200 200 200 200 200 200 200 200 200 200 200 200 200 200 200 200 200 200 200 200 200 200 200 200 200 200 200 200 200 200 200 200 200 200 200 200 200 200 200 200 200 200 200 200 200 200 200 200 200 200 200 200 200 200 200 200 200 200 200 200 200 200 200 200 200 200 200 200 200 200 200 200 200 200 200 200 200 200 200 200 200 200 200 200 200 200 200 200 200 200 200 200 200 200 200 200 200 200 200 200 200 200 200 200 200 200 200 200 200 200 200 200 200 200 200 200 200 200 200 200 200 200 200 200 200 200 200 200 200 200 200 200 200 200 200 200 200 200 200 200 200 200 200 200 200 200 200 200 200 200 200 200 200 200 200 200 200 200 200 200 200 200 200 200 200 200 200 200 200 200 200 200 200 200 200 200 200 200 200 200
719
5 1 15 0 18 16 5 6 7 15 3 14 11 12 20 18 8 5 12 2 0 5 0 0 8 20 2 0 0 3 18 8 14 12 8 19 1 9 0 1 4 10 2 17 12 6 13 3 7 15 8 2 13 15 0 6 15 3 19 18 7 6 4 5 6 3 16 15 7 11 14 9 14 8 3 0 20 12 4 6 19 17 16 10 11 16 19 5 3 10 20 8 2 16 5 5 14 8 1 6 1 12 20 10 12 3 11 18 16 14 7 12 14 1 18 2 0 9 17 0 20 9 16 2 8 2 11 19 16 2 0 2 18 17 7 15 6 4 13 9 7 9 13 0 12 11 6 13 13 14 17 2 12 1 8 2 20 18 11 18 19 14 17 13 7 20 6 12 4 9 7 9 20 4 2 7 8 19 0 3 10 6 19 4 16 11 4 6 16 8 8 13 20 4 14 10 12 7 8 8 15 17 13 8 8 7 16 8 11 16 2 14 6 12 0 1 13 9 7 11 12 2 2 4 4 14 17 12 0 15 2 14 17 19 12 2 17 0 15 19 3 10 3 6 13 8 0 19 13 13 9 6 19 2 16 18 0 16 20 12 20 6 19 15 16 15 10 9 18 4 15 13 3 1 7 12 4 0 18 10 8 7 19 3 8 18 13 2 16 11 2 12 7 2 6 16 1 16 20 7 20 13 19 1 16 20 3 12 16 1 15 13 4 12 1 16 18 18 16 4 5 15 2 18 8 6 14 12 17 9 0 6 8 7 16 15 1 5 2 18 6 12 0 15 20 16 17 6 18 8 3 9 2 3 18 19 18 8 10 19 10 10 13 7 7 16 12 19 20 14 18 8 2 19 5 0 19 12 6 16 2 0 10 14 17 20 4 3 2 6 17 6 8 10 2 5 14 4 8 11 17 0 3 13 2 5 20 6 8 16 9 16 0 12 5 4 3 7 16 17 4 9 10 3 11 8 19 14 11 20 9 2 16 14 1 16 12 11 6 20 10 0 2 12 10 11 19 1 11 4 7 4 7 15 4 18 6 2 4 15 7 12 1 18 5 7 8 14 5 20 11 11 12 13 10 2 3 7 8 12 12 3 2 18 17 17 18 6 17 17 4 14 19 12 12 7 19 14 12 16 0 6 2 4 20 15 19 16 12 9 1 5 18 17 3 18 9 0 17 12 19 5 9 18 4 16 4 12 0 10 20 4 0 6 17 19 11 5 10 9 4 19 9 2 10 15 4 16 3 2 0 2 15 6 4 19 8 3 16 3 4 16 12 0 4 14 0 4 4 3 19 14 11 16 11 3 7 8 13 4 13 12 4 1 2 18 19 19 0 20 2 6 4 2 8 20 4 5 2 0 0 2 2 3 11 8 8 3 9 6 1 13 0 15 12 4 4 4 7 4 19 0 1 9 10 8 2 11 0 12 9 19 7 3 3 4 2 2 6 3 6 3 5 11 15 20 18 1 11 3 11 5 8 16 13 20 2 5 11 12 2 20 3 2 18 0 7 20 15 7 4 6 4 1 12 4 18 16 9 7 19 4 13 15 7 2 16 13 13 13 15 8 13 13 4 20 5 0 3 17 6 14 6 1 0 16 15 0 12 14 0 9 0 12 16 12 12 15 9
426
0 200 83 85 97 83 69 91 117 60 107 52 54 97 83 106 72 65 60 114 115 118 106 82 99 85 69 95 86 90 55 102 92 102 90 118 92 82 52 98 99 106 62 87 59 77 83 89 84 74 109 95 87 88 69 68 52 108 109 107 56 105 94 83 116 83 94 93 77 117 104 92 120 73 66 116 73 73 99 92 84 89 63 120 110 97 75 56 100 63 99 91 56 116 81 116 92 81 101 74 64 67 57 84 58 104 94 80 93 86 109 117 111 103 87 69 106 62 60 87 87 108 98 54 54 113 115 100 96 87 85 54 87 66 68 51 95 62 61 87 103 63 78 70 76 97 78 99 74 98 74 56 118 61 96 99 98 59 89 114 65 85 92 53 102 88 58 78 106 63 69 94 74 51 84 53 84 84 82 88 92 119 103 95 81 69 73 98 64 85 114 83 62 69 86 80 102 114 107 80 75 89 119 63 96 77 70 108 103 115 100 86 73 111 95 111 56 76 51 91 68 75 96 101 76 65 58 74 50 97 96 117 120 65 85 102 106 52 82 77 84 52 90 82 53 87 71 59 56 92 119 79 111 74 59 78 73 75 99 102 80 75 65 106 91 91 90 64 95 117 109 60 109 62 67 120 108 102 51 57 58 73 86 59 110 99 113 50 63 70 79 76 51 58 108 80 93 78 53 62 61 81 71 87 53 74 87 110 92 84 63 56 110 100 94 65 66 112 60 93 111 93 113 80 99 117 70 92 60 90 67 51 88 87 78 112 53 120 62 80 98 90 70 54 63 91 111 61 111 84 112 102 104 88 98 120 67 53 88 112 78 51 93 66 96 87 87 113 80 88 116 107 100 50 62 120 86 72 89 115 64 68 109 119 110 105 85 58 87 69 93 59 92 109 89 92 97 70 101 114 111 66 71 51 77 117 76 97 101 80 90 107 75 107 57 112 110 70 51 100 105 118 84 119 66 200
631
33 189 36 157 65 200 150 193 106 186 176 85 154 113 185 190 119 0 75 85 86 131 86 39 32 62 69 67 29 37 193 95 116 185 95 166 182 127 57 196 34 172 72 63 26 125 50 164 81 43 59 11 110 137 43 6 4 65 73 101 127 42 132 93 182 160 16 124 98 46 105 88 124 8 92 169 53 164 52 64 24 114 117 172 36 165 3 19 186 126 183 192 48 119 129 120 24 62 115 117 193 139 50 22 29 156 3 136 76 149 102 131 108 178 151 71 112 100 34 43 120 183 120 25 150 38 172 182 199 161 135 167 91 102 31 108 153 162 144 105 183 39 28 57 20 129 138 34 99 151 140 41 6 40 88 41 188 1 157 169 35 107 8 149 22 55 8 166 23 146 166 65 90 164 165 71 91 61 52 142 34 102 65 195 172 90 162 175 153 127 98 4 107 28 19 42 19 131 134 90 97 21 62 68 37 63 53 2 70 43 72 150 43 113 114 126 172 52 84 25 36 110 174 86 166 71 112 84 12 110 133 174 153 116 7 193 40 64 15 101 110 47 145 85 193 126 119 156 56 33 0 9 191 124 31 199 28 184 154 78 164 84 72 9 66 131 131 12 97 0 140 186 144 99 143 93 85 73 155 21 33 21 104 79 150 108 156 80 88 61 132 71 30 98 0 131 103 45 178 129 73 141 56 59 199 147 78 88 24 93 168 37 191 71 148 35 60 184 33 45 161 27 18 14 27 89 6 151 160 26 14 194 154 150 117 106 199 198 99 78 13 171 79 122 93 59 27 5 68 18 6 2 175 25 193 197 5 127 52 158 122 27 33 6 124 18 161 105 80 95 98 26 121 170 75 111 182 120 186 96 80 11 127 157 169 35 187 184 35 50 162 10 147 143 16 11 198 195 159 132 174 180 30 179 38 186 66 11 193 62 47 187 134 35 74 174 44 109 19 150 30 22 70 4 121 153 162 154 134 95 123 65 16 190 79 118 95 128 127 128 58 19 144 79 102 54 121 27 89 40 171 41 81 144 2 46 73 143 49 68 60 145 106 187 94 191 52 51 111 169 66 29 180 58 6 158 59 29 111 23 76 200 185 80 122 52 146 6 159 175 164 101 168 46 171 128 90 146 47 154 169 150 18 117 20 9 72 150 168 104 60 185 159 137 14 37 16 50 108 148 121 104 151 63 190 26 108 164 163 178 148 13 7 141 22 118 97 148 86 101 38 193 34 5 114 126 116 60 118 200 180 38 18 186 170 120 22 106 192 106 142 49 87 112 164 53 188 50 0 83 182 31 137 64 26 198 30 9 40 65 116 181 130 152 81 63 130 199 170 6 195 185 48 196 0 148 72 55 127 85 45 12 109 175 118 27 161 63 54 145 8 122 121 167 192 177 174 132 11 6 68 187 144 141 31 184 104 198 61 30 102
189
12 8 15 15 8 10 5 6 15 2 13 0 6 4 16 7 19 13 13 7 1 2 11 3 16 18 6 1 5 4 0 11 2 2 11 4 6 9 3 1 3 15 6 4 2 5 10 1 9 11 0 7 13 14 20 6 16 6 3 20 16 9 19 7 13 7 18 1 3 18 8 14 4 10 1 14 2 12 11 16 1 3 10 6 17 16 3 10 12 18 17 20 7 15 10 3 0 14 7 18 4 16 18 5 15 11 20 2 1 3 20 4 18 19 0 14 11 6 11 5 3 18 14 9 8 20 7 5 9 16 12 9 9 19 13 12 12 7 3 8 10 4 12 7 14 14 16 11 13 4 17 16 14 8 1 19 17 13 1 20 15 20 3 12 12 13 14 12 11 13 10 11 17 6 0 10 2 19 1 7 19 18 7 15 16 9 9 6 1
658
200 200 200 200 200 200 200 200 200 200 200 200 200 200 200 200 200 200 200 200 200 200 200 200 200 200 200 200 200 200 200 200 200 200 200 200 200 200 200 200 200 200 200 200 200 200 200 200 200 200 200 200 200 200 200 200 200 200 200 200 200 200 200 200 200 200 200 200 200 200 200 200 200 200 200 200 200 200 200 200 200 200 200 200 200 200 200 200 200 200 200 200 200 200 200 200 200 200 200 200 200 200 200 200 200 200 200 200 200 200 200 200 200 200 200 200 200 200 200 200 200 200 200 200 200 200 200 200 200 200 200 200 200 200 200 200 200 200 200 200 200 200 200 200 200 200 200 200 200 200 200 200 200 200 200 200 200 200 200 200 200 200 200 200 200 200 200 200 200 200 200 200 200 200 200 200 200 200 200 200 200 200 200 200 200 200 200 200 200 200 200 200 200 200 200 200 200 200 200 200 200 200 200 200 200 200 200 200 200 200 200 200 200 200 200 200 200 200 200 200 200 200 200 200 200 200 200 200 200 200 200 200 200 200 200 200 200 200 200 200 200 200 200 200 200 200 200 200 200 200 200 200 200 200 200 200 200 200 200 200 200 200 200 200 200 200 200 200 200 200 200 200 200 200 200 200 200 200 200 200 200 200 200 200 200 200 200 200 200 200 200 200 200 200 200 200 200 200 200 200 200 200 200 200 200 200 200 200 200 200 200 200 200 200 200 200 200 200 200 200 200 200 200 200 200 200 200 200 200 200 200 200 200 200 200 200 200 200 200 200 200 200 200 200 200 200 200 200 200 200 200 200 200 200 200 200 200 200 200 200 200 200 200 200 200 200 200 200 200 200 200 200 200 200 200 200 200 200 200 200 200 200 200 200 200 200 200 200 200 200 200 200 200 200 200 200 200 200 200 200 200 200 200 200 200 200 200 200 200 200 200 200 200 200 200 200 200 200 200 200 200 200 200 200 200 200 200 200 200 200 200 200 200 200 200 200 200 200 200 200 200 200 200 200 200 200 200 200 200 200 200 200 200 200 200 200 200 200 200 200 200 200 200 200 200 200 200 200 200 200 200 200 200 200 200 200 200 200 200 200 200 200 200 200 200 200 200 200 200 200 200 200 200 200 200 200 200 200 200 200 200 200 200 200 200 200 200 200 200 200 200 200 200 200 200 200 200 200 200 200 200 200 200 200 200 200 200 200 200 200 200 200 200 200 200 200 200 200 200 200 200 200 200 200 200 200 200 200 200 200 200 200 200 200 200 200 200 200 200 200 200 200 200 200 200 200 200 200 200 200 200 200 200 200 200 200 200 200 200 200 200 200 200 200 200 200 200 200 200 200 200 200 200 200 200 200 200 200 200 200 200 200 200 200 200 200 200 200 200 200 200 200 200 200 200 200 200 200 200 200 200 200 200 200 200 200 200 200 200 200 200 200 200 200 200 200 200 200 200 200 200 200 200 200 200 200 200 200 200 200 200 200 200 200 200 200 200 200
171
12 165 7 18 4 193 193 4 4 19 6 1 170 16 197 2 13 7 2 2 19 4 6 9 13 14 10 19 17 19 18 13 7 11 3 160 3 13 12 200 172 4 16 4 3 155 158 12 16 8 5 199 5 15 19 195 3 16 7 0 7 18 7 14 157 19 11 17 4 14 12 5 18 1 186 17 14 191 3 17 6 11 8 19 15 18 193 19 19 6 1 2 8 1 3 20 156 3 6 16 17 12 7 16 13 3 9 7 171 200 12 4 152 5 2 14 4 154 9 11 8 16 12 11 0 8 18 15 15 6 1 18 19 7 17 3 9 1 1 2 4 15 169 4 178 171 2 14 5 8 10 16 172 12 14 11 155 17 10 18 12 6 19 173 164 15 7 13 184 16 0
308
159 128 68 147 54 36 76 149 88 139 55 152 134 93 171 5 55 89 65 77 65 139 154 100 124 49 96 21 62 2 124 177 52 122 178 87 115 17 30 51 161 177 136 1 80 85 150 86 153 55 149 87 60 94 182 150 176 95 136 47 16 99 52 89 64 184 181 57 127 101 137 52 157 90 96 76 64 15 104 48 163 91 41 99 106 173 198 45 54 159 123 28 82 178 77 85 194 102 186 45 187 97 14 4 3 39 123 55 4 32 84 114 31 144 36 76 5 22 45 16 66 32 59 53 176 30 47 175 38 93 102 137 117 65 103 127 57 142 113 20 182 166 155 59 171 118 58 27 154 186 16 64 86 33 107 45 72 43 44 187 190 0 150 172 17 12 142 191 168 18 155 64 101 79 161 93 39 33 166 13 107 55 12 123 119 86 88 52 167 72 76 58 157 31 124 87 143 34 186 189 186 39 10 55 111 200 130 156 167 103 100 133 50 111 130 174 66 176 77 138 158 132 154 160 132 46 176 82 92 2 32 173 194 57 4 121 83 166 82 183 42 10 155 98 199 128 87 26 186 5 186 132 193 152 0 191 1 174 103 27 18 148 174 13 64 14 76 193 180 20 41 162 123 161 102 5 197 8 3 111 151 10 118 98 62 155 25 25 6 38 35 123 144 64 29 194 6 37 65 128 92 64 85 82 164 53 54 9
565
200 200 200 200 200 200 200 200 200 200 200 200 200 200 200 200 200 200 200 200 200 200 200 200 200 200 200 200 200 200 200 200 200 200 200 200 200 200 200 200 200 200 200 200 200 200 200 200 200 200 200 200 200 200 200 200 200 200 200 200 200 200 200 200 200 200 200 200 200 200 200 200 200 200 200 200 200 200 200 200 200 200 200 200 200 200 200 200 200 200 200 200 200 200 200 200 200 200 200 200 200 200 200 200 200 200 200 200 200 200 200 200 200 200 200 200 200 200 200 200 200 200 200 200 200 200 200 200 200 200 200 200 200 200 200 200 200 200 200 200 200 200 200 200 200 200 200 200 200 200 200 200 200 200 200 200 200 200 200 200 200 200 200 200 200 200 200 200 200 200 200 200 200 200 200 200 200 200 200 200 200 200 200 200 200 200 200 200 200 200 200 200 200 200 200 200 200 200 200 200 200 200 200 200 200 200 200 200 200 200 200 200 200 200 200 200 200 200 200 200 200 200 200 200 200 200 200 200 200 200 200 200 200 200 200 200 200 200 200 200 200 200 200 200 200 200 200 200 200 200 200 200 200 200 200 200 200 200 200 200 200 200 200 200 200 200 200 200 200 200 200 200 200 200 200 200 200 200 200 200 200 200 200 200 200 200 200 200 200 200 200 200 200 200 200 200 200 200 200 200 200 200 200 200 200 200 200 200 200 200 200 200 200 200 200 200 200 200 200 200 200 200 200 200 200 200 200 200 200 200 200 200 200 200 200 200 200 200 200 200 200 200 200 200 200 200 200 200 200 200 200 200 200 200 200 200 200 200 200 200 200 200 200 200 200 200 200 200 200 200 200 200 200 200 200 200 200 200 200 200 200 200 200 200 200 200 200 200 200 200 200 200 200 200 200 200 200 200 200 200 200 200 200 200 200 200 200 200 200 200 200 200 200 200 200 200 200 200 200 200 200 200 200 200 200 200 200 200 200 200 200 200 200 200 200 200 200 200 200 200 200 200 200 200 200 200 200 200 200 200 200 200 200 200 200 200 200 200 200 200 200 200 200 200 200 200 200 200 200 200 200 200 200 200 200 200 200 200 200 200 200 200 200 200 200 200 200 200 200 200 200 200 200 200 200 200 200 200 200 200 200 200 200 200 200 200 200 200 200 200 200 200 200 200 200 200 200 200 200 200 200 200 200 200 200 200 200 200 200 200 200 200 200 200 200 200 200 200 200 200 200 200 200 200 200 200 200 200 200 200 200 200 200 200 200 200 200 200 200 200 200 200 200 200 200
849
8 2 10 198 4 10 12 189 11 8 9 7 14 13 15 11 181 14 18 13 7 6 17 16 9 5 1 15 0 7 20 183 11 19 16 8 8 0 5 1 15 0 17 7 1 2 20 13 4 9 180 20 5 183 16 164 14 0 18 10 155 8 4 19 3 7 9 4 13 2 4 19 153 8 13 5 16 200 8 15 13 2 13 11 2 0 10 12 3 1 3 8 197 6 17 9 6 4 184 0 12 189 5 16 6 19 13 18 19 14 13 173 184 10 14 19 11 10 20 5 7 182 195 3 182 178 0 20 16 8 2 9 150 17 12 12 11 8 10 185 157 0 18 7 162 18 2 0 12 14 11 4 4 191 17 181 9 10 9 5 20 8 17 1 13 18 9 17 16 7 4 9 12 16 17 19 11 1 5 1 186 181 13 18 19 157 19 10 9 12 9 15 2 6 5 20 18 4 10 16 12 1 190 0 198 11 165 0 12 14 6 8 2 3 7 7 10 0 7 152 9 165 11 5 7 163 1 5 3 190 9 12 3 16 3 2 171 0 8 186 20 11 5 20 14 4 200 8 11 194 6 3 186 19 13 7 14 6 6 17 13 12 7 10 6 12 17 179 8 10 8 151 3 16 19 11 0 2 4 6 13 7 3 200 160 20 11 3 170 12 7 164 8 12 159 13 181 14 12 8 14 1 11 15 18 6 177 20 20 159 9 12 0 190 16 15 10 7 2 19 11 0 179 9 15 197 0 8 0 4 17 10 1 9 4 20 18 16 16 156 15 16 6 11 3 186 175 200 13 15 0 1 10 7 9 15 184 6 11 1 177 2 19 6 17 8 0 6 17 5 8 13 175 15 2 188 5 9 4 188 2 12 11 0 20 14 20 1 171 9 20 18 14 12 6 20 2 15 11 9 181 20 3 152 169 20 20 5 1 20 18 14 17 7 16 2 20 177 187 4 181 196 9 5 10 150 14 3 154 9 20 10 2 10 10 180 7 19 188 20 8 16 11 0 6 18 13 1 4 0 10 3 17 8 0 0 12 3 0 11 7 176 15 19 0 8 20 12 11 6 194 15 18 13 153 16 6 2 13 7 5 10 3 5 12 13 18 5 19 7 4 15 161 196 12 20 17 14 2 6 0 13 8 173 13 1 4 0 6 159 8 2 3 20 15 160 5 0 189 19 16 19 7 6 5 151 6 9 19 13 16 12 0 8 6 19 2 2 3 196 2 0 180 3 180 19 7 5 0 5 3 0 18 8 6 12 17 10 7 17 152 17 150 11 171 16 12 20 0 12 3 197 13 19 152 11 8 16 9 20 17 17 11 18 191 173 4 5 4 9 167 6 8 19 12 194 15 12 6 0 17 16 17 2 9 0 8 6 151 13 153 177 5 18 0 15 12 7 11 1 197 3 13 11 14 199 17 3 190 0 2 200 183 14 7 195 6 1 172 177 191 3 174 9 10 3 8 190 13 7 185 14 4 12 9 16 8 3 14 12 9 154 7 6 18 16 6 4 13 13 12 156 20 19 163 11 16 12 7 186 187 10 20 5 180 10 167 9 14 172 1 13 6 150 175 162 0 10 7 11 15 10 1 14 20 20 18 175 180 20 3 161 11 18 0 18 168 16 15 5 5 17 6 6 16 0 12 1 10 17 10 14 20 17 4 167 20 6 8 3 200 4 11 4 12 0 7 182 5 12 10 19 7 13 3 14 3 7 2 13 14 12 176 187 15 9 180 176 4 7 16 179 157 10 194 175 5 4 16 11 18 8 12 2 8 9 15 18 6 10 166 17 12 18 161 166 173 15 18 18 9 2 8 174 8 8 191 14 15 163 10 157 8 200 14 187 13 4 6 9 3 18 154 9 20 8 20 3 14 12 159 178 20 4 1 2 16 9 0 16 11 162 10 18 16 9 14 20 11
94
15 185 13 193 176 162 0 185 0 20 20 16 16 9 0 10 4 14 15 17 163 187 7 199 13 16 4 17 5 183 194 12 153 9 16 14 13 11 2 8 8 20 9 20 7 20 188 13 8 4 181 9 19 183 9 11 11 176 17 186 13 1 5 10 5 14 8 154 17 18 168 10 9 4 9 13 4 3 12 188 15 2 176 9 196 8 8 11 168 13 19 5 11 152
139
0 0 0 0 0 0 0 0 0 0 0 0 0 0 0 0 0 0 0 0 0 0 0 0 0 0 0 0 0 0 0 0 0 0 0 0 0 0 0 0 0 0 0 0 0 0 0 0 0 0 0 0 0 0 0 0 0 0 0 0 0 0 0 0 0 0 0 0 0 0 0 0 0 0 0 0 0 0 0 0 0 0 0 0 0 0 0 0 0 0 0 0 0 0 0 0 0 0 0 0 0 0 0 0 0 0 0 0 0 0 0 0 0 0 0 0 0 0 0 0 0 0 0 0 0 0 0 0 0 0 0 0 0 0 0 0 0 0 0
978
200 200 200 200 200 200 200 200 200 200 200 200 200 200 200 200 200 200 200 200 200 200 200 200 200 200 200 200 200 200 200 200 200 200 200 200 200 200 200 200 200 200 200 200 200 200 200 200 200 200 200 200 200 200 200 200 200 200 200 200 200 200 200 200 200 200 200 200 200 200 200 200 200 200 200 200 200 200 200 200 200 200 200 200 200 200 200 200 200 200 200 200 200 200 200 200 200 200 200 200 200 200 200 200 200 200 200 200 200 200 200 200 200 200 200 200 200 200 200 200 200 200 200 200 200 200 200 200 200 200 200 200 200 200 200 200 200 200 200 200 200 200 200 200 200 200 200 200 200 200 200 200 200 200 200 200 200 200 200 200 200 200 200 200 200 200 200 200 200 200 200 200 200 200 200 200 200 200 200 200 200 200 200 200 200 200 200 200 200 200 200 200 200 200 200 200 200 200 200 200 200 200 200 200 200 200 200 200 200 200 200 200 200 200 200 200 200 200 200 200 200 200 200 200 200 200 200 200 200 200 200 200 200 200 200 200 200 200 200 200 200 200 200 200 200 200 200 200 200 200 200 200 200 200 200 200 200 200 200 200 200 200 200 200 200 200 200 200 200 200 200 200 200 200 200 200 200 200 200 200 200 200 200 200 200 200 200 200 200 200 200 200 200 200 200 200 200 200 200 200 200 200 200 200 200 200 200 200 200 200 200 200 200 200 200 200 200 200 200 200 200 200 200 200 200 200 200 200 200 200 200 200 200 200 200 200 200 200 200 200 200 200 200 200 200 200 200 200 200 200 200 200 200 200 200 200 200 200 200 200 200 200 200 200 200 200 200 200 200 200 200 200 200 200 200 200 200 200 200 200 200 200 200 200 200 200 200 200 200 200 200 200 200 200 200 200 200 200 200 200 200 200 200 200 200 200 200 200 200 200 200 200 200 200 200 200 200 200 200 200 200 200 200 200 200 200 200 200 200 200 200 200 200 200 200 200 200 200 200 200 200 200 200 200 200 200 200 200 200 200 200 200 200 200 200 200 200 200 200 200 200 200 200 200 200 200 200 200 200 200 200 200 200 200 200 200 200 200 200 200 200 200 200 200 200 200 200 200 200 200 200 200 200 200 200 200 200 200 200 200 200 200 200 200 200 200 200 200 200 200 200 200 200 200 200 200 200 200 200 200 200 200 200 200 200 200 200 200 200 200 200 200 200 200 200 200 200 200 200 200 200 200 200 200 200 200 200 200 200 200 200 200 200 200 200 200 200 200 200 200 200 200 200 200 200 200 200 200 200 200 200 200 200 200 200 200 200 200 200 200 200 200 200 200 200 200 200 200 200 200 200 200 200 200 200 200 200 200 200 200 200 200 200 200 200 200 200 200 200 200 200 200 200 200 200 200 200 200 200 200 200 200 200 200 200 200 200 200 200 200 200 200 200 200 200 200 200 200 200 200 200 200 200 200 200 200 200 200 200 200 200 200 200 200 200 200 200 200 200 200 200 200 200 200 200 200 200 200 200 200 200 200 200 200 200 200 200 200 200 200 200 200 200 200 200 200 200 200 200 200 200 200 200 200 200 200 200 200 200 200 200 200 200 200 200 200 200 200 200 200 200 200 200 200 200 200 200 200 200 200 200 200 200 200 200 200 200 200 200 200 200 200 200 200 200 200 200 200 200 200 200 200 200 200 200 200 200 200 200 200 200 200 200 200 200 200 200 200 200 200 200 200 200 200 200 200 200 200 200 200 200 200 200 200 200 200 200 200 200 200 200 200 200 200 200 200 200 200 200 200 200 200 200 200 200 200 200 200 200 200 200 200 200 200 200 200 200 200 200 200 200 200 200 200 200 200 200 200 200 200 200 200 200 200 200 200 200 200 200 200 200 200 200 200 200 200 200 200 200 200 200 200 200 200 200 200 200 200 200 200 200 200 200 200 200 200 200 200 200 200 200 200 200 200 200 200 200 200 200 200 200 200 200 200 200 200 200 200 200 200 200 200 200 200 200 200 200 200 200 200 200 200 200 200 200 200 200 200 200 200 200 200 200 200 200 200 200 200 200 200 200 200 200 200 200 200 200 200 200 200 200 200 200 200 200 200 200 200 200 200 200 200 200 200 200 200 200 200 200 200 200 200 200 200 200 200 200 200 200 200 200 200 200 200 200 200 200 200 200 200 200 200 200 200 200 200 200 200 200 200 200 200 200 200 200 200 200 200
341
0 0 0 0 0 0 0 0 0 0 0 0 0 0 0 0 0 0 0 0 0 0 0 0 0 0 0 0 0 0 0 0 0 0 0 0 0 0 0 0 0 0 0 0 0 0 0 0 0 0 0 0 0 0 0 0 0 0 0 0 0 0 0 0 0 0 0 0 0 0 0 0 0 0 0 0 0 0 0 0 0 0 0 0 0 0 0 0 0 0 0 0 0 0 0 0 0 0 0 0 0 0 0 0 0 0 0 0 0 0 0 0 0 0 0 0 0 0 0 0 0 0 0 0 0 0 0 0 0 0 0 0 0 0 0 0 0 0 0 0 0 0 0 0 0 0 0 0 0 0 0 0 0 0 0 0 0 0 0 0 0 0 0 0 0 0 0 0 0 0 0 0 0 0 0 0 0 0 0 0 0 0 0 0 0 0 0 0 0 0 0 0 0 0 0 0 0 0 0 0 0 0 0 0 0 0 0 0 0 0 0 0 0 0 0 0 0 0 0 0 0 0 0 0 0 0 0 0 0 0 0 0 0 0 0 0 0 0 0 0 0 0 0 0 0 0 0 0 0 0 0 0 0 0 0 0 0 0 0 0 0 0 0 0 0 0 0 0 0 0 0 0 0 0 0 0 0 0 0 0 0 0 0 0 0 0 0 0 0 0 0 0 0 0 0 0 0 0 0 0 0 0 0 0 0 0 0 0 0 0 0 0 0 0 0 0 0 0 0 0 0 0 0 0 0 0 0 0 0 0 0 0 0 0 0 0 0 0 0 0 0
217
48 198 74 140 91 119 199 60 118 80 63 169 143 62 105 195 11 29 122 164 118 78 73 45 87 0 70 137 3 36 16 156 102 19 45 111 65 136 125 166 110 50 105 135 1 194 184 147 200 2 34 68 33 170 171 118 17 24 168 96 115 136 84 68 108 173 153 134 162 114 178 11 166 12 136 162 108 72 158 47 106 159 158 116 87 31 41 46 18 128 149 120 154 15 139 99 148 14 186 106 58 185 82 8 149 32 191 144 122 134 25 177 41 83 156 22 65 59 60 18 29 91 71 64 137 178 200 151 182 193 80 101 38 111 26 140 58 77 123 78 80 132 40 17 87 168 54 124 167 17 13 2 86 173 141 103 53 11 1 14 43 82 167 65 91 109 25 178 26 109 187 137 195 43 113 135 35 136 27 175 128 197 2 137 26 145 36 100 158 113 166 40 32 1 133 158 174 122 137 56 87 189 124 104 164 88 91 124 53 43 119 98 185 118 7 193 166
615
11 14 19 0 8 10 15 8 13 20 9 18 13 0 13 3 8 12 15 11 1 17 1 6 19 2 17 17 15 12 9 13 0 11 3 13 4 1 4 12 20 12 13 18 18 13 3 6 17 18 4 16 18 14 20 17 14 13 13 19 20 19 13 11 8 0 2 5 2 20 5 18 16 16 10 9 16 2 17 18 9 18 3 5 18 18 19 1 9 7 0 6 12 6 14 9 11 1 7 6 8 4 14 10 18 16 11 16 9 3 16 14 11 11 4 5 2 7 16 15 7 9 17 6 12 16 7 5 19 0 3 4 12 14 17 2 10 7 3 12 16 15 10 18 2 10 20 10 2 0 4 11 16 0 0 14 7 13 8 16 18 18 6 13 11 9 18 20 4 17 13 0 10 10 6 14 19 7 11 3 9 6 20 13 13 9 14 5 9 17 1 7 0 12 9 18 4 17 16 8 16 15 0 11 18 15 3 13 18 13 2 12 8 1 20 9 12 2 13 15 17 8 9 7 19 12 3 4 5 18 0 4 14 16 1 4 20 2 8 11 20 19 4 13 20 6 7 18 17 14 17 9 8 20 15 1 13 4 20 3 7 20 11 13 1 11 6 5 2 3 19 17 15 19 3 6 3 9 19 5 20 20 3 6 20 2 3 2 20 3 11 15 4 17 16 2 16 18 9 8 13 0 4 13 13 9 14 10 20 0 13 19 14 19 13 11 12 7 9 16 6 2 1 18 1 10 7 17 2 1 14 12 2 10 2 10 11 12 10 11 8 9 3 5 17 12 20 20 16 6 19 11 20 7 11 7 15 14 12 20 12 0 18 9 14 6 20 3 10 19 4 20 20 2 15 10 17 20 3 20 15 16 10 6 8 5 9 2 14 16 3 9 14 3 11 8 0 4 11 4 16 11 16 14 3 7 0 5 15 13 9 4 1 14 7 12 20 11 5 12 16 4 4 20 11 11 10 10 17 17 10 1 10 13 8 9 15 18 18 20 19 4 2 6 15 8 0 17 10 7 13 16 9 14 18 4 4 19 4 5 18 8 1 13 12 20 0 8 6 16 4 4 15 19 12 2 14 19 19 7 9 18 16 19 16 10 3 14 8 11 1 6 1 8 7 16 9 8 12 19 18 12 7 12 4 17 18 0 6 2 18 13 0 8 17 2 11 6 13 18 5 20 1 6 11 15 0 2 20 19 17 1 7 9 4 1 19 20 11 2 18 14 2 8 5 8 14 9 12 15 10 10 1 14 10 16 0 9 3 3 20 20 12 9 6 4 5 16 17 8 5 0 19 9 20 0 10 10 11 11 3 1 17 19 3 11 7 4 1 13 7 14 7 16 15 7 3 1 19 11 19 7 0 4 4 2 14 10 11 14 2 12 7 12 18
218
13 14 11 8 14 18 15 170 186 12 196 173 17 1 195 7 20 19 0 10 3 17 4 20 13 1 19 11 3 195 12 4 197 20 162 4 20 2 16 200 199 16 10 17 18 1 154 179 7 16 9 3 16 2 16 20 17 20 13 4 15 5 199 186 3 6 8 12 199 18 1 5 11 14 158 20 17 12 19 4 156 162 4 184 7 13 2 11 11 6 9 12 8 7 12 188 153 4 1 16 6 18 12 13 17 11 9 13 10 15 191 19 10 19 170 16 19 11 2 3 15 2 18 4 20 177 13 12 1 16 2 6 158 10 2 9 5 14 193 10 188 8 6 15 5 17 8 9 4 199 16 2 16 14 19 16 14 10 0 174 2 14 11 182 14 9 1 194 16 162 17 198 155 4 155 7 12 199 176 17 13 11 16 14 17 3 4 180 156 13 12 178 196 175 5 196 1 18 9 198 7 15 2 187 11 20 19 9 8 15 18 6 7 10 159 15 13 8
116
50 65 132 147 57 12 12 96 25 169 141 11 65 8 16 136 29 79 149 12 10 82 67 60 70 53 134 74 196 47 107 34 111 15 111 51 184 152 167 115 169 59 42 67 127 162 53 56 56 58 92 111 113 190 163 107 131 74 165 121 135 13 92 96 163 90 89 98 167 94 57 12 159 143 189 160 47 189 96 67 79 44 107 77 121 0 14 108 194 123 18 80 10 27 159 196 14 28 180 9 134 22 85 71 104 194 122 188 86 128 42 4 194 168 78 52
426
136 176 157 126 22 32 85 156 76 0 29 145 25 45 171 188 106 134 36 10 16 47 91 3 119 189 123 173 190 174 184 68 75 7 140 158 157 192 118 105 19 194 185 25 122 172 95 86 11 58 116 102 153 151 168 34 69 161 40 148 24 24 136 171 39 112 61 191 179 103 3 195 36 158 87 149 120 61 24 165 132 73 166 76 194 63 60 76 72 130 76 159 64 199 70 162 130 139 25 109 65 144 74 155 58 123 171 96 103 42 32 185 107 165 52 130 112 170 125 140 38 15 141 181 28 106 55 182 28 81 52 105 38 138 28 96 15 146 178 37 121 84 103 13 101 54 183 128 22 90 147 24 19 146 168 132 98 111 68 22 83 79 78 24 54 111 175 87 76 192 54 92 140 183 173 74 170 94 55 68 117 59 175 85 135 194 103 126 192 159 0 61 64 111 138 200 50 94 54 2 77 174 171 31 0 62 22 57 140 171 157 72 3 146 191 141 85 155 47 125 0 21 120 130 169 44 7 67 105 35 53 96 2 27 40 2 163 1 53 186 185 81 122 156 60 56 128 168 115 182 131 197 113 139 86 78 102 174 98 71 47 96 53 38 129 176 84 79 59 133 176 37 147 152 106 136 51 172 170 77 117 180 107 10 161 190 5 157 193 151 76 142 176 144 15 126 20 93 197 78 73 152 134 89 84 116 108 37 162 145 19 178 157 47 80 179 155 60 147 86 143 134 167 37 33 14 70 46 141 117 83 62 168 68 110 27 38 162 194 54 67 92 0 35 136 163 130 40 102 195 165 147 19 167 68 93 8 15 194 113 147 121 123 89 198 104 194 172 75 81 126 129 73 191 186 4 68 101 135 81 85 71 21 59 80 24 103 40 126 12 192 109 138 98 98 144 21 118 37 161 159 147 189 198 8 74 49 127 131 99 156 7 72 146 35 111 119 83 191 30 200 27 181 88 68 75
388
3 19 13 169 20 15 8 19 12 12 14 0 7 1 15 196 3 17 173 14 4 8 1 1 14 7 9 16 6 5 14 8 9 4 2 4 18 18 8 8 165 3 176 20 7 16 162 19 1 6 181 185 14 18 12 9 182 16 20 19 3 19 4 1 18 156 13 17 10 8 12 10 11 4 18 3 162 20 12 191 5 11 157 188 174 13 8 166 12 180 10 16 10 13 19 14 19 9 1 5 156 7 10 8 4 12 7 18 15 9 158 3 190 8 4 2 160 196 4 6 16 188 14 170 5 155 4 20 10 11 4 7 20 19 8 8 9 6 1 18 2 155 10 156 20 5 10 4 3 13 12 5 5 9 15 8 1 6 12 17 0 14 10 14 1 9 11 174 184 153 12 19 150 7 163 14 16 163 15 11 13 3 3 161 15 20 6 17 157 15 3 0 7 182 18 164 17 10 191 177 14 11 18 6 3 19 19 0 10 6 0 15 158 188 152 12 5 8 11 3 6 12 16 189 188 20 0 12 19 3 17 192 5 18 152 16 11 6 3 9 17 2 8 163 14 17 171 11 0 9 4 189 166 18 6 19 8 198 9 177 18 16 7 6 19 160 8 14 16 152 15 14 5 3 18 155 18 17 13 173 9 15 5 6 9 13 9 8 8 9 4 17 1 197 9 6 7 189 11 196 18 19 151 5 6 158 12 19 18 194 7 169 20 10 172 6 9 184 6 19 5 4 13 20 14 12 190 4 156 4 5 2 8 161 170 20 8 4 14 171 20 16 161 10 11 0 19 0 7 161 173 16 17 12 191 197 7 11 15 8 11 168 10 13 11 160 2 5 6 20 9 156 161 188 8 12 1 4 10 8 3 3 186 16 17 3 178 15
11
200 200 200 200 200 200 200 200 200 200 200
12
178 116 17 167 52 123 78 9 67 105 154 46
894
0 0 0 0 0 0 0 0 0 0 0 0 0 0 0 0 0 0 0 0 0 0 0 0 0 0 0 0 0 0 0 0 0 0 0 0 0 0 0 0 0 0 0 0 0 0 0 0 0 0 0 0 0 0 0 0 0 0 0 0 0 0 0 0 0 0 0 0 0 0 0 0 0 0 0 0 0 0 0 0 0 0 0 0 0 0 0 0 0 0 0 0 0 0 0 0 0 0 0 0 0 0 0 0 0 0 0 0 0 0 0 0 0 0 0 0 0 0 0 0 0 0 0 0 0 0 0 0 0 0 0 0 0 0 0 0 0 0 0 0 0 0 0 0 0 0 0 0 0 0 0 0 0 0 0 0 0 0 0 0 0 0 0 0 0 0 0 0 0 0 0 0 0 0 0 0 0 0 0 0 0 0 0 0 0 0 0 0 0 0 0 0 0 0 0 0 0 0 0 0 0 0 0 0 0 0 0 0 0 0 0 0 0 0 0 0 0 0 0 0 0 0 0 0 0 0 0 0 0 0 0 0 0 0 0 0 0 0 0 0 0 0 0 0 0 0 0 0 0 0 0 0 0 0 0 0 0 0 0 0 0 0 0 0 0 0 0 0 0 0 0 0 0 0 0 0 0 0 0 0 0 0 0 0 0 0 0 0 0 0 0 0 0 0 0 0 0 0 0 0 0 0 0 0 0 0 0 0 0 0 0 0 0 0 0 0 0 0 0 0 0 0 0 0 0 0 0 0 0 0 0 0 0 0 0 0 0 0 0 0 0 0 0 0 0 0 0 0 0 0 0 0 0 0 0 0 0 0 0 0 0 0 0 0 0 0 0 0 0 0 0 0 0 0 0 0 0 0 0 0 0 0 0 0 0 0 0 0 0 0 0 0 0 0 0 0 0 0 0 0 0 0 0 0 0 0 0 0 0 0 0 0 0 0 0 0 0 0 0 0 0 0 0 0 0 0 0 0 0 0 0 0 0 0 0 0 0 0 0 0 0 0 0 0 0 0 0 0 0 0 0 0 0 0 0 0 0 0 0 0 0 0 0 0 0 0 0 0 0 0 0 0 0 0 0 0 0 0 0 0 0 0 0 0 0 0 0 0 0 0 0 0 0 0 0 0 0 0 0 0 0 0 0 0 0 0 0 0 0 0 0 0 0 0 0 0 0 0 0 0 0 0 0 0 0 0 0 0 0 0 0 0 0 0 0 0 0 0 0 0 0 0 0 0 0 0 0 0 0 0 0 0 0 0 0 0 0 0 0 0 0 0 0 0 0 0 0 0 0 0 0 0 0 0 0 0 0 0 0 0 0 0 0 0 0 0 0 0 0 0 0 0 0 0 0 0 0 0 0 0 0 0 0 0 0 0 0 0 0 0 0 0 0 0 0 0 0 0 0 0 0 0 0 0 0 0 0 0 0 0 0 0 0 0 0 0 0 0 0 0 0 0 0 0 0 0 0 0 0 0 0 0 0 0 0 0 0 0 0 0 0 0 0 0 0 0 0 0 0 0 0 0 0 0 0 0 0 0 0 0 0 0 0 0 0 0 0 0 0 0 0 0 0 0 0 0 0 0 0 0 0 0 0 0 0 0 0 0 0 0 0 0 0 0 0 0 0 0 0 0 0 0 0 0 0 0 0 0 0 0 0 0 0 0 0 0 0 0 0 0 0 0 0 0 0 0 0 0 0 0 0 0 0 0 0 0 0 0 0 0 0 0 0 0 0 0 0 0 0 0 0 0 0 0 0 0 0 0 0 0 0 0 0 0 0 0 0 0 0 0 0 0 0 0 0 0 0 0 0 0 0 0 0 0 0 0 0 0 0 0 0 0 0 0 0 0 0 0 0 0 0 0 0 0 0 0 0 0 0 0 0 0 0 0 0 0 0 0 0 0 0 0 0 0 0 0 0 0 0 0 0 0 0 0 0 0 0 0 0 0 0 0 0 0 0 0 0 0 0 0 0 0 0 0 0 0 0 0 0 0 0 0 0 0 0 0 0 0 0 0 0 0 0 0
988
0 200 69 62 92 93 104 101 61 99 115 58 110 73 119 53 82 87 55 117 69 91 87 73 112 62 96 71 120 75 58 101 95 89 113 106 107 70 106 88 104 87 69 62 105 88 73 73 72 63 86 53 93 96 68 103 98 55 68 107 56 56 103 73 109 85 64 76 74 112 71 66 93 108 105 113 64 68 74 77 119 107 67 53 83 64 66 64 72 116 107 77 64 101 120 91 82 107 98 53 117 118 88 102 80 108 116 88 110 107 96 97 52 51 71 51 117 57 89 118 120 95 115 76 106 110 105 105 65 72 52 71 110 97 60 74 86 64 75 99 57 90 102 97 67 66 88 71 93 92 110 113 82 71 77 82 111 113 64 120 88 52 113 68 89 114 61 112 86 76 86 82 87 73 82 50 111 82 79 86 65 112 53 94 61 74 50 102 84 99 110 95 72 93 81 60 76 115 109 76 110 111 94 94 61 120 99 78 110 104 74 63 73 55 62 91 104 87 86 81 102 118 119 101 115 51 69 107 69 109 81 90 52 87 110 79 77 88 86 56 73 98 55 108 79 87 119 110 93 78 74 101 63 65 71 52 79 83 93 57 70 102 118 100 50 69 82 113 93 116 107 64 80 107 120 96 69 118 57 86 114 59 53 88 100 115 117 51 108 110 109 80 57 66 65 119 100 116 69 55 59 58 88 52 88 53 58 71 73 88 66 117 115 114 102 69 100 64 120 89 84 118 94 111 75 82 109 95 63 61 64 111 72 54 78 90 90 83 69 116 50 94 65 93 102 95 78 62 95 102 55 60 82 63 111 82 73 100 70 116 89 90 57 117 92 50 66 99 99 73 59 54 115 52 68 50 102 74 100 52 82 68 114 99 71 104 102 93 104 79 118 94 64 78 118 103 68 118 83 61 101 97 91 69 58 78 99 91 88 87 100 117 64 114 94 62 54 98 50 82 108 72 69 64 116 84 88 73 94 78 83 50 52 64 61 113 68 104 113 111 62 120 102 76 66 86 117 66 62 105 65 75 70 57 103 70 68 50 82 69 93 55 90 52 72 60 119 76 117 104 93 50 115 106 72 85 56 111 82 82 92 100 97 111 83 73 59 114 99 51 81 68 69 120 58 88 100 68 54 70 80 113 98 120 73 98 81 62 85 52 92 77 51 62 81 61 117 56 57 113 58 57 61 86 106 115 90 62 117 68 97 114 96 94 70 56 75 52 67 78 74 114 90 118 94 80 100 71 84 119 93 116 111 68 112 109 117 95 119 88 120 76 79 116 61 71 72 55 94 50 70 54 72 79 50 106 102 55 111 112 98 62 115 53 105 96 83 60 56 72 83 104 112 106 50 99 97 64 98 107 88 89 101 76 59 86 83 67 120 88 110 87 84 98 116 84 82 61 65 120 111 64 116 69 57 117 91 93 105 112 114 102 68 107 108 54 101 99 70 53 52 81 96 117 81 115 98 72 107 65 67 64 97 59 82 51 111 50 57 91 75 67 82 80 79 79 115 103 56 57 55 105 93 67 55 92 54 61 78 62 70 115 113 112 109 69 111 91 70 77 78 68 84 54 76 100 72 72 103 66 56 111 89 64 82 99 89 105 67 90 118 94 99 118 58 93 95 117 74 91 65 64 71 77 103 78 78 120 56 95 99 63 95 103 101 74 100 76 69 68 111 52 117 72 116 54 81 110 87 108 63 100 58 117 77 67 99 86 102 109 119 50 89 56 80 98 82 57 95 103 64 55 113 77 93 54 106 73 110 80 78 114 96 114 66 112 83 69 61 96 111 87 65 99 53 113 103 83 96 119 76 78 91 69 55 70 98 62 99 57 102 85 52 50 100 55 114 120 76 117 71 103 94 84 71 93 79 84 57 93 84 106 68 65 77 93 102 73 89 98 83 62 77 120 75 112 115 84 75 80 52 63 57 105 97 57 69 77 90 93 95 110 85 66 84 74 87 68 96 74 85 58 85 91 63 106 108 106 74 99 50 106 110 80 117 111 62 89 90 113 51 96 92 96 73 105 101 101 118 73 109 59 112 64 85 80 105 60 67 77 59 109 109 67 68 79 80 72 100 78 69 113 109 62 73 85 87 114 114 85 108 119 62 101 64 64 57 83 73 89 119 101 51 53 58 69 76 54 77 75 91 76 93 90 116 91 67 60 84 51 54 75 111 94 108 78 56 79 105 99 97 116 81 69 116 66 59 74 103 62 85 82 50 93 51 69 104 200
984
9 8 9 18 1 0 9 0 6 7 13 14 15 17 16 1 1 20 6 14 12 18 2 11 17 18 18 3 6 0 15 2 4 19 19 1 19 12 6 14 18 17 6 9 13 20 19 15 14 12 5 12 4 2 9 6 17 4 17 20 16 12 2 7 2 7 2 4 4 16 9 14 8 3 0 19 19 18 8 17 12 20 6 8 19 7 11 0 16 14 4 2 0 15 7 19 9 20 6 7 15 11 0 7 5 20 1 2 8 11 14 11 17 2 6 13 16 4 20 13 18 15 20 0 2 0 3 5 3 14 3 12 4 11 18 1 0 13 15 9 16 0 13 4 19 4 11 19 7 11 1 2 16 19 2 19 11 4 11 9 16 6 6 0 14 18 1 3 2 7 11 3 7 17 5 15 11 11 9 2 19 4 14 3 14 6 3 9 18 20 3 15 19 13 13 0 13 0 15 15 20 18 1 19 8 9 20 12 16 17 19 14 15 6 16 14 0 1 0 0 9 11 12 15 10 13 4 9 18 15 2 13 16 8 8 16 3 15 2 7 19 14 4 13 4 19 8 1 9 6 0 7 14 3 19 7 3 4 6 10 18 20 13 16 13 15 10 20 11 13 18 9 0 17 3 13 2 11 3 17 7 3 4 5 14 6 8 15 14 8 8 9 3 9 10 20 19 2 4 15 16 14 15 3 3 17 9 3 8 2 20 16 3 7 16 9 4 0 20 7 2 14 11 14 5 13 10 11 11 7 13 17 1 15 20 17 2 12 0 13 4 20 4 0 10 13 3 5 10 15 4 0 19 13 19 11 6 14 0 9 18 7 0 18 7 4 5 8 3 15 7 13 19 8 9 10 4 14 0 2 2 5 18 12 19 3 5 12 3 20 4 7 16 7 9 8 0 10 3 10 7 19 20 8 10 9 2 16 2 3 1 18 15 16 9 1 13 0 6 2 0 6 2 0 16 7 20 1 10 14 4 18 8 16 14 4 14 20 18 9 5 9 3 3 13 6 17 6 10 11 13 5 18 18 8 2 10 15 17 19 1 6 17 10 15 16 9 17 5 10 9 16 10 13 7 15 13 1 14 20 16 7 14 6 14 13 14 4 4 16 2 15 1 1 6 15 8 7 5 8 9 15 20 13 0 18 0 6 18 10 2 9 15 14 5 6 18 0 0 17 19 9 2 2 1 19 7 5 3 14 18 2 4 19 1 11 11 9 13 20 4 1 8 11 19 9 4 19 10 14 11 3 13 14 0 7 9 4 7 14 1 0 14 5 18 7 4 15 7 0 2 4 16 13 2 18 7 0 14 20 7 9 6 10 15 11 18 16 6 1 2 7 4 0 9 1 12 19 12 1 10 15 14 0 13 18 14 5 8 2 7 9 11 11 13 10 3 12 17 10 18 16 6 20 14 18 7 15 15 16 13 8 8 5 17 15 12 3 7 18 17 5 11 18 10 13 19 17 2 1 19 16 2 19 19 13 8 20 15 6 3 14 8 17 4 11 11 15 20 9 10 11 18 15 6 2 18 12 2 3 9 9 12 11 16 19 19 12 16 13 4 1 6 5 12 9 3 18 3 10 2 0 13 20 2 14 1 9 19 11 11 5 7 1 6 18 9 11 15 9 12 16 19 13 7 17 9 1 11 15 12 7 2 14 13 9 12 14 20 20 6 12 16 7 1 2 5 12 2 4 8 20 0 2 1 7 16 5 13 17 4 11 11 9 2 6 2 6 1 17 2 2 3 0 15 20 2 11 2 5 17 8 1 16 7 6 10 9 10 5 11 11 13 8 17 13 6 0 15 10 16 12 9 18 6 19 11 3 9 20 5 9 16 5 1 9 20 2 16 12 2 12 13 15 10 6 12 17 18 12 9 14 9 16 11 7 12 5 2 17 11 14 6 12 20 16 16 15 5 20 17 2 2 0 9 3 11 16 3 4 10 0 1 8 18 3 13 18 12 14 18 13 6 10 17 2 10 8 11 10 13 17 19 15 15 2 14 16 8 6 14 2 14 14 5 18 14 14 12 14 5 17 16 17 13 9 6 19 10 18 9 4 19 5 19 5 12 15 15 17 14 6 3 4 10 9 12 10 3 2 13 9 0 2 11 19 15 13 1 7 14 5 3 18 15 7 15 16 11 0 14 13 20 16 16 7 6 8 13 10 5 4 18 15 14 0 1 12 8 1 14 17 9 6 3 19 3 14 5 17 16 20 18 7
676
0 200 62 61 66 50 110 88 95 108 57 56 70 96 71 59 95 118 71 65 51 62 71 76 63 66 111 58 78 118 54 59 70 91 99 67 99 85 53 71 78 79 96 111 111 78 91 85 75 116 116 54 70 62 103 51 76 100 91 66 104 67 102 70 105 120 51 79 53 58 82 57 116 75 93 103 58 62 108 67 54 97 93 119 77 71 114 94 57 50 56 118 73 86 102 80 83 82 98 84 119 79 75 68 111 106 114 56 62 64 114 76 103 86 59 73 81 84 52 100 119 107 103 87 71 68 53 112 66 86 83 61 53 75 68 105 66 56 105 94 68 60 97 99 54 60 51 57 120 97 71 110 105 94 50 80 102 53 119 68 83 59 120 60 88 78 74 120 101 101 67 119 98 114 61 100 91 54 66 81 57 108 114 92 115 99 100 84 58 100 115 56 67 87 108 113 78 50 83 111 52 117 53 67 83 110 84 53 114 91 97 66 97 98 87 77 50 120 50 62 112 74 52 67 87 70 75 89 113 102 86 115 101 91 58 69 111 80 97 114 116 87 76 61 66 117 95 83 56 115 99 111 59 105 73 66 112 113 59 97 57 111 100 105 71 97 50 75 105 65 55 108 83 92 85 56 91 69 104 80 110 88 99 98 65 84 59 104 89 118 105 94 91 66 63 52 86 55 54 88 66 117 74 104 67 58 95 61 95 71 92 58 69 57 77 66 83 107 60 77 72 97 93 74 106 102 85 108 63 74 106 98 57 82 65 77 60 97 87 77 101 59 114 106 82 101 91 80 119 63 117 97 74 111 116 76 100 69 116 115 91 99 103 100 120 73 117 93 52 91 96 68 63 96 50 95 104 119 98 105 115 101 114 120 80 62 96 118 78 103 119 60 84 68 61 120 92 60 96 80 50 78 98 111 102 88 92 60 67 109 89 81 62 71 113 74 114 114 82 62 65 94 97 73 70 83 117 97 61 69 56 115 104 66 118 99 66 65 98 94 99 81 84 87 111 111 70 57 67 101 55 83 108 73 103 98 70 84 106 57 64 105 77 94 106 82 95 113 116 105 72 108 50 92 86 78 62 94 75 83 117 85 117 104 85 80 95 115 98 91 71 92 50 118 93 53 63 53 56 67 115 64 82 113 67 99 57 112 50 55 90 56 111 100 70 99 84 113 95 52 72 117 50 88 84 65 53 106 118 100 104 75 101 114 104 81 58 103 55 113 103 109 72 114 73 119 54 93 94 95 65 104 69 75 85 50 59 54 111 55 84 120 119 66 114 101 87 56 58 59 77 106 75 87 51 93 65 75 57 79 80 58 110 77 53 106 50 65 68 101 68 81 98 113 105 118 97 50 53 68 55 114 114 120 63 55 99 70 113 79 72 113 66 93 87 62 103 91 96 92 80 74 54 93 110 81 109 54 60 78 92 101 91 120 67 59 113 113 101 71 109 58 112 58 90 118 66 101 94 66 66 75 103 102 118 52 66 100 99 69 67 98 92 87 94 55 73 71 66 53 72 79 102 98 105 200
390
186 182 136 196 112 126 104 54 148 82 54 80 71 116 32 52 28 187 142 159 9 129 140 149 15 84 43 89 93 108 152 155 120 82 48 198 60 162 105 26 178 107 148 95 135 49 100 115 115 25 95 39 17 10 174 50 148 175 12 196 8 69 13 140 130 179 124 124 161 67 18 99 105 160 135 190 159 17 108 86 74 160 157 75 63 125 17 165 34 28 69 100 13 124 153 85 22 17 183 88 41 94 176 165 41 143 83 29 161 174 179 99 27 78 194 178 168 197 135 37 9 22 199 180 127 1 183 55 180 157 191 9 150 116 103 64 159 187 91 194 157 1 164 86 159 65 38 146 188 22 146 20 23 22 13 55 190 44 175 152 109 192 138 148 109 124 136 120 171 182 132 177 137 50 12 128 69 172 80 4 167 74 47 150 55 197 65 128 6 117 94 192 90 91 42 47 141 48 177 115 186 186 106 103 196 186 188 2 109 166 22 44 46 177 70 111 186 73 183 83 38 44 64 5 117 26 5 33 40 112 78 21 90 78 52 154 110 49 74 55 48 140 24 93 25 100 3 12 46 165 62 52 16 192 150 40 23 35 47 70 131 57 173 70 128 55 27 61 196 142 200 101 87 32 157 83 98 63 80 175 186 22 152 29 77 124 141 29 9 164 57 124 137 95 125 169 191 173 34 0 47 45 14 83 100 89 79 98 180 71 114 87 24 176 21 92 104 181 79 19 141 89 17 176 9 158 73 150 136 5 24 23 35 189 190 199 38 183 136 149 72 76 76 152 54 67 150 147 170 104 29 83 159 32 62 106 5 5 113 84 176 103 159 117 187 159 12 64 199 28 155 67 140 89 46 12 66 130 199 1 38 80 110 84 78 131 13 4 125 153
441
200 200 200 200 200 200 200 200 200 200 200 200 200 200 200 200 200 200 200 200 200 200 200 200 200 200 200 200 200 200 200 200 200 200 200 200 200 200 200 200 200 200 200 200 200 200 200 200 200 200 200 200 200 200 200 200 200 200 200 200 200 200 200 200 200 200 200 200 200 200 200 200 200 200 200 200 200 200 200 200 200 200 200 200 200 200 200 200 200 200 200 200 200 200 200 200 200 200 200 200 200 200 200 200 200 200 200 200 200 200 200 200 200 200 200 200 200 200 200 200 200 200 200 200 200 200 200 200 200 200 200 200 200 200 200 200 200 200 200 200 200 200 200 200 200 200 200 200 200 200 200 200 200 200 200 200 200 200 200 200 200 200 200 200 200 200 200 200 200 200 200 200 200 200 200 200 200 200 200 200 200 200 200 200 200 200 200 200 200 200 200 200 200 200 200 200 200 200 200 200 200 200 200 200 200 200 200 200 200 200 200 200 200 200 200 200 200 200 200 200 200 200 200 200 200 200 200 200 200 200 200 200 200 200 200 200 200 200 200 200 200 200 200 200 200 200 200 200 200 200 200 200 200 200 200 200 200 200 200 200 200 200 200 200 200 200 200 200 200 200 200 200 200 200 200 200 200 200 200 200 200 200 200 200 200 200 200 200 200 200 200 200 200 200 200 200 200 200 200 200 200 200 200 200 200 200 200 200 200 200 200 200 200 200 200 200 200 200 200 200 200 200 200 200 200 200 200 200 200 200 200 200 200 200 200 200 200 200 200 200 200 200 200 200 200 200 200 200 200 200 200 200 200 200 200 200 200 200 200 200 200 200 200 200 200 200 200 200 200 200 200 200 200 200 200 200 200 200 200 200 200 200 200 200 200 200 200 200 200 200 200 200 200 200 200 200 200 200 200 200 200 200 200 200 200 200 200 200 200 200 200 200 200 200 200 200 200 200 200 200 200 200 200 200 200 200 200 200 200 200 200 200 200 200 200 200 200 200 200 200 200
50
200 200 200 200 200 200 200 200 200 200 200 200 200 200 200 200 200 200 200 200 200 200 200 200 200 200 200 200 200 200 200 200 200 200 200 200 200 200 200 200 200 200 200 200 200 200 200 200 200 200
138
200 200 200 200 200 200 200 200 200 200 200 200 200 200 200 200 200 200 200 200 200 200 200 200 200 200 200 200 200 200 200 200 200 200 200 200 200 200 200 200 200 200 200 200 200 200 200 200 200 200 200 200 200 200 200 200 200 200 200 200 200 200 200 200 200 200 200 200 200 200 200 200 200 200 200 200 200 200 200 200 200 200 200 200 200 200 200 200 200 200 200 200 200 200 200 200 200 200 200 200 200 200 200 200 200 200 200 200 200 200 200 200 200 200 200 200 200 200 200 200 200 200 200 200 200 200 200 200 200 200 200 200 200 200 200 200 200 200
426
7 165 177 17 3 10 9 20 15 3 14 13 3 14 7 7 196 152 12 14 1 16 177 20 3 17 14 4 7 13 0 1 11 17 183 7 173 10 12 5 19 173 12 17 2 189 1 180 3 198 7 4 19 20 9 14 7 4 18 0 183 6 18 19 8 188 18 12 7 19 11 8 199 7 155 192 12 7 9 14 13 5 18 181 3 15 9 157 180 2 18 0 0 16 20 10 0 9 7 164 5 1 196 0 10 160 7 5 19 178 13 15 16 17 9 195 6 10 4 8 0 188 18 2 6 5 8 20 12 12 5 15 10 6 14 14 177 1 12 188 17 174 8 12 9 173 9 165 189 152 192 194 4 150 11 2 13 3 3 13 12 2 9 18 151 195 6 15 195 15 8 0 7 2 7 11 4 5 20 9 16 0 8 15 177 19 15 20 19 20 10 15 0 10 179 7 17 12 20 18 4 9 12 8 150 200 3 2 7 7 2 18 13 17 11 14 6 0 10 4 155 6 14 3 153 18 6 8 158 4 187 1 10 12 14 4 10 3 172 18 11 9 15 15 3 4 198 177 1 8 19 13 12 20 0 18 5 18 16 16 182 18 3 3 18 11 18 193 3 10 17 5 10 5 191 9 13 15 18 6 12 9 17 166 4 19 2 194 1 19 0 5 0 12 177 155 3 7 4 9 4 4 19 1 11 20 1 5 1 19 8 3 15 179 167 190 12 19 9 159 5 9 8 6 1 14 14 160 12 19 15 2 12 6 16 196 5 2 3 20 1 7 15 19 4 0 17 7 15 11 10 193 0 18 185 14 151 4 1 6 18 4 183 11 174 6 9 3 8 200 20 13 8 156 160 13 1 7 11 185 15 5 17 11 17 181 7 171 17 8 11 161 6 1 3 189 7 11 13 12 14 194 163 6 158 1 13 15 14 18 7 1 19 10 160 13 10 13 19 14 16 1 151 2 155 18
300
5 0 7 18 5 3 13 177 6 10 4 17 6 164 0 0 5 175 10 186 155 178 10 0 18 192 15 3 11 13 10 1 17 4 159 191 168 2 12 168 179 199 150 9 2 7 17 176 19 166 11 2 19 11 6 9 13 17 198 8 3 20 0 9 12 17 175 9 181 11 16 11 8 7 182 17 5 14 16 8 6 5 16 20 20 18 191 12 164 168 16 18 9 159 10 10 177 4 7 9 18 2 2 3 20 1 16 158 1 5 4 20 14 19 11 15 11 4 6 199 187 5 168 4 7 4 17 15 0 5 184 19 8 9 11 2 2 200 200 188 18 18 2 14 9 6 15 154 174 15 15 20 12 163 19 2 17 3 184 12 17 0 2 20 15 0 1 15 16 0 5 171 6 160 2 4 160 15 11 1 4 16 10 193 7 157 13 5 16 15 7 19 16 10 19 3 180 193 0 10 161 179 177 16 197 15 16 18 0 13 1 168 19 195 10 18 3 4 155 13 162 161 16 7 163 11 195 17 2 10 0 12 10 15 4 2 16 16 2 17 4 10 18 6 4 4 7 15 182 3 8 11 15 3 18 4 4 19 13 14 10 192 9 5 16 15 12 188 193 19 158 15 4 19 13 15 10 5 15 9 4 18 5 171 11 6 157 13 200 13 163 10 16 20 8 3 170 13 159 9
182
0 200 97 116 64 70 76 63 58 91 57 75 114 103 86 103 53 61 75 64 61 97 92 89 118 102 51 68 88 58 87 66 93 103 88 94 89 82 119 53 67 120 80 91 90 89 91 56 99 97 76 57 95 105 72 94 66 53 119 85 89 78 115 51 107 62 102 83 89 50 60 104 117 113 112 100 100 69 80 93 64 117 56 99 116 79 56 119 94 88 117 110 93 58 110 61 71 55 66 77 54 54 86 55 83 52 81 119 79 115 111 115 78 70 113 56 64 118 81 80 119 119 64 120 82 80 100 62 58 96 77 56 63 52 55 94 114 66 71 120 96 116 79 83 63 104 81 90 107 80 87 104 108 99 56 79 72 66 65 96 98 96 98 100 65 69 120 118 96 91 115 103 97 55 55 119 60 53 107 52 51 200
175
28 164 32 200 194 37 59 135 69 123 8 92 4 58 169 145 175 177 156 101 32 148 167 28 116 116 200 38 9 101 84 82 3 70 27 30 12 60 32 69 58 88 41 194 118 45 171 69 93 145 29 102 104 154 51 56 115 65 140 8 124 41 35 122 175 155 90 141 45 111 34 129 28 10 104 35 98 12 25 15 83 76 152 110 20 28 196 63 75 126 120 14 5 37 135 193 77 102 3 116 140 118 68 56 44 193 92 62 107 22 97 51 182 88 43 126 148 148 56 42 39 169 92 0 196 185 141 185 97 162 53 39 52 102 144 94 10 154 55 98 10 160 26 66 29 199 148 182 134 75 176 41 157 56 36 29 48 198 31 179 110 127 45 2 147 135 193 171 124 73 178 198 80 162 63
268
0 0 0 0 0 0 0 0 0 0 0 0 0 0 0 0 0 0 0 0 0 0 0 0 0 0 0 0 0 0 0 0 0 0 0 0 0 0 0 0 0 0 0 0 0 0 0 0 0 0 0 0 0 0 0 0 0 0 0 0 0 0 0 0 0 0 0 0 0 0 0 0 0 0 0 0 0 0 0 0 0 0 0 0 0 0 0 0 0 0 0 0 0 0 0 0 0 0 0 0 0 0 0 0 0 0 0 0 0 0 0 0 0 0 0 0 0 0 0 0 0 0 0 0 0 0 0 0 0 0 0 0 0 0 0 0 0 0 0 0 0 0 0 0 0 0 0 0 0 0 0 0 0 0 0 0 0 0 0 0 0 0 0 0 0 0 0 0 0 0 0 0 0 0 0 0 0 0 0 0 0 0 0 0 0 0 0 0 0 0 0 0 0 0 0 0 0 0 0 0 0 0 0 0 0 0 0 0 0 0 0 0 0 0 0 0 0 0 0 0 0 0 0 0 0 0 0 0 0 0 0 0 0 0 0 0 0 0 0 0 0 0 0 0 0 0 0 0 0 0 0 0 0 0 0 0 0 0 0 0 0 0 0 0 0 0 0 0
399
49 49 8 91 91 31 169 138 127 1 110 130 138 196 39 39 105 96 139 122 55 71 78 80 90 17 88 86 57 113 83 24 198 94 128 172 113 128 26 78 153 92 90 148 27 65 39 195 15 64 197 115 85 33 33 70 16 11 95 191 50 115 59 184 72 88 167 153 68 20 95 40 25 41 109 171 155 160 1 21 41 10 199 75 112 29 18 94 121 130 79 33 197 165 161 65 28 19 47 84 87 39 134 131 115 192 7 32 99 68 180 62 59 183 139 40 138 74 126 90 50 154 175 12 158 126 62 4 78 73 8 76 24 140 82 193 48 97 188 122 75 110 190 32 82 81 0 148 9 147 118 56 163 38 89 40 99 96 15 121 164 12 187 3 70 168 48 29 6 81 157 150 167 21 77 183 133 3 26 41 38 109 95 8 13 107 13 4 144 140 197 105 122 49 195 25 55 163 160 153 28 175 113 118 21 96 190 190 175 92 144 96 71 196 151 102 123 157 159 113 18 139 152 168 2 43 19 5 191 34 91 60 26 25 188 30 40 10 121 115 12 12 118 91 74 12 81 169 138 15 144 177 158 53 94 161 98 158 121 149 83 21 93 20 4 36 83 147 175 37 10 84 138 94 18 158 195 65 137 138 80 24 58 81 81 96 22 154 101 25 172 4 97 89 148 28 133 59 190 191 30 55 155 63 52 36 186 173 113 61 173 84 200 13 139 153 127 119 26 61 126 56 137 109 2 127 71 58 97 104 196 144 177 52 36 22 69 190 94 32 98 15 158 104 76 19 15 7 9 64 17 166 19 116 38 176 187 198 13 198 192 199 173 137 160 1 8 149 145 90 119 68 71 87 166 113 182 32 119 43 93 198 16 68 95 76 167 133 151 65 81 89 86 115 22 50 82 92 59
430
10 6 14 2 7 12 20 4 6 9 3 6 12 14 10 9 17 6 0 14 2 6 18 9 9 4 3 3 7 7 5 7 20 7 16 16 10 19 12 3 2 5 20 7 13 4 14 20 11 17 0 2 10 7 16 18 20 9 13 20 11 17 0 5 20 2 8 20 6 7 16 14 0 3 3 3 3 17 1 15 19 17 0 16 8 7 10 14 16 5 6 9 3 15 16 4 12 0 1 9 9 9 20 6 7 3 9 8 5 8 20 8 7 3 13 13 17 5 12 14 9 10 3 10 10 1 12 0 14 13 16 10 2 12 5 16 7 11 14 17 14 13 14 9 20 5 7 2 2 8 16 13 20 5 6 19 16 19 18 12 2 14 20 12 10 17 16 8 13 13 5 9 15 7 2 0 11 6 13 6 14 9 2 3 15 4 10 0 7 15 1 6 6 9 11 2 12 4 19 9 3 15 13 8 15 13 12 14 4 14 18 1 19 13 9 20 17 2 20 0 18 14 9 18 3 3 8 20 1 3 13 2 16 1 18 0 8 0 6 11 15 0 3 18 12 5 14 5 9 7 20 18 6 12 18 6 9 11 1 1 3 18 3 18 15 17 1 11 9 18 4 1 4 0 5 7 1 1 17 6 11 16 1 19 2 2 13 5 5 9 15 12 6 14 15 11 5 16 2 13 14 13 9 18 9 14 0 12 5 15 10 18 1 13 5 11 9 8 2 20 0 5 14 10 14 6 2 13 11 20 20 3 20 14 8 0 7 1 11 5 12 4 20 14 12 2 15 1 17 14 10 10 4 12 16 5 2 19 2 0 7 10 0 7 4 6 3 16 18 10 12 0 9 7 5 2 11 11 1 11 10 19 8 10 11 0 12 14 0 11 19 20 20 6 16 14 17 0 5 17 4 5 5 17 16 10 15 0 3 0 12 5 3 19 19 13 9 1 11 10 18 20 5 1 18 5 5 13 19 10
465
3 7 14 13 2 9 9 1 17 14 9 16 7 7 19 10 3 14 20 18 13 5 9 1 7 11 0 7 6 17 17 0 20 9 7 2 19 19 9 3 9 2 13 8 2 8 5 16 3 19 20 14 6 2 11 2 17 14 14 10 8 1 3 2 10 9 0 10 20 12 2 6 19 13 6 5 1 18 14 11 19 10 18 15 17 9 5 19 3 16 18 2 14 7 17 17 4 8 12 6 18 4 15 14 4 7 6 4 1 2 6 18 19 1 12 1 7 1 3 10 10 9 10 1 13 7 12 8 8 7 13 11 7 0 4 15 17 20 18 10 3 9 9 8 16 5 8 20 4 10 10 14 10 15 7 7 6 2 18 0 8 3 9 12 9 17 15 19 5 6 3 1 12 1 12 14 6 8 20 7 12 8 3 10 16 9 0 7 19 4 8 15 16 10 5 10 16 20 13 16 8 0 16 0 9 16 0 17 12 4 13 3 6 1 7 4 13 9 0 17 12 19 18 6 3 11 0 20 13 5 4 6 3 6 12 16 5 3 1 11 15 9 5 20 19 15 3 2 13 0 14 16 9 9 6 9 17 7 19 8 6 3 15 9 18 17 6 19 1 9 14 14 9 0 13 0 2 18 7 18 13 4 5 5 3 8 10 3 6 20 7 0 14 11 10 4 2 16 0 16 0 2 3 0 4 6 6 6 20 4 16 20 15 7 16 17 18 7 1 12 8 1 1 15 14 16 1 6 10 2 20 6 9 9 19 19 8 14 20 16 17 2 0 13 6 18 16 4 0 12 11 2 2 6 8 7 5 11 3 13 4 8 7 10 13 5 14 11 13 18 6 4 17 14 2 15 12 13 14 17 14 18 10 16 8 1 8 0 16 5 20 16 5 9 13 14 9 10 1 17 14 1 3 0 8 12 14 18 17 12 16 19 16 13 17 1 15 5 13 6 10 11 9 5 1 8 1 11 4 20 1 1 2 11 19 0 13 1 5 10 1 14 3 15 2 5 13 12 11 18 4 2 16 10 13 4 14 7 5 3 6 2 1 18 6
779
80 120 187 124 159 46 120 62 84 197 126 149 8 11 70 71 153 156 172 45 20 150 165 9 171 24 85 66 178 16 29 2 195 47 102 187 10 180 74 11 149 80 115 16 74 177 191 105 18 12 44 58 142 109 178 102 141 148 134 172 72 84 175 39 50 10 12 43 66 60 75 84 21 197 90 140 183 19 30 148 141 197 29 28 171 144 40 153 45 74 62 119 66 85 109 119 104 106 54 8 142 104 67 114 103 42 141 158 83 109 18 22 149 190 69 157 59 63 106 42 80 75 13 172 146 51 19 162 68 108 40 78 157 163 68 80 70 31 163 127 61 48 158 147 154 122 8 87 15 135 76 167 38 29 166 121 24 61 93 151 64 156 69 70 108 133 148 25 118 111 167 111 152 165 189 107 149 158 169 86 98 94 179 118 61 84 194 78 71 198 110 105 171 23 151 23 179 145 146 128 121 133 89 196 72 54 28 84 95 19 167 94 113 36 154 170 96 34 43 10 120 101 104 185 117 34 58 17 192 92 139 142 65 196 45 179 175 12 195 12 174 167 107 28 103 150 80 120 185 95 108 101 63 58 112 26 63 184 38 112 195 121 153 111 182 150 4 180 149 196 88 37 39 33 24 174 155 123 5 165 100 14 81 123 171 130 153 176 107 58 108 46 132 157 179 110 171 192 98 53 62 103 110 93 91 149 52 106 86 60 70 60 87 21 48 145 34 29 78 157 40 98 36 134 51 95 146 189 121 181 191 100 105 72 107 152 150 12 173 133 198 65 89 151 200 156 123 175 39 103 88 58 59 32 49 13 83 137 141 36 120 102 39 81 149 114 94 86 88 169 136 79 79 162 107 19 63 111 78 183 138 7 189 117 58 124 198 83 23 68 89 102 42 22 156 7 55 68 90 69 196 59 129 14 157 154 67 119 18 31 174 169 138 102 184 0 144 168 155 87 124 20 57 169 92 184 80 26 53 93 39 93 161 151 100 128 28 32 2 77 145 109 94 15 87 94 157 169 61 176 81 175 185 106 97 197 6 47 124 148 100 196 186 95 199 169 171 24 120 105 152 58 107 11 159 136 128 51 174 110 15 17 26 144 92 40 122 7 136 163 11 132 69 132 150 66 166 103 187 180 122 169 113 97 120 184 48 116 164 182 154 23 25 174 64 32 84 30 134 182 138 10 5 96 93 184 104 172 166 83 21 85 38 198 47 99 25 57 98 157 180 89 91 150 149 92 68 21 175 49 37 81 123 43 107 190 115 18 121 129 34 59 72 7 131 171 182 68 15 98 62 46 69 51 19 199 198 199 74 192 79 51 150 10 180 156 132 65 63 136 189 119 49 47 176 55 126 13 169 117 2 52 38 198 70 39 44 101 111 92 122 36 157 90 63 170 119 102 63 159 13 43 143 154 51 62 193 96 200 96 48 59 27 93 39 190 143 144 190 186 133 18 81 13 64 163 111 165 48 135 10 64 127 24 97 105 174 110 158 187 42 110 173 6 17 81 149 38 127 114 83 23 30 197 156 72 164 152 99 190 53 70 163 197 199 1 148 25 101 168 127 28 145 134 17 182 182 177 102 49 8 5 21 23 151 121 182 109 45 58 20 180 171 28 36 6 199 23 194 99 18 198 174 80 48 48 81 194 182 107 127 59 61 51 58 98 53 1 136 158 2 74 104 143 2 127 49 175 62 57 6 158 38 142 116 172 10 193 38 164 82 198 171 179 43 76 121 101 159 131 43 159 76 133 69 21 191 184 107
438
23 117 200 200 52 23 52 65 65 65 200 200 117 52 200 52 117 65 65 200 23 65 23 65 23 117 117 200 52 65 65 117 117 52 200 52 117 117 117 52 200 52 65 200 23 117 23 23 23 52 23 52 52 117 200 117 117 52 117 65 52 23 52 65 65 117 65 23 65 23 52 200 65 200 200 52 23 117 65 117 117 23 200 23 23 52 65 200 200 52 52 23 117 200 65 200 200 23 200 117 65 117 52 117 200 200 65 200 200 200 200 200 23 52 117 117 65 65 23 200 200 23 23 65 52 65 52 117 23 65 65 117 23 117 52 65 117 23 117 23 65 117 52 23 52 117 23 117 52 117 117 52 200 65 23 23 52 65 23 52 200 52 117 23 200 200 117 200 65 23 65 117 52 117 117 52 65 117 117 117 65 23 117 200 200 65 200 200 200 200 200 52 117 117 200 200 117 200 52 52 65 200 65 65 52 52 65 65 117 52 52 23 52 52 65 65 65 65 200 200 52 23 23 23 52 52 200 117 23 23 23 65 65 52 23 52 200 65 117 117 117 117 200 117 200 65 117 65 65 117 117 117 65 52 52 23 200 200 117 200 200 65 117 117 117 52 117 52 117 117 65 117 117 200 23 65 65 23 23 23 65 52 65 23 52 117 117 200 52 117 200 23 52 23 65 200 117 65 65 117 200 23 52 200 117 23 52 23 117 65 200 200 52 200 65 65 52 117 65 52 23 200 200 23 52 52 200 52 200 117 200 52 23 23 23 23 117 200 65 52 52 23 52 52 200 117 23 52 117 52 65 23 52 52 23 52 23 117 200 65 200 65 65 23 52 200 117 200 52 52 200 23 65 23 52 117 52 52 65 65 65 23 52 200 117 65 23 23 200 52 65 23 117 117 23 23 117 23 200 52 200 117 65 200 52 117 52 23 200 200 52 65 117 52 65 65 65 117 23 117 23 23 52 23 23 117 65 23 200 117 200 65 65 117 52 52 23 117
204
0 0 0 0 0 0 0 0 0 0 0 0 0 0 0 0 0 0 0 0 0 0 0 0 0 0 0 0 0 0 0 0 0 0 0 0 0 0 0 0 0 0 0 0 0 0 0 0 0 0 0 0 0 0 0 0 0 0 0 0 0 0 0 0 0 0 0 0 0 0 0 0 0 0 0 0 0 0 0 0 0 0 0 0 0 0 0 0 0 0 0 0 0 0 0 0 0 0 0 0 0 0 0 0 0 0 0 0 0 0 0 0 0 0 0 0 0 0 0 0 0 0 0 0 0 0 0 0 0 0 0 0 0 0 0 0 0 0 0 0 0 0 0 0 0 0 0 0 0 0 0 0 0 0 0 0 0 0 0 0 0 0 0 0 0 0 0 0 0 0 0 0 0 0 0 0 0 0 0 0 0 0 0 0 0 0 0 0 0 0 0 0 0 0 0 0 0 0 0 0 0 0 0 0
246
200 200 200 200 200 200 200 200 200 200 200 200 200 200 200 200 200 200 200 200 200 200 200 200 200 200 200 200 200 200 200 200 200 200 200 200 200 200 200 200 200 200 200 200 200 200 200 200 200 200 200 200 200 200 200 200 200 200 200 200 200 200 200 200 200 200 200 200 200 200 200 200 200 200 200 200 200 200 200 200 200 200 200 200 200 200 200 200 200 200 200 200 200 200 200 200 200 200 200 200 200 200 200 200 200 200 200 200 200 200 200 200 200 200 200 200 200 200 200 200 200 200 200 200 200 200 200 200 200 200 200 200 200 200 200 200 200 200 200 200 200 200 200 200 200 200 200 200 200 200 200 200 200 200 200 200 200 200 200 200 200 200 200 200 200 200 200 200 200 200 200 200 200 200 200 200 200 200 200 200 200 200 200 200 200 200 200 200 200 200 200 200 200 200 200 200 200 200 200 200 200 200 200 200 200 200 200 200 200 200 200 200 200 200 200 200 200 200 200 200 200 200 200 200 200 200 200 200 200 200 200 200 200 200 200 200 200 200 200 200 200 200 200 200 200 200
214
0 200 87 79 74 117 73 83 83 114 59 107 85 93 99 87 109 67 93 114 73 59 58 79 101 114 105 93 85 88 50 80 66 62 60 77 93 60 78 56 71 59 71 118 58 92 87 109 104 73 115 78 79 90 76 65 51 76 52 113 78 97 95 61 60 54 101 67 84 102 54 54 69 93 64 79 114 95 84 62 96 64 118 77 102 118 99 99 82 103 72 117 86 58 55 75 94 119 106 118 114 111 104 110 88 113 76 85 77 75 61 107 68 118 118 91 51 53 57 86 100 99 75 69 108 89 93 106 90 99 85 63 55 67 91 95 117 77 50 95 58 66 109 52 114 68 88 53 83 108 54 120 70 66 69 72 74 79 85 106 77 112 95 102 62 60 119 96 52 109 102 114 109 119 84 97 64 83 108 55 75 97 114 100 76 96 89 89 67 106 85 55 57 114 78 118 85 65 96 113 71 84 92 83 68 83 104 51 116 104 103 118 116 200
191
0 200 102 99 71 103 80 61 89 59 57 85 51 51 63 105 62 116 93 104 77 68 73 91 52 80 82 87 113 109 119 69 50 55 90 118 88 97 65 82 110 88 63 106 86 54 65 90 59 98 94 104 112 84 99 119 66 89 116 117 88 76 94 111 61 98 95 109 69 75 84 93 92 53 91 63 118 81 72 70 120 107 89 70 92 94 71 76 95 77 76 92 87 66 72 84 70 113 81 79 78 54 76 50 70 91 93 103 94 103 63 86 89 76 111 69 77 107 71 55 67 96 109 98 60 78 65 107 100 71 59 51 60 115 75 83 62 75 73 84 88 110 105 85 115 105 56 106 90 79 104 109 54 59 79 67 58 54 104 116 94 73 91 75 73 74 73 117 110 115 68 69 93 77 85 76 98 86 66 83 59 67 92 119 90 55 80 56 72 94 200
763
0 200 113 54 119 80 97 67 116 106 113 119 81 102 64 52 61 119 72 114 54 100 53 117 119 92 63 83 101 119 79 87 53 108 96 98 111 65 107 54 107 97 64 61 51 69 58 108 114 118 74 62 82 66 95 80 72 114 74 78 81 97 61 110 77 58 57 55 79 57 82 78 73 62 80 93 67 102 56 80 96 88 50 100 119 73 104 55 96 51 68 86 89 91 77 88 60 63 91 110 116 117 116 92 61 82 92 52 85 51 120 112 113 64 95 111 57 116 111 109 60 62 115 112 115 113 113 97 50 76 117 69 83 89 61 89 93 66 81 98 120 88 67 74 113 108 118 80 105 117 86 65 88 97 58 115 101 53 84 114 67 95 64 105 118 56 91 112 64 98 101 115 61 106 98 69 104 103 87 78 87 92 72 53 101 107 67 97 74 97 59 103 55 58 84 85 120 115 78 120 74 107 84 97 111 100 69 94 114 69 74 117 54 65 104 97 73 58 61 65 90 64 80 91 80 86 111 72 115 120 77 111 74 94 106 117 78 101 52 102 93 112 68 52 88 105 113 103 100 94 71 108 110 59 101 72 67 86 59 99 66 111 84 103 120 119 59 84 67 84 95 73 83 84 111 52 62 54 105 88 57 56 61 94 98 50 54 98 95 92 117 100 115 63 73 110 62 108 118 63 100 95 110 96 74 97 104 88 70 119 112 65 98 52 55 113 65 106 76 97 89 71 64 82 70 75 98 99 91 54 110 97 67 107 66 55 53 119 105 52 97 92 58 77 60 51 70 59 109 113 95 101 106 117 100 94 98 67 88 77 84 80 92 102 117 79 50 102 60 85 79 99 96 94 92 105 78 68 117 99 74 77 50 51 102 107 101 120 65 78 68 68 53 92 73 101 94 70 111 99 99 84 89 67 111 65 59 90 95 120 74 89 58 60 117 56 95 98 69 95 71 56 113 77 68 106 60 58 52 104 54 88 52 103 87 74 52 66 116 74 75 111 113 67 92 81 66 85 120 118 112 76 73 87 91 67 100 69 60 80 65 56 55 98 75 74 54 106 66 78 94 89 96 89 80 66 102 81 97 78 73 90 96 88 73 57 86 67 74 84 71 93 80 113 84 110 85 70 60 72 120 97 120 66 65 73 115 104 67 80 99 60 58 120 99 105 119 99 112 84 51 110 71 120 75 61 111 67 120 61 87 120 83 72 96 63 70 103 67 74 50 71 80 56 96 100 105 108 77 104 89 115 89 69 90 74 84 86 90 106 72 68 73 116 78 107 59 120 111 100 64 50 67 81 69 79 56 71 71 55 117 114 75 59 99 61 64 51 97 67 89 92 93 87 94 67 63 119 102 83 117 62 56 96 61 73 96 82 64 86 79 109 73 118 86 90 74 61 91 93 115 104 118 107 69 62 104 86 91 99 81 63 53 54 59 89 95 77 51 105 78 104 93 55 53 77 120 51 74 65 100 101 120 112 77 76 107 97 54 66 62 76 78 119 81 81 63 94 59 98 86 64 85 79 99 59 80 109 68 100 68 109 100 62 106 63 108 59 119 85 68 66 79 68 119 119 61 58 91 91 89 79 111 112 101 66 54 68 56 106 64 70 95 110 83 63 91 115 88 85 83 113 52 68 105 63 67 115 88 92 98 66 100 78 114 61 83 115 111 109 84 117 81 106 102 74 80 82 71 100 55 87 70 103 103 57 85 97 104 79 119 54 200
571
0 0 0 0 0 0 0 0 0 0 0 0 0 0 0 0 0 0 0 0 0 0 0 0 0 0 0 0 0 0 0 0 0 0 0 0 0 0 0 0 0 0 0 0 0 0 0 0 0 0 0 0 0 0 0 0 0 0 0 0 0 0 0 0 0 0 0 0 0 0 0 0 0 0 0 0 0 0 0 0 0 0 0 0 0 0 0 0 0 0 0 0 0 0 0 0 0 0 0 0 0 0 0 0 0 0 0 0 0 0 0 0 0 0 0 0 0 0 0 0 0 0 0 0 0 0 0 0 0 0 0 0 0 0 0 0 0 0 0 0 0 0 0 0 0 0 0 0 0 0 0 0 0 0 0 0 0 0 0 0 0 0 0 0 0 0 0 0 0 0 0 0 0 0 0 0 0 0 0 0 0 0 0 0 0 0 0 0 0 0 0 0 0 0 0 0 0 0 0 0 0 0 0 0 0 0 0 0 0 0 0 0 0 0 0 0 0 0 0 0 0 0 0 0 0 0 0 0 0 0 0 0 0 0 0 0 0 0 0 0 0 0 0 0 0 0 0 0 0 0 0 0 0 0 0 0 0 0 0 0 0 0 0 0 0 0 0 0 0 0 0 0 0 0 0 0 0 0 0 0 0 0 0 0 0 0 0 0 0 0 0 0 0 0 0 0 0 0 0 0 0 0 0 0 0 0 0 0 0 0 0 0 0 0 0 0 0 0 0 0 0 0 0 0 0 0 0 0 0 0 0 0 0 0 0 0 0 0 0 0 0 0 0 0 0 0 0 0 0 0 0 0 0 0 0 0 0 0 0 0 0 0 0 0 0 0 0 0 0 0 0 0 0 0 0 0 0 0 0 0 0 0 0 0 0 0 0 0 0 0 0 0 0 0 0 0 0 0 0 0 0 0 0 0 0 0 0 0 0 0 0 0 0 0 0 0 0 0 0 0 0 0 0 0 0 0 0 0 0 0 0 0 0 0 0 0 0 0 0 0 0 0 0 0 0 0 0 0 0 0 0 0 0 0 0 0 0 0 0 0 0 0 0 0 0 0 0 0 0 0 0 0 0 0 0 0 0 0 0 0 0 0 0 0 0 0 0 0 0 0 0 0 0 0 0 0 0 0 0 0 0 0 0 0 0 0 0 0 0 0 0 0 0 0 0 0 0 0 0 0 0 0 0 0 0 0 0 0 0 0 0 0 0 0 0 0 0 0 0 0 0 0 0 0 0 0 0 0 0 0 0 0 0 0 0 0 0 0 0 0 0 0 0 0 0 0 0 0 0 0 0
994
0 200 65 97 109 117 102 117 109 75 76 71 63 83 91 91 104 98 95 112 86 85 77 100 56 107 91 87 115 105 60 96 77 103 96 80 119 101 71 89 58 88 93 106 105 83 89 73 113 86 56 77 50 55 67 62 52 107 83 66 107 71 120 101 120 101 89 63 114 74 120 100 54 66 102 92 105 64 80 77 66 95 56 102 77 70 107 53 117 58 82 81 57 74 115 68 109 98 86 76 79 79 104 71 101 78 60 120 100 56 93 76 93 53 63 86 69 120 98 59 104 95 72 113 89 64 110 117 100 66 51 72 112 78 113 50 71 116 74 75 109 74 61 82 116 52 100 72 60 112 57 89 88 114 90 84 98 76 63 82 111 66 87 114 53 67 58 84 61 63 69 110 77 74 52 118 103 119 61 58 96 89 94 74 56 73 83 102 52 93 50 51 86 59 114 78 83 92 86 73 108 71 116 89 87 64 112 93 82 110 84 117 67 80 54 103 78 99 57 120 104 102 74 76 99 51 89 74 91 91 106 102 93 98 115 83 64 113 55 79 86 76 108 96 93 77 55 84 91 102 54 70 60 68 58 82 85 55 110 56 110 83 91 67 113 62 76 68 81 51 107 107 68 56 103 112 78 103 72 118 104 118 89 61 65 108 77 115 102 89 65 103 86 54 55 100 63 74 58 78 60 102 86 114 51 51 58 108 107 69 98 104 82 83 110 112 100 69 95 79 99 51 64 104 89 70 55 115 118 86 112 57 111 99 116 62 115 113 97 55 75 120 111 93 76 76 71 74 115 50 118 86 56 85 118 71 52 63 92 55 107 69 75 78 93 61 115 105 60 63 80 80 75 61 93 118 51 67 80 64 59 103 112 96 94 84 99 115 89 51 115 92 82 59 57 71 55 113 110 63 115 114 83 110 52 80 96 82 73 57 93 70 83 53 119 87 97 114 109 106 99 113 72 64 96 98 104 58 73 68 109 68 75 66 62 52 61 119 63 117 110 73 111 110 79 120 72 85 95 52 96 82 82 63 66 92 80 104 62 80 50 74 78 67 89 60 53 110 76 78 78 74 61 51 113 68 59 55 56 76 84 104 60 75 67 90 99 75 111 50 117 110 71 112 75 80 85 52 53 59 102 78 67 66 61 67 108 78 62 89 56 111 93 108 111 88 114 82 105 52 118 51 62 71 104 88 118 55 95 117 95 63 111 109 63 70 75 81 83 100 52 91 69 92 51 54 90 65 57 56 100 90 68 54 102 73 101 71 67 57 103 62 54 86 69 112 61 78 53 103 59 64 67 118 54 88 83 101 91 102 113 68 101 95 89 63 59 103 53 57 55 111 114 120 52 62 53 108 64 57 69 98 70 106 76 78 110 107 54 109 87 68 76 90 93 112 107 80 111 90 62 66 78 58 53 82 62 112 111 117 111 89 108 101 88 67 59 71 88 81 72 98 78 112 53 81 57 51 74 101 70 80 82 66 68 88 98 61 61 110 119 62 97 59 120 114 85 76 82 99 75 104 63 87 109 74 101 57 101 79 80 116 92 93 69 86 78 77 75 58 90 95 115 103 82 97 63 59 85 119 63 119 86 114 83 91 71 95 85 51 92 99 60 83 97 107 109 117 57 114 55 91 55 75 51 88 57 83 94 65 90 73 66 120 51 117 97 97 71 56 53 53 66 60 80 70 83 100 54 86 67 84 120 76 93 66 111 67 90 81 60 89 59 54 118 96 96 82 79 68 83 91 75 61 104 101 64 86 85 69 51 90 77 83 79 116 108 89 83 119 116 91 111 61 81 51 81 89 80 89 92 97 51 76 66 84 55 57 77 103 64 91 85 68 59 80 104 82 54 95 56 88 76 88 95 110 62 73 86 65 101 60 102 99 111 100 72 106 108 116 103 59 88 105 74 58 117 63 105 74 52 66 110 113 79 59 118 71 80 111 78 51 90 84 83 119 112 59 50 87 78 107 81 84 119 93 99 70 54 95 60 112 53 70 88 92 79 97 63 51 96 70 64 55 96 56 109 119 75 83 54 61 85 88 118 78 101 98 72 82 76 101 114 116 62 71 113 114 79 57 74 75 75 72 52 78 84 100 119 74 82 97 103 66 88 82 68 115 103 99 113 58 119 68 72 93 119 61 102 114 89 67 50 63 75 107 67 101 77 101 111 72 103 73 69 86 75 64 109 68 55 93 100 51 64 118 111 74 74 89 52 67 88 74 54 97 108 55 80 72 116 54 99 200
91
121 36 127 195 0 61 29 60 38 191 11 124 3 21 104 194 158 23 177 89 108 167 99 129 149 139 165 158 129 61 188 126 51 11 139 37 71 32 135 178 66 35 104 159 70 33 21 35 123 193 14 151 98 50 130 1 97 144 119 24 70 61 57 28 161 103 163 55 0 102 140 132 10 68 125 7 151 58 27 134 70 6 144 113 76 129 184 39 47 26 156
305
150 127 19 136 95 179 78 84 101 21 80 122 136 146 97 63 102 47 175 62 178 29 17 157 159 36 140 170 152 37 54 8 188 167 33 31 19 9 28 109 194 122 94 73 101 199 162 52 159 103 146 11 117 18 199 79 93 16 181 6 184 108 67 141 156 162 45 179 139 168 101 80 195 189 102 188 40 8 148 64 54 46 185 174 177 35 49 38 22 159 79 102 191 102 159 63 73 154 14 13 33 191 200 10 146 131 185 179 194 113 160 50 85 58 17 175 36 129 87 94 5 101 120 0 78 55 31 189 23 86 147 100 184 141 195 75 30 110 38 108 156 199 194 33 144 82 92 24 163 173 126 73 127 37 106 138 112 87 154 3 34 20 71 85 141 169 146 60 136 54 44 66 140 145 122 93 58 3 180 80 175 59 198 196 184 71 8 55 174 99 175 21 188 54 44 68 121 142 70 191 70 163 130 197 132 141 24 8 21 124 128 132 104 165 84 104 162 96 147 133 91 42 173 35 170 113 200 6 24 13 61 59 102 151 71 7 189 89 136 89 48 184 102 10 191 189 64 196 3 172 157 114 147 74 9 1 121 62 198 121 28 92 65 53 87 63 15 40 183 13 25 12 119 98 145 151 13 23 39 20 190 172 93 82 175 86 85 46 117 136 93 68 130 14 113 154 60 65 36 200 109 35 70 6 109
275
0 0 0 0 0 0 0 0 0 0 0 0 0 0 0 0 0 0 0 0 0 0 0 0 0 0 0 0 0 0 0 0 0 0 0 0 0 0 0 0 0 0 0 0 0 0 0 0 0 0 0 0 0 0 0 0 0 0 0 0 0 0 0 0 0 0 0 0 0 0 0 0 0 0 0 0 0 0 0 0 0 0 0 0 0 0 0 0 0 0 0 0 0 0 0 0 0 0 0 0 0 0 0 0 0 0 0 0 0 0 0 0 0 0 0 0 0 0 0 0 0 0 0 0 0 0 0 0 0 0 0 0 0 0 0 0 0 0 0 0 0 0 0 0 0 0 0 0 0 0 0 0 0 0 0 0 0 0 0 0 0 0 0 0 0 0 0 0 0 0 0 0 0 0 0 0 0 0 0 0 0 0 0 0 0 0 0 0 0 0 0 0 0 0 0 0 0 0 0 0 0 0 0 0 0 0 0 0 0 0 0 0 0 0 0 0 0 0 0 0 0 0 0 0 0 0 0 0 0 0 0 0 0 0 0 0 0 0 0 0 0 0 0 0 0 0 0 0 0 0 0 0 0 0 0 0 0 0 0 0 0 0 0 0 0 0 0 0 0 0 0 0 0 0 0
510
0 200 75 100 84 56 52 69 89 78 117 86 104 72 108 95 102 100 69 58 114 60 50 64 120 63 88 107 51 65 72 80 81 81 73 50 71 114 51 80 97 106 116 86 72 69 86 117 117 103 99 79 55 54 111 90 119 61 120 51 84 99 112 56 76 102 57 57 107 101 63 71 89 85 97 66 109 118 64 84 59 55 116 108 60 120 91 117 99 56 77 51 75 119 68 84 89 51 101 85 80 116 80 83 111 120 93 116 86 68 95 97 64 117 118 78 117 114 56 67 102 99 95 99 93 63 51 77 101 104 66 118 81 72 114 101 76 92 51 63 59 57 56 54 89 111 91 105 90 60 119 103 107 109 78 50 94 101 53 88 99 53 83 56 76 58 78 102 92 93 69 82 103 92 61 66 62 113 54 107 75 69 117 103 75 61 113 104 72 111 97 80 67 77 71 57 57 89 115 53 108 108 75 75 106 106 109 114 71 68 120 109 86 106 112 50 90 76 69 113 69 86 105 100 112 103 56 53 92 72 80 80 82 69 117 87 104 50 114 119 117 73 118 93 75 63 58 103 120 119 82 53 85 85 119 70 96 84 92 66 98 98 58 74 85 80 79 53 112 65 60 50 81 111 86 81 68 119 92 89 54 99 52 77 65 103 68 57 66 51 96 60 102 109 77 62 111 72 72 76 119 95 113 93 63 118 54 87 99 55 96 108 91 71 65 74 59 83 102 94 91 104 85 104 64 114 85 104 95 117 84 91 110 114 50 80 85 67 64 99 110 56 95 68 112 109 117 53 52 81 66 90 55 96 60 82 57 112 58 60 63 104 83 66 107 116 118 114 102 117 67 82 50 90 110 78 72 95 62 67 58 52 97 59 113 51 82 112 58 88 101 63 109 61 75 73 65 61 98 97 59 53 106 74 100 106 110 68 109 101 64 78 87 84 94 58 61 59 75 87 87 88 111 63 81 85 95 110 82 103 74 77 96 56 100 68 115 57 84 57 83 71 106 105 54 53 98 52 116 104 96 84 90 79 103 73 76 93 83 104 75 102 111 90 57 100 109 92 54 105 116 93 50 108 105 114 80 86 81 85 63 115 90 105 79 107 89 71 68 63 70 97 57 89 106 87 96 52 111 50 50 120 117 65 92 111 112 55 79 200
76
10 14 4 8 2 151 150 5 4 20 16 17 4 7 196 0 9 10 9 14 153 0 176 13 8 177 8 6 17 9 6 19 4 18 9 13 2 1 14 165 14 17 16 2 14 11 15 153 190 159 18 14 169 3 11 6 167 150 16 2 2 2 18 10 6 11 19 160 170 150 16 2 178 7 20 15
724
0 0 0 0 0 0 0 0 0 0 0 0 0 0 0 0 0 0 0 0 0 0 0 0 0 0 0 0 0 0 0 0 0 0 0 0 0 0 0 0 0 0 0 0 0 0 0 0 0 0 0 0 0 0 0 0 0 0 0 0 0 0 0 0 0 0 0 0 0 0 0 0 0 0 0 0 0 0 0 0 0 0 0 0 0 0 0 0 0 0 0 0 0 0 0 0 0 0 0 0 0 0 0 0 0 0 0 0 0 0 0 0 0 0 0 0 0 0 0 0 0 0 0 0 0 0 0 0 0 0 0 0 0 0 0 0 0 0 0 0 0 0 0 0 0 0 0 0 0 0 0 0 0 0 0 0 0 0 0 0 0 0 0 0 0 0 0 0 0 0 0 0 0 0 0 0 0 0 0 0 0 0 0 0 0 0 0 0 0 0 0 0 0 0 0 0 0 0 0 0 0 0 0 0 0 0 0 0 0 0 0 0 0 0 0 0 0 0 0 0 0 0 0 0 0 0 0 0 0 0 0 0 0 0 0 0 0 0 0 0 0 0 0 0 0 0 0 0 0 0 0 0 0 0 0 0 0 0 0 0 0 0 0 0 0 0 0 0 0 0 0 0 0 0 0 0 0 0 0 0 0 0 0 0 0 0 0 0 0 0 0 0 0 0 0 0 0 0 0 0 0 0 0 0 0 0 0 0 0 0 0 0 0 0 0 0 0 0 0 0 0 0 0 0 0 0 0 0 0 0 0 0 0 0 0 0 0 0 0 0 0 0 0 0 0 0 0 0 0 0 0 0 0 0 0 0 0 0 0 0 0 0 0 0 0 0 0 0 0 0 0 0 0 0 0 0 0 0 0 0 0 0 0 0 0 0 0 0 0 0 0 0 0 0 0 0 0 0 0 0 0 0 0 0 0 0 0 0 0 0 0 0 0 0 0 0 0 0 0 0 0 0 0 0 0 0 0 0 0 0 0 0 0 0 0 0 0 0 0 0 0 0 0 0 0 0 0 0 0 0 0 0 0 0 0 0 0 0 0 0 0 0 0 0 0 0 0 0 0 0 0 0 0 0 0 0 0 0 0 0 0 0 0 0 0 0 0 0 0 0 0 0 0 0 0 0 0 0 0 0 0 0 0 0 0 0 0 0 0 0 0 0 0 0 0 0 0 0 0 0 0 0 0 0 0 0 0 0 0 0 0 0 0 0 0 0 0 0 0 0 0 0 0 0 0 0 0 0 0 0 0 0 0 0 0 0 0 0 0 0 0 0 0 0 0 0 0 0 0 0 0 0 0 0 0 0 0 0 0 0 0 0 0 0 0 0 0 0 0 0 0 0 0 0 0 0 0 0 0 0 0 0 0 0 0 0 0 0 0 0 0 0 0 0 0 0 0 0 0 0 0 0 0 0 0 0 0 0 0 0 0 0 0 0 0 0 0 0 0 0 0 0 0 0 0 0 0 0 0 0 0 0 0 0 0 0 0 0 0 0 0 0 0 0 0 0 0 0 0 0 0 0 0 0 0 0 0 0 0 0 0 0 0 0 0 0 0 0 0 0 0 0 0 0 0 0 0 0 0 0 0 0 0 0 0 0 0 0 0 0 0 0 0 0 0 0 0 0 0 0 0 0 0 0
428
0 0 0 0 0 0 0 0 0 0 0 0 0 0 0 0 0 0 0 0 0 0 0 0 0 0 0 0 0 0 0 0 0 0 0 0 0 0 0 0 0 0 0 0 0 0 0 0 0 0 0 0 0 0 0 0 0 0 0 0 0 0 0 0 0 0 0 0 0 0 0 0 0 0 0 0 0 0 0 0 0 0 0 0 0 0 0 0 0 0 0 0 0 0 0 0 0 0 0 0 0 0 0 0 0 0 0 0 0 0 0 0 0 0 0 0 0 0 0 0 0 0 0 0 0 0 0 0 0 0 0 0 0 0 0 0 0 0 0 0 0 0 0 0 0 0 0 0 0 0 0 0 0 0 0 0 0 0 0 0 0 0 0 0 0 0 0 0 0 0 0 0 0 0 0 0 0 0 0 0 0 0 0 0 0 0 0 0 0 0 0 0 0 0 0 0 0 0 0 0 0 0 0 0 0 0 0 0 0 0 0 0 0 0 0 0 0 0 0 0 0 0 0 0 0 0 0 0 0 0 0 0 0 0 0 0 0 0 0 0 0 0 0 0 0 0 0 0 0 0 0 0 0 0 0 0 0 0 0 0 0 0 0 0 0 0 0 0 0 0 0 0 0 0 0 0 0 0 0 0 0 0 0 0 0 0 0 0 0 0 0 0 0 0 0 0 0 0 0 0 0 0 0 0 0 0 0 0 0 0 0 0 0 0 0 0 0 0 0 0 0 0 0 0 0 0 0 0 0 0 0 0 0 0 0 0 0 0 0 0 0 0 0 0 0 0 0 0 0 0 0 0 0 0 0 0 0 0 0 0 0 0 0 0 0 0 0 0 0 0 0 0 0 0 0 0 0 0 0 0 0 0 0 0 0 0 0 0 0 0 0 0 0 0 0 0 0 0 0 0 0 0 0 0 0 0 0 0 0 0 0 0 0 0 0 0 0 0 0 0 0 0 0 0 0 0 0 0
112
4 18 4 10 12 6 7 13 16 16 10 13 3 10 6 17 19 20 9 16 3 14 3 13 0 9 1 6 20 3 9 0 10 13 16 1 18 14 11 3 13 0 20 0 2 13 11 7 13 20 19 11 20 20 16 0 2 7 11 10 5 4 13 6 18 12 3 4 11 10 14 7 17 10 9 8 20 9 5 4 3 19 11 14 17 15 15 0 14 14 14 18 2 5 14 13 2 14 4 7 2 17 11 12 20 20 6 13 5 2 18 19
164
200 200 200 200 200 200 200 200 200 200 200 200 200 200 200 200 200 200 200 200 200 200 200 200 200 200 200 200 200 200 200 200 200 200 200 200 200 200 200 200 200 200 200 200 200 200 200 200 200 200 200 200 200 200 200 200 200 200 200 200 200 200 200 200 200 200 200 200 200 200 200 200 200 200 200 200 200 200 200 200 200 200 200 200 200 200 200 200 200 200 200 200 200 200 200 200 200 200 200 200 200 200 200 200 200 200 200 200 200 200 200 200 200 200 200 200 200 200 200 200 200 200 200 200 200 200 200 200 200 200 200 200 200 200 200 200 200 200 200 200 200 200 200 200 200 200 200 200 200 200 200 200 200 200 200 200 200 200 200 200 200 200 200 200
426
200 200 200 200 200 200 200 200 200 200 200 200 200 200 200 200 200 200 200 200 200 200 200 200 200 200 200 200 200 200 200 200 200 200 200 200 200 200 200 200 200 200 200 200 200 200 200 200 200 200 200 200 200 200 200 200 200 200 200 200 200 200 200 200 200 200 200 200 200 200 200 200 200 200 200 200 200 200 200 200 200 200 200 200 200 200 200 200 200 200 200 200 200 200 200 200 200 200 200 200 200 200 200 200 200 200 200 200 200 200 200 200 200 200 200 200 200 200 200 200 200 200 200 200 200 200 200 200 200 200 200 200 200 200 200 200 200 200 200 200 200 200 200 200 200 200 200 200 200 200 200 200 200 200 200 200 200 200 200 200 200 200 200 200 200 200 200 200 200 200 200 200 200 200 200 200 200 200 200 200 200 200 200 200 200 200 200 200 200 200 200 200 200 200 200 200 200 200 200 200 200 200 200 200 200 200 200 200 200 200 200 200 200 200 200 200 200 200 200 200 200 200 200 200 200 200 200 200 200 200 200 200 200 200 200 200 200 200 200 200 200 200 200 200 200 200 200 200 200 200 200 200 200 200 200 200 200 200 200 200 200 200 200 200 200 200 200 200 200 200 200 200 200 200 200 200 200 200 200 200 200 200 200 200 200 200 200 200 200 200 200 200 200 200 200 200 200 200 200 200 200 200 200 200 200 200 200 200 200 200 200 200 200 200 200 200 200 200 200 200 200 200 200 200 200 200 200 200 200 200 200 200 200 200 200 200 200 200 200 200 200 200 200 200 200 200 200 200 200 200 200 200 200 200 200 200 200 200 200 200 200 200 200 200 200 200 200 200 200 200 200 200 200 200 200 200 200 200 200 200 200 200 200 200 200 200 200 200 200 200 200 200 200 200 200 200 200 200 200 200 200 200 200 200 200 200 200 200 200 200 200 200 200 200 200 200 200 200 200 200 200 200 200 200 200 200
418
7 165 165 165 7 165 7 7 165 7 165 7 7 165 165 7 165 165 165 7 165 165 7 7 165 165 165 165 165 7 7 165 165 165 165 165 165 7 7 7 7 165 7 165 165 7 7 7 7 7 165 7 165 165 165 165 165 7 7 7 7 165 7 7 165 165 165 7 7 7 7 165 7 165 7 7 7 7 7 7 165 7 7 165 165 7 7 165 7 7 165 165 165 165 165 7 7 7 7 165 165 165 165 165 7 7 165 7 165 7 7 165 7 165 7 7 165 7 165 165 165 7 165 165 165 7 165 7 165 165 7 7 165 165 7 165 7 7 165 165 165 165 7 7 7 165 7 165 165 7 165 165 7 165 165 7 165 7 7 7 165 7 7 165 7 7 7 7 165 7 7 7 7 7 7 165 165 7 165 165 7 7 165 7 165 165 165 7 7 7 165 7 165 7 165 165 165 165 7 7 165 7 165 165 7 165 7 7 165 165 7 165 7 165 7 165 165 7 165 7 7 7 165 165 165 7 7 7 7 165 165 7 7 7 165 165 7 165 165 7 7 165 165 165 7 7 7 165 165 7 7 165 7 7 7 7 7 7 7 165 7 7 165 165 165 7 7 165 7 7 165 7 165 7 165 7 165 7 7 7 165 165 165 165 7 7 7 165 7 7 165 7 165 7 165 165 7 165 7 165 7 165 7 165 165 165 7 165 7 165 165 165 165 7 7 165 165 165 165 7 165 7 7 7 165 7 165 7 7 7 165 7 7 7 165 165 165 165 7 165 7 7 165 7 7 7 7 165 165 165 165 165 165 165 165 7 165 165 165 165 7 165 7 165 7 165 165 165 7 7 165 7 7 165 7 7 7 7 7 165 165 165 165 165 7 7 7 165 7 165 165 165 7 7 7 7 165 165 7 165 165 165 7 165 7 7 7 7 165 7 165 165 165 165 165 7 165 7
612
53 131 1 180 145 71 92 189 124 88 54 43 182 86 198 68 50 188 160 124 28 65 102 67 29 189 56 38 160 163 141 153 29 80 61 144 147 197 27 115 86 72 98 114 124 102 67 193 125 64 25 143 81 89 162 194 91 36 85 154 7 11 85 46 139 88 24 89 99 193 109 113 195 155 14 140 187 69 10 189 22 157 65 99 116 167 2 26 22 102 131 192 54 185 107 164 91 195 180 74 111 116 83 85 9 38 102 53 142 25 31 52 43 65 83 44 63 68 2 94 111 168 189 65 157 119 144 19 51 102 13 75 148 183 165 78 9 58 155 19 192 147 61 153 99 163 183 179 34 34 14 49 58 19 166 41 135 141 127 65 175 12 78 125 151 192 63 0 176 158 193 40 56 149 104 40 126 174 48 136 129 27 58 106 36 91 142 172 43 152 123 178 117 156 44 25 132 143 59 189 115 69 94 97 66 21 23 37 55 186 29 93 36 61 107 140 127 121 92 155 4 71 116 155 90 15 112 19 140 196 154 98 89 113 172 176 52 122 148 139 56 67 36 39 154 140 52 45 103 181 70 48 60 5 22 65 75 129 161 138 170 138 74 164 185 159 115 185 186 147 186 45 135 79 200 85 52 51 9 70 185 66 9 19 27 144 179 102 20 186 65 116 17 172 88 40 191 38 84 34 183 145 68 79 22 156 91 69 97 35 6 104 170 200 49 159 37 166 168 195 148 11 133 116 157 39 150 90 189 148 194 199 200 106 171 57 68 199 30 145 155 35 148 88 175 73 129 77 32 93 187 1 60 182 61 177 78 128 110 14 126 170 83 65 188 173 121 99 165 6 109 169 33 170 32 134 133 18 40 46 42 76 10 12 143 153 147 143 51 135 25 173 179 155 31 68 62 55 200 16 59 153 59 48 73 133 156 30 97 131 71 11 172 125 132 61 147 151 64 56 35 19 24 119 91 28 84 133 175 131 143 120 154 79 59 163 8 67 102 3 115 104 88 38 100 169 194 60 187 39 82 126 79 111 35 31 76 119 92 126 154 54 133 13 54 47 91 3 41 198 161 74 163 11 17 120 140 115 128 170 115 30 31 148 82 75 129 111 40 72 124 10 67 87 125 122 96 126 30 89 102 197 104 125 37 15 62 112 65 105 47 181 107 24 27 101 105 0 28 168 24 191 66 32 145 64 149 1 115 27 22 33 91 111 46 41 25 151 144 93 134 15 60 82 79 124 127 15 36 104 129 9 185 46 28 138 27 163 57 79 99 68 102 116 137 81 20 182 183 67 12 174 194 12 21 141 119 51 101 45 181 120 173 146 173 54 66 150 12 35 3 134 64 170 42 152 167 12 119 60 102 129 106 71 172 88 105 163 149 134 173 5
1000
15 172 15 24 24 15 57 172 93 93 46 46 24 172 15 46 46 15 15 172 93 172 172 172 24 93 57 172 24 24 57 172 24 46 24 172 93 172 15 24 93 93 172 15 24 24 93 46 93 46 15 93 57 15 46 15 57 172 93 57 57 172 93 93 24 15 15 15 172 15 57 93 15 46 57 24 57 15 93 15 15 24 172 93 15 15 46 46 57 57 46 15 172 57 24 46 46 93 15 24 24 93 46 57 15 172 93 46 24 93 172 93 93 57 93 15 46 93 46 24 172 24 46 46 57 15 15 93 93 24 93 172 46 57 46 172 57 57 15 15 57 93 46 93 46 172 24 172 172 57 172 93 46 15 24 93 46 172 15 93 93 172 15 15 24 15 46 172 15 15 57 24 57 93 15 172 46 24 172 15 172 172 24 57 24 15 24 93 24 93 172 172 57 93 46 15 15 93 15 172 46 15 57 24 46 57 93 15 93 46 15 15 172 46 172 15 15 15 57 93 24 46 15 57 15 15 46 46 172 172 93 24 24 93 172 93 24 57 93 15 24 46 46 24 57 15 172 24 93 57 172 24 46 46 24 93 24 93 57 46 15 15 15 93 93 15 15 57 15 57 93 15 15 93 15 93 46 57 172 57 15 93 172 24 15 172 24 172 24 57 15 57 46 46 93 57 15 46 93 93 24 46 46 15 93 15 46 57 46 15 57 15 46 172 15 46 24 172 93 57 15 172 93 24 172 93 172 15 93 46 57 93 93 46 93 46 93 57 15 172 15 93 57 15 15 15 15 46 46 15 46 57 15 93 57 15 15 46 57 24 24 57 46 15 172 15 15 172 15 15 15 57 15 15 57 93 172 24 46 57 172 15 93 93 93 93 57 24 46 172 46 172 15 172 46 172 93 46 46 15 24 46 57 24 172 57 15 57 46 24 57 93 93 57 93 46 57 93 46 15 172 15 93 57 172 15 93 93 24 15 46 15 24 93 172 15 46 57 172 24 93 24 93 15 15 57 24 172 15 172 172 57 93 46 24 57 57 57 93 24 24 93 93 24 93 24 15 15 46 24 46 172 15 46 24 24 46 24 24 24 172 172 24 172 57 57 15 46 24 57 15 46 172 46 172 15 15 24 15 24 46 24 172 172 46 15 15 57 93 24 46 57 93 57 15 172 57 57 46 93 46 172 172 93 57 15 57 46 93 172 57 93 172 172 57 57 15 57 15 93 172 93 15 24 46 24 57 57 46 57 93 46 172 57 46 172 24 24 15 57 93 15 93 172 24 172 93 172 15 46 15 93 15 93 57 57 57 172 24 93 172 93 15 57 93 24 15 15 57 172 24 24 172 15 46 93 57 24 24 57 172 46 93 15 15 46 46 172 15 46 57 57 24 172 57 93 46 57 15 15 46 93 46 24 57 57 46 172 172 24 24 46 15 172 24 46 46 57 93 57 46 46 172 172 46 172 24 46 46 15 57 15 172 24 24 172 172 172 172 15 57 24 46 46 93 172 46 46 46 46 93 93 24 57 172 15 93 24 15 46 46 57 46 93 57 24 172 172 15 172 46 93 57 172 15 15 57 57 172 15 172 24 57 172 93 172 46 172 46 172 46 46 172 93 93 172 15 57 15 172 46 15 93 57 15 93 172 172 93 46 15 57 93 15 93 46 15 93 15 46 57 93 93 46 24 46 172 57 93 172 15 46 172 24 57 15 172 93 15 15 15 24 46 46 46 46 172 93 46 57 15 24 15 93 172 24 24 24 172 57 93 57 46 15 46 24 172 15 46 93 93 46 46 93 24 24 24 57 172 24 93 24 57 15 172 93 172 24 93 93 46 172 57 93 172 57 46 172 46 15 93 24 172 24 24 57 93 93 24 172 172 172 24 172 15 93 57 93 15 15 172 24 15 57 172 172 15 57 57 172 46 15 57 24 24 93 24 93 57 15 24 15 93 57 46 172 93 46 24 24 172 24 24 172 15 57 15 24 46 93 15 15 24 15 172 46 57 15 57 15 15 93 93 24 15 93 172 57 57 172 15 24 93 57 46 46 172 24 57 93 172 172 57 24 93 46 93 15 46 24 24 172 172 57 46 57 93 24 172 46 93 24 46 57 93 46 57 57 46 172 24 15 46 57 57 172 46 24 15 15 24 24 93 24 172 172 57 24 24 15 172 93 57 15 93 93 15 15 57 93 15 24 46 93 172 172 46 172 46 24 93 46 172 46 57 46 15 172 57 15 15 93 93 46 46 93 46 57 15 46
741
10 11 19 6 10 19 1 19 9 9 18 20 6 18 17 6 15 18 10 15 14 10 16 20 12 12 9 0 7 11 8 17 14 16 1 2 12 5 0 9 18 7 0 14 18 12 12 3 17 17 10 9 0 5 0 2 2 19 11 17 4 11 0 8 16 16 3 11 11 16 20 16 3 2 13 6 16 2 13 11 18 0 3 12 14 12 16 2 9 2 11 14 4 13 11 15 4 20 20 3 10 11 8 16 4 12 7 13 15 15 19 9 19 2 7 18 18 18 13 14 11 11 2 11 5 0 3 19 20 8 3 11 4 14 4 13 10 13 14 12 7 14 5 4 13 5 12 9 11 19 14 4 15 11 9 9 19 15 4 6 7 17 2 6 6 8 18 8 5 18 11 16 3 2 17 12 1 8 19 11 13 3 12 10 15 3 17 8 20 15 16 7 14 10 0 8 4 19 5 19 2 14 8 18 8 19 3 2 1 4 16 16 1 0 11 17 8 6 13 14 16 17 15 20 19 11 1 4 14 2 16 9 14 10 17 6 14 1 11 12 15 10 19 7 8 5 9 16 20 20 1 14 9 14 6 10 0 7 12 2 0 18 18 8 2 13 5 12 12 6 14 7 17 5 2 6 2 0 7 3 20 9 13 9 14 17 10 13 12 17 10 12 3 18 5 17 14 14 2 18 19 3 12 7 10 12 11 11 0 9 16 12 11 16 10 1 1 4 1 11 15 3 6 13 3 1 4 18 16 19 8 0 16 18 2 20 2 0 20 17 7 4 16 15 11 15 1 4 20 9 10 15 13 7 13 8 19 19 9 11 16 6 0 8 8 1 19 6 13 6 2 7 4 15 11 16 2 10 7 10 17 11 11 7 8 10 17 19 9 11 12 1 0 17 5 12 0 6 12 6 12 18 18 3 14 11 8 2 6 17 3 3 2 0 2 17 5 16 1 4 13 11 6 5 0 20 0 17 19 17 3 9 18 12 3 12 17 1 15 4 2 11 12 7 18 8 15 16 15 11 5 15 18 17 20 12 11 17 5 7 1 12 10 4 8 8 12 9 18 5 9 18 16 16 13 12 12 8 14 6 3 6 10 6 2 3 19 1 12 6 6 4 6 9 17 16 6 13 1 7 9 7 10 15 16 6 15 9 19 18 4 10 1 8 15 5 3 20 15 14 19 18 7 5 5 16 12 0 5 15 5 14 14 1 13 14 2 12 15 7 13 6 15 18 3 20 4 2 19 4 12 7 6 10 12 12 5 5 5 0 18 15 8 14 3 4 2 3 16 19 9 17 5 19 3 14 4 10 10 14 12 5 19 13 20 13 12 12 4 18 3 8 16 5 17 12 9 18 19 16 3 1 5 13 9 13 11 2 10 6 7 17 15 16 20 18 12 14 19 14 4 3 11 2 20 19 3 12 20 17 18 3 0 9 13 2 9 1 12 15 2 5 0 13 12 15 15 13 16 10 11 7 14 18 14 19 12 5 17 5 1 9 2 16 2 14 3 0 12 18 11 0 16 3 11 10 1 6 10 19 0 9 6 19 10 13 17 9 12 19 10 12 7 4 6 9 8 14 12 18 19 10 13 8 18 13 13 7 8 2 9 2 8 15 9 7 5 17 12 9 1 20 15 6 18 3 7 14 6 0 13 19 5 11 8 14 16 13 12 20 12
428
93 160 37 77 159 111 97 84 46 111 82 88 44 175 30 27 113 170 191 140 122 42 180 108 142 147 42 40 53 31 151 195 151 74 39 153 173 157 98 111 153 15 98 19 126 142 149 11 197 17 51 0 115 97 118 115 184 35 65 50 107 74 99 165 41 60 193 52 103 83 20 20 98 131 29 145 68 148 170 170 36 39 49 177 63 2 188 24 35 68 46 186 117 154 51 172 197 168 23 192 116 152 42 139 130 98 161 86 87 191 87 105 169 8 168 156 188 187 70 93 46 29 44 135 135 148 41 165 160 34 131 69 192 38 179 26 117 164 111 37 97 49 115 91 73 174 70 27 45 87 21 198 165 165 1 95 32 58 69 45 24 153 185 76 27 70 30 136 80 55 139 157 16 67 15 29 47 59 186 16 45 52 146 112 194 78 144 134 49 18 154 144 66 84 199 86 65 77 94 173 129 38 197 45 52 17 124 34 72 138 34 59 44 13 30 113 180 194 103 173 161 104 132 190 104 120 189 34 175 22 74 115 46 152 128 111 148 71 7 176 117 22 34 65 180 13 167 23 48 142 74 57 145 156 164 124 162 99 174 41 92 185 89 5 123 3 172 145 86 98 103 52 179 155 174 168 80 122 152 117 181 98 103 90 150 32 117 55 71 148 21 88 64 34 47 69 18 72 117 122 3 16 62 111 121 104 130 159 48 46 42 94 178 116 151 42 71 90 146 196 156 23 119 31 157 174 117 110 25 76 189 25 162 170 52 102 101 4 161 31 108 27 61 120 149 146 182 25 3 121 167 22 97 33 191 147 100 120 163 60 59 175 99 153 150 131 144 113 148 11 16 152 22 175 110 155 161 95 40 137 40 123 3 183 144 4 37 188 176 0 97 193 100 121 148 77 78 140 18 173 168 78 112 24 165 188 139 118 22 97 152 200 170 11 150 63 58 36 124 153 66 167 187 74 2 94 8 171
738
11 7 5 6 11 9 8 17 2 17 12 13 7 7 5 17 13 18 13 1 16 14 16 14 4 9 14 5 10 11 3 17 3 9 4 7 2 0 18 10 8 9 7 15 8 13 18 14 4 16 20 11 16 20 6 5 4 15 4 6 18 17 4 18 6 16 1 11 18 14 10 16 0 2 16 16 0 15 9 0 8 5 8 19 4 0 7 6 5 15 9 1 7 9 5 6 4 10 3 12 2 2 3 16 14 19 18 6 20 2 14 10 8 8 3 2 20 2 19 7 2 15 5 1 18 19 9 2 3 14 13 12 16 18 12 9 1 7 5 16 8 11 4 9 17 3 13 11 14 19 14 12 15 11 1 17 3 8 19 2 3 17 12 4 4 12 13 8 5 18 3 5 15 8 7 17 1 16 8 2 12 14 8 15 14 12 3 8 0 5 3 4 8 20 19 11 15 10 3 6 1 8 13 15 1 19 20 16 13 12 6 16 1 19 20 19 8 12 5 4 0 16 0 16 15 9 2 7 0 15 5 4 16 5 6 7 18 9 8 1 11 15 15 14 20 7 11 12 3 14 11 6 17 17 7 19 8 8 6 19 16 16 12 5 4 17 14 9 12 5 9 16 9 5 4 16 11 2 10 12 1 7 5 1 8 6 11 1 14 1 20 20 14 16 17 4 14 9 11 3 9 2 0 12 14 19 0 15 4 17 13 6 6 13 4 20 5 8 16 5 11 15 14 0 16 15 6 18 11 19 2 1 8 19 16 20 6 17 18 16 18 16 4 19 17 15 12 11 13 7 14 1 10 10 12 20 12 10 6 18 14 13 5 3 8 6 17 5 4 1 2 4 17 19 13 6 14 12 15 6 7 12 11 16 19 19 12 12 1 19 2 2 12 0 9 17 6 6 6 7 12 13 1 18 7 0 1 5 19 16 0 12 3 1 17 15 19 3 11 6 13 6 7 20 6 0 17 10 10 5 7 11 18 8 10 11 15 9 6 20 2 20 11 3 12 16 4 20 3 8 11 2 7 7 18 15 6 7 15 4 16 4 4 17 8 17 12 8 3 10 8 13 1 6 2 8 10 6 12 19 0 14 2 11 11 9 10 15 5 5 18 5 18 19 7 5 12 0 3 13 9 7 18 5 7 13 1 11 9 16 8 6 4 19 7 0 11 18 0 14 3 15 1 19 20 1 8 0 2 2 17 16 2 10 13 8 8 1 6 7 3 8 9 13 9 20 9 19 13 0 11 5 15 8 16 7 0 14 3 0 17 5 19 14 7 20 17 1 8 19 0 15 1 0 20 15 1 5 9 20 19 8 15 10 1 7 7 19 2 9 10 16 7 20 20 4 3 18 11 1 6 0 9 18 10 12 2 18 2 16 18 17 7 16 0 7 0 14 8 7 0 9 3 10 15 15 13 3 3 6 4 8 2 3 15 9 19 10 15 14 15 14 3 2 18 16 5 6 0 16 20 7 9 15 6 20 2 11 4 12 9 10 10 12 9 19 0 17 1 10 8 3 13 17 0 9 6 10 16 11 10 7 17 20 15 8 4 20 17 5 15 2 17 0 8 17 18 19 17 5 10 7 19 12 15 16 7 9 16 1 11 6 12 4 10 6 18 15 11 20 9 17 12 6 4 8 14 10 2 9 20 2 16 12 11 17 15 15
237
200 200 200 200 200 200 200 200 200 200 200 200 200 200 200 200 200 200 200 200 200 200 200 200 200 200 200 200 200 200 200 200 200 200 200 200 200 200 200 200 200 200 200 200 200 200 200 200 200 200 200 200 200 200 200 200 200 200 200 200 200 200 200 200 200 200 200 200 200 200 200 200 200 200 200 200 200 200 200 200 200 200 200 200 200 200 200 200 200 200 200 200 200 200 200 200 200 200 200 200 200 200 200 200 200 200 200 200 200 200 200 200 200 200 200 200 200 200 200 200 200 200 200 200 200 200 200 200 200 200 200 200 200 200 200 200 200 200 200 200 200 200 200 200 200 200 200 200 200 200 200 200 200 200 200 200 200 200 200 200 200 200 200 200 200 200 200 200 200 200 200 200 200 200 200 200 200 200 200 200 200 200 200 200 200 200 200 200 200 200 200 200 200 200 200 200 200 200 200 200 200 200 200 200 200 200 200 200 200 200 200 200 200 200 200 200 200 200 200 200 200 200 200 200 200 200 200 200 200 200 200 200 200 200 200 200 200
165
0 0 0 0 0 0 0 0 0 0 0 0 0 0 0 0 0 0 0 0 0 0 0 0 0 0 0 0 0 0 0 0 0 0 0 0 0 0 0 0 0 0 0 0 0 0 0 0 0 0 0 0 0 0 0 0 0 0 0 0 0 0 0 0 0 0 0 0 0 0 0 0 0 0 0 0 0 0 0 0 0 0 0 0 0 0 0 0 0 0 0 0 0 0 0 0 0 0 0 0 0 0 0 0 0 0 0 0 0 0 0 0 0 0 0 0 0 0 0 0 0 0 0 0 0 0 0 0 0 0 0 0 0 0 0 0 0 0 0 0 0 0 0 0 0 0 0 0 0 0 0 0 0 0 0 0 0 0 0 0 0 0 0 0 0
365
0 0 0 0 0 0 0 0 0 0 0 0 0 0 0 0 0 0 0 0 0 0 0 0 0 0 0 0 0 0 0 0 0 0 0 0 0 0 0 0 0 0 0 0 0 0 0 0 0 0 0 0 0 0 0 0 0 0 0 0 0 0 0 0 0 0 0 0 0 0 0 0 0 0 0 0 0 0 0 0 0 0 0 0 0 0 0 0 0 0 0 0 0 0 0 0 0 0 0 0 0 0 0 0 0 0 0 0 0 0 0 0 0 0 0 0 0 0 0 0 0 0 0 0 0 0 0 0 0 0 0 0 0 0 0 0 0 0 0 0 0 0 0 0 0 0 0 0 0 0 0 0 0 0 0 0 0 0 0 0 0 0 0 0 0 0 0 0 0 0 0 0 0 0 0 0 0 0 0 0 0 0 0 0 0 0 0 0 0 0 0 0 0 0 0 0 0 0 0 0 0 0 0 0 0 0 0 0 0 0 0 0 0 0 0 0 0 0 0 0 0 0 0 0 0 0 0 0 0 0 0 0 0 0 0 0 0 0 0 0 0 0 0 0 0 0 0 0 0 0 0 0 0 0 0 0 0 0 0 0 0 0 0 0 0 0 0 0 0 0 0 0 0 0 0 0 0 0 0 0 0 0 0 0 0 0 0 0 0 0 0 0 0 0 0 0 0 0 0 0 0 0 0 0 0 0 0 0 0 0 0 0 0 0 0 0 0 0 0 0 0 0 0 0 0 0 0 0 0 0 0 0 0 0 0 0 0 0 0 0 0 0 0 0 0 0 0 0 0 0 0 0 0 0 0 0 0 0 0 0 0 0 0 0 0
1000
12 20 1 1 8 17 1 17 164 5 14 4 19 16 8 15 18 195 16 14 16 3 156 174 12 1 9 7 9 9 190 3 8 18 9 3 1 15 1 0 11 16 6 196 1 19 14 17 0 153 12 14 178 178 13 17 0 19 151 187 150 177 13 178 170 154 2 182 5 10 17 193 13 9 165 0 3 8 5 18 20 20 156 12 12 10 0 9 2 167 3 4 19 10 10 1 9 4 199 176 19 19 3 7 20 10 10 14 1 16 1 19 1 11 3 191 9 13 12 190 10 15 18 14 1 13 16 11 17 18 15 12 172 195 10 151 20 3 4 12 20 19 16 18 2 6 153 5 1 14 16 7 173 5 10 20 177 13 10 0 172 2 5 181 177 15 12 5 18 176 10 2 6 187 6 14 17 18 15 10 156 5 196 164 15 14 18 7 14 3 17 10 5 11 1 1 11 15 9 4 19 14 13 169 177 4 15 175 11 162 12 14 6 5 197 2 16 16 15 190 18 17 1 191 19 10 8 179 4 17 3 9 3 18 4 186 5 14 0 9 5 19 17 194 11 6 193 9 13 8 10 1 17 173 2 13 1 16 7 0 6 6 155 3 2 18 2 6 5 15 7 9 183 6 167 192 16 194 1 16 11 0 8 4 172 14 168 13 18 0 11 2 3 10 16 172 19 197 15 2 20 18 11 12 2 17 20 1 18 199 9 7 8 19 11 7 16 17 11 2 167 9 17 8 5 185 6 14 5 0 7 156 16 2 172 159 167 8 160 17 5 7 1 17 161 160 150 182 3 2 18 158 19 10 12 3 158 156 164 17 166 7 18 1 18 197 6 17 4 10 150 20 192 2 16 187 3 19 9 8 2 172 4 20 13 11 10 1 19 10 13 167 20 4 5 7 200 15 10 8 2 19 16 10 15 181 18 1 195 17 18 13 184 8 17 9 1 18 15 166 150 6 8 13 165 3 15 0 5 11 9 16 14 13 3 192 17 20 9 15 19 1 12 2 13 19 197 10 11 178 167 3 18 10 6 1 3 164 15 15 184 9 1 20 160 9 5 19 157 9 12 17 8 17 15 14 4 1 4 20 12 11 4 14 7 7 187 18 15 4 5 5 18 17 11 16 16 6 9 7 167 5 0 5 13 15 175 12 17 9 13 5 193 199 18 6 6 9 12 15 16 15 161 2 156 8 0 14 198 20 9 12 19 157 19 16 15 163 3 9 20 20 12 193 199 17 9 14 10 11 3 179 0 151 169 9 155 7 4 17 8 17 193 13 186 4 6 0 12 13 18 7 172 175 190 0 9 4 192 9 8 15 4 17 12 7 2 5 200 4 176 7 6 20 9 0 17 16 7 166 0 7 9 18 8 15 182 2 4 12 159 17 8 158 19 20 1 8 1 18 161 3 198 7 3 8 157 14 180 2 185 173 5 19 9 160 14 18 12 14 7 13 4 181 0 13 8 0 11 7 16 166 17 1 3 11 5 18 186 152 5 11 2 172 5 20 1 13 175 7 6 14 5 1 20 0 188 20 189 0 12 2 15 12 1 3 0 180 18 164 11 20 165 153 7 17 1 8 12 19 0 17 7 13 19 16 17 17 175 157 0 5 2 15 2 16 20 13 19 9 13 5 1 7 159 8 189 14 191 9 15 15 194 183 15 9 12 8 20 5 161 0 2 20 18 14 1 14 163 18 8 0 0 16 13 16 20 5 19 9 12 10 160 6 18 1 20 12 10 11 9 15 13 0 165 3 6 184 7 17 19 18 199 3 19 8 196 12 171 8 19 3 17 14 8 4 16 6 12 6 7 14 12 6 187 12 10 7 154 7 17 10 5 169 8 3 7 10 1 193 13 14 11 0 19 16 3 18 15 14 199 181 16 152 192 200 20 8 18 1 5 9 18 18 20 19 12 18 163 178 12 169 16 15 7 20 0 6 8 5 18 15 9 16 13 185 13 7 14 5 10 15 0 7 9 2 10 10 18 8 16 4 15 12 5 178 2 13 7 1 17 4 5 19 1 4 6 12 10 6 194 20 18 159 151 152 1 13 17 10 16 17 6 4 2 172 18 19 0 10 20 12 198 18 173 168 9 191 6 2 13 7 18 15 1 173 191 13 17 18 20 4 11 10 16 1 0 16 180 12 19 169 7 20 7 1 174 17 16 20 18 3 9 12 15 14 172 15 7 7 197 200 10 12 15 13 2 13 15 15 13 151 4 18 10 11 3 4 7 14 175 16 9 12 17 6 18 17 2 172
124
0 200 80 117 96 58 93 115 65 102 61 61 85 98 79 73 57 81 79 64 107 85 79 68 70 97 70 107 79 105 110 80 97 111 107 119 76 65 76 91 116 50 98 96 93 56 84 85 88 107 85 117 84 82 73 105 107 66 64 56 117 108 75 70 73 84 60 77 88 117 82 116 99 63 53 81 109 110 71 98 120 107 50 62 70 110 86 53 63 74 94 104 112 88 50 95 85 66 80 97 64 120 107 92 58 56 105 54 51 84 106 115 101 88 61 87 61 65 58 100 50 73 108 200
718
18 17 7 13 12 4 1 8 20 12 7 8 4 13 1 10 0 9 2 15 1 3 8 10 1 5 6 6 18 18 17 15 13 8 6 6 5 18 15 3 2 13 15 10 5 19 19 14 0 6 2 5 17 13 20 13 14 13 2 20 15 11 17 8 8 11 17 1 16 10 18 2 10 5 19 2 3 8 2 3 13 18 9 12 3 14 13 0 9 6 2 8 1 19 16 13 15 2 14 15 15 8 14 4 18 6 8 18 8 12 15 3 6 0 10 9 3 17 19 2 18 1 3 18 17 7 4 3 16 3 13 11 8 12 16 13 18 0 9 19 0 6 15 20 3 15 2 12 16 20 17 9 1 13 10 19 12 13 0 4 0 2 12 3 14 7 0 2 10 3 15 1 15 4 1 7 18 15 11 4 4 11 6 14 12 8 15 12 5 18 11 16 15 7 18 11 4 3 16 10 19 11 12 1 13 11 12 5 4 17 11 6 15 14 10 1 13 16 18 13 12 20 5 7 13 14 20 9 2 11 15 18 7 10 19 14 14 8 18 11 18 14 0 11 14 0 11 13 2 20 2 19 7 8 2 8 3 8 13 17 11 18 10 3 11 4 6 3 12 18 18 14 1 16 6 13 19 9 11 0 6 7 12 11 17 5 5 1 16 14 16 17 2 3 12 4 4 11 6 11 16 13 20 11 13 19 14 11 14 4 2 12 14 11 7 1 10 20 5 3 7 12 12 19 12 19 19 10 12 2 0 11 19 10 7 17 13 13 1 16 19 9 15 9 0 19 12 3 12 2 9 6 20 9 14 19 12 20 6 1 12 7 18 15 19 12 16 20 3 20 8 14 5 1 16 10 3 5 10 9 5 7 5 8 11 15 2 9 8 12 8 18 17 15 19 2 14 20 19 13 8 9 6 20 20 18 12 16 7 1 18 15 3 6 11 16 0 7 1 13 8 19 19 1 0 6 3 8 12 13 7 10 4 12 12 10 9 11 8 3 2 4 17 8 16 8 12 1 9 12 6 13 12 11 7 2 14 12 0 9 8 9 16 1 14 14 3 18 5 17 17 16 17 1 14 19 3 0 7 11 5 13 15 10 8 3 1 0 5 14 16 18 5 5 16 19 4 10 13 10 15 13 12 12 12 4 8 19 5 12 13 11 3 8 17 0 15 17 15 0 0 13 15 13 7 3 10 12 12 2 5 6 15 15 8 5 19 9 18 11 2 20 5 17 6 20 1 5 19 18 0 0 18 2 4 2 18 11 16 17 10 7 4 0 4 2 18 3 15 9 18 11 4 3 20 9 10 13 19 6 14 1 3 4 18 9 4 9 19 7 14 9 8 12 14 6 17 13 19 3 5 11 8 13 7 18 6 20 1 3 4 20 19 0 1 10 4 1 5 0 6 20 0 14 1 2 3 20 5 20 13 19 19 20 8 18 2 20 20 13 19 6 13 8 14 16 14 0 16 0 20 4 8 14 14 8 11 19 13 19 3 20 15 1 19 11 0 2 9 13 1 8 14 2 15 10 5 12 6 6 1 1 17 18 1 13 6 13 1 6 18 5 16 8 1 7 9 5 20 1 16 13 11 7 19 10 17 15 9 1 20 13 13 1 7 7 20 3
664
0 200 109 102 76 100 109 56 79 116 73 63 81 101 102 84 115 119 114 89 89 106 87 97 107 100 58 91 82 97 88 96 85 74 115 84 64 82 84 110 112 74 115 62 95 115 87 53 58 70 95 73 52 91 98 73 63 115 97 85 97 118 58 102 83 84 53 118 93 55 92 108 120 101 72 79 115 66 119 109 105 80 112 71 69 118 95 91 73 100 109 66 55 120 107 112 58 89 85 116 74 98 90 104 51 66 74 54 101 95 111 81 79 60 91 62 50 55 69 75 63 80 76 71 111 87 76 79 74 116 52 82 88 105 93 56 113 84 81 115 76 86 120 114 107 101 83 104 75 114 94 90 78 85 107 96 72 73 94 95 76 119 58 83 112 63 62 81 74 63 110 78 108 74 89 84 54 116 81 50 105 81 79 105 119 94 108 106 57 114 116 74 85 99 66 94 53 60 101 111 64 64 61 105 67 79 70 120 71 65 90 101 72 84 63 96 83 68 114 61 56 78 109 104 71 92 120 62 57 82 98 92 103 66 112 77 103 97 68 116 62 77 80 73 104 103 102 92 105 117 81 84 102 113 113 87 96 95 57 100 72 70 99 92 104 72 102 52 106 78 73 54 91 72 106 56 61 63 92 55 65 91 94 88 102 112 96 95 54 96 72 112 92 75 101 97 107 100 57 67 102 81 99 115 87 98 80 65 95 68 94 119 96 78 51 107 75 63 116 89 50 53 116 56 51 52 71 91 64 103 84 104 100 101 52 96 67 110 89 91 103 88 89 80 60 89 92 81 119 117 78 96 84 71 106 105 86 111 118 68 63 110 57 108 65 103 98 100 59 118 91 109 68 93 74 108 104 94 66 63 76 92 107 117 118 113 85 89 112 86 59 91 101 112 67 50 59 106 113 61 118 80 55 93 113 104 52 56 118 117 98 57 55 120 65 57 103 84 61 102 51 58 92 102 111 105 58 101 109 73 59 81 112 94 50 74 50 101 109 86 80 115 107 63 71 61 105 79 54 50 108 52 77 119 107 62 119 69 95 93 73 64 113 67 117 114 67 106 81 97 81 93 106 102 69 70 106 107 50 119 105 64 53 57 78 73 95 111 94 108 53 67 110 55 111 84 52 108 105 87 53 57 109 86 83 102 100 117 57 51 120 95 87 54 54 58 93 110 116 118 82 119 95 102 93 88 72 106 65 108 97 72 116 104 85 59 92 94 70 108 85 99 50 86 91 104 104 109 68 80 54 120 85 113 79 60 88 115 77 95 52 95 107 100 71 83 80 78 60 103 118 64 51 75 106 82 83 117 88 58 55 60 76 54 74 109 118 57 108 105 87 76 117 90 114 55 100 57 108 109 68 72 74 64 92 69 88 91 90 108 50 92 80 61 116 88 87 93 112 80 56 59 94 116 117 59 102 96 72 54 112 109 115 64 120 87 67 100 93 102 70 60 102 100 112 87 106 55 89 118 80 90 86 84 109 110 98 101 88 97 68 52 59 200
548
84 80 163 15 23 124 55 9 107 37 8 2 130 153 19 133 44 164 18 179 133 0 58 169 40 59 171 173 95 23 37 177 195 36 142 144 167 30 181 57 198 44 9 17 113 124 32 65 3 122 109 119 189 139 48 45 192 87 146 38 44 152 54 56 135 135 193 54 189 174 84 144 126 168 78 106 115 112 61 161 90 30 199 183 68 114 147 56 183 20 27 104 117 35 195 127 105 105 38 187 135 78 67 18 68 132 140 40 30 65 4 117 11 104 98 98 183 183 1 42 31 31 69 1 56 10 149 61 76 187 125 103 175 70 41 150 118 200 106 59 88 37 115 101 117 194 137 113 82 119 74 10 57 90 117 48 58 37 77 93 70 90 87 89 58 60 47 76 192 65 4 89 90 2 136 57 115 192 90 98 106 43 138 111 66 90 12 6 155 28 112 36 119 25 44 65 21 94 154 116 6 64 38 97 104 52 105 179 129 163 170 35 32 108 7 63 8 147 120 50 76 44 123 176 180 192 127 39 112 89 79 34 165 159 55 198 72 162 140 16 5 171 7 8 109 58 55 35 63 176 69 60 126 125 81 68 3 119 130 94 113 194 195 167 181 180 179 63 113 163 30 155 58 60 134 187 1 151 67 194 86 154 132 28 116 139 130 48 194 38 5 109 195 29 106 19 34 60 150 23 136 120 49 122 125 172 120 189 50 156 49 52 40 52 25 42 195 71 2 25 146 21 27 136 78 78 136 148 14 156 157 21 125 22 56 4 93 139 25 111 120 143 176 61 89 77 57 124 138 46 88 44 181 176 170 25 108 124 108 186 58 16 44 193 31 121 46 183 85 76 4 75 134 138 192 21 114 173 66 93 145 16 163 26 122 77 28 37 129 33 58 91 121 42 7 120 2 108 31 104 22 31 16 37 199 86 68 112 146 34 96 151 186 59 61 138 115 163 177 28 101 111 91 73 90 121 114 136 61 198 173 152 9 4 55 128 77 178 145 191 116 182 120 112 124 77 3 179 127 28 84 25 19 88 176 43 130 68 29 110 98 77 46 0 66 125 56 48 161 188 172 7 15 31 30 102 197 83 106 106 179 46 137 175 179 180 77 114 45 152 83 148 157 140 117 146 117 108 161 130 145 146 131 191 83 109 194 156 53 47 118 11 154 56 131 98 185 35 181 55 61 51 20 103 113 57 123 125 115 120 189 41 126 193 168 176 183 92 23 174 36 111 73 140 149 46 172 13
635
0 0 0 0 0 0 0 0 0 0 0 0 0 0 0 0 0 0 0 0 0 0 0 0 0 0 0 0 0 0 0 0 0 0 0 0 0 0 0 0 0 0 0 0 0 0 0 0 0 0 0 0 0 0 0 0 0 0 0 0 0 0 0 0 0 0 0 0 0 0 0 0 0 0 0 0 0 0 0 0 0 0 0 0 0 0 0 0 0 0 0 0 0 0 0 0 0 0 0 0 0 0 0 0 0 0 0 0 0 0 0 0 0 0 0 0 0 0 0 0 0 0 0 0 0 0 0 0 0 0 0 0 0 0 0 0 0 0 0 0 0 0 0 0 0 0 0 0 0 0 0 0 0 0 0 0 0 0 0 0 0 0 0 0 0 0 0 0 0 0 0 0 0 0 0 0 0 0 0 0 0 0 0 0 0 0 0 0 0 0 0 0 0 0 0 0 0 0 0 0 0 0 0 0 0 0 0 0 0 0 0 0 0 0 0 0 0 0 0 0 0 0 0 0 0 0 0 0 0 0 0 0 0 0 0 0 0 0 0 0 0 0 0 0 0 0 0 0 0 0 0 0 0 0 0 0 0 0 0 0 0 0 0 0 0 0 0 0 0 0 0 0 0 0 0 0 0 0 0 0 0 0 0 0 0 0 0 0 0 0 0 0 0 0 0 0 0 0 0 0 0 0 0 0 0 0 0 0 0 0 0 0 0 0 0 0 0 0 0 0 0 0 0 0 0 0 0 0 0 0 0 0 0 0 0 0 0 0 0 0 0 0 0 0 0 0 0 0 0 0 0 0 0 0 0 0 0 0 0 0 0 0 0 0 0 0 0 0 0 0 0 0 0 0 0 0 0 0 0 0 0 0 0 0 0 0 0 0 0 0 0 0 0 0 0 0 0 0 0 0 0 0 0 0 0 0 0 0 0 0 0 0 0 0 0 0 0 0 0 0 0 0 0 0 0 0 0 0 0 0 0 0 0 0 0 0 0 0 0 0 0 0 0 0 0 0 0 0 0 0 0 0 0 0 0 0 0 0 0 0 0 0 0 0 0 0 0 0 0 0 0 0 0 0 0 0 0 0 0 0 0 0 0 0 0 0 0 0 0 0 0 0 0 0 0 0 0 0 0 0 0 0 0 0 0 0 0 0 0 0 0 0 0 0 0 0 0 0 0 0 0 0 0 0 0 0 0 0 0 0 0 0 0 0 0 0 0 0 0 0 0 0 0 0 0 0 0 0 0 0 0 0 0 0 0 0 0 0 0 0 0 0 0 0 0 0 0 0 0 0 0 0 0 0 0 0 0 0 0 0 0 0 0 0 0 0 0 0 0 0 0 0 0 0 0 0 0 0 0 0 0 0 0 0 0 0 0 0 0 0 0 0 0 0 0 0 0 0 0 0 0 0 0 0 0 0 0 0 0 0 0 0 0 0 0
349
200 200 200 200 200 200 200 200 200 200 200 200 200 200 200 200 200 200 200 200 200 200 200 200 200 200 200 200 200 200 200 200 200 200 200 200 200 200 200 200 200 200 200 200 200 200 200 200 200 200 200 200 200 200 200 200 200 200 200 200 200 200 200 200 200 200 200 200 200 200 200 200 200 200 200 200 200 200 200 200 200 200 200 200 200 200 200 200 200 200 200 200 200 200 200 200 200 200 200 200 200 200 200 200 200 200 200 200 200 200 200 200 200 200 200 200 200 200 200 200 200 200 200 200 200 200 200 200 200 200 200 200 200 200 200 200 200 200 200 200 200 200 200 200 200 200 200 200 200 200 200 200 200 200 200 200 200 200 200 200 200 200 200 200 200 200 200 200 200 200 200 200 200 200 200 200 200 200 200 200 200 200 200 200 200 200 200 200 200 200 200 200 200 200 200 200 200 200 200 200 200 200 200 200 200 200 200 200 200 200 200 200 200 200 200 200 200 200 200 200 200 200 200 200 200 200 200 200 200 200 200 200 200 200 200 200 200 200 200 200 200 200 200 200 200 200 200 200 200 200 200 200 200 200 200 200 200 200 200 200 200 200 200 200 200 200 200 200 200 200 200 200 200 200 200 200 200 200 200 200 200 200 200 200 200 200 200 200 200 200 200 200 200 200 200 200 200 200 200 200 200 200 200 200 200 200 200 200 200 200 200 200 200 200 200 200 200 200 200 200 200 200 200 200 200 200 200 200 200 200 200 200 200 200 200 200 200 200 200 200 200 200 200 200 200 200 200 200 200
91
147 147 62 109 147 109 0 62 147 62 147 109 147 0 109 112 112 62 112 112 0 0 109 0 0 62 0 112 109 62 0 109 62 62 109 62 62 112 147 147 112 62 0 147 109 112 112 0 112 147 112 62 109 0 62 109 0 109 112 109 62 147 62 0 112 0 147 109 147 112 112 0 112 109 0 147 109 0 147 0 62 109 109 147 112 112 0 109 62 109 0
596
200 200 200 200 200 200 200 200 200 200 200 200 200 200 200 200 200 200 200 200 200 200 200 200 200 200 200 200 200 200 200 200 200 200 200 200 200 200 200 200 200 200 200 200 200 200 200 200 200 200 200 200 200 200 200 200 200 200 200 200 200 200 200 200 200 200 200 200 200 200 200 200 200 200 200 200 200 200 200 200 200 200 200 200 200 200 200 200 200 200 200 200 200 200 200 200 200 200 200 200 200 200 200 200 200 200 200 200 200 200 200 200 200 200 200 200 200 200 200 200 200 200 200 200 200 200 200 200 200 200 200 200 200 200 200 200 200 200 200 200 200 200 200 200 200 200 200 200 200 200 200 200 200 200 200 200 200 200 200 200 200 200 200 200 200 200 200 200 200 200 200 200 200 200 200 200 200 200 200 200 200 200 200 200 200 200 200 200 200 200 200 200 200 200 200 200 200 200 200 200 200 200 200 200 200 200 200 200 200 200 200 200 200 200 200 200 200 200 200 200 200 200 200 200 200 200 200 200 200 200 200 200 200 200 200 200 200 200 200 200 200 200 200 200 200 200 200 200 200 200 200 200 200 200 200 200 200 200 200 200 200 200 200 200 200 200 200 200 200 200 200 200 200 200 200 200 200 200 200 200 200 200 200 200 200 200 200 200 200 200 200 200 200 200 200 200 200 200 200 200 200 200 200 200 200 200 200 200 200 200 200 200 200 200 200 200 200 200 200 200 200 200 200 200 200 200 200 200 200 200 200 200 200 200 200 200 200 200 200 200 200 200 200 200 200 200 200 200 200 200 200 200 200 200 200 200 200 200 200 200 200 200 200 200 200 200 200 200 200 200 200 200 200 200 200 200 200 200 200 200 200 200 200 200 200 200 200 200 200 200 200 200 200 200 200 200 200 200 200 200 200 200 200 200 200 200 200 200 200 200 200 200 200 200 200 200 200 200 200 200 200 200 200 200 200 200 200 200 200 200 200 200 200 200 200 200 200 200 200 200 200 200 200 200 200 200 200 200 200 200 200 200 200 200 200 200 200 200 200 200 200 200 200 200 200 200 200 200 200 200 200 200 200 200 200 200 200 200 200 200 200 200 200 200 200 200 200 200 200 200 200 200 200 200 200 200 200 200 200 200 200 200 200 200 200 200 200 200 200 200 200 200 200 200 200 200 200 200 200 200 200 200 200 200 200 200 200 200 200 200 200 200 200 200 200 200 200 200 200 200 200 200 200 200 200 200 200 200 200 200 200 200 200 200 200 200 200 200 200 200 200 200 200 200 200 200 200 200 200 200 200 200 200 200 200 200 200 200 200 200 200 200 200 200 200 200 200 200 200 200 200 200 200 200 200 200
35
200 200 200 200 200 200 200 200 200 200 200 200 200 200 200 200 200 200 200 200 200 200 200 200 200 200 200 200 200 200 200 200 200 200 200
773
98 65 72 199 158 136 166 80 22 24 31 97 181 194 121 59 199 38 34 30 185 67 131 184 132 68 132 199 94 154 141 144 78 112 145 99 154 123 91 22 14 74 145 38 109 183 192 69 181 139 120 145 99 196 30 180 121 71 87 91 85 4 43 61 184 160 182 23 50 31 20 42 82 60 151 71 37 89 58 84 193 64 38 137 109 86 40 123 132 160 81 194 88 144 19 39 36 145 54 103 171 184 177 191 83 179 166 31 141 105 185 79 4 72 142 115 33 111 142 109 198 101 66 111 16 190 167 59 68 159 122 14 189 152 176 115 23 188 138 89 148 194 180 75 168 91 128 108 175 5 55 58 35 153 43 177 164 120 130 65 94 101 31 43 21 180 39 121 88 170 118 198 101 157 188 174 0 69 172 176 10 148 178 39 38 43 27 25 88 138 14 10 54 2 76 193 132 135 132 28 9 43 149 86 89 93 117 152 198 140 126 136 80 57 185 16 159 107 148 126 114 5 149 110 120 152 47 159 131 118 32 163 8 104 52 126 48 65 32 34 68 173 50 2 40 56 12 12 127 137 191 11 145 163 100 74 195 146 65 193 71 66 65 152 74 78 110 92 181 84 183 165 182 156 86 161 102 141 54 130 69 11 155 11 0 72 181 85 20 1 134 47 145 59 140 93 128 79 22 105 124 173 130 94 7 40 135 177 59 189 66 66 29 144 60 97 28 173 115 147 192 109 20 153 20 81 62 120 167 30 197 131 153 170 157 86 113 13 171 54 43 144 133 100 75 134 76 164 195 32 139 1 167 126 84 162 122 104 114 72 93 44 69 151 47 65 158 14 161 15 48 49 75 175 20 26 61 158 182 90 113 77 158 74 109 56 136 143 128 91 72 40 36 97 100 155 127 140 190 164 35 156 199 179 74 128 159 25 133 36 159 191 82 191 112 182 168 95 26 139 145 92 19 96 22 183 164 154 85 102 190 195 100 134 145 85 114 182 0 188 4 87 184 146 99 26 4 149 61 163 109 133 62 66 1 91 141 185 9 91 187 21 157 84 150 26 164 198 66 182 88 24 131 104 163 142 65 147 169 30 47 70 112 86 120 101 131 195 156 147 152 163 72 17 16 75 28 80 85 92 159 50 105 107 4 163 57 159 161 88 41 161 66 72 6 162 4 114 21 113 147 77 74 144 53 162 84 70 144 58 139 153 132 84 120 174 36 60 114 178 116 155 105 174 89 74 167 74 6 38 92 99 73 94 92 193 43 165 21 22 146 88 163 26 196 50 79 14 138 12 64 117 1 167 38 76 59 8 26 183 44 59 166 27 82 34 125 12 180 179 32 14 107 65 79 200 59 120 7 199 160 55 173 62 72 135 165 134 11 198 30 139 31 26 192 144 39 112 197 171 19 111 144 14 120 142 129 91 119 12 106 125 123 174 37 11 12 96 128 82 32 112 85 36 39 11 173 140 76 69 44 53 66 52 118 173 40 165 115 85 177 60 198 16 52 31 46 71 78 94 66 48 30 134 186 25 122 155 133 30 167 65 36 80 200 24 152 61 61 174 16 199 160 102 122 61 32 83 141 198 131 28 182 97 171 36 194 117 26 169 122 198 46 132 130 101 140 146 145 24 126 79 126 0 170 116 76 48 133 122 196 145 120 57 97 36 200 93 148 20 43 14 84 155 193 166 45 112 42 53 176 78 103 33 103 96 32 59 93 186 174 159 115 169 7 147 22 5 61 178 145 70 152
