462
99
5 9 7 8 17 11 0 7 3 5 13 5 18 15 7 0 11 13 2 1 5 11 18 10 12 19 1 18 2 6 1 13 15 3 18 6 9 16 9 16 1 11 9 8 15 18 11 7 1 1 19 9 17 14 8 8 15 7 2 0 9 18 20 9 8 16 1 8 19 11 12 7 16 13 6 9 19 0 6 8 0 14 18 18 10 19 9 4 5 16 18 0 10 1 2 1 3 19 16
619
2 188 162 0 14 16 0 0 16 1 15 2 0 1 5 3 18 7 9 7 169 9 6 12 5 177 20 183 11 14 158 6 192 12 6 10 19 1 195 1 16 4 5 19 12 4 0 20 6 178 10 8 5 15 199 183 7 5 6 10 1 186 0 7 7 16 9 175 3 11 11 3 8 6 200 172 19 11 193 3 14 20 198 18 3 187 11 18 186 8 2 167 10 13 2 167 3 18 0 176 14 13 6 15 164 2 200 10 6 8 9 16 17 7 162 0 16 3 11 191 8 10 11 0 167 1 7 19 2 2 172 7 13 7 15 153 6 4 15 16 165 12 186 4 0 181 7 17 4 9 1 3 9 5 11 6 8 15 16 15 8 3 9 11 11 20 12 3 17 8 4 10 8 163 161 0 4 10 19 8 5 0 0 4 17 3 5 8 7 0 1 200 184 157 10 187 5 7 19 170 13 169 15 3 17 0 14 6 174 10 8 17 176 190 9 192 198 16 7 4 2 161 0 179 156 3 156 9 17 18 13 6 0 14 16 5 171 17 164 6 19 11 1 15 13 10 19 11 18 2 11 187 17 12 13 17 12 17 150 16 11 18 185 16 164 6 9 18 185 11 16 17 0 9 20 191 17 5 12 19 14 18 1 177 9 1 4 16 177 12 12 168 0 10 5 154 174 0 183 11 151 12 159 18 0 150 1 0 186 3 19 16 8 1 18 10 3 20 7 186 17 3 14 187 10 4 3 0 2 14 13 17 16 5 9 17 1 15 18 15 2 9 174 15 12 11 19 1 7 11 20 10 5 1 10 4 2 160 3 175 9 186 9 6 15 18 191 14 9 15 5 197 162 192 10 179 200 2 187 1 3 20 188 16 153 19 9 8 165 161 3 17 18 9 4 12 5 10 3 2 13 159 15 11 186 17 3 11 16 13 9 0 15 12 0 10 11 19 13 10 0 6 181 151 2 163 191 20 153 15 4 11 4 19 5 188 20 3 191 20 2 196 151 17 159 11 150 16 195 193 11 2 14 12 15 160 13 183 192 3 14 12 4 16 3 15 2 12 19 14 6 180 19 14 15 8 4 16 7 18 18 0 5 11 10 164 9 8 18 16 15 0 3 18 11 151 183 7 3 8 173 20 7 189 4 6 2 179 20 150 14 6 17 171 0 193 0 197 194 20 19 17 17 0 11 192 14 0 17 186 19 13 6 18 5 19 20 18 17 1 15 6 163 13 17 5 175 10 11 15 3 6 10 2 9 1 9 13 6 177 11 13 11 19 12 15 7 13 3 3 14 157 16 189 2 9 169 3 16 19 193 9 19 177 19 8 9 3 176 3 165 181 10 4 1 5 4 6 15 20 13 150 18 4 14 19 9 3 196 189 13 18 1 192 2 19 3 197 18
423
2 2 14 3 9 169 2 8 15 6 11 20 17 10 5 11 19 17 164 20 158 16 13 12 11 2 20 152 17 3 20 182 180 10 1 11 13 5 14 16 11 10 12 6 167 19 17 12 8 5 16 3 199 20 8 20 0 171 19 7 11 194 184 153 17 19 166 200 18 4 11 19 17 193 4 16 20 15 5 0 15 10 1 12 155 6 15 9 12 18 15 19 11 151 200 14 166 0 2 12 8 14 14 3 8 4 14 6 6 17 10 183 20 3 6 4 195 10 12 194 190 16 13 6 3 16 2 14 19 1 1 6 186 17 11 13 161 2 167 4 20 0 0 7 12 9 0 0 190 3 182 3 17 19 6 179 16 10 19 16 14 13 17 5 162 175 19 5 7 19 14 1 7 17 9 176 8 7 200 6 9 11 17 164 0 13 171 17 14 178 18 16 13 1 166 14 4 17 11 10 15 190 10 174 19 12 5 176 20 12 20 0 3 1 159 11 11 6 5 11 17 3 8 0 12 10 14 16 19 12 9 18 9 150 4 5 3 167 18 2 19 13 19 15 156 153 167 14 17 14 166 200 174 1 5 7 4 183 17 4 5 3 11 20 6 1 12 179 3 7 11 14 182 3 166 197 2 6 20 198 10 11 160 160 15 1 14 2 18 177 4 190 163 165 20 6 12 195 10 162 10 7 2 2 4 11 9 20 16 8 8 154 18 1 16 19 172 13 7 6 13 15 16 176 18 5 5 176 15 4 0 4 20 17 9 2 1 8 9 6 20 8 2 17 172 12 18 190 8 8 196 11 2 12 8 12 6 14 153 8 7 0 20 18 9 9 191 18 10 194 5 7 11 10 7 11 8 1 16 12 2 157 8 13 6 6 7 18 0 5 12 5 3 1 1 155 3 14 13 4 8 167 177 15 186 20 5 0 162 5 4 11 18 7 7 2 6 20 14 13 8 0 14
244
120 120 120 49 5 49 168 5 49 120 49 125 5 53 125 49 168 49 49 53 168 5 120 49 120 120 49 168 168 5 125 5 5 49 49 125 53 120 5 168 120 168 168 120 120 125 53 49 125 168 168 53 125 49 125 168 5 5 49 125 5 53 125 125 120 120 120 120 120 125 5 49 5 53 53 125 49 49 120 168 125 125 125 168 125 120 49 125 53 49 49 53 53 5 168 168 125 125 120 5 53 125 53 5 168 125 125 49 49 49 168 125 125 53 125 53 125 125 5 5 5 168 120 125 53 5 5 168 5 5 125 53 49 5 125 49 125 125 53 120 168 120 120 53 168 49 5 125 49 120 53 125 168 5 53 168 49 53 125 168 53 125 125 5 168 168 125 125 125 120 125 168 5 120 53 168 125 53 5 49 125 120 168 5 120 49 125 168 168 120 125 49 120 49 53 125 120 120 49 168 5 5 49 125 53 53 49 120 5 168 120 5 5 53 53 5 5 53 168 49 168 5 168 120 49 5 168 168 53 53 53 125 168 53 168 49 49 168 125 53 125 49 120 49
869
23 151 153 9 91 124 69 21 136 145 72 180 147 132 68 18 121 5 85 72 103 44 35 63 130 200 65 11 96 8 180 136 125 81 125 5 71 76 44 11 17 95 162 106 159 125 112 37 117 9 135 185 112 30 57 194 112 57 2 183 170 4 54 2 30 140 98 121 43 67 46 166 28 140 35 155 159 187 50 53 124 46 55 126 103 135 83 27 16 115 136 107 11 200 18 180 189 63 53 192 173 177 198 28 9 197 64 172 173 196 117 122 6 33 9 143 146 120 54 52 9 60 0 90 135 184 196 42 143 121 42 19 14 191 135 32 6 13 182 198 119 44 50 191 64 154 38 49 10 113 111 144 10 133 48 50 179 143 21 57 119 129 171 161 41 147 99 156 180 130 117 46 55 15 176 9 17 32 22 76 8 165 98 49 158 54 105 137 105 129 116 143 118 134 19 108 101 114 27 174 143 174 133 55 17 130 133 168 8 35 177 187 158 26 82 28 161 87 91 171 180 91 29 69 105 179 123 93 42 190 164 62 45 90 123 186 52 186 64 13 146 121 145 123 181 133 11 11 81 70 20 107 192 85 168 58 38 194 15 122 15 54 63 70 164 8 173 113 26 164 33 184 83 189 91 30 20 139 51 115 183 54 75 68 30 138 8 26 66 57 151 90 137 94 55 144 162 168 50 25 164 126 26 115 78 46 195 192 131 135 137 148 55 172 186 182 132 31 23 189 183 177 48 3 175 103 36 122 67 61 198 31 171 125 117 166 70 194 96 151 199 156 154 165 196 144 24 143 187 53 193 194 135 105 184 37 54 16 87 183 17 30 93 1 131 124 75 97 59 198 23 5 48 74 122 121 106 27 80 123 90 103 44 185 10 156 95 1 64 69 163 191 165 153 178 51 51 3 154 134 62 199 101 160 22 183 11 48 186 63 170 147 73 26 197 165 36 67 53 31 133 193 53 8 62 148 82 62 110 200 12 52 17 70 147 79 42 160 49 197 132 164 100 46 151 100 91 123 60 92 53 11 114 177 197 144 145 188 74 175 21 63 132 184 151 139 100 137 44 189 114 21 19 199 112 170 188 161 23 18 15 32 130 21 103 95 195 126 182 73 141 66 23 17 0 124 130 183 67 18 191 198 123 48 92 157 85 181 18 49 32 200 24 54 64 90 43 86 116 144 190 102 174 148 27 150 173 98 48 95 149 141 62 138 154 30 165 19 123 80 79 121 77 46 5 107 25 16 137 30 2 32 197 31 8 193 13 8 45 174 88 200 111 38 134 116 10 177 74 196 148 180 51 22 92 134 17 98 27 23 16 178 27 155 58 193 53 169 181 112 39 44 49 156 145 153 188 11 77 126 128 59 23 64 170 181 200 174 169 182 90 132 144 113 22 24 70 105 46 128 66 187 46 191 39 69 15 182 17 192 136 12 10 94 126 15 69 100 195 148 186 192 127 198 64 112 50 130 133 40 192 36 124 89 131 146 175 118 114 23 16 50 36 37 58 196 142 184 16 126 129 38 199 37 80 99 29 94 182 20 147 119 23 55 146 12 65 47 123 30 158 60 77 171 22 65 143 101 43 105 152 4 118 18 32 165 42 25 57 185 64 110 61 109 173 161 2 135 34 198 47 68 103 12 74 174 48 99 110 138 120 182 181 120 191 98 71 118 180 105 21 55 2 142 91 6 82 174 11 180 166 114 2 30 118 17 49 4 69 49 113 136 198 146 135 186 82 141 78 29 117 63 9 137 142 69 29 120 10 5 158 29 180 12 145 181 105 90 18 110 8 174 157 96 125 20 68 172 115 119 120 136 180 76 175 193 136 103 153 194 56 166 18 48 145 158 22 144 153 60 10 54 31 144 109 4 115 8 54 68 45 190 69 118 86 178 118 189 45 165 10 30 47 169 99 200 97 133 47 128 35 58 170 154 48 110 23 86 155 62 138 60 64 119 136 112 179 109 193
584
151 151 54 168 54 69 69 151 151 168 69 54 151 54 69 54 151 54 151 151 168 54 54 151 168 54 168 69 151 168 151 151 151 151 168 69 54 54 54 168 151 151 54 168 54 151 54 54 69 151 54 54 151 151 151 151 69 69 69 69 54 54 151 151 168 168 54 69 151 69 168 151 54 54 69 151 54 54 54 151 151 151 168 69 168 151 168 151 54 168 151 151 168 54 151 54 54 168 151 54 168 54 54 69 54 54 54 151 151 168 151 151 54 54 69 54 168 151 151 151 69 168 151 151 151 69 151 168 69 168 168 54 151 54 151 69 54 168 54 168 69 54 69 168 151 54 54 168 151 54 151 168 151 54 168 151 168 69 54 54 151 69 54 69 69 151 151 69 151 54 151 151 151 54 151 69 151 54 168 69 168 69 69 69 54 54 54 69 69 54 151 69 54 54 54 168 54 151 168 54 54 168 54 54 54 151 151 151 69 69 54 168 54 168 151 151 151 54 54 151 54 151 168 168 151 151 151 54 168 151 54 54 151 151 151 54 69 151 151 151 54 151 151 168 168 54 151 168 54 151 54 168 69 168 54 69 69 151 54 69 151 54 69 54 168 69 54 151 151 151 168 69 54 151 168 151 69 168 54 168 54 168 69 69 151 54 54 54 54 54 54 168 54 54 54 69 54 69 54 54 168 54 151 54 54 54 69 54 151 151 69 69 168 54 151 151 69 54 151 168 151 151 54 151 151 69 151 54 151 151 151 54 54 69 151 168 54 151 54 151 168 151 69 54 168 151 54 69 69 168 151 151 54 151 69 54 151 54 151 69 151 54 151 168 69 151 54 151 54 54 54 69 168 168 69 151 69 54 151 69 151 168 151 54 151 54 54 54 54 54 54 54 54 168 69 54 54 151 168 151 151 69 54 69 54 54 54 151 168 54 54 151 54 69 54 151 151 69 151 69 54 54 54 151 151 54 54 54 168 168 54 168 168 69 168 54 54 151 151 54 54 168 151 69 151 151 69 168 151 151 168 69 168 168 151 69 54 151 54 151 168 151 54 69 151 168 151 54 151 151 168 69 54 151 168 168 54 151 168 151 151 69 151 168 54 54 69 54 69 151 151 168 54 69 151 151 151 54 151 151 151 54 69 168 168 151 69 54 69 54 54 69 168 54 54 54 54 69 54 168 151 151 54 151 54 168 168 54 69 54 168 151 168 168 151 54 54 69 151 69 54 69 168 54 54 168 151 151 54 168 151 151 69 151 151 54 151 151 69 151 69 69 69 168 54 54 168 69 54 54 69 69 54 151 54 168 54 151 151 151 151 54 151 151
137
19 18 5 4 15 2 15 18 14 11 20 8 7 14 0 11 13 3 17 14 9 12 15 6 17 19 17 15 10 3 9 0 18 3 18 10 6 13 20 19 6 6 6 12 11 14 10 19 0 17 18 14 14 1 14 15 11 4 13 7 1 0 10 4 16 11 16 6 12 14 17 13 15 9 0 19 16 15 2 1 18 3 10 2 12 20 4 8 17 15 18 5 5 6 19 19 7 3 2 11 1 13 4 14 3 11 13 3 8 7 4 0 20 2 14 15 7 10 11 16 1 5 7 9 18 18 2 9 15 15 17 20 20 9 2 3 7
27
168 169 3 5 1 5 3 20 3 9 177 12 18 18 20 5 20 2 9 16 4 19 7 3 10 15 4
295
0 0 0 0 0 0 0 0 0 0 0 0 0 0 0 0 0 0 0 0 0 0 0 0 0 0 0 0 0 0 0 0 0 0 0 0 0 0 0 0 0 0 0 0 0 0 0 0 0 0 0 0 0 0 0 0 0 0 0 0 0 0 0 0 0 0 0 0 0 0 0 0 0 0 0 0 0 0 0 0 0 0 0 0 0 0 0 0 0 0 0 0 0 0 0 0 0 0 0 0 0 0 0 0 0 0 0 0 0 0 0 0 0 0 0 0 0 0 0 0 0 0 0 0 0 0 0 0 0 0 0 0 0 0 0 0 0 0 0 0 0 0 0 0 0 0 0 0 0 0 0 0 0 0 0 0 0 0 0 0 0 0 0 0 0 0 0 0 0 0 0 0 0 0 0 0 0 0 0 0 0 0 0 0 0 0 0 0 0 0 0 0 0 0 0 0 0 0 0 0 0 0 0 0 0 0 0 0 0 0 0 0 0 0 0 0 0 0 0 0 0 0 0 0 0 0 0 0 0 0 0 0 0 0 0 0 0 0 0 0 0 0 0 0 0 0 0 0 0 0 0 0 0 0 0 0 0 0 0 0 0 0 0 0 0 0 0 0 0 0 0 0 0 0 0 0 0 0 0 0 0 0 0 0 0 0 0 0 0 0 0 0 0 0 0
434
200 200 200 200 200 200 200 200 200 200 200 200 200 200 200 200 200 200 200 200 200 200 200 200 200 200 200 200 200 200 200 200 200 200 200 200 200 200 200 200 200 200 200 200 200 200 200 200 200 200 200 200 200 200 200 200 200 200 200 200 200 200 200 200 200 200 200 200 200 200 200 200 200 200 200 200 200 200 200 200 200 200 200 200 200 200 200 200 200 200 200 200 200 200 200 200 200 200 200 200 200 200 200 200 200 200 200 200 200 200 200 200 200 200 200 200 200 200 200 200 200 200 200 200 200 200 200 200 200 200 200 200 200 200 200 200 200 200 200 200 200 200 200 200 200 200 200 200 200 200 200 200 200 200 200 200 200 200 200 200 200 200 200 200 200 200 200 200 200 200 200 200 200 200 200 200 200 200 200 200 200 200 200 200 200 200 200 200 200 200 200 200 200 200 200 200 200 200 200 200 200 200 200 200 200 200 200 200 200 200 200 200 200 200 200 200 200 200 200 200 200 200 200 200 200 200 200 200 200 200 200 200 200 200 200 200 200 200 200 200 200 200 200 200 200 200 200 200 200 200 200 200 200 200 200 200 200 200 200 200 200 200 200 200 200 200 200 200 200 200 200 200 200 200 200 200 200 200 200 200 200 200 200 200 200 200 200 200 200 200 200 200 200 200 200 200 200 200 200 200 200 200 200 200 200 200 200 200 200 200 200 200 200 200 200 200 200 200 200 200 200 200 200 200 200 200 200 200 200 200 200 200 200 200 200 200 200 200 200 200 200 200 200 200 200 200 200 200 200 200 200 200 200 200 200 200 200 200 200 200 200 200 200 200 200 200 200 200 200 200 200 200 200 200 200 200 200 200 200 200 200 200 200 200 200 200 200 200 200 200 200 200 200 200 200 200 200 200 200 200 200 200 200 200 200 200 200 200 200 200 200 200 200 200 200 200 200 200 200 200 200 200 200 200 200 200 200 200 200 200 200 200 200 200
875
0 0 0 0 0 0 0 0 0 0 0 0 0 0 0 0 0 0 0 0 0 0 0 0 0 0 0 0 0 0 0 0 0 0 0 0 0 0 0 0 0 0 0 0 0 0 0 0 0 0 0 0 0 0 0 0 0 0 0 0 0 0 0 0 0 0 0 0 0 0 0 0 0 0 0 0 0 0 0 0 0 0 0 0 0 0 0 0 0 0 0 0 0 0 0 0 0 0 0 0 0 0 0 0 0 0 0 0 0 0 0 0 0 0 0 0 0 0 0 0 0 0 0 0 0 0 0 0 0 0 0 0 0 0 0 0 0 0 0 0 0 0 0 0 0 0 0 0 0 0 0 0 0 0 0 0 0 0 0 0 0 0 0 0 0 0 0 0 0 0 0 0 0 0 0 0 0 0 0 0 0 0 0 0 0 0 0 0 0 0 0 0 0 0 0 0 0 0 0 0 0 0 0 0 0 0 0 0 0 0 0 0 0 0 0 0 0 0 0 0 0 0 0 0 0 0 0 0 0 0 0 0 0 0 0 0 0 0 0 0 0 0 0 0 0 0 0 0 0 0 0 0 0 0 0 0 0 0 0 0 0 0 0 0 0 0 0 0 0 0 0 0 0 0 0 0 0 0 0 0 0 0 0 0 0 0 0 0 0 0 0 0 0 0 0 0 0 0 0 0 0 0 0 0 0 0 0 0 0 0 0 0 0 0 0 0 0 0 0 0 0 0 0 0 0 0 0 0 0 0 0 0 0 0 0 0 0 0 0 0 0 0 0 0 0 0 0 0 0 0 0 0 0 0 0 0 0 0 0 0 0 0 0 0 0 0 0 0 0 0 0 0 0 0 0 0 0 0 0 0 0 0 0 0 0 0 0 0 0 0 0 0 0 0 0 0 0 0 0 0 0 0 0 0 0 0 0 0 0 0 0 0 0 0 0 0 0 0 0 0 0 0 0 0 0 0 0 0 0 0 0 0 0 0 0 0 0 0 0 0 0 0 0 0 0 0 0 0 0 0 0 0 0 0 0 0 0 0 0 0 0 0 0 0 0 0 0 0 0 0 0 0 0 0 0 0 0 0 0 0 0 0 0 0 0 0 0 0 0 0 0 0 0 0 0 0 0 0 0 0 0 0 0 0 0 0 0 0 0 0 0 0 0 0 0 0 0 0 0 0 0 0 0 0 0 0 0 0 0 0 0 0 0 0 0 0 0 0 0 0 0 0 0 0 0 0 0 0 0 0 0 0 0 0 0 0 0 0 0 0 0 0 0 0 0 0 0 0 0 0 0 0 0 0 0 0 0 0 0 0 0 0 0 0 0 0 0 0 0 0 0 0 0 0 0 0 0 0 0 0 0 0 0 0 0 0 0 0 0 0 0 0 0 0 0 0 0 0 0 0 0 0 0 0 0 0 0 0 0 0 0 0 0 0 0 0 0 0 0 0 0 0 0 0 0 0 0 0 0 0 0 0 0 0 0 0 0 0 0 0 0 0 0 0 0 0 0 0 0 0 0 0 0 0 0 0 0 0 0 0 0 0 0 0 0 0 0 0 0 0 0 0 0 0 0 0 0 0 0 0 0 0 0 0 0 0 0 0 0 0 0 0 0 0 0 0 0 0 0 0 0 0 0 0 0 0 0 0 0 0 0 0 0 0 0 0 0 0 0 0 0 0 0 0 0 0 0 0 0 0 0 0 0 0 0 0 0 0 0 0 0 0 0 0 0 0 0 0 0 0 0 0 0 0 0 0 0 0 0 0 0 0 0 0 0 0 0 0 0 0 0 0 0 0 0 0 0 0 0 0 0 0 0 0 0 0 0 0 0 0 0 0 0 0 0 0 0 0 0 0 0 0 0 0 0 0 0 0 0 0 0 0 0 0 0 0 0 0 0 0 0 0 0 0 0 0 0 0 0 0 0 0 0 0 0 0 0 0 0 0 0 0 0 0 0 0 0 0 0 0 0 0 0 0 0
944
0 0 0 0 0 0 0 0 0 0 0 0 0 0 0 0 0 0 0 0 0 0 0 0 0 0 0 0 0 0 0 0 0 0 0 0 0 0 0 0 0 0 0 0 0 0 0 0 0 0 0 0 0 0 0 0 0 0 0 0 0 0 0 0 0 0 0 0 0 0 0 0 0 0 0 0 0 0 0 0 0 0 0 0 0 0 0 0 0 0 0 0 0 0 0 0 0 0 0 0 0 0 0 0 0 0 0 0 0 0 0 0 0 0 0 0 0 0 0 0 0 0 0 0 0 0 0 0 0 0 0 0 0 0 0 0 0 0 0 0 0 0 0 0 0 0 0 0 0 0 0 0 0 0 0 0 0 0 0 0 0 0 0 0 0 0 0 0 0 0 0 0 0 0 0 0 0 0 0 0 0 0 0 0 0 0 0 0 0 0 0 0 0 0 0 0 0 0 0 0 0 0 0 0 0 0 0 0 0 0 0 0 0 0 0 0 0 0 0 0 0 0 0 0 0 0 0 0 0 0 0 0 0 0 0 0 0 0 0 0 0 0 0 0 0 0 0 0 0 0 0 0 0 0 0 0 0 0 0 0 0 0 0 0 0 0 0 0 0 0 0 0 0 0 0 0 0 0 0 0 0 0 0 0 0 0 0 0 0 0 0 0 0 0 0 0 0 0 0 0 0 0 0 0 0 0 0 0 0 0 0 0 0 0 0 0 0 0 0 0 0 0 0 0 0 0 0 0 0 0 0 0 0 0 0 0 0 0 0 0 0 0 0 0 0 0 0 0 0 0 0 0 0 0 0 0 0 0 0 0 0 0 0 0 0 0 0 0 0 0 0 0 0 0 0 0 0 0 0 0 0 0 0 0 0 0 0 0 0 0 0 0 0 0 0 0 0 0 0 0 0 0 0 0 0 0 0 0 0 0 0 0 0 0 0 0 0 0 0 0 0 0 0 0 0 0 0 0 0 0 0 0 0 0 0 0 0 0 0 0 0 0 0 0 0 0 0 0 0 0 0 0 0 0 0 0 0 0 0 0 0 0 0 0 0 0 0 0 0 0 0 0 0 0 0 0 0 0 0 0 0 0 0 0 0 0 0 0 0 0 0 0 0 0 0 0 0 0 0 0 0 0 0 0 0 0 0 0 0 0 0 0 0 0 0 0 0 0 0 0 0 0 0 0 0 0 0 0 0 0 0 0 0 0 0 0 0 0 0 0 0 0 0 0 0 0 0 0 0 0 0 0 0 0 0 0 0 0 0 0 0 0 0 0 0 0 0 0 0 0 0 0 0 0 0 0 0 0 0 0 0 0 0 0 0 0 0 0 0 0 0 0 0 0 0 0 0 0 0 0 0 0 0 0 0 0 0 0 0 0 0 0 0 0 0 0 0 0 0 0 0 0 0 0 0 0 0 0 0 0 0 0 0 0 0 0 0 0 0 0 0 0 0 0 0 0 0 0 0 0 0 0 0 0 0 0 0 0 0 0 0 0 0 0 0 0 0 0 0 0 0 0 0 0 0 0 0 0 0 0 0 0 0 0 0 0 0 0 0 0 0 0 0 0 0 0 0 0 0 0 0 0 0 0 0 0 0 0 0 0 0 0 0 0 0 0 0 0 0 0 0 0 0 0 0 0 0 0 0 0 0 0 0 0 0 0 0 0 0 0 0 0 0 0 0 0 0 0 0 0 0 0 0 0 0 0 0 0 0 0 0 0 0 0 0 0 0 0 0 0 0 0 0 0 0 0 0 0 0 0 0 0 0 0 0 0 0 0 0 0 0 0 0 0 0 0 0 0 0 0 0 0 0 0 0 0 0 0 0 0 0 0 0 0 0 0 0 0 0 0 0 0 0 0 0 0 0 0 0 0 0 0 0 0 0 0 0 0 0 0 0 0 0 0 0 0 0 0 0 0 0 0 0 0 0 0 0 0 0 0 0 0 0 0 0 0 0 0 0 0 0 0 0 0 0 0 0 0 0 0 0 0 0 0 0 0 0 0 0 0 0 0 0 0 0 0 0 0 0 0 0 0 0 0 0 0 0 0 0 0 0 0 0 0 0 0 0 0 0 0 0 0 0 0 0 0 0 0 0 0 0 0 0 0 0 0 0 0 0 0 0 0 0 0
925
200 200 200 200 200 200 200 200 200 200 200 200 200 200 200 200 200 200 200 200 200 200 200 200 200 200 200 200 200 200 200 200 200 200 200 200 200 200 200 200 200 200 200 200 200 200 200 200 200 200 200 200 200 200 200 200 200 200 200 200 200 200 200 200 200 200 200 200 200 200 200 200 200 200 200 200 200 200 200 200 200 200 200 200 200 200 200 200 200 200 200 200 200 200 200 200 200 200 200 200 200 200 200 200 200 200 200 200 200 200 200 200 200 200 200 200 200 200 200 200 200 200 200 200 200 200 200 200 200 200 200 200 200 200 200 200 200 200 200 200 200 200 200 200 200 200 200 200 200 200 200 200 200 200 200 200 200 200 200 200 200 200 200 200 200 200 200 200 200 200 200 200 200 200 200 200 200 200 200 200 200 200 200 200 200 200 200 200 200 200 200 200 200 200 200 200 200 200 200 200 200 200 200 200 200 200 200 200 200 200 200 200 200 200 200 200 200 200 200 200 200 200 200 200 200 200 200 200 200 200 200 200 200 200 200 200 200 200 200 200 200 200 200 200 200 200 200 200 200 200 200 200 200 200 200 200 200 200 200 200 200 200 200 200 200 200 200 200 200 200 200 200 200 200 200 200 200 200 200 200 200 200 200 200 200 200 200 200 200 200 200 200 200 200 200 200 200 200 200 200 200 200 200 200 200 200 200 200 200 200 200 200 200 200 200 200 200 200 200 200 200 200 200 200 200 200 200 200 200 200 200 200 200 200 200 200 200 200 200 200 200 200 200 200 200 200 200 200 200 200 200 200 200 200 200 200 200 200 200 200 200 200 200 200 200 200 200 200 200 200 200 200 200 200 200 200 200 200 200 200 200 200 200 200 200 200 200 200 200 200 200 200 200 200 200 200 200 200 200 200 200 200 200 200 200 200 200 200 200 200 200 200 200 200 200 200 200 200 200 200 200 200 200 200 200 200 200 200 200 200 200 200 200 200 200 200 200 200 200 200 200 200 200 200 200 200 200 200 200 200 200 200 200 200 200 200 200 200 200 200 200 200 200 200 200 200 200 200 200 200 200 200 200 200 200 200 200 200 200 200 200 200 200 200 200 200 200 200 200 200 200 200 200 200 200 200 200 200 200 200 200 200 200 200 200 200 200 200 200 200 200 200 200 200 200 200 200 200 200 200 200 200 200 200 200 200 200 200 200 200 200 200 200 200 200 200 200 200 200 200 200 200 200 200 200 200 200 200 200 200 200 200 200 200 200 200 200 200 200 200 200 200 200 200 200 200 200 200 200 200 200 200 200 200 200 200 200 200 200 200 200 200 200 200 200 200 200 200 200 200 200 200 200 200 200 200 200 200 200 200 200 200 200 200 200 200 200 200 200 200 200 200 200 200 200 200 200 200 200 200 200 200 200 200 200 200 200 200 200 200 200 200 200 200 200 200 200 200 200 200 200 200 200 200 200 200 200 200 200 200 200 200 200 200 200 200 200 200 200 200 200 200 200 200 200 200 200 200 200 200 200 200 200 200 200 200 200 200 200 200 200 200 200 200 200 200 200 200 200 200 200 200 200 200 200 200 200 200 200 200 200 200 200 200 200 200 200 200 200 200 200 200 200 200 200 200 200 200 200 200 200 200 200 200 200 200 200 200 200 200 200 200 200 200 200 200 200 200 200 200 200 200 200 200 200 200 200 200 200 200 200 200 200 200 200 200 200 200 200 200 200 200 200 200 200 200 200 200 200 200 200 200 200 200 200 200 200 200 200 200 200 200 200 200 200 200 200 200 200 200 200 200 200 200 200 200 200 200 200 200 200 200 200 200 200 200 200 200 200 200 200 200 200 200 200 200 200 200 200 200 200 200 200 200 200 200 200 200 200 200 200 200 200 200 200 200 200 200 200 200 200 200 200 200 200 200 200 200 200 200 200 200 200 200 200 200 200 200 200 200 200 200 200 200 200 200 200 200 200 200 200 200 200 200 200 200 200 200 200 200 200 200 200 200 200 200 200 200 200 200 200 200 200 200 200 200 200 200 200 200 200 200 200 200 200 200 200 200 200 200 200 200 200 200 200 200 200 200 200 200 200 200 200 200 200
814
0 200 71 99 57 107 116 80 83 84 87 59 104 64 62 55 53 79 120 65 54 62 104 95 113 75 78 64 120 91 102 118 71 58 56 82 73 84 97 101 58 71 100 51 100 98 80 106 88 107 54 72 84 94 92 65 103 103 68 74 71 50 95 95 64 62 117 75 60 54 50 61 96 50 75 89 76 91 106 70 87 97 54 81 116 96 83 89 120 107 112 85 105 52 51 100 109 118 69 56 87 89 67 85 61 58 93 105 86 110 117 59 120 100 98 89 95 116 98 113 118 106 109 77 102 55 104 60 79 55 79 107 85 86 82 120 86 99 103 92 77 56 100 118 75 95 112 54 106 87 115 81 75 106 86 57 55 74 66 96 51 86 97 96 80 113 75 90 117 88 86 59 82 75 63 86 66 118 99 111 60 109 102 51 53 71 73 78 61 119 112 89 66 115 120 110 61 51 113 65 70 87 85 95 76 59 103 78 64 90 97 75 81 104 90 113 83 104 116 110 90 106 95 82 116 93 77 68 112 119 59 69 62 75 72 91 113 113 56 97 106 94 79 56 67 60 120 112 80 69 85 103 80 114 65 69 73 80 58 94 94 107 88 68 91 64 92 64 58 100 59 100 55 107 67 108 108 104 100 76 61 67 61 81 90 93 110 106 54 80 106 107 95 55 94 113 94 87 75 87 87 96 62 76 50 56 83 105 92 65 96 118 80 50 74 70 94 99 103 56 118 82 98 100 106 52 92 91 52 65 109 111 76 120 69 106 72 68 60 79 61 64 114 92 100 102 50 77 53 112 73 76 64 82 117 111 73 109 102 110 117 89 50 56 108 80 104 62 57 109 97 69 61 52 94 65 112 52 89 83 113 88 56 77 98 114 50 98 51 115 66 109 50 79 70 109 55 66 56 91 79 59 115 58 71 92 62 112 89 120 57 60 62 56 81 94 60 105 91 71 68 109 51 73 111 118 115 77 78 95 82 81 105 109 91 53 60 118 81 105 59 85 74 82 87 120 110 103 117 92 76 88 67 85 80 112 109 118 92 108 72 76 119 109 110 77 72 73 89 79 72 50 103 112 61 76 103 88 113 78 119 91 110 72 73 87 96 114 98 74 75 64 93 114 72 71 83 85 118 50 53 63 53 99 89 92 82 119 100 51 50 103 52 57 78 57 68 95 88 54 103 108 80 82 102 72 119 117 75 81 57 91 73 53 86 66 96 105 119 89 51 82 61 77 86 77 71 89 51 91 83 59 56 88 117 114 70 107 109 53 79 76 75 112 76 113 94 61 104 70 95 106 73 75 114 50 91 63 109 107 108 117 116 105 94 70 51 85 106 96 79 54 80 86 113 113 117 98 75 53 118 87 102 64 84 67 105 96 55 53 66 64 55 95 84 74 95 107 100 67 53 57 78 56 72 101 109 113 95 58 54 98 108 62 77 105 91 113 63 103 114 67 62 105 55 73 117 118 102 104 63 85 109 50 101 73 80 103 117 71 111 116 56 103 60 54 119 78 95 65 103 108 95 97 66 118 100 98 112 73 53 100 113 81 118 75 69 103 107 66 78 92 93 77 51 53 113 120 113 74 118 80 95 58 71 97 119 94 100 105 60 99 107 88 51 63 108 111 72 111 79 114 57 77 88 111 94 99 84 102 67 78 72 115 120 109 90 96 98 114 97 82 53 105 113 102 118 74 61 115 114 96 103 120 101 112 93 79 111 95 115 75 106 114 79 58 102 86 60 115 81 118 71 61 55 100 84 66 106 112 60 67 88 79 71 57 53 74 104 109 114 86 80 55 58 84 116 100 61 63 107 59 66 57 118 104 95 64 72 115 60 89 74 200
984
0 200 65 63 64 100 75 105 108 80 101 106 89 116 72 109 97 120 76 72 67 83 85 118 106 108 120 102 92 61 115 106 83 59 92 94 60 94 81 93 83 82 67 109 117 104 95 110 91 105 65 67 62 68 63 61 99 120 84 61 108 76 87 115 98 80 101 86 100 82 72 115 78 107 54 113 119 101 50 82 76 104 87 88 79 111 119 50 119 87 102 101 85 100 79 53 106 69 59 70 120 54 87 79 92 60 115 107 60 120 60 99 60 76 90 83 68 52 110 93 95 115 54 105 59 118 120 109 64 79 76 116 114 104 120 114 106 52 89 55 57 108 80 86 82 104 51 85 91 115 66 116 69 74 106 72 82 75 100 90 89 97 63 102 79 109 81 74 95 91 95 81 80 83 71 95 94 72 54 89 101 109 110 92 85 59 54 51 62 115 97 78 102 82 81 120 95 112 87 99 96 91 64 76 81 95 90 90 67 85 102 74 93 83 80 51 114 97 66 83 82 89 76 51 51 93 107 101 51 101 60 71 119 72 74 72 72 52 119 65 51 109 105 108 78 80 111 104 80 120 66 50 81 119 110 78 119 52 55 85 113 98 57 104 59 106 109 76 94 60 117 62 55 106 69 96 87 101 67 73 78 115 65 76 102 93 78 69 71 111 104 69 94 95 69 112 75 96 113 99 90 76 80 55 68 92 109 60 60 100 95 101 113 61 104 68 51 80 63 59 57 99 63 85 60 90 91 97 54 63 69 83 64 86 115 108 76 96 113 82 91 92 100 108 52 95 67 120 110 66 54 71 87 96 106 59 62 76 76 57 70 114 115 107 82 84 52 110 60 64 58 103 82 111 110 91 76 97 97 63 97 75 80 84 52 50 120 69 104 84 54 119 58 85 81 72 100 101 50 102 54 81 89 105 64 68 99 91 113 94 70 58 50 108 114 102 73 73 80 78 112 110 63 72 113 115 115 81 64 112 106 60 73 88 118 96 70 113 53 111 50 72 79 70 61 104 102 117 111 102 66 97 94 85 117 106 108 114 88 100 96 66 74 112 78 115 88 56 55 105 75 97 67 90 86 83 105 67 90 120 115 53 78 88 54 51 118 73 98 81 57 60 66 117 104 65 73 104 60 103 114 65 85 113 82 107 56 75 107 64 51 105 107 53 101 69 62 98 112 91 97 89 118 70 81 94 80 112 73 75 75 63 69 102 96 112 61 54 79 105 58 98 85 117 83 57 107 70 112 87 59 91 71 115 100 103 82 81 97 65 64 95 109 54 59 87 102 100 78 73 86 95 99 118 106 66 118 72 102 94 70 95 96 94 52 94 84 92 87 72 101 76 107 77 98 72 111 88 106 86 76 108 89 80 106 55 62 55 84 88 65 102 67 95 111 70 106 93 83 74 73 115 119 57 54 98 60 66 66 68 88 62 112 112 91 54 109 114 81 90 58 96 60 96 116 51 67 69 84 78 112 115 81 115 76 79 118 55 56 87 110 53 82 52 106 92 83 58 82 88 82 82 77 57 69 91 106 79 116 60 100 66 70 71 110 66 98 75 77 55 63 99 107 114 69 59 95 56 86 102 55 102 63 85 95 51 58 107 88 109 78 61 115 51 92 118 111 59 117 89 76 78 114 77 106 105 76 100 100 77 117 76 82 77 100 65 59 51 80 111 59 106 101 104 52 94 108 85 88 51 111 92 91 86 67 75 58 108 118 75 66 77 110 84 73 72 79 104 64 111 56 60 81 114 113 118 74 65 110 98 81 76 91 94 54 74 62 65 75 51 88 96 68 107 73 53 56 93 67 107 79 54 65 111 114 114 95 55 116 73 116 58 112 101 91 102 63 79 94 98 72 73 117 78 96 76 50 63 119 58 107 94 87 86 57 97 94 66 61 101 69 114 55 117 81 102 76 115 103 111 109 103 113 64 102 118 114 119 103 69 67 111 67 69 97 54 87 89 104 75 120 117 71 72 57 110 96 102 73 100 120 60 97 117 80 88 64 86 72 99 73 96 69 72 84 107 58 110 61 95 97 82 65 63 65 73 56 63 58 80 63 111 90 77 89 58 113 50 112 118 50 65 60 63 119 117 53 67 69 103 84 108 56 94 103 101 62 116 72 116 71 56 117 95 106 101 109 89 101 96 97 69 102 98 117 96 107 120 51 112 52 53 75 92 67 52 89 107 64 68 85 105 106 112 56 53 107 88 97 116 75 65 92 200
266
0 200 79 77 114 98 84 94 53 79 96 58 108 84 52 52 57 93 63 64 116 64 55 119 63 105 83 73 55 69 95 59 68 69 100 78 90 120 71 102 109 86 99 109 81 58 64 75 92 101 87 83 115 97 113 84 56 113 56 119 94 54 110 104 82 87 91 71 56 81 104 77 110 118 84 56 86 98 101 67 118 55 61 80 115 68 105 68 50 94 106 90 51 94 92 66 86 59 74 109 112 98 73 60 85 120 66 111 87 107 114 99 94 105 78 84 73 53 79 112 87 72 117 98 109 86 66 77 67 71 53 67 79 104 101 68 90 90 112 99 88 67 81 114 100 93 110 109 101 57 94 55 83 87 103 94 84 72 112 73 118 111 70 84 79 99 71 101 68 98 99 59 84 94 104 50 78 119 68 89 57 57 86 106 65 117 82 60 78 116 96 89 117 72 86 75 87 102 75 73 74 56 77 87 78 118 112 80 76 88 103 82 86 68 101 103 52 65 66 116 88 55 85 74 65 84 58 71 100 52 105 65 50 69 76 85 93 108 59 120 107 118 101 71 67 93 118 78 60 105 83 100 108 63 115 60 108 110 80 67 73 116 64 70 50 200
928
200 200 200 200 200 200 200 200 200 200 200 200 200 200 200 200 200 200 200 200 200 200 200 200 200 200 200 200 200 200 200 200 200 200 200 200 200 200 200 200 200 200 200 200 200 200 200 200 200 200 200 200 200 200 200 200 200 200 200 200 200 200 200 200 200 200 200 200 200 200 200 200 200 200 200 200 200 200 200 200 200 200 200 200 200 200 200 200 200 200 200 200 200 200 200 200 200 200 200 200 200 200 200 200 200 200 200 200 200 200 200 200 200 200 200 200 200 200 200 200 200 200 200 200 200 200 200 200 200 200 200 200 200 200 200 200 200 200 200 200 200 200 200 200 200 200 200 200 200 200 200 200 200 200 200 200 200 200 200 200 200 200 200 200 200 200 200 200 200 200 200 200 200 200 200 200 200 200 200 200 200 200 200 200 200 200 200 200 200 200 200 200 200 200 200 200 200 200 200 200 200 200 200 200 200 200 200 200 200 200 200 200 200 200 200 200 200 200 200 200 200 200 200 200 200 200 200 200 200 200 200 200 200 200 200 200 200 200 200 200 200 200 200 200 200 200 200 200 200 200 200 200 200 200 200 200 200 200 200 200 200 200 200 200 200 200 200 200 200 200 200 200 200 200 200 200 200 200 200 200 200 200 200 200 200 200 200 200 200 200 200 200 200 200 200 200 200 200 200 200 200 200 200 200 200 200 200 200 200 200 200 200 200 200 200 200 200 200 200 200 200 200 200 200 200 200 200 200 200 200 200 200 200 200 200 200 200 200 200 200 200 200 200 200 200 200 200 200 200 200 200 200 200 200 200 200 200 200 200 200 200 200 200 200 200 200 200 200 200 200 200 200 200 200 200 200 200 200 200 200 200 200 200 200 200 200 200 200 200 200 200 200 200 200 200 200 200 200 200 200 200 200 200 200 200 200 200 200 200 200 200 200 200 200 200 200 200 200 200 200 200 200 200 200 200 200 200 200 200 200 200 200 200 200 200 200 200 200 200 200 200 200 200 200 200 200 200 200 200 200 200 200 200 200 200 200 200 200 200 200 200 200 200 200 200 200 200 200 200 200 200 200 200 200 200 200 200 200 200 200 200 200 200 200 200 200 200 200 200 200 200 200 200 200 200 200 200 200 200 200 200 200 200 200 200 200 200 200 200 200 200 200 200 200 200 200 200 200 200 200 200 200 200 200 200 200 200 200 200 200 200 200 200 200 200 200 200 200 200 200 200 200 200 200 200 200 200 200 200 200 200 200 200 200 200 200 200 200 200 200 200 200 200 200 200 200 200 200 200 200 200 200 200 200 200 200 200 200 200 200 200 200 200 200 200 200 200 200 200 200 200 200 200 200 200 200 200 200 200 200 200 200 200 200 200 200 200 200 200 200 200 200 200 200 200 200 200 200 200 200 200 200 200 200 200 200 200 200 200 200 200 200 200 200 200 200 200 200 200 200 200 200 200 200 200 200 200 200 200 200 200 200 200 200 200 200 200 200 200 200 200 200 200 200 200 200 200 200 200 200 200 200 200 200 200 200 200 200 200 200 200 200 200 200 200 200 200 200 200 200 200 200 200 200 200 200 200 200 200 200 200 200 200 200 200 200 200 200 200 200 200 200 200 200 200 200 200 200 200 200 200 200 200 200 200 200 200 200 200 200 200 200 200 200 200 200 200 200 200 200 200 200 200 200 200 200 200 200 200 200 200 200 200 200 200 200 200 200 200 200 200 200 200 200 200 200 200 200 200 200 200 200 200 200 200 200 200 200 200 200 200 200 200 200 200 200 200 200 200 200 200 200 200 200 200 200 200 200 200 200 200 200 200 200 200 200 200 200 200 200 200 200 200 200 200 200 200 200 200 200 200 200 200 200 200 200 200 200 200 200 200 200 200 200 200 200 200 200 200 200 200 200 200 200 200 200 200 200 200 200 200 200 200 200 200 200 200 200 200 200 200 200 200 200 200 200 200 200 200 200 200 200 200 200 200 200 200 200 200 200 200 200 200 200 200 200 200 200 200 200 200 200 200 200 200 200 200 200 200 200 200 200 200 200 200 200 200 200 200 200 200 200 200 200 200 200 200 200 200 200 200 200 200 200 200 200 200 200
715
12 14 3 18 1 8 0 1 15 10 12 5 13 0 0 9 3 20 17 11 6 19 11 18 6 13 2 17 19 13 7 2 20 13 0 14 14 8 11 19 2 4 11 20 9 4 14 0 17 14 10 2 5 17 9 20 12 15 5 20 8 20 2 9 17 16 10 20 13 14 1 0 6 8 13 10 3 14 10 0 4 2 7 4 1 20 17 8 4 9 7 14 11 0 18 13 17 2 18 14 17 20 3 0 4 0 11 5 6 20 2 0 1 5 6 16 17 11 17 15 3 19 12 9 8 17 1 7 0 20 19 6 14 20 0 5 4 19 1 12 2 16 1 19 13 5 17 3 13 0 13 17 5 6 7 18 10 10 20 2 12 20 14 18 13 1 0 7 6 19 2 6 3 9 18 2 18 15 14 3 7 1 3 3 14 2 15 15 19 7 20 17 9 8 12 5 4 7 9 4 3 6 18 12 5 15 0 12 17 17 12 2 17 13 20 2 8 5 8 3 8 8 10 19 11 0 9 18 19 20 8 1 10 5 16 13 9 13 16 0 8 15 17 2 8 2 12 0 12 5 7 1 7 4 9 3 16 15 11 13 2 18 2 9 0 14 4 11 5 19 10 3 12 11 8 19 14 18 0 7 12 5 12 1 12 2 18 12 16 16 7 13 13 15 18 9 12 13 4 11 10 1 2 10 16 1 5 14 8 4 13 15 13 14 7 16 10 16 14 5 1 8 11 12 2 10 12 3 3 8 20 16 9 17 5 10 20 15 6 11 0 15 18 17 5 9 3 6 1 19 15 0 13 5 7 8 2 12 9 19 1 18 0 19 5 17 10 5 14 18 20 20 19 16 0 14 19 1 20 10 1 5 8 1 16 2 17 11 8 14 12 13 3 10 6 10 16 12 2 15 11 4 15 20 4 1 16 17 6 6 13 20 18 13 12 1 14 4 3 6 10 8 9 19 15 5 13 17 4 7 18 2 3 18 12 18 14 2 18 20 14 8 12 9 20 16 14 2 9 2 8 13 12 6 2 16 9 3 6 9 9 20 9 7 1 19 3 20 6 4 20 3 19 9 7 1 9 8 0 0 2 20 12 11 3 20 3 6 20 0 1 7 5 18 13 15 7 8 19 17 14 6 16 15 5 18 17 8 11 8 5 10 3 19 12 18 9 10 0 17 12 20 3 7 17 5 3 14 18 0 18 4 14 6 17 14 0 14 20 7 4 9 8 2 17 19 11 12 4 5 16 2 11 10 1 15 16 13 11 10 11 6 13 4 6 1 7 20 8 3 16 11 6 8 9 11 14 13 17 3 13 15 3 0 1 5 6 17 5 13 16 17 1 9 7 12 0 9 2 4 1 5 3 15 14 9 0 20 4 19 20 11 0 0 8 20 15 4 14 6 8 2 1 8 3 16 19 15 8 3 6 14 1 19 14 14 9 18 3 5 6 1 3 10 9 4 4 20 12 5 13 1 17 3 1 17 18 14 3 20 4 17 17 8 2 17 6 12 10 10 10 10 7 15 7 5 20 2 12 8 6 16 6 16 16 2 18 18 6 14 6 16 16 8 12 6 19 13 3 17 13 14 4 0 7 14 12 13 17 14 4 8 11 11 8
610
0 0 0 0 0 0 0 0 0 0 0 0 0 0 0 0 0 0 0 0 0 0 0 0 0 0 0 0 0 0 0 0 0 0 0 0 0 0 0 0 0 0 0 0 0 0 0 0 0 0 0 0 0 0 0 0 0 0 0 0 0 0 0 0 0 0 0 0 0 0 0 0 0 0 0 0 0 0 0 0 0 0 0 0 0 0 0 0 0 0 0 0 0 0 0 0 0 0 0 0 0 0 0 0 0 0 0 0 0 0 0 0 0 0 0 0 0 0 0 0 0 0 0 0 0 0 0 0 0 0 0 0 0 0 0 0 0 0 0 0 0 0 0 0 0 0 0 0 0 0 0 0 0 0 0 0 0 0 0 0 0 0 0 0 0 0 0 0 0 0 0 0 0 0 0 0 0 0 0 0 0 0 0 0 0 0 0 0 0 0 0 0 0 0 0 0 0 0 0 0 0 0 0 0 0 0 0 0 0 0 0 0 0 0 0 0 0 0 0 0 0 0 0 0 0 0 0 0 0 0 0 0 0 0 0 0 0 0 0 0 0 0 0 0 0 0 0 0 0 0 0 0 0 0 0 0 0 0 0 0 0 0 0 0 0 0 0 0 0 0 0 0 0 0 0 0 0 0 0 0 0 0 0 0 0 0 0 0 0 0 0 0 0 0 0 0 0 0 0 0 0 0 0 0 0 0 0 0 0 0 0 0 0 0 0 0 0 0 0 0 0 0 0 0 0 0 0 0 0 0 0 0 0 0 0 0 0 0 0 0 0 0 0 0 0 0 0 0 0 0 0 0 0 0 0 0 0 0 0 0 0 0 0 0 0 0 0 0 0 0 0 0 0 0 0 0 0 0 0 0 0 0 0 0 0 0 0 0 0 0 0 0 0 0 0 0 0 0 0 0 0 0 0 0 0 0 0 0 0 0 0 0 0 0 0 0 0 0 0 0 0 0 0 0 0 0 0 0 0 0 0 0 0 0 0 0 0 0 0 0 0 0 0 0 0 0 0 0 0 0 0 0 0 0 0 0 0 0 0 0 0 0 0 0 0 0 0 0 0 0 0 0 0 0 0 0 0 0 0 0 0 0 0 0 0 0 0 0 0 0 0 0 0 0 0 0 0 0 0 0 0 0 0 0 0 0 0 0 0 0 0 0 0 0 0 0 0 0 0 0 0 0 0 0 0 0 0 0 0 0 0 0 0 0 0 0 0 0 0 0 0 0 0 0 0 0 0 0 0 0 0 0 0 0 0 0 0 0 0 0 0 0 0 0 0 0 0 0 0 0 0 0 0 0 0 0 0 0 0 0 0 0 0 0 0 0 0 0 0 0 0 0 0 0 0 0 0 0 0 0 0 0 0 0 0 0 0 0 0 0
547
162 14 3 8 20 3 165 183 6 17 13 8 0 7 4 6 11 151 156 13 2 16 19 9 10 5 6 16 7 8 1 5 0 5 9 7 10 14 6 155 14 4 1 171 2 158 13 5 0 18 15 17 13 13 18 6 4 13 12 160 19 15 10 2 12 15 17 12 1 1 7 4 16 0 7 184 174 3 16 18 9 0 20 18 18 10 5 16 16 11 8 168 10 6 12 20 15 18 14 162 177 3 6 19 169 168 20 19 198 8 153 161 168 178 5 170 167 9 194 7 18 13 163 10 8 194 9 168 5 10 2 0 20 10 1 9 12 17 0 11 15 171 17 4 7 0 7 0 6 10 196 15 18 0 20 19 12 17 1 11 13 185 18 10 198 19 181 17 198 9 14 10 20 186 11 12 0 11 15 2 0 2 10 169 2 12 19 11 14 0 154 17 4 20 4 11 1 10 1 165 8 13 10 2 16 11 17 11 185 3 20 13 20 12 9 0 7 174 3 192 20 9 6 16 3 14 13 10 19 11 4 2 9 9 12 8 13 8 16 0 9 156 7 10 4 4 188 6 8 13 16 7 18 2 2 6 13 8 4 16 18 185 17 7 11 171 182 10 14 198 11 0 193 187 0 9 176 18 13 7 4 9 152 3 6 11 175 4 10 177 7 154 18 0 2 150 20 155 1 10 19 18 6 9 3 192 17 192 13 183 20 20 14 15 5 191 12 12 16 17 1 17 173 163 0 8 19 3 1 4 160 12 152 12 19 198 3 0 183 7 165 12 5 20 7 9 16 14 9 4 150 19 4 3 11 10 8 20 9 6 12 17 16 2 1 5 13 8 7 16 179 4 4 9 19 163 176 157 2 15 5 1 12 167 13 11 11 174 8 18 14 19 19 178 198 8 181 20 16 1 0 161 20 9 185 20 16 0 11 20 10 191 197 15 19 13 167 1 6 167 190 190 18 5 182 13 7 11 17 14 5 16 18 3 188 9 196 18 11 14 15 11 14 20 168 2 14 187 0 2 11 199 4 13 12 17 15 20 195 164 12 5 0 17 20 187 18 9 15 15 13 5 182 2 15 2 19 2 17 13 12 5 13 152 20 173 8 162 3 16 5 6 15 8 189 8 15 4 7 0 10 195 13 19 155 15 4 14 161 15 13 1 178 10 3 18 17 6 20 2 16 10 10 2 3 11 5 7 2 159 9 164 12 162 4 2 16 2 19 9 2 19 15 17 1 15 16
335
111 150 195 172 124 139 152 42 145 49 63 189 68 171 79 1 114 175 141 71 161 117 2 69 11 31 138 194 67 118 161 38 179 165 127 174 65 106 82 34 25 58 60 169 58 91 11 26 95 111 63 60 79 86 185 149 79 32 190 103 47 193 186 180 36 186 55 27 72 114 84 153 195 94 31 11 26 20 27 193 166 30 101 57 111 190 93 172 62 182 7 145 62 83 26 191 87 84 149 137 123 148 73 38 103 80 15 53 160 10 23 187 100 44 195 154 10 191 150 24 117 21 88 17 76 9 110 157 118 145 139 160 172 100 194 159 117 38 3 41 77 182 66 16 149 130 38 64 51 142 175 173 4 132 20 59 6 137 4 4 6 0 88 86 156 134 149 116 28 73 89 50 0 54 83 115 184 0 25 114 80 181 74 116 166 197 14 26 53 36 27 177 170 182 28 196 142 16 81 139 53 136 0 145 47 112 167 118 97 72 159 62 114 107 170 131 158 93 14 1 2 113 194 182 97 85 182 131 84 27 109 25 42 129 94 19 115 48 142 33 59 9 75 38 163 170 192 71 92 165 153 55 47 109 77 190 44 51 195 25 139 53 113 85 60 160 191 200 103 75 45 56 149 149 156 161 10 75 192 48 99 84 163 20 145 158 128 100 14 65 113 165 2 188 82 167 197 147 59 134 117 19 173 48 70 53 160 102 193 124 143 119 130 126 14 88 132 200 127 88 72 179 178 145 186 55 2 155 25 8 80 51 126 46 121
31
34 23 171 99 145 83 31 182 145 19 56 20 191 4 18 133 91 18 90 126 149 69 106 68 171 190 197 175 23 173 28
78
0 0 0 0 0 0 0 0 0 0 0 0 0 0 0 0 0 0 0 0 0 0 0 0 0 0 0 0 0 0 0 0 0 0 0 0 0 0 0 0 0 0 0 0 0 0 0 0 0 0 0 0 0 0 0 0 0 0 0 0 0 0 0 0 0 0 0 0 0 0 0 0 0 0 0 0 0 0
1000
4 8 8 4 2 19 11 9 3 10 15 0 9 7 12 4 17 3 2 13 6 18 3 15 16 5 4 19 5 13 2 16 15 18 20 8 20 14 13 1 10 2 19 2 14 9 13 11 15 9 19 12 0 19 5 10 5 7 12 19 5 20 14 19 1 18 4 19 11 7 9 12 2 11 8 5 2 15 17 7 1 17 7 5 3 15 8 18 10 9 13 17 17 17 10 9 5 20 7 16 6 17 6 12 8 8 18 19 10 5 12 9 20 16 19 9 17 3 1 19 10 4 9 9 20 2 0 18 5 16 16 1 19 9 0 6 4 2 3 11 19 11 20 9 1 2 13 14 1 7 8 10 2 20 18 10 20 6 16 20 20 7 7 16 16 19 9 5 0 6 6 4 7 10 4 2 12 7 4 19 8 15 12 5 14 20 4 4 7 3 0 6 20 18 6 13 13 16 10 19 12 17 17 5 12 18 13 16 12 18 2 12 14 14 20 17 10 10 3 14 5 6 8 2 17 11 0 17 20 19 9 2 20 6 4 3 16 14 17 2 4 3 19 7 1 2 17 16 13 20 19 9 4 15 11 18 9 19 0 19 18 11 13 19 12 15 7 3 5 0 17 14 15 6 4 15 12 16 1 13 5 11 4 20 9 17 4 6 15 4 20 8 19 15 15 7 11 1 9 17 3 6 6 3 4 6 14 2 3 9 13 16 14 9 4 20 5 11 15 5 19 16 2 6 11 19 17 20 18 20 19 16 13 18 0 9 13 16 16 13 16 12 8 15 7 11 8 0 18 20 5 20 10 5 4 1 0 9 17 12 3 5 18 0 19 5 18 20 4 0 13 16 4 19 8 6 10 16 7 20 20 17 3 11 2 2 18 10 10 9 18 11 2 4 7 12 7 20 13 8 8 7 0 3 15 11 20 10 5 13 15 5 0 14 16 14 10 4 6 9 6 9 3 5 16 11 6 4 11 5 6 19 1 7 12 9 4 0 10 15 19 7 1 5 19 5 19 10 9 1 8 14 14 4 14 9 8 11 18 15 10 15 15 5 5 19 9 2 8 14 12 3 8 15 7 19 10 18 9 8 2 16 8 4 19 6 6 12 15 7 9 19 17 12 2 20 12 10 10 12 17 7 18 17 3 12 15 12 14 18 8 12 8 20 0 1 12 7 8 1 10 14 9 8 19 7 10 17 4 10 14 9 0 7 9 20 10 4 11 15 4 13 3 1 13 15 5 18 16 19 1 7 4 6 11 16 15 2 17 8 19 7 17 12 14 3 6 6 0 18 7 20 17 14 16 16 1 14 11 13 13 2 16 1 20 15 3 8 18 19 8 2 4 9 19 12 1 4 7 4 1 19 6 5 20 18 18 18 11 16 10 12 17 4 8 2 5 14 1 9 11 16 9 16 8 3 1 7 8 2 16 1 14 10 20 15 5 1 7 2 13 0 17 17 20 19 5 6 18 5 17 9 6 19 7 5 17 0 6 9 1 5 9 9 9 18 11 11 12 3 8 18 5 4 10 9 19 13 6 14 6 3 15 18 5 9 19 2 9 2 7 13 16 16 14 18 1 12 17 14 3 20 17 4 1 2 12 3 7 20 6 1 7 0 3 18 18 19 20 2 9 15 7 12 12 20 9 7 1 18 6 20 16 14 0 15 3 10 20 5 18 17 10 20 18 11 0 4 2 18 7 2 12 17 11 6 11 6 14 20 17 9 14 3 8 6 8 17 10 12 0 4 11 20 20 18 4 9 9 20 15 6 3 6 11 10 6 5 3 6 13 16 20 3 2 8 1 6 20 0 10 9 9 4 15 17 6 3 19 10 6 17 18 10 9 0 8 0 10 10 0 13 11 20 7 2 12 11 18 7 16 15 15 5 19 8 10 19 0 8 11 16 11 17 19 15 7 17 7 13 7 6 9 18 16 1 0 5 20 10 1 8 16 20 13 5 19 13 7 8 11 15 13 5 1 14 8 8 14 7 15 3 5 0 18 0 14 6 1 16 1 14 1 2 9 5 17 7 16 10 0 1 1 5 4 3 10 17 4 9 6 6 16 8 9 8 5 18 16 14 14 13 8 20 20 14 3 6 0 1 7 5 14 5 0 15 0 7 17 16 20 13 1 0 13 2 8 18 0 1 10 20 0 3 16 4 1 17 5 18 2 15 5 10 1 18 6 7 2 5 18 19 9 3 19 15 2 13 2 4 2 5 16 3 5 16 5 6 14 12 5 15 13 10 7 7 19 13 19 12
170
0 200 79 117 94 75 74 77 67 95 100 73 78 74 56 75 117 51 72 109 74 119 111 84 117 94 86 50 97 99 92 95 86 97 116 64 53 120 52 81 79 111 77 99 79 61 118 107 75 107 53 106 73 59 116 97 81 112 62 93 74 62 118 77 68 63 91 61 95 90 77 88 51 79 68 97 54 76 51 88 74 58 71 67 71 58 59 58 74 93 77 78 95 87 52 97 66 75 50 84 85 116 111 61 50 75 82 93 112 60 78 82 92 94 75 102 82 50 56 106 105 60 73 102 81 53 66 68 68 94 119 90 62 100 107 110 85 75 112 97 90 70 75 56 101 90 52 74 67 84 66 93 70 102 84 90 80 114 59 89 101 105 88 86 51 55 58 85 100 200
528
2 12 187 0 187 19 158 192 198 15 11 20 5 17 15 11 7 1 20 4 175 8 155 9 13 0 5 2 16 194 14 189 16 16 20 5 181 3 2 4 2 7 157 20 198 188 8 19 14 13 19 0 3 0 163 172 0 6 3 4 167 20 167 8 19 3 8 8 5 17 16 8 9 193 7 3 174 4 0 19 4 18 175 19 0 19 15 180 182 0 182 1 16 20 160 6 2 1 7 163 6 185 189 181 190 9 10 194 2 173 5 10 17 7 7 11 11 177 7 11 2 0 14 6 2 16 179 3 18 20 20 18 2 17 11 11 2 14 8 186 4 200 2 15 18 8 0 20 12 2 15 182 11 193 17 5 9 170 4 10 2 8 9 168 12 6 5 195 162 9 11 172 3 20 197 177 7 190 159 11 17 7 10 166 150 10 9 194 10 18 0 1 187 4 18 7 7 193 150 8 179 17 7 20 7 11 2 178 2 1 179 13 3 0 3 3 16 19 19 14 2 5 8 15 156 2 15 17 18 9 176 11 192 166 15 12 165 20 3 8 7 4 1 8 1 17 15 7 8 9 1 15 17 17 4 17 6 6 3 7 20 11 8 190 0 18 15 19 5 12 14 184 16 17 166 199 5 20 20 14 12 0 19 20 176 6 20 13 3 182 184 7 191 15 12 14 0 12 12 4 17 10 4 0 14 14 1 7 15 20 20 4 191 1 16 8 15 17 6 8 0 193 156 17 2 0 196 4 16 3 178 16 7 19 188 197 15 155 8 7 16 3 160 6 2 15 4 193 15 12 152 157 0 8 192 2 5 8 19 0 5 19 15 19 11 6 19 18 7 12 13 189 4 15 4 15 10 20 12 182 8 10 6 158 188 9 9 164 162 6 12 11 4 185 180 15 5 20 4 11 185 7 12 180 178 2 18 13 5 18 7 5 154 9 13 160 2 19 3 16 17 11 14 189 177 4 13 3 13 5 5 0 16 11 5 20 10 6 9 12 18 6 0 9 159 10 20 178 14 199 7 14 0 10 4 9 187 11 12 10 17 12 1 17 10 1 14 9 9 165 20 17 19 16 158 9 16 12 11 14 16 166 18 17 15 160 15 195 15 9 162 19 10 8 6 192 13 12 19 7 15 195 16 0 20 10 2 199 15 184 6 194 16 163 10 18 17 150 0 15 8 155 17 4 6 157 19 154
359
19 3 14 0 9 0 10 20 11 11 19 13 17 2 16 6 8 4 16 3 19 12 14 0 10 20 3 9 12 3 4 7 4 5 10 4 1 13 0 9 1 19 12 11 14 9 1 16 9 14 7 15 2 18 11 20 11 16 2 7 1 19 3 15 6 20 19 8 11 16 13 1 5 7 14 2 4 9 10 6 13 9 2 7 0 6 8 0 7 11 10 13 0 13 8 15 17 8 16 20 5 16 19 5 10 17 19 10 9 4 16 15 14 3 11 14 11 18 2 17 12 10 12 3 12 17 13 3 0 1 2 18 14 6 15 14 11 18 11 12 4 17 12 6 8 4 3 16 8 1 15 7 13 14 7 18 16 10 10 14 19 6 14 12 0 20 7 3 18 18 11 15 15 4 13 3 12 11 20 20 14 7 15 12 9 15 18 18 5 9 17 3 12 13 13 0 20 13 15 10 5 2 16 5 7 9 9 18 4 12 1 16 6 7 5 11 13 16 15 7 15 8 5 1 4 2 7 0 1 6 3 8 11 15 14 17 19 20 15 6 10 17 4 0 7 4 17 15 9 14 11 15 0 0 4 6 1 18 5 18 1 4 19 11 20 6 6 13 19 19 3 10 14 5 15 0 11 5 3 1 16 20 18 13 4 1 13 5 17 15 14 13 7 13 19 18 10 16 16 17 10 6 1 8 3 14 3 14 7 13 16 11 17 19 19 20 9 4 10 7 1 3 20 4 0 13 5 4 10 20 19 10 15 17 4 13 14 11 16 20 1 5 6 12 13 7 18 6 5 4 2 12 8 19 3 12 9 13 10
521
1 3 4 3 6 12 18 12 7 16 6 18 14 9 2 7 11 2 3 18 2 10 13 15 3 20 12 17 9 1 2 14 2 0 10 16 19 15 17 10 14 7 17 10 10 9 12 9 2 1 17 18 17 4 12 17 3 15 9 9 1 7 2 12 16 13 20 13 16 7 15 6 7 11 6 15 7 9 5 6 10 2 15 6 2 1 13 3 2 17 15 12 11 19 20 17 20 6 3 17 9 11 9 7 4 17 2 19 16 11 15 20 5 15 3 19 3 13 4 16 0 19 17 4 14 7 15 19 19 13 3 12 16 14 12 19 17 8 6 13 15 9 20 8 6 15 4 7 11 0 11 0 13 12 4 12 20 14 13 1 4 2 11 4 0 13 14 6 19 6 3 9 13 4 14 20 8 14 15 6 4 0 10 7 16 7 6 9 13 8 12 11 12 14 2 9 12 9 3 16 12 2 2 7 19 9 19 3 16 8 0 4 1 17 3 19 12 13 17 0 8 7 1 18 19 19 9 2 19 19 4 15 6 20 20 13 16 15 17 19 8 10 3 1 14 2 11 4 19 16 11 15 6 9 17 20 0 10 18 8 3 20 1 17 15 20 15 19 2 0 20 10 13 15 15 17 20 9 13 9 6 13 7 9 9 17 8 4 12 4 13 14 13 1 12 0 3 15 18 17 9 7 17 20 15 19 19 1 6 13 16 2 15 19 18 5 12 15 17 20 4 3 0 3 2 18 17 20 11 5 5 19 10 9 0 19 15 0 5 12 12 18 17 13 0 11 3 6 16 11 3 14 6 11 8 11 2 12 3 10 4 11 8 17 5 1 7 19 13 18 19 2 12 0 1 15 12 3 8 13 9 15 0 8 3 8 20 13 12 10 0 19 17 4 8 17 9 9 9 15 0 17 7 14 1 4 7 14 11 8 1 19 2 3 4 10 10 5 17 3 10 12 12 3 18 9 7 5 19 8 8 3 10 12 8 2 1 0 15 11 18 13 15 13 11 15 2 14 1 9 8 10 12 0 1 13 6 19 2 17 15 14 3 13 1 5 15 5 20 2 6 10 8 13 9 2 1 12 11 11 12 9 20 15 11 10 2 20 13 2 19 12 12 2 11 7 14 7 14 8 6 12 10 16 1 13 19 6 4 3 6 19 5 10 6 10 18 6 14 12 4
955
0 200 57 99 111 92 77 53 110 81 119 81 59 64 106 52 57 105 60 55 50 78 82 71 61 89 58 50 82 54 95 94 51 71 63 62 83 108 92 60 102 59 61 104 110 106 98 57 113 107 54 104 56 106 58 88 79 93 105 101 109 116 89 76 107 59 115 51 78 68 64 55 90 70 61 97 63 70 103 106 120 106 88 98 105 72 82 52 103 87 55 98 86 73 114 110 57 82 59 111 103 88 82 88 94 70 83 83 89 114 75 63 113 93 64 78 102 78 111 92 96 107 73 67 100 80 84 119 78 82 60 120 91 94 78 88 115 66 105 91 81 87 94 93 76 63 84 72 83 63 74 56 77 87 91 69 105 60 73 108 73 75 78 54 57 110 87 89 83 70 52 79 78 69 71 61 56 73 103 86 87 76 104 67 84 95 79 60 103 79 113 105 85 94 50 105 80 117 74 101 114 118 65 78 82 89 84 80 79 88 73 120 75 110 86 114 51 77 93 81 109 110 95 93 115 90 76 58 89 62 62 56 56 90 71 75 61 79 101 114 114 50 119 68 95 116 65 69 60 94 68 100 72 76 53 101 103 82 113 86 98 113 105 105 107 70 60 52 114 118 96 110 108 93 98 119 70 62 99 58 116 69 99 50 102 113 104 95 90 94 117 118 79 104 77 107 59 56 99 110 50 106 61 58 107 59 99 91 106 109 82 87 86 103 98 70 93 102 85 84 81 87 63 70 66 67 75 116 71 92 68 88 97 62 59 87 85 70 82 91 66 91 116 63 80 80 99 82 119 107 116 66 58 107 86 80 99 86 84 103 74 113 88 69 70 93 83 110 120 69 81 88 63 105 100 69 116 97 84 65 85 91 53 75 101 88 60 84 118 80 76 81 84 100 93 68 89 115 74 101 97 73 92 72 109 86 59 99 116 80 119 91 87 79 77 77 70 110 91 87 98 78 87 99 69 91 92 100 120 50 55 118 90 97 80 102 119 88 107 93 96 64 63 87 59 105 113 109 51 53 119 102 75 69 104 84 53 114 113 113 79 112 65 98 65 99 106 57 94 91 80 113 87 75 58 88 101 87 109 75 90 52 58 88 103 101 99 91 64 68 111 120 72 56 51 57 53 106 104 64 55 114 73 80 64 76 91 67 61 87 113 106 78 112 88 64 51 83 103 105 98 69 110 104 70 79 63 93 96 97 69 102 96 54 65 59 115 87 81 53 105 101 58 117 105 113 72 86 61 97 91 83 120 56 93 79 77 69 87 113 105 95 95 78 55 82 91 82 68 74 103 112 71 89 101 75 110 105 92 107 103 102 52 67 68 52 104 105 63 60 74 84 112 101 83 52 90 85 68 86 118 67 111 85 110 67 70 120 77 75 91 55 76 59 120 64 117 91 98 61 103 80 92 97 89 92 115 51 50 55 115 72 77 57 53 70 51 81 59 113 66 116 54 59 65 110 61 65 88 80 111 82 80 78 62 82 95 106 106 59 110 113 72 82 65 76 82 52 51 72 90 96 99 119 52 94 57 100 53 59 66 72 93 73 76 99 95 110 94 100 107 115 89 79 76 101 101 60 94 62 51 108 60 93 120 57 70 52 79 83 74 113 118 102 113 119 113 97 85 104 109 52 111 72 62 114 80 69 106 78 120 65 59 116 56 88 68 102 119 100 95 72 102 50 93 112 117 97 109 60 101 93 74 70 59 65 112 77 104 102 105 120 73 57 90 65 66 68 76 108 95 68 82 82 74 85 58 94 53 106 70 110 115 73 107 118 68 70 114 100 119 59 100 101 57 104 52 52 71 86 54 69 107 95 73 112 68 103 105 86 85 107 58 79 107 87 57 80 110 70 77 64 72 85 59 98 78 85 97 102 58 100 109 119 103 104 119 66 52 100 84 83 55 92 104 105 54 88 57 92 86 92 93 75 75 96 52 85 53 94 109 93 101 110 50 91 59 107 69 55 91 84 101 82 120 96 70 58 55 101 100 91 53 81 60 114 81 71 87 62 62 101 72 91 86 56 85 55 95 79 68 117 59 102 60 61 60 94 103 105 96 83 54 118 112 67 107 115 68 102 85 79 60 103 99 82 91 70 114 97 117 59 56 85 93 109 120 104 60 64 63 55 95 73 118 87 102 78 93 109 63 54 52 113 200
945
96 16 82 107 56 129 78 17 171 170 18 174 25 107 169 167 98 122 176 189 37 6 180 115 55 102 157 97 143 172 40 106 152 39 85 194 68 132 135 27 200 114 46 133 41 131 16 125 37 55 118 103 161 174 81 90 151 142 184 153 4 183 180 183 161 172 122 111 179 128 171 66 158 92 92 115 193 13 57 62 132 112 188 166 137 106 86 84 160 199 90 125 6 143 141 15 144 149 19 180 84 166 90 162 63 83 7 103 194 110 138 109 182 1 197 27 174 80 114 199 190 45 41 153 14 88 42 139 4 1 110 150 151 98 128 56 123 30 76 123 45 83 101 65 114 119 190 54 92 108 55 183 95 131 60 160 79 78 59 164 168 47 80 146 148 109 33 180 136 132 199 36 123 99 143 96 85 148 36 148 144 154 128 99 144 73 159 72 195 87 195 31 76 193 3 99 32 80 78 111 51 147 7 182 47 119 65 199 134 110 165 64 48 153 81 180 171 71 191 40 43 21 44 30 126 37 129 98 52 27 12 187 106 178 88 126 158 11 85 124 47 70 91 197 37 35 54 87 57 117 79 80 129 125 108 174 156 179 122 59 40 185 161 165 177 38 20 89 112 157 50 35 64 70 115 149 146 47 30 57 80 189 154 145 87 108 17 155 185 2 125 180 137 175 61 177 104 101 192 4 184 149 86 178 181 101 195 119 158 90 58 190 28 125 108 200 64 53 36 100 87 174 30 162 12 167 16 10 182 95 76 189 6 75 129 44 100 190 187 21 52 177 107 151 1 166 87 178 63 119 3 198 20 58 108 72 177 79 88 132 116 1 138 177 59 121 125 135 99 127 85 187 55 42 142 44 125 103 155 41 199 132 162 68 25 168 29 130 105 15 32 78 85 138 114 176 6 123 179 200 98 10 134 50 48 142 179 80 8 69 150 175 186 70 137 80 142 29 42 130 140 2 81 59 89 127 139 47 32 63 65 200 183 12 84 176 128 117 19 196 16 175 190 89 58 32 133 161 51 161 122 144 148 16 191 88 9 192 141 99 179 47 8 100 175 53 151 176 36 179 192 20 20 161 26 180 149 27 24 51 49 59 54 70 116 184 30 84 137 181 190 59 160 162 33 11 109 39 8 159 72 95 79 44 114 10 163 112 89 15 123 191 143 74 182 65 25 156 177 157 90 73 40 125 143 25 192 36 155 60 29 32 65 103 63 180 22 127 118 46 187 173 167 116 187 43 184 119 13 5 43 120 53 96 66 188 90 19 41 30 20 148 153 114 11 148 198 100 196 118 115 183 18 109 56 45 129 169 83 154 15 44 128 72 126 92 160 155 145 169 48 112 195 10 90 150 153 143 7 3 154 60 63 102 2 197 145 53 62 160 95 89 176 190 113 67 155 9 161 128 58 196 196 7 42 164 151 102 146 29 23 99 67 80 162 82 158 158 101 179 151 189 117 22 161 69 18 162 102 153 149 30 164 99 130 159 135 180 198 10 150 12 88 79 40 58 153 167 104 195 139 118 5 73 20 133 44 0 158 22 167 21 41 177 9 65 185 195 43 82 81 170 23 52 15 27 27 147 166 58 49 178 119 158 159 192 2 77 88 52 192 61 44 54 37 56 29 76 139 153 30 20 67 84 53 9 95 129 109 159 198 128 64 172 138 189 155 57 141 140 93 68 129 56 184 121 161 118 24 106 46 155 31 23 136 49 86 132 20 79 180 177 157 48 128 133 91 42 49 128 78 161 124 49 32 110 36 80 177 151 101 76 20 24 51 67 22 31 49 138 160 86 70 174 157 146 102 7 103 54 93 87 185 169 161 117 64 194 200 109 38 56 167 198 186 145 197 97 138 145 98 0 140 84 96 31 37 3 178 67 111 57 186 94 188 180 170 41 26 54 114 92 114 132 89 198 41 95 5 50 78 156 26 186 174 174 70 96 68 140 94 68 26 71 5 66 111 156 131 22 167 40 71 134 146 166 167 169 94 134 121 15 117 52 72 161 107 188 104 10 158 3 195 82 175 54 175 54 70 27 20 112 69 32 91 45 89 115 175 32 63 163 122 102 61 52 22 70 42 199 117 192 166 111 6 62 71 183 1 6 129 181 13 35 86 31 40 28 187 98 81 145 78 76 170
791
166 19 19 19 19 166 19 129 127 127 127 166 127 127 127 127 166 166 19 127 127 64 127 64 127 19 129 19 129 129 166 166 64 127 166 64 19 166 19 129 129 129 166 127 166 19 129 166 19 127 127 19 19 19 129 129 129 129 64 64 19 64 64 129 166 64 166 166 64 166 19 127 129 129 64 19 166 129 127 129 127 64 127 166 127 129 19 19 166 127 127 19 64 166 166 129 129 129 129 127 129 19 19 127 19 166 166 166 129 129 166 64 166 127 64 19 129 19 19 129 19 64 129 127 166 64 127 19 127 166 64 129 129 166 127 64 166 129 129 166 64 19 127 64 64 166 166 127 129 166 64 129 19 129 64 129 127 64 19 166 129 166 129 127 166 127 166 127 166 129 19 64 19 19 127 129 19 19 166 127 64 19 64 129 64 127 19 19 127 127 64 19 64 166 64 129 129 19 127 127 127 19 166 64 19 129 129 127 166 19 127 64 166 166 166 129 64 129 127 64 166 64 166 64 19 129 129 129 64 127 166 129 166 64 166 127 19 64 19 166 127 64 19 129 166 166 166 129 166 64 127 19 129 166 166 64 129 166 166 166 166 64 127 64 64 127 19 127 64 166 127 129 127 127 19 127 129 127 166 64 166 129 127 127 166 64 19 127 127 129 19 129 127 127 19 19 166 166 19 19 127 64 166 127 129 64 64 64 19 64 127 129 19 127 166 129 127 129 129 19 19 19 166 19 64 19 19 19 166 166 64 129 64 19 64 129 127 19 19 19 129 19 166 64 127 64 129 64 64 127 19 129 127 19 19 64 127 166 64 166 129 129 166 129 19 129 127 64 127 166 166 64 127 19 166 127 129 166 127 166 127 127 166 19 166 19 166 127 64 19 19 127 127 166 166 127 64 129 166 19 64 166 127 129 129 127 127 19 129 129 166 127 166 166 166 166 127 19 166 19 166 19 127 127 166 64 127 166 64 64 64 127 129 19 127 64 129 19 19 127 64 166 19 127 64 19 129 127 166 129 129 127 64 129 127 127 19 19 166 129 19 166 129 127 19 64 64 127 64 19 64 129 166 64 129 64 166 127 129 19 19 19 19 127 166 19 19 129 166 129 64 166 19 129 127 19 166 19 19 127 64 64 127 166 166 64 166 166 19 127 129 127 127 127 64 129 166 64 129 64 127 166 166 129 127 166 127 127 166 64 166 127 129 64 19 19 127 129 166 19 129 166 129 64 129 19 129 19 129 129 129 19 127 166 127 129 129 127 19 129 64 127 19 127 64 127 19 166 129 166 64 19 166 127 19 64 19 127 129 129 127 127 129 19 127 166 127 129 19 127 19 64 166 64 64 166 129 64 127 166 19 166 166 64 127 64 64 129 19 127 64 127 64 166 19 127 19 19 19 64 19 19 166 129 64 129 166 127 19 127 129 166 19 64 64 129 129 166 127 19 129 19 64 166 166 64 64 129 129 19 129 129 129 19 19 64 166 166 166 129 166 64 127 64 64 127 19 127 166 129 129 64 129 19 166 64 166 64 166 129 64 129 19 64 129 129 129 64 129 129 19 127 127 166 127 127 127 127 19 166 64 166 64 19 19 64 127 19 166 166 129 127 129 64 19 166 127 64 166 127 19 166 129 19 166 127 64 127 129 166 19 129 166 64 19 64 64 64 127 166 166 19 19 19 166 19 127 64 19 127 127 129 64 129 19 166 64 19 64 166 64 64 129 129 19 19 64 129 127 166 127 127 64 19 64 127 127 166 129 127 129 166 64 127 64 129 64 166 166 64 64
1
0
901
11 5 20 18 3 2 20 6 19 17 6 2 5 1 17 2 20 18 2 18 17 14 19 6 14 16 11 13 8 11 10 16 10 2 11 11 12 14 8 14 19 4 3 2 12 9 11 16 1 2 13 16 6 20 19 13 0 3 1 13 11 3 17 1 20 20 11 1 19 13 3 11 20 1 8 7 17 9 3 19 0 19 4 0 16 17 8 0 0 15 15 11 4 8 4 4 10 14 13 19 2 8 7 12 16 5 17 13 15 9 12 9 6 17 0 18 5 0 15 15 16 17 19 9 6 14 11 18 0 12 6 4 20 17 11 19 17 7 3 16 15 0 1 0 6 13 6 0 3 0 11 19 20 4 17 12 2 8 8 7 3 11 18 19 17 5 6 7 3 2 4 20 1 3 20 11 3 6 3 13 15 8 10 2 9 2 18 8 2 13 8 8 16 10 15 14 13 16 15 18 8 16 20 5 9 12 1 19 4 10 8 3 2 9 3 3 10 11 5 11 7 13 12 9 0 16 0 10 5 6 3 11 0 3 2 7 9 3 9 11 15 8 9 5 12 13 17 7 14 10 10 17 15 17 1 12 7 12 3 7 0 14 2 20 5 10 0 10 7 17 10 14 5 10 0 16 0 14 20 7 14 0 15 11 20 12 13 0 6 5 0 6 5 7 10 13 20 14 15 10 6 3 5 4 7 7 5 4 14 17 11 11 19 8 7 1 13 16 12 1 5 12 16 0 1 18 18 0 6 10 8 12 2 11 0 8 14 7 20 14 19 0 15 6 0 5 12 17 2 15 20 15 17 8 12 1 9 6 15 3 19 13 7 18 9 4 4 15 8 13 11 14 6 8 9 1 0 6 13 11 7 11 3 7 1 9 13 18 15 11 2 8 2 18 4 19 0 1 18 10 11 13 15 13 14 10 8 10 14 5 11 18 10 14 15 9 15 12 14 13 9 2 10 0 3 18 13 18 8 10 20 6 10 7 11 4 1 16 12 9 10 19 10 19 1 5 0 5 9 17 1 10 1 6 6 20 0 8 17 17 4 19 20 7 4 2 6 16 10 4 18 2 1 12 6 18 9 14 16 8 7 13 1 13 9 18 13 13 8 8 17 2 0 8 9 18 15 1 20 4 15 14 18 12 9 15 13 12 5 8 11 9 9 10 16 11 1 3 2 12 15 13 14 12 0 9 5 15 10 13 11 6 8 5 6 0 20 6 1 3 1 17 1 13 12 14 8 2 1 13 3 8 0 12 19 5 7 8 0 12 19 13 7 18 6 9 17 18 5 15 0 12 6 8 1 3 15 19 11 10 7 13 2 3 13 20 11 3 14 1 7 15 7 10 5 5 16 8 20 3 2 7 18 8 11 19 7 17 10 16 4 15 11 3 13 20 1 13 1 8 2 17 8 10 14 19 2 10 1 17 3 13 7 5 7 2 19 8 2 17 2 11 7 0 4 19 15 14 6 17 15 1 7 2 11 15 11 16 14 5 11 13 11 4 2 8 19 16 12 12 4 19 17 7 6 16 17 11 20 1 6 7 2 8 9 10 16 0 2 20 1 13 9 20 5 20 4 4 17 15 11 16 3 9 10 12 2 0 20 10 10 8 19 7 2 4 4 11 19 2 7 19 13 12 14 2 4 4 12 15 4 7 6 10 11 1 16 5 13 12 1 20 17 8 4 10 12 13 20 17 14 15 16 4 4 8 19 11 17 2 13 7 14 14 10 3 7 0 19 9 16 4 10 4 8 11 4 4 2 1 16 9 12 8 13 1 9 6 14 14 7 5 11 3 8 9 13 8 19 7 17 15 10 13 16 15 20 19 17 19 16 7 18 6 7 12 13 3 19 11 10 12 20 11 0 8 13 15 13 4 5 14 5 5 15 13 1 8 7 2 12 14 20 0 17 10 6 4 8 14 18 12 0 12 16 2 19 13 3 17 0 5 8 15 3 1 14 15 13 12 19 5 14 2 6 17 4 0 3 8 10 12 0 1 17 15 2 14 20 9 18 16 5 2 16 15 11 16 16 2 19
280
2 4 7 14 12 6 16 1 15 6 7 10 8 17 18 10 14 9 1 16 3 0 10 20 11 12 1 19 20 17 18 5 6 14 4 14 20 3 8 9 9 16 8 8 19 1 5 19 18 13 9 5 14 0 16 0 2 17 4 10 19 10 16 17 5 6 18 15 20 8 7 11 4 0 20 1 5 10 7 14 18 0 18 6 19 4 16 8 15 4 8 18 18 2 6 6 6 11 7 8 10 20 17 17 6 2 18 6 8 14 11 2 17 4 13 16 2 8 10 1 18 1 1 11 18 10 2 5 8 16 2 13 13 4 4 8 10 16 9 10 12 5 4 2 0 19 5 7 19 6 16 15 6 1 9 6 10 5 3 18 15 18 19 14 12 5 14 6 12 18 19 4 7 8 10 6 8 10 9 17 7 2 15 16 8 9 13 19 7 9 1 2 7 5 18 1 9 15 4 17 1 18 4 8 8 19 1 10 5 11 10 9 4 17 17 4 18 20 0 3 18 6 16 5 18 19 14 19 12 17 5 15 14 2 19 11 5 19 3 9 2 20 11 10 0 20 3 2 13 14 9 9 13 12 8 5 9 8 11 3 10 1 5 13 6 13 9 5 19 8 3 2 16 3 1 11 10 10 4 8
287
9 180 6 10 157 18 6 9 13 177 11 14 20 13 0 161 10 16 2 19 8 16 8 4 6 150 11 7 16 14 8 196 11 18 9 18 3 19 13 8 200 18 8 4 6 8 2 13 15 154 199 19 6 17 20 164 7 199 13 199 4 11 15 197 18 14 15 9 7 183 14 19 164 18 3 13 3 18 196 11 1 0 185 162 9 8 184 172 16 193 1 150 19 9 190 2 6 5 5 8 0 160 166 4 160 195 2 11 3 6 1 0 10 15 8 6 2 199 162 9 3 181 13 170 5 6 20 156 190 2 16 13 5 4 151 13 12 13 170 3 11 7 10 13 17 194 5 20 16 16 12 16 4 1 178 2 1 2 10 19 9 9 17 165 16 7 11 1 20 6 17 187 191 193 2 171 10 12 14 0 18 5 11 199 188 155 16 158 17 170 20 18 11 1 18 5 3 6 5 4 2 1 6 7 13 9 8 17 10 7 14 3 18 4 7 16 151 16 8 18 154 7 1 17 161 4 6 15 191 6 3 184 20 8 5 188 174 178 3 18 9 185 176 1 14 10 157 12 7 7 1 4 5 3 7 12 6 2 5 10 194 184 163 178 4 9 0 8 174 1 3 2 19 5 4 10 0 14 19 0 13 0 186 2 7 15 9
760
0 0 0 0 0 0 0 0 0 0 0 0 0 0 0 0 0 0 0 0 0 0 0 0 0 0 0 0 0 0 0 0 0 0 0 0 0 0 0 0 0 0 0 0 0 0 0 0 0 0 0 0 0 0 0 0 0 0 0 0 0 0 0 0 0 0 0 0 0 0 0 0 0 0 0 0 0 0 0 0 0 0 0 0 0 0 0 0 0 0 0 0 0 0 0 0 0 0 0 0 0 0 0 0 0 0 0 0 0 0 0 0 0 0 0 0 0 0 0 0 0 0 0 0 0 0 0 0 0 0 0 0 0 0 0 0 0 0 0 0 0 0 0 0 0 0 0 0 0 0 0 0 0 0 0 0 0 0 0 0 0 0 0 0 0 0 0 0 0 0 0 0 0 0 0 0 0 0 0 0 0 0 0 0 0 0 0 0 0 0 0 0 0 0 0 0 0 0 0 0 0 0 0 0 0 0 0 0 0 0 0 0 0 0 0 0 0 0 0 0 0 0 0 0 0 0 0 0 0 0 0 0 0 0 0 0 0 0 0 0 0 0 0 0 0 0 0 0 0 0 0 0 0 0 0 0 0 0 0 0 0 0 0 0 0 0 0 0 0 0 0 0 0 0 0 0 0 0 0 0 0 0 0 0 0 0 0 0 0 0 0 0 0 0 0 0 0 0 0 0 0 0 0 0 0 0 0 0 0 0 0 0 0 0 0 0 0 0 0 0 0 0 0 0 0 0 0 0 0 0 0 0 0 0 0 0 0 0 0 0 0 0 0 0 0 0 0 0 0 0 0 0 0 0 0 0 0 0 0 0 0 0 0 0 0 0 0 0 0 0 0 0 0 0 0 0 0 0 0 0 0 0 0 0 0 0 0 0 0 0 0 0 0 0 0 0 0 0 0 0 0 0 0 0 0 0 0 0 0 0 0 0 0 0 0 0 0 0 0 0 0 0 0 0 0 0 0 0 0 0 0 0 0 0 0 0 0 0 0 0 0 0 0 0 0 0 0 0 0 0 0 0 0 0 0 0 0 0 0 0 0 0 0 0 0 0 0 0 0 0 0 0 0 0 0 0 0 0 0 0 0 0 0 0 0 0 0 0 0 0 0 0 0 0 0 0 0 0 0 0 0 0 0 0 0 0 0 0 0 0 0 0 0 0 0 0 0 0 0 0 0 0 0 0 0 0 0 0 0 0 0 0 0 0 0 0 0 0 0 0 0 0 0 0 0 0 0 0 0 0 0 0 0 0 0 0 0 0 0 0 0 0 0 0 0 0 0 0 0 0 0 0 0 0 0 0 0 0 0 0 0 0 0 0 0 0 0 0 0 0 0 0 0 0 0 0 0 0 0 0 0 0 0 0 0 0 0 0 0 0 0 0 0 0 0 0 0 0 0 0 0 0 0 0 0 0 0 0 0 0 0 0 0 0 0 0 0 0 0 0 0 0 0 0 0 0 0 0 0 0 0 0 0 0 0 0 0 0 0 0 0 0 0 0 0 0 0 0 0 0 0 0 0 0 0 0 0 0 0 0 0 0 0 0 0 0 0 0 0 0 0 0 0 0 0 0 0 0 0 0 0 0 0 0 0 0 0 0 0 0 0 0 0 0 0 0 0 0 0 0 0 0 0 0 0 0 0 0 0 0 0 0 0 0 0 0 0 0 0 0 0 0 0 0 0 0 0 0 0 0 0 0 0 0 0 0 0 0 0 0
947
200 200 200 200 200 200 200 200 200 200 200 200 200 200 200 200 200 200 200 200 200 200 200 200 200 200 200 200 200 200 200 200 200 200 200 200 200 200 200 200 200 200 200 200 200 200 200 200 200 200 200 200 200 200 200 200 200 200 200 200 200 200 200 200 200 200 200 200 200 200 200 200 200 200 200 200 200 200 200 200 200 200 200 200 200 200 200 200 200 200 200 200 200 200 200 200 200 200 200 200 200 200 200 200 200 200 200 200 200 200 200 200 200 200 200 200 200 200 200 200 200 200 200 200 200 200 200 200 200 200 200 200 200 200 200 200 200 200 200 200 200 200 200 200 200 200 200 200 200 200 200 200 200 200 200 200 200 200 200 200 200 200 200 200 200 200 200 200 200 200 200 200 200 200 200 200 200 200 200 200 200 200 200 200 200 200 200 200 200 200 200 200 200 200 200 200 200 200 200 200 200 200 200 200 200 200 200 200 200 200 200 200 200 200 200 200 200 200 200 200 200 200 200 200 200 200 200 200 200 200 200 200 200 200 200 200 200 200 200 200 200 200 200 200 200 200 200 200 200 200 200 200 200 200 200 200 200 200 200 200 200 200 200 200 200 200 200 200 200 200 200 200 200 200 200 200 200 200 200 200 200 200 200 200 200 200 200 200 200 200 200 200 200 200 200 200 200 200 200 200 200 200 200 200 200 200 200 200 200 200 200 200 200 200 200 200 200 200 200 200 200 200 200 200 200 200 200 200 200 200 200 200 200 200 200 200 200 200 200 200 200 200 200 200 200 200 200 200 200 200 200 200 200 200 200 200 200 200 200 200 200 200 200 200 200 200 200 200 200 200 200 200 200 200 200 200 200 200 200 200 200 200 200 200 200 200 200 200 200 200 200 200 200 200 200 200 200 200 200 200 200 200 200 200 200 200 200 200 200 200 200 200 200 200 200 200 200 200 200 200 200 200 200 200 200 200 200 200 200 200 200 200 200 200 200 200 200 200 200 200 200 200 200 200 200 200 200 200 200 200 200 200 200 200 200 200 200 200 200 200 200 200 200 200 200 200 200 200 200 200 200 200 200 200 200 200 200 200 200 200 200 200 200 200 200 200 200 200 200 200 200 200 200 200 200 200 200 200 200 200 200 200 200 200 200 200 200 200 200 200 200 200 200 200 200 200 200 200 200 200 200 200 200 200 200 200 200 200 200 200 200 200 200 200 200 200 200 200 200 200 200 200 200 200 200 200 200 200 200 200 200 200 200 200 200 200 200 200 200 200 200 200 200 200 200 200 200 200 200 200 200 200 200 200 200 200 200 200 200 200 200 200 200 200 200 200 200 200 200 200 200 200 200 200 200 200 200 200 200 200 200 200 200 200 200 200 200 200 200 200 200 200 200 200 200 200 200 200 200 200 200 200 200 200 200 200 200 200 200 200 200 200 200 200 200 200 200 200 200 200 200 200 200 200 200 200 200 200 200 200 200 200 200 200 200 200 200 200 200 200 200 200 200 200 200 200 200 200 200 200 200 200 200 200 200 200 200 200 200 200 200 200 200 200 200 200 200 200 200 200 200 200 200 200 200 200 200 200 200 200 200 200 200 200 200 200 200 200 200 200 200 200 200 200 200 200 200 200 200 200 200 200 200 200 200 200 200 200 200 200 200 200 200 200 200 200 200 200 200 200 200 200 200 200 200 200 200 200 200 200 200 200 200 200 200 200 200 200 200 200 200 200 200 200 200 200 200 200 200 200 200 200 200 200 200 200 200 200 200 200 200 200 200 200 200 200 200 200 200 200 200 200 200 200 200 200 200 200 200 200 200 200 200 200 200 200 200 200 200 200 200 200 200 200 200 200 200 200 200 200 200 200 200 200 200 200 200 200 200 200 200 200 200 200 200 200 200 200 200 200 200 200 200 200 200 200 200 200 200 200 200 200 200 200 200 200 200 200 200 200 200 200 200 200 200 200 200 200 200 200 200 200 200 200 200 200 200 200 200 200 200 200 200 200 200 200 200 200 200 200 200 200 200 200 200 200 200 200 200 200 200 200 200 200 200 200 200 200 200 200 200 200 200 200 200 200 200 200 200 200 200 200 200 200 200 200 200 200 200 200 200 200 200 200 200 200 200 200 200 200 200 200 200 200 200 200 200
1
0
166
0 0 0 0 0 0 0 0 0 0 0 0 0 0 0 0 0 0 0 0 0 0 0 0 0 0 0 0 0 0 0 0 0 0 0 0 0 0 0 0 0 0 0 0 0 0 0 0 0 0 0 0 0 0 0 0 0 0 0 0 0 0 0 0 0 0 0 0 0 0 0 0 0 0 0 0 0 0 0 0 0 0 0 0 0 0 0 0 0 0 0 0 0 0 0 0 0 0 0 0 0 0 0 0 0 0 0 0 0 0 0 0 0 0 0 0 0 0 0 0 0 0 0 0 0 0 0 0 0 0 0 0 0 0 0 0 0 0 0 0 0 0 0 0 0 0 0 0 0 0 0 0 0 0 0 0 0 0 0 0 0 0 0 0 0 0
80
13 4 6 12 8 4 3 7 0 18 14 13 5 20 9 12 4 13 1 18 2 13 0 6 4 14 20 2 5 8 17 1 9 16 13 3 12 13 20 14 1 1 6 14 8 2 17 9 16 19 1 19 15 3 0 13 20 11 1 16 8 19 0 13 17 13 15 5 4 0 13 3 20 14 10 4 10 18 15 1
843
0 200 115 63 105 111 80 94 53 61 74 55 57 53 96 66 112 106 70 119 100 106 84 56 67 78 106 97 95 68 66 102 89 91 75 60 69 120 118 53 113 120 79 86 65 50 96 52 77 114 98 110 75 74 79 106 103 67 69 71 67 64 84 54 101 86 108 53 111 91 54 81 117 115 85 83 86 53 109 68 86 103 79 57 81 51 97 66 59 107 103 119 50 113 62 81 75 63 114 97 115 71 84 72 103 80 75 94 99 95 65 56 88 61 95 54 96 72 66 98 78 63 75 92 103 101 88 108 60 93 85 96 102 120 73 55 104 97 113 91 56 84 57 95 50 86 85 111 119 113 92 53 73 52 118 111 93 66 87 111 99 76 50 67 74 69 108 66 72 105 60 102 74 82 110 110 81 96 119 95 65 79 58 98 108 85 74 108 67 72 52 84 62 84 54 67 68 72 111 104 112 73 79 73 67 86 88 109 62 102 92 120 77 97 63 89 84 56 79 106 97 72 68 92 75 86 107 54 67 107 89 58 56 111 54 98 69 112 78 83 92 71 112 65 75 74 67 103 85 87 109 98 78 91 105 85 102 107 119 86 57 97 73 87 77 91 57 79 119 111 99 108 87 66 57 74 115 87 62 65 87 105 70 112 111 73 50 88 85 119 98 92 57 78 61 76 116 103 109 92 111 76 113 118 118 86 92 50 102 95 99 84 53 63 63 67 54 59 103 68 63 93 72 91 91 55 83 72 83 52 59 89 117 53 110 57 82 113 66 74 60 78 55 92 92 98 119 71 105 63 52 92 57 90 93 78 101 113 101 91 97 68 73 83 109 105 108 52 119 110 112 80 82 93 70 99 89 111 65 65 98 74 105 61 80 94 99 66 106 82 56 69 85 110 58 111 85 76 93 54 89 81 116 67 120 79 104 51 76 86 76 76 61 117 51 84 79 52 63 53 66 80 94 115 71 107 117 63 67 85 105 109 111 65 115 67 116 112 85 71 68 110 98 99 74 109 63 107 59 92 119 53 60 54 113 68 67 87 92 118 84 61 63 100 106 96 104 62 80 63 105 118 83 110 63 83 119 61 103 98 116 73 79 61 107 76 108 111 61 110 91 80 70 108 79 83 95 99 98 119 68 60 110 81 88 75 64 82 91 106 103 97 101 70 111 54 54 65 50 114 107 84 117 81 83 88 85 78 90 102 86 117 63 88 86 88 105 55 70 63 100 57 67 58 117 75 112 89 97 94 93 83 78 62 95 82 76 77 81 65 120 67 73 99 95 85 58 65 92 116 99 95 85 51 81 92 110 109 94 112 111 84 110 107 70 108 52 102 119 117 119 110 78 96 111 65 118 93 94 61 106 66 99 76 94 79 100 54 113 64 104 81 97 76 87 97 58 96 77 93 106 86 98 83 105 104 89 90 108 83 111 95 110 73 88 68 107 72 51 75 57 55 120 120 67 91 61 82 70 55 82 71 89 75 81 73 54 70 82 70 68 72 101 103 86 115 100 82 58 57 55 60 50 95 61 99 98 94 113 55 51 58 79 76 55 83 101 113 88 120 83 81 84 78 109 112 79 105 104 113 59 114 65 62 72 80 89 120 51 62 85 116 100 59 61 77 91 103 81 94 50 108 57 120 53 79 58 68 100 92 92 84 117 93 101 56 117 59 104 85 79 113 87 120 50 83 80 113 65 114 67 65 89 72 100 81 76 53 54 58 87 117 59 70 74 106 75 58 105 54 109 76 69 96 103 50 63 105 84 104 81 71 103 104 79 106 55 66 52 115 98 93 76 104 109 61 105 51 85 91 97 76 51 105 100 114 53 115 86 102 109 107 119 55 59 119 108 51 84 72 96 67 88 106 71 61 61 82 67 95 65 52 96 107 92 97 75 92 58 119 84 112 200
30
2 11 19 1 19 184 17 2 17 5 4 12 17 2 19 156 16 11 1 16 16 16 177 4 4 4 18 4 5 0
802
17 14 193 179 193 156 195 19 10 16 3 4 9 1 7 19 8 19 7 10 2 188 186 5 7 14 6 15 8 12 18 12 4 17 9 9 5 8 8 11 8 6 18 153 15 10 176 17 2 17 164 18 194 7 166 6 18 163 5 187 9 156 18 3 9 5 11 8 12 11 16 19 0 18 160 13 197 17 177 188 179 5 3 13 14 4 13 194 3 171 18 15 18 193 11 1 13 7 5 20 4 172 19 1 17 8 6 17 15 16 7 158 8 14 16 10 18 189 173 184 18 19 18 20 19 167 5 7 20 9 11 17 19 180 16 1 11 5 19 1 154 9 16 11 11 18 15 8 156 20 188 10 159 11 1 2 5 158 7 17 8 10 13 17 184 184 16 6 0 168 187 8 19 176 6 177 150 1 14 15 188 10 194 3 12 2 0 14 17 12 12 17 3 16 11 19 10 160 4 15 16 196 11 0 3 6 14 16 10 19 3 7 2 1 7 8 12 8 17 13 197 158 18 10 13 17 2 18 10 18 10 2 10 161 3 10 11 12 1 7 18 10 18 8 19 180 20 176 158 158 20 9 10 8 7 152 5 6 170 4 18 4 12 16 200 200 15 178 4 16 11 15 17 3 0 4 18 179 184 0 14 2 157 11 9 179 14 16 174 18 183 14 18 167 9 9 17 3 11 0 10 3 15 16 6 159 9 4 152 16 170 8 10 11 189 2 200 0 173 8 14 8 17 5 192 171 154 164 13 9 9 180 12 12 8 19 0 181 190 181 197 20 10 12 174 17 3 10 20 1 5 17 8 5 183 16 1 165 1 7 15 15 17 0 17 4 164 8 1 12 18 172 4 16 6 152 17 2 8 12 1 3 16 17 3 15 9 1 14 14 17 3 178 172 152 17 9 183 152 12 19 2 3 14 4 14 197 16 15 20 19 185 9 162 182 7 151 15 11 0 0 11 2 13 17 20 8 17 18 19 19 4 14 17 9 152 175 19 181 190 199 17 7 18 16 9 19 193 190 170 18 10 9 175 8 20 16 14 158 19 16 189 11 163 14 176 1 5 14 9 8 18 176 8 11 176 20 11 3 7 8 9 151 11 18 2 1 165 7 7 12 10 17 10 3 19 18 18 5 188 3 11 9 6 16 1 6 1 4 0 3 161 180 9 7 7 16 7 2 19 200 177 11 165 17 19 187 14 12 185 17 13 5 189 13 18 163 11 13 9 3 9 191 15 6 192 14 3 13 15 163 152 0 16 184 3 20 155 156 2 17 14 20 15 14 14 7 165 18 10 189 2 17 4 8 19 12 15 20 13 6 19 3 187 8 8 11 10 1 2 0 15 12 19 196 17 4 8 9 152 3 1 11 17 1 14 0 18 8 15 12 180 2 18 1 8 15 15 2 152 17 16 20 5 16 18 7 189 12 9 9 5 190 15 4 195 20 20 3 18 19 8 16 3 17 9 8 15 5 2 8 159 18 15 1 169 20 10 13 180 6 8 11 14 14 3 19 16 1 12 18 16 186 17 20 9 3 192 6 3 196 162 184 7 185 13 9 15 5 17 157 18 167 2 3 18 1 16 20 19 13 10 175 20 173 15 193 190 7 5 17 17 9 9 3 166 151 8 2 2 12 13 19 7 179 12 19 20 182 9 1 15 11 2 14 13 16 7 8 10 3 18 12 167 2 10 15 1 12 2 16 196 13 14 153 190 8 11 18 4 3 18 15 194 6 8 184 2 14 171 195 4 11 156 173 12 16 8 166 14 5 10 158 157 18 1 11 1 166 19 14 9 5 176 7 6 20 0 1 19 151 0
203
11 195 3 2 17 18 190 1 8 1 8 189 151 1 16 6 8 162 6 14 177 8 18 13 19 156 8 11 11 20 2 192 1 8 6 6 11 8 9 9 3 11 11 15 20 0 10 12 6 1 9 183 7 193 2 13 3 8 12 11 8 12 193 3 159 14 15 178 11 161 164 14 19 4 183 10 0 9 159 9 17 15 6 165 6 2 14 5 14 7 12 2 12 185 2 18 15 16 13 153 15 8 10 5 18 161 7 4 3 166 12 16 14 171 5 5 15 1 1 16 164 4 5 3 164 185 9 9 2 8 2 8 14 13 4 3 15 18 12 9 188 156 0 1 0 18 18 189 20 199 7 5 13 161 188 6 16 7 3 194 1 2 20 20 2 179 183 2 164 18 11 17 0 5 3 7 5 19 18 16 3 9 20 172 20 4 15 10 7 0 3 0 8 16 17 6 185 10 17 191 3 185 17
915
20 154 10 4 162 1 5 7 184 158 18 195 163 2 9 13 171 196 6 150 0 9 11 194 0 0 19 1 9 0 11 14 20 2 178 10 9 12 168 1 5 11 185 1 20 7 11 181 175 152 13 9 5 7 15 11 8 200 11 1 176 19 197 10 20 0 158 172 159 186 15 0 18 14 19 14 152 163 5 5 7 8 3 5 173 183 18 14 4 14 12 8 7 7 8 6 14 1 1 8 1 18 16 193 20 7 4 17 17 17 0 16 20 6 183 19 9 18 8 14 14 197 6 11 11 17 9 20 2 0 6 19 3 0 6 20 14 191 180 15 5 17 17 0 7 12 8 16 193 196 9 7 8 8 8 7 163 9 3 154 19 12 3 159 8 178 159 3 18 167 13 6 7 7 19 8 2 11 3 19 18 2 9 1 13 20 19 13 9 6 3 18 0 183 8 19 8 20 6 17 3 8 180 150 20 3 0 192 15 16 171 11 164 0 14 3 12 13 4 20 17 18 158 178 15 15 12 11 19 0 12 180 13 18 10 19 13 20 7 14 9 7 14 192 1 196 10 4 18 2 20 11 186 2 8 18 8 200 4 16 5 9 6 9 15 10 8 190 4 14 11 4 156 1 0 17 15 16 187 10 10 12 14 1 6 1 7 0 150 178 12 13 15 14 19 4 18 1 20 19 19 190 153 20 3 6 20 1 6 18 12 171 7 3 187 3 3 196 10 180 1 17 4 12 152 18 165 180 11 11 19 11 11 2 163 6 5 16 3 4 20 2 2 16 18 0 154 187 0 12 1 1 168 2 20 15 162 8 186 9 16 7 3 6 175 3 5 1 18 7 7 4 3 15 8 160 14 18 11 11 160 186 16 175 0 8 8 15 7 1 12 198 189 10 0 20 156 19 11 3 186 11 4 16 170 2 14 0 1 14 12 171 162 199 13 19 15 13 11 14 19 6 153 20 180 10 2 11 5 155 165 16 2 2 18 17 19 0 19 2 6 16 8 164 6 20 16 1 20 12 177 6 13 3 15 0 7 13 3 18 20 18 3 3 194 3 1 2 191 16 18 19 13 10 162 13 13 1 5 7 8 163 19 1 174 19 19 20 9 13 18 189 2 1 5 14 18 3 11 11 0 12 9 0 20 14 20 9 185 1 9 2 0 13 3 185 14 7 15 4 11 5 1 9 16 1 19 11 4 7 5 9 189 8 11 170 9 2 17 14 3 9 17 1 18 177 1 6 1 18 1 10 19 3 9 18 11 186 9 8 9 3 16 14 9 9 15 13 4 4 6 19 8 4 6 6 19 17 193 154 156 13 8 4 18 9 8 180 15 3 13 17 11 13 184 3 9 18 10 11 4 15 4 8 19 1 3 9 171 174 9 11 5 20 159 11 13 19 8 16 5 1 10 170 19 5 7 0 1 4 18 18 18 11 10 1 12 10 1 1 13 192 19 152 10 19 13 182 6 7 20 10 19 1 167 2 2 18 3 6 15 20 5 189 4 2 8 11 15 17 175 2 5 170 1 1 177 5 10 167 191 12 5 5 0 2 8 150 15 13 188 3 184 15 18 17 188 1 7 19 19 9 7 20 8 7 176 4 181 18 4 189 17 13 4 1 11 1 2 14 3 167 2 6 16 2 191 7 17 14 1 3 152 1 4 20 12 13 3 9 10 16 17 15 19 15 194 19 12 0 198 18 4 3 8 168 15 7 2 9 191 20 19 18 11 188 12 19 153 10 179 187 180 167 1 13 1 164 0 13 0 19 1 10 0 12 10 17 12 19 16 2 15 10 11 13 11 157 173 16 17 20 12 181 17 6 7 175 8 160 12 167 2 14 19 4 8 8 19 13 195 19 2 14 0 155 1 1 4 12 156 13 6 2 186 20 12 18 163 0 18 3 16 15 178 16 1 3 7 13 162 164 13 4 20 10 14 8 3 10 7 3 169 5 8 14 189 19 175 14 18 173 4 18 9 18 173 152 7 12 7 0 181 8 18 16 19 196 18 9 167 188 3 15 13 18 172 12 9 0 7 17 19 169 19 10 8 193 3 15 15 19 3 0 194
582
200 200 200 200 200 200 200 200 200 200 200 200 200 200 200 200 200 200 200 200 200 200 200 200 200 200 200 200 200 200 200 200 200 200 200 200 200 200 200 200 200 200 200 200 200 200 200 200 200 200 200 200 200 200 200 200 200 200 200 200 200 200 200 200 200 200 200 200 200 200 200 200 200 200 200 200 200 200 200 200 200 200 200 200 200 200 200 200 200 200 200 200 200 200 200 200 200 200 200 200 200 200 200 200 200 200 200 200 200 200 200 200 200 200 200 200 200 200 200 200 200 200 200 200 200 200 200 200 200 200 200 200 200 200 200 200 200 200 200 200 200 200 200 200 200 200 200 200 200 200 200 200 200 200 200 200 200 200 200 200 200 200 200 200 200 200 200 200 200 200 200 200 200 200 200 200 200 200 200 200 200 200 200 200 200 200 200 200 200 200 200 200 200 200 200 200 200 200 200 200 200 200 200 200 200 200 200 200 200 200 200 200 200 200 200 200 200 200 200 200 200 200 200 200 200 200 200 200 200 200 200 200 200 200 200 200 200 200 200 200 200 200 200 200 200 200 200 200 200 200 200 200 200 200 200 200 200 200 200 200 200 200 200 200 200 200 200 200 200 200 200 200 200 200 200 200 200 200 200 200 200 200 200 200 200 200 200 200 200 200 200 200 200 200 200 200 200 200 200 200 200 200 200 200 200 200 200 200 200 200 200 200 200 200 200 200 200 200 200 200 200 200 200 200 200 200 200 200 200 200 200 200 200 200 200 200 200 200 200 200 200 200 200 200 200 200 200 200 200 200 200 200 200 200 200 200 200 200 200 200 200 200 200 200 200 200 200 200 200 200 200 200 200 200 200 200 200 200 200 200 200 200 200 200 200 200 200 200 200 200 200 200 200 200 200 200 200 200 200 200 200 200 200 200 200 200 200 200 200 200 200 200 200 200 200 200 200 200 200 200 200 200 200 200 200 200 200 200 200 200 200 200 200 200 200 200 200 200 200 200 200 200 200 200 200 200 200 200 200 200 200 200 200 200 200 200 200 200 200 200 200 200 200 200 200 200 200 200 200 200 200 200 200 200 200 200 200 200 200 200 200 200 200 200 200 200 200 200 200 200 200 200 200 200 200 200 200 200 200 200 200 200 200 200 200 200 200 200 200 200 200 200 200 200 200 200 200 200 200 200 200 200 200 200 200 200 200 200 200 200 200 200 200 200 200 200 200 200 200 200 200 200 200 200 200 200 200 200 200 200 200 200 200 200 200 200 200 200 200 200 200 200 200 200 200 200 200 200 200 200 200 200 200 200 200 200 200 200 200 200 200 200
787
15 14 10 15 158 3 5 185 168 3 12 19 19 180 7 8 8 20 11 16 16 7 12 3 1 171 4 5 3 11 178 10 8 6 14 9 4 174 0 150 18 5 5 11 5 19 20 176 10 7 12 0 8 5 154 2 4 159 0 13 187 20 12 20 3 8 10 15 1 5 9 8 13 6 10 3 8 10 7 0 189 16 13 8 170 6 166 16 19 2 15 180 198 11 189 18 151 19 20 192 157 1 8 11 4 19 0 15 3 7 1 12 15 181 195 5 6 17 13 10 9 10 8 8 18 1 3 5 7 4 18 6 12 16 177 16 161 170 6 194 8 20 10 1 1 6 4 1 6 164 5 20 4 14 19 8 17 194 12 10 196 18 9 5 10 11 20 18 15 185 1 164 167 0 15 191 14 15 6 8 6 18 15 9 10 19 5 20 10 20 0 2 15 6 7 169 8 4 3 15 12 187 3 180 8 13 170 10 4 12 17 16 185 160 189 6 164 200 0 12 9 155 11 14 15 18 16 18 5 163 9 173 19 2 7 183 9 17 1 19 16 17 1 16 17 3 150 1 11 17 6 17 18 8 177 16 176 8 196 193 20 5 18 4 1 1 17 179 150 11 19 7 4 3 20 10 10 15 15 19 12 19 15 14 18 162 17 199 168 8 12 17 2 10 1 2 162 185 9 4 19 12 186 17 14 182 19 194 3 20 11 0 8 5 7 17 2 1 20 13 13 17 9 153 6 172 8 12 20 13 12 2 197 164 7 4 0 19 152 2 7 165 1 6 8 10 1 3 3 16 170 8 15 17 15 11 157 15 8 170 5 3 158 15 3 17 15 179 194 11 6 9 9 19 9 9 12 11 3 1 9 6 10 4 19 4 17 7 11 13 14 12 6 3 3 1 2 9 2 19 17 11 190 10 170 12 6 11 0 160 168 0 20 187 2 10 178 197 11 17 13 0 18 4 6 6 12 2 17 9 9 10 10 11 17 16 189 7 11 1 9 18 17 1 8 168 10 184 19 19 152 152 6 20 11 12 13 9 157 169 18 8 1 11 2 10 8 179 10 5 6 0 9 20 2 4 4 188 8 13 16 10 16 10 2 18 19 17 3 150 1 179 175 9 165 0 19 3 18 169 9 9 20 19 20 18 165 17 188 15 15 19 13 169 1 0 19 20 20 2 10 8 9 156 16 1 20 12 5 180 6 195 20 14 150 18 3 20 176 183 8 158 14 19 13 11 20 5 2 2 8 20 5 5 12 17 20 179 0 9 169 9 13 4 14 9 5 5 12 6 3 4 14 187 170 8 159 161 1 14 6 5 5 180 18 19 6 19 2 12 4 20 0 13 20 176 172 151 177 1 11 179 2 196 16 20 199 13 14 3 0 10 13 174 6 17 162 16 3 9 2 19 5 10 10 163 9 10 6 2 175 17 5 16 15 17 172 20 5 6 11 11 6 174 168 13 14 1 3 19 175 6 4 20 193 16 15 18 172 10 14 7 17 11 11 10 14 6 1 5 13 4 15 1 194 0 169 4 5 18 18 6 1 14 19 3 3 6 200 12 3 5 7 4 6 13 15 18 11 12 3 187 187 15 16 2 0 199 167 151 189 16 13 9 176 172 177 18 11 155 6 20 20 9 2 4 9 17 12 11 1 9 17 1 187 7 10 5 7 17 15 13 4 16 167 12 19 17 19 7 11 11 9 9 187 5 18 160 11 9 20 15 163 15 8 2 3 2 17 5 4 0 9 12 18 5 11 8 20 180 11 4 167 3 167 17 8
329
6 16 16 14 4 3 8 0 9 18 9 18 16 15 8 13 0 7 12 17 2 10 4 18 1 18 2 6 16 2 7 7 19 14 10 2 19 12 17 14 15 1 5 16 2 14 10 9 3 4 15 13 18 8 14 4 14 7 18 13 6 11 10 14 20 0 18 1 17 18 5 0 18 16 6 19 3 0 10 20 10 10 12 18 2 18 4 3 2 20 11 13 8 0 11 12 11 2 9 1 12 16 1 18 14 12 0 11 13 2 12 14 3 16 14 19 17 16 12 15 10 16 5 19 19 12 20 18 4 4 10 3 16 2 17 5 12 18 13 1 5 16 16 9 9 6 6 10 0 20 11 15 14 19 0 8 14 18 0 0 3 13 17 2 8 2 8 9 8 11 0 17 18 16 17 9 11 3 0 0 2 18 17 12 4 0 6 9 11 10 11 19 2 14 20 10 10 6 17 9 0 19 6 15 15 19 8 10 9 3 15 0 16 15 17 18 18 7 3 15 16 1 1 17 16 8 14 12 12 8 10 15 1 10 9 14 16 14 12 11 0 17 8 8 6 19 13 4 20 17 10 15 0 4 4 6 0 19 18 0 4 1 5 16 14 15 10 16 6 12 6 18 8 13 2 19 13 14 13 14 8 0 7 2 13 18 7 17 10 10 5 3 19 10 14 5 9 0 3 17 9 12 15 16 15 20 8 17 2 15 10 3 16 17 9 7 4 16 3 9 15 6 13 3 16 11 18 15 14
841
45 26 198 50 178 45 178 178 50 45 198 45 26 45 45 45 178 58 45 178 26 178 178 198 45 58 26 58 26 198 178 198 50 58 26 58 26 178 58 26 198 26 50 26 45 178 50 50 26 198 58 26 26 198 45 198 178 45 50 50 45 58 58 50 45 178 58 58 198 198 198 45 45 50 50 58 26 50 26 178 45 26 45 198 178 45 178 50 26 58 50 45 178 198 50 50 58 26 178 45 198 178 198 26 178 178 178 58 178 45 26 58 198 198 198 45 198 198 45 58 50 45 198 178 26 50 58 26 45 50 45 198 50 45 50 45 26 50 45 50 50 50 178 50 26 50 198 58 58 198 50 50 50 26 198 58 26 198 58 178 45 50 178 198 58 26 45 45 178 178 178 178 58 198 50 45 178 178 58 198 58 58 198 50 50 50 178 26 178 26 58 45 58 58 50 198 198 26 58 58 26 45 26 26 178 26 45 198 50 45 45 45 45 178 198 178 58 50 45 178 26 26 50 50 178 198 45 45 58 198 58 26 50 198 45 50 58 198 50 58 198 50 198 50 45 58 26 45 198 45 58 50 178 50 26 198 198 45 58 26 198 198 58 198 45 50 50 45 58 178 50 178 178 178 45 26 178 50 26 45 45 198 50 178 45 50 50 178 45 26 26 45 50 198 198 58 58 50 50 26 45 58 58 50 58 50 178 50 198 45 198 45 45 50 198 198 58 45 50 26 58 50 50 198 178 26 58 26 198 198 178 198 45 26 45 58 198 58 50 50 198 50 178 58 178 26 50 26 178 50 178 50 26 58 198 45 58 26 45 50 198 198 50 26 26 45 45 58 26 26 58 58 50 198 178 58 50 58 178 58 45 58 26 198 198 58 26 26 50 178 178 58 58 45 178 198 50 198 26 178 50 198 58 50 198 178 50 178 198 178 178 50 178 50 45 50 26 178 198 58 26 26 50 58 178 198 178 178 178 58 45 26 198 198 198 178 26 26 26 50 50 45 58 178 58 50 45 26 45 45 198 50 178 26 178 50 45 26 58 45 26 26 45 50 45 58 178 178 50 26 198 50 26 50 26 50 178 58 26 178 58 58 178 178 26 58 198 50 45 178 198 50 198 50 45 178 26 50 50 50 45 58 26 198 50 178 45 45 178 26 198 178 50 50 45 50 50 26 198 198 58 50 45 178 198 50 26 198 50 178 58 26 45 178 58 198 45 198 178 178 50 26 178 50 58 50 26 50 45 198 58 45 45 198 178 26 45 45 198 50 50 178 45 50 58 26 178 178 26 198 45 198 198 45 178 50 198 198 58 178 45 45 198 58 45 178 45 178 50 198 198 45 178 50 50 50 45 58 45 198 26 178 50 50 58 58 178 45 45 58 58 45 178 178 26 58 26 26 58 58 58 50 50 26 58 26 198 198 26 198 58 58 45 58 45 58 45 198 178 198 45 198 50 58 198 50 178 178 178 45 58 45 178 50 198 58 50 45 50 50 178 50 58 50 50 178 58 26 178 50 178 45 50 178 198 178 45 58 198 178 50 178 26 198 178 45 26 198 45 58 45 50 58 198 58 50 45 26 178 50 26 26 198 45 178 58 26 198 26 26 45 26 198 26 198 198 178 26 45 198 26 45 50 198 50 178 50 58 58 26 45 198 50 45 58 45 26 26 178 198 58 50 58 178 198 178 198 26 50 45 45 26 178 50 178 198 198 50 26 45 198 198 178 198 198 58 45 198 45 58 26 178 198 50 45 50 45 178 50 26 26 58 26 178 58 45 198 58 45 26 178 45 58 178 50 178 58 178 58 58 58 26 45 178 58 50 50 26 178 178 26 45 58 198 45 198 198 178 50 58 58 26 178 26 50 198 50 58 45 198 50 198 178 50 45 50 50 58 178 26 198
454
200 200 200 200 200 200 200 200 200 200 200 200 200 200 200 200 200 200 200 200 200 200 200 200 200 200 200 200 200 200 200 200 200 200 200 200 200 200 200 200 200 200 200 200 200 200 200 200 200 200 200 200 200 200 200 200 200 200 200 200 200 200 200 200 200 200 200 200 200 200 200 200 200 200 200 200 200 200 200 200 200 200 200 200 200 200 200 200 200 200 200 200 200 200 200 200 200 200 200 200 200 200 200 200 200 200 200 200 200 200 200 200 200 200 200 200 200 200 200 200 200 200 200 200 200 200 200 200 200 200 200 200 200 200 200 200 200 200 200 200 200 200 200 200 200 200 200 200 200 200 200 200 200 200 200 200 200 200 200 200 200 200 200 200 200 200 200 200 200 200 200 200 200 200 200 200 200 200 200 200 200 200 200 200 200 200 200 200 200 200 200 200 200 200 200 200 200 200 200 200 200 200 200 200 200 200 200 200 200 200 200 200 200 200 200 200 200 200 200 200 200 200 200 200 200 200 200 200 200 200 200 200 200 200 200 200 200 200 200 200 200 200 200 200 200 200 200 200 200 200 200 200 200 200 200 200 200 200 200 200 200 200 200 200 200 200 200 200 200 200 200 200 200 200 200 200 200 200 200 200 200 200 200 200 200 200 200 200 200 200 200 200 200 200 200 200 200 200 200 200 200 200 200 200 200 200 200 200 200 200 200 200 200 200 200 200 200 200 200 200 200 200 200 200 200 200 200 200 200 200 200 200 200 200 200 200 200 200 200 200 200 200 200 200 200 200 200 200 200 200 200 200 200 200 200 200 200 200 200 200 200 200 200 200 200 200 200 200 200 200 200 200 200 200 200 200 200 200 200 200 200 200 200 200 200 200 200 200 200 200 200 200 200 200 200 200 200 200 200 200 200 200 200 200 200 200 200 200 200 200 200 200 200 200 200 200 200 200 200 200 200 200 200 200 200 200 200 200 200 200 200 200 200 200 200 200 200 200 200 200 200 200 200 200 200 200 200 200 200 200 200 200 200 200
878
12 3 6 5 17 3 15 14 19 4 6 20 1 11 20 7 17 5 13 14 16 0 20 15 19 10 18 2 10 17 4 9 6 18 20 10 13 12 17 20 1 17 20 13 17 8 20 13 0 18 0 7 10 6 5 15 12 16 8 19 6 5 4 3 15 16 6 11 0 6 17 18 14 14 10 5 16 5 20 8 4 9 10 18 7 17 6 19 10 5 16 2 7 17 10 15 2 19 9 20 4 9 18 9 3 13 6 19 6 10 8 15 10 1 4 1 20 20 16 0 7 5 0 16 7 18 6 12 3 18 9 7 8 10 18 5 11 8 1 7 16 15 12 0 11 5 20 11 18 14 14 16 19 0 14 11 1 20 7 6 7 15 18 13 6 16 0 20 20 18 19 13 6 14 3 4 16 7 19 17 5 14 8 20 0 2 19 3 20 5 13 6 10 2 15 9 3 0 0 2 9 1 2 10 19 4 15 4 19 1 17 19 1 8 1 15 9 15 8 17 10 5 10 8 20 17 3 9 13 8 4 1 2 7 17 0 7 20 15 7 2 7 5 19 9 20 1 10 19 13 7 17 8 3 12 10 5 12 16 11 17 12 2 12 6 1 19 19 15 0 10 13 15 0 6 20 18 7 5 7 13 10 18 7 3 4 12 13 12 18 5 20 18 5 15 1 17 18 1 2 7 16 11 11 4 6 0 14 20 2 19 14 4 10 19 6 1 20 11 9 15 13 10 5 18 20 4 10 13 14 19 20 12 6 11 15 7 9 1 14 17 11 3 1 4 7 9 11 15 9 14 18 10 17 7 8 16 10 3 12 5 7 8 6 12 0 8 6 12 0 20 12 17 1 17 13 5 14 9 12 7 15 8 2 13 17 18 18 13 16 20 15 18 12 19 13 11 13 4 8 6 1 15 10 7 17 13 5 16 6 16 8 18 4 1 18 3 11 3 11 18 14 12 6 5 10 4 0 3 20 11 13 9 12 1 11 10 8 9 10 3 20 9 11 7 19 2 3 0 15 3 18 19 4 16 4 6 19 17 6 11 20 19 12 12 2 5 4 5 4 18 7 5 20 6 4 2 0 4 6 19 1 5 16 15 1 18 10 0 8 0 8 7 5 19 20 9 16 11 5 5 12 0 8 18 17 9 17 12 19 13 1 20 11 6 8 19 17 9 17 20 4 8 17 11 2 15 14 17 9 17 12 17 0 12 17 12 0 3 14 18 5 14 15 12 16 1 4 14 16 11 3 17 2 6 6 2 12 3 1 14 19 13 2 4 8 19 14 9 18 19 17 17 7 16 4 19 4 6 9 5 13 7 8 19 20 3 14 4 5 19 16 0 20 4 5 7 4 15 2 8 11 9 1 19 5 8 17 6 1 11 10 14 12 12 2 6 7 18 15 5 12 17 17 8 15 6 16 15 13 18 0 17 4 3 12 17 4 6 20 1 12 7 5 6 3 14 19 5 16 12 9 15 14 18 3 15 6 4 0 1 12 8 20 12 0 14 18 15 12 9 1 17 1 7 7 3 17 15 12 11 19 16 14 3 19 13 18 17 9 6 6 10 4 4 13 2 19 6 15 19 18 20 16 0 4 12 11 5 3 0 0 13 10 7 7 9 6 14 19 16 8 3 2 15 14 0 9 17 14 8 4 3 19 20 10 18 16 6 12 16 14 18 3 5 10 17 1 0 9 11 20 2 18 12 16 5 0 1 6 5 8 1 9 3 7 8 1 7 3 5 15 3 2 8 18 18 0 2 9 4 16 4 10 12 12 7 11 10 2 1 4 8 12 0 10 3 13 17 18 8 1 11 19 7 15 11 6 2 18 2 8 12 1 5 13 9 5 16 4 18 15 9 14 5 20 11 7 13 19 15 9 7 4 17 19 6 11 10 3 20 15 19 2 12 9 5 1 0 11 7 8 16 14 1 3 16 4 1 10 15 3 2 18 19 18 19 4 2 12 8 5 3 4 19 19 11 16
691
200 12 13 2 11 9 0 16 11 7 6 186 17 5 15 1 6 12 19 13 11 11 17 17 4 8 20 12 16 157 15 17 3 2 166 9 15 13 182 0 9 19 2 164 5 9 161 198 18 18 9 5 7 5 10 16 5 16 6 183 16 16 12 15 16 4 191 2 12 14 5 12 14 170 8 156 16 1 3 15 170 177 18 194 176 179 8 12 11 6 0 193 14 2 174 18 18 16 15 7 16 15 192 191 14 11 13 157 4 177 15 3 11 14 16 9 16 1 11 12 7 14 14 10 17 159 18 7 13 5 17 8 17 200 13 0 18 7 20 156 174 5 20 9 8 15 1 15 2 18 174 13 10 7 159 2 14 174 1 200 5 18 0 12 13 4 170 197 7 0 12 14 13 160 171 14 12 189 177 16 156 197 172 13 1 17 19 13 164 12 9 176 0 0 150 12 0 4 19 183 6 14 19 18 15 151 0 6 15 9 16 7 4 184 4 7 12 11 9 8 0 16 19 0 20 3 2 181 15 8 168 15 5 18 19 18 16 12 12 19 9 19 155 15 5 193 16 4 5 15 165 181 5 6 12 13 18 20 10 16 15 2 7 18 155 198 16 8 17 19 185 12 8 0 2 19 2 17 11 17 5 7 195 155 16 9 17 10 10 8 6 6 190 14 11 2 17 160 2 18 12 178 3 2 14 1 153 173 15 9 2 20 17 4 9 0 5 4 5 7 13 2 2 19 17 18 13 11 7 3 8 14 10 153 12 6 170 5 0 9 7 3 8 7 13 17 16 17 18 11 18 16 12 169 191 9 10 7 9 2 0 18 17 19 8 10 18 11 15 16 0 8 9 186 6 3 160 2 7 7 1 168 11 15 0 20 153 188 8 158 18 200 16 11 17 19 179 158 0 5 1 190 18 19 12 0 16 16 2 165 20 157 183 18 6 7 6 160 7 2 18 185 19 9 7 17 12 4 15 17 8 3 8 8 153 18 12 173 18 19 19 20 11 10 17 18 188 3 5 17 1 6 5 13 3 0 16 169 5 10 185 18 5 17 0 188 14 157 8 20 173 0 11 10 160 11 8 1 12 6 20 1 14 14 16 11 156 9 3 155 8 16 4 194 6 3 14 19 3 181 20 192 1 18 18 182 13 186 12 12 2 7 11 179 20 9 3 4 14 17 11 5 172 188 17 12 1 15 4 9 174 5 7 13 13 15 12 171 16 159 197 5 200 0 18 174 7 14 10 9 20 13 9 12 193 17 174 3 14 12 165 198 1 17 13 11 2 187 183 8 8 16 173 16 15 18 11 11 190 0 10 166 14 5 13 193 171 8 161 8 17 182 20 196 15 179 163 151 19 198 2 15 16 9 2 10 13 163 10 13 8 17 3 3 8 159 158 2 3 15 151 13 18 175 10 151 17 158 0 17 168 6 12 5 165 4 18 8 0 20 15 4 185 3 4 171 9 18 14 198 12 17 3 3 5 18 0 14 6 19 5 10 185 17 165 20 4 9 19 194 3 167 19 191 11 16 5 8 14 14 3 4 17 10 159 162 18 19 1 0 10
659
5 1 6 17 14 18 13 0 12 10 7 10 7 6 0 17 16 18 4 14 20 0 16 17 20 6 7 19 14 12 18 1 4 13 7 19 1 6 18 15 0 1 11 12 20 0 4 11 19 4 20 0 18 20 3 15 1 17 16 20 1 13 8 1 13 8 2 13 8 12 7 1 12 8 7 15 10 14 2 15 7 3 20 3 14 14 13 9 1 9 0 11 9 18 12 6 13 14 16 6 2 11 19 11 1 7 5 11 12 11 1 6 15 5 18 4 5 17 19 12 1 4 3 4 14 14 18 19 5 10 8 6 11 19 18 20 8 1 13 12 9 0 18 12 19 9 17 20 13 10 4 0 17 10 2 12 10 17 12 20 8 9 20 16 11 14 2 18 18 12 17 15 12 6 20 1 2 11 8 20 19 16 16 7 0 10 15 0 9 20 5 8 19 12 7 9 9 13 19 5 13 11 3 6 18 8 11 1 4 11 17 10 0 2 5 5 7 3 3 2 10 9 5 0 5 14 12 12 11 13 11 15 4 7 5 18 16 19 13 15 12 16 11 17 12 7 6 10 12 6 2 13 7 16 11 8 1 0 1 13 12 10 17 14 1 12 18 0 5 2 16 7 12 19 7 3 7 12 17 13 4 4 14 9 18 20 0 10 9 4 11 4 17 6 12 3 3 3 19 5 8 4 20 12 15 20 1 5 12 14 15 3 17 5 3 7 2 10 19 11 20 11 20 13 15 5 18 2 19 10 3 3 15 5 17 19 19 3 6 18 12 9 6 14 18 5 10 15 18 3 8 19 3 0 4 5 6 16 9 10 6 6 0 2 17 17 0 13 5 4 16 19 6 4 20 15 3 6 17 13 11 15 0 7 4 15 11 14 5 2 10 9 15 19 10 5 1 0 6 13 20 20 8 5 6 12 5 20 16 0 17 2 15 10 19 16 19 6 4 19 11 3 2 4 6 2 8 20 20 20 13 3 11 6 13 8 12 2 7 18 14 12 1 14 13 15 13 18 16 19 10 18 14 13 6 17 12 19 15 15 10 0 4 14 6 0 6 5 12 0 11 19 20 1 14 3 13 7 12 4 10 12 2 1 13 8 4 11 4 12 3 10 12 11 3 10 2 1 9 3 6 17 20 15 12 2 7 16 9 7 7 5 8 17 14 17 1 0 3 5 14 11 4 13 14 19 8 14 2 1 6 3 6 9 12 11 14 19 1 6 8 11 12 4 15 11 20 2 1 9 20 6 5 1 7 8 20 9 4 14 17 19 3 19 3 15 19 1 17 9 14 0 12 19 17 1 10 5 12 10 15 11 2 4 9 17 14 13 5 17 0 20 8 13 1 6 2 17 13 14 11 5 13 5 16 2 14 19 6 2 8 17 20 14 16 12 12 8 3 5 5 7 20 15 15 3 10 1 8 4 9 20 18 2 16 5 5 9 11 20 3 2 1 18 8 19 4 19 9 11 11 0 19 1 17 7 16 18 16
555
200 200 200 200 200 200 200 200 200 200 200 200 200 200 200 200 200 200 200 200 200 200 200 200 200 200 200 200 200 200 200 200 200 200 200 200 200 200 200 200 200 200 200 200 200 200 200 200 200 200 200 200 200 200 200 200 200 200 200 200 200 200 200 200 200 200 200 200 200 200 200 200 200 200 200 200 200 200 200 200 200 200 200 200 200 200 200 200 200 200 200 200 200 200 200 200 200 200 200 200 200 200 200 200 200 200 200 200 200 200 200 200 200 200 200 200 200 200 200 200 200 200 200 200 200 200 200 200 200 200 200 200 200 200 200 200 200 200 200 200 200 200 200 200 200 200 200 200 200 200 200 200 200 200 200 200 200 200 200 200 200 200 200 200 200 200 200 200 200 200 200 200 200 200 200 200 200 200 200 200 200 200 200 200 200 200 200 200 200 200 200 200 200 200 200 200 200 200 200 200 200 200 200 200 200 200 200 200 200 200 200 200 200 200 200 200 200 200 200 200 200 200 200 200 200 200 200 200 200 200 200 200 200 200 200 200 200 200 200 200 200 200 200 200 200 200 200 200 200 200 200 200 200 200 200 200 200 200 200 200 200 200 200 200 200 200 200 200 200 200 200 200 200 200 200 200 200 200 200 200 200 200 200 200 200 200 200 200 200 200 200 200 200 200 200 200 200 200 200 200 200 200 200 200 200 200 200 200 200 200 200 200 200 200 200 200 200 200 200 200 200 200 200 200 200 200 200 200 200 200 200 200 200 200 200 200 200 200 200 200 200 200 200 200 200 200 200 200 200 200 200 200 200 200 200 200 200 200 200 200 200 200 200 200 200 200 200 200 200 200 200 200 200 200 200 200 200 200 200 200 200 200 200 200 200 200 200 200 200 200 200 200 200 200 200 200 200 200 200 200 200 200 200 200 200 200 200 200 200 200 200 200 200 200 200 200 200 200 200 200 200 200 200 200 200 200 200 200 200 200 200 200 200 200 200 200 200 200 200 200 200 200 200 200 200 200 200 200 200 200 200 200 200 200 200 200 200 200 200 200 200 200 200 200 200 200 200 200 200 200 200 200 200 200 200 200 200 200 200 200 200 200 200 200 200 200 200 200 200 200 200 200 200 200 200 200 200 200 200 200 200 200 200 200 200 200 200 200 200 200 200 200 200 200 200 200 200 200 200 200 200 200 200 200 200 200 200 200 200 200 200 200 200 200 200 200 200 200 200 200 200 200 200 200 200 200 200 200 200 200 200 200 200 200 200
195
115 162 145 103 79 84 136 106 10 112 167 147 169 30 56 140 14 143 31 103 177 37 164 148 127 111 56 183 68 98 20 54 54 57 135 198 162 169 133 91 62 114 137 54 99 186 35 111 151 23 157 36 7 69 143 84 91 87 199 28 31 30 34 161 21 162 127 101 9 180 74 185 59 82 30 141 5 50 104 138 184 172 198 77 58 33 199 26 156 85 88 160 81 166 158 188 190 51 45 157 41 72 96 181 34 176 177 112 13 46 25 23 155 159 198 18 27 173 160 18 15 141 55 146 144 14 185 17 17 171 92 113 33 183 134 60 130 56 57 166 104 145 128 125 24 27 199 60 26 79 76 143 98 89 186 6 176 52 117 54 93 28 46 106 175 103 87 194 138 177 191 38 58 183 48 166 118 96 134 133 153 80 182 69 106 195 52 142 67 2 9 135 70 2 177
248
0 200 89 75 69 71 69 92 58 119 76 72 74 67 74 113 116 120 101 120 100 103 54 54 55 80 57 113 62 70 69 110 57 50 74 68 57 70 70 80 81 94 80 110 85 50 109 62 76 67 107 69 116 62 64 104 98 61 104 110 71 54 73 108 75 91 80 99 92 82 66 79 68 120 114 81 51 61 71 114 109 76 68 91 66 78 96 102 103 88 57 82 116 51 56 91 55 119 60 74 73 68 68 64 72 51 70 105 85 60 65 93 71 51 115 89 58 57 72 120 65 89 88 72 86 114 72 96 95 83 86 69 59 110 96 82 69 99 60 99 102 77 117 108 54 78 70 84 84 95 75 78 58 110 109 58 99 78 73 83 96 53 94 106 66 97 105 97 63 90 71 114 75 115 89 66 56 89 89 107 59 85 120 95 102 110 74 66 100 103 106 55 62 104 95 111 76 87 117 62 81 73 54 99 86 91 90 76 105 74 66 105 90 50 71 89 109 102 61 72 61 118 106 85 113 82 75 100 63 59 120 55 93 78 113 92 68 97 55 117 96 91 74 106 101 83 98 200
761
6 17 2 8 10 17 13 16 12 16 2 5 13 12 15 17 20 15 11 6 4 19 8 7 10 9 9 8 4 10 8 19 9 13 14 3 14 7 12 2 4 13 15 9 0 8 15 3 20 16 19 7 12 4 7 13 15 8 0 13 2 11 17 13 0 3 15 16 7 9 0 0 9 16 0 5 17 1 11 16 1 17 0 4 5 18 7 12 12 15 20 1 9 10 14 4 7 16 16 13 20 0 12 12 14 17 9 10 20 1 0 15 0 5 11 10 6 0 16 3 15 20 19 12 20 17 9 19 0 20 19 9 7 14 7 15 13 4 15 11 7 8 2 12 13 12 17 8 19 15 14 5 11 13 8 7 18 4 2 11 4 18 14 12 4 4 8 18 12 4 1 9 3 17 15 19 0 13 13 0 0 15 16 5 19 7 12 3 7 15 9 14 5 16 0 5 6 3 2 11 13 14 7 20 18 9 18 1 16 6 15 2 14 1 1 8 9 7 19 2 12 10 10 20 18 13 19 0 1 12 6 10 9 6 10 13 14 6 17 4 15 9 12 1 13 14 4 4 12 19 5 1 13 18 8 7 9 2 4 3 0 16 17 3 3 10 1 3 7 12 17 3 20 16 3 0 18 17 4 7 15 20 16 20 13 8 8 17 8 5 20 0 17 18 12 5 5 18 11 5 11 6 5 19 13 5 19 11 9 20 0 2 20 17 1 10 16 19 2 17 7 7 11 20 15 10 1 15 19 15 17 16 0 10 3 2 4 13 10 20 5 9 13 14 19 7 12 17 16 17 20 0 5 15 15 3 19 11 2 3 14 20 3 12 3 3 13 9 14 1 11 12 12 1 10 9 19 1 0 10 3 11 10 6 2 1 19 1 1 10 6 8 12 14 19 6 12 15 17 15 3 8 10 16 3 0 10 12 13 1 13 19 17 17 7 19 20 15 9 1 7 4 0 18 4 10 0 10 19 6 8 5 17 8 6 19 14 15 17 17 15 18 2 12 4 17 0 16 15 17 12 7 15 17 2 0 15 0 10 5 2 19 11 16 12 13 13 8 20 17 16 9 1 17 10 1 5 20 4 7 9 15 11 1 16 7 16 0 13 2 12 15 1 2 6 11 6 1 3 11 19 12 19 13 7 16 12 12 19 2 2 2 13 0 0 18 12 6 16 14 9 17 3 4 6 5 19 0 10 17 13 18 6 12 2 7 17 9 1 4 18 13 1 9 1 0 12 15 4 11 7 10 16 17 17 16 6 19 4 9 9 18 13 0 13 6 5 18 3 14 12 12 4 8 18 2 8 1 8 0 8 10 7 7 10 18 1 10 9 4 18 17 2 12 16 13 11 11 1 7 14 11 10 20 19 4 0 5 3 19 9 12 20 10 17 1 15 10 13 15 20 5 4 20 19 13 18 13 7 5 14 10 6 0 17 3 1 13 1 13 7 0 5 8 8 20 16 19 6 9 15 7 2 12 11 15 1 17 6 16 1 0 15 12 18 20 5 13 5 10 4 14 16 4 0 14 10 11 0 7 20 15 14 10 8 4 15 9 11 16 0 10 0 1 11 8 1 4 14 3 1 6 0 17 6 19 6 17 8 16 18 8 3 17 10 3 15 8 3 15 20 2 4 20 17 1 15 2 15 17 14 9 11 1 17 10 15 9 18 12 11 0 16 0 15 17 13 19 14 2 11 4 16 4 15 5 18 10 9 15 18
541
197 79 2 6 69 178 68 29 4 139 20 24 74 169 149 15 174 94 29 65 161 113 123 64 33 57 31 46 69 108 137 133 128 47 48 179 181 156 43 36 136 1 124 130 52 195 188 71 50 186 150 200 146 151 72 68 126 19 49 41 39 21 16 13 165 183 86 105 24 151 129 7 172 102 167 60 18 95 44 81 181 193 140 144 143 120 184 156 80 200 104 64 20 127 148 4 77 17 86 171 10 119 92 141 67 197 199 170 46 197 130 185 40 142 107 66 29 95 157 60 187 35 184 95 124 88 167 27 68 190 19 58 167 56 5 13 118 22 79 102 69 18 131 135 122 97 183 99 11 73 197 188 6 36 76 139 111 185 199 117 182 160 52 88 148 168 130 162 13 116 120 108 55 188 177 69 7 99 134 142 7 54 193 57 130 49 29 164 70 180 183 29 168 7 31 176 163 184 123 164 194 95 6 84 119 116 177 187 74 191 141 38 160 131 188 199 179 193 200 30 166 31 145 158 52 45 27 124 100 79 159 147 54 119 27 80 12 107 142 87 116 183 19 93 146 98 144 90 77 54 85 19 146 199 10 199 119 111 115 7 72 3 0 158 109 92 122 183 9 123 90 117 179 24 149 35 192 154 21 48 166 159 7 33 16 156 72 71 180 137 72 7 26 52 73 195 196 196 200 85 13 160 177 27 145 30 75 106 90 122 25 10 65 125 18 128 80 198 86 31 27 198 168 51 49 195 196 37 134 110 175 164 191 13 89 158 129 62 105 51 196 49 186 39 144 35 167 84 21 39 177 76 129 97 118 6 98 58 136 7 9 42 194 162 12 69 74 150 8 67 4 104 68 1 154 62 32 193 147 52 91 150 84 159 96 94 167 127 82 79 187 80 11 141 112 82 55 31 63 148 15 50 184 105 17 4 6 104 189 7 168 42 11 92 182 67 131 89 149 71 142 7 187 137 135 37 153 109 133 109 69 184 174 18 102 167 188 110 167 116 11 117 36 165 186 147 14 38 164 29 33 168 5 35 126 170 84 170 167 187 24 183 51 180 58 169 49 125 5 167 132 118 180 51 29 73 180 117 139 90 171 147 1 168 43 145 63 188 36 90 115 8 186 128 20 19 160 102 166 70 42 141 155 134 17 178 77 56 127 71 179 131 104 131 153 39 76 171 200 28 95 38 172 140 143 177 6 17 26 113 160 85 62 51 158 127 150 60 151 32 151
467
49 147 59 106 88 53 178 67 192 38 54 68 195 19 163 109 134 90 9 90 181 139 81 91 188 195 29 129 103 7 146 96 82 104 162 190 166 84 165 2 77 81 28 136 200 111 73 148 173 155 178 114 62 33 89 8 59 65 169 96 194 32 19 46 62 184 196 29 103 182 98 109 16 70 168 144 129 55 97 77 76 23 30 64 50 113 169 42 197 154 87 46 1 178 172 164 109 161 172 168 34 181 5 29 173 71 93 56 62 63 69 68 124 70 33 187 84 108 136 120 59 20 109 154 110 71 75 153 177 32 38 100 113 200 162 132 173 92 187 186 183 194 189 92 116 137 75 49 153 69 164 184 160 75 140 81 118 182 64 147 170 131 113 126 121 179 200 40 42 54 111 66 155 24 39 88 14 11 135 144 85 47 64 103 124 135 139 15 196 23 112 16 76 69 45 29 62 50 170 98 68 188 91 179 168 139 32 93 119 59 160 119 74 7 169 200 111 195 141 192 181 157 21 73 115 85 136 62 149 20 21 184 200 54 111 26 67 79 162 149 126 115 134 175 132 32 133 190 187 117 183 142 91 199 57 92 77 153 53 14 43 96 98 35 14 95 187 3 141 178 82 5 87 73 148 80 165 194 178 134 139 163 23 152 39 57 22 102 134 135 41 192 61 107 133 80 23 94 5 191 88 42 19 107 114 5 86 152 116 89 24 111 109 162 100 128 90 169 181 7 9 107 134 39 82 130 100 25 133 51 185 192 158 58 101 68 114 12 11 39 9 16 39 29 141 63 100 92 10 69 154 44 85 140 138 83 41 155 112 20 44 167 188 0 8 97 182 147 76 161 15 7 42 74 156 196 157 32 157 108 26 120 198 76 36 198 50 138 103 122 168 36 79 134 152 47 49 197 23 64 28 49 115 66 140 110 7 111 55 9 73 79 37 41 42 181 92 99 138 46 1 158 4 47 62 155 182 183 161 109 111 127 177 142 141 168 119 107 184 104 194 82 38 57 29 193 85 109 62 74 45 144 97 162 16 110 163 181 87 196 6 182 141 125 168 155 4
725
0 200 66 60 87 57 67 98 70 58 63 119 70 111 81 68 89 61 109 50 85 71 65 109 112 68 115 109 86 67 65 100 89 82 96 109 118 120 97 59 82 120 97 65 66 94 76 114 65 119 56 96 116 75 117 55 113 106 101 80 76 67 110 99 54 86 64 116 69 76 112 93 78 89 93 63 54 81 83 117 71 108 89 110 73 105 64 110 63 67 51 114 91 110 99 54 57 52 77 52 91 62 115 72 94 96 50 55 69 52 119 120 79 54 55 87 106 80 88 88 94 104 78 80 110 88 58 51 61 72 73 58 69 58 118 68 54 106 87 60 55 68 108 86 76 68 100 51 119 51 96 85 60 80 84 56 81 97 51 114 119 113 84 68 99 58 98 84 108 54 51 118 98 61 57 57 105 100 80 53 95 82 118 59 58 67 71 103 114 106 91 100 115 83 57 80 107 57 65 97 72 96 112 102 62 112 92 52 51 88 53 107 118 61 76 65 74 119 117 99 84 120 78 91 105 59 77 67 117 94 58 120 118 96 71 89 110 61 52 107 112 83 105 93 99 111 105 56 53 54 88 88 93 76 53 60 120 59 62 52 92 71 71 83 50 97 70 96 75 111 77 118 98 103 101 67 54 82 65 93 110 69 109 69 116 52 62 99 120 51 114 99 89 90 95 52 105 66 117 58 75 97 63 60 120 102 50 97 57 65 90 103 65 102 110 85 104 54 68 112 80 107 72 54 56 110 84 105 102 119 86 105 60 97 82 66 104 103 62 73 71 93 98 90 92 114 101 86 62 112 58 118 98 100 98 64 95 73 62 52 109 86 68 113 65 100 50 61 51 71 113 78 54 88 51 74 68 91 93 79 110 119 53 52 55 56 77 52 88 98 50 53 107 116 77 72 102 120 92 120 77 64 89 112 95 110 118 81 100 64 103 120 104 84 88 109 77 118 58 69 89 100 67 96 79 100 52 64 84 111 91 104 82 68 85 53 101 63 62 105 59 92 98 117 119 82 100 85 115 81 71 77 103 89 81 82 113 57 100 101 96 83 54 116 74 96 108 111 119 110 82 82 105 56 84 97 52 65 86 92 54 106 65 108 85 73 63 118 116 76 87 120 107 99 67 65 93 120 64 66 98 84 57 76 87 103 53 102 102 94 110 103 89 92 105 107 52 62 100 91 99 118 99 57 97 69 60 65 107 82 73 69 117 106 94 77 66 107 76 89 75 86 96 98 98 87 58 117 113 62 93 71 99 87 82 81 113 80 94 70 76 66 105 85 110 101 108 120 105 104 77 88 107 70 81 61 95 53 66 53 92 86 72 78 81 112 93 99 86 90 53 90 79 54 108 50 104 54 64 82 116 114 64 97 62 70 85 80 76 59 109 91 102 78 120 89 71 109 113 62 78 55 71 89 120 105 108 84 61 104 80 90 111 53 109 78 52 82 57 115 63 69 97 84 93 68 109 95 91 56 117 87 93 120 88 90 99 52 70 67 104 81 67 60 109 100 81 106 84 110 110 108 97 88 82 119 85 97 58 72 109 117 112 117 65 68 63 100 86 62 53 56 52 60 98 92 53 74 108 85 87 50 60 55 69 87 107 114 74 62 60 109 58 115 61 101 91 66 113 105 63 59 50 83 200
901
11 171 198 3 127 132 191 73 155 77 18 3 188 195 180 152 122 18 64 118 118 8 94 126 57 24 86 117 54 94 93 95 179 167 164 93 97 116 178 127 138 193 166 147 193 124 128 44 168 104 138 135 56 112 189 102 171 118 6 48 200 118 158 134 183 8 188 29 120 100 118 29 119 137 188 41 30 143 16 3 57 91 165 71 112 137 117 46 126 140 63 84 18 62 1 152 110 120 49 129 73 74 88 177 85 116 129 183 73 30 39 43 157 68 73 59 192 89 21 1 95 174 87 40 32 184 28 28 101 104 13 98 97 44 191 160 176 133 192 50 0 172 165 137 106 126 79 151 130 80 30 158 24 135 162 111 149 54 152 18 192 188 139 187 115 103 177 15 163 103 70 41 117 146 159 181 13 154 50 115 20 39 155 97 183 43 8 39 144 104 67 101 133 8 140 21 199 113 76 128 133 151 130 138 50 7 45 74 66 45 136 87 199 104 65 149 20 81 116 90 10 56 52 49 144 105 155 104 190 39 181 138 115 178 28 124 58 82 12 126 176 194 127 147 175 63 104 142 143 197 159 36 52 156 177 119 72 31 18 185 17 100 180 1 101 197 34 84 55 44 63 135 131 153 162 65 5 69 9 144 83 190 19 1 160 23 84 67 49 199 30 0 31 34 169 140 89 168 47 130 164 182 161 113 177 156 152 92 22 149 50 7 36 63 50 142 31 96 51 32 177 132 184 26 9 11 30 32 100 171 187 67 106 9 130 140 103 182 186 16 119 4 158 168 33 34 81 76 139 80 173 48 66 198 193 183 138 45 149 178 97 132 33 172 66 148 45 135 155 44 3 192 48 170 79 76 123 16 183 123 80 134 100 105 147 145 48 198 157 38 183 84 111 0 6 75 189 90 21 103 94 82 1 197 98 76 41 10 156 84 109 142 153 147 87 173 116 164 115 64 48 57 78 97 71 155 22 29 178 7 51 95 170 123 66 85 37 147 104 51 152 83 97 66 13 102 53 136 165 136 137 181 160 81 134 5 159 126 77 6 28 152 136 118 144 75 62 109 186 84 55 73 67 98 196 107 159 66 83 168 42 93 6 57 165 59 120 85 184 160 165 183 37 32 5 172 200 197 168 32 71 78 115 174 46 46 23 100 82 127 122 19 136 95 185 169 1 133 97 17 62 8 115 70 138 37 81 117 186 89 186 147 188 108 21 200 150 89 19 143 23 86 200 0 22 176 114 113 127 149 42 124 103 156 191 47 39 172 94 67 164 91 98 92 118 0 180 142 85 156 77 120 90 166 141 37 33 72 80 190 116 171 125 82 25 195 9 143 119 48 15 184 20 61 134 69 17 144 52 133 11 119 0 82 82 12 173 178 14 172 91 60 195 63 130 156 104 13 199 96 115 115 54 61 22 19 18 138 119 35 99 148 122 86 132 3 15 52 105 185 195 122 37 140 34 174 127 113 110 64 31 96 75 87 15 95 194 150 121 65 36 40 193 141 59 12 158 131 41 10 95 126 146 133 22 124 48 117 67 84 116 94 98 95 70 2 132 91 172 52 41 137 158 79 116 91 199 22 144 110 57 137 134 62 47 36 125 127 8 173 144 31 135 110 130 73 119 185 15 136 146 17 92 168 68 113 0 79 194 93 87 185 114 37 126 53 65 79 78 38 168 95 19 159 77 0 76 11 44 113 76 23 137 143 80 122 70 5 130 95 116 44 27 182 1 134 101 153 58 40 46 98 4 99 64 70 22 78 176 180 111 72 60 103 97 37 97 58 105 178 83 172 89 67 140 93 128 30 23 112 109 114 36 110 6 58 142 108 99 133 82 85 179 59 179 0 10 181 132 149 143 125 171 40 37 10 167 20 30 160 8 34 23 144 193 144 78 142 189 98 183 69 65 7 157 139 154 137 9 96 193 155 117 100 74 83 194 13 186 94 151 117 101 29 196 82 170 29 70 143 61 177 55 108 116 88 85 110 129 95 84 47 146 149 43 160 98 137 116 172 60 79 145 166 132 161 73 139 162 111 182
139
0 0 0 0 0 0 0 0 0 0 0 0 0 0 0 0 0 0 0 0 0 0 0 0 0 0 0 0 0 0 0 0 0 0 0 0 0 0 0 0 0 0 0 0 0 0 0 0 0 0 0 0 0 0 0 0 0 0 0 0 0 0 0 0 0 0 0 0 0 0 0 0 0 0 0 0 0 0 0 0 0 0 0 0 0 0 0 0 0 0 0 0 0 0 0 0 0 0 0 0 0 0 0 0 0 0 0 0 0 0 0 0 0 0 0 0 0 0 0 0 0 0 0 0 0 0 0 0 0 0 0 0 0 0 0 0 0 0 0
506
104 25 25 104 104 104 176 104 25 176 104 104 162 25 104 25 176 162 25 104 162 25 104 25 176 176 25 104 176 176 162 176 104 104 104 25 25 162 162 25 25 176 162 104 104 104 104 162 104 104 162 104 162 162 25 104 176 176 162 104 176 25 162 25 176 25 104 162 25 176 104 176 176 176 176 162 25 176 162 104 176 25 25 162 25 104 176 25 104 176 162 162 25 162 104 162 104 176 162 162 162 176 176 162 176 162 25 162 25 162 176 162 25 176 162 176 162 162 25 104 162 104 104 104 25 104 25 176 176 162 176 104 162 104 176 176 25 104 176 176 104 162 176 25 162 25 104 162 176 176 25 104 176 162 162 25 176 25 162 176 176 104 162 104 104 104 25 104 104 104 104 176 25 25 162 162 25 104 176 176 176 162 25 104 104 162 104 162 176 25 104 176 162 176 162 104 25 104 104 25 104 176 25 25 162 162 25 162 176 162 176 104 162 162 176 25 25 25 176 104 176 176 162 25 176 104 162 104 104 176 162 162 104 25 104 162 25 162 176 104 104 25 162 104 176 176 25 162 25 104 162 104 104 25 104 162 162 162 104 176 25 104 104 25 25 25 176 104 162 176 104 176 104 104 162 176 25 176 176 162 162 162 176 25 176 176 176 176 104 25 25 104 162 104 162 176 162 104 162 104 25 176 25 104 176 104 104 176 25 176 176 162 104 162 104 162 176 162 162 176 104 25 104 25 176 176 176 25 162 162 25 25 25 104 104 104 104 25 176 104 25 162 162 104 104 104 176 162 162 176 104 162 162 104 176 104 104 162 176 162 25 162 176 104 162 162 25 104 25 104 162 25 176 176 104 176 162 104 162 104 25 25 104 25 176 176 25 104 104 176 25 176 176 176 104 176 104 162 25 25 25 176 104 25 25 176 104 162 176 25 25 162 104 176 104 104 162 162 25 162 25 25 25 104 104 176 176 176 176 176 176 25 25 104 162 162 162 25 104 25 176 176 176 176 162 104 104 104 104 104 104 176 104 25 25 104 162 176 162 25 162 104 104 25 176 104 176 104 104 25 162 162 104 162 162 104 25 25 25 104 176 176 176 104 25 104 176 25 25 162 162 162 176 176 25 162 25 176 176 176 104 25 104 176 176 25
546
150 36 123 200 0 123 150 140 123 36 140 36 0 0 150 36 150 0 140 0 140 150 150 123 140 36 123 123 150 150 0 200 150 0 123 150 36 150 36 200 36 36 150 150 200 0 123 0 150 36 140 150 140 140 123 123 150 140 123 200 123 200 123 150 200 140 150 0 140 36 0 200 200 150 36 0 140 36 36 140 0 140 150 200 140 140 123 140 140 123 150 0 150 36 123 0 200 140 123 140 123 200 150 36 150 123 140 36 36 200 150 123 150 123 123 0 140 200 140 36 0 123 123 140 140 0 140 123 140 36 140 123 150 200 140 140 140 150 140 36 123 123 150 123 150 0 0 200 0 140 140 36 123 150 123 140 0 36 150 150 200 150 150 140 150 123 200 200 0 0 150 123 200 150 123 123 200 0 200 150 140 36 0 123 200 140 123 200 140 0 150 140 123 140 200 0 200 36 150 150 123 0 140 150 140 123 36 36 140 200 140 0 140 36 123 140 140 140 140 200 150 200 0 0 123 140 150 150 36 36 123 123 140 200 123 200 200 123 150 140 200 200 36 36 150 0 150 200 123 0 140 36 36 36 140 200 200 140 123 140 123 123 200 36 123 123 140 36 150 150 0 0 0 36 200 150 150 0 36 150 0 150 140 150 0 0 140 150 0 140 0 150 0 36 150 140 36 0 123 36 150 36 0 140 150 140 123 200 150 0 0 123 36 150 200 123 36 200 140 140 140 36 123 200 200 200 140 150 36 150 200 0 36 200 0 140 123 200 123 123 0 150 36 150 200 200 36 150 140 200 0 150 150 150 123 123 150 123 140 123 200 140 140 140 140 140 123 36 150 36 36 123 150 123 140 150 123 150 140 150 36 36 200 123 0 123 140 200 140 0 200 36 200 150 200 0 150 200 200 200 123 150 123 0 123 140 140 140 140 140 200 150 123 150 200 140 150 140 36 150 200 140 200 0 123 200 36 200 200 200 150 0 36 150 200 0 0 150 150 140 150 140 150 123 123 140 0 200 123 150 140 0 36 36 123 0 150 200 123 123 150 123 0 0 200 150 36 36 150 0 140 123 140 36 123 140 123 0 123 0 150 150 150 200 0 140 0 140 36 123 140 36 150 200 200 200 0 0 36 36 0 123 150 123 140 200 150 0 150 200 150 0 200 123 123 200 200 0 0 0 123 0 0 36 150 140 200 200 0 36 140 0 200 140 0 0 123 140 150 140 150 36 200 140 140 140
273
16 1 14 10 14 19 16 12 15 8 1 9 17 4 3 3 4 1 18 1 11 12 8 3 3 20 0 19 11 1 19 3 4 6 5 7 7 12 9 20 0 10 3 4 7 9 17 19 13 16 3 11 18 12 18 7 8 19 4 5 7 13 14 15 10 0 16 13 5 14 20 14 8 11 12 15 11 8 12 18 18 14 1 20 9 2 4 2 2 7 0 8 5 0 0 11 13 19 2 10 4 1 20 19 10 4 12 6 15 2 9 1 5 16 3 20 18 19 4 20 16 15 9 6 11 20 19 17 9 14 4 2 10 12 12 19 7 4 17 12 10 17 11 2 10 18 8 6 17 5 17 3 11 7 16 7 19 4 14 13 12 4 4 10 8 14 14 16 2 19 13 1 9 17 10 10 4 15 19 1 0 19 9 13 8 18 5 14 1 15 19 8 14 13 12 3 7 7 19 7 5 16 15 16 2 19 2 15 10 14 8 15 0 14 11 0 1 19 1 7 6 11 16 11 2 13 2 20 2 20 0 3 11 7 15 7 14 2 4 11 0 16 9 15 18 14 3 18 20 15 2 13 13 16 18 0 6 15 14 20 6 17 15 0 13 13 20 4 15 18 13 6 19
10
112 158 130 135 55 98 170 105 187 79
803
0 200 107 66 109 93 116 100 75 59 120 97 111 115 61 69 90 50 90 104 88 71 70 66 100 118 110 69 100 108 105 68 108 64 88 65 113 93 114 93 55 72 65 60 56 85 99 89 74 71 67 84 61 65 92 62 76 87 56 55 98 89 107 62 119 61 100 58 107 55 117 53 79 111 79 80 54 102 100 86 83 60 59 56 100 82 60 54 75 100 88 103 112 114 96 75 99 103 82 80 84 86 118 116 71 113 107 106 53 82 116 106 102 97 57 87 83 110 81 109 76 64 69 71 62 109 110 87 104 118 117 73 51 81 107 52 79 65 58 55 70 89 89 78 68 70 106 70 86 96 107 106 74 104 93 88 112 66 64 99 110 114 76 57 116 74 68 84 89 88 117 82 89 51 68 78 108 75 93 64 83 82 98 118 82 68 113 94 76 82 104 72 105 73 99 54 100 64 108 84 76 93 81 53 79 113 71 88 107 92 98 90 71 84 77 74 120 50 63 114 53 59 66 119 56 116 105 85 64 61 58 97 102 101 81 100 79 63 109 95 116 66 54 101 111 56 102 116 60 61 109 107 60 52 51 82 57 116 65 69 73 98 91 112 71 77 90 54 62 86 56 86 109 98 82 82 101 93 62 65 91 79 94 60 67 73 77 101 64 67 58 55 91 87 91 74 66 112 100 54 108 88 81 120 78 65 64 59 70 72 76 99 118 73 87 71 87 97 59 119 58 62 95 98 116 92 58 66 94 78 105 52 108 106 57 103 109 85 50 69 114 69 120 75 113 65 77 120 90 61 81 87 117 105 59 101 104 110 56 90 86 84 107 114 67 98 57 69 84 82 61 82 114 105 113 61 79 117 76 51 74 120 72 71 93 96 112 64 53 58 107 85 73 72 73 111 85 93 51 67 76 52 65 72 119 55 64 84 58 93 86 88 82 80 94 111 75 104 75 104 106 111 119 116 99 52 79 92 56 76 53 72 73 62 98 84 53 79 58 61 52 75 61 105 112 114 86 87 104 82 120 107 50 119 101 51 79 88 52 108 116 111 105 100 81 80 102 78 118 114 61 63 90 54 119 67 97 64 57 89 106 57 82 86 71 103 77 99 106 84 111 74 113 84 72 81 65 77 108 107 109 103 82 85 83 63 70 77 117 76 90 109 119 96 105 115 108 76 78 77 96 77 87 50 100 107 69 109 51 95 74 80 101 68 97 105 112 79 70 113 114 97 50 102 110 69 87 117 51 80 80 89 105 105 79 97 120 97 79 109 116 65 97 75 74 88 87 115 63 67 120 69 64 94 105 100 65 110 99 65 79 94 102 66 79 59 101 76 111 87 105 57 94 88 67 76 78 88 99 110 96 112 79 69 96 115 78 73 119 65 67 71 90 100 67 60 110 51 76 79 102 116 94 90 58 94 82 115 99 113 73 71 61 72 50 63 53 54 77 95 104 68 96 65 106 69 108 110 106 85 69 58 114 103 77 109 53 75 55 78 69 74 110 58 116 96 96 66 105 95 62 118 52 74 51 119 53 50 90 93 100 118 76 78 101 54 65 70 109 52 53 87 84 94 52 83 72 74 77 69 71 106 110 74 119 95 65 64 60 69 120 81 69 114 81 56 108 54 109 93 100 93 91 50 117 55 60 66 67 58 62 84 109 69 98 62 90 114 84 77 115 50 102 106 89 78 62 119 50 83 112 62 68 86 87 85 80 118 89 54 68 98 93 117 57 73 104 100 97 84 92 95 109 100 111 50 91 91 120 83 66 96 53 54 108 83 69 105 111 114 51 55 110 120 58 59 84 99 90 76 105 55 200
866
40 10 40 10 40 153 10 40 40 40 40 40 161 161 161 40 161 153 40 153 153 40 10 153 153 161 153 153 10 153 161 10 40 10 153 153 161 161 40 161 161 161 40 153 40 153 161 161 161 161 10 10 40 153 40 10 161 10 40 40 40 161 153 153 153 161 161 161 153 153 40 153 161 161 10 161 10 10 153 40 40 10 153 40 10 153 153 40 153 10 161 161 153 40 161 161 161 10 10 40 153 40 161 40 40 40 10 10 153 40 161 10 10 10 10 153 153 161 10 161 10 10 153 10 10 161 40 153 10 10 161 153 153 10 153 10 161 40 153 10 161 161 161 153 153 161 10 153 153 153 10 40 161 161 153 161 153 153 10 161 40 161 40 161 40 153 40 161 161 10 153 10 153 40 10 153 161 10 161 161 161 161 10 10 40 153 161 10 10 161 161 161 10 40 40 161 161 153 10 153 153 161 10 153 153 10 40 153 40 10 161 10 153 10 161 153 161 153 10 40 40 40 161 153 10 10 153 40 161 153 161 10 40 10 161 153 161 153 40 10 161 153 161 40 40 153 161 161 10 161 40 161 40 153 40 10 40 40 40 40 161 40 10 153 161 153 161 40 161 161 161 40 10 161 153 40 153 40 161 153 40 153 153 10 161 10 161 10 161 161 40 153 10 161 10 40 10 161 10 10 153 153 161 40 40 10 40 40 161 161 40 153 10 161 10 40 10 10 40 10 10 40 153 10 153 153 161 153 161 161 161 10 153 10 10 153 161 40 161 10 153 40 10 40 40 40 161 10 161 40 153 10 10 153 161 40 40 153 153 40 153 161 10 40 40 153 10 40 40 153 40 153 161 40 40 161 10 153 40 40 153 161 161 40 40 161 161 153 40 40 10 161 161 40 40 161 161 40 161 10 10 40 10 161 153 40 10 161 161 161 161 161 10 10 161 10 40 40 153 161 40 10 40 10 40 40 161 153 161 10 161 40 161 153 161 153 153 153 10 153 10 10 40 40 40 161 161 161 153 161 40 161 153 153 10 40 161 153 40 10 161 40 10 10 161 10 10 153 161 40 40 161 10 10 161 10 40 10 40 161 161 10 10 40 10 40 10 10 10 10 10 10 40 153 161 40 10 153 40 10 10 10 161 40 153 40 153 153 10 40 40 161 10 40 40 153 10 161 40 153 153 10 40 153 40 40 10 40 153 153 153 153 40 40 40 161 10 40 40 161 10 161 40 40 161 40 161 40 40 153 161 161 153 40 10 10 10 153 161 153 153 10 153 153 153 10 153 10 10 153 40 40 10 153 161 161 10 40 161 40 10 10 161 40 153 40 153 153 40 40 10 153 161 40 10 10 10 40 10 153 153 161 161 161 40 40 153 153 40 40 161 153 153 10 40 161 153 161 10 10 161 10 40 10 10 153 40 153 161 10 161 10 153 10 161 161 40 10 10 10 40 161 161 40 153 153 161 161 40 153 161 161 161 161 40 161 161 10 153 10 153 40 40 161 40 161 161 40 10 161 153 10 40 153 153 10 153 40 10 153 153 40 161 40 10 10 10 10 153 161 40 40 153 153 161 10 40 161 161 10 153 10 161 10 10 10 153 40 10 10 161 161 40 10 40 40 10 10 10 10 40 40 161 161 161 40 153 10 40 40 153 153 40 40 153 10 153 153 10 161 161 161 153 153 40 161 10 40 40 161 10 153 161 153 40 40 10 40 10 10 153 10 161 10 153 161 161 153 153 10 40 161 161 153 153 10 40 161 153 40 153 153 153 40 153 10 10 161 153 161 153 153 153 40 40 153 10 40 161 161 161 40 40 40 10 40 10 161 40 40 10 40 161 153 40 161 161 10 40 10 153 153 40 153 161 153 161 10 40 10 161 10 161 161 153 10 10 10 161 10 153 153 10 161 40 161 40 40 10 10 161 153 153 153 161 161 161 161 10 161 153 153 40 40 40 10
293
10 12 14 5 4 14 150 163 13 1 7 5 16 169 14 2 10 196 4 2 11 1 14 8 17 152 15 2 197 18 18 194 2 20 7 0 6 12 8 2 1 196 184 2 20 0 180 17 16 19 3 176 8 7 18 16 16 4 7 4 4 153 7 5 16 151 170 2 5 3 16 7 5 199 2 183 9 1 13 186 5 5 0 16 9 19 10 172 2 7 191 17 20 176 12 188 10 180 13 192 17 6 188 171 11 166 8 10 194 12 3 13 20 20 19 5 20 16 11 15 18 4 13 4 1 17 197 2 13 161 20 6 18 20 0 7 16 5 5 7 11 5 3 9 20 20 189 0 14 168 20 15 7 10 8 12 20 0 0 0 182 5 3 0 15 7 13 9 15 3 16 20 14 20 14 20 3 15 11 9 7 3 1 18 157 8 14 17 6 20 1 5 5 17 15 8 7 173 192 11 8 187 9 19 11 4 2 177 9 151 20 1 3 5 14 8 1 0 5 19 12 1 16 0 9 20 4 20 1 3 19 16 14 0 196 1 14 19 17 3 10 17 3 9 7 166 15 12 18 2 185 9 9 3 4 196 5 2 12 9 175 19 5 5 14 200 10 9 5 13 1 14 13 154 18 167 19 11 3 176 11 157 17 198 168 9 15 160 167 16 6 3 8
9
175 132 175 55 139 175 175 139 175
962
0 200 64 51 111 86 51 68 61 69 94 61 95 110 101 89 110 101 74 72 62 97 98 102 76 52 119 113 117 53 88 57 80 68 89 85 77 53 92 114 119 100 109 115 107 53 50 63 72 64 83 66 65 92 119 52 68 114 100 119 93 77 107 103 68 87 50 72 77 79 52 55 87 52 82 105 62 120 118 82 106 115 60 72 102 55 72 80 104 56 65 113 114 98 108 80 75 66 93 61 53 55 88 101 92 118 116 82 59 64 56 70 55 79 56 95 75 114 50 57 58 79 88 92 51 92 102 62 119 64 82 116 107 118 120 82 78 75 68 113 94 84 96 94 85 81 70 106 97 99 96 76 86 100 58 104 53 94 92 81 59 54 95 98 51 99 109 109 55 86 86 93 97 56 51 106 118 108 83 82 65 87 86 50 110 77 115 101 60 83 83 56 110 77 111 84 54 108 65 98 108 91 87 51 116 51 71 67 83 53 109 87 85 70 58 109 114 120 104 104 112 90 71 105 107 77 117 119 105 71 120 96 61 120 112 119 102 106 66 89 64 106 69 76 62 58 55 78 98 116 88 98 60 77 52 86 79 105 119 87 72 107 117 72 109 92 57 109 103 109 93 74 53 59 90 91 60 97 105 65 60 79 84 113 94 57 91 72 103 117 87 117 84 85 79 57 63 99 89 97 101 89 61 87 59 101 104 96 108 101 65 72 104 92 118 82 65 58 106 90 119 89 64 88 100 91 59 102 59 115 72 88 100 94 83 93 109 118 101 60 112 117 101 89 100 108 97 109 89 105 92 94 115 78 74 89 109 50 78 106 105 119 103 84 61 55 54 59 114 115 67 113 66 102 102 89 61 111 81 85 110 115 103 54 78 79 109 54 50 116 120 72 77 53 69 104 108 95 112 50 52 57 62 101 73 89 103 96 60 62 52 52 89 91 70 66 52 78 83 56 95 86 100 115 69 115 68 91 60 72 117 50 96 65 78 84 50 107 62 113 60 80 96 76 76 85 65 55 77 88 113 101 59 105 89 64 109 101 86 110 107 103 105 91 60 82 96 78 94 71 102 109 103 93 112 107 51 90 92 70 101 117 64 116 69 60 92 53 89 64 87 97 66 83 59 108 86 101 71 113 58 115 81 119 77 65 92 93 105 61 60 70 59 104 86 61 75 92 117 99 74 102 82 69 59 107 79 72 63 80 87 111 52 119 92 52 53 88 110 71 58 80 105 72 90 94 99 101 51 73 110 65 113 116 110 61 88 72 119 81 53 58 63 72 66 71 106 53 119 105 62 83 62 60 63 94 118 74 92 94 75 112 81 105 90 95 86 66 61 58 90 76 104 54 97 84 109 64 54 120 52 108 118 98 120 120 113 102 108 113 120 104 84 108 104 112 75 104 117 109 98 74 78 113 83 115 51 88 82 102 51 92 78 84 57 62 92 114 74 75 83 101 52 113 59 83 108 101 60 51 114 73 82 106 65 52 100 91 71 109 81 110 116 95 64 66 88 59 110 72 50 75 62 85 64 67 93 63 51 84 80 71 66 88 112 106 110 68 54 84 54 96 75 61 112 104 70 50 112 102 109 84 88 77 115 94 68 110 95 85 64 111 86 115 64 101 65 111 71 120 82 105 116 50 85 98 64 98 85 95 55 102 119 105 77 59 57 117 68 105 119 70 91 94 102 110 89 57 109 114 73 63 98 71 55 86 53 115 109 52 70 57 63 83 107 60 77 105 97 109 96 82 112 84 52 85 57 92 109 83 68 66 93 118 63 62 80 104 55 64 104 60 104 64 72 118 85 70 79 53 96 62 100 71 93 81 58 104 75 75 51 111 78 63 65 94 83 111 92 101 116 57 114 111 114 64 115 79 107 82 110 51 60 116 92 89 77 108 99 82 103 102 65 56 85 68 92 105 65 103 83 82 92 67 82 109 111 104 115 68 63 72 59 102 94 81 113 77 109 96 71 83 59 96 103 50 81 104 63 102 118 115 53 117 99 60 107 85 107 71 111 115 82 95 70 52 75 56 87 56 89 97 67 57 97 82 109 100 93 104 67 92 101 92 120 50 81 112 53 55 63 119 74 81 109 102 88 106 120 111 75 98 105 120 100 107 53 101 82 90 63 52 119 86 81 76 92 117 69 94 59 111 78 60 81 106 53 87 115 74 103 200
524
200 200 200 200 200 200 200 200 200 200 200 200 200 200 200 200 200 200 200 200 200 200 200 200 200 200 200 200 200 200 200 200 200 200 200 200 200 200 200 200 200 200 200 200 200 200 200 200 200 200 200 200 200 200 200 200 200 200 200 200 200 200 200 200 200 200 200 200 200 200 200 200 200 200 200 200 200 200 200 200 200 200 200 200 200 200 200 200 200 200 200 200 200 200 200 200 200 200 200 200 200 200 200 200 200 200 200 200 200 200 200 200 200 200 200 200 200 200 200 200 200 200 200 200 200 200 200 200 200 200 200 200 200 200 200 200 200 200 200 200 200 200 200 200 200 200 200 200 200 200 200 200 200 200 200 200 200 200 200 200 200 200 200 200 200 200 200 200 200 200 200 200 200 200 200 200 200 200 200 200 200 200 200 200 200 200 200 200 200 200 200 200 200 200 200 200 200 200 200 200 200 200 200 200 200 200 200 200 200 200 200 200 200 200 200 200 200 200 200 200 200 200 200 200 200 200 200 200 200 200 200 200 200 200 200 200 200 200 200 200 200 200 200 200 200 200 200 200 200 200 200 200 200 200 200 200 200 200 200 200 200 200 200 200 200 200 200 200 200 200 200 200 200 200 200 200 200 200 200 200 200 200 200 200 200 200 200 200 200 200 200 200 200 200 200 200 200 200 200 200 200 200 200 200 200 200 200 200 200 200 200 200 200 200 200 200 200 200 200 200 200 200 200 200 200 200 200 200 200 200 200 200 200 200 200 200 200 200 200 200 200 200 200 200 200 200 200 200 200 200 200 200 200 200 200 200 200 200 200 200 200 200 200 200 200 200 200 200 200 200 200 200 200 200 200 200 200 200 200 200 200 200 200 200 200 200 200 200 200 200 200 200 200 200 200 200 200 200 200 200 200 200 200 200 200 200 200 200 200 200 200 200 200 200 200 200 200 200 200 200 200 200 200 200 200 200 200 200 200 200 200 200 200 200 200 200 200 200 200 200 200 200 200 200 200 200 200 200 200 200 200 200 200 200 200 200 200 200 200 200 200 200 200 200 200 200 200 200 200 200 200 200 200 200 200 200 200 200 200 200 200 200 200 200 200 200 200 200 200 200 200 200 200 200 200 200 200 200 200 200 200 200 200 200 200 200 200 200 200 200 200 200 200 200 200 200 200 200 200 200 200 200 200 200
408
7 3 5 14 15 0 15 13 12 0 4 7 1 9 4 19 19 13 12 1 20 15 1 13 14 19 1 16 5 16 6 7 12 14 9 6 2 20 15 12 13 10 6 6 14 11 4 2 10 20 1 13 3 6 19 17 11 19 0 17 16 6 15 1 1 11 16 7 8 12 0 5 11 2 12 10 2 5 20 19 1 8 12 9 20 8 1 9 8 6 17 19 20 11 17 10 10 19 8 16 4 8 10 2 6 5 0 12 11 7 14 11 15 5 4 8 20 8 10 12 2 8 18 16 10 12 9 18 3 14 6 9 3 6 20 20 7 0 16 11 13 9 4 3 3 18 17 19 17 13 2 3 6 1 9 14 20 12 11 14 12 17 19 7 6 9 14 18 7 1 11 9 18 20 14 13 11 5 11 5 6 20 15 17 8 6 19 3 7 20 14 20 6 2 1 15 19 7 10 3 9 17 1 18 4 9 10 0 7 1 15 4 12 19 15 16 9 7 13 4 16 11 5 0 7 0 19 8 16 6 19 9 7 18 10 11 4 17 20 11 1 7 14 13 8 10 20 19 9 0 0 4 7 9 9 2 5 5 11 13 6 9 19 8 5 2 6 2 6 8 14 1 19 5 2 4 15 12 14 17 12 20 17 2 2 16 9 9 3 19 0 3 13 3 1 5 13 13 18 20 0 0 20 8 1 13 18 18 1 7 1 14 20 12 11 18 0 13 6 7 18 16 20 19 16 2 7 3 12 1 3 14 9 13 7 12 8 1 6 20 10 14 20 12 20 14 15 16 18 20 0 17 20 8 8 5 1 18 10 6 3 9 11 19 2 10 16 9 12 5 7 4 8 5 12 18 3 5 17 11 10 11 5 4 11 3 5 8 18 9 7 10 10 13 8 19 17 8 2 13 2 10 0 18 15 1 12 7
447
84 29 182 173 84 195 195 29 182 29 29 29 29 173 173 29 195 182 84 29 29 173 182 173 29 173 173 182 84 29 173 173 195 29 173 84 84 84 29 173 84 182 84 195 29 84 29 182 84 29 195 182 29 173 173 84 182 29 182 29 84 29 195 173 173 195 182 84 182 182 29 29 173 173 195 195 182 195 29 29 182 182 84 195 173 182 173 84 195 182 195 182 182 29 29 173 84 173 182 84 84 182 173 29 195 195 173 173 84 29 84 173 182 182 84 173 29 173 182 182 182 182 182 29 84 173 173 84 29 182 182 182 173 29 195 84 195 29 84 29 182 84 29 182 29 195 84 84 173 182 195 29 182 29 195 84 195 195 29 29 29 182 29 182 29 173 173 195 182 29 173 182 195 195 29 195 84 195 173 195 173 84 84 195 182 29 84 173 84 195 29 195 195 195 195 195 173 29 182 182 182 195 173 29 29 84 84 182 173 195 182 173 182 173 182 195 195 29 173 195 84 29 84 29 29 195 29 84 29 173 29 173 84 29 195 182 29 84 182 182 29 84 29 29 182 84 173 173 195 182 84 182 182 84 29 29 182 84 84 29 29 173 173 29 195 195 182 84 195 195 173 195 195 29 195 195 195 182 29 29 173 29 29 173 182 84 182 182 182 173 29 173 195 195 182 182 84 29 84 173 84 182 173 84 84 173 84 84 182 84 29 29 195 195 182 29 195 29 29 195 195 182 173 173 29 84 84 173 29 173 195 182 195 29 173 173 182 29 182 182 182 84 29 29 182 173 182 182 173 182 182 182 195 182 182 84 173 173 173 182 195 84 29 182 29 195 195 29 173 29 195 182 84 173 182 195 173 84 84 182 84 182 195 182 195 182 173 29 84 195 29 182 173 182 173 182 173 173 182 182 182 173 195 195 29 182 182 173 84 173 84 182 182 29 195 195 173 84 195 173 195 182 173 182 182 29 173 195 195 29 29 29 29 195 84 84 29 29 29 182 182 195 173 29 195 29 195
597
200 200 200 200 200 200 200 200 200 200 200 200 200 200 200 200 200 200 200 200 200 200 200 200 200 200 200 200 200 200 200 200 200 200 200 200 200 200 200 200 200 200 200 200 200 200 200 200 200 200 200 200 200 200 200 200 200 200 200 200 200 200 200 200 200 200 200 200 200 200 200 200 200 200 200 200 200 200 200 200 200 200 200 200 200 200 200 200 200 200 200 200 200 200 200 200 200 200 200 200 200 200 200 200 200 200 200 200 200 200 200 200 200 200 200 200 200 200 200 200 200 200 200 200 200 200 200 200 200 200 200 200 200 200 200 200 200 200 200 200 200 200 200 200 200 200 200 200 200 200 200 200 200 200 200 200 200 200 200 200 200 200 200 200 200 200 200 200 200 200 200 200 200 200 200 200 200 200 200 200 200 200 200 200 200 200 200 200 200 200 200 200 200 200 200 200 200 200 200 200 200 200 200 200 200 200 200 200 200 200 200 200 200 200 200 200 200 200 200 200 200 200 200 200 200 200 200 200 200 200 200 200 200 200 200 200 200 200 200 200 200 200 200 200 200 200 200 200 200 200 200 200 200 200 200 200 200 200 200 200 200 200 200 200 200 200 200 200 200 200 200 200 200 200 200 200 200 200 200 200 200 200 200 200 200 200 200 200 200 200 200 200 200 200 200 200 200 200 200 200 200 200 200 200 200 200 200 200 200 200 200 200 200 200 200 200 200 200 200 200 200 200 200 200 200 200 200 200 200 200 200 200 200 200 200 200 200 200 200 200 200 200 200 200 200 200 200 200 200 200 200 200 200 200 200 200 200 200 200 200 200 200 200 200 200 200 200 200 200 200 200 200 200 200 200 200 200 200 200 200 200 200 200 200 200 200 200 200 200 200 200 200 200 200 200 200 200 200 200 200 200 200 200 200 200 200 200 200 200 200 200 200 200 200 200 200 200 200 200 200 200 200 200 200 200 200 200 200 200 200 200 200 200 200 200 200 200 200 200 200 200 200 200 200 200 200 200 200 200 200 200 200 200 200 200 200 200 200 200 200 200 200 200 200 200 200 200 200 200 200 200 200 200 200 200 200 200 200 200 200 200 200 200 200 200 200 200 200 200 200 200 200 200 200 200 200 200 200 200 200 200 200 200 200 200 200 200 200 200 200 200 200 200 200 200 200 200 200 200 200 200 200 200 200 200 200 200 200 200 200 200 200 200 200 200 200 200 200 200 200 200 200 200 200 200 200 200 200 200 200 200 200 200 200 200 200 200 200 200 200 200 200 200 200 200 200 200 200 200 200 200 200 200 200 200 200 200 200 200 200 200 200 200 200 200 200 200 200 200 200 200 200 200 200 200 200 200
805
21 176 56 152 72 7 117 8 112 7 122 75 40 134 115 71 138 151 151 7 66 101 149 11 178 74 28 85 150 96 148 145 137 153 30 0 25 125 116 64 141 78 135 5 149 173 41 26 126 149 110 111 94 118 158 108 42 105 117 88 23 148 130 78 93 124 76 105 161 108 54 1 75 69 23 102 108 35 27 15 79 186 8 70 69 52 18 95 4 96 48 124 138 121 170 31 117 121 12 195 149 149 11 104 37 186 159 189 130 180 135 121 107 193 10 197 147 54 188 121 39 143 185 186 46 134 115 133 18 185 114 125 115 155 2 76 125 152 184 100 121 112 187 14 102 194 62 169 74 21 56 83 112 54 158 7 165 81 46 85 189 172 136 3 191 129 38 90 11 79 125 115 168 135 183 182 60 77 147 25 170 127 0 165 48 101 150 99 72 87 131 155 50 177 167 173 136 155 87 194 163 34 25 122 114 121 162 184 86 167 179 48 62 105 148 145 105 22 75 136 19 164 22 111 117 9 157 2 13 17 44 10 154 157 135 26 51 200 100 94 108 12 120 3 25 200 126 26 198 144 192 80 112 156 43 121 106 79 98 84 7 73 196 135 91 162 160 44 162 141 128 164 171 119 43 88 158 58 116 57 7 49 133 151 104 133 58 35 166 9 125 7 160 122 11 151 17 27 53 0 26 79 97 75 20 137 27 173 166 142 16 106 161 187 177 166 178 127 40 61 6 121 168 110 63 134 23 22 130 174 52 103 58 49 41 94 59 81 47 54 156 28 195 163 88 46 117 26 125 150 18 101 2 195 73 62 156 195 139 180 82 3 163 185 126 30 47 125 28 186 150 186 125 67 78 161 48 102 196 22 6 1 129 103 153 61 58 88 165 32 81 66 9 194 46 154 68 30 106 33 34 66 64 153 94 98 198 134 33 127 182 124 30 105 117 39 114 193 3 67 115 86 185 82 198 131 37 12 183 117 193 198 122 53 172 71 127 115 163 145 199 142 24 35 97 56 171 160 197 20 100 46 18 196 20 131 157 107 24 45 134 170 34 11 142 138 167 158 11 127 51 134 185 2 3 123 36 198 85 135 81 128 10 141 101 142 31 6 23 110 38 5 86 12 4 7 154 66 110 189 45 56 90 93 10 200 116 161 198 66 191 197 125 103 190 59 149 66 81 195 29 200 162 17 114 43 101 0 111 23 158 89 87 82 56 76 144 139 174 3 90 171 153 5 7 170 194 159 100 57 195 78 53 50 187 52 85 176 171 9 1 159 140 155 58 178 172 42 191 27 144 98 59 145 63 87 80 146 119 146 89 123 16 164 33 129 45 189 189 189 160 175 137 146 64 5 7 160 79 99 172 171 196 95 174 188 117 188 22 156 31 18 26 188 170 64 147 58 139 186 9 37 73 84 54 123 155 112 102 198 104 3 150 149 58 38 159 145 81 177 174 70 42 9 108 71 47 94 55 12 137 26 18 2 6 88 168 193 10 54 101 199 184 13 170 112 74 40 31 80 184 179 144 188 8 80 41 48 95 159 24 179 137 37 45 77 49 116 159 8 8 69 108 56 156 138 66 5 155 13 187 129 25 89 199 59 100 13 136 108 176 117 185 128 80 13 178 173 168 85 51 192 46 102 38 6 106 104 100 65 124 75 118 105 20 19 141 83 26 183 75 49 178 95 48 39 172 200 100 144 149 3 97 43 182 196 55 172 38 110 5 174 97 3 158 189 179 147 150 176 30 153 197 105 83 52 70 178 28 183 32 19 48 22 10 162 21 95 37 148 41 60 181 20 180 12 43 2 40 38 132 142 11 174 137
749
169 3 1 0 11 12 16 4 7 15 20 2 161 12 9 5 1 10 12 0 195 10 3 151 189 5 188 20 12 5 182 9 15 19 6 188 4 1 19 20 10 19 12 184 20 2 14 15 0 4 18 196 3 14 17 12 4 166 159 11 6 17 20 8 3 13 1 9 3 7 13 12 17 3 1 4 4 185 18 164 13 176 13 1 1 15 193 189 5 2 12 1 5 8 7 2 20 7 4 198 3 18 2 13 20 13 5 176 192 1 5 194 2 10 11 15 20 10 15 3 15 0 16 4 12 12 15 16 8 2 157 8 12 14 17 14 17 3 4 19 12 177 10 4 13 14 3 6 12 13 2 1 8 14 9 12 1 17 9 9 13 16 1 9 7 8 5 176 2 11 10 171 4 8 13 16 7 2 6 11 13 1 14 193 18 9 7 9 15 3 4 6 3 199 10 12 9 19 4 11 7 7 4 8 0 20 175 189 11 16 5 1 19 9 11 20 0 4 166 10 1 9 6 3 5 160 10 0 6 11 19 14 12 182 19 153 17 6 2 11 191 19 4 6 6 17 18 174 5 10 17 8 5 8 18 9 151 160 16 1 14 12 8 197 3 190 0 6 164 9 18 3 179 18 179 9 4 7 0 5 13 10 15 8 0 182 6 7 19 5 13 171 170 0 3 0 17 2 1 10 18 19 1 11 156 12 177 13 20 18 155 15 10 157 1 8 20 4 150 13 18 1 164 13 14 20 0 7 0 12 17 2 3 18 6 2 16 189 169 8 14 4 4 12 167 11 3 4 19 9 158 3 12 7 153 14 7 19 3 185 12 0 12 20 2 15 0 18 0 19 19 14 12 14 20 195 12 12 199 1 5 15 0 14 9 9 7 7 185 14 3 13 13 2 2 163 17 17 13 12 5 16 8 9 14 155 166 16 19 5 13 11 12 5 12 160 166 17 16 182 167 1 6 20 16 167 172 5 4 4 192 12 14 18 9 2 6 9 163 2 11 0 8 13 5 13 12 19 18 18 172 8 155 3 6 176 193 3 4 18 14 16 179 14 178 181 8 8 154 12 17 18 20 9 196 17 7 4 8 19 18 177 7 20 3 5 15 11 11 9 4 169 5 155 2 17 19 157 11 17 13 17 189 159 19 18 184 159 5 0 10 3 2 9 185 0 1 200 19 6 11 13 162 13 13 3 3 19 15 9 1 20 10 8 4 8 12 14 11 2 9 6 9 5 200 2 2 11 8 17 4 173 12 2 156 20 156 17 1 7 1 15 19 157 17 15 161 4 17 176 12 20 16 20 3 6 13 4 7 10 16 20 3 177 184 19 164 194 12 4 169 15 160 0 9 2 8 169 18 9 2 10 170 193 12 10 151 4 10 15 4 170 2 155 13 172 7 15 165 171 1 180 0 6 11 2 2 3 17 2 160 13 4 0 175 5 198 159 179 12 1 19 182 7 7 9 166 12 9 0 9 12 6 1 7 2 6 20 13 19 9 15 9 13 9 5 9 19 20 190 190 166 173 9 0 5 18 161 12 0 8 14 3 20 8 15 16 6 14 5 17 14 19 161 9 6 0 8 2 155 190 20 12 2 188 184 9 0 11 15 12 15 16 14 4 3 2 18 9 162 11 12 181 4 163 193 6 16 13 6 5 4 164 10 17 19 10 5 14 13 12 1 2 11 20 2 179 7 19
113
11 19 9 1 19 9 10 1 5 19 10 1 11 11 6 8 10 5 0 1 19 9 20 13 13 6 1 1 2 7 12 19 9 10 16 9 17 2 4 14 1 12 12 20 19 13 8 1 18 3 20 5 5 1 16 4 9 10 13 1 17 1 18 7 4 13 1 12 8 11 7 13 17 3 9 15 18 16 3 1 13 19 2 4 1 13 19 15 10 15 5 12 18 5 10 18 17 11 5 18 2 15 5 3 8 16 20 0 11 19 17 4 13
39
124 123 105 106 67 155 85 131 24 80 138 200 85 141 131 20 114 73 160 142 52 4 105 66 7 129 182 173 42 100 197 154 35 162 150 82 111 99 121
110
0 5 10 16 13 18 1 7 20 19 18 16 19 9 8 11 7 11 9 7 10 18 8 6 5 2 0 14 20 0 15 2 18 18 16 18 10 9 10 3 17 16 9 19 9 10 12 2 14 2 12 16 17 3 1 14 17 4 12 6 7 16 10 17 13 19 17 3 5 20 13 2 6 2 13 8 0 18 8 13 9 14 4 12 3 4 9 19 11 17 12 14 12 14 1 20 12 18 2 4 8 9 6 9 13 10 3 20 6 5
598
188 17 0 10 160 5 200 15 19 12 13 12 11 195 15 1 5 154 4 13 10 14 191 10 10 14 16 19 12 15 11 10 11 19 8 7 153 6 17 188 186 8 0 5 17 16 162 174 8 180 10 7 3 10 153 11 180 14 13 11 1 17 9 19 8 197 169 183 195 11 9 160 11 16 11 16 150 6 159 6 6 173 11 10 199 199 14 10 19 16 190 10 160 193 12 8 15 19 1 14 18 20 15 1 6 3 1 16 187 15 0 14 19 5 10 10 12 7 0 9 7 17 13 17 4 164 4 178 3 11 9 7 12 5 18 173 5 19 11 5 20 3 12 18 15 4 197 11 0 169 16 188 170 167 6 193 17 0 3 1 14 15 11 198 194 12 5 5 1 9 5 159 8 157 18 16 168 14 3 168 13 10 8 6 197 8 8 4 16 10 186 10 11 9 13 15 186 16 168 10 6 183 6 20 0 14 13 15 18 12 19 20 16 4 1 175 188 8 5 15 10 2 8 10 170 4 11 4 9 5 14 8 11 2 11 10 12 17 15 17 7 6 13 2 2 164 12 6 20 2 1 185 16 18 0 20 17 12 5 11 183 18 178 171 0 14 18 18 12 155 5 176 9 15 20 14 4 5 1 5 4 20 10 1 8 18 9 20 18 183 19 0 20 193 10 13 10 18 152 179 11 7 9 6 20 151 16 14 5 0 12 2 1 173 7 10 11 17 7 4 15 163 10 200 20 15 10 18 183 3 15 10 12 10 20 19 8 12 8 191 4 2 182 16 18 0 179 176 169 15 12 10 173 1 16 8 17 17 181 6 1 12 0 2 11 3 6 15 14 159 2 6 16 0 7 7 10 5 173 5 10 191 18 6 170 17 11 183 14 5 6 16 12 3 3 20 11 17 9 3 19 3 16 180 189 187 14 14 10 3 11 4 13 12 10 4 2 199 19 15 12 195 18 13 9 17 4 3 12 13 10 0 173 9 175 16 10 20 17 171 17 14 9 4 181 6 7 6 18 5 10 198 2 2 19 0 3 8 174 7 4 18 20 19 13 9 3 1 16 185 162 176 161 8 3 15 18 10 180 8 10 18 187 183 12 2 6 19 3 20 5 9 14 4 9 4 15 6 16 6 17 19 197 1 2 9 15 200 16 167 11 5 154 7 187 6 166 8 5 16 16 12 180 5 11 15 4 1 16 13 13 3 7 16 18 19 156 11 19 0 153 6 20 4 3 16 9 16 15 12 13 0 194 19 12 13 8 15 14 163 13 19 12 0 19 1 18 14 190 1 9 20 178 175 159 20 20 3 11 6 5 12 0 194 4 8 13 20 16 16 9 18 1 13 187 1 19 9
793
106 25 106 162 25 153 25 25 162 153 50 153 106 162 25 153 25 162 25 106 106 50 25 162 25 25 50 162 50 50 106 106 25 153 25 153 153 50 106 106 25 50 162 25 153 50 153 162 106 106 50 106 50 25 50 50 50 50 25 162 106 106 25 162 162 153 162 50 25 25 50 106 106 162 106 25 106 25 50 162 50 153 106 153 50 106 162 153 106 25 50 106 153 50 50 106 25 162 153 106 162 25 153 50 50 25 50 153 50 106 50 106 25 153 162 162 153 106 50 153 106 50 162 153 153 106 162 162 153 162 50 25 50 50 50 162 50 162 50 50 25 162 106 153 153 153 153 25 25 106 25 25 25 50 50 106 25 25 50 162 25 153 153 50 50 153 153 106 106 106 153 50 106 153 162 153 25 50 50 50 153 162 106 153 153 106 162 50 153 162 50 106 50 153 153 50 50 106 106 162 50 25 162 25 25 162 153 50 162 25 153 50 106 162 162 153 50 50 50 106 153 50 50 153 106 106 162 153 153 25 162 162 25 25 50 153 106 162 50 162 153 106 25 25 50 153 162 25 50 162 50 162 50 153 153 153 25 162 106 106 50 25 25 25 106 153 162 153 162 162 50 153 153 50 106 25 25 50 153 162 153 25 162 162 106 106 162 106 25 50 153 50 153 153 153 162 106 25 153 106 153 153 162 106 162 25 153 153 106 153 153 153 106 106 162 162 106 106 106 25 153 153 106 50 106 106 153 162 162 106 106 153 162 50 162 50 162 153 25 50 25 153 50 162 25 106 50 50 162 50 25 106 50 25 162 25 50 162 25 153 106 25 50 153 50 153 25 162 106 153 162 162 153 162 50 50 162 153 162 25 153 25 162 50 25 162 50 25 162 50 25 153 50 50 162 25 25 162 50 25 153 153 50 50 162 162 106 153 106 106 106 25 162 162 106 106 106 153 106 106 106 106 25 153 50 25 25 162 106 106 162 153 50 162 153 25 106 106 153 162 153 25 106 106 25 25 162 25 153 25 25 106 106 50 25 162 106 162 50 162 106 153 25 162 106 153 106 153 162 25 153 25 25 50 153 25 153 50 50 25 153 106 106 106 153 162 50 162 50 106 50 162 153 162 50 50 50 25 153 50 50 50 162 25 153 50 50 106 153 25 106 25 153 153 162 153 50 162 153 25 162 106 162 106 25 162 50 153 50 106 162 162 25 153 25 153 162 162 50 153 50 25 153 25 25 25 153 153 153 153 106 162 50 106 106 106 106 162 50 106 153 153 50 25 50 25 50 50 25 50 50 50 162 25 153 106 162 106 162 153 25 106 50 50 162 50 25 162 162 106 153 25 106 25 25 106 25 106 25 25 162 50 106 153 162 50 162 106 153 25 162 50 50 50 106 106 153 25 50 25 25 162 25 153 25 25 50 153 106 153 162 25 162 106 162 153 106 106 162 106 162 50 50 162 106 153 25 50 162 25 50 50 106 106 106 50 106 162 25 50 106 25 50 106 153 50 50 50 50 25 162 153 25 106 50 25 50 153 25 153 50 25 50 162 25 25 153 25 25 25 106 153 162 25 153 50 50 162 106 153 162 50 162 106 25 153 50 50 106 25 50 25 162 153 50 153 50 153 106 106 153 25 106 25 153 50 153 106 50 162 153 25 25 25 162 50 106 50 25 153 106 50 50 50 162 50 25 162 106 153 106 50 153 162 25 50 106 162 153 25 50 162 153 153 50 106 162 153 106 25 106 25 162 50 153 50 106 153 106 106 106 50 50 153 162 162 50 50 153 106 153 50 106
349
9 17 182 200 18 19 15 11 12 7 6 2 158 17 17 13 3 177 1 157 6 156 19 180 20 2 5 13 17 20 2 1 15 13 2 13 8 161 181 3 2 2 9 15 1 12 159 16 7 169 153 197 18 8 5 3 11 9 171 19 8 16 3 10 7 14 18 20 155 6 9 6 17 11 3 5 4 19 8 199 174 160 3 185 187 20 177 158 12 11 194 7 10 2 6 0 5 12 0 5 3 19 168 17 2 18 7 20 15 7 9 17 7 14 152 14 18 13 185 15 10 11 4 8 19 158 185 19 18 19 16 13 7 4 151 18 3 6 10 0 7 19 8 176 5 12 7 156 169 173 4 16 15 9 12 191 16 11 11 12 3 16 19 182 9 11 0 17 2 3 193 11 16 18 8 14 0 4 5 14 15 7 8 14 16 14 16 4 7 6 7 1 12 1 18 4 1 17 1 180 20 20 16 18 182 151 2 5 163 19 7 177 2 186 197 155 3 7 14 11 17 18 10 3 20 16 174 16 173 17 2 162 166 12 180 15 6 1 157 2 13 159 2 18 5 10 178 3 0 18 13 18 4 2 7 19 12 8 189 19 183 167 10 15 1 13 17 9 17 14 3 16 9 13 20 2 12 18 16 9 18 11 6 16 6 8 4 5 171 4 16 187 5 4 4 0 15 15 4 13 167 195 10 10 8 19 0 186 13 1 173 160 20 175 17 166 16 4 16 172 16 1 14 13 191 13 18 2 15 200 7 166 18 16 8 4 18 19 13 18 10 17 15 8 197 173 1 7 10
222
189 9 14 8 12 14 17 15 16 8 5 169 19 14 159 15 155 20 15 4 3 9 3 6 152 8 0 6 1 165 11 3 1 180 190 191 0 6 20 173 15 12 4 5 7 19 13 16 7 173 191 4 197 2 173 193 160 153 13 13 4 16 170 9 16 6 16 154 10 3 7 8 6 20 4 19 186 11 14 8 1 13 18 15 16 5 16 184 154 154 171 160 9 11 11 167 19 18 173 19 3 0 12 3 174 3 14 171 11 5 15 10 13 4 171 4 170 13 7 5 19 17 12 7 14 15 13 15 20 15 198 8 174 16 1 11 4 3 9 4 15 6 20 17 10 9 15 3 14 17 19 7 2 6 19 4 14 14 13 12 18 12 15 171 166 183 14 4 5 160 151 200 12 10 0 15 1 14 17 16 4 171 6 196 5 178 5 6 0 14 174 20 20 19 2 5 16 3 155 8 19 193 197 14 4 8 10 3 3 197 6 18 3 6 10 2 16 3 17 183 20 0
368
0 0 0 0 0 0 0 0 0 0 0 0 0 0 0 0 0 0 0 0 0 0 0 0 0 0 0 0 0 0 0 0 0 0 0 0 0 0 0 0 0 0 0 0 0 0 0 0 0 0 0 0 0 0 0 0 0 0 0 0 0 0 0 0 0 0 0 0 0 0 0 0 0 0 0 0 0 0 0 0 0 0 0 0 0 0 0 0 0 0 0 0 0 0 0 0 0 0 0 0 0 0 0 0 0 0 0 0 0 0 0 0 0 0 0 0 0 0 0 0 0 0 0 0 0 0 0 0 0 0 0 0 0 0 0 0 0 0 0 0 0 0 0 0 0 0 0 0 0 0 0 0 0 0 0 0 0 0 0 0 0 0 0 0 0 0 0 0 0 0 0 0 0 0 0 0 0 0 0 0 0 0 0 0 0 0 0 0 0 0 0 0 0 0 0 0 0 0 0 0 0 0 0 0 0 0 0 0 0 0 0 0 0 0 0 0 0 0 0 0 0 0 0 0 0 0 0 0 0 0 0 0 0 0 0 0 0 0 0 0 0 0 0 0 0 0 0 0 0 0 0 0 0 0 0 0 0 0 0 0 0 0 0 0 0 0 0 0 0 0 0 0 0 0 0 0 0 0 0 0 0 0 0 0 0 0 0 0 0 0 0 0 0 0 0 0 0 0 0 0 0 0 0 0 0 0 0 0 0 0 0 0 0 0 0 0 0 0 0 0 0 0 0 0 0 0 0 0 0 0 0 0 0 0 0 0 0 0 0 0 0 0 0 0 0 0 0 0 0 0 0 0 0 0 0 0 0 0 0 0 0 0 0 0 0 0 0 0
527
0 0 0 0 0 0 0 0 0 0 0 0 0 0 0 0 0 0 0 0 0 0 0 0 0 0 0 0 0 0 0 0 0 0 0 0 0 0 0 0 0 0 0 0 0 0 0 0 0 0 0 0 0 0 0 0 0 0 0 0 0 0 0 0 0 0 0 0 0 0 0 0 0 0 0 0 0 0 0 0 0 0 0 0 0 0 0 0 0 0 0 0 0 0 0 0 0 0 0 0 0 0 0 0 0 0 0 0 0 0 0 0 0 0 0 0 0 0 0 0 0 0 0 0 0 0 0 0 0 0 0 0 0 0 0 0 0 0 0 0 0 0 0 0 0 0 0 0 0 0 0 0 0 0 0 0 0 0 0 0 0 0 0 0 0 0 0 0 0 0 0 0 0 0 0 0 0 0 0 0 0 0 0 0 0 0 0 0 0 0 0 0 0 0 0 0 0 0 0 0 0 0 0 0 0 0 0 0 0 0 0 0 0 0 0 0 0 0 0 0 0 0 0 0 0 0 0 0 0 0 0 0 0 0 0 0 0 0 0 0 0 0 0 0 0 0 0 0 0 0 0 0 0 0 0 0 0 0 0 0 0 0 0 0 0 0 0 0 0 0 0 0 0 0 0 0 0 0 0 0 0 0 0 0 0 0 0 0 0 0 0 0 0 0 0 0 0 0 0 0 0 0 0 0 0 0 0 0 0 0 0 0 0 0 0 0 0 0 0 0 0 0 0 0 0 0 0 0 0 0 0 0 0 0 0 0 0 0 0 0 0 0 0 0 0 0 0 0 0 0 0 0 0 0 0 0 0 0 0 0 0 0 0 0 0 0 0 0 0 0 0 0 0 0 0 0 0 0 0 0 0 0 0 0 0 0 0 0 0 0 0 0 0 0 0 0 0 0 0 0 0 0 0 0 0 0 0 0 0 0 0 0 0 0 0 0 0 0 0 0 0 0 0 0 0 0 0 0 0 0 0 0 0 0 0 0 0 0 0 0 0 0 0 0 0 0 0 0 0 0 0 0 0 0 0 0 0 0 0 0 0 0 0 0 0 0 0 0 0 0 0 0 0 0 0 0 0 0 0 0 0 0 0 0 0 0 0 0 0 0 0 0 0 0 0 0 0 0 0 0 0 0 0 0 0 0 0 0 0 0 0 0 0 0 0 0 0 0 0 0 0 0 0 0 0 0 0
913
14 16 11 11 2 7 13 0 9 12 9 4 7 7 7 14 14 7 8 10 1 16 3 10 2 8 0 9 18 2 19 9 15 11 4 3 2 2 12 1 6 4 9 10 20 12 7 20 1 2 9 17 3 7 5 13 11 17 3 13 7 17 8 9 8 15 1 12 19 10 7 4 2 19 20 3 19 7 20 11 20 16 0 4 6 19 3 18 0 3 12 6 15 9 6 17 12 16 2 17 11 0 4 19 18 3 1 18 2 13 10 4 19 3 12 7 6 14 6 6 14 5 6 10 0 0 17 19 2 13 18 9 16 2 20 16 0 1 19 7 3 16 16 9 6 10 15 18 7 17 3 20 1 7 6 18 10 8 13 15 5 17 20 1 9 10 20 3 14 10 9 2 20 6 11 19 3 19 1 11 16 5 11 17 3 4 17 9 12 12 5 4 19 16 7 9 8 2 3 2 19 13 4 11 5 20 6 18 9 9 14 13 3 15 3 15 12 9 6 13 7 13 4 0 5 12 1 17 2 12 19 13 14 9 16 14 7 14 19 6 6 15 5 15 11 4 16 9 6 5 11 8 0 11 15 16 1 8 19 7 20 17 14 10 19 18 4 13 1 6 11 4 11 11 20 10 19 8 4 15 20 17 18 12 18 11 2 8 4 6 15 4 18 9 17 19 4 6 16 11 0 16 2 10 16 18 13 13 17 20 10 15 8 10 5 0 9 13 14 2 7 6 6 2 10 18 4 7 5 20 17 17 10 11 2 8 14 15 11 17 18 4 3 9 19 3 15 18 9 14 13 12 20 15 11 10 1 14 16 19 18 4 10 17 4 7 20 12 14 14 0 7 2 1 9 19 17 19 1 20 11 17 17 13 1 12 4 9 2 17 6 13 1 17 6 17 11 20 3 6 5 0 2 3 17 12 12 13 20 19 8 20 17 2 19 19 18 9 14 3 16 7 19 14 20 15 6 10 7 18 18 4 12 2 5 10 19 18 11 16 9 5 18 9 9 3 8 16 16 10 14 1 6 13 0 18 6 20 17 3 15 17 19 5 14 20 0 8 19 18 1 1 2 5 9 10 10 12 1 11 9 13 15 4 15 7 5 18 20 14 7 16 19 4 19 8 7 16 9 14 11 18 19 18 16 12 15 3 7 11 11 3 7 10 15 19 15 7 4 17 3 9 13 2 18 12 2 9 13 13 18 0 19 8 17 11 8 3 19 5 18 9 18 1 10 19 9 2 14 10 12 5 17 10 19 20 19 17 12 11 9 18 9 11 3 20 9 20 5 20 12 4 9 8 0 7 13 1 0 15 6 11 6 10 2 10 7 16 13 15 3 18 16 16 2 7 2 15 2 13 8 14 20 5 17 2 17 8 19 11 11 3 17 15 17 6 19 8 0 17 15 9 12 19 20 10 11 13 18 5 14 2 14 7 19 9 16 7 3 0 8 0 2 3 6 14 0 2 11 16 17 19 17 16 3 20 12 16 14 6 16 10 5 14 14 20 4 16 4 15 2 3 4 18 1 19 1 0 6 18 19 4 13 10 5 9 19 17 18 13 4 5 2 3 7 17 1 10 11 10 1 5 2 20 9 6 15 20 10 20 0 2 11 11 16 13 5 13 14 15 3 5 19 0 13 19 8 5 10 17 20 17 0 20 3 5 8 4 13 15 17 9 5 15 6 10 3 0 15 9 14 5 15 14 18 13 18 14 4 5 7 12 15 17 5 12 16 20 16 0 5 3 17 15 5 3 20 17 1 5 14 5 4 5 1 1 0 19 13 13 17 7 9 1 3 9 15 9 0 20 1 11 8 7 7 16 9 8 3 14 20 16 11 5 0 15 10 17 10 14 7 18 15 19 3 19 13 2 9 20 6 6 7 16 19 5 8 10 6 7 8 7 3 14 0 3 3 4 4 17 0 7 15 3 13 3 6 12 10 8 13 19 1 20 3 7 15 6 6 4 12 8 13 17 1 1 20 8 17 4 7 11 3 2 18 2 13 4 13 5 10 13 2 9 15 11 6 8 12 10 8 10 6 13 7 15 20 0 9 11 0 13 10
765
0 0 0 0 0 0 0 0 0 0 0 0 0 0 0 0 0 0 0 0 0 0 0 0 0 0 0 0 0 0 0 0 0 0 0 0 0 0 0 0 0 0 0 0 0 0 0 0 0 0 0 0 0 0 0 0 0 0 0 0 0 0 0 0 0 0 0 0 0 0 0 0 0 0 0 0 0 0 0 0 0 0 0 0 0 0 0 0 0 0 0 0 0 0 0 0 0 0 0 0 0 0 0 0 0 0 0 0 0 0 0 0 0 0 0 0 0 0 0 0 0 0 0 0 0 0 0 0 0 0 0 0 0 0 0 0 0 0 0 0 0 0 0 0 0 0 0 0 0 0 0 0 0 0 0 0 0 0 0 0 0 0 0 0 0 0 0 0 0 0 0 0 0 0 0 0 0 0 0 0 0 0 0 0 0 0 0 0 0 0 0 0 0 0 0 0 0 0 0 0 0 0 0 0 0 0 0 0 0 0 0 0 0 0 0 0 0 0 0 0 0 0 0 0 0 0 0 0 0 0 0 0 0 0 0 0 0 0 0 0 0 0 0 0 0 0 0 0 0 0 0 0 0 0 0 0 0 0 0 0 0 0 0 0 0 0 0 0 0 0 0 0 0 0 0 0 0 0 0 0 0 0 0 0 0 0 0 0 0 0 0 0 0 0 0 0 0 0 0 0 0 0 0 0 0 0 0 0 0 0 0 0 0 0 0 0 0 0 0 0 0 0 0 0 0 0 0 0 0 0 0 0 0 0 0 0 0 0 0 0 0 0 0 0 0 0 0 0 0 0 0 0 0 0 0 0 0 0 0 0 0 0 0 0 0 0 0 0 0 0 0 0 0 0 0 0 0 0 0 0 0 0 0 0 0 0 0 0 0 0 0 0 0 0 0 0 0 0 0 0 0 0 0 0 0 0 0 0 0 0 0 0 0 0 0 0 0 0 0 0 0 0 0 0 0 0 0 0 0 0 0 0 0 0 0 0 0 0 0 0 0 0 0 0 0 0 0 0 0 0 0 0 0 0 0 0 0 0 0 0 0 0 0 0 0 0 0 0 0 0 0 0 0 0 0 0 0 0 0 0 0 0 0 0 0 0 0 0 0 0 0 0 0 0 0 0 0 0 0 0 0 0 0 0 0 0 0 0 0 0 0 0 0 0 0 0 0 0 0 0 0 0 0 0 0 0 0 0 0 0 0 0 0 0 0 0 0 0 0 0 0 0 0 0 0 0 0 0 0 0 0 0 0 0 0 0 0 0 0 0 0 0 0 0 0 0 0 0 0 0 0 0 0 0 0 0 0 0 0 0 0 0 0 0 0 0 0 0 0 0 0 0 0 0 0 0 0 0 0 0 0 0 0 0 0 0 0 0 0 0 0 0 0 0 0 0 0 0 0 0 0 0 0 0 0 0 0 0 0 0 0 0 0 0 0 0 0 0 0 0 0 0 0 0 0 0 0 0 0 0 0 0 0 0 0 0 0 0 0 0 0 0 0 0 0 0 0 0 0 0 0 0 0 0 0 0 0 0 0 0 0 0 0 0 0 0 0 0 0 0 0 0 0 0 0 0 0 0 0 0 0 0 0 0 0 0 0 0 0 0 0 0 0 0 0 0 0 0 0 0 0 0 0 0 0 0 0 0 0 0 0 0 0 0 0 0 0 0 0 0 0 0 0 0 0 0 0 0 0 0 0 0 0 0 0 0 0 0 0 0 0 0 0 0 0
836
143 143 143 104 41 143 143 41 104 143 41 143 143 104 104 41 41 143 41 143 41 104 104 41 104 41 41 41 41 41 104 104 104 143 104 104 104 41 143 41 41 143 143 143 104 104 41 143 104 104 41 41 104 104 41 104 143 41 143 143 104 41 143 143 41 143 41 143 104 104 41 41 143 41 41 41 41 104 104 143 104 41 41 104 41 41 41 143 104 104 41 143 104 104 41 41 104 104 104 143 104 143 104 143 104 104 104 41 41 104 104 41 41 143 143 104 104 41 104 41 104 104 41 104 143 41 143 41 143 143 104 41 41 143 104 41 143 104 143 41 143 143 143 41 143 104 104 41 143 143 104 104 104 41 143 143 143 41 104 41 41 41 104 41 104 143 143 143 41 41 41 143 143 143 104 104 41 104 104 143 143 143 143 41 143 143 143 104 143 104 104 41 41 104 143 41 143 41 104 104 41 143 143 41 104 41 104 41 104 104 104 104 41 41 41 104 41 104 104 41 41 41 143 41 104 104 143 143 41 143 41 104 104 41 143 41 143 143 104 104 41 143 41 104 41 41 104 104 104 143 143 41 143 104 104 41 143 41 104 41 143 41 104 104 143 104 41 41 143 41 104 104 143 104 104 143 143 143 143 41 104 143 143 41 143 143 104 104 104 41 143 41 41 104 41 143 104 143 143 41 104 41 104 41 143 41 104 104 143 104 143 104 104 41 143 41 143 143 104 104 104 143 143 104 143 104 41 41 143 143 41 104 41 104 143 41 41 143 143 41 143 104 104 143 104 104 41 143 41 104 41 41 104 41 104 104 41 104 143 41 143 41 104 41 41 143 143 104 41 143 143 104 143 143 104 41 41 41 143 41 41 104 143 41 41 104 41 104 41 104 104 41 104 41 143 104 143 41 104 41 104 104 41 143 143 41 41 143 41 143 143 143 143 143 143 104 41 104 143 143 41 104 104 143 41 104 143 41 41 143 104 104 143 41 41 104 143 41 104 143 143 41 143 104 104 41 41 143 104 104 41 104 104 143 143 41 41 41 41 41 41 104 41 41 143 143 143 41 41 143 104 143 143 143 143 104 104 41 143 104 143 104 143 104 41 104 104 41 104 41 104 104 143 104 104 104 41 143 104 41 143 41 143 41 41 143 143 41 143 143 143 143 41 104 41 41 41 143 41 104 41 143 143 104 143 104 41 104 41 143 104 41 41 41 143 143 104 104 104 143 41 41 41 143 143 104 143 143 104 143 143 41 104 104 104 104 41 41 41 41 104 143 104 104 104 104 143 41 104 143 41 104 41 41 41 143 143 143 41 143 41 104 143 104 143 143 143 41 104 104 143 104 41 41 104 143 41 143 143 104 41 41 143 104 104 104 143 41 41 143 143 143 104 41 143 41 41 41 104 41 143 104 104 41 104 143 143 41 104 41 41 41 143 41 143 104 104 143 41 41 41 143 143 143 104 143 143 143 104 104 41 104 41 41 41 104 143 41 104 41 41 104 104 104 143 104 143 143 104 143 143 104 143 143 143 143 104 41 143 104 143 143 41 41 143 143 104 143 41 143 41 143 104 143 143 41 143 104 41 104 143 41 41 41 104 104 143 104 41 143 41 143 104 143 104 104 143 104 104 143 41 143 41 41 41 143 104 143 143 41 104 104 41 41 41 41 143 104 143 104 143 41 104 41 41 143 143 104 41 104 41 41 143 143 41 104 104 104 143 41 143 143 104 104 143 41 41 104 143 41 104 104 143 41 104 41 143 104 104 41 143 41 104 104 143 143 41 143 104 104 41 41 41 41 143 104 41 143 143 104 104 143 104 143 143 41 104 104 104 104 104 41 143 143 143 41 143 143 41 104 143 41 143 143 41 41 104 143 143 104 41 143 41 41 41 41
617
8 12 7 192 0 19 150 8 2 19 7 16 16 17 14 169 7 10 9 14 9 161 7 5 151 5 9 13 16 153 17 10 5 3 12 184 13 18 13 0 0 1 177 151 3 1 18 17 184 10 4 3 194 3 15 5 14 196 17 7 10 1 1 10 20 15 11 171 12 6 11 4 12 7 1 18 20 177 9 2 6 179 154 12 4 192 2 15 8 17 199 13 11 19 157 0 17 3 10 7 5 4 7 166 3 198 9 13 17 0 5 188 13 194 20 157 3 1 155 11 6 6 6 151 189 2 11 12 6 11 20 0 3 195 19 18 2 7 8 9 5 16 6 7 9 192 8 11 9 18 191 18 168 12 6 0 0 11 6 165 11 161 13 8 19 6 10 12 9 14 183 8 16 19 2 178 20 9 3 2 3 14 15 8 4 14 14 184 6 5 199 3 180 9 14 2 17 12 2 14 168 14 13 19 6 20 183 14 162 19 17 11 4 15 15 192 164 189 10 11 7 13 14 8 20 20 18 15 1 7 7 200 5 8 0 12 161 16 18 18 155 16 153 18 18 19 16 16 7 188 6 18 18 0 172 165 20 17 3 15 14 16 4 7 7 18 16 3 156 1 13 9 5 3 10 0 10 16 13 18 0 160 13 1 200 19 2 20 15 18 15 1 12 17 4 19 15 9 18 3 16 156 12 6 173 187 7 5 11 157 5 10 3 20 9 9 20 2 11 180 6 195 11 181 157 19 15 13 173 13 19 3 3 1 16 185 12 8 7 12 2 17 180 19 19 20 8 11 18 18 14 3 15 3 9 18 1 13 20 5 5 7 17 9 8 5 6 14 14 175 17 182 4 19 16 13 12 9 15 12 152 166 191 1 6 1 18 16 17 12 7 15 198 181 12 1 20 9 188 18 181 160 18 12 19 15 8 10 8 3 187 14 150 5 0 12 8 20 2 11 20 3 19 3 15 15 191 160 11 11 15 167 167 0 17 2 12 0 5 10 19 18 9 7 168 4 11 11 18 1 190 14 19 180 19 195 12 2 154 2 182 1 187 184 6 2 169 14 7 18 11 5 13 13 3 15 4 19 4 4 14 171 0 20 4 4 170 15 11 5 9 4 7 162 19 18 172 1 178 15 197 4 16 164 15 2 10 15 9 18 15 18 1 0 15 11 3 165 0 14 153 4 1 9 17 19 197 178 7 167 3 16 15 13 17 20 18 163 20 164 1 20 17 10 10 13 17 15 180 16 153 9 4 13 163 8 9 11 11 194 7 15 20 18 18 5 2 18 20 189 150 3 11 173 7 13 13 19 0 14 18 6 12 197 0 4 18 5 7 3 19 7 15 16 8 17 20 5 158 2 12 14 18 1 177 177 6 3 15 5 1 9 3 12 18 3 9
135
200 200 200 200 200 200 200 200 200 200 200 200 200 200 200 200 200 200 200 200 200 200 200 200 200 200 200 200 200 200 200 200 200 200 200 200 200 200 200 200 200 200 200 200 200 200 200 200 200 200 200 200 200 200 200 200 200 200 200 200 200 200 200 200 200 200 200 200 200 200 200 200 200 200 200 200 200 200 200 200 200 200 200 200 200 200 200 200 200 200 200 200 200 200 200 200 200 200 200 200 200 200 200 200 200 200 200 200 200 200 200 200 200 200 200 200 200 200 200 200 200 200 200 200 200 200 200 200 200 200 200 200 200 200 200
163
187 37 181 37 181 33 181 50 50 181 37 37 33 181 187 33 187 50 187 37 187 50 33 181 50 37 50 33 181 181 37 187 187 33 37 187 50 50 50 37 37 187 33 181 181 33 50 33 37 33 50 33 181 181 181 187 37 181 181 33 33 50 37 50 50 50 33 187 50 37 37 33 37 37 187 50 181 50 187 37 50 50 37 187 50 187 37 187 33 181 33 181 37 37 187 50 37 33 181 181 37 33 181 37 37 33 181 33 181 181 187 50 181 181 187 187 37 33 33 33 181 50 37 181 181 187 50 50 37 50 33 187 181 181 33 37 33 187 187 37 37 181 50 181 50 50 50 33 187 33 187 187 37 50 37 181 50 50 33 181 37 50 37
193
0 200 80 96 74 64 67 114 96 108 94 65 91 69 68 114 65 100 89 72 105 61 82 103 84 117 94 101 120 97 117 113 112 95 91 101 96 78 52 62 77 87 120 106 89 62 87 56 103 71 100 53 67 86 93 94 55 91 95 94 79 93 73 58 68 93 102 68 69 104 59 101 112 89 92 68 78 73 94 80 80 89 93 104 62 78 62 78 51 119 65 71 91 51 84 92 64 77 113 98 73 62 118 112 75 89 82 112 61 69 117 117 75 67 85 74 116 67 88 66 94 77 110 61 69 53 109 66 70 120 104 61 81 52 92 103 112 119 57 96 72 102 97 50 106 93 87 57 61 113 103 85 87 82 57 109 100 85 57 77 114 101 106 63 69 88 98 82 88 58 107 73 100 81 95 118 112 89 80 107 56 83 117 116 73 61 97 98 110 101 52 73 200
717
200 200 200 200 200 200 200 200 200 200 200 200 200 200 200 200 200 200 200 200 200 200 200 200 200 200 200 200 200 200 200 200 200 200 200 200 200 200 200 200 200 200 200 200 200 200 200 200 200 200 200 200 200 200 200 200 200 200 200 200 200 200 200 200 200 200 200 200 200 200 200 200 200 200 200 200 200 200 200 200 200 200 200 200 200 200 200 200 200 200 200 200 200 200 200 200 200 200 200 200 200 200 200 200 200 200 200 200 200 200 200 200 200 200 200 200 200 200 200 200 200 200 200 200 200 200 200 200 200 200 200 200 200 200 200 200 200 200 200 200 200 200 200 200 200 200 200 200 200 200 200 200 200 200 200 200 200 200 200 200 200 200 200 200 200 200 200 200 200 200 200 200 200 200 200 200 200 200 200 200 200 200 200 200 200 200 200 200 200 200 200 200 200 200 200 200 200 200 200 200 200 200 200 200 200 200 200 200 200 200 200 200 200 200 200 200 200 200 200 200 200 200 200 200 200 200 200 200 200 200 200 200 200 200 200 200 200 200 200 200 200 200 200 200 200 200 200 200 200 200 200 200 200 200 200 200 200 200 200 200 200 200 200 200 200 200 200 200 200 200 200 200 200 200 200 200 200 200 200 200 200 200 200 200 200 200 200 200 200 200 200 200 200 200 200 200 200 200 200 200 200 200 200 200 200 200 200 200 200 200 200 200 200 200 200 200 200 200 200 200 200 200 200 200 200 200 200 200 200 200 200 200 200 200 200 200 200 200 200 200 200 200 200 200 200 200 200 200 200 200 200 200 200 200 200 200 200 200 200 200 200 200 200 200 200 200 200 200 200 200 200 200 200 200 200 200 200 200 200 200 200 200 200 200 200 200 200 200 200 200 200 200 200 200 200 200 200 200 200 200 200 200 200 200 200 200 200 200 200 200 200 200 200 200 200 200 200 200 200 200 200 200 200 200 200 200 200 200 200 200 200 200 200 200 200 200 200 200 200 200 200 200 200 200 200 200 200 200 200 200 200 200 200 200 200 200 200 200 200 200 200 200 200 200 200 200 200 200 200 200 200 200 200 200 200 200 200 200 200 200 200 200 200 200 200 200 200 200 200 200 200 200 200 200 200 200 200 200 200 200 200 200 200 200 200 200 200 200 200 200 200 200 200 200 200 200 200 200 200 200 200 200 200 200 200 200 200 200 200 200 200 200 200 200 200 200 200 200 200 200 200 200 200 200 200 200 200 200 200 200 200 200 200 200 200 200 200 200 200 200 200 200 200 200 200 200 200 200 200 200 200 200 200 200 200 200 200 200 200 200 200 200 200 200 200 200 200 200 200 200 200 200 200 200 200 200 200 200 200 200 200 200 200 200 200 200 200 200 200 200 200 200 200 200 200 200 200 200 200 200 200 200 200 200 200 200 200 200 200 200 200 200 200 200 200 200 200 200 200 200 200 200 200 200 200 200 200 200 200 200 200 200 200 200 200 200 200 200 200 200 200 200 200 200 200 200 200 200 200 200 200 200 200 200 200 200 200 200 200 200 200 200 200 200 200 200 200 200 200 200 200 200 200 200 200 200 200 200 200 200 200 200 200 200 200 200 200 200 200 200 200 200 200 200 200 200 200
206
7 12 13 19 10 0 14 15 14 2 6 13 9 20 3 14 19 16 3 2 20 9 11 0 13 14 18 12 13 7 11 14 16 8 1 19 4 15 4 2 1 13 11 6 20 9 4 4 16 18 8 17 6 4 5 0 4 15 17 16 6 18 3 20 8 17 9 18 10 16 16 6 13 17 13 12 18 9 3 14 18 18 17 18 10 10 19 14 10 1 14 17 6 20 5 5 15 20 4 0 9 5 0 7 10 8 13 5 6 14 6 0 8 5 14 11 11 5 15 19 2 9 0 9 7 19 3 15 12 13 4 13 13 20 3 13 7 19 12 18 7 7 18 8 19 2 19 15 19 10 11 5 19 0 16 14 16 11 12 11 2 9 5 0 18 3 11 3 17 14 13 8 17 1 10 1 10 9 20 2 16 0 13 7 5 14 2 17 9 12 12 3 12 3 14 6 3 20 12 2 8 18 9 13 13 10
889
0 200 52 63 91 59 102 116 77 70 74 97 65 84 81 73 114 69 72 67 59 99 80 113 72 109 52 108 107 111 80 61 51 89 112 111 60 99 90 55 86 117 85 119 51 52 99 69 120 67 68 102 57 91 92 98 107 108 60 56 97 103 70 112 117 92 58 74 106 74 54 51 109 82 70 108 81 78 98 110 55 68 55 63 116 54 108 56 103 100 80 112 105 71 68 118 111 108 79 65 79 82 91 73 103 117 76 115 119 101 78 102 109 57 118 117 115 58 79 64 50 110 83 66 60 66 96 56 114 58 84 68 99 77 58 72 74 51 95 107 81 81 84 89 115 100 81 97 74 103 82 68 98 75 96 119 111 69 65 105 89 50 58 84 100 63 61 72 104 85 63 84 98 61 50 78 105 115 59 52 61 77 52 61 92 110 77 100 80 108 112 90 79 112 72 68 120 89 103 91 60 60 102 84 64 110 98 81 107 61 95 99 111 59 65 61 71 118 54 109 53 68 72 71 113 111 94 89 54 86 90 96 58 73 90 101 97 95 80 103 78 115 100 104 51 73 84 90 52 112 119 73 74 52 53 89 76 83 75 72 109 91 96 91 96 101 82 120 111 72 84 74 72 53 89 52 103 71 117 108 64 58 112 114 79 60 50 115 56 56 65 111 110 109 74 66 93 102 94 65 78 54 54 76 51 71 73 59 67 68 67 85 81 108 100 111 101 99 87 84 119 75 53 56 50 113 94 119 52 86 67 64 80 117 102 106 102 67 114 53 91 59 108 77 71 51 86 118 53 105 99 103 106 80 90 94 93 107 91 95 115 70 115 90 83 119 53 115 60 55 120 51 54 85 57 52 82 98 105 71 98 56 96 96 112 88 80 103 108 99 99 80 116 90 110 93 69 89 60 87 80 111 50 102 50 113 79 71 52 83 52 108 74 84 87 109 100 75 105 69 77 97 93 52 95 111 119 71 50 97 94 58 62 84 103 81 93 53 67 64 70 68 53 114 93 75 50 55 81 101 54 55 92 83 111 75 89 114 104 51 104 61 52 96 110 119 56 61 75 104 70 72 120 58 56 69 93 57 83 65 86 81 66 69 99 120 82 116 79 73 116 111 73 90 66 73 51 86 117 104 98 78 51 101 81 53 118 51 105 103 57 90 71 61 76 55 59 54 113 80 57 113 110 86 55 112 118 118 79 62 119 102 105 112 50 112 101 93 97 71 74 77 113 120 82 119 87 58 107 95 93 102 80 119 54 107 90 115 113 93 107 111 54 108 116 79 74 116 90 73 83 74 94 64 82 101 51 67 79 107 71 74 76 59 120 71 61 83 95 109 114 110 71 75 77 103 93 56 69 65 93 60 66 92 116 101 115 56 57 57 94 94 66 103 81 86 89 88 75 55 53 100 83 114 66 50 118 107 72 63 85 99 83 72 64 93 75 58 61 71 116 84 82 94 118 90 89 91 54 91 118 52 106 120 55 83 86 100 63 85 106 86 92 120 72 55 62 69 99 90 82 64 65 119 80 106 118 105 73 105 104 111 111 98 51 82 92 54 50 98 111 106 85 98 55 58 54 83 61 77 83 82 66 86 118 59 115 114 59 90 111 115 106 64 62 74 64 50 85 105 116 113 70 93 63 50 85 80 109 76 88 66 101 86 67 82 114 78 70 60 112 120 89 62 113 70 52 111 117 101 75 92 57 61 51 51 72 76 61 56 69 79 117 112 63 52 119 88 90 111 97 71 101 86 107 88 60 93 101 92 99 84 115 116 72 65 120 115 81 107 61 98 120 70 88 107 84 69 115 73 92 62 95 71 83 120 112 111 95 77 60 62 54 105 51 88 51 67 92 112 100 118 90 68 70 80 68 65 59 78 87 55 83 107 62 64 119 118 55 76 89 117 56 65 90 56 74 89 52 50 59 92 69 106 51 58 61 53 94 108 83 95 52 100 68 78 88 120 95 54 69 66 102 94 120 81 107 109 85 106 89 64 79 113 78 119 79 82 200
353
68 147 68 147 147 147 147 68 68 68 68 147 147 68 147 68 147 68 147 68 147 68 147 147 147 68 68 147 68 147 68 147 147 147 68 147 147 147 68 147 147 68 68 68 147 68 68 68 68 68 68 147 68 147 147 147 68 68 147 68 68 68 68 68 68 147 68 68 147 147 68 68 68 147 147 147 68 68 68 68 68 68 68 68 68 147 147 147 68 147 147 68 147 68 147 68 68 147 147 147 147 147 147 68 147 147 147 147 68 147 68 147 68 147 68 147 68 147 68 147 68 147 68 68 68 68 68 68 147 147 147 68 68 147 147 68 147 147 147 68 68 68 68 147 147 68 68 147 147 68 68 68 68 147 68 68 147 147 68 68 68 147 68 68 147 147 147 68 147 68 147 68 147 68 147 147 147 147 68 68 147 68 147 147 68 147 68 68 147 68 147 147 68 68 68 68 147 147 68 68 68 147 68 68 68 147 68 147 147 68 68 68 147 147 68 147 68 68 68 147 147 147 147 147 68 147 68 147 68 147 147 147 147 147 147 68 68 147 68 68 147 147 147 147 147 147 147 68 68 68 68 147 147 68 147 68 147 147 68 147 68 68 147 68 68 147 147 68 147 147 68 147 147 147 68 147 68 68 68 147 68 68 68 147 68 68 68 147 147 147 68 68 68 147 147 68 68 147 147 68 68 68 147 68 147 68 68 147 68 68 68 147 68 68 147 147 147 68 147 147 68 147 147 147 147 147 68 147 68 68 147 68 147 68 68 68 68 68 68 68 68 68 147 68 147 147 147 68 68 147 68 68 147
423
20 8 9 20 18 185 5 20 17 5 178 15 13 13 162 19 154 14 20 197 189 158 13 174 1 3 20 182 18 0 13 6 14 8 1 16 16 12 11 13 14 2 12 186 8 8 15 3 7 7 10 168 0 4 4 0 198 4 20 6 195 169 13 173 200 3 4 152 8 174 12 7 19 1 2 13 168 2 4 173 17 3 0 168 200 13 8 173 0 168 6 4 19 12 17 11 5 7 4 20 3 5 180 7 8 6 16 3 5 2 9 10 5 5 11 13 8 2 16 15 182 162 9 19 14 2 192 11 19 9 186 6 0 4 12 4 4 1 163 1 4 3 183 160 16 170 160 8 3 13 4 11 11 7 16 15 5 155 182 19 1 197 8 187 176 13 5 19 16 154 13 194 15 15 5 15 7 11 8 177 11 5 0 11 187 175 4 150 4 2 199 13 154 2 192 1 170 16 157 150 1 2 160 9 5 17 7 4 7 2 7 6 7 181 5 163 4 20 12 6 175 0 11 3 13 11 177 152 6 171 12 184 151 17 9 9 20 20 10 2 14 15 6 20 12 3 12 17 151 8 6 160 16 17 197 20 18 2 18 0 7 4 19 14 6 3 164 17 18 174 20 12 8 17 6 200 4 150 17 186 4 180 10 165 5 179 19 3 10 9 13 15 7 184 165 4 13 13 165 18 165 19 12 10 19 188 13 7 7 164 200 195 2 15 12 0 153 8 13 167 6 13 10 197 17 7 8 12 5 182 175 0 18 7 4 6 8 7 187 16 17 187 5 7 8 161 2 171 13 17 13 191 154 0 165 9 3 9 20 2 20 11 0 16 7 14 11 5 18 16 4 178 14 13 172 176 19 176 2 8 14 13 0 0 13 14 181 10 2 190 13 9 6 9 3 1 3 189 12 1 6 10 189 196 5 2 196 6 9 5 1 8 19 15 5 17 194 2 18 19 153 3 14
445
11 13 17 13 19 19 14 11 9 20 11 0 13 19 14 16 2 7 9 0 10 13 3 14 0 6 6 12 11 13 6 12 4 18 15 11 2 14 7 5 9 2 7 16 1 16 18 20 16 10 9 19 18 3 8 3 11 8 8 1 15 11 17 16 0 13 11 20 1 10 3 20 11 9 10 11 7 0 8 5 6 16 3 3 2 20 5 1 15 8 16 13 13 20 14 6 14 16 11 15 4 11 6 13 18 8 2 14 15 16 7 15 0 16 16 19 6 8 7 12 13 18 4 15 10 6 1 12 20 3 15 10 0 6 13 7 13 13 10 14 3 19 18 10 19 11 5 10 15 8 9 4 1 5 17 16 11 17 11 3 19 11 0 9 20 10 12 9 1 5 1 13 10 5 19 11 3 0 13 9 13 20 17 2 2 8 4 5 2 18 12 14 0 4 19 7 18 10 3 3 9 19 0 8 15 18 18 10 17 3 13 16 8 12 11 4 18 18 5 20 1 12 11 14 19 3 19 11 0 0 17 12 10 7 10 15 11 8 11 7 2 14 20 12 10 17 16 14 0 5 6 5 5 11 3 9 13 16 0 14 6 2 13 18 16 4 17 11 8 7 12 0 8 16 11 10 7 5 3 15 7 13 2 6 20 17 4 0 19 1 6 8 11 12 0 2 16 2 13 8 7 10 15 14 2 8 16 10 7 16 3 8 3 16 14 6 5 7 6 3 19 19 19 18 20 11 8 13 16 5 17 8 14 7 3 6 0 10 7 7 1 12 0 3 20 16 17 9 20 1 1 18 14 1 9 16 17 3 0 9 7 1 0 0 14 6 19 15 18 3 2 15 6 19 10 20 3 11 8 10 18 11 4 13 16 9 13 9 7 19 0 18 11 13 10 17 19 8 15 6 18 19 12 19 10 13 19 14 20 5 9 0 20 10 13 10 20 5 9 5 0 15 10 7 6 15 7 7 18 13 5 2 3 8 16 14 10 13 12 20 14 4 3 15 4
753
0 200 81 120 83 62 104 77 50 113 76 50 88 89 66 68 99 83 118 93 73 85 53 77 95 101 101 93 52 110 59 91 111 90 112 110 65 94 115 54 79 86 55 82 105 94 71 103 85 76 97 76 54 119 71 62 56 83 67 60 51 114 95 105 100 67 65 94 106 95 91 77 63 58 114 107 109 120 101 95 64 62 78 71 97 88 85 83 97 65 87 94 88 117 63 91 72 86 85 63 89 99 68 120 115 59 62 64 103 95 62 93 51 103 83 105 83 104 80 65 50 74 100 59 80 88 72 113 50 60 120 57 64 61 93 59 60 68 93 90 78 112 89 119 63 59 73 118 80 72 79 95 83 62 97 68 57 83 101 71 114 73 109 73 95 114 67 105 112 117 90 51 103 101 67 56 63 79 91 103 69 105 97 66 107 69 72 75 97 88 103 83 82 100 82 73 87 65 100 76 111 52 115 88 88 100 60 72 80 101 61 100 98 105 51 60 55 60 51 69 58 93 111 57 67 109 95 90 89 119 119 88 110 77 99 109 101 99 61 107 63 86 104 113 84 61 71 62 61 99 52 60 80 56 111 84 53 99 115 76 94 83 56 75 117 118 58 62 76 86 97 72 109 89 78 90 52 77 112 120 116 114 61 57 62 62 112 117 64 93 82 59 105 83 113 93 118 56 50 73 120 114 114 82 51 112 108 119 59 63 92 98 96 81 75 93 69 54 110 98 79 78 117 103 119 117 60 87 73 102 119 104 64 56 90 63 95 89 89 56 54 91 84 73 93 111 84 97 100 56 113 108 74 80 105 69 92 76 93 112 106 86 84 70 120 53 119 118 86 109 102 93 50 113 80 85 75 79 117 74 73 53 116 88 90 65 108 116 82 78 120 67 52 85 66 94 102 76 110 78 85 58 92 96 69 117 81 70 57 119 103 99 52 80 104 56 70 79 103 105 91 83 115 70 50 61 90 76 117 51 88 109 92 75 78 50 78 95 111 63 105 63 59 67 59 52 94 107 107 108 86 69 91 70 116 56 58 111 74 92 103 55 63 56 67 59 73 107 106 92 67 117 116 51 91 112 94 59 108 114 96 112 101 79 64 97 108 99 104 98 119 63 92 98 96 103 97 50 54 100 78 90 51 104 57 80 119 108 68 57 97 88 64 100 112 85 65 52 50 97 65 52 55 97 59 104 54 50 67 76 62 86 67 88 104 78 82 67 118 77 59 77 100 81 99 88 72 113 114 111 91 56 92 98 101 74 117 93 102 109 70 116 90 51 67 63 81 72 62 82 101 103 64 70 55 117 96 52 73 110 100 84 104 52 80 64 91 86 103 56 62 76 87 102 114 110 108 88 82 107 89 99 114 118 59 70 51 58 60 108 94 51 98 72 110 104 53 65 57 89 63 70 115 105 112 57 78 64 116 77 71 80 77 93 52 116 88 98 109 67 111 92 94 74 102 92 54 94 57 70 101 112 60 70 52 55 74 113 54 73 102 58 96 71 66 53 115 80 108 105 54 79 56 113 99 74 68 93 109 67 105 71 89 102 50 84 98 89 73 104 76 57 99 50 63 94 95 82 106 83 78 108 101 112 97 113 101 85 90 119 113 82 61 59 82 66 109 66 96 85 69 93 102 51 97 107 74 61 61 93 89 115 97 119 58 70 58 59 99 83 91 69 79 112 84 109 60 107 104 94 115 90 200
111
200 200 200 200 200 200 200 200 200 200 200 200 200 200 200 200 200 200 200 200 200 200 200 200 200 200 200 200 200 200 200 200 200 200 200 200 200 200 200 200 200 200 200 200 200 200 200 200 200 200 200 200 200 200 200 200 200 200 200 200 200 200 200 200 200 200 200 200 200 200 200 200 200 200 200 200 200 200 200 200 200 200 200 200 200 200 200 200 200 200 200 200 200 200 200 200 200 200 200 200 200 200 200 200 200 200 200 200 200 200 200
280
8 5 17 4 20 2 16 7 12 0 18 6 19 15 15 7 7 2 15 8 9 17 16 5 10 0 2 8 16 3 13 14 20 8 6 11 8 8 18 3 18 8 1 4 4 16 5 1 18 19 0 12 4 18 19 13 3 20 20 11 17 20 13 6 14 20 7 1 16 1 1 8 5 17 1 2 17 15 11 20 5 11 5 14 11 12 9 10 13 5 13 8 3 18 17 20 10 14 13 6 18 7 18 13 6 15 5 2 3 19 15 0 12 19 19 19 12 9 5 20 10 2 10 18 5 20 17 18 0 8 12 19 6 6 4 7 17 4 2 20 9 10 1 15 17 12 4 19 16 13 19 10 11 9 11 16 20 4 17 14 17 18 2 4 16 19 7 17 3 18 14 8 5 0 2 4 3 1 13 3 6 0 1 17 5 2 3 17 2 2 12 1 3 11 2 1 1 7 19 12 0 15 1 1 4 6 7 14 9 4 15 0 3 12 19 12 14 17 6 17 9 19 11 20 1 18 0 2 4 4 10 17 4 3 19 10 1 20 11 7 16 18 1 17 17 12 4 20 16 14 0 11 16 11 20 4 8 17 8 6 11 15 11 18 6 5 12 15 4 19 12 7 3 2 13 14 6 1 15 5
483
10 190 14 9 181 12 3 12 1 19 178 4 16 157 9 0 12 18 162 189 13 181 156 16 0 182 16 5 186 14 9 3 3 14 4 178 16 13 18 157 0 17 0 1 13 8 1 187 4 178 16 14 12 198 16 159 152 17 4 10 16 20 13 14 13 5 1 4 8 17 4 10 1 10 17 8 189 16 197 2 18 181 181 2 160 9 1 1 16 19 19 15 6 16 11 6 179 17 10 8 11 1 14 16 1 10 188 200 164 14 18 14 5 17 6 14 3 18 9 8 152 159 188 6 2 194 20 16 10 11 17 179 19 8 191 20 166 0 9 8 4 195 8 18 1 195 2 8 181 12 5 8 3 17 12 20 11 6 10 20 169 19 153 12 199 6 2 0 3 155 6 4 0 9 4 13 3 173 1 15 10 16 15 2 183 192 16 5 2 2 187 6 12 156 2 3 157 17 175 4 8 3 19 157 8 17 183 13 4 13 15 17 4 0 3 198 20 174 2 14 6 187 12 12 3 18 178 0 12 4 17 175 20 183 193 2 1 17 11 19 170 7 11 14 15 11 17 19 196 8 16 177 178 17 12 159 4 17 161 2 15 189 183 9 4 18 6 174 18 0 4 13 18 13 6 7 18 18 15 11 2 4 11 3 18 1 3 15 198 6 12 6 7 6 184 6 17 7 9 7 183 13 15 16 1 2 5 151 195 15 6 20 3 11 19 162 157 13 11 0 12 175 7 5 7 11 8 11 18 19 157 9 6 20 165 17 3 16 10 3 175 161 3 9 3 8 12 13 18 196 200 178 12 7 4 4 10 8 9 20 15 19 11 10 11 5 10 19 9 13 11 0 5 19 152 16 6 19 8 18 13 15 16 9 11 162 12 175 5 8 16 0 11 11 169 18 13 172 20 10 0 12 175 19 10 182 192 17 160 3 7 10 4 0 150 14 171 195 190 17 5 155 19 169 175 12 6 18 187 0 152 16 18 6 12 6 10 20 1 196 15 3 13 4 178 9 14 9 6 16 167 20 4 3 10 15 19 186 152 3 13 14 0 19 12 0 6 3 10 186 168 19 17 14 6 0 17 19 15 162 5 152 11
561
0 0 0 0 0 0 0 0 0 0 0 0 0 0 0 0 0 0 0 0 0 0 0 0 0 0 0 0 0 0 0 0 0 0 0 0 0 0 0 0 0 0 0 0 0 0 0 0 0 0 0 0 0 0 0 0 0 0 0 0 0 0 0 0 0 0 0 0 0 0 0 0 0 0 0 0 0 0 0 0 0 0 0 0 0 0 0 0 0 0 0 0 0 0 0 0 0 0 0 0 0 0 0 0 0 0 0 0 0 0 0 0 0 0 0 0 0 0 0 0 0 0 0 0 0 0 0 0 0 0 0 0 0 0 0 0 0 0 0 0 0 0 0 0 0 0 0 0 0 0 0 0 0 0 0 0 0 0 0 0 0 0 0 0 0 0 0 0 0 0 0 0 0 0 0 0 0 0 0 0 0 0 0 0 0 0 0 0 0 0 0 0 0 0 0 0 0 0 0 0 0 0 0 0 0 0 0 0 0 0 0 0 0 0 0 0 0 0 0 0 0 0 0 0 0 0 0 0 0 0 0 0 0 0 0 0 0 0 0 0 0 0 0 0 0 0 0 0 0 0 0 0 0 0 0 0 0 0 0 0 0 0 0 0 0 0 0 0 0 0 0 0 0 0 0 0 0 0 0 0 0 0 0 0 0 0 0 0 0 0 0 0 0 0 0 0 0 0 0 0 0 0 0 0 0 0 0 0 0 0 0 0 0 0 0 0 0 0 0 0 0 0 0 0 0 0 0 0 0 0 0 0 0 0 0 0 0 0 0 0 0 0 0 0 0 0 0 0 0 0 0 0 0 0 0 0 0 0 0 0 0 0 0 0 0 0 0 0 0 0 0 0 0 0 0 0 0 0 0 0 0 0 0 0 0 0 0 0 0 0 0 0 0 0 0 0 0 0 0 0 0 0 0 0 0 0 0 0 0 0 0 0 0 0 0 0 0 0 0 0 0 0 0 0 0 0 0 0 0 0 0 0 0 0 0 0 0 0 0 0 0 0 0 0 0 0 0 0 0 0 0 0 0 0 0 0 0 0 0 0 0 0 0 0 0 0 0 0 0 0 0 0 0 0 0 0 0 0 0 0 0 0 0 0 0 0 0 0 0 0 0 0 0 0 0 0 0 0 0 0 0 0 0 0 0 0 0 0 0 0 0 0 0 0 0 0 0 0 0 0 0 0 0 0 0 0 0 0 0 0 0 0 0 0 0 0 0 0 0 0 0 0 0 0 0 0 0 0 0 0 0 0 0 0 0 0 0 0 0 0 0
40
200 200 200 200 200 200 200 200 200 200 200 200 200 200 200 200 200 200 200 200 200 200 200 200 200 200 200 200 200 200 200 200 200 200 200 200 200 200 200 200
737
0 200 57 97 82 103 81 68 74 113 65 95 51 51 68 116 77 119 79 100 106 108 106 70 85 110 64 86 105 105 96 86 78 93 83 87 68 107 54 114 118 77 89 76 59 107 64 110 88 79 98 95 73 60 95 95 71 108 68 82 89 75 102 57 53 116 51 82 84 70 85 102 110 52 74 102 51 50 76 92 79 92 70 68 97 102 66 80 69 60 110 85 81 86 81 100 97 96 111 82 62 90 59 70 84 54 71 87 89 111 117 98 72 67 72 93 58 95 78 67 100 83 92 105 100 113 72 62 74 54 95 117 95 82 90 83 52 58 115 105 58 113 105 90 98 96 97 92 99 120 103 55 54 115 75 106 58 97 100 91 65 110 50 118 76 78 98 81 50 109 61 80 109 69 60 67 71 82 50 76 60 98 110 84 119 51 102 92 73 89 96 66 83 113 85 89 118 102 105 117 60 68 119 74 66 89 97 80 53 80 65 114 72 118 83 75 97 91 108 75 84 86 65 51 57 64 76 65 79 104 96 80 111 85 117 115 84 94 99 80 114 82 79 72 116 83 86 85 61 64 55 66 106 64 60 83 106 85 94 93 94 72 93 72 76 86 93 78 110 52 115 70 74 59 117 93 80 110 111 93 52 116 99 61 118 80 115 118 111 61 116 71 101 111 60 99 111 101 96 102 92 114 53 57 103 93 66 91 60 90 69 56 106 116 69 90 78 86 77 99 117 80 97 61 92 117 82 93 112 96 73 60 92 79 71 99 106 115 103 112 80 93 73 52 88 65 104 84 92 120 107 78 75 79 108 111 112 99 97 76 111 119 79 115 50 117 78 84 115 120 112 107 108 76 77 111 118 90 115 84 70 77 115 66 62 110 116 102 82 62 88 111 84 58 116 58 70 83 86 102 60 72 104 101 88 100 61 114 81 85 69 95 73 94 79 60 53 53 91 100 50 57 108 51 76 54 117 78 116 72 76 52 69 81 100 71 63 84 53 112 67 83 69 113 85 57 54 83 80 112 64 53 97 68 93 64 106 115 58 53 68 103 99 67 54 115 90 92 85 96 58 75 111 106 114 96 54 114 72 60 99 53 78 74 116 94 116 91 84 120 95 97 119 69 120 110 73 52 80 51 76 56 95 70 89 62 83 52 66 112 76 52 114 53 99 83 63 87 72 66 91 64 71 113 75 111 117 71 55 72 95 61 72 88 112 82 110 103 76 119 81 54 83 65 99 93 80 62 50 76 81 80 74 109 92 50 51 96 88 108 93 116 65 99 87 56 81 93 80 57 53 93 77 85 74 77 89 110 76 98 86 58 82 85 102 82 102 68 67 52 53 83 86 79 52 117 70 69 83 84 65 82 55 53 52 81 78 82 65 60 98 81 110 90 105 84 108 98 76 80 56 83 96 101 68 74 55 98 51 57 112 106 74 117 86 102 60 55 71 58 81 101 120 104 70 113 111 107 63 120 106 105 84 62 98 93 97 98 114 64 108 90 71 78 112 55 82 65 113 50 92 107 109 79 104 59 77 65 86 99 96 90 111 104 118 105 91 94 55 65 108 92 89 91 94 58 90 52 112 98 97 103 100 63 100 61 85 56 97 98 98 67 84 57 52 67 73 100 117 50 106 119 58 53 103 74 115 51 113 66 70 57 104 69 113 77 200
671
0 200 71 83 117 84 111 86 75 55 60 76 86 70 101 87 56 67 53 98 114 72 53 55 69 73 76 55 89 79 72 103 110 74 112 86 88 105 110 108 56 57 72 61 119 94 64 64 80 75 79 112 109 58 103 118 91 66 94 111 120 110 55 55 105 82 66 114 86 55 97 100 65 58 119 69 71 117 100 112 105 104 109 119 98 67 87 111 79 120 100 73 72 113 91 55 92 99 52 53 61 91 100 68 91 82 62 116 91 75 86 108 81 84 100 99 59 69 60 90 117 78 62 80 114 72 106 58 119 50 103 104 95 101 56 105 54 51 70 75 69 71 57 84 118 62 56 90 95 94 83 58 62 67 115 67 52 96 55 120 110 64 77 115 93 60 81 70 57 74 87 61 88 76 81 86 119 87 79 70 108 117 102 81 57 84 75 60 109 85 108 65 89 62 67 107 94 69 113 119 90 119 109 50 73 116 118 79 81 83 62 66 109 73 82 57 106 61 98 88 93 100 84 53 101 53 82 103 71 79 100 105 65 89 99 119 110 110 117 79 100 74 82 84 106 55 116 110 73 84 113 72 66 82 78 98 76 73 113 61 97 70 109 75 96 107 97 96 107 50 54 97 113 66 120 90 116 54 67 92 120 62 105 103 108 61 60 54 97 97 101 76 76 120 68 68 98 92 70 79 104 59 70 85 54 112 120 99 101 92 67 83 68 96 108 74 119 93 113 91 93 68 57 51 68 52 112 71 108 93 95 107 83 92 79 80 78 51 101 58 117 86 101 71 62 65 99 74 98 108 67 102 83 100 117 78 104 110 91 96 109 99 52 62 53 113 55 63 76 69 80 92 85 63 104 63 86 88 70 99 117 105 113 115 92 50 100 77 88 82 101 92 80 67 117 97 87 74 58 96 67 100 104 116 66 119 116 89 99 66 101 86 93 77 120 110 86 52 77 80 79 94 79 112 117 91 94 60 108 72 76 96 65 53 67 57 66 67 74 55 111 78 71 83 88 96 99 50 89 69 88 61 111 99 67 90 73 92 110 112 75 120 91 108 120 59 111 85 114 93 92 111 58 74 70 55 110 116 120 70 80 87 80 81 115 111 72 118 89 89 74 79 81 57 63 118 93 59 50 90 55 81 95 50 101 87 87 58 87 86 76 116 91 96 60 57 56 94 112 64 66 57 95 117 67 86 97 76 114 64 69 72 55 99 87 110 61 72 65 80 93 61 58 70 92 96 62 103 78 120 53 96 119 71 109 96 111 88 61 77 63 66 51 111 75 95 114 64 61 64 84 109 64 66 101 70 109 118 115 82 61 84 58 77 119 100 66 106 102 105 105 72 69 69 115 91 72 56 96 85 113 75 86 73 91 82 59 71 70 108 104 80 55 89 103 54 112 51 120 100 104 71 102 71 118 83 87 61 102 99 88 89 60 103 114 71 94 104 82 74 69 70 93 100 73 114 113 120 61 56 114 57 116 93 109 61 94 94 83 66 61 107 68 105 50 58 51 87 76 118 200
7
167 3 10 181 192 1 13
365
3 190 35 190 3 190 190 35 3 35 190 3 190 35 35 35 3 35 190 190 190 3 3 190 3 3 190 3 35 3 190 190 190 190 190 3 3 3 35 190 3 3 35 35 3 3 35 35 190 35 3 35 35 3 3 3 190 3 190 35 35 3 3 35 190 3 3 35 35 3 3 3 35 35 35 3 35 190 3 3 3 3 3 190 190 190 3 3 190 3 3 35 3 35 190 35 190 35 35 3 35 35 35 190 3 35 3 35 190 190 3 35 35 35 35 3 190 35 35 190 190 190 3 35 3 190 190 190 35 3 35 190 3 190 3 190 35 3 190 35 35 190 190 3 3 35 190 3 35 3 35 3 35 35 190 35 35 3 35 3 35 190 35 35 35 190 35 35 3 190 190 3 35 3 190 190 35 190 190 190 35 3 190 35 3 35 35 35 3 190 3 35 190 35 3 35 190 3 3 35 35 35 190 35 190 35 3 190 35 35 35 35 35 3 190 190 3 3 3 3 35 35 35 190 190 35 35 3 190 190 190 3 190 190 35 190 3 3 35 3 3 3 190 35 3 190 3 3 190 35 190 35 190 3 190 190 3 190 190 3 3 3 3 35 35 35 35 190 190 190 190 35 35 3 3 190 35 35 190 190 190 35 3 35 35 190 35 3 190 190 190 35 3 35 35 35 3 190 35 190 190 3 190 3 3 190 190 190 35 190 190 35 35 190 3 190 35 3 35 3 35 35 3 35 35 190 35 35 3 3 35 190 190 35 190 35 3 190 190 35 190 3 190 3 190 3 35 3 35 190 3 35 190 35 35 190 190 35 190 190 3 190 190 190 35
242
0 200 61 81 59 78 94 51 65 84 89 100 95 77 114 74 73 118 101 62 79 68 112 61 90 77 111 53 75 77 72 81 107 113 95 101 86 65 92 76 51 116 69 63 68 101 105 93 80 117 113 81 67 117 95 114 109 55 119 59 68 97 81 96 110 107 51 102 59 105 77 73 120 74 66 77 58 97 98 69 120 101 98 58 88 72 55 69 111 119 98 120 81 117 103 57 70 81 75 54 65 77 117 115 89 66 89 73 69 51 89 52 83 55 92 109 68 97 60 113 69 62 76 119 82 65 111 61 74 71 71 79 107 93 55 117 89 81 119 118 106 120 92 66 117 52 111 53 88 56 62 101 85 98 93 55 83 114 120 101 92 76 52 68 108 86 120 63 102 89 112 65 106 71 116 72 87 120 93 66 82 102 88 81 105 66 74 117 88 64 117 52 101 92 51 77 71 59 81 56 75 51 50 109 110 60 61 63 61 101 81 56 95 99 86 66 75 97 73 80 94 111 119 51 79 81 75 112 55 93 91 92 77 71 55 77 115 111 103 81 96 200
255
14 16 14 0 6 18 4 2 19 20 17 7 19 1 9 17 6 19 17 19 1 0 16 5 9 14 1 2 12 10 13 10 16 1 6 14 3 9 11 10 20 8 14 7 4 16 16 16 6 17 2 3 20 14 8 8 15 0 3 18 15 8 16 1 0 13 1 9 0 14 13 7 10 1 3 12 19 6 17 14 9 1 1 3 19 2 16 6 8 6 13 12 8 19 13 9 19 18 12 10 0 11 5 12 17 1 14 19 10 10 15 2 19 5 7 17 15 13 19 9 1 5 10 12 3 18 8 11 4 3 16 14 2 7 20 11 8 16 11 17 18 14 9 15 1 9 18 5 2 6 9 14 3 14 11 18 8 14 8 14 10 6 17 4 4 8 10 18 4 17 7 4 13 19 8 13 2 14 9 4 18 19 7 11 5 16 5 2 11 10 5 7 11 6 18 18 1 15 1 10 6 3 14 20 15 19 7 16 15 19 11 18 11 4 14 9 7 20 14 14 17 8 0 20 18 12 16 16 8 4 12 2 2 1 18 13 6 8 2 18 4 15 11 9 18 0 8 11 2 18 20 0 4 15 4
50
113 187 49 114 65 107 35 50 35 95 46 86 88 10 60 2 138 67 131 92 140 27 57 196 178 112 197 139 22 17 159 152 72 168 133 61 66 20 140 48 13 175 41 26 37 190 78 28 127 0
606
19 16 152 1 14 12 4 12 13 10 18 179 15 11 18 16 3 2 17 11 10 8 11 154 161 9 17 8 7 11 2 0 165 5 7 3 9 3 153 177 3 0 171 9 13 14 5 17 196 3 8 20 20 18 14 14 15 0 14 194 18 15 152 1 11 182 2 183 175 9 7 19 2 5 11 4 150 19 194 2 0 9 14 151 5 0 9 16 6 11 6 161 176 20 182 160 18 18 9 163 16 8 16 159 3 0 171 11 155 9 14 11 15 153 20 7 153 10 19 188 11 15 17 15 14 161 12 191 8 12 12 5 11 165 12 186 5 8 7 17 5 195 15 3 18 10 193 192 0 7 197 188 16 13 172 11 13 16 17 6 162 9 12 182 14 1 17 13 5 155 14 7 175 164 17 2 6 11 20 11 8 8 153 1 2 10 1 9 5 1 20 172 12 7 20 155 11 172 2 16 16 6 11 7 16 189 11 1 9 7 192 13 4 6 8 8 19 8 6 2 9 9 3 15 4 185 17 13 166 20 2 4 3 18 19 20 2 0 4 19 188 182 19 14 188 6 3 2 159 13 3 17 17 8 18 195 2 0 0 12 20 180 17 195 10 184 4 17 20 12 16 13 5 17 20 6 18 20 1 17 196 4 185 1 0 20 7 2 154 0 186 158 15 5 3 173 168 4 3 16 177 7 155 192 196 14 14 15 7 2 181 5 172 18 13 20 10 161 2 189 196 1 159 16 4 17 14 7 14 7 0 15 6 18 18 16 2 9 12 17 9 19 14 178 4 5 7 12 189 152 5 18 175 186 17 6 4 2 2 183 8 6 16 10 8 16 0 185 20 11 156 185 20 6 15 3 20 7 12 165 17 199 19 9 19 16 16 20 7 15 13 13 14 4 2 178 19 15 185 166 5 20 11 169 6 13 15 16 9 171 160 0 7 9 150 15 161 4 10 9 20 18 17 18 182 12 1 168 17 14 15 18 160 1 160 8 3 154 185 2 15 6 8 15 15 0 177 11 5 191 4 192 195 8 180 20 12 179 18 165 7 15 20 151 7 151 3 3 0 11 0 5 19 13 5 4 16 8 18 3 6 4 18 11 11 163 19 19 15 8 7 199 19 20 3 1 20 14 0 8 14 1 2 10 11 163 173 12 4 13 14 0 20 172 19 189 173 12 20 18 4 19 13 12 179 178 153 18 7 13 4 164 6 169 16 15 189 20 8 18 3 20 6 13 4 5 9 8 19 15 172 0 11 166 19 2 185 14 1 179 3 4 194 3 7 11 8 5 16 14 11 4 14 16 0 20 11 3 20 198 8 1 17 188 18 14 7 5 6 8 198 9 17 5 12 18 19 16 12 17 14 7 9 10 0 11
53
1 16 0 11 152 165 0 3 16 2 20 18 0 7 8 2 3 6 183 17 11 2 13 162 13 1 1 13 4 12 10 14 6 10 15 18 13 8 20 151 16 7 3 168 17 15 15 3 2 20 12 5 2
926
0 0 0 0 0 0 0 0 0 0 0 0 0 0 0 0 0 0 0 0 0 0 0 0 0 0 0 0 0 0 0 0 0 0 0 0 0 0 0 0 0 0 0 0 0 0 0 0 0 0 0 0 0 0 0 0 0 0 0 0 0 0 0 0 0 0 0 0 0 0 0 0 0 0 0 0 0 0 0 0 0 0 0 0 0 0 0 0 0 0 0 0 0 0 0 0 0 0 0 0 0 0 0 0 0 0 0 0 0 0 0 0 0 0 0 0 0 0 0 0 0 0 0 0 0 0 0 0 0 0 0 0 0 0 0 0 0 0 0 0 0 0 0 0 0 0 0 0 0 0 0 0 0 0 0 0 0 0 0 0 0 0 0 0 0 0 0 0 0 0 0 0 0 0 0 0 0 0 0 0 0 0 0 0 0 0 0 0 0 0 0 0 0 0 0 0 0 0 0 0 0 0 0 0 0 0 0 0 0 0 0 0 0 0 0 0 0 0 0 0 0 0 0 0 0 0 0 0 0 0 0 0 0 0 0 0 0 0 0 0 0 0 0 0 0 0 0 0 0 0 0 0 0 0 0 0 0 0 0 0 0 0 0 0 0 0 0 0 0 0 0 0 0 0 0 0 0 0 0 0 0 0 0 0 0 0 0 0 0 0 0 0 0 0 0 0 0 0 0 0 0 0 0 0 0 0 0 0 0 0 0 0 0 0 0 0 0 0 0 0 0 0 0 0 0 0 0 0 0 0 0 0 0 0 0 0 0 0 0 0 0 0 0 0 0 0 0 0 0 0 0 0 0 0 0 0 0 0 0 0 0 0 0 0 0 0 0 0 0 0 0 0 0 0 0 0 0 0 0 0 0 0 0 0 0 0 0 0 0 0 0 0 0 0 0 0 0 0 0 0 0 0 0 0 0 0 0 0 0 0 0 0 0 0 0 0 0 0 0 0 0 0 0 0 0 0 0 0 0 0 0 0 0 0 0 0 0 0 0 0 0 0 0 0 0 0 0 0 0 0 0 0 0 0 0 0 0 0 0 0 0 0 0 0 0 0 0 0 0 0 0 0 0 0 0 0 0 0 0 0 0 0 0 0 0 0 0 0 0 0 0 0 0 0 0 0 0 0 0 0 0 0 0 0 0 0 0 0 0 0 0 0 0 0 0 0 0 0 0 0 0 0 0 0 0 0 0 0 0 0 0 0 0 0 0 0 0 0 0 0 0 0 0 0 0 0 0 0 0 0 0 0 0 0 0 0 0 0 0 0 0 0 0 0 0 0 0 0 0 0 0 0 0 0 0 0 0 0 0 0 0 0 0 0 0 0 0 0 0 0 0 0 0 0 0 0 0 0 0 0 0 0 0 0 0 0 0 0 0 0 0 0 0 0 0 0 0 0 0 0 0 0 0 0 0 0 0 0 0 0 0 0 0 0 0 0 0 0 0 0 0 0 0 0 0 0 0 0 0 0 0 0 0 0 0 0 0 0 0 0 0 0 0 0 0 0 0 0 0 0 0 0 0 0 0 0 0 0 0 0 0 0 0 0 0 0 0 0 0 0 0 0 0 0 0 0 0 0 0 0 0 0 0 0 0 0 0 0 0 0 0 0 0 0 0 0 0 0 0 0 0 0 0 0 0 0 0 0 0 0 0 0 0 0 0 0 0 0 0 0 0 0 0 0 0 0 0 0 0 0 0 0 0 0 0 0 0 0 0 0 0 0 0 0 0 0 0 0 0 0 0 0 0 0 0 0 0 0 0 0 0 0 0 0 0 0 0 0 0 0 0 0 0 0 0 0 0 0 0 0 0 0 0 0 0 0 0 0 0 0 0 0 0 0 0 0 0 0 0 0 0 0 0 0 0 0 0 0 0 0 0 0 0 0 0 0 0 0 0 0 0 0 0 0 0 0 0 0 0 0 0 0 0 0 0 0 0 0 0 0 0 0 0 0 0 0 0 0 0 0 0 0 0 0 0 0 0 0 0 0 0 0 0 0 0 0 0 0 0 0 0 0 0 0 0 0 0 0 0 0 0 0 0 0 0 0 0 0 0 0 0 0 0 0 0 0 0 0 0 0 0 0 0 0 0 0
637
8 6 9 12 11 10 16 14 2 2 0 12 13 3 10 3 15 2 16 4 11 6 17 15 13 0 11 15 4 0 4 20 3 13 2 11 3 18 14 6 11 13 19 20 5 6 10 7 4 4 3 14 20 1 15 7 16 2 9 2 11 12 4 19 20 13 4 12 5 17 14 1 8 20 8 0 8 7 1 12 14 8 14 10 4 13 0 7 1 1 15 14 15 13 18 19 14 7 5 4 1 1 2 10 0 13 17 9 0 15 14 0 1 1 11 3 0 0 3 20 3 2 14 18 3 13 18 20 17 12 13 16 15 7 2 9 7 0 8 9 0 7 14 4 13 18 13 19 2 16 14 17 6 8 10 4 7 8 13 19 17 3 7 15 13 16 12 5 0 7 18 6 9 1 15 7 12 12 14 10 17 17 18 9 7 6 10 17 6 19 15 1 2 15 0 9 2 19 2 13 10 9 6 6 5 17 5 14 11 15 1 12 14 8 20 11 5 14 5 14 6 0 6 20 20 0 1 15 16 18 17 0 12 7 0 1 13 1 18 1 4 14 9 11 17 8 8 8 20 5 20 9 7 4 9 4 18 11 12 10 9 2 3 11 16 4 0 19 12 7 10 8 4 14 11 8 5 10 13 4 20 13 8 20 5 4 4 6 11 17 18 19 11 4 18 6 7 15 17 16 11 19 5 15 13 17 19 13 17 15 0 1 8 6 11 10 13 12 6 16 2 8 16 20 19 6 20 8 11 2 5 15 0 13 19 2 20 6 19 2 13 16 8 13 17 12 0 0 7 20 2 2 8 3 2 1 6 6 2 6 11 8 14 5 7 13 13 1 3 5 8 6 16 9 13 9 16 19 10 10 13 2 15 14 5 3 12 11 8 19 18 16 5 20 8 11 8 6 9 8 9 3 16 12 10 15 2 10 3 9 11 19 3 7 1 18 0 20 20 16 14 8 13 0 18 11 4 8 1 11 1 10 1 17 14 3 14 13 6 13 1 1 0 6 3 17 3 16 12 12 11 16 10 14 9 16 17 18 15 14 15 7 8 11 20 14 10 13 4 12 13 16 15 18 13 18 7 18 15 10 17 3 17 16 14 10 17 19 18 17 11 9 18 6 16 1 17 7 5 9 16 15 4 15 15 17 17 6 8 3 8 13 4 0 7 8 2 18 7 20 4 20 9 20 5 7 15 11 8 0 10 0 5 8 14 13 11 0 2 10 16 13 6 11 9 6 9 6 18 12 11 9 11 20 5 2 5 18 2 3 13 4 16 15 8 10 18 16 19 6 14 15 18 14 6 5 6 16 9 11 9 10 10 3 18 14 9 4 2 7 17 14 2 16 5 14 8 9 13 13 11 7 4 12 17 18 7 17 10 6 14 11 13 10 9 15 20 17 5 19 17 18 12 14 19 12 20 10 17 10 19 0 17 8 17 3 8
446
0 0 0 0 0 0 0 0 0 0 0 0 0 0 0 0 0 0 0 0 0 0 0 0 0 0 0 0 0 0 0 0 0 0 0 0 0 0 0 0 0 0 0 0 0 0 0 0 0 0 0 0 0 0 0 0 0 0 0 0 0 0 0 0 0 0 0 0 0 0 0 0 0 0 0 0 0 0 0 0 0 0 0 0 0 0 0 0 0 0 0 0 0 0 0 0 0 0 0 0 0 0 0 0 0 0 0 0 0 0 0 0 0 0 0 0 0 0 0 0 0 0 0 0 0 0 0 0 0 0 0 0 0 0 0 0 0 0 0 0 0 0 0 0 0 0 0 0 0 0 0 0 0 0 0 0 0 0 0 0 0 0 0 0 0 0 0 0 0 0 0 0 0 0 0 0 0 0 0 0 0 0 0 0 0 0 0 0 0 0 0 0 0 0 0 0 0 0 0 0 0 0 0 0 0 0 0 0 0 0 0 0 0 0 0 0 0 0 0 0 0 0 0 0 0 0 0 0 0 0 0 0 0 0 0 0 0 0 0 0 0 0 0 0 0 0 0 0 0 0 0 0 0 0 0 0 0 0 0 0 0 0 0 0 0 0 0 0 0 0 0 0 0 0 0 0 0 0 0 0 0 0 0 0 0 0 0 0 0 0 0 0 0 0 0 0 0 0 0 0 0 0 0 0 0 0 0 0 0 0 0 0 0 0 0 0 0 0 0 0 0 0 0 0 0 0 0 0 0 0 0 0 0 0 0 0 0 0 0 0 0 0 0 0 0 0 0 0 0 0 0 0 0 0 0 0 0 0 0 0 0 0 0 0 0 0 0 0 0 0 0 0 0 0 0 0 0 0 0 0 0 0 0 0 0 0 0 0 0 0 0 0 0 0 0 0 0 0 0 0 0 0 0 0 0 0 0 0 0 0 0 0 0 0 0 0 0 0 0 0 0 0 0 0 0 0 0 0 0 0 0 0 0 0 0 0 0 0 0 0 0 0 0 0 0 0
425
15 12 0 12 12 3 5 3 11 20 6 1 4 2 4 6 2 4 13 7 3 1 11 1 7 14 0 1 13 11 4 8 11 17 4 16 5 3 15 13 9 12 3 14 3 0 11 18 0 4 11 17 15 10 6 2 1 20 9 2 15 2 4 17 12 2 3 10 1 2 10 6 12 2 4 0 2 0 12 7 13 2 4 12 17 7 18 17 11 3 9 7 19 3 11 1 10 7 7 16 14 0 10 19 8 12 17 7 18 10 13 11 11 6 10 9 3 11 12 2 19 15 0 20 17 12 6 19 20 16 11 9 13 20 20 14 7 11 1 15 20 1 8 9 14 13 11 12 10 14 15 15 15 13 12 15 15 16 1 0 7 12 3 16 3 16 10 15 5 5 13 16 18 2 4 3 9 10 9 6 2 19 20 19 15 17 17 6 5 13 5 10 7 17 1 13 0 4 13 9 11 16 12 15 3 15 5 11 12 13 10 2 8 2 8 2 11 13 2 12 2 0 11 19 17 5 12 14 3 14 17 20 20 19 5 4 18 11 6 19 3 7 1 7 1 20 2 14 9 5 19 20 7 13 8 1 7 16 14 7 11 15 12 4 15 4 8 16 9 12 20 8 10 20 14 10 12 7 8 0 11 3 4 8 10 0 18 10 12 10 0 12 1 4 20 9 19 3 15 10 1 8 7 0 9 2 10 0 4 19 19 2 7 17 19 9 4 1 12 14 17 8 3 1 18 15 15 4 7 1 13 18 4 4 16 18 10 18 20 11 16 5 18 3 8 5 14 1 13 15 7 19 11 8 5 17 3 4 9 8 10 0 4 13 13 6 2 17 11 20 8 13 7 5 2 5 19 5 7 13 5 17 1 20 11 13 3 7 5 18 1 18 17 1 20 3 5 4 6 4 15 19 17 5 9 8 9 5 10 19 18 16 7 19 9 9 10 6 1 14 4 8 2 5 4
128
7 19 17 2 0 10 8 14 19 12 1 8 17 15 8 8 7 8 20 2 18 18 13 1 18 0 0 10 5 15 19 3 11 7 15 12 12 1 2 9 19 11 8 12 15 5 16 3 3 11 11 17 20 11 11 2 17 18 6 2 0 2 12 16 20 14 10 9 3 20 0 9 14 2 11 20 7 19 13 3 9 5 13 2 15 8 0 3 4 12 10 15 3 17 12 11 12 13 13 8 2 1 8 12 4 0 6 2 1 7 7 9 10 8 0 11 19 0 0 10 16 9 18 6 16 19 9 0
676
0 0 0 0 0 0 0 0 0 0 0 0 0 0 0 0 0 0 0 0 0 0 0 0 0 0 0 0 0 0 0 0 0 0 0 0 0 0 0 0 0 0 0 0 0 0 0 0 0 0 0 0 0 0 0 0 0 0 0 0 0 0 0 0 0 0 0 0 0 0 0 0 0 0 0 0 0 0 0 0 0 0 0 0 0 0 0 0 0 0 0 0 0 0 0 0 0 0 0 0 0 0 0 0 0 0 0 0 0 0 0 0 0 0 0 0 0 0 0 0 0 0 0 0 0 0 0 0 0 0 0 0 0 0 0 0 0 0 0 0 0 0 0 0 0 0 0 0 0 0 0 0 0 0 0 0 0 0 0 0 0 0 0 0 0 0 0 0 0 0 0 0 0 0 0 0 0 0 0 0 0 0 0 0 0 0 0 0 0 0 0 0 0 0 0 0 0 0 0 0 0 0 0 0 0 0 0 0 0 0 0 0 0 0 0 0 0 0 0 0 0 0 0 0 0 0 0 0 0 0 0 0 0 0 0 0 0 0 0 0 0 0 0 0 0 0 0 0 0 0 0 0 0 0 0 0 0 0 0 0 0 0 0 0 0 0 0 0 0 0 0 0 0 0 0 0 0 0 0 0 0 0 0 0 0 0 0 0 0 0 0 0 0 0 0 0 0 0 0 0 0 0 0 0 0 0 0 0 0 0 0 0 0 0 0 0 0 0 0 0 0 0 0 0 0 0 0 0 0 0 0 0 0 0 0 0 0 0 0 0 0 0 0 0 0 0 0 0 0 0 0 0 0 0 0 0 0 0 0 0 0 0 0 0 0 0 0 0 0 0 0 0 0 0 0 0 0 0 0 0 0 0 0 0 0 0 0 0 0 0 0 0 0 0 0 0 0 0 0 0 0 0 0 0 0 0 0 0 0 0 0 0 0 0 0 0 0 0 0 0 0 0 0 0 0 0 0 0 0 0 0 0 0 0 0 0 0 0 0 0 0 0 0 0 0 0 0 0 0 0 0 0 0 0 0 0 0 0 0 0 0 0 0 0 0 0 0 0 0 0 0 0 0 0 0 0 0 0 0 0 0 0 0 0 0 0 0 0 0 0 0 0 0 0 0 0 0 0 0 0 0 0 0 0 0 0 0 0 0 0 0 0 0 0 0 0 0 0 0 0 0 0 0 0 0 0 0 0 0 0 0 0 0 0 0 0 0 0 0 0 0 0 0 0 0 0 0 0 0 0 0 0 0 0 0 0 0 0 0 0 0 0 0 0 0 0 0 0 0 0 0 0 0 0 0 0 0 0 0 0 0 0 0 0 0 0 0 0 0 0 0 0 0 0 0 0 0 0 0 0 0 0 0 0 0 0 0 0 0 0 0 0 0 0 0 0 0 0 0 0 0 0 0 0 0 0 0 0 0 0 0 0 0 0 0 0 0 0 0 0 0 0 0 0 0 0 0 0 0 0 0 0 0 0 0 0 0 0 0 0 0 0 0 0 0 0 0 0 0 0 0 0 0 0 0 0
925
0 200 107 74 99 86 68 66 62 77 77 63 100 57 113 85 54 95 87 108 79 56 109 115 103 116 68 80 104 86 103 103 73 103 111 118 112 114 88 110 70 90 88 89 73 81 77 55 74 55 74 73 72 108 89 97 88 59 103 50 101 96 114 86 104 106 81 74 108 57 109 73 115 116 120 58 85 82 118 89 81 99 115 117 104 70 89 61 103 68 72 75 91 97 58 68 55 69 115 98 78 51 88 100 104 98 113 61 74 88 82 83 112 97 60 61 87 56 109 92 64 87 109 65 57 57 116 99 93 115 66 114 69 116 101 93 54 95 64 119 97 108 57 81 92 99 109 108 50 82 98 92 89 55 52 82 68 52 66 105 66 113 64 119 107 71 92 97 74 85 106 118 58 102 96 114 104 87 91 113 52 114 76 115 120 120 88 50 88 79 74 103 79 96 94 77 105 66 96 98 74 90 98 53 101 101 69 107 64 109 67 61 64 92 73 115 66 110 106 55 91 112 66 73 119 83 92 93 85 51 107 76 100 111 58 98 97 94 116 112 104 83 75 73 76 81 101 82 61 78 107 99 64 94 117 85 62 82 52 66 119 58 89 66 64 73 78 84 64 77 81 109 75 58 119 114 79 108 72 110 102 117 104 50 57 99 78 65 50 73 62 65 66 53 100 91 115 87 70 78 102 89 107 95 96 82 65 59 87 118 84 94 109 116 100 86 92 117 113 116 98 80 63 64 114 79 78 81 78 73 89 50 83 70 80 119 74 109 65 119 62 56 87 115 67 78 90 58 113 116 107 93 112 58 83 83 69 114 87 104 69 60 63 92 50 113 75 101 110 81 53 56 94 102 74 69 75 115 93 100 99 85 84 50 59 120 82 58 65 74 84 68 102 112 60 56 72 108 90 89 89 104 80 50 59 93 65 71 108 98 52 87 107 83 55 72 51 90 54 67 69 100 80 64 55 62 88 71 53 72 94 114 116 51 96 90 51 76 84 91 89 90 107 113 72 84 52 75 64 90 107 53 72 61 75 101 96 61 59 68 98 77 81 50 106 84 68 78 103 81 53 108 60 70 108 77 69 57 62 71 50 86 106 78 99 89 51 114 62 95 111 93 120 95 74 85 84 113 60 59 80 65 101 99 55 120 82 101 118 83 64 77 82 85 79 91 81 82 97 117 97 58 90 96 115 101 61 80 105 71 66 54 87 58 117 53 78 66 109 99 65 54 75 70 58 80 65 101 100 92 114 90 86 62 55 119 56 98 120 79 60 108 56 108 62 87 68 57 51 80 105 114 94 98 51 88 112 101 106 106 65 103 75 61 77 119 104 88 75 109 105 95 111 88 66 64 60 107 105 67 82 81 99 69 61 62 93 103 73 110 90 89 89 65 58 91 96 105 88 112 114 79 82 51 104 69 51 80 85 113 74 78 111 53 97 102 63 94 56 97 81 83 87 52 78 93 58 84 103 62 73 103 112 63 69 108 71 63 72 62 116 98 80 88 69 82 102 111 100 98 67 105 97 100 92 80 63 83 109 119 50 69 56 85 105 104 105 91 60 107 68 64 75 118 67 87 106 54 92 60 89 85 68 120 107 108 68 59 89 87 75 60 74 58 86 72 87 111 98 107 64 103 70 66 79 69 104 69 113 88 75 91 116 84 63 64 94 55 85 117 84 107 69 91 107 103 107 52 86 93 88 58 60 96 120 100 87 117 55 61 87 105 57 101 106 94 99 95 81 53 109 57 103 68 81 52 84 57 84 69 88 65 96 81 93 100 108 68 82 77 111 94 51 57 92 51 68 108 54 83 91 111 70 105 57 50 59 114 78 54 60 78 90 68 53 51 71 95 98 66 111 104 100 119 103 90 85 97 71 57 93 71 107 100 87 99 53 57 98 50 67 69 115 88 70 64 90 108 110 56 70 105 51 52 114 113 73 72 68 89 56 56 69 103 81 71 50 68 101 70 98 117 62 108 94 63 91 65 79 92 71 101 62 118 78 69 104 68 112 102 101 78 55 77 70 59 55 60 65 75 113 59 100 97 98 89 102 72 76 99 82 98 84 51 72 57 78 65 62 97 85 73 88 73 200
473
15 20 12 12 15 16 6 4 18 4 12 19 11 20 17 3 18 16 11 17 4 4 2 4 10 11 2 9 8 2 8 14 19 8 1 0 11 5 2 13 9 14 2 15 13 12 12 9 12 19 17 17 16 20 9 10 5 14 0 11 15 13 10 6 20 5 8 0 17 16 16 6 13 5 1 19 12 2 7 16 3 11 3 0 14 13 11 17 18 7 16 16 1 14 2 12 8 11 4 4 3 18 14 17 14 14 8 11 5 17 16 16 17 5 14 15 5 8 18 8 0 8 5 5 14 0 0 4 17 13 14 7 10 12 7 4 18 2 6 15 16 20 15 17 4 2 10 19 18 3 10 11 6 15 16 17 11 6 8 17 18 17 6 10 16 15 6 6 16 3 1 1 20 11 8 1 14 17 6 17 10 15 10 18 6 14 5 12 0 0 15 9 11 4 19 16 1 9 4 20 10 6 10 17 14 17 4 7 3 18 17 17 11 14 15 5 9 13 0 17 7 15 0 0 6 9 5 6 7 6 9 4 1 10 16 5 15 8 20 10 19 3 13 0 17 7 12 15 9 14 20 0 16 14 11 18 14 1 3 16 3 7 15 9 10 20 19 19 0 16 7 15 4 15 5 1 15 12 17 11 8 19 16 1 18 9 5 14 4 13 13 3 5 4 0 10 3 2 15 17 3 5 7 11 12 17 17 13 7 0 19 8 11 10 10 1 9 19 3 9 8 10 16 18 7 2 4 1 19 2 12 17 3 16 5 12 20 8 2 12 14 16 15 3 5 12 7 16 0 16 3 5 3 0 9 15 10 13 6 2 17 17 3 19 1 18 9 8 16 7 15 4 4 6 10 3 18 1 0 2 7 1 10 11 14 15 15 9 10 13 4 13 0 8 19 15 13 9 8 19 10 15 2 14 14 3 14 8 10 8 9 19 12 14 20 12 5 10 4 6 2 7 12 12 17 0 14 9 4 17 0 0 3 5 4 7 10 15 7 7 15 19 19 7 11 13 11 4 3 4 10 13 18 1 20 15 18 7 5 11 20 13 15 15 10 16 7 9 9 10 18 12 9
456
20 3 11 20 5 17 3 11 4 5 0 12 6 20 13 20 15 3 17 16 2 18 0 16 7 16 8 18 17 8 9 14 12 12 13 8 17 15 3 18 8 16 7 15 9 10 18 18 20 19 5 19 10 0 6 2 17 9 11 11 8 15 16 7 0 11 17 3 0 0 13 8 6 1 3 5 9 15 18 2 11 13 0 16 15 3 5 16 17 18 14 17 5 10 0 5 18 12 3 9 3 20 19 12 5 4 16 1 3 14 10 13 10 7 2 17 9 19 15 20 1 2 14 3 0 7 4 9 15 2 10 2 8 10 1 20 15 2 20 6 6 19 2 11 1 13 7 6 4 4 2 17 2 9 10 5 5 1 5 8 17 18 13 1 20 1 10 9 12 8 7 15 9 2 20 15 2 12 15 0 20 20 3 13 1 16 18 12 9 7 0 13 12 11 9 9 11 3 13 3 8 19 9 9 2 10 20 1 3 8 1 8 6 9 4 17 15 14 19 19 2 20 0 6 1 12 10 9 20 10 9 9 2 10 19 18 2 18 0 9 8 9 12 12 0 20 11 11 13 2 13 10 7 0 15 10 9 14 2 12 4 5 11 9 6 1 13 2 8 12 20 13 11 10 5 12 2 18 2 5 17 10 20 5 0 2 5 2 4 0 5 10 2 7 19 2 10 9 3 7 5 18 13 3 7 17 12 19 20 17 1 2 6 4 20 9 12 15 7 15 11 3 18 0 19 12 0 16 10 3 3 13 5 4 11 11 1 5 19 20 5 10 7 3 12 7 3 0 11 18 16 12 8 0 6 7 1 7 5 15 16 3 11 16 10 4 5 8 14 5 15 18 3 9 10 8 4 15 16 5 16 9 12 18 7 16 10 4 4 6 9 14 4 11 11 1 20 6 11 3 13 15 2 0 15 0 5 15 16 2 6 4 16 20 8 20 1 11 3 12 13 18 1 14 13 7 13 13 15 5 11 13 16 11 20 3 2 14 12 10 14 3 6 1 12 13 6 2 4 16 13 11 12 0 16 17
276
106 106 100 100 100 100 100 106 100 100 100 106 106 106 100 100 100 106 100 100 100 100 100 106 106 100 100 100 100 106 106 106 106 100 106 100 100 100 106 106 100 106 100 106 100 100 106 106 100 100 106 100 100 100 106 100 106 100 100 106 100 100 106 106 106 106 106 100 106 106 100 100 106 100 106 100 106 100 106 100 106 106 100 100 106 106 100 106 100 106 100 106 106 100 106 106 106 100 100 106 100 100 100 100 106 100 100 100 100 100 106 106 106 100 106 106 100 106 106 106 106 106 106 100 106 100 106 106 100 100 106 100 100 100 100 100 100 106 106 106 106 106 100 106 100 100 106 106 100 106 100 100 106 106 100 106 106 106 100 106 106 106 100 100 106 100 106 106 106 100 100 100 100 106 106 106 106 106 106 100 106 100 100 106 106 106 100 100 100 100 100 106 106 100 106 106 106 100 100 100 100 100 106 106 106 100 106 106 106 100 106 106 100 106 106 100 106 100 100 100 100 100 100 100 106 106 100 100 106 100 100 106 106 100 100 106 100 106 100 106 100 100 106 100 100 100 100 106 106 100 100 100 100 100 100 106 100 100 106 106 106 100 100 106 100 106 100 100 106 106 106 100 106 100 106 106
991
18 17 13 1 16 10 17 8 9 17 12 11 1 8 18 1 20 9 6 20 15 18 16 11 19 6 12 8 15 19 15 9 0 5 2 0 17 15 6 6 12 17 18 1 11 2 10 19 2 18 12 2 13 20 12 15 13 16 11 17 1 20 4 10 20 13 19 5 12 13 6 17 2 17 6 9 1 19 20 10 9 0 18 2 4 9 15 14 20 8 2 5 9 15 5 17 1 17 2 11 10 18 5 17 1 3 17 11 17 3 20 8 9 3 16 6 5 0 12 20 18 12 11 18 11 13 9 6 18 1 13 20 13 17 16 4 12 12 5 5 6 4 2 12 6 10 13 8 15 12 12 2 11 16 16 10 7 6 6 15 3 19 19 4 7 4 11 19 14 9 17 6 2 20 20 14 9 7 8 12 17 18 13 6 17 16 9 13 20 4 1 19 1 14 19 16 14 7 7 13 8 8 12 17 5 11 2 16 12 15 1 5 12 6 15 2 19 1 1 12 3 2 17 9 20 5 4 15 14 4 15 15 14 9 7 15 14 6 1 8 18 0 14 11 5 13 2 2 10 3 3 11 10 14 16 6 14 11 12 15 2 4 10 3 15 19 8 15 2 13 3 4 6 5 2 2 9 17 1 4 15 19 14 7 18 8 2 1 20 14 19 0 18 9 18 10 16 6 11 16 15 11 18 18 0 0 11 18 12 15 1 17 5 19 0 14 12 3 13 13 7 19 13 9 12 7 15 15 17 19 19 12 17 18 5 3 6 12 0 17 12 18 18 7 10 17 13 8 17 9 6 4 5 18 12 9 1 13 14 19 15 6 6 0 12 3 2 15 17 10 14 6 19 4 20 0 12 6 6 10 9 7 14 11 15 17 20 5 4 1 7 20 11 19 13 1 8 1 3 5 16 19 20 9 1 6 15 13 14 11 15 1 4 1 8 17 10 17 7 17 11 18 5 7 2 16 14 0 10 12 10 5 2 17 17 19 19 11 20 20 19 5 16 14 15 10 3 13 5 14 18 14 14 15 4 14 2 20 11 10 2 16 19 5 7 19 2 9 20 14 6 8 3 0 5 16 15 4 16 16 7 14 11 0 17 13 8 17 5 1 7 17 5 6 18 16 6 20 14 8 2 8 7 18 8 10 13 17 18 13 4 7 16 10 1 3 9 12 14 9 5 11 0 17 14 5 16 16 9 9 11 20 11 19 7 18 15 7 6 15 19 10 19 5 3 20 18 20 10 10 12 0 11 11 17 0 1 16 19 14 13 9 13 9 11 11 9 6 15 3 9 3 19 15 4 4 5 9 15 7 0 5 9 20 19 8 19 16 9 0 4 7 2 11 12 19 9 4 4 9 0 8 18 4 8 10 16 17 5 11 6 10 8 6 1 13 11 13 15 19 12 15 3 7 5 7 20 1 2 13 19 8 5 0 3 14 3 4 14 17 0 18 16 18 5 19 20 4 19 7 7 3 4 2 20 14 14 0 18 14 12 9 0 1 12 2 11 14 17 15 0 3 5 2 14 2 12 16 10 2 8 19 19 7 20 2 18 15 6 1 17 6 0 2 11 19 10 12 17 19 18 8 2 15 17 10 16 19 10 12 2 19 0 6 18 10 18 6 18 14 9 12 17 18 8 13 2 15 14 20 17 17 14 9 1 13 4 17 9 6 13 1 12 13 10 8 13 14 2 17 14 19 10 0 18 16 14 17 3 13 9 15 11 12 19 20 16 19 19 2 11 13 17 15 1 1 17 9 7 15 12 15 5 11 0 13 20 15 0 11 5 6 12 14 13 17 5 0 12 13 13 18 5 19 8 15 14 18 3 16 1 16 11 10 4 7 11 9 20 15 15 11 5 9 9 20 15 19 5 15 0 20 12 20 1 17 1 1 1 11 15 6 5 3 8 2 2 15 8 15 3 4 5 20 11 19 10 3 15 1 16 18 5 13 9 10 11 19 15 10 13 5 12 2 7 8 4 1 13 10 18 15 5 17 14 20 19 13 14 16 19 18 2 4 0 6 2 3 8 15 0 4 9 17 11 8 13 2 7 0 20 5 20 3 6 15 5 10 16 16 1 14 12 17 14 18 2 12 3 6 10 14 14 2 12 16 12 20 10 13 11 19 8 16 7 18 11 8 12 2 7 14 16 10 1 1 2 8 5 8 12 15 14 12 19 12 18 12 20 6 18 19 5 13 10 3 1 8 0 8 0 2 18 13 6 10 4 7 11 4 9
271
0 0 0 0 0 0 0 0 0 0 0 0 0 0 0 0 0 0 0 0 0 0 0 0 0 0 0 0 0 0 0 0 0 0 0 0 0 0 0 0 0 0 0 0 0 0 0 0 0 0 0 0 0 0 0 0 0 0 0 0 0 0 0 0 0 0 0 0 0 0 0 0 0 0 0 0 0 0 0 0 0 0 0 0 0 0 0 0 0 0 0 0 0 0 0 0 0 0 0 0 0 0 0 0 0 0 0 0 0 0 0 0 0 0 0 0 0 0 0 0 0 0 0 0 0 0 0 0 0 0 0 0 0 0 0 0 0 0 0 0 0 0 0 0 0 0 0 0 0 0 0 0 0 0 0 0 0 0 0 0 0 0 0 0 0 0 0 0 0 0 0 0 0 0 0 0 0 0 0 0 0 0 0 0 0 0 0 0 0 0 0 0 0 0 0 0 0 0 0 0 0 0 0 0 0 0 0 0 0 0 0 0 0 0 0 0 0 0 0 0 0 0 0 0 0 0 0 0 0 0 0 0 0 0 0 0 0 0 0 0 0 0 0 0 0 0 0 0 0 0 0 0 0 0 0 0 0 0 0 0 0 0 0 0 0 0 0 0 0 0 0
324
19 110 110 149 110 110 110 36 149 19 19 36 19 133 36 36 149 149 149 133 19 110 36 133 110 110 149 149 19 149 149 110 110 149 110 110 110 36 133 36 110 133 110 110 133 19 149 149 110 133 19 149 36 149 110 133 110 110 19 19 36 36 19 19 19 133 149 19 36 110 133 133 19 149 19 133 19 133 19 110 149 19 36 133 36 19 133 36 19 36 19 149 133 36 36 149 133 36 133 110 110 19 149 110 133 133 110 36 149 36 110 110 133 110 110 133 133 149 149 133 110 149 149 19 149 110 133 19 149 133 133 133 149 110 133 36 133 133 19 110 110 149 36 149 133 110 36 133 110 36 36 19 133 19 36 133 19 36 149 36 110 149 19 133 36 133 19 149 19 133 133 110 133 19 149 19 149 110 110 110 133 149 110 19 149 133 149 133 110 36 36 36 36 19 36 36 149 110 133 133 133 36 149 149 133 133 133 110 36 110 36 133 19 133 133 110 36 149 149 133 149 149 110 19 110 149 19 19 133 19 19 149 110 36 110 149 36 133 133 110 110 19 19 149 149 36 19 19 110 110 133 19 133 110 36 36 133 110 149 36 149 110 110 133 110 36 110 149 133 133 36 36 19 133 133 133 133 110 133 110 36 36 36 110 149 110 133 149 149 149 133 36 36 36 19 110 133 149 19 133 149 19 36 149 149 36 36 19 36 133 149 133 36 36 149 19 19 110 110 133 149 133 36 36
983
200 200 200 200 200 200 200 200 200 200 200 200 200 200 200 200 200 200 200 200 200 200 200 200 200 200 200 200 200 200 200 200 200 200 200 200 200 200 200 200 200 200 200 200 200 200 200 200 200 200 200 200 200 200 200 200 200 200 200 200 200 200 200 200 200 200 200 200 200 200 200 200 200 200 200 200 200 200 200 200 200 200 200 200 200 200 200 200 200 200 200 200 200 200 200 200 200 200 200 200 200 200 200 200 200 200 200 200 200 200 200 200 200 200 200 200 200 200 200 200 200 200 200 200 200 200 200 200 200 200 200 200 200 200 200 200 200 200 200 200 200 200 200 200 200 200 200 200 200 200 200 200 200 200 200 200 200 200 200 200 200 200 200 200 200 200 200 200 200 200 200 200 200 200 200 200 200 200 200 200 200 200 200 200 200 200 200 200 200 200 200 200 200 200 200 200 200 200 200 200 200 200 200 200 200 200 200 200 200 200 200 200 200 200 200 200 200 200 200 200 200 200 200 200 200 200 200 200 200 200 200 200 200 200 200 200 200 200 200 200 200 200 200 200 200 200 200 200 200 200 200 200 200 200 200 200 200 200 200 200 200 200 200 200 200 200 200 200 200 200 200 200 200 200 200 200 200 200 200 200 200 200 200 200 200 200 200 200 200 200 200 200 200 200 200 200 200 200 200 200 200 200 200 200 200 200 200 200 200 200 200 200 200 200 200 200 200 200 200 200 200 200 200 200 200 200 200 200 200 200 200 200 200 200 200 200 200 200 200 200 200 200 200 200 200 200 200 200 200 200 200 200 200 200 200 200 200 200 200 200 200 200 200 200 200 200 200 200 200 200 200 200 200 200 200 200 200 200 200 200 200 200 200 200 200 200 200 200 200 200 200 200 200 200 200 200 200 200 200 200 200 200 200 200 200 200 200 200 200 200 200 200 200 200 200 200 200 200 200 200 200 200 200 200 200 200 200 200 200 200 200 200 200 200 200 200 200 200 200 200 200 200 200 200 200 200 200 200 200 200 200 200 200 200 200 200 200 200 200 200 200 200 200 200 200 200 200 200 200 200 200 200 200 200 200 200 200 200 200 200 200 200 200 200 200 200 200 200 200 200 200 200 200 200 200 200 200 200 200 200 200 200 200 200 200 200 200 200 200 200 200 200 200 200 200 200 200 200 200 200 200 200 200 200 200 200 200 200 200 200 200 200 200 200 200 200 200 200 200 200 200 200 200 200 200 200 200 200 200 200 200 200 200 200 200 200 200 200 200 200 200 200 200 200 200 200 200 200 200 200 200 200 200 200 200 200 200 200 200 200 200 200 200 200 200 200 200 200 200 200 200 200 200 200 200 200 200 200 200 200 200 200 200 200 200 200 200 200 200 200 200 200 200 200 200 200 200 200 200 200 200 200 200 200 200 200 200 200 200 200 200 200 200 200 200 200 200 200 200 200 200 200 200 200 200 200 200 200 200 200 200 200 200 200 200 200 200 200 200 200 200 200 200 200 200 200 200 200 200 200 200 200 200 200 200 200 200 200 200 200 200 200 200 200 200 200 200 200 200 200 200 200 200 200 200 200 200 200 200 200 200 200 200 200 200 200 200 200 200 200 200 200 200 200 200 200 200 200 200 200 200 200 200 200 200 200 200 200 200 200 200 200 200 200 200 200 200 200 200 200 200 200 200 200 200 200 200 200 200 200 200 200 200 200 200 200 200 200 200 200 200 200 200 200 200 200 200 200 200 200 200 200 200 200 200 200 200 200 200 200 200 200 200 200 200 200 200 200 200 200 200 200 200 200 200 200 200 200 200 200 200 200 200 200 200 200 200 200 200 200 200 200 200 200 200 200 200 200 200 200 200 200 200 200 200 200 200 200 200 200 200 200 200 200 200 200 200 200 200 200 200 200 200 200 200 200 200 200 200 200 200 200 200 200 200 200 200 200 200 200 200 200 200 200 200 200 200 200 200 200 200 200 200 200 200 200 200 200 200 200 200 200 200 200 200 200 200 200 200 200 200 200 200 200 200 200 200 200 200 200 200 200 200 200 200 200 200 200 200 200 200 200 200 200 200 200 200 200 200 200 200 200 200 200 200 200 200 200 200 200 200 200 200 200 200 200 200 200 200 200 200 200 200 200 200 200 200 200 200 200 200 200 200 200 200 200 200 200 200 200 200 200 200 200 200 200 200 200 200 200 200 200 200 200 200 200 200 200 200 200 200 200 200
896
9 2 10 8 3 19 1 1 17 7 11 5 12 1 9 15 16 6 4 3 10 1 17 2 18 1 1 15 8 2 8 10 12 20 6 8 20 0 5 10 7 1 3 19 8 3 13 8 9 0 5 20 5 9 10 5 20 17 2 0 6 18 10 18 7 19 15 19 19 2 13 1 1 12 2 17 10 6 4 14 7 0 11 4 19 15 13 11 9 2 7 2 2 10 5 19 1 20 9 20 14 13 4 7 7 8 8 8 17 1 12 20 3 3 19 8 14 9 18 8 12 14 10 15 16 5 10 1 20 15 4 20 20 18 3 6 18 10 11 15 4 5 14 3 10 12 14 9 8 1 11 13 10 17 9 14 16 17 18 8 19 9 10 8 1 1 8 5 16 9 13 19 11 12 9 7 2 9 17 9 1 14 10 10 20 18 0 4 13 11 3 19 15 16 4 18 18 4 14 11 12 2 12 14 9 15 16 9 13 2 14 18 10 10 12 9 14 11 1 4 3 16 10 5 2 16 0 8 7 2 1 15 17 7 16 3 7 4 13 2 11 17 12 20 20 20 3 13 16 19 2 12 2 12 17 19 7 13 7 16 17 13 10 7 5 15 16 13 7 11 16 20 0 3 1 16 8 14 11 4 13 7 19 17 11 10 4 1 15 1 6 1 0 16 10 6 19 6 6 2 15 4 10 15 8 4 5 2 14 20 11 14 8 7 18 14 2 17 17 13 10 3 11 18 1 19 19 6 13 0 17 10 14 8 19 20 14 3 18 5 13 17 8 11 17 3 5 20 3 17 19 19 15 2 3 10 9 17 12 5 13 13 19 10 17 11 8 14 19 19 9 3 10 13 10 7 11 11 19 19 15 15 0 2 12 2 0 9 10 2 1 4 6 15 14 11 2 11 15 6 9 12 8 12 14 19 4 8 17 2 5 7 11 13 6 6 0 16 3 6 1 20 11 5 19 20 4 20 3 6 7 15 6 19 19 4 6 7 17 1 17 5 15 19 9 16 9 8 19 12 8 18 10 18 1 4 1 8 17 13 15 6 16 3 7 1 20 19 19 13 16 12 5 9 20 1 0 18 4 6 14 7 20 3 1 8 1 5 13 1 20 13 6 20 0 16 2 16 20 17 14 6 16 13 1 17 15 14 19 15 2 9 16 7 3 20 0 17 14 0 18 2 12 17 8 10 5 0 20 13 13 5 2 4 11 8 7 19 0 4 13 7 0 17 2 11 19 16 5 11 20 11 13 17 6 5 14 1 16 6 18 20 13 20 13 12 0 3 15 13 20 8 11 17 4 12 12 5 14 18 1 10 9 18 5 1 7 2 16 19 0 14 6 5 17 1 20 7 14 12 9 16 1 1 20 5 3 5 19 3 17 7 3 13 15 17 10 3 7 19 9 1 14 9 10 0 1 3 4 11 4 16 11 9 20 0 20 14 7 4 13 9 19 9 6 6 0 0 13 20 20 0 12 16 8 4 18 20 7 12 10 20 7 10 4 12 2 10 10 2 17 0 5 13 16 5 15 18 15 0 19 12 12 3 7 6 17 8 17 14 18 16 7 5 11 7 19 8 12 17 2 14 11 12 16 18 2 6 20 1 9 3 10 9 19 3 9 15 1 12 11 13 13 9 11 3 10 16 6 13 1 17 2 19 19 1 4 16 16 18 19 7 1 15 12 16 20 6 10 11 5 4 4 7 12 2 18 12 7 15 15 7 15 13 13 15 9 5 12 20 12 2 12 17 18 3 13 12 0 6 3 20 1 14 20 12 9 6 9 5 4 3 3 4 13 5 9 3 5 7 0 15 8 5 12 7 13 6 5 0 0 20 13 6 16 6 3 7 19 17 10 12 14 13 18 11 8 14 13 13 15 5 8 5 19 17 5 1 4 13 9 14 19 11 7 15 2 1 8 12 13 17 8 1 0 3 11 8 9 17 5 1 16 14 20 11 8 15 10 11 5 16 6 4 6 7 16 18 6 0 6 6 16 8 4 16 14 15 4 10 9 4 10 2 2 19
69
0 200 78 93 91 51 120 113 86 119 83 89 87 104 111 99 110 88 75 50 106 52 104 65 95 65 88 70 59 60 54 57 83 102 78 50 69 85 88 111 120 70 101 53 83 68 52 52 99 61 112 67 76 57 84 78 110 71 113 78 109 111 76 75 58 105 84 102 200
315
200 200 200 200 200 200 200 200 200 200 200 200 200 200 200 200 200 200 200 200 200 200 200 200 200 200 200 200 200 200 200 200 200 200 200 200 200 200 200 200 200 200 200 200 200 200 200 200 200 200 200 200 200 200 200 200 200 200 200 200 200 200 200 200 200 200 200 200 200 200 200 200 200 200 200 200 200 200 200 200 200 200 200 200 200 200 200 200 200 200 200 200 200 200 200 200 200 200 200 200 200 200 200 200 200 200 200 200 200 200 200 200 200 200 200 200 200 200 200 200 200 200 200 200 200 200 200 200 200 200 200 200 200 200 200 200 200 200 200 200 200 200 200 200 200 200 200 200 200 200 200 200 200 200 200 200 200 200 200 200 200 200 200 200 200 200 200 200 200 200 200 200 200 200 200 200 200 200 200 200 200 200 200 200 200 200 200 200 200 200 200 200 200 200 200 200 200 200 200 200 200 200 200 200 200 200 200 200 200 200 200 200 200 200 200 200 200 200 200 200 200 200 200 200 200 200 200 200 200 200 200 200 200 200 200 200 200 200 200 200 200 200 200 200 200 200 200 200 200 200 200 200 200 200 200 200 200 200 200 200 200 200 200 200 200 200 200 200 200 200 200 200 200 200 200 200 200 200 200 200 200 200 200 200 200 200 200 200 200 200 200 200 200 200 200 200 200 200 200 200 200 200 200 200 200 200 200 200 200 200 200 200 200 200 200
671
0 2 19 17 12 9 2 15 160 18 186 177 7 8 153 10 16 3 6 16 9 8 14 3 18 19 15 1 11 181 17 13 13 4 13 3 165 154 4 0 14 2 171 192 12 3 19 19 197 6 19 14 14 19 12 0 4 0 20 176 19 0 19 14 16 2 12 8 11 192 9 17 169 1 9 0 1 14 6 184 14 11 195 3 11 1 8 1 8 189 7 5 19 19 2 16 2 6 4 4 18 17 11 19 19 6 8 10 16 3 160 17 11 3 9 10 186 7 4 9 3 20 161 6 2 153 7 14 6 3 9 5 171 9 6 200 18 17 7 18 10 3 2 20 8 8 13 18 5 9 14 197 13 20 12 18 4 2 1 17 5 6 160 15 1 5 15 191 6 1 6 3 19 166 1 163 5 174 7 9 2 16 5 15 11 13 11 1 8 18 5 1 16 186 18 0 11 11 2 5 162 161 13 153 5 9 12 1 11 163 186 9 12 1 20 11 7 12 13 19 16 10 6 11 14 4 198 16 14 2 9 17 20 181 8 173 197 181 5 8 11 13 18 15 12 197 180 20 10 6 0 11 13 157 9 155 11 151 17 4 7 7 5 7 194 2 3 152 0 17 8 188 0 19 8 18 20 0 9 9 165 3 0 20 16 12 7 3 4 0 179 5 177 9 173 180 169 1 9 10 4 6 159 12 172 13 180 16 181 16 14 6 2 11 3 7 175 16 173 4 16 12 5 20 8 1 196 2 14 19 3 16 0 16 10 18 20 2 165 3 18 11 11 12 5 6 2 5 4 12 169 5 7 4 4 184 8 1 13 2 153 6 12 16 191 7 4 13 8 194 13 1 14 158 151 2 15 6 12 8 164 0 156 189 184 2 1 10 13 20 12 9 5 17 196 13 3 170 8 192 2 7 184 179 7 17 162 17 0 3 15 4 5 12 18 13 1 13 10 13 8 8 168 2 19 20 9 6 3 14 9 158 2 160 7 1 18 15 11 4 6 12 20 19 18 3 0 17 11 150 15 14 180 4 15 11 6 14 18 2 152 7 4 0 5 200 19 2 8 11 1 5 7 151 6 20 16 7 8 179 174 196 7 197 175 0 3 15 14 20 7 2 4 9 196 153 5 160 8 173 15 12 2 16 4 188 5 15 187 14 19 1 3 12 14 2 12 187 6 5 5 10 3 13 182 174 19 0 13 11 5 12 16 155 1 177 13 9 15 20 184 11 5 8 152 154 185 5 8 14 20 3 14 12 2 193 1 18 11 17 17 9 160 0 19 190 2 3 2 197 7 16 3 10 7 16 192 1 14 184 11 1 11 11 1 15 3 19 151 1 9 14 3 0 7 14 157 5 1 17 12 0 7 6 175 3 16 10 10 18 9 10 0 6 153 5 14 16 7 10 7 3 180 13 12 11 155 16 2 15 170 13 9 6 20 10 15 14 11 14 0 3 3 13 11 20 18 4 17 6 16 12 179 16 12 8 17 1 169 1 19 4 10 177 180 10 11 1 11 13 8
108
194 3 20 18 173 13 7 6 2 172 4 20 170 168 7 8 161 176 191 4 179 2 163 6 16 6 160 8 4 171 12 8 6 20 16 151 14 161 8 12 10 15 20 3 154 160 12 7 15 14 1 19 168 10 3 4 196 18 1 15 10 10 190 20 17 20 157 160 9 8 182 9 199 7 153 198 16 10 4 156 6 11 7 1 0 15 178 161 3 19 12 13 19 197 17 161 17 8 12 15 16 171 17 15 20 5 20 164
288
0 0 0 0 0 0 0 0 0 0 0 0 0 0 0 0 0 0 0 0 0 0 0 0 0 0 0 0 0 0 0 0 0 0 0 0 0 0 0 0 0 0 0 0 0 0 0 0 0 0 0 0 0 0 0 0 0 0 0 0 0 0 0 0 0 0 0 0 0 0 0 0 0 0 0 0 0 0 0 0 0 0 0 0 0 0 0 0 0 0 0 0 0 0 0 0 0 0 0 0 0 0 0 0 0 0 0 0 0 0 0 0 0 0 0 0 0 0 0 0 0 0 0 0 0 0 0 0 0 0 0 0 0 0 0 0 0 0 0 0 0 0 0 0 0 0 0 0 0 0 0 0 0 0 0 0 0 0 0 0 0 0 0 0 0 0 0 0 0 0 0 0 0 0 0 0 0 0 0 0 0 0 0 0 0 0 0 0 0 0 0 0 0 0 0 0 0 0 0 0 0 0 0 0 0 0 0 0 0 0 0 0 0 0 0 0 0 0 0 0 0 0 0 0 0 0 0 0 0 0 0 0 0 0 0 0 0 0 0 0 0 0 0 0 0 0 0 0 0 0 0 0 0 0 0 0 0 0 0 0 0 0 0 0 0 0 0 0 0 0 0 0 0 0 0 0 0 0 0 0 0 0 0 0 0 0 0 0
297
135 31 74 66 79 129 112 49 5 147 178 168 35 98 188 168 152 7 57 83 89 200 30 33 156 142 103 154 126 25 132 24 198 185 48 124 14 147 156 187 199 105 34 11 49 126 30 30 40 106 110 156 66 188 137 33 196 134 15 96 137 193 109 57 160 92 151 127 133 191 123 40 127 28 19 125 11 160 63 30 53 142 131 82 119 182 88 55 22 35 14 131 59 74 23 75 167 165 134 189 58 17 69 179 166 193 188 136 21 197 163 105 159 130 83 22 142 169 151 148 59 36 92 76 190 154 42 122 57 191 149 121 179 39 118 48 73 148 68 44 112 73 48 49 120 28 153 153 168 119 134 123 172 127 133 153 160 10 193 196 77 37 130 152 39 60 131 17 78 54 15 4 97 43 109 119 64 23 53 4 132 84 149 186 81 80 84 100 80 36 96 199 86 86 75 194 104 86 49 172 160 120 150 97 84 198 106 2 131 160 158 46 119 189 177 171 54 111 70 108 64 68 133 9 128 77 75 185 191 86 59 24 27 115 9 174 24 125 34 38 39 155 80 77 134 196 81 166 177 157 34 85 183 114 200 142 100 60 34 100 139 114 174 76 119 107 1 141 33 40 137 169 163 52 30 91 73 166 33 92 39 138 90 62 19 171 159 165 186 42 159 13 125 20 100 9 43
428
0 200 75 53 55 64 85 114 111 103 116 79 68 113 111 72 92 112 89 120 87 75 102 69 77 62 88 66 94 54 120 65 92 103 89 100 95 92 73 113 99 68 63 83 76 105 114 56 62 113 87 115 107 109 74 52 62 65 114 112 116 63 115 76 110 68 120 84 95 103 100 109 100 87 59 112 93 70 111 104 72 60 57 54 85 50 92 102 82 75 69 69 96 85 100 85 60 91 108 113 73 58 116 96 116 96 66 66 107 93 87 116 51 65 57 82 52 110 55 80 103 81 85 102 72 77 109 56 64 72 94 99 86 77 106 102 77 119 61 70 93 79 99 102 112 111 113 68 74 116 91 97 112 91 95 118 59 117 119 98 61 116 120 114 97 105 72 101 58 91 66 84 100 117 101 110 83 83 78 114 115 100 51 50 54 90 116 51 108 77 93 82 107 68 68 74 87 76 115 68 73 77 59 79 81 84 95 64 94 63 91 115 81 59 65 71 114 89 57 109 97 97 76 53 64 54 63 91 89 73 114 109 110 101 59 63 98 87 58 77 106 69 56 65 72 77 107 96 69 81 91 98 52 77 115 81 113 74 101 80 72 99 82 84 72 67 91 99 106 102 73 51 105 60 117 112 107 92 106 93 66 98 60 91 114 110 61 70 89 77 62 100 100 104 97 88 119 77 61 113 85 54 67 71 112 112 112 105 52 63 63 88 79 95 73 71 59 80 68 117 111 81 98 81 71 104 120 71 59 75 113 65 59 117 74 82 99 117 75 113 60 51 109 114 86 72 94 99 94 71 104 89 56 85 115 87 109 85 53 83 55 112 72 117 54 94 75 101 82 85 109 72 93 103 58 60 85 64 115 67 61 112 80 107 105 120 68 68 62 86 87 100 120 110 64 98 71 55 51 65 57 120 89 61 58 118 92 71 62 72 84 113 58 103 65 101 114 87 85 106 50 50 81 57 110 87 83 200
725
0 200 88 116 99 69 89 101 87 72 110 75 75 62 101 53 75 85 53 71 76 78 75 114 97 119 80 105 111 50 88 112 118 113 80 100 99 92 52 63 73 92 109 65 69 100 95 79 52 76 88 113 79 105 88 102 61 111 50 112 73 71 79 88 98 108 63 51 100 78 85 87 50 64 64 95 72 81 64 67 93 105 118 75 79 68 68 56 110 100 109 80 63 107 71 70 105 82 81 93 100 66 55 102 69 120 72 57 102 55 96 97 112 100 108 62 84 93 61 70 108 71 97 61 74 89 88 102 103 110 109 116 114 67 99 100 86 110 120 80 102 63 60 90 111 88 91 61 59 78 91 107 83 91 74 100 117 98 112 51 65 96 56 69 61 87 101 60 63 65 93 113 93 56 77 103 68 69 97 114 119 78 92 115 101 114 93 70 72 70 65 75 55 84 93 70 57 53 78 111 110 117 102 113 119 112 50 62 106 60 70 99 71 79 68 107 89 109 115 84 94 100 118 58 75 69 94 99 120 101 98 90 65 94 115 119 118 51 59 69 56 57 62 119 80 63 86 50 80 56 58 77 57 112 78 89 50 117 84 93 52 118 73 65 79 59 77 82 86 54 76 58 54 103 118 75 65 56 74 108 96 60 87 90 69 101 116 103 90 91 74 65 96 91 120 77 104 55 83 79 65 53 50 92 50 117 99 55 90 95 96 77 77 59 83 87 61 108 92 91 63 59 109 81 119 119 99 79 61 95 78 74 63 118 57 63 56 66 106 85 99 69 90 109 89 102 99 54 52 104 75 91 77 57 102 120 53 60 78 90 110 57 98 72 89 71 86 90 59 53 79 84 53 73 69 91 106 91 93 101 112 116 89 108 64 85 114 102 53 62 103 68 81 84 114 65 102 58 98 115 105 80 68 105 80 76 117 117 107 77 89 78 119 100 63 95 79 73 67 82 86 107 62 100 108 110 110 78 96 56 94 67 104 119 102 86 87 63 116 55 83 84 76 114 60 113 73 78 84 113 97 80 87 67 90 67 113 50 85 119 109 115 83 79 77 113 108 84 115 82 59 113 73 106 99 102 50 92 106 71 71 111 53 120 99 96 63 98 66 96 73 56 71 66 73 107 86 115 115 70 60 112 105 68 79 77 99 75 76 80 101 87 108 80 119 81 119 81 52 117 107 71 72 75 110 85 106 93 67 118 95 112 85 95 100 73 96 113 96 59 75 94 64 96 55 57 70 52 111 93 77 120 120 112 56 100 88 53 118 63 96 60 94 67 117 108 92 114 73 85 90 79 76 55 50 60 108 58 88 99 88 69 76 97 64 51 90 94 101 59 96 93 72 51 83 72 78 120 60 118 70 97 103 111 55 90 60 92 80 116 118 78 68 76 77 54 66 109 73 79 120 61 62 118 69 97 50 52 107 59 107 94 106 81 85 68 116 50 51 52 61 50 69 112 119 106 62 112 104 79 58 97 61 110 66 79 62 70 51 71 104 95 50 113 101 59 118 115 86 78 61 69 110 114 105 51 94 93 56 66 56 75 53 118 112 63 52 100 104 83 102 97 64 119 115 114 120 50 97 68 112 64 66 51 90 113 58 102 87 55 57 90 102 88 110 74 101 67 116 120 51 81 88 79 200
556
37 100 178 165 18 121 57 155 153 130 29 155 22 15 6 5 165 174 140 134 20 49 158 164 156 13 140 81 184 165 181 107 181 49 12 65 44 24 117 154 26 120 167 59 31 84 199 70 133 58 128 115 169 199 162 81 200 115 88 127 191 159 141 88 127 77 23 100 133 183 104 157 154 128 29 69 112 181 20 68 55 111 22 112 147 113 89 129 51 131 55 29 54 3 185 183 102 178 152 189 170 127 145 119 166 56 116 37 25 145 83 179 127 99 135 36 84 49 130 66 102 35 153 60 72 170 116 110 57 174 69 187 188 179 119 75 104 43 179 142 192 135 176 159 14 105 5 162 2 196 120 12 124 125 62 15 108 172 186 165 5 127 195 155 135 173 9 43 112 194 132 56 104 68 125 106 171 78 157 106 128 17 46 110 186 18 38 67 27 91 79 90 20 96 37 158 4 102 22 37 141 165 119 185 15 92 35 11 131 82 120 30 38 154 67 92 197 172 79 86 50 146 96 154 5 184 192 162 18 150 77 146 112 63 189 98 21 130 49 19 11 4 32 151 200 150 1 170 41 138 96 154 5 116 84 143 169 12 59 57 81 12 191 51 188 79 69 44 85 21 197 187 21 162 151 18 160 67 41 165 53 162 123 188 72 172 25 177 34 190 171 117 123 172 188 77 47 93 89 81 26 28 24 189 183 30 7 97 111 54 200 109 20 104 184 195 62 198 17 72 60 14 21 140 28 140 62 76 148 107 113 148 91 25 19 127 123 6 121 117 68 177 188 196 7 185 11 178 85 0 21 35 137 64 126 50 186 87 95 128 125 115 171 142 153 119 26 87 93 40 72 164 8 89 104 69 128 137 149 44 161 14 142 98 154 152 73 80 115 135 116 115 141 51 183 131 110 15 133 191 36 10 109 49 182 108 105 182 13 92 164 136 4 123 108 134 23 199 114 120 93 47 85 158 196 15 3 93 163 127 200 33 144 184 87 175 83 172 25 169 41 98 114 52 193 132 90 93 46 132 178 169 171 32 28 164 168 69 180 178 146 170 84 187 5 117 37 128 95 59 48 43 56 35 64 4 80 155 175 88 200 97 168 49 126 15 149 34 100 97 102 187 87 198 169 41 33 12 139 87 140 25 28 34 36 38 97 109 35 103 185 6 137 44 200 116 169 74 161 190 141 25 122 25 161 186 131 149 196 96 50 0 108 142 40 156 93 3 118 142 23 2 45 112 83 114 195 107 184 26 50 8 65 130 80 7
608
0 0 0 0 0 0 0 0 0 0 0 0 0 0 0 0 0 0 0 0 0 0 0 0 0 0 0 0 0 0 0 0 0 0 0 0 0 0 0 0 0 0 0 0 0 0 0 0 0 0 0 0 0 0 0 0 0 0 0 0 0 0 0 0 0 0 0 0 0 0 0 0 0 0 0 0 0 0 0 0 0 0 0 0 0 0 0 0 0 0 0 0 0 0 0 0 0 0 0 0 0 0 0 0 0 0 0 0 0 0 0 0 0 0 0 0 0 0 0 0 0 0 0 0 0 0 0 0 0 0 0 0 0 0 0 0 0 0 0 0 0 0 0 0 0 0 0 0 0 0 0 0 0 0 0 0 0 0 0 0 0 0 0 0 0 0 0 0 0 0 0 0 0 0 0 0 0 0 0 0 0 0 0 0 0 0 0 0 0 0 0 0 0 0 0 0 0 0 0 0 0 0 0 0 0 0 0 0 0 0 0 0 0 0 0 0 0 0 0 0 0 0 0 0 0 0 0 0 0 0 0 0 0 0 0 0 0 0 0 0 0 0 0 0 0 0 0 0 0 0 0 0 0 0 0 0 0 0 0 0 0 0 0 0 0 0 0 0 0 0 0 0 0 0 0 0 0 0 0 0 0 0 0 0 0 0 0 0 0 0 0 0 0 0 0 0 0 0 0 0 0 0 0 0 0 0 0 0 0 0 0 0 0 0 0 0 0 0 0 0 0 0 0 0 0 0 0 0 0 0 0 0 0 0 0 0 0 0 0 0 0 0 0 0 0 0 0 0 0 0 0 0 0 0 0 0 0 0 0 0 0 0 0 0 0 0 0 0 0 0 0 0 0 0 0 0 0 0 0 0 0 0 0 0 0 0 0 0 0 0 0 0 0 0 0 0 0 0 0 0 0 0 0 0 0 0 0 0 0 0 0 0 0 0 0 0 0 0 0 0 0 0 0 0 0 0 0 0 0 0 0 0 0 0 0 0 0 0 0 0 0 0 0 0 0 0 0 0 0 0 0 0 0 0 0 0 0 0 0 0 0 0 0 0 0 0 0 0 0 0 0 0 0 0 0 0 0 0 0 0 0 0 0 0 0 0 0 0 0 0 0 0 0 0 0 0 0 0 0 0 0 0 0 0 0 0 0 0 0 0 0 0 0 0 0 0 0 0 0 0 0 0 0 0 0 0 0 0 0 0 0 0 0 0 0 0 0 0 0 0 0 0 0 0 0 0 0 0 0 0 0 0 0 0 0 0 0 0 0 0 0 0 0 0 0 0 0 0 0 0 0 0 0 0 0 0 0 0 0 0 0 0 0 0 0 0 0 0 0 0 0 0 0 0 0 0 0 0 0 0 0 0 0 0 0 0 0 0
924
3 198 7 14 1 1 184 6 3 7 186 198 8 3 195 14 13 6 2 2 9 190 13 7 17 14 0 6 159 181 14 15 7 4 6 10 180 178 3 9 17 2 13 17 180 12 3 10 18 166 6 1 11 15 20 13 6 172 4 193 178 8 8 2 165 10 5 15 165 17 168 13 13 20 11 150 18 18 20 11 9 15 13 8 20 4 19 157 13 7 4 186 7 13 182 161 2 9 7 19 10 4 192 19 19 4 178 17 4 5 17 2 1 2 19 12 6 14 9 3 185 4 19 5 16 19 6 177 10 1 1 6 2 12 10 15 14 2 15 152 169 18 8 190 7 13 19 172 10 8 185 0 7 181 11 20 1 161 7 12 11 12 2 8 175 175 10 10 4 7 15 200 18 17 11 13 13 15 174 17 9 7 20 171 3 7 185 3 14 6 166 18 18 16 6 6 7 6 185 10 164 194 196 177 10 162 179 195 172 4 192 168 167 0 155 4 20 12 4 9 15 8 156 1 200 4 2 9 12 17 157 11 10 11 19 185 13 6 6 160 18 11 8 4 177 20 4 179 7 151 20 19 191 4 11 16 10 10 12 160 4 13 3 19 187 2 154 19 184 9 5 0 188 7 8 6 3 11 10 15 18 4 16 16 11 183 0 4 18 150 15 8 17 172 13 5 11 5 184 13 193 161 185 16 7 162 5 15 6 15 19 0 4 198 16 1 9 17 14 2 4 2 2 8 17 16 12 1 18 176 17 177 20 1 10 19 5 196 17 16 20 194 1 182 3 1 13 20 20 11 11 13 13 3 14 175 192 0 1 20 13 0 192 16 151 16 10 12 20 6 7 186 14 18 9 17 4 5 9 19 3 7 19 13 14 19 150 188 8 5 7 196 10 12 194 6 8 164 151 10 5 0 189 15 0 2 16 0 14 1 12 12 1 7 185 3 12 15 191 185 16 156 5 8 0 20 9 5 11 20 17 4 157 19 200 11 8 5 181 9 15 20 4 13 191 10 172 155 1 7 14 3 180 3 158 10 13 13 2 161 177 13 13 15 12 158 0 169 13 4 1 188 15 178 20 17 16 0 165 18 184 8 177 7 11 12 19 17 13 189 19 15 9 18 19 3 5 14 19 162 7 20 6 199 10 13 180 5 19 6 0 14 172 6 20 5 18 1 17 10 164 185 10 8 12 20 7 9 6 18 15 194 8 6 7 15 161 2 12 4 159 19 3 1 169 18 11 5 0 11 12 15 16 18 17 5 9 12 5 200 10 158 16 12 15 13 0 8 185 0 8 11 5 3 10 189 14 18 16 152 1 7 159 186 17 19 10 1 6 2 11 1 8 7 3 18 16 0 10 14 13 7 3 199 178 20 2 163 6 4 15 193 5 163 10 6 16 7 183 163 10 10 194 14 12 154 0 169 10 166 2 185 1 4 19 6 7 3 7 154 5 167 3 18 159 4 156 8 0 157 13 12 13 3 14 159 7 16 191 20 161 196 12 0 8 5 5 7 17 151 2 14 6 4 165 19 157 10 9 12 4 6 162 17 5 13 18 1 18 10 7 13 7 9 19 174 0 0 164 20 182 17 5 16 154 12 20 12 192 16 20 166 16 176 20 7 13 20 152 199 13 17 0 11 6 18 11 182 177 5 7 18 2 175 20 15 17 9 4 191 152 15 13 10 179 15 9 152 2 12 170 5 11 177 185 160 16 7 11 16 191 13 10 9 192 19 3 162 20 14 10 1 17 200 2 7 15 0 9 176 200 174 18 3 10 6 186 16 200 10 5 1 2 10 186 20 9 19 15 7 20 10 155 182 7 15 15 1 5 4 19 180 169 19 174 12 7 2 12 4 16 14 0 5 18 10 1 17 16 4 0 189 2 8 13 18 20 8 162 18 14 18 11 8 14 5 167 18 175 185 1 15 19 10 6 17 6 3 13 14 16 11 175 12 1 17 18 3 11 10 10 8 10 16 13 153 156 7 19 17 6 10 176 178 9 8 4 15 11 15 6 7 181 8 7 14 16 1 1 13 20 11 154 15 17 182 9 1 12 179 3 11 15 12 190 8 5 5 18 154 17 5 13 16
698
15 13 19 5 16 2 9 4 4 20 195 10 9 12 8 16 14 16 176 1 3 4 178 6 6 18 173 0 9 18 4 196 3 19 187 3 193 20 13 7 13 157 20 9 5 151 20 20 198 20 19 180 7 3 11 14 188 185 15 11 9 20 14 10 19 12 8 173 6 3 12 0 3 16 200 8 9 165 10 10 1 163 14 13 18 8 8 1 20 15 3 14 4 12 14 12 19 7 8 7 9 20 6 7 166 10 6 2 15 193 17 19 1 182 3 4 20 165 19 5 0 4 0 166 16 20 189 16 4 5 9 20 0 15 151 196 11 166 165 3 3 13 14 14 18 172 12 17 10 3 11 159 176 8 2 172 16 10 3 5 8 17 20 10 13 1 11 194 18 186 10 2 1 18 2 178 9 8 2 6 15 3 13 13 7 9 3 3 7 14 2 4 10 8 155 11 3 9 152 10 13 3 11 13 4 12 18 3 17 181 16 3 2 18 13 0 12 154 4 170 13 165 15 14 194 4 17 6 194 14 3 158 9 6 13 176 173 174 16 189 195 16 11 12 170 15 18 17 8 169 196 10 9 160 0 162 7 17 5 17 0 12 16 168 5 4 16 3 14 7 172 0 8 163 12 10 2 6 18 198 186 2 20 13 5 4 17 0 183 1 155 186 11 2 19 196 162 7 2 14 17 3 10 17 8 3 12 195 18 193 20 200 4 20 20 190 7 10 8 199 19 8 15 2 178 170 2 3 7 187 10 10 5 19 20 182 170 19 8 7 9 187 19 5 7 1 16 157 194 7 7 192 4 10 6 13 5 194 8 13 167 9 176 11 4 15 17 198 193 8 4 8 16 9 20 1 161 20 19 191 16 158 19 10 184 7 1 5 7 2 152 162 17 164 16 0 186 1 3 14 9 10 16 5 7 191 16 3 194 1 19 1 152 18 2 18 183 6 184 200 18 153 16 8 19 15 183 10 185 20 1 11 152 10 16 15 151 18 155 17 6 20 14 4 13 0 2 195 2 180 20 19 13 171 11 16 6 4 13 7 5 13 1 2 5 3 1 11 10 13 3 6 6 8 16 12 8 5 18 16 154 7 18 182 4 6 0 2 5 2 7 19 4 175 13 20 10 17 16 11 174 3 18 166 174 15 5 6 12 11 1 12 0 20 4 8 154 9 8 16 182 169 4 175 20 6 198 155 16 16 19 4 12 16 6 2 16 8 175 18 1 169 4 6 2 20 9 19 166 9 7 13 9 3 19 2 18 18 16 199 12 20 19 12 2 11 13 16 20 20 10 7 4 2 7 174 4 17 13 12 14 3 0 5 20 5 14 15 13 16 15 185 3 7 20 190 11 6 1 3 6 174 160 17 14 178 16 193 13 0 17 0 17 1 4 1 155 9 4 5 3 15 14 3 172 8 7 7 18 16 19 2 192 7 8 11 11 7 2 15 6 17 11 4 12 185 3 3 11 3 15 170 15 1 15 12 12 8 200 10 197 169 6 17 19 5 8 9 2 3 19 162 17 0 15 18 5 7 14 10 9 2 2 197 158 18 13 8 9 169 0 9 18 1 4 17 184 0
152
200 200 200 200 200 200 200 200 200 200 200 200 200 200 200 200 200 200 200 200 200 200 200 200 200 200 200 200 200 200 200 200 200 200 200 200 200 200 200 200 200 200 200 200 200 200 200 200 200 200 200 200 200 200 200 200 200 200 200 200 200 200 200 200 200 200 200 200 200 200 200 200 200 200 200 200 200 200 200 200 200 200 200 200 200 200 200 200 200 200 200 200 200 200 200 200 200 200 200 200 200 200 200 200 200 200 200 200 200 200 200 200 200 200 200 200 200 200 200 200 200 200 200 200 200 200 200 200 200 200 200 200 200 200 200 200 200 200 200 200 200 200 200 200 200 200 200 200 200 200 200 200
912
16 20 167 25 110 77 192 152 100 200 70 129 126 161 145 43 7 46 97 69 49 60 172 161 56 8 20 19 141 12 61 190 30 82 193 28 38 81 121 118 17 177 85 39 57 151 13 44 134 69 193 74 47 50 162 109 148 172 110 140 200 163 24 156 78 140 12 124 136 122 33 161 176 150 59 103 102 4 28 170 157 108 18 168 27 155 73 83 148 120 44 32 92 170 157 104 38 84 14 82 146 189 101 18 122 32 119 128 71 134 49 54 134 131 56 34 34 29 4 35 132 44 32 79 25 90 127 28 2 176 139 36 29 101 51 82 119 126 119 198 94 40 7 167 66 175 200 44 79 35 149 175 135 200 169 168 133 178 96 126 61 31 89 143 125 142 69 90 165 188 64 189 64 168 158 112 97 156 167 111 189 186 184 76 97 177 182 20 53 112 2 40 95 111 175 159 29 103 139 115 159 190 9 38 32 2 76 112 100 156 21 189 200 55 26 194 75 181 54 72 41 199 125 25 45 189 71 9 27 176 194 160 9 96 168 141 9 188 132 180 94 90 165 30 82 189 98 135 21 46 166 56 38 64 32 48 141 31 92 111 119 75 8 2 16 199 76 167 127 57 68 27 119 25 80 20 2 8 71 115 153 32 196 109 146 84 183 67 75 22 172 180 94 181 120 74 10 22 119 158 28 144 115 132 56 130 75 2 68 166 87 185 0 125 8 52 156 66 175 72 45 147 90 150 22 196 113 10 188 199 90 113 109 56 149 191 95 117 0 32 61 93 68 178 165 60 3 116 123 136 73 195 136 169 171 149 127 183 154 87 83 125 28 117 46 102 187 12 175 27 139 87 55 1 187 108 12 103 77 194 50 103 155 83 55 100 115 39 98 66 17 98 27 181 168 19 108 199 18 145 83 156 34 69 196 154 155 3 193 62 87 100 130 80 180 24 81 111 156 122 151 190 116 8 138 84 108 109 173 24 185 74 63 148 1 161 161 91 179 163 90 171 126 67 13 73 77 12 50 13 19 68 104 108 39 22 143 157 64 135 103 46 70 139 144 85 5 195 158 50 123 75 75 167 57 38 26 140 56 140 190 131 111 119 131 197 95 138 151 71 111 127 198 114 196 119 110 77 9 67 117 25 69 102 27 116 60 77 179 39 128 132 73 98 96 37 87 34 162 73 80 54 21 48 161 101 41 49 50 194 107 4 113 71 149 48 1 198 169 127 14 68 97 66 84 81 54 120 177 100 144 161 54 179 200 148 196 173 200 15 58 185 61 137 51 3 70 38 196 25 1 95 47 106 147 6 144 123 63 156 110 106 3 78 1 56 13 14 198 111 27 190 46 53 19 7 21 37 195 200 152 16 186 162 77 146 145 30 99 137 4 100 168 35 148 3 65 22 13 163 89 175 88 6 109 18 29 121 109 105 142 121 11 95 77 84 156 52 77 111 90 9 146 154 98 45 171 44 86 183 159 179 82 154 142 144 6 117 68 49 176 41 110 128 93 98 150 73 157 116 155 128 17 149 0 154 95 137 189 97 80 8 123 185 111 29 155 42 40 42 183 155 10 124 83 135 192 10 15 119 108 61 181 135 42 97 62 144 8 162 21 95 139 56 93 64 73 161 106 76 74 156 62 154 176 192 175 85 161 3 119 112 19 80 120 152 6 103 195 73 17 121 131 84 101 29 146 7 24 126 110 28 11 32 60 133 140 163 162 26 198 103 116 83 44 83 79 134 11 158 164 152 48 100 39 44 155 124 171 159 106 180 107 22 170 132 177 144 177 187 191 20 6 164 119 176 103 31 113 70 83 81 48 19 182 2 3 138 141 56 153 145 106 81 150 172 119 176 99 76 95 132 9 171 17 89 80 32 18 8 139 49 58 177 45 16 135 157 167 98 59 169 174 172 10 147 195 66 170 52 159 199 34 132 132 137 74 5 163 1 78 155 77 56 13 106 49 106 159 94 70 48 180 24 156 38 2 200 108 176 55 107 175 68 23 95 187 105 10 181 114 0 72 7 152 121 105 92 174 162 171 142 40 37 68 23 21 96 150 60 45 188
421
200 200 200 200 200 200 200 200 200 200 200 200 200 200 200 200 200 200 200 200 200 200 200 200 200 200 200 200 200 200 200 200 200 200 200 200 200 200 200 200 200 200 200 200 200 200 200 200 200 200 200 200 200 200 200 200 200 200 200 200 200 200 200 200 200 200 200 200 200 200 200 200 200 200 200 200 200 200 200 200 200 200 200 200 200 200 200 200 200 200 200 200 200 200 200 200 200 200 200 200 200 200 200 200 200 200 200 200 200 200 200 200 200 200 200 200 200 200 200 200 200 200 200 200 200 200 200 200 200 200 200 200 200 200 200 200 200 200 200 200 200 200 200 200 200 200 200 200 200 200 200 200 200 200 200 200 200 200 200 200 200 200 200 200 200 200 200 200 200 200 200 200 200 200 200 200 200 200 200 200 200 200 200 200 200 200 200 200 200 200 200 200 200 200 200 200 200 200 200 200 200 200 200 200 200 200 200 200 200 200 200 200 200 200 200 200 200 200 200 200 200 200 200 200 200 200 200 200 200 200 200 200 200 200 200 200 200 200 200 200 200 200 200 200 200 200 200 200 200 200 200 200 200 200 200 200 200 200 200 200 200 200 200 200 200 200 200 200 200 200 200 200 200 200 200 200 200 200 200 200 200 200 200 200 200 200 200 200 200 200 200 200 200 200 200 200 200 200 200 200 200 200 200 200 200 200 200 200 200 200 200 200 200 200 200 200 200 200 200 200 200 200 200 200 200 200 200 200 200 200 200 200 200 200 200 200 200 200 200 200 200 200 200 200 200 200 200 200 200 200 200 200 200 200 200 200 200 200 200 200 200 200 200 200 200 200 200 200 200 200 200 200 200 200 200 200 200 200 200 200 200 200 200 200 200 200 200 200 200 200 200 200 200 200 200 200 200 200 200 200 200 200 200 200 200 200 200 200 200 200 200 200 200 200 200 200 200 200 200 200 200
901
0 0 0 0 0 0 0 0 0 0 0 0 0 0 0 0 0 0 0 0 0 0 0 0 0 0 0 0 0 0 0 0 0 0 0 0 0 0 0 0 0 0 0 0 0 0 0 0 0 0 0 0 0 0 0 0 0 0 0 0 0 0 0 0 0 0 0 0 0 0 0 0 0 0 0 0 0 0 0 0 0 0 0 0 0 0 0 0 0 0 0 0 0 0 0 0 0 0 0 0 0 0 0 0 0 0 0 0 0 0 0 0 0 0 0 0 0 0 0 0 0 0 0 0 0 0 0 0 0 0 0 0 0 0 0 0 0 0 0 0 0 0 0 0 0 0 0 0 0 0 0 0 0 0 0 0 0 0 0 0 0 0 0 0 0 0 0 0 0 0 0 0 0 0 0 0 0 0 0 0 0 0 0 0 0 0 0 0 0 0 0 0 0 0 0 0 0 0 0 0 0 0 0 0 0 0 0 0 0 0 0 0 0 0 0 0 0 0 0 0 0 0 0 0 0 0 0 0 0 0 0 0 0 0 0 0 0 0 0 0 0 0 0 0 0 0 0 0 0 0 0 0 0 0 0 0 0 0 0 0 0 0 0 0 0 0 0 0 0 0 0 0 0 0 0 0 0 0 0 0 0 0 0 0 0 0 0 0 0 0 0 0 0 0 0 0 0 0 0 0 0 0 0 0 0 0 0 0 0 0 0 0 0 0 0 0 0 0 0 0 0 0 0 0 0 0 0 0 0 0 0 0 0 0 0 0 0 0 0 0 0 0 0 0 0 0 0 0 0 0 0 0 0 0 0 0 0 0 0 0 0 0 0 0 0 0 0 0 0 0 0 0 0 0 0 0 0 0 0 0 0 0 0 0 0 0 0 0 0 0 0 0 0 0 0 0 0 0 0 0 0 0 0 0 0 0 0 0 0 0 0 0 0 0 0 0 0 0 0 0 0 0 0 0 0 0 0 0 0 0 0 0 0 0 0 0 0 0 0 0 0 0 0 0 0 0 0 0 0 0 0 0 0 0 0 0 0 0 0 0 0 0 0 0 0 0 0 0 0 0 0 0 0 0 0 0 0 0 0 0 0 0 0 0 0 0 0 0 0 0 0 0 0 0 0 0 0 0 0 0 0 0 0 0 0 0 0 0 0 0 0 0 0 0 0 0 0 0 0 0 0 0 0 0 0 0 0 0 0 0 0 0 0 0 0 0 0 0 0 0 0 0 0 0 0 0 0 0 0 0 0 0 0 0 0 0 0 0 0 0 0 0 0 0 0 0 0 0 0 0 0 0 0 0 0 0 0 0 0 0 0 0 0 0 0 0 0 0 0 0 0 0 0 0 0 0 0 0 0 0 0 0 0 0 0 0 0 0 0 0 0 0 0 0 0 0 0 0 0 0 0 0 0 0 0 0 0 0 0 0 0 0 0 0 0 0 0 0 0 0 0 0 0 0 0 0 0 0 0 0 0 0 0 0 0 0 0 0 0 0 0 0 0 0 0 0 0 0 0 0 0 0 0 0 0 0 0 0 0 0 0 0 0 0 0 0 0 0 0 0 0 0 0 0 0 0 0 0 0 0 0 0 0 0 0 0 0 0 0 0 0 0 0 0 0 0 0 0 0 0 0 0 0 0 0 0 0 0 0 0 0 0 0 0 0 0 0 0 0 0 0 0 0 0 0 0 0 0 0 0 0 0 0 0 0 0 0 0 0 0 0 0 0 0 0 0 0 0 0 0 0 0 0 0 0 0 0 0 0 0 0 0 0 0 0 0 0 0 0 0 0 0 0 0 0 0 0 0 0 0 0 0 0 0 0 0 0 0 0 0 0 0 0 0 0 0 0 0 0 0 0 0 0 0 0 0 0 0 0 0 0 0 0 0 0 0 0 0 0 0 0 0 0 0 0 0 0 0 0 0 0 0 0 0 0 0 0 0 0 0 0 0 0 0 0 0 0 0 0 0 0 0 0 0 0 0 0 0 0 0 0 0 0 0 0 0 0 0 0 0 0 0 0 0 0 0 0 0 0 0 0
369
200 200 200 200 200 200 200 200 200 200 200 200 200 200 200 200 200 200 200 200 200 200 200 200 200 200 200 200 200 200 200 200 200 200 200 200 200 200 200 200 200 200 200 200 200 200 200 200 200 200 200 200 200 200 200 200 200 200 200 200 200 200 200 200 200 200 200 200 200 200 200 200 200 200 200 200 200 200 200 200 200 200 200 200 200 200 200 200 200 200 200 200 200 200 200 200 200 200 200 200 200 200 200 200 200 200 200 200 200 200 200 200 200 200 200 200 200 200 200 200 200 200 200 200 200 200 200 200 200 200 200 200 200 200 200 200 200 200 200 200 200 200 200 200 200 200 200 200 200 200 200 200 200 200 200 200 200 200 200 200 200 200 200 200 200 200 200 200 200 200 200 200 200 200 200 200 200 200 200 200 200 200 200 200 200 200 200 200 200 200 200 200 200 200 200 200 200 200 200 200 200 200 200 200 200 200 200 200 200 200 200 200 200 200 200 200 200 200 200 200 200 200 200 200 200 200 200 200 200 200 200 200 200 200 200 200 200 200 200 200 200 200 200 200 200 200 200 200 200 200 200 200 200 200 200 200 200 200 200 200 200 200 200 200 200 200 200 200 200 200 200 200 200 200 200 200 200 200 200 200 200 200 200 200 200 200 200 200 200 200 200 200 200 200 200 200 200 200 200 200 200 200 200 200 200 200 200 200 200 200 200 200 200 200 200 200 200 200 200 200 200 200 200 200 200 200 200 200 200 200 200 200 200 200 200 200 200 200 200 200 200 200 200 200 200 200 200 200 200 200 200 200 200 200 200 200 200 200 200 200 200 200 200 200 200 200 200 200 200
799
74 10 167 198 106 48 51 5 49 45 8 112 67 36 113 70 31 5 175 128 162 76 46 74 12 100 33 109 47 196 78 43 177 117 100 14 88 21 189 123 4 130 127 0 135 105 34 65 152 170 157 79 103 196 80 98 59 42 198 84 129 99 28 62 165 57 90 52 1 76 147 30 95 44 152 78 110 60 82 133 84 3 66 59 134 14 83 180 156 95 158 113 104 195 188 160 150 158 162 180 155 92 52 166 72 79 172 165 66 109 99 50 107 83 124 34 147 106 92 178 124 55 87 73 71 154 21 47 43 105 99 145 139 130 78 38 19 41 34 131 130 179 190 76 91 121 134 58 37 180 183 61 18 148 165 108 109 173 174 31 50 11 78 36 51 158 18 63 91 120 158 13 45 196 164 63 163 115 174 12 196 91 45 164 150 171 116 29 121 193 15 178 189 135 34 74 189 159 16 46 142 91 49 105 89 133 180 182 1 121 83 187 183 25 138 176 145 176 15 58 91 140 108 190 74 3 180 29 3 11 146 2 102 157 111 161 126 95 60 97 166 55 54 184 64 119 181 170 125 28 137 171 39 48 118 16 179 53 37 83 0 119 195 114 55 54 176 112 105 154 103 173 152 103 37 111 69 31 13 107 182 156 92 129 49 197 67 177 92 135 21 67 45 66 112 149 90 131 111 194 79 73 90 25 173 17 10 142 170 89 62 179 39 155 83 1 162 198 200 147 199 32 32 71 133 9 7 34 102 94 74 133 50 158 51 36 83 0 57 152 50 156 37 89 148 11 9 35 164 61 102 173 77 99 50 172 143 192 8 54 124 160 9 198 51 159 28 165 22 107 22 129 30 158 38 163 90 163 48 117 91 163 59 145 173 192 137 61 26 171 134 122 0 176 9 147 8 40 13 119 120 44 106 16 11 12 107 200 172 41 8 25 31 20 63 186 144 103 18 187 71 89 63 22 2 76 41 131 168 73 83 57 143 144 112 179 137 186 150 24 128 155 122 133 69 6 66 138 80 76 61 129 160 169 64 45 165 145 195 69 12 192 110 168 196 59 198 27 44 90 176 133 147 133 81 35 144 114 74 39 167 3 43 128 24 53 39 31 44 128 182 146 142 164 196 12 128 50 143 28 104 40 72 103 158 176 89 189 158 84 28 119 84 151 183 137 42 8 194 71 105 114 49 141 20 80 19 72 122 124 200 109 11 155 199 134 176 87 115 111 75 43 96 171 107 149 72 112 135 86 152 87 58 87 105 112 57 136 33 170 28 168 17 145 126 132 134 34 117 184 103 103 166 71 79 43 131 120 53 13 15 109 87 149 135 107 21 7 192 151 21 175 31 104 35 30 101 3 47 18 104 26 75 29 55 36 35 155 130 129 91 26 146 169 140 24 40 16 81 62 4 178 19 162 85 12 156 171 79 20 153 109 151 190 42 70 60 92 111 100 68 146 132 15 112 111 114 155 95 170 96 47 91 67 94 126 177 90 19 128 76 101 80 151 16 75 16 162 25 156 183 31 88 71 122 28 33 131 2 167 6 65 162 118 72 17 70 26 141 24 56 183 78 104 103 66 93 21 119 172 168 22 13 131 83 85 152 139 93 173 190 96 19 191 45 134 111 189 101 72 41 129 153 167 163 65 44 96 106 6 9 47 21 129 108 88 144 139 80 45 109 196 115 111 191 29 158 70 177 64 68 6 84 53 172 154 148 62 123 173 176 166 75 26 200 127 121 141 130 171 168 55 63 102 178 199 101 153 77 60 139 6 117 93 160 64 183 112 164 21 185 22 40 34 102 1 11 21 147
491
200 200 200 200 200 200 200 200 200 200 200 200 200 200 200 200 200 200 200 200 200 200 200 200 200 200 200 200 200 200 200 200 200 200 200 200 200 200 200 200 200 200 200 200 200 200 200 200 200 200 200 200 200 200 200 200 200 200 200 200 200 200 200 200 200 200 200 200 200 200 200 200 200 200 200 200 200 200 200 200 200 200 200 200 200 200 200 200 200 200 200 200 200 200 200 200 200 200 200 200 200 200 200 200 200 200 200 200 200 200 200 200 200 200 200 200 200 200 200 200 200 200 200 200 200 200 200 200 200 200 200 200 200 200 200 200 200 200 200 200 200 200 200 200 200 200 200 200 200 200 200 200 200 200 200 200 200 200 200 200 200 200 200 200 200 200 200 200 200 200 200 200 200 200 200 200 200 200 200 200 200 200 200 200 200 200 200 200 200 200 200 200 200 200 200 200 200 200 200 200 200 200 200 200 200 200 200 200 200 200 200 200 200 200 200 200 200 200 200 200 200 200 200 200 200 200 200 200 200 200 200 200 200 200 200 200 200 200 200 200 200 200 200 200 200 200 200 200 200 200 200 200 200 200 200 200 200 200 200 200 200 200 200 200 200 200 200 200 200 200 200 200 200 200 200 200 200 200 200 200 200 200 200 200 200 200 200 200 200 200 200 200 200 200 200 200 200 200 200 200 200 200 200 200 200 200 200 200 200 200 200 200 200 200 200 200 200 200 200 200 200 200 200 200 200 200 200 200 200 200 200 200 200 200 200 200 200 200 200 200 200 200 200 200 200 200 200 200 200 200 200 200 200 200 200 200 200 200 200 200 200 200 200 200 200 200 200 200 200 200 200 200 200 200 200 200 200 200 200 200 200 200 200 200 200 200 200 200 200 200 200 200 200 200 200 200 200 200 200 200 200 200 200 200 200 200 200 200 200 200 200 200 200 200 200 200 200 200 200 200 200 200 200 200 200 200 200 200 200 200 200 200 200 200 200 200 200 200 200 200 200 200 200 200 200 200 200 200 200 200 200 200 200 200 200 200 200 200 200 200 200 200 200 200 200 200 200 200 200 200 200 200 200 200 200 200 200 200 200 200 200 200 200 200 200 200 200 200 200 200 200
249
200 200 200 200 200 200 200 200 200 200 200 200 200 200 200 200 200 200 200 200 200 200 200 200 200 200 200 200 200 200 200 200 200 200 200 200 200 200 200 200 200 200 200 200 200 200 200 200 200 200 200 200 200 200 200 200 200 200 200 200 200 200 200 200 200 200 200 200 200 200 200 200 200 200 200 200 200 200 200 200 200 200 200 200 200 200 200 200 200 200 200 200 200 200 200 200 200 200 200 200 200 200 200 200 200 200 200 200 200 200 200 200 200 200 200 200 200 200 200 200 200 200 200 200 200 200 200 200 200 200 200 200 200 200 200 200 200 200 200 200 200 200 200 200 200 200 200 200 200 200 200 200 200 200 200 200 200 200 200 200 200 200 200 200 200 200 200 200 200 200 200 200 200 200 200 200 200 200 200 200 200 200 200 200 200 200 200 200 200 200 200 200 200 200 200 200 200 200 200 200 200 200 200 200 200 200 200 200 200 200 200 200 200 200 200 200 200 200 200 200 200 200 200 200 200 200 200 200 200 200 200 200 200 200 200 200 200 200 200 200 200 200 200 200 200 200 200 200 200
858
139 148 67 18 5 118 15 122 142 64 81 47 164 127 161 85 131 26 119 165 113 41 151 189 132 30 52 186 96 175 135 104 73 185 137 27 139 181 107 89 195 180 129 41 44 179 74 127 198 90 51 9 126 20 199 197 21 55 140 164 136 22 99 146 29 192 175 84 101 38 16 23 126 4 193 114 190 64 84 36 10 181 71 161 85 139 95 156 22 19 9 105 56 109 168 135 5 184 116 176 194 20 76 170 155 88 143 26 97 112 82 197 39 148 71 107 109 183 161 52 26 79 10 176 60 117 93 2 167 94 195 195 182 160 147 8 57 153 54 161 78 175 36 83 133 15 12 76 115 27 56 16 88 15 18 20 7 182 80 44 117 182 174 76 158 18 84 172 117 42 70 30 5 87 88 149 102 43 93 75 55 1 88 29 111 154 72 10 77 6 61 89 128 197 45 110 113 62 2 136 5 76 45 43 173 122 83 7 101 63 200 36 117 163 13 90 49 17 135 122 43 141 192 110 10 191 24 60 72 112 155 110 102 14 194 73 3 155 153 191 57 117 7 111 65 40 88 56 159 22 171 14 126 106 180 173 112 36 199 12 176 194 154 65 114 76 109 40 32 14 27 89 181 146 13 18 174 38 64 28 29 106 41 76 113 199 107 120 199 45 100 12 45 189 64 131 74 145 13 57 114 21 149 120 181 65 108 34 167 133 3 79 18 174 148 129 156 43 29 75 6 166 8 77 160 16 15 121 26 4 70 4 44 171 3 76 87 45 107 119 181 102 60 124 199 187 119 91 66 42 138 130 89 102 149 117 92 87 84 50 53 154 91 40 175 72 7 116 11 119 101 66 37 45 147 165 78 29 55 139 131 183 195 89 123 81 194 104 66 28 21 182 44 12 198 147 187 87 197 158 59 81 68 187 120 81 31 27 174 176 11 154 114 168 18 165 57 53 8 115 141 194 85 57 50 48 45 146 140 53 111 37 53 78 104 37 183 126 59 191 184 128 45 13 51 45 48 86 79 145 14 191 60 108 72 27 38 48 173 192 123 58 37 120 180 199 79 154 158 126 106 176 183 87 126 141 43 167 168 96 22 171 18 169 89 71 153 37 101 116 44 161 82 172 183 195 88 177 143 197 17 16 133 157 157 56 151 53 71 152 157 166 6 27 44 82 122 133 39 162 48 178 190 145 42 154 56 172 178 97 62 138 141 166 184 152 83 118 150 176 138 151 93 170 87 163 126 113 184 118 187 5 136 39 39 66 41 155 151 130 114 94 102 108 172 12 152 9 95 127 20 38 181 136 101 69 102 74 78 147 17 70 166 185 86 183 101 35 137 27 0 87 120 121 89 62 145 120 42 46 40 89 40 25 132 68 104 159 181 172 174 97 12 135 62 99 122 120 157 181 11 121 134 11 174 88 140 191 96 68 56 154 45 2 195 142 94 88 33 43 120 91 152 148 130 111 32 164 26 12 6 134 52 192 3 51 172 33 66 21 178 58 9 163 145 195 67 173 172 155 78 157 103 92 4 91 118 167 17 175 182 184 162 14 149 15 131 67 153 126 109 162 146 181 115 71 100 92 129 2 68 16 195 193 172 184 174 55 12 42 172 114 125 116 63 194 91 30 43 168 135 9 189 118 161 81 74 39 30 106 88 155 139 143 14 53 51 64 116 122 62 154 0 62 94 55 10 198 167 121 98 4 182 157 173 70 135 155 89 70 143 94 45 32 158 151 93 16 92 5 140 82 9 85 94 48 90 36 129 130 66 73 11 47 88 198 95 187 9 75 45 165 36 52 121 23 144 145 200 174 178 58 44 21 72 81 98 132 162 55 128 120 48 122 134 197 94 42 62 10 67 172 56 21 118 4 21 73 108 101 141 39 97 180 171 132 106 76 187 49 82 77 17 153 174 83 199 1 165 26 190 148 18 137 194 1 99 161
417
9 172 14 6 7 0 15 8 19 197 4 161 20 4 12 19 2 4 7 16 1 13 19 2 19 13 17 18 0 185 12 157 19 17 16 12 8 16 11 13 7 17 19 4 152 9 19 16 200 161 19 16 20 177 4 0 12 0 18 158 10 179 3 11 168 4 14 19 15 156 16 11 8 4 10 15 20 18 19 7 4 4 19 20 4 11 10 0 10 165 11 1 13 12 1 0 2 193 9 2 12 3 14 3 16 166 1 6 19 187 10 4 3 15 13 18 18 5 11 4 173 3 15 3 7 11 5 10 7 5 15 15 166 4 20 164 165 178 156 157 188 17 3 6 5 8 3 11 7 183 14 154 12 4 177 7 12 13 181 9 14 12 18 192 156 0 5 199 17 19 18 16 10 3 183 10 4 11 6 196 154 6 200 15 20 191 171 4 6 185 0 16 19 12 8 15 6 6 6 0 20 5 11 9 178 13 8 17 4 170 176 10 11 157 6 18 18 4 10 162 2 177 4 12 6 5 8 4 8 184 16 20 20 196 7 170 166 196 13 18 6 17 7 20 1 181 20 8 4 20 16 194 6 8 8 10 20 1 184 4 13 9 1 0 12 14 7 2 12 19 1 16 7 12 181 3 20 14 18 194 9 12 6 18 10 0 6 12 13 3 195 11 19 5 10 13 12 19 4 10 191 9 9 11 2 4 16 1 16 9 1 11 9 3 8 194 12 8 193 16 14 6 14 7 161 196 20 16 8 6 20 4 1 181 4 16 9 7 154 0 14 6 195 1 158 9 12 9 6 195 15 185 1 9 14 5 16 14 6 4 7 3 160 2 0 9 18 20 9 10 12 198 16 3 6 4 18 4 3 4 15 164 13 16 0 13 18 19 10 20 12 181 4 184 8 11 10 9 179 10 5 13 4 10 17 4 16 12 4 5 5 152 16 12 13 157 2
167
0 200 92 105 64 67 55 101 60 97 103 117 90 53 90 51 61 80 76 73 118 93 92 88 96 119 96 50 111 95 84 78 67 119 117 82 93 114 89 96 115 86 98 110 77 89 100 72 86 109 112 53 111 62 85 102 89 116 88 86 70 80 63 70 68 52 113 88 91 120 115 83 65 61 52 108 71 58 107 89 79 110 113 82 66 98 107 110 81 64 120 104 96 78 98 95 77 76 111 52 120 113 98 52 99 85 86 72 94 120 52 101 106 101 69 76 65 77 90 62 85 70 86 107 117 75 92 91 85 96 69 95 56 63 114 62 71 64 67 92 85 60 98 94 84 61 81 113 116 98 62 74 93 64 94 63 52 96 92 102 88 109 119 76 77 91 200
244
48 48 22 22 16 48 187 48 48 187 48 48 16 187 22 187 16 22 22 16 187 22 22 48 22 16 187 16 22 16 16 22 187 48 187 16 16 22 16 16 48 22 22 48 22 22 187 22 16 187 22 187 16 187 16 48 22 48 16 48 187 22 22 187 16 187 16 22 22 48 16 187 48 16 22 22 48 22 187 187 48 16 16 16 187 187 22 187 48 16 22 16 48 48 16 16 187 22 16 48 48 16 48 16 22 48 22 48 48 22 16 16 16 187 22 22 22 22 16 16 48 48 22 16 22 187 187 187 22 22 48 48 16 48 16 187 22 22 22 16 16 22 187 48 48 48 187 16 187 187 22 22 48 187 16 22 16 16 48 16 22 48 22 16 22 16 187 48 187 187 48 48 48 16 22 48 16 22 16 48 16 16 48 187 187 22 48 48 48 16 187 22 22 48 187 22 48 48 22 187 22 48 16 48 22 16 16 16 16 187 48 22 22 187 16 48 48 22 16 22 22 48 22 16 16 187 187 22 187 187 16 22 48 48 48 187 48 187 16 48 187 16 48 187
1000
1 4 8 12 18 18 199 12 20 4 19 0 4 3 16 5 17 15 14 12 175 15 7 20 0 2 13 15 18 18 14 17 16 1 1 11 11 184 178 197 179 2 8 5 10 0 13 8 19 12 8 0 13 195 1 160 8 8 7 16 154 20 11 195 2 186 13 0 6 9 5 13 20 15 8 5 20 13 7 11 8 10 169 19 9 7 11 19 19 0 184 13 9 2 177 9 18 16 10 9 18 0 11 154 176 13 16 0 19 6 9 11 7 14 8 2 18 0 160 20 5 157 195 2 14 17 6 8 17 17 7 8 20 6 9 20 1 11 13 5 12 3 193 11 184 19 8 190 9 7 11 17 2 14 156 14 0 180 188 11 13 1 1 4 3 194 7 15 15 19 9 20 0 19 174 5 6 0 165 9 162 3 12 20 9 10 3 163 186 18 7 14 158 14 9 1 5 20 174 11 166 14 20 6 12 18 20 185 0 150 1 11 171 162 2 13 2 12 11 7 7 2 2 8 4 14 5 17 2 18 9 4 7 2 12 6 0 8 194 10 20 9 7 4 178 16 12 14 165 2 13 180 13 180 4 13 4 2 18 17 7 14 20 11 2 8 11 182 9 16 11 7 6 10 17 19 162 4 183 7 3 6 18 163 14 179 19 16 8 155 20 196 20 11 20 3 2 6 154 10 6 195 174 13 15 19 166 185 17 6 6 13 3 2 18 20 0 14 175 13 200 4 1 162 171 4 14 20 2 14 10 173 7 10 16 0 2 10 10 0 18 152 17 4 18 19 8 195 6 5 5 18 19 156 10 4 18 12 15 14 0 7 17 1 7 9 153 19 10 2 15 16 19 4 16 4 19 17 16 19 9 9 10 150 0 17 20 5 0 172 1 193 12 15 7 169 0 11 18 190 2 7 16 14 14 14 182 11 1 14 1 18 180 17 15 18 10 20 177 19 14 1 170 3 160 7 2 1 0 3 169 6 183 4 1 17 155 14 12 193 16 6 8 5 18 11 14 18 3 20 13 10 13 169 8 165 11 158 1 4 6 13 1 190 16 15 10 8 12 1 7 19 196 186 8 16 5 14 19 20 9 17 6 7 181 10 17 16 12 160 0 13 2 16 2 155 180 165 181 171 19 0 19 5 5 1 19 7 17 13 9 10 4 17 20 9 9 172 1 7 11 5 20 1 14 17 13 181 4 3 11 4 14 6 17 177 15 16 18 12 13 11 7 189 16 17 171 16 0 13 10 163 0 7 0 8 9 4 12 9 2 10 0 12 18 17 18 13 1 9 0 15 152 194 2 1 173 16 10 198 17 157 12 188 1 15 185 10 20 20 5 20 17 7 3 189 1 5 7 20 3 18 9 175 11 18 9 193 4 6 150 0 8 17 0 18 18 189 13 2 183 158 3 16 1 4 3 193 15 180 18 195 197 6 10 153 4 189 16 4 13 19 8 15 182 4 193 16 151 4 8 4 0 20 10 4 3 5 179 8 19 4 0 6 5 3 175 18 153 19 17 11 15 151 14 4 9 9 20 16 5 17 199 0 12 16 7 9 2 10 190 179 4 151 15 153 3 2 5 17 178 15 20 14 13 12 7 16 1 15 19 0 7 200 158 12 14 184 13 1 13 15 167 10 163 174 16 20 3 14 14 172 189 189 159 4 16 185 8 0 199 0 18 157 4 159 12 14 15 18 16 3 10 7 0 11 1 5 8 9 7 14 19 11 164 9 12 4 7 1 9 12 177 12 20 3 0 165 14 14 12 180 7 13 8 15 5 7 174 6 17 6 13 2 175 19 177 2 20 193 16 10 3 5 160 3 181 5 173 9 18 18 5 5 181 3 8 180 18 154 18 161 11 2 11 19 15 163 6 10 17 14 193 6 19 174 0 6 14 19 14 7 4 5 3 16 11 6 11 11 1 1 0 14 15 16 189 0 15 0 17 197 11 8 3 11 6 15 2 173 2 19 6 8 11 187 9 3 14 10 5 177 12 157 20 0 9 12 18 13 199 186 6 4 18 12 20 9 19 13 18 4 17 18 14 14 187 17 181 17 14 12 165 17 4 10 191 4 16 19 20 177 13 11 9 20 4 2 15 152 5 20 12 15 6 17 9 19 9 1 198 17 0 175 2 5 12 163 0 0 20 19 170 4 0 3 12 14 8 183 6 179 185 17 171 12 7 168 19 3 1 18 166 17 156 156 13 4 7 15 15 7 166 13 175 5 192 2 17 13 6 12 15 1 6 164 176 4 17 173
187
0 0 0 0 0 0 0 0 0 0 0 0 0 0 0 0 0 0 0 0 0 0 0 0 0 0 0 0 0 0 0 0 0 0 0 0 0 0 0 0 0 0 0 0 0 0 0 0 0 0 0 0 0 0 0 0 0 0 0 0 0 0 0 0 0 0 0 0 0 0 0 0 0 0 0 0 0 0 0 0 0 0 0 0 0 0 0 0 0 0 0 0 0 0 0 0 0 0 0 0 0 0 0 0 0 0 0 0 0 0 0 0 0 0 0 0 0 0 0 0 0 0 0 0 0 0 0 0 0 0 0 0 0 0 0 0 0 0 0 0 0 0 0 0 0 0 0 0 0 0 0 0 0 0 0 0 0 0 0 0 0 0 0 0 0 0 0 0 0 0 0 0 0 0 0 0 0 0 0 0 0 0 0 0 0 0 0
886
75 89 99 32 128 134 145 16 63 94 176 83 193 102 44 19 33 12 29 118 92 48 68 45 157 199 2 118 172 80 142 24 32 51 194 142 109 173 165 187 129 148 36 184 101 106 62 75 22 102 2 158 146 130 197 14 77 59 75 93 80 132 44 48 159 196 54 16 78 3 75 81 86 135 168 199 199 191 31 167 9 177 73 164 182 110 26 17 103 178 151 94 1 36 152 51 139 1 75 196 58 0 77 109 12 19 125 186 73 86 197 99 16 125 101 12 191 57 39 95 10 29 72 134 84 190 178 29 16 144 102 161 193 172 1 69 118 169 52 47 68 70 65 106 171 113 140 97 102 55 61 44 136 88 82 124 194 49 123 113 101 137 32 56 87 121 159 120 154 66 25 133 178 142 47 55 158 75 32 125 162 72 168 105 73 119 152 166 112 77 78 145 135 116 146 95 98 157 108 124 71 141 89 157 91 138 7 29 48 189 3 12 18 132 39 181 180 121 8 148 38 152 77 9 45 179 70 5 188 106 183 180 171 9 130 124 63 103 78 183 136 184 35 15 116 172 126 153 6 192 147 171 184 166 121 15 85 117 100 184 172 75 64 13 150 174 3 13 60 170 150 59 52 135 187 118 166 17 56 119 56 136 8 46 166 109 176 120 79 2 189 108 58 38 33 86 71 120 157 44 103 49 69 116 83 124 72 168 156 81 161 120 109 138 136 108 142 177 141 185 132 27 89 71 45 33 30 15 135 63 118 63 25 36 18 78 162 40 28 103 93 86 179 42 44 148 130 69 81 183 0 155 18 87 107 102 161 83 30 153 94 10 118 53 195 100 84 21 122 62 26 79 160 80 0 136 183 164 70 124 129 81 104 198 154 193 127 124 169 193 39 105 195 89 22 111 180 48 146 132 184 63 15 143 36 45 119 106 191 152 60 100 118 108 74 84 53 196 73 191 179 195 147 3 81 49 91 18 31 72 172 60 0 101 145 42 199 105 186 140 182 41 127 110 112 9 14 19 29 128 49 165 134 161 181 194 96 157 60 77 115 101 139 186 144 121 98 82 24 132 162 186 164 173 16 120 4 118 12 131 113 73 40 111 159 30 130 78 100 195 12 65 137 28 175 58 83 22 75 63 77 82 47 160 24 69 182 144 93 39 114 0 35 181 129 98 105 196 100 36 8 82 187 90 183 102 25 165 70 129 15 112 92 23 121 200 172 133 117 39 188 140 154 173 96 9 46 92 53 157 178 172 56 97 121 125 156 138 0 13 157 71 197 112 89 145 177 158 27 189 193 121 71 90 189 3 3 151 155 50 170 71 155 63 94 117 138 151 54 130 193 136 13 99 72 122 96 174 53 107 159 27 97 27 128 64 107 59 104 35 197 45 58 26 185 116 187 69 59 136 141 111 32 141 54 153 102 116 168 136 179 136 115 15 8 93 20 190 183 47 50 74 67 191 194 154 183 169 162 179 56 166 146 31 64 92 41 89 198 97 53 142 77 39 130 138 193 139 116 162 114 200 70 166 120 156 87 14 11 20 116 4 153 49 89 80 78 99 101 19 161 66 23 108 63 14 185 64 125 49 194 138 92 48 102 115 178 168 81 185 170 153 50 27 132 94 43 111 108 36 94 99 40 113 39 68 8 144 18 10 121 162 76 128 149 2 96 116 39 185 123 75 110 194 27 45 107 62 38 78 140 50 45 105 8 183 11 198 165 194 137 159 19 5 187 56 20 200 119 103 108 131 117 6 150 9 69 193 24 93 45 172 59 2 76 158 15 115 161 188 48 104 129 136 28 151 155 150 141 92 15 150 147 132 66 62 26 36 14 184 118 121 44 148 105 68 132 62 21 102 176 123 70 184 125 117 34 162 118 4 78 175 87 88 6 178 1 193 138 48 51 197 172 150 149 25 123 64 88 34 5 84 34 77 131 75 179 98 191 125 176 167 79 185 171 60 115 191 134 166 90 15 185 185 162 94 95 14 38 122 159 27 13 141 170 78
1000
57 109 69 109 184 79 109 69 57 109 109 57 82 79 82 57 109 109 184 109 82 184 69 69 79 57 69 109 57 69 69 57 79 82 79 57 79 57 79 69 184 82 184 79 184 79 79 82 79 109 57 109 79 79 184 82 109 109 184 79 184 184 79 109 184 184 79 69 184 184 82 57 69 109 79 69 82 79 57 82 82 69 109 69 69 184 57 109 79 184 184 82 109 82 69 69 109 69 57 109 184 79 184 184 69 79 184 109 69 82 79 82 79 184 57 82 82 69 184 109 57 79 184 184 82 79 79 184 57 69 57 57 79 184 69 184 69 184 57 109 109 69 57 57 109 184 109 79 57 109 82 57 109 82 57 57 109 109 109 57 79 69 79 69 57 57 57 79 82 69 79 82 109 184 69 57 69 79 184 57 69 69 79 109 57 184 79 82 82 184 69 57 57 109 79 79 69 69 82 184 184 79 69 184 184 57 69 109 69 79 79 79 69 69 184 109 109 79 79 109 69 69 79 109 109 184 184 184 69 79 79 57 184 184 82 184 82 109 57 69 57 69 57 109 79 69 109 184 82 79 79 69 57 69 109 57 79 184 82 109 69 109 184 82 69 79 69 79 57 109 184 69 184 69 57 184 69 57 109 79 82 57 69 82 184 82 57 109 79 79 82 82 82 79 82 109 82 109 82 184 82 109 69 57 69 82 57 79 109 79 57 109 79 57 82 109 82 184 184 109 79 79 57 57 57 82 184 109 184 184 79 109 69 79 69 79 184 57 184 109 109 82 184 82 79 184 69 69 57 79 69 109 82 184 109 184 82 184 79 184 69 184 109 82 109 79 57 82 184 57 184 57 82 69 109 79 69 69 69 79 79 82 69 79 82 184 57 69 184 69 109 69 109 82 82 109 82 109 79 82 184 184 57 69 82 109 109 79 69 109 79 109 109 184 184 82 57 79 69 109 79 79 57 184 57 184 57 109 79 57 69 109 82 109 109 79 184 109 82 57 109 184 57 109 79 69 82 57 79 82 69 57 82 79 82 184 109 109 109 79 109 109 184 82 109 184 57 79 82 69 82 109 82 69 82 69 79 57 57 184 184 109 82 57 79 79 57 82 69 109 69 57 79 109 184 184 82 82 82 57 79 82 184 82 79 109 79 69 69 82 79 184 109 79 79 184 109 82 184 57 69 57 57 69 57 184 184 79 184 57 109 57 184 184 69 82 69 79 184 57 57 79 69 57 184 109 57 69 109 109 79 69 184 109 57 69 57 69 184 184 79 109 109 57 109 184 109 184 109 82 79 57 69 69 69 57 184 109 79 109 184 82 79 82 82 109 82 109 79 82 57 57 69 69 184 79 184 57 109 82 79 69 82 82 79 184 184 184 109 109 57 69 69 69 57 57 79 82 57 109 69 79 109 79 79 82 57 184 184 184 57 57 57 82 109 184 109 109 184 79 109 109 109 184 184 69 69 57 82 57 79 184 57 79 57 109 109 57 109 184 57 109 82 69 69 57 79 184 57 109 69 57 184 184 69 82 69 57 69 184 82 109 109 57 57 109 109 184 79 57 69 69 184 184 69 69 82 57 82 57 184 79 69 69 57 57 79 82 69 82 82 109 82 79 82 184 79 82 79 82 109 82 69 109 82 109 79 69 79 57 109 82 57 79 69 57 184 69 109 69 82 69 69 69 184 184 57 69 82 79 79 57 82 57 82 82 184 184 109 69 82 82 69 79 82 82 184 57 82 57 69 69 69 82 79 184 184 82 184 69 79 79 82 79 109 69 82 184 79 69 184 79 79 82 79 184 82 82 79 79 184 109 82 184 57 82 184 57 57 69 79 184 184 79 69 79 57 69 69 184 69 82 69 79 57 82 57 184 184 69 57 82 69 184 69 109 82 82 184 109 69 184 69 69 184 69 57 79 69 69 82 82 82 69 79 69 79 57 57 109 79 109 184 109 69 184 109 82 184 82 69 57 109 57 79 82 57 79 69 82 79 79 109 79 184 69 57 79 82 79 184 69 57 57 79 79 184 79 184 184 79 109 79 69 82 57 184 109 184 79 184 79 79 57 79 82 79 184 69 79 79 109 82 79 69 82 69 69 69 79 82 109 69 82 109 82 57 69 79 82 82 69 82 82 109 184 79 57 82 69 82 57 82 82 82 82 82 184 79 69 57 57 57 79 109 82 79 109 69 79 57 69 69 109 82 184 184 57 69 82 184 82 69 184 79 184 109 109 57 82 184 79 184 69 109 79 69 69 109 82
999
18 6 5 18 3 1 12 8 19 3 14 20 16 9 0 14 4 9 14 13 16 15 11 11 17 15 17 17 15 14 17 0 0 3 0 11 10 15 0 11 8 18 12 18 18 13 8 10 1 0 5 19 10 6 13 2 6 5 8 6 9 10 6 20 14 14 18 4 7 11 15 4 9 17 3 8 4 16 1 15 1 5 16 5 20 8 14 6 18 3 7 18 19 17 15 9 8 3 3 15 3 17 6 13 20 12 9 6 7 3 6 3 2 8 15 12 19 0 19 2 14 17 20 8 7 12 9 8 0 16 4 9 6 14 17 10 16 2 4 15 5 7 0 4 12 4 6 14 3 12 11 9 16 16 3 16 17 10 20 15 10 6 1 6 16 6 8 2 2 11 3 10 13 14 14 1 16 16 3 18 13 14 16 1 7 14 5 6 14 4 14 7 10 11 2 4 2 6 18 15 2 3 7 5 15 11 1 6 7 6 16 5 1 7 8 11 14 20 1 6 8 5 3 5 7 12 16 7 20 18 12 17 6 7 0 3 6 12 11 17 7 20 9 18 0 9 6 8 12 19 7 15 17 12 13 9 6 10 1 0 4 13 15 8 5 10 4 17 5 15 8 11 10 17 14 9 16 5 4 18 3 8 3 18 17 5 17 7 20 5 20 14 14 1 4 13 1 11 15 18 9 20 10 10 6 10 17 1 14 19 2 14 18 19 10 3 20 11 3 0 3 15 10 7 15 1 11 8 8 9 1 18 5 0 10 15 20 17 2 16 8 18 20 10 4 17 1 18 19 8 1 16 5 5 7 6 14 4 12 20 1 10 2 20 6 1 19 11 19 20 8 5 15 14 10 1 6 13 18 15 20 6 17 1 18 17 6 20 12 10 7 14 19 6 14 7 15 11 6 17 2 5 7 11 13 0 13 12 4 7 17 0 5 9 5 3 6 1 11 4 14 7 18 17 1 17 10 0 8 6 11 8 17 20 1 16 19 3 20 17 10 19 8 7 5 1 2 7 19 1 6 10 11 19 2 9 6 7 9 5 1 12 5 20 20 4 1 13 7 17 9 0 16 10 4 5 3 20 19 20 13 15 18 18 11 7 2 10 14 18 8 6 3 6 20 13 10 1 8 15 20 11 16 15 1 4 17 3 9 17 10 1 20 7 20 3 4 18 10 11 13 9 9 7 20 14 2 13 13 6 0 10 2 8 2 12 3 10 6 12 10 3 15 9 2 19 11 10 0 8 20 0 2 20 13 0 0 4 12 20 4 11 1 4 16 15 13 10 5 15 19 3 2 20 12 13 10 5 7 12 0 11 6 18 1 2 3 17 20 12 14 3 14 0 5 5 10 8 17 16 13 18 14 2 5 0 6 19 20 4 10 14 3 11 2 15 9 14 9 8 0 16 20 5 14 12 8 19 18 20 18 18 9 10 4 13 20 5 7 13 14 12 7 12 9 17 9 13 14 9 19 11 0 1 4 7 19 4 3 7 2 15 16 14 15 4 11 10 8 19 17 5 20 20 4 4 13 17 1 9 17 11 11 17 20 16 5 20 19 7 16 5 13 10 16 6 17 3 15 18 10 18 16 14 9 2 10 9 1 16 11 2 7 19 3 2 10 18 2 7 9 11 17 18 10 5 1 14 0 19 15 2 3 16 14 4 5 17 4 19 11 16 2 7 12 7 1 20 18 6 2 17 3 16 6 7 13 4 5 14 1 15 20 18 0 13 8 14 17 18 2 1 12 12 14 8 11 16 10 16 1 18 2 1 20 5 11 15 7 0 16 19 3 17 4 13 12 19 19 17 11 13 6 9 0 7 16 20 5 7 20 3 2 10 17 18 17 13 11 10 15 18 9 14 14 14 17 3 9 10 11 15 2 15 5 16 1 11 11 2 2 16 1 15 10 17 6 4 9 17 18 11 6 11 19 16 1 8 13 20 6 20 8 12 0 13 15 6 9 13 6 5 10 18 6 13 18 18 19 7 1 1 5 12 4 5 11 15 11 1 16 15 19 8 8 12 0 6 8 15 2 14 7 11 19 6 6 3 17 20 4 8 2 15 18 17 14 4 5 12 11 12 7 10 8 16 1 9 12 1 18 15 16 18 3 16 15 10 5 10 15 18 2 19 4 2 5 2 19 20 19 10 12 9 12 1 4 4 16 6 14 14 5 1 13 15 11 12 18 14 12 2 19 7 14 6 17 6 19 3 19 2 18 17 8 15 14 7 18 11 13 20 12 19 9 2 11 9 15
13
200 200 200 200 200 200 200 200 200 200 200 200 200
437
107 85 85 23 41 107 85 85 85 41 78 85 23 107 85 85 41 41 85 85 78 23 41 41 23 85 41 107 23 41 107 41 107 41 85 23 41 78 23 85 85 41 23 23 41 23 41 85 85 107 23 23 107 78 23 107 78 41 23 107 107 78 78 85 78 78 107 107 41 23 23 41 23 107 23 78 23 78 23 41 23 85 107 78 107 23 107 78 107 41 41 107 107 107 107 85 23 41 41 78 78 85 41 23 41 41 23 85 107 78 23 23 107 41 41 78 41 41 107 107 85 23 78 107 23 85 85 107 41 78 41 23 78 85 107 85 78 78 78 23 78 107 85 107 85 23 23 23 23 23 107 107 41 107 41 23 41 23 107 41 107 23 107 107 107 23 85 107 85 78 23 23 85 41 78 107 107 23 107 107 85 41 41 41 107 78 85 23 78 107 78 85 107 78 107 41 41 78 41 23 78 41 78 23 41 23 78 107 78 23 78 78 78 85 85 23 85 107 78 107 78 107 107 78 85 78 107 107 41 107 41 23 107 107 78 85 85 41 23 78 41 107 23 41 41 23 41 41 41 78 85 107 78 23 85 41 85 78 23 41 107 85 41 41 78 78 78 23 85 107 23 23 107 107 107 78 78 107 41 85 85 78 78 23 23 107 78 107 78 23 107 78 107 41 41 107 41 78 78 23 41 85 107 107 107 41 41 41 107 78 85 23 107 85 107 85 85 85 78 107 85 85 41 107 107 85 85 23 85 23 107 85 41 41 41 85 107 41 41 41 78 78 78 85 85 78 41 85 41 107 41 85 85 85 85 78 23 23 41 107 41 41 85 23 85 85 78 23 85 41 23 107 78 41 78 85 78 78 41 85 23 85 41 85 85 23 85 23 23 85 107 41 78 85 41 41 107 23 41 41 107 41 107 23 107 78 107 41 78 78 41 41 41 85 78 41 85 85 107 107 85 107 107 85 41 78 78 85 85 85 85 107 78 23 41 78 78
137
0 0 0 0 0 0 0 0 0 0 0 0 0 0 0 0 0 0 0 0 0 0 0 0 0 0 0 0 0 0 0 0 0 0 0 0 0 0 0 0 0 0 0 0 0 0 0 0 0 0 0 0 0 0 0 0 0 0 0 0 0 0 0 0 0 0 0 0 0 0 0 0 0 0 0 0 0 0 0 0 0 0 0 0 0 0 0 0 0 0 0 0 0 0 0 0 0 0 0 0 0 0 0 0 0 0 0 0 0 0 0 0 0 0 0 0 0 0 0 0 0 0 0 0 0 0 0 0 0 0 0 0 0 0 0 0 0
738
0 0 0 0 0 0 0 0 0 0 0 0 0 0 0 0 0 0 0 0 0 0 0 0 0 0 0 0 0 0 0 0 0 0 0 0 0 0 0 0 0 0 0 0 0 0 0 0 0 0 0 0 0 0 0 0 0 0 0 0 0 0 0 0 0 0 0 0 0 0 0 0 0 0 0 0 0 0 0 0 0 0 0 0 0 0 0 0 0 0 0 0 0 0 0 0 0 0 0 0 0 0 0 0 0 0 0 0 0 0 0 0 0 0 0 0 0 0 0 0 0 0 0 0 0 0 0 0 0 0 0 0 0 0 0 0 0 0 0 0 0 0 0 0 0 0 0 0 0 0 0 0 0 0 0 0 0 0 0 0 0 0 0 0 0 0 0 0 0 0 0 0 0 0 0 0 0 0 0 0 0 0 0 0 0 0 0 0 0 0 0 0 0 0 0 0 0 0 0 0 0 0 0 0 0 0 0 0 0 0 0 0 0 0 0 0 0 0 0 0 0 0 0 0 0 0 0 0 0 0 0 0 0 0 0 0 0 0 0 0 0 0 0 0 0 0 0 0 0 0 0 0 0 0 0 0 0 0 0 0 0 0 0 0 0 0 0 0 0 0 0 0 0 0 0 0 0 0 0 0 0 0 0 0 0 0 0 0 0 0 0 0 0 0 0 0 0 0 0 0 0 0 0 0 0 0 0 0 0 0 0 0 0 0 0 0 0 0 0 0 0 0 0 0 0 0 0 0 0 0 0 0 0 0 0 0 0 0 0 0 0 0 0 0 0 0 0 0 0 0 0 0 0 0 0 0 0 0 0 0 0 0 0 0 0 0 0 0 0 0 0 0 0 0 0 0 0 0 0 0 0 0 0 0 0 0 0 0 0 0 0 0 0 0 0 0 0 0 0 0 0 0 0 0 0 0 0 0 0 0 0 0 0 0 0 0 0 0 0 0 0 0 0 0 0 0 0 0 0 0 0 0 0 0 0 0 0 0 0 0 0 0 0 0 0 0 0 0 0 0 0 0 0 0 0 0 0 0 0 0 0 0 0 0 0 0 0 0 0 0 0 0 0 0 0 0 0 0 0 0 0 0 0 0 0 0 0 0 0 0 0 0 0 0 0 0 0 0 0 0 0 0 0 0 0 0 0 0 0 0 0 0 0 0 0 0 0 0 0 0 0 0 0 0 0 0 0 0 0 0 0 0 0 0 0 0 0 0 0 0 0 0 0 0 0 0 0 0 0 0 0 0 0 0 0 0 0 0 0 0 0 0 0 0 0 0 0 0 0 0 0 0 0 0 0 0 0 0 0 0 0 0 0 0 0 0 0 0 0 0 0 0 0 0 0 0 0 0 0 0 0 0 0 0 0 0 0 0 0 0 0 0 0 0 0 0 0 0 0 0 0 0 0 0 0 0 0 0 0 0 0 0 0 0 0 0 0 0 0 0 0 0 0 0 0 0 0 0 0 0 0 0 0 0 0 0 0 0 0 0 0 0 0 0 0 0 0 0 0 0 0 0 0 0 0 0 0 0 0 0 0 0 0 0 0 0 0 0 0 0 0 0 0 0 0 0 0 0 0 0 0 0 0 0 0 0 0 0 0 0 0 0 0 0 0 0 0 0 0 0 0 0 0 0 0 0 0 0 0 0 0 0 0 0 0 0 0 0
797
0 0 0 0 0 0 0 0 0 0 0 0 0 0 0 0 0 0 0 0 0 0 0 0 0 0 0 0 0 0 0 0 0 0 0 0 0 0 0 0 0 0 0 0 0 0 0 0 0 0 0 0 0 0 0 0 0 0 0 0 0 0 0 0 0 0 0 0 0 0 0 0 0 0 0 0 0 0 0 0 0 0 0 0 0 0 0 0 0 0 0 0 0 0 0 0 0 0 0 0 0 0 0 0 0 0 0 0 0 0 0 0 0 0 0 0 0 0 0 0 0 0 0 0 0 0 0 0 0 0 0 0 0 0 0 0 0 0 0 0 0 0 0 0 0 0 0 0 0 0 0 0 0 0 0 0 0 0 0 0 0 0 0 0 0 0 0 0 0 0 0 0 0 0 0 0 0 0 0 0 0 0 0 0 0 0 0 0 0 0 0 0 0 0 0 0 0 0 0 0 0 0 0 0 0 0 0 0 0 0 0 0 0 0 0 0 0 0 0 0 0 0 0 0 0 0 0 0 0 0 0 0 0 0 0 0 0 0 0 0 0 0 0 0 0 0 0 0 0 0 0 0 0 0 0 0 0 0 0 0 0 0 0 0 0 0 0 0 0 0 0 0 0 0 0 0 0 0 0 0 0 0 0 0 0 0 0 0 0 0 0 0 0 0 0 0 0 0 0 0 0 0 0 0 0 0 0 0 0 0 0 0 0 0 0 0 0 0 0 0 0 0 0 0 0 0 0 0 0 0 0 0 0 0 0 0 0 0 0 0 0 0 0 0 0 0 0 0 0 0 0 0 0 0 0 0 0 0 0 0 0 0 0 0 0 0 0 0 0 0 0 0 0 0 0 0 0 0 0 0 0 0 0 0 0 0 0 0 0 0 0 0 0 0 0 0 0 0 0 0 0 0 0 0 0 0 0 0 0 0 0 0 0 0 0 0 0 0 0 0 0 0 0 0 0 0 0 0 0 0 0 0 0 0 0 0 0 0 0 0 0 0 0 0 0 0 0 0 0 0 0 0 0 0 0 0 0 0 0 0 0 0 0 0 0 0 0 0 0 0 0 0 0 0 0 0 0 0 0 0 0 0 0 0 0 0 0 0 0 0 0 0 0 0 0 0 0 0 0 0 0 0 0 0 0 0 0 0 0 0 0 0 0 0 0 0 0 0 0 0 0 0 0 0 0 0 0 0 0 0 0 0 0 0 0 0 0 0 0 0 0 0 0 0 0 0 0 0 0 0 0 0 0 0 0 0 0 0 0 0 0 0 0 0 0 0 0 0 0 0 0 0 0 0 0 0 0 0 0 0 0 0 0 0 0 0 0 0 0 0 0 0 0 0 0 0 0 0 0 0 0 0 0 0 0 0 0 0 0 0 0 0 0 0 0 0 0 0 0 0 0 0 0 0 0 0 0 0 0 0 0 0 0 0 0 0 0 0 0 0 0 0 0 0 0 0 0 0 0 0 0 0 0 0 0 0 0 0 0 0 0 0 0 0 0 0 0 0 0 0 0 0 0 0 0 0 0 0 0 0 0 0 0 0 0 0 0 0 0 0 0 0 0 0 0 0 0 0 0 0 0 0 0 0 0 0 0 0 0 0 0 0 0 0 0 0 0 0 0 0 0 0 0 0 0 0 0 0 0 0 0 0 0 0 0 0 0 0 0 0 0 0 0 0 0 0 0 0 0 0 0 0 0 0 0 0 0 0 0 0 0 0 0 0 0 0 0 0 0 0 0 0 0 0 0 0 0 0 0 0 0 0 0 0 0 0 0 0 0 0 0 0 0 0 0 0 0
640
99 62 142 27 103 131 170 108 17 13 11 157 178 67 163 138 17 95 65 85 78 67 107 187 178 194 169 32 122 20 103 98 39 58 188 21 49 101 157 66 11 10 123 54 42 91 41 66 91 35 113 188 86 18 126 190 109 11 83 30 174 95 10 64 28 152 199 180 156 170 61 44 104 11 141 136 63 174 172 3 195 196 196 153 194 164 4 94 9 92 151 96 48 161 142 184 111 22 193 166 19 180 41 90 156 153 85 198 132 45 171 36 123 88 199 115 126 101 82 11 174 150 61 183 103 117 135 144 101 168 179 79 76 179 118 25 158 91 1 85 147 185 196 128 167 21 10 98 170 125 149 200 200 188 50 17 2 109 4 103 178 25 174 47 0 29 118 144 67 129 172 110 144 44 112 11 79 91 183 112 34 196 135 107 83 148 72 80 102 76 52 75 152 61 150 129 26 163 40 125 34 122 44 129 160 62 50 92 112 130 66 177 23 64 189 41 166 26 143 123 14 95 101 191 134 0 39 11 155 51 140 122 170 194 152 88 36 167 107 72 162 112 58 173 113 37 199 37 53 55 153 123 21 157 153 41 136 29 69 56 33 131 159 188 66 142 103 11 65 37 91 68 133 28 192 16 121 181 38 128 54 33 57 190 15 173 33 47 182 28 33 193 192 57 115 176 30 147 136 33 83 61 38 117 33 85 9 28 189 23 104 28 25 17 19 98 10 8 26 179 68 73 147 15 189 156 121 119 119 140 130 124 125 33 152 190 180 162 50 194 57 182 92 195 74 6 55 75 163 106 160 82 93 94 129 129 35 143 6 4 8 199 155 40 116 158 18 50 125 8 194 185 35 152 145 59 154 31 140 28 20 189 3 79 189 104 191 25 90 97 151 16 24 140 100 40 182 193 196 6 33 16 97 49 161 23 149 5 110 170 101 18 116 116 74 127 1 154 184 78 124 31 78 34 93 196 198 11 30 131 101 44 56 120 74 43 118 66 124 189 189 131 85 71 83 168 74 35 149 67 134 117 91 133 82 12 162 5 95 196 143 130 90 136 147 16 47 1 128 152 134 19 87 58 181 29 37 108 151 111 161 23 58 61 37 1 75 171 33 52 75 136 8 194 17 144 154 52 1 103 57 76 92 83 60 86 79 95 160 163 17 18 116 5 11 152 96 32 103 156 86 197 1 38 165 48 64 57 166 118 39 123 110 12 85 41 199 61 10 75 120 176 24 104 153 73 192 163 34 58 13 11 120 35 177 6 80 73 13 147 51 49 111 174 200 68 188 152 122 89 143 189 182 9 138 101 6 48 104 6 77 179 76 81 160 99 144 164 96 56 77 143 82 185 153 171 110 44 9 35 35 145 175 13 200 83 41 102 11 83 158 12 75 98 141 118 72 158 122 93 63 97 42 171 10 36 76 190 108 162 118 137 69 188 56 131 91 150 0 111
883
168 95 95 95 95 168 168 95 66 66 95 95 66 168 168 168 95 66 66 168 66 66 95 168 66 66 168 95 95 66 168 66 66 168 66 66 168 168 168 168 95 95 168 95 168 95 95 168 95 66 66 66 168 95 168 66 95 95 168 168 168 66 168 168 66 168 66 66 168 66 95 95 95 66 66 66 66 95 66 95 95 66 66 168 66 168 66 168 95 168 168 66 168 66 95 168 66 168 168 168 95 168 95 95 66 168 168 95 168 95 95 168 66 66 66 66 168 168 95 66 168 95 66 168 168 95 168 168 168 66 66 66 66 66 95 168 95 95 168 95 168 168 95 66 168 95 168 66 168 95 168 66 95 66 168 95 66 95 95 95 66 95 66 168 168 168 95 168 95 168 95 95 168 168 66 66 168 66 168 66 168 66 95 66 66 95 95 95 168 168 168 168 95 95 168 168 66 95 168 66 95 168 95 95 168 95 66 66 168 66 95 168 168 66 66 95 66 168 95 66 168 95 95 95 168 168 95 66 95 66 95 168 66 95 95 95 95 168 66 66 168 66 66 95 66 66 168 66 168 66 95 66 168 95 95 168 66 66 66 168 66 95 95 66 66 168 66 95 168 66 168 168 168 95 95 168 66 95 95 66 66 168 168 168 168 168 168 66 66 95 66 66 168 66 168 66 168 168 66 66 66 95 66 95 168 66 95 95 66 66 168 168 168 168 168 95 168 66 168 168 168 66 66 66 168 95 168 66 95 95 66 66 95 66 168 66 66 66 168 168 168 168 95 66 66 168 66 66 168 168 95 168 66 95 168 95 168 66 66 66 66 95 168 66 66 168 95 66 168 66 66 168 168 168 168 66 95 66 66 66 66 95 95 66 95 95 168 95 168 168 66 168 95 66 66 168 95 95 168 95 168 95 168 95 168 95 66 66 66 168 66 95 168 66 95 168 95 95 95 168 95 66 95 168 95 95 95 66 168 168 95 168 95 66 66 66 168 168 95 168 168 66 66 95 168 168 66 168 66 168 66 95 95 66 168 168 95 66 95 66 168 95 66 95 95 95 95 168 168 66 66 95 66 168 66 95 66 66 66 66 66 66 95 95 95 95 66 168 66 95 66 168 95 168 95 95 95 66 66 168 95 95 66 95 95 168 168 95 168 168 168 66 95 95 168 95 95 66 168 66 66 66 95 168 168 66 66 168 66 168 95 95 168 66 95 95 95 95 168 66 95 66 66 66 66 168 66 66 168 168 168 168 66 168 168 168 168 95 66 168 95 95 66 66 95 95 95 168 95 95 66 95 95 66 95 168 95 95 168 168 95 66 95 168 95 95 168 95 95 168 66 66 95 66 95 66 95 168 168 66 66 168 66 66 66 168 95 95 66 95 95 168 95 95 168 66 168 168 66 168 95 95 66 66 66 168 95 95 95 95 95 66 66 66 66 168 66 95 66 168 66 95 168 168 168 66 95 66 95 168 168 95 95 66 168 95 66 95 66 66 66 168 168 95 66 66 168 168 66 66 95 168 95 95 66 168 66 95 66 168 66 66 168 95 168 168 168 66 95 95 66 168 66 66 95 95 95 95 95 95 95 66 168 95 95 66 95 168 168 168 66 168 168 168 66 95 95 66 95 66 66 168 168 168 66 95 95 95 168 168 168 168 168 66 95 95 168 66 66 95 95 66 168 95 66 95 66 95 95 66 66 66 168 95 95 66 66 66 95 168 95 95 66 168 168 66 66 95 168 66 168 95 95 95 95 168 168 95 66 95 95 95 95 95 95 95 168 66 168 66 66 168 95 95 66 168 66 168 66 95 168 66 66 95 66 95 66 168 95 66 66 168 168 66 168 66 168 66 95 168 168 66 95 168 66 168 168 66 168 95 66 168 66 168 168 95 168 95 95 95 95 66 95 95 95 168 66 168 95 95 66 95 168 168 66 66 66 95 95 66 95 168 168 95 168 168 66 95 168 95 66 66 168 95 95 95 66 95 95 66 95 168 168
46
199 10 178 19 19 13 8 191 17 6 0 8 2 6 165 3 7 10 10 19 10 20 18 5 14 4 0 7 3 162 2 7 9 1 1 2 156 6 7 15 191 18 14 10 191 17
509
166 71 166 166 17 17 61 17 166 166 125 125 125 125 61 118 71 125 61 166 17 71 118 166 71 125 125 71 118 71 166 61 125 125 125 61 125 71 17 61 125 61 118 166 71 166 71 71 125 61 166 71 118 71 125 71 125 118 118 61 125 166 125 17 166 125 71 118 61 71 71 71 71 61 166 166 61 118 118 71 118 166 166 17 61 166 166 17 61 125 71 118 17 166 71 61 17 17 125 118 125 61 118 125 118 71 17 17 166 118 166 71 118 125 125 166 125 118 118 166 118 125 166 17 166 71 61 166 71 166 166 17 17 17 166 118 118 125 61 71 71 166 166 166 125 71 125 166 61 166 71 125 71 125 71 125 61 71 166 125 17 61 61 61 166 17 17 125 125 17 125 118 17 61 125 118 125 17 125 125 17 118 118 125 118 118 166 61 17 118 166 71 71 61 125 17 125 17 61 61 118 71 125 61 125 125 125 71 166 125 118 61 118 17 166 71 17 71 166 17 71 125 61 17 71 17 61 61 118 17 71 118 125 125 118 166 118 125 17 125 61 125 17 125 125 166 61 125 61 17 71 61 166 166 118 118 17 17 61 61 61 125 125 118 125 166 71 118 118 71 166 61 71 166 71 118 17 71 166 166 118 61 71 71 118 166 118 71 166 17 118 71 61 17 125 71 17 71 61 166 61 125 17 118 166 17 71 125 61 71 166 166 118 125 61 125 118 125 61 61 166 125 125 166 166 71 71 17 118 166 125 71 61 118 17 118 166 166 125 118 118 71 166 166 166 17 71 61 125 61 166 166 118 166 166 17 166 61 61 166 61 17 17 125 61 125 61 125 17 166 61 71 71 125 61 17 71 125 166 71 118 125 71 17 125 71 118 125 61 17 71 166 118 118 61 166 61 17 166 71 166 17 61 17 118 71 125 118 17 166 125 61 118 125 166 125 71 17 118 125 61 17 125 17 61 61 61 71 166 125 166 17 166 17 166 118 125 61 166 61 17 118 61 17 71 71 118 118 125 125 17 71 17 17 17 61 118 125 118 118 61 125 61 125 166 61 17 71 17 166 17 71 118 71 71 17 118 125 71 71 125 17 61 125 71 166 118 17 61 17 17 17 118 17 166 166 118 125 71 118 118 61 71 71 17 17 166 71 125
722
7 16 7 9 8 14 9 11 17 7 7 5 10 20 18 17 13 9 15 10 16 18 2 9 6 18 2 3 1 9 3 15 17 20 16 9 6 19 11 14 17 4 18 10 16 13 20 8 14 4 7 5 7 18 0 3 17 13 19 6 18 3 2 14 8 8 2 5 12 13 15 13 1 0 20 12 7 7 1 6 15 3 2 13 9 13 19 0 8 19 8 2 16 18 11 16 0 19 1 5 2 14 8 15 16 2 6 16 9 5 13 16 15 6 17 10 5 12 15 7 2 14 15 11 10 20 16 8 10 6 8 18 16 15 7 12 1 11 19 8 4 20 5 16 6 12 9 17 4 8 0 20 17 13 3 20 6 11 11 18 9 10 9 9 19 18 5 3 9 2 13 16 11 1 3 7 8 18 9 14 1 18 17 10 14 19 5 17 7 12 20 1 9 16 11 13 5 5 4 11 14 0 13 1 18 5 10 20 0 10 6 13 3 1 12 5 11 10 13 17 14 6 3 8 0 6 2 20 6 16 8 12 20 14 13 15 9 12 17 0 2 19 2 12 19 8 13 1 15 13 17 0 11 18 14 7 19 11 17 14 7 1 20 6 7 13 11 14 10 4 8 2 4 10 16 8 15 18 11 15 9 5 20 2 1 17 17 13 9 17 5 18 5 18 17 19 3 10 20 10 15 3 20 12 3 1 10 17 15 10 15 20 3 9 5 10 10 4 15 14 3 19 6 5 14 18 15 6 14 9 3 4 10 18 12 3 1 13 10 20 1 11 5 13 0 8 15 17 0 12 13 11 11 20 13 9 6 7 16 8 7 0 1 9 8 0 5 8 8 13 18 20 5 11 6 2 11 8 16 2 7 15 2 11 13 6 18 14 9 7 4 2 4 19 5 13 11 2 18 0 15 7 3 11 4 11 18 11 16 17 1 17 11 10 2 4 3 17 15 5 13 13 5 1 8 8 3 19 2 7 13 7 12 0 3 10 16 7 19 2 9 6 1 0 10 14 20 5 9 0 8 15 8 5 3 15 16 18 3 2 16 4 9 18 11 19 17 9 19 1 4 6 4 5 3 19 9 15 12 4 16 16 13 19 3 20 17 10 10 17 0 10 5 9 16 9 19 16 12 10 13 12 12 17 13 13 20 14 5 10 3 13 16 4 20 5 9 15 6 18 18 15 18 2 8 12 6 10 2 15 4 13 11 19 15 13 11 4 8 0 11 17 13 11 9 8 13 12 2 6 10 3 11 3 2 8 3 9 7 12 6 11 20 16 18 11 2 8 7 14 13 4 9 5 3 6 17 14 11 19 16 4 17 2 3 8 2 8 9 20 10 9 8 13 7 11 12 10 2 8 1 18 5 15 8 2 11 6 16 17 1 13 6 6 12 2 6 19 15 9 9 19 6 18 2 5 15 11 8 2 4 19 18 17 1 15 7 19 12 14 4 2 13 7 20 6 1 1 9 6 16 20 19 5 14 3 20 2 14 13 10 13 11 2 13 6 11 6 14 5 4 5 15 20 11 11 18 12 0 20 5 19 1 14 13 20 11 18 13 11 12 15 14 13 8 0 3 17 1 5 20 12 13 4 1 6 19 7 0 7 6 4 9 17 19 13 0 20 4 7 10 4
163
178 58 128 128 178 58 128 178 195 178 178 58 128 58 128 195 128 58 195 58 178 128 58 178 128 178 58 58 58 128 128 195 178 58 178 195 58 128 195 195 178 178 128 128 58 58 178 178 128 128 58 58 178 58 195 128 128 58 128 178 178 128 128 195 195 128 58 58 128 195 195 178 128 195 195 128 178 58 178 195 178 178 58 195 128 195 128 128 58 58 58 58 128 128 195 128 195 195 58 128 178 128 178 178 178 195 178 178 195 128 195 128 178 178 128 195 178 178 58 128 128 178 195 178 195 195 178 195 128 58 178 178 58 178 195 58 128 178 58 58 128 195 178 58 128 178 128 128 58 58 128 128 195 178 128 58 195 195 178 128 178 128 58
637
116 95 65 37 198 33 99 181 163 90 120 16 177 167 132 35 4 3 183 105 185 47 121 56 13 77 199 100 190 22 117 188 180 29 195 108 162 154 4 106 159 40 74 145 58 104 75 150 162 4 32 123 173 178 63 74 6 185 34 132 71 156 40 174 13 55 91 135 139 20 113 194 102 156 113 105 147 193 115 6 133 152 67 30 52 77 17 9 123 72 30 36 16 77 143 99 146 143 43 47 164 140 113 51 164 174 169 43 165 38 198 149 129 123 6 87 42 146 153 8 192 17 108 66 156 123 68 55 176 67 112 82 12 132 49 127 34 141 62 45 4 166 127 111 185 23 129 89 98 29 121 20 121 137 68 127 175 64 182 8 67 112 21 23 91 51 14 50 64 44 143 181 13 164 175 160 77 190 30 186 185 184 31 51 119 185 12 179 132 17 30 3 88 142 178 14 117 86 74 42 116 69 16 28 127 144 192 165 170 182 178 21 15 19 177 118 118 194 171 93 186 164 155 179 63 164 102 103 25 3 170 131 160 113 68 30 51 193 90 131 168 127 110 50 96 119 81 182 31 61 171 181 181 26 39 84 18 55 56 51 26 42 0 155 81 153 123 174 148 161 26 115 11 39 72 32 12 169 76 65 167 198 111 81 48 1 40 52 121 65 81 136 61 94 193 43 129 38 179 108 53 147 189 148 8 98 80 133 125 53 111 34 116 44 16 121 12 53 187 117 64 134 103 29 190 168 110 142 175 163 92 65 74 122 17 26 19 196 67 50 152 165 158 4 79 79 120 75 175 141 4 185 79 56 120 149 92 169 15 110 153 158 154 164 56 19 46 18 1 109 130 143 169 110 149 77 198 166 50 104 12 13 8 6 105 187 110 196 177 143 7 54 189 79 4 73 60 30 46 175 135 132 51 167 182 3 65 68 56 160 109 116 101 110 39 27 67 34 173 101 21 101 15 30 148 144 48 118 32 25 155 16 5 194 74 172 120 76 41 158 140 181 99 160 81 136 183 188 80 167 155 10 122 150 118 186 53 66 110 147 4 133 127 182 129 144 16 54 178 66 72 112 149 169 24 147 69 93 150 26 78 6 53 94 153 45 123 0 115 91 10 6 143 59 191 96 177 36 186 83 195 131 136 147 137 134 120 171 153 27 191 159 104 85 157 80 200 57 121 167 151 15 129 36 152 182 62 49 87 105 132 178 130 173 4 59 8 179 43 68 33 143 89 115 147 87 90 18 185 159 175 35 195 124 179 103 79 195 4 61 31 1 98 104 186 199 76 49 0 106 78 182 168 125 61 70 62 157 95 76 17 110 94 17 64 62 130 122 168 6 6 166 93 104 170 122 5 104 0 141 180 186 55 186 32 126 71 95 179 57 104 143 55 37 61 10 173 163 52 115 124 157 180 62 173 151 153 155 71 54 1 18 9 65 134 117 184
139
150 150 159 150 159 159 159 150 76 150 76 159 150 150 159 159 76 159 150 159 150 76 150 150 159 76 150 159 150 159 150 150 150 76 150 76 76 159 76 159 76 159 76 76 159 159 76 159 76 150 76 159 76 159 159 76 150 76 159 150 150 150 159 76 159 76 76 159 150 76 159 76 159 76 76 76 76 76 150 76 150 159 159 76 76 76 76 150 159 150 150 76 76 76 159 150 159 159 76 150 150 159 76 159 159 159 150 76 150 76 150 76 159 159 76 150 150 159 159 150 76 150 76 150 76 159 150 150 159 159 159 159 76 150 150 150 159 159 76
99
9 41 41 41 113 41 105 41 105 9 9 105 113 113 113 105 41 41 9 9 105 9 105 113 105 105 9 113 105 9 113 113 9 9 9 113 41 113 105 113 41 9 105 105 105 41 9 41 113 41 105 9 105 113 113 113 9 105 41 105 41 9 41 105 105 41 9 9 113 9 41 41 41 41 41 105 113 9 41 113 113 41 113 113 9 105 113 105 41 113 105 9 113 113 105 41 105 41 113
180
0 0 0 0 0 0 0 0 0 0 0 0 0 0 0 0 0 0 0 0 0 0 0 0 0 0 0 0 0 0 0 0 0 0 0 0 0 0 0 0 0 0 0 0 0 0 0 0 0 0 0 0 0 0 0 0 0 0 0 0 0 0 0 0 0 0 0 0 0 0 0 0 0 0 0 0 0 0 0 0 0 0 0 0 0 0 0 0 0 0 0 0 0 0 0 0 0 0 0 0 0 0 0 0 0 0 0 0 0 0 0 0 0 0 0 0 0 0 0 0 0 0 0 0 0 0 0 0 0 0 0 0 0 0 0 0 0 0 0 0 0 0 0 0 0 0 0 0 0 0 0 0 0 0 0 0 0 0 0 0 0 0 0 0 0 0 0 0 0 0 0 0 0 0 0 0 0 0 0 0
888
0 200 82 104 112 116 52 108 58 118 73 89 113 116 71 120 84 111 82 119 54 116 105 106 81 72 89 103 101 73 107 113 75 116 69 94 100 116 76 98 97 60 61 86 80 56 63 71 96 118 66 87 76 90 71 119 71 105 66 104 76 85 114 77 113 113 89 103 100 106 83 71 66 81 78 98 59 100 109 50 83 111 118 117 112 87 70 86 110 65 59 50 78 106 113 92 81 86 117 55 95 85 53 120 84 70 105 65 76 79 61 105 92 82 104 96 66 107 119 72 91 55 65 61 81 63 66 97 106 110 58 61 95 97 82 61 95 60 110 79 57 81 56 114 72 81 64 120 70 62 56 73 120 92 63 93 79 68 55 64 115 73 102 61 75 61 114 86 62 85 60 84 77 120 54 78 97 80 104 101 63 118 71 100 55 97 51 94 57 84 80 81 99 90 94 100 99 78 80 96 96 97 55 84 111 68 55 92 51 90 71 112 116 60 55 100 51 117 52 83 86 119 103 65 112 76 66 82 54 113 70 85 75 95 78 55 102 77 89 105 71 96 98 115 91 83 115 104 62 106 112 118 93 67 64 88 60 73 114 70 107 95 72 111 72 60 99 105 73 104 112 52 119 75 87 81 59 63 119 94 114 107 91 86 109 65 119 103 64 109 73 64 66 70 103 69 79 80 75 69 51 109 70 54 86 59 58 62 74 72 107 73 85 111 116 82 53 64 63 52 83 68 105 64 85 100 116 64 117 97 51 93 66 81 82 81 50 119 56 86 83 75 112 111 100 56 60 106 56 116 68 81 111 52 96 55 78 80 74 63 95 80 55 87 102 50 111 81 81 54 76 58 102 116 120 60 103 72 60 61 54 55 106 73 62 111 97 73 118 82 120 57 117 63 112 109 60 73 71 100 105 110 107 54 68 102 62 69 69 72 50 71 99 112 105 79 76 62 101 85 86 92 57 71 112 73 56 93 105 108 120 93 77 78 72 91 92 60 52 86 96 68 99 118 113 91 89 83 75 59 88 71 96 85 70 92 81 113 103 68 89 97 101 55 62 91 80 51 75 96 117 57 100 78 68 75 75 82 51 88 110 95 117 117 95 63 107 82 101 87 106 100 98 52 60 54 59 70 69 109 50 113 51 68 67 55 117 55 65 79 84 66 93 54 110 91 68 80 50 57 120 71 81 97 110 70 109 100 116 75 92 116 89 81 54 50 89 54 109 58 89 85 91 116 103 112 89 61 90 117 79 74 59 62 102 86 69 77 95 70 69 97 67 81 61 106 67 82 65 87 90 94 105 86 63 99 110 103 72 95 86 70 92 53 98 94 56 77 78 84 65 110 69 97 50 69 79 101 118 98 102 79 100 117 119 81 89 93 64 63 96 83 119 55 51 111 64 54 52 72 97 101 102 96 79 64 56 64 112 51 51 110 90 111 111 79 63 87 102 69 67 63 115 112 84 104 67 68 53 118 54 54 106 82 64 59 99 103 117 104 120 76 98 82 61 110 56 104 112 115 92 116 101 91 74 103 95 84 82 76 112 90 82 116 97 60 84 95 72 96 60 117 84 56 82 65 65 105 55 86 78 56 58 119 108 83 84 63 114 65 95 100 106 60 66 70 118 97 78 104 65 76 54 60 103 114 65 69 120 116 99 97 89 67 120 68 109 53 72 78 61 103 102 86 111 80 66 70 74 78 95 66 85 56 92 56 108 56 112 90 89 95 83 99 103 55 71 110 115 71 57 98 112 62 73 90 120 119 100 113 64 87 96 95 118 106 53 97 68 58 79 78 105 67 73 70 107 105 101 107 120 73 107 119 86 57 93 117 75 96 81 64 53 60 59 91 104 100 118 70 62 89 78 60 97 90 54 77 97 62 109 104 81 120 107 85 54 52 117 98 100 105 76 85 96 55 61 71 120 66 88 52 90 55 109 61 51 51 68 106 116 117 85 54 120 65 58 107 117 78 117 76 101 100 77 55 94 61 111 120 92 73 91 67 111 90 94 200
277
12 4 31 58 156 42 195 105 58 75 122 156 54 92 28 150 177 168 3 68 131 121 124 151 21 38 188 35 156 62 183 149 196 97 93 4 83 57 64 26 189 168 138 20 112 59 4 92 150 176 88 194 71 175 130 116 197 92 25 139 107 82 57 0 124 175 94 61 2 100 144 87 31 142 30 118 66 149 123 141 24 138 148 132 112 80 130 77 175 163 97 175 171 2 155 107 132 63 199 87 177 69 159 127 104 8 112 187 161 73 60 194 38 196 110 180 34 137 151 163 71 157 62 184 16 87 45 25 175 162 116 182 98 192 170 144 147 71 72 150 161 167 84 31 189 200 141 9 186 26 146 75 85 180 90 63 61 138 18 158 194 166 30 190 161 11 192 129 117 36 13 29 80 5 118 198 191 174 0 169 156 163 114 62 154 194 88 9 91 48 24 188 89 183 171 176 126 38 167 3 32 191 57 69 193 164 185 170 182 59 42 79 50 1 182 169 117 131 108 86 72 166 170 123 77 139 7 23 147 73 3 142 97 189 49 73 87 120 59 124 68 28 67 95 182 83 135 117 66 162 64 92 25 49 77 163 134 72 34 109 199 40 93 57 34 12 140 32 172 91 14 9 68 196 120 192 140
270
17 104 91 19 82 72 141 68 53 78 109 7 70 17 1 99 7 75 196 187 177 182 198 123 52 102 96 84 4 18 46 112 70 76 49 101 193 112 28 26 170 194 96 117 47 137 144 43 138 123 160 49 12 157 44 161 142 33 181 132 90 136 94 44 65 53 66 109 35 109 120 133 97 83 3 90 50 197 73 9 149 182 94 36 186 124 46 151 110 120 78 83 21 57 164 85 103 124 179 59 195 11 150 178 104 142 179 7 97 167 10 122 174 15 195 179 180 89 103 125 168 188 70 192 6 51 76 175 55 36 153 85 176 183 52 146 25 74 150 189 50 51 88 154 70 107 169 14 29 30 102 169 126 176 24 115 195 147 153 10 95 142 112 30 34 158 142 121 71 160 151 93 105 79 131 103 173 17 56 85 44 183 94 179 5 131 1 57 164 51 40 17 83 138 134 188 151 144 199 80 194 4 105 59 187 37 171 126 103 156 16 192 144 43 22 162 69 117 122 25 59 162 159 71 157 93 185 72 11 56 71 10 1 37 152 108 131 191 194 61 72 166 4 129 200 52 21 49 81 93 136 103 34 75 12 80 50 196 26 184 25 167 75 23 1 23 38 130 177 53
10
0 200 52 60 61 69 100 92 91 200
460
21 21 136 21 136 21 21 21 136 21 21 21 136 21 21 136 21 21 21 21 136 136 136 21 21 21 21 21 21 21 136 21 136 136 21 21 136 21 136 21 136 21 21 136 136 21 21 21 21 21 21 136 21 21 21 21 136 21 136 21 21 21 21 136 21 136 136 136 21 21 21 136 21 21 136 136 21 136 136 21 21 21 136 136 21 21 21 21 136 136 136 21 136 136 21 136 136 136 21 136 21 136 21 136 21 136 136 136 136 136 21 21 136 21 21 21 21 136 136 21 21 136 21 136 136 21 21 21 136 136 136 21 21 136 136 136 21 21 136 21 21 21 21 21 136 21 21 21 136 136 21 21 21 21 136 21 136 136 136 21 136 21 136 136 136 21 21 136 136 136 21 21 21 136 136 136 136 136 136 21 136 136 21 136 21 21 21 21 136 21 136 21 21 21 136 21 136 21 21 136 136 136 21 136 136 21 136 136 136 136 136 21 21 21 21 136 136 21 21 21 136 21 21 136 21 136 21 21 21 21 136 21 21 136 21 136 21 21 136 136 21 136 136 136 21 136 136 21 21 136 136 136 136 21 136 136 136 21 136 21 136 21 136 21 136 21 21 21 136 136 21 21 136 136 21 21 21 136 21 136 21 21 136 136 136 136 21 21 136 136 136 136 136 136 136 136 136 136 136 21 136 21 21 21 21 136 136 21 136 136 21 21 21 136 21 21 136 21 136 136 21 21 136 136 21 136 21 136 136 21 136 21 21 21 136 21 21 136 21 136 21 136 21 21 21 21 136 21 136 136 136 136 136 21 21 21 136 136 21 21 136 136 136 136 21 21 21 21 21 21 21 21 21 21 21 136 136 136 136 136 136 21 21 21 136 136 136 21 136 21 136 136 136 21 21 21 21 136 136 136 136 21 21 21 136 136 21 136 21 136 136 136 21 21 21 21 21 136 136 21 136 21 136 136 21 21 136 21 21 21 136 136 136 136 136 21 21 136 136 21 136 136 136 136 136 21 21 136 21 21 21 21 21 21 136 136 21 136 21 136
662
20 11 6 0 9 18 2 20 4 6 11 8 198 14 19 0 3 3 6 12 179 12 12 8 7 18 13 10 3 3 16 19 1 175 4 15 15 17 9 187 12 168 20 173 16 199 5 2 18 20 14 4 12 17 18 4 20 10 10 18 20 2 155 6 6 10 18 4 1 12 2 14 11 152 188 180 0 7 3 14 9 0 15 18 9 1 4 181 17 7 5 0 8 195 181 7 19 20 14 11 19 191 3 11 191 14 7 186 4 6 0 157 13 15 7 1 6 18 13 3 7 2 8 188 16 194 16 20 5 7 13 8 155 8 171 198 6 181 1 11 15 19 6 2 199 17 8 12 7 160 15 3 0 184 16 3 17 16 2 19 6 1 10 0 15 2 13 20 154 12 186 10 159 10 4 11 14 150 6 0 13 1 9 151 17 9 187 12 9 195 10 11 3 1 190 1 16 16 1 8 0 158 4 13 6 13 4 8 0 19 13 4 17 6 15 4 20 18 199 13 4 16 12 1 16 18 2 19 3 4 14 154 9 7 5 7 172 194 0 6 185 11 12 2 187 178 186 10 171 191 14 20 16 159 172 166 5 13 185 3 183 6 192 192 2 164 153 10 9 20 12 170 20 20 7 4 0 13 8 10 5 4 7 180 162 1 18 7 16 11 0 17 6 2 9 15 16 0 184 0 10 162 20 5 171 0 1 162 18 152 2 14 15 164 1 16 7 15 184 8 15 1 2 0 169 4 6 15 164 15 0 187 10 10 1 1 153 12 18 186 10 9 20 16 6 20 19 7 1 0 18 165 177 160 153 151 0 20 6 13 9 14 180 9 3 20 19 12 15 1 16 7 5 2 7 16 195 18 1 11 181 17 19 10 9 14 195 1 18 158 15 15 12 2 6 20 3 200 12 6 193 15 18 11 11 11 182 14 14 18 2 1 10 5 10 173 11 156 3 20 153 7 191 7 194 198 8 18 14 10 180 19 18 192 10 7 8 7 8 10 0 13 13 16 9 4 8 13 185 2 190 6 10 6 9 8 15 7 194 2 0 13 1 7 5 19 17 3 14 14 6 4 9 10 3 1 2 188 4 19 12 17 12 4 14 3 190 3 4 5 17 2 195 190 16 3 9 7 18 196 19 8 11 12 15 4 6 19 14 4 10 11 13 2 1 2 4 15 5 13 2 0 10 10 10 5 17 3 15 20 171 8 6 14 197 6 3 12 8 20 6 170 2 18 2 1 10 7 13 12 13 8 20 5 20 7 20 4 13 17 0 13 10 6 17 5 17 3 14 159 11 5 18 174 17 189 9 18 7 17 5 16 19 10 16 6 18 0 164 3 18 2 9 1 14 7 3 170 187 15 3 11 12 3 20 12 14 167 19 174 3 14 162 153 8 15 6 2 156 14 3 18 17 17 9 20 20 13 6 17 20 6 17 6 183 14 2 10 11 17 20 16 3 154 9 194 20 185 15 1 11 161 4 4 4 8 11 3 14 2 18 7
504
0 200 54 56 99 111 108 108 72 86 104 63 75 110 64 119 84 81 82 64 77 119 78 98 116 56 61 75 68 57 79 113 52 76 90 115 68 91 76 86 98 54 70 71 93 78 55 74 85 111 82 80 101 109 101 91 87 59 88 117 83 71 61 79 92 92 68 98 119 58 96 52 57 106 61 80 94 89 67 54 71 106 96 79 68 63 88 119 102 112 78 115 56 66 84 83 104 59 83 116 83 76 61 68 57 99 55 80 50 101 118 106 119 87 79 115 57 76 60 101 84 63 98 95 68 91 84 101 64 101 108 86 86 83 77 98 109 117 85 74 63 88 96 105 102 106 120 67 60 93 68 81 75 82 90 116 115 107 107 100 78 52 62 73 75 120 109 56 116 117 72 51 107 54 65 108 82 70 68 101 108 60 60 52 105 65 101 92 75 115 54 105 82 68 103 68 89 59 54 90 67 69 66 92 73 111 89 108 81 75 55 115 120 52 87 110 77 102 114 115 67 97 102 54 65 107 65 114 95 72 110 112 108 94 119 115 109 78 84 91 80 106 120 108 54 95 108 63 92 100 70 57 119 69 106 101 69 77 75 69 92 94 55 52 94 88 67 105 77 106 78 86 77 66 74 74 63 109 111 98 64 81 93 95 73 109 54 70 91 66 69 87 70 104 72 92 117 60 50 102 109 71 59 120 70 118 96 89 75 109 108 77 62 117 120 54 62 91 93 92 74 74 71 65 118 103 112 116 63 111 115 118 102 75 85 62 71 53 53 54 52 99 56 95 88 89 58 75 93 51 77 116 55 79 57 77 120 117 59 63 87 120 120 85 70 95 56 83 79 74 95 106 75 112 72 51 60 65 111 114 117 55 72 73 60 68 77 70 75 56 62 55 100 82 51 110 120 61 93 56 56 90 105 81 101 64 108 62 95 90 88 69 112 120 68 65 119 71 118 92 65 58 100 94 98 63 72 99 109 91 86 65 83 73 84 104 59 56 119 59 104 98 96 62 97 57 83 119 106 115 108 60 63 69 76 58 92 100 70 84 51 63 114 77 106 108 61 101 52 115 73 59 75 88 50 81 62 57 58 74 63 82 113 120 58 62 61 108 73 72 117 94 52 63 60 92 66 61 86 100 66 117 109 200
622
43 11 80 11 43 179 43 179 179 115 11 11 11 43 43 115 11 179 115 179 11 179 80 43 80 179 115 80 43 179 11 43 80 115 43 43 11 43 179 43 115 80 179 11 11 179 179 11 11 179 179 11 115 115 43 179 11 11 115 115 11 43 11 80 43 115 179 80 43 43 115 43 115 115 80 11 11 80 80 80 80 115 11 179 43 179 115 80 115 43 11 80 11 43 11 80 115 80 80 179 11 11 80 43 43 179 179 11 11 11 115 179 43 179 80 11 179 43 11 80 179 80 179 11 115 80 115 179 43 115 80 43 179 80 115 43 115 179 179 115 11 43 179 179 11 11 115 179 80 115 11 80 179 80 80 80 80 80 11 179 80 179 80 179 115 43 179 11 115 179 43 179 43 115 115 80 179 43 80 80 43 179 179 80 115 43 43 80 11 43 80 80 179 11 80 179 43 43 80 115 179 179 179 43 115 179 80 179 179 179 80 43 179 179 115 43 179 80 43 179 80 80 43 80 43 179 115 80 115 43 11 11 80 43 115 80 43 80 80 11 115 11 179 179 80 80 115 11 179 115 115 115 43 43 11 11 11 11 115 80 80 179 179 115 80 179 80 179 80 115 11 179 80 80 179 80 80 43 43 179 11 11 179 179 43 43 11 80 115 179 179 179 179 43 115 80 179 115 115 115 80 43 179 179 80 179 43 179 179 115 80 11 80 43 179 115 80 43 80 80 179 11 11 115 80 43 43 115 11 11 115 43 80 43 11 11 115 80 179 179 115 179 115 115 80 115 80 11 80 179 43 43 179 115 43 115 43 43 11 115 11 80 80 11 115 179 179 11 43 179 43 11 115 80 179 43 115 179 11 80 11 80 80 115 179 80 11 11 11 179 11 179 115 115 80 80 43 179 80 43 115 43 80 80 80 179 43 179 179 80 115 115 43 115 11 80 11 11 115 80 80 80 115 179 11 43 179 179 115 80 115 80 11 115 43 11 43 115 80 80 115 80 179 179 43 80 80 179 43 80 80 80 179 11 115 179 179 11 43 179 80 43 80 43 179 11 80 43 43 11 80 11 115 115 11 179 115 115 115 11 11 179 179 179 43 115 11 43 11 80 80 11 11 80 179 11 11 115 43 43 115 11 179 11 179 115 43 43 80 80 115 179 80 11 179 179 179 43 43 115 11 43 115 11 115 43 43 80 179 179 43 80 11 43 179 80 115 11 80 43 80 115 80 115 179 11 11 80 43 179 80 115 11 43 179 43 115 43 11 115 43 179 11 80 11 115 11 43 11 43 80 179 80 43 11 115 11 80 179 80 80 43 11 11 179 179 179 11 43 179 179 115 179 80 11 43 179 179 80 80 80 43 11 179 115 179 179 115 179 43 43 179 179 80 179 80 115 11 80 115 80 11
327
0 200 79 65 67 114 55 87 104 107 110 75 103 81 103 120 102 101 116 101 93 79 102 101 85 111 70 96 115 86 113 114 95 109 114 110 118 103 50 78 99 61 79 54 99 65 112 87 111 98 52 108 100 120 82 80 80 112 90 51 65 74 105 90 73 76 106 106 51 116 63 93 103 67 63 53 86 79 105 99 101 63 91 70 118 73 112 89 79 107 86 85 95 113 117 77 54 83 118 58 106 64 102 81 60 51 52 86 111 77 79 111 71 83 98 91 60 98 110 99 82 66 120 67 55 105 92 98 65 79 106 113 115 116 110 74 120 92 98 53 76 50 55 107 97 69 56 97 65 51 61 102 104 54 95 98 92 106 83 66 84 107 76 105 101 70 77 69 83 64 58 87 102 75 70 67 61 69 50 51 50 77 111 55 76 99 67 82 68 112 103 71 85 109 87 74 103 82 113 90 99 92 77 85 119 105 115 58 101 50 116 116 59 95 92 83 94 57 50 91 111 115 81 88 66 106 52 70 67 117 83 61 59 82 86 101 65 66 91 99 58 76 79 96 59 81 80 94 66 74 105 115 117 89 67 106 103 90 72 74 103 67 85 116 61 98 83 88 61 97 111 83 70 120 76 70 94 80 55 110 62 80 89 95 77 110 56 76 97 119 113 113 68 87 78 93 53 112 85 57 53 87 120 50 65 102 113 83 96 59 83 106 61 63 51 95 56 75 56 86 91 62 70 51 91 103 200
987
7 4 5 19 5 175 196 12 7 150 12 15 0 10 6 8 12 3 199 14 171 15 5 20 10 13 16 13 12 4 1 18 4 169 1 0 11 17 18 16 11 12 17 16 19 163 12 1 12 14 14 5 174 2 13 2 9 12 154 18 6 10 19 186 18 11 1 6 4 7 3 12 13 16 18 1 177 14 20 171 14 17 8 20 16 9 6 151 3 13 2 195 20 9 13 4 6 4 172 20 11 3 5 13 7 12 20 8 7 11 0 171 17 19 150 20 2 18 1 1 168 6 5 16 157 2 13 4 12 6 7 16 0 9 2 7 11 191 197 10 153 17 160 3 15 0 16 164 11 16 3 176 6 0 8 187 7 18 190 6 11 7 2 11 164 5 170 15 179 15 6 13 184 19 6 164 197 169 7 7 0 7 1 18 1 16 16 1 170 176 17 1 4 15 159 9 153 11 1 197 0 170 190 4 15 1 12 15 20 13 11 20 3 1 5 16 12 6 5 15 14 7 10 4 185 1 12 19 18 1 17 2 14 200 1 13 174 1 16 14 150 185 1 8 18 11 189 11 167 191 153 1 160 13 12 14 13 20 11 167 0 185 166 7 13 4 8 19 16 3 1 7 196 17 20 17 13 18 6 174 8 8 3 1 17 20 0 15 5 14 153 4 16 17 13 4 2 1 176 177 9 8 163 20 195 165 15 13 5 16 193 16 18 2 13 18 12 19 4 0 173 20 18 9 186 180 176 185 5 20 14 158 190 2 157 154 1 18 2 14 18 12 14 180 19 173 18 8 194 14 6 153 19 13 13 12 7 5 3 16 194 190 194 10 15 9 150 3 0 1 15 157 19 182 3 16 0 15 154 17 19 192 10 17 20 157 157 14 6 15 158 14 2 16 165 195 1 14 6 20 3 9 166 1 19 197 192 2 10 187 186 13 20 1 1 13 15 8 194 14 3 6 1 0 2 4 6 7 6 20 11 154 1 2 6 2 15 17 2 15 18 13 14 171 9 12 4 4 4 4 16 4 12 16 7 7 10 15 10 18 2 10 168 16 17 11 14 10 17 191 2 188 3 9 16 175 3 3 19 19 9 4 15 11 190 174 17 168 8 18 19 15 179 10 197 18 175 196 150 1 3 2 4 13 2 4 19 20 167 9 9 13 5 191 7 162 162 2 156 11 200 186 5 7 17 3 157 166 11 10 15 155 19 175 18 20 18 0 14 1 154 1 9 14 14 5 6 2 187 16 11 4 16 4 20 20 14 3 5 15 2 167 4 3 16 197 16 7 12 6 2 173 3 7 13 6 14 15 7 3 189 1 169 153 5 200 15 4 14 193 1 9 9 3 164 14 14 6 162 17 0 13 14 9 9 4 20 16 12 7 6 15 20 5 0 5 20 0 168 2 11 17 12 3 4 13 186 6 11 2 15 4 4 16 19 0 15 3 4 160 200 9 13 13 7 12 16 13 8 198 9 8 13 168 17 169 6 0 0 11 188 20 2 0 7 13 160 7 199 0 1 15 18 177 9 4 0 6 12 2 6 20 158 19 167 5 0 3 19 6 6 13 13 152 4 2 10 3 1 4 1 180 7 19 15 16 14 160 0 170 20 2 168 2 16 5 20 193 8 155 11 8 9 162 6 183 9 20 184 6 17 15 186 3 16 18 19 5 174 3 2 7 181 1 18 20 12 6 3 13 18 169 12 15 4 162 10 19 7 4 176 17 200 2 0 13 10 2 8 0 19 6 187 171 16 19 179 11 13 14 5 4 20 14 5 195 2 9 14 186 1 19 3 16 19 12 170 9 18 9 6 6 17 13 17 0 1 6 6 6 14 9 13 5 3 16 5 9 6 12 8 2 8 4 2 161 17 5 15 2 20 1 5 12 5 7 159 196 16 8 20 13 14 150 10 18 5 177 0 9 160 14 12 15 5 16 189 19 187 8 9 8 7 17 9 2 19 2 4 152 7 11 9 17 170 1 19 9 1 15 13 3 12 18 4 9 157 0 181 14 5 7 8 11 16 1 1 19 10 162 16 160 18 4 13 0 18 10 3 0 20 14 5 178 15 10 12 4 10 12 183 1 13 193 1 151 169 4 16 9 11 6 17 8 0 155 7 0 4 164 9 4 5 6 183 19 11 198 3 13 195 155 19 1 151 12 6 3 5 2 3 16 196 11 10 4 20 188 0 17 17 13 9 173 18 5 177 8 0 4 6 199 7 19 3 15 19
472
17 8 14 2 16 11 18 16 20 6 17 8 17 0 13 7 1 20 20 19 19 16 10 14 0 15 8 10 2 15 14 20 4 12 11 19 17 6 17 16 1 12 4 16 20 1 6 1 17 12 17 3 8 5 13 0 6 14 20 9 3 4 13 16 6 6 0 6 10 20 1 13 19 4 11 8 18 15 19 19 4 20 9 5 16 9 19 6 6 18 16 5 9 20 15 13 5 20 19 18 4 17 8 9 17 6 15 14 1 5 11 11 6 8 14 11 15 5 10 15 4 2 17 18 3 8 1 11 12 15 4 12 16 15 17 11 2 18 2 11 8 16 2 15 8 8 12 8 18 2 1 19 1 5 1 7 6 10 16 11 9 2 10 1 3 6 1 5 19 5 10 2 14 7 11 13 13 10 5 6 16 8 3 4 20 17 12 5 12 15 8 3 0 8 5 7 1 5 3 13 19 9 10 17 14 6 12 5 17 14 2 9 17 18 0 2 0 9 0 8 5 15 1 8 20 15 11 10 15 11 17 5 3 18 9 18 18 12 0 16 0 0 17 16 11 18 18 12 8 15 17 7 3 9 15 14 5 2 10 5 20 11 15 14 4 3 8 6 2 0 4 3 8 14 12 6 5 18 5 5 16 9 13 1 18 10 6 7 5 18 16 14 6 17 16 15 15 0 19 4 10 8 7 4 3 11 20 17 17 6 20 13 12 9 3 4 3 7 0 17 5 12 7 9 18 9 8 12 2 0 5 12 2 0 0 19 5 11 10 13 13 1 2 1 11 10 11 10 17 0 4 5 14 17 4 7 17 16 17 4 17 16 2 10 7 6 1 4 19 12 10 9 8 4 6 13 11 3 18 18 18 19 3 5 6 3 6 3 5 16 18 15 8 2 16 11 6 3 4 5 8 2 13 11 20 2 6 2 3 9 14 4 6 14 1 9 19 15 16 15 6 13 8 9 7 7 6 14 3 9 14 10 17 5 17 2 14 7 3 9 17 19 12 3 6 14 11 17 16 19 8 6 16 19 7 1 10 1 8 2 1 0 19 1 12 3 10 0 13 13 20 3
174
0 0 0 0 0 0 0 0 0 0 0 0 0 0 0 0 0 0 0 0 0 0 0 0 0 0 0 0 0 0 0 0 0 0 0 0 0 0 0 0 0 0 0 0 0 0 0 0 0 0 0 0 0 0 0 0 0 0 0 0 0 0 0 0 0 0 0 0 0 0 0 0 0 0 0 0 0 0 0 0 0 0 0 0 0 0 0 0 0 0 0 0 0 0 0 0 0 0 0 0 0 0 0 0 0 0 0 0 0 0 0 0 0 0 0 0 0 0 0 0 0 0 0 0 0 0 0 0 0 0 0 0 0 0 0 0 0 0 0 0 0 0 0 0 0 0 0 0 0 0 0 0 0 0 0 0 0 0 0 0 0 0 0 0 0 0 0 0 0 0 0 0 0 0
687
200 200 200 200 200 200 200 200 200 200 200 200 200 200 200 200 200 200 200 200 200 200 200 200 200 200 200 200 200 200 200 200 200 200 200 200 200 200 200 200 200 200 200 200 200 200 200 200 200 200 200 200 200 200 200 200 200 200 200 200 200 200 200 200 200 200 200 200 200 200 200 200 200 200 200 200 200 200 200 200 200 200 200 200 200 200 200 200 200 200 200 200 200 200 200 200 200 200 200 200 200 200 200 200 200 200 200 200 200 200 200 200 200 200 200 200 200 200 200 200 200 200 200 200 200 200 200 200 200 200 200 200 200 200 200 200 200 200 200 200 200 200 200 200 200 200 200 200 200 200 200 200 200 200 200 200 200 200 200 200 200 200 200 200 200 200 200 200 200 200 200 200 200 200 200 200 200 200 200 200 200 200 200 200 200 200 200 200 200 200 200 200 200 200 200 200 200 200 200 200 200 200 200 200 200 200 200 200 200 200 200 200 200 200 200 200 200 200 200 200 200 200 200 200 200 200 200 200 200 200 200 200 200 200 200 200 200 200 200 200 200 200 200 200 200 200 200 200 200 200 200 200 200 200 200 200 200 200 200 200 200 200 200 200 200 200 200 200 200 200 200 200 200 200 200 200 200 200 200 200 200 200 200 200 200 200 200 200 200 200 200 200 200 200 200 200 200 200 200 200 200 200 200 200 200 200 200 200 200 200 200 200 200 200 200 200 200 200 200 200 200 200 200 200 200 200 200 200 200 200 200 200 200 200 200 200 200 200 200 200 200 200 200 200 200 200 200 200 200 200 200 200 200 200 200 200 200 200 200 200 200 200 200 200 200 200 200 200 200 200 200 200 200 200 200 200 200 200 200 200 200 200 200 200 200 200 200 200 200 200 200 200 200 200 200 200 200 200 200 200 200 200 200 200 200 200 200 200 200 200 200 200 200 200 200 200 200 200 200 200 200 200 200 200 200 200 200 200 200 200 200 200 200 200 200 200 200 200 200 200 200 200 200 200 200 200 200 200 200 200 200 200 200 200 200 200 200 200 200 200 200 200 200 200 200 200 200 200 200 200 200 200 200 200 200 200 200 200 200 200 200 200 200 200 200 200 200 200 200 200 200 200 200 200 200 200 200 200 200 200 200 200 200 200 200 200 200 200 200 200 200 200 200 200 200 200 200 200 200 200 200 200 200 200 200 200 200 200 200 200 200 200 200 200 200 200 200 200 200 200 200 200 200 200 200 200 200 200 200 200 200 200 200 200 200 200 200 200 200 200 200 200 200 200 200 200 200 200 200 200 200 200 200 200 200 200 200 200 200 200 200 200 200 200 200 200 200 200 200 200 200 200 200 200 200 200 200 200 200 200 200 200 200 200 200 200 200 200 200 200 200 200 200 200 200 200 200 200 200 200 200 200 200 200 200 200 200 200 200 200 200 200 200 200 200 200 200 200 200 200 200 200 200 200 200 200 200 200 200 200 200 200 200 200 200 200 200 200 200 200 200 200 200 200 200 200 200 200 200 200 200 200 200 200 200 200 200 200 200 200 200 200 200 200 200 200 200
104
15 16 12 13 3 0 3 6 152 153 10 10 19 2 3 170 14 7 2 8 7 8 177 164 2 9 5 188 7 0 10 199 4 10 4 187 17 11 187 6 8 0 7 0 8 3 12 190 9 192 13 161 16 7 154 13 17 7 16 200 2 6 13 15 174 7 3 19 193 168 13 4 10 6 5 9 8 14 164 163 193 168 195 10 8 172 6 13 175 9 12 173 11 11 12 20 14 5 12 3 20 13 171 8
118
1 6 13 15 6 11 17 9 14 7 13 15 12 18 17 20 7 19 14 3 14 5 16 13 19 20 1 2 0 1 10 17 19 3 0 2 1 7 3 3 19 11 12 18 7 20 4 16 13 12 7 15 20 11 17 5 1 9 18 18 6 18 17 9 1 4 7 14 12 14 19 5 10 4 2 0 13 0 14 17 14 0 4 6 14 20 10 7 12 5 6 1 7 11 17 3 5 8 16 10 14 5 13 19 9 7 6 11 15 3 5 20 6 20 4 5 12 13
988
0 0 0 0 0 0 0 0 0 0 0 0 0 0 0 0 0 0 0 0 0 0 0 0 0 0 0 0 0 0 0 0 0 0 0 0 0 0 0 0 0 0 0 0 0 0 0 0 0 0 0 0 0 0 0 0 0 0 0 0 0 0 0 0 0 0 0 0 0 0 0 0 0 0 0 0 0 0 0 0 0 0 0 0 0 0 0 0 0 0 0 0 0 0 0 0 0 0 0 0 0 0 0 0 0 0 0 0 0 0 0 0 0 0 0 0 0 0 0 0 0 0 0 0 0 0 0 0 0 0 0 0 0 0 0 0 0 0 0 0 0 0 0 0 0 0 0 0 0 0 0 0 0 0 0 0 0 0 0 0 0 0 0 0 0 0 0 0 0 0 0 0 0 0 0 0 0 0 0 0 0 0 0 0 0 0 0 0 0 0 0 0 0 0 0 0 0 0 0 0 0 0 0 0 0 0 0 0 0 0 0 0 0 0 0 0 0 0 0 0 0 0 0 0 0 0 0 0 0 0 0 0 0 0 0 0 0 0 0 0 0 0 0 0 0 0 0 0 0 0 0 0 0 0 0 0 0 0 0 0 0 0 0 0 0 0 0 0 0 0 0 0 0 0 0 0 0 0 0 0 0 0 0 0 0 0 0 0 0 0 0 0 0 0 0 0 0 0 0 0 0 0 0 0 0 0 0 0 0 0 0 0 0 0 0 0 0 0 0 0 0 0 0 0 0 0 0 0 0 0 0 0 0 0 0 0 0 0 0 0 0 0 0 0 0 0 0 0 0 0 0 0 0 0 0 0 0 0 0 0 0 0 0 0 0 0 0 0 0 0 0 0 0 0 0 0 0 0 0 0 0 0 0 0 0 0 0 0 0 0 0 0 0 0 0 0 0 0 0 0 0 0 0 0 0 0 0 0 0 0 0 0 0 0 0 0 0 0 0 0 0 0 0 0 0 0 0 0 0 0 0 0 0 0 0 0 0 0 0 0 0 0 0 0 0 0 0 0 0 0 0 0 0 0 0 0 0 0 0 0 0 0 0 0 0 0 0 0 0 0 0 0 0 0 0 0 0 0 0 0 0 0 0 0 0 0 0 0 0 0 0 0 0 0 0 0 0 0 0 0 0 0 0 0 0 0 0 0 0 0 0 0 0 0 0 0 0 0 0 0 0 0 0 0 0 0 0 0 0 0 0 0 0 0 0 0 0 0 0 0 0 0 0 0 0 0 0 0 0 0 0 0 0 0 0 0 0 0 0 0 0 0 0 0 0 0 0 0 0 0 0 0 0 0 0 0 0 0 0 0 0 0 0 0 0 0 0 0 0 0 0 0 0 0 0 0 0 0 0 0 0 0 0 0 0 0 0 0 0 0 0 0 0 0 0 0 0 0 0 0 0 0 0 0 0 0 0 0 0 0 0 0 0 0 0 0 0 0 0 0 0 0 0 0 0 0 0 0 0 0 0 0 0 0 0 0 0 0 0 0 0 0 0 0 0 0 0 0 0 0 0 0 0 0 0 0 0 0 0 0 0 0 0 0 0 0 0 0 0 0 0 0 0 0 0 0 0 0 0 0 0 0 0 0 0 0 0 0 0 0 0 0 0 0 0 0 0 0 0 0 0 0 0 0 0 0 0 0 0 0 0 0 0 0 0 0 0 0 0 0 0 0 0 0 0 0 0 0 0 0 0 0 0 0 0 0 0 0 0 0 0 0 0 0 0 0 0 0 0 0 0 0 0 0 0 0 0 0 0 0 0 0 0 0 0 0 0 0 0 0 0 0 0 0 0 0 0 0 0 0 0 0 0 0 0 0 0 0 0 0 0 0 0 0 0 0 0 0 0 0 0 0 0 0 0 0 0 0 0 0 0 0 0 0 0 0 0 0 0 0 0 0 0 0 0 0 0 0 0 0 0 0 0 0 0 0 0 0 0 0 0 0 0 0 0 0 0 0 0 0 0 0 0 0 0 0 0 0 0 0 0 0 0 0 0 0 0 0 0 0 0 0 0 0 0 0 0 0 0 0 0 0 0 0 0 0 0 0 0 0 0 0 0 0 0 0 0 0 0 0 0 0 0 0 0 0 0 0 0 0 0 0 0 0 0 0 0 0 0 0 0 0 0 0 0 0 0 0 0 0 0 0 0 0 0 0 0 0 0 0 0 0 0 0 0 0 0 0 0 0 0 0 0 0 0 0 0 0 0 0 0 0 0 0 0 0 0 0
542
200 200 200 200 200 200 200 200 200 200 200 200 200 200 200 200 200 200 200 200 200 200 200 200 200 200 200 200 200 200 200 200 200 200 200 200 200 200 200 200 200 200 200 200 200 200 200 200 200 200 200 200 200 200 200 200 200 200 200 200 200 200 200 200 200 200 200 200 200 200 200 200 200 200 200 200 200 200 200 200 200 200 200 200 200 200 200 200 200 200 200 200 200 200 200 200 200 200 200 200 200 200 200 200 200 200 200 200 200 200 200 200 200 200 200 200 200 200 200 200 200 200 200 200 200 200 200 200 200 200 200 200 200 200 200 200 200 200 200 200 200 200 200 200 200 200 200 200 200 200 200 200 200 200 200 200 200 200 200 200 200 200 200 200 200 200 200 200 200 200 200 200 200 200 200 200 200 200 200 200 200 200 200 200 200 200 200 200 200 200 200 200 200 200 200 200 200 200 200 200 200 200 200 200 200 200 200 200 200 200 200 200 200 200 200 200 200 200 200 200 200 200 200 200 200 200 200 200 200 200 200 200 200 200 200 200 200 200 200 200 200 200 200 200 200 200 200 200 200 200 200 200 200 200 200 200 200 200 200 200 200 200 200 200 200 200 200 200 200 200 200 200 200 200 200 200 200 200 200 200 200 200 200 200 200 200 200 200 200 200 200 200 200 200 200 200 200 200 200 200 200 200 200 200 200 200 200 200 200 200 200 200 200 200 200 200 200 200 200 200 200 200 200 200 200 200 200 200 200 200 200 200 200 200 200 200 200 200 200 200 200 200 200 200 200 200 200 200 200 200 200 200 200 200 200 200 200 200 200 200 200 200 200 200 200 200 200 200 200 200 200 200 200 200 200 200 200 200 200 200 200 200 200 200 200 200 200 200 200 200 200 200 200 200 200 200 200 200 200 200 200 200 200 200 200 200 200 200 200 200 200 200 200 200 200 200 200 200 200 200 200 200 200 200 200 200 200 200 200 200 200 200 200 200 200 200 200 200 200 200 200 200 200 200 200 200 200 200 200 200 200 200 200 200 200 200 200 200 200 200 200 200 200 200 200 200 200 200 200 200 200 200 200 200 200 200 200 200 200 200 200 200 200 200 200 200 200 200 200 200 200 200 200 200 200 200 200 200 200 200 200 200 200 200 200 200 200 200 200 200 200 200 200 200 200 200 200 200 200 200 200 200 200 200 200 200 200 200 200 200 200 200 200 200 200 200 200 200 200 200 200 200
671
20 11 5 8 3 7 6 17 2 9 3 6 11 16 18 18 20 15 13 13 14 13 7 5 10 11 17 15 15 12 4 8 6 15 3 3 1 1 1 13 8 4 7 16 5 5 7 12 20 1 4 15 2 15 1 10 2 13 7 5 18 11 20 4 7 10 5 9 18 17 19 17 18 20 16 11 10 16 19 14 0 13 5 0 14 15 12 20 1 14 7 6 10 3 12 14 19 20 20 7 8 5 3 7 6 18 9 2 11 10 10 20 1 13 6 11 8 6 10 16 9 17 20 16 12 13 0 7 4 7 17 18 15 7 19 0 2 15 13 20 17 13 19 19 6 13 1 3 8 13 0 4 17 1 9 7 15 0 16 20 5 3 9 9 8 15 13 13 2 14 12 10 11 5 8 2 15 16 20 14 12 16 6 14 12 6 18 14 0 16 10 12 14 15 16 1 11 7 7 8 8 19 11 18 1 18 20 8 10 11 14 12 15 19 13 0 6 13 14 18 15 0 15 10 7 11 6 8 7 19 11 0 18 6 2 12 19 5 13 12 1 14 16 18 10 13 0 14 16 13 20 20 8 8 14 13 9 7 13 16 5 8 13 14 13 18 8 7 19 19 20 1 4 3 5 5 11 7 6 8 16 13 16 13 7 6 11 20 11 20 0 1 10 17 7 20 19 0 11 20 2 8 12 13 20 20 6 6 2 12 14 17 12 8 6 5 12 4 6 4 2 6 4 8 17 11 3 18 1 7 1 10 2 1 4 12 12 11 9 4 17 12 3 18 11 1 17 4 18 0 6 10 1 6 18 1 3 4 2 13 7 17 4 8 15 20 20 11 15 1 9 15 2 18 5 7 1 3 8 0 14 9 10 7 11 4 17 7 2 10 1 2 13 19 13 10 8 10 0 4 0 7 11 7 4 12 4 3 11 13 17 17 20 11 18 0 11 5 9 15 13 17 18 13 9 16 2 17 17 1 3 4 1 19 12 9 4 8 1 11 7 1 7 5 18 1 19 7 10 20 0 6 8 20 12 5 13 4 18 7 15 18 19 14 13 11 10 5 10 17 8 12 8 13 4 14 6 4 11 15 15 17 7 1 6 6 14 19 14 8 12 2 17 14 2 7 19 17 4 14 18 6 18 19 4 7 9 17 2 1 12 4 10 5 2 11 6 6 17 0 0 14 10 12 6 17 1 4 5 7 6 1 8 17 12 9 20 18 15 13 9 7 3 1 12 14 6 0 13 7 10 2 11 1 16 6 8 14 12 19 4 0 17 0 1 0 4 15 3 15 18 5 9 19 7 2 20 8 4 6 6 20 3 19 8 17 10 7 18 8 19 3 17 20 14 13 10 14 10 4 5 5 16 14 4 5 1 16 5 9 18 7 13 15 1 0 17 17 5 15 14 6 6 2 16 7 20 7 16 14 10 11 4 17 20 2 14 1 6 11 9 8 9 17 0 3 13 8 7 1 17 3 2 12 20 2 6 12 10 13 2 15 0 2 13 5 15 1 20 3 4
460
200 200 200 200 200 200 200 200 200 200 200 200 200 200 200 200 200 200 200 200 200 200 200 200 200 200 200 200 200 200 200 200 200 200 200 200 200 200 200 200 200 200 200 200 200 200 200 200 200 200 200 200 200 200 200 200 200 200 200 200 200 200 200 200 200 200 200 200 200 200 200 200 200 200 200 200 200 200 200 200 200 200 200 200 200 200 200 200 200 200 200 200 200 200 200 200 200 200 200 200 200 200 200 200 200 200 200 200 200 200 200 200 200 200 200 200 200 200 200 200 200 200 200 200 200 200 200 200 200 200 200 200 200 200 200 200 200 200 200 200 200 200 200 200 200 200 200 200 200 200 200 200 200 200 200 200 200 200 200 200 200 200 200 200 200 200 200 200 200 200 200 200 200 200 200 200 200 200 200 200 200 200 200 200 200 200 200 200 200 200 200 200 200 200 200 200 200 200 200 200 200 200 200 200 200 200 200 200 200 200 200 200 200 200 200 200 200 200 200 200 200 200 200 200 200 200 200 200 200 200 200 200 200 200 200 200 200 200 200 200 200 200 200 200 200 200 200 200 200 200 200 200 200 200 200 200 200 200 200 200 200 200 200 200 200 200 200 200 200 200 200 200 200 200 200 200 200 200 200 200 200 200 200 200 200 200 200 200 200 200 200 200 200 200 200 200 200 200 200 200 200 200 200 200 200 200 200 200 200 200 200 200 200 200 200 200 200 200 200 200 200 200 200 200 200 200 200 200 200 200 200 200 200 200 200 200 200 200 200 200 200 200 200 200 200 200 200 200 200 200 200 200 200 200 200 200 200 200 200 200 200 200 200 200 200 200 200 200 200 200 200 200 200 200 200 200 200 200 200 200 200 200 200 200 200 200 200 200 200 200 200 200 200 200 200 200 200 200 200 200 200 200 200 200 200 200 200 200 200 200 200 200 200 200 200 200 200 200 200 200 200 200 200 200 200 200 200 200 200 200 200 200 200 200 200 200 200 200 200 200 200 200 200 200 200 200 200 200 200 200 200 200 200 200 200 200 200 200 200 200
183
200 200 200 200 200 200 200 200 200 200 200 200 200 200 200 200 200 200 200 200 200 200 200 200 200 200 200 200 200 200 200 200 200 200 200 200 200 200 200 200 200 200 200 200 200 200 200 200 200 200 200 200 200 200 200 200 200 200 200 200 200 200 200 200 200 200 200 200 200 200 200 200 200 200 200 200 200 200 200 200 200 200 200 200 200 200 200 200 200 200 200 200 200 200 200 200 200 200 200 200 200 200 200 200 200 200 200 200 200 200 200 200 200 200 200 200 200 200 200 200 200 200 200 200 200 200 200 200 200 200 200 200 200 200 200 200 200 200 200 200 200 200 200 200 200 200 200 200 200 200 200 200 200 200 200 200 200 200 200 200 200 200 200 200 200 200 200 200 200 200 200 200 200 200 200 200 200 200 200 200 200 200 200
26
0 200 87 64 59 86 66 51 82 92 85 109 74 71 85 79 102 89 97 64 86 102 57 109 74 200
756
51 145 50 41 15 200 89 122 186 192 21 73 200 94 88 21 65 197 200 28 84 150 90 197 33 1 171 131 70 63 76 94 64 195 32 6 77 114 128 7 181 58 37 103 82 183 63 25 166 168 152 173 23 113 159 143 20 13 125 199 24 145 112 65 160 180 99 7 50 160 184 132 84 167 129 109 25 191 64 3 20 75 7 57 104 2 71 78 114 67 183 53 97 145 131 80 14 196 83 23 160 95 30 165 165 95 25 2 90 21 149 59 34 103 11 173 111 33 4 127 142 2 8 52 28 84 133 68 37 157 17 13 169 144 89 30 83 27 11 102 57 185 184 128 114 38 198 0 83 151 164 181 163 172 181 81 94 159 43 106 26 107 40 118 167 44 23 193 93 184 74 30 150 108 158 16 19 150 28 24 70 12 93 138 75 125 97 7 126 167 133 66 154 73 137 81 96 9 1 121 88 105 89 26 49 16 136 159 174 19 60 116 89 17 99 162 52 173 148 54 182 158 52 132 170 64 8 180 82 115 30 80 141 99 160 131 25 21 95 25 2 88 16 70 41 192 199 108 27 18 71 17 121 106 182 16 39 104 36 58 127 144 79 10 116 103 91 81 29 105 105 193 97 134 192 83 180 199 68 26 127 68 111 141 27 39 123 53 107 25 95 148 4 159 22 135 190 23 165 143 88 5 31 165 90 156 72 25 83 124 9 70 163 26 13 163 97 118 87 7 21 96 50 184 44 2 31 167 194 67 200 195 76 9 184 44 107 193 112 81 197 6 85 61 63 171 127 76 98 85 12 139 94 21 193 189 5 107 65 155 159 190 112 141 28 111 82 55 171 81 161 42 0 38 107 89 77 14 178 98 180 32 122 87 43 81 192 123 105 109 55 128 25 72 191 79 99 0 187 85 45 127 108 122 24 74 79 5 105 197 164 19 121 79 172 152 119 83 74 25 127 112 60 182 55 192 90 96 147 4 46 180 11 185 125 62 59 50 196 123 83 90 121 102 168 134 185 139 97 194 114 124 88 197 16 127 139 161 98 51 62 55 168 106 79 154 154 28 44 67 30 147 71 51 6 122 195 43 200 113 188 47 68 177 51 94 142 128 94 83 194 97 188 145 5 157 90 157 110 28 18 195 159 60 53 42 168 149 185 158 9 81 184 59 27 94 13 117 26 91 184 64 73 24 5 159 55 11 88 27 23 90 99 69 185 1 189 144 153 63 190 192 12 160 129 8 155 35 39 51 27 133 92 139 107 186 74 112 117 67 79 6 56 78 107 73 48 4 93 79 97 48 3 73 116 42 156 59 165 188 120 83 0 9 97 84 142 37 52 97 154 196 153 102 154 117 20 160 191 121 2 172 50 47 185 90 4 46 96 140 13 71 14 153 106 180 195 73 17 66 62 65 22 5 36 176 103 161 159 108 67 148 114 129 110 107 162 143 70 48 138 116 100 19 58 155 148 17 126 5 29 119 138 61 198 181 52 120 192 79 113 127 12 131 104 60 148 82 160 2 49 128 156 39 172 19 142 17 33 9 116 2 128 180 23 86 93 72 56 190 186 93 139 52 124 25 127 183 120 74 88 17 187 163 126 133 33 174 59 131 136 32 169 52 72 139 17 128 80 188 105 141 65 96 16 161 74 134 106 125 163 48 64 43 42 59 24 20 196 76 101 71 113 77 32 62 33 158 76 190 50 50 53 85 199 33
816
66 107 159 159 107 107 159 107 66 107 84 84 84 159 159 66 159 159 66 84 66 159 84 107 159 84 159 66 159 84 84 66 84 66 66 66 84 159 159 107 84 84 159 66 66 107 159 159 107 66 107 84 84 107 84 159 66 159 84 159 107 66 84 66 84 107 107 66 107 159 159 66 84 107 107 159 66 66 107 107 84 66 84 84 84 107 107 84 84 107 84 84 84 107 159 107 66 84 159 107 107 66 159 159 107 84 66 66 107 159 84 107 84 159 84 107 66 107 159 159 107 159 84 84 107 159 159 84 159 107 66 107 107 66 84 159 66 84 66 66 66 84 107 107 66 159 107 84 159 84 84 107 66 107 84 66 107 84 107 84 84 66 107 66 84 107 159 84 84 107 66 159 107 159 107 84 84 159 84 66 159 159 159 84 84 66 107 66 66 159 66 159 107 66 84 84 84 159 107 107 84 66 66 159 66 66 107 107 107 66 66 159 84 84 66 107 84 107 84 107 66 66 107 66 66 107 159 84 84 84 159 159 107 107 159 66 159 84 107 66 159 84 159 66 84 107 84 159 84 107 107 107 84 159 66 159 107 159 159 84 107 159 84 84 84 107 84 107 84 84 84 107 159 107 84 66 107 84 84 84 66 66 159 159 66 66 66 159 66 159 107 84 159 107 107 159 107 159 66 107 84 66 84 84 84 66 66 84 159 84 84 107 159 84 66 66 66 107 84 84 84 159 84 159 159 66 159 66 107 107 84 107 159 84 159 84 107 84 66 107 159 66 159 107 66 84 159 107 84 66 159 66 84 107 159 84 107 84 159 159 159 66 159 107 159 107 159 107 159 159 107 84 66 107 107 159 159 66 107 159 66 107 84 159 84 66 84 107 84 159 159 159 107 84 159 66 159 159 84 84 159 84 66 159 159 159 84 159 159 84 84 66 159 66 107 84 84 107 107 66 159 66 107 159 107 107 84 107 84 84 159 84 84 84 84 66 84 159 66 84 84 107 66 84 159 66 107 66 107 66 107 84 107 66 66 66 66 66 84 107 159 66 66 107 107 159 107 66 159 84 159 159 107 66 107 84 84 159 159 84 159 66 107 84 107 159 66 107 66 84 159 84 107 84 159 159 84 84 159 159 159 66 66 84 84 107 66 84 84 66 107 66 159 66 66 159 84 107 66 159 107 84 66 159 107 107 84 159 107 66 107 159 159 107 84 84 84 84 66 66 84 159 159 107 66 84 107 159 107 84 66 84 159 159 66 159 107 66 107 159 84 107 84 159 84 159 84 66 66 107 66 84 159 159 66 107 66 84 66 84 84 84 66 107 159 107 66 66 159 159 107 84 107 84 66 159 66 107 66 107 159 107 107 84 84 159 66 84 159 66 107 84 66 159 66 107 66 66 66 107 159 159 84 107 84 159 107 107 84 66 66 107 107 107 107 66 107 107 107 159 159 159 66 107 159 66 107 107 66 84 84 107 159 107 107 107 107 66 107 66 107 84 159 84 159 66 84 107 84 107 84 107 159 107 66 66 84 159 107 84 107 159 66 159 66 66 66 159 107 159 84 107 84 107 159 66 107 107 107 66 66 159 107 107 84 66 159 66 107 107 84 159 159 107 107 66 84 66 84 159 84 107 159 66 159 107 107 107 84 159 107 84 66 66 159 66 107 159 159 107 84 107 159 66 159 159 84 159 66 66 159 159 66 107 159 107 159 159 107 66 159 66 107 84 107 84 159 84 159 66 159 107 107 84 159 84 84 84 84 84 107 107 107 84 84 107 159 107 107 107 66 107 84 159 84 159 159 107 159 66 159 66 66 84 107 84 159 159 66 66 84 66 159 159 84 159
705
20 3 10 0 17 18 20 19 6 2 8 4 14 15 17 10 2 17 0 13 14 20 0 1 18 1 7 13 6 14 7 7 15 0 11 19 12 10 0 9 13 11 6 9 14 4 6 17 7 13 17 13 6 1 2 4 15 1 11 18 9 5 12 2 2 2 12 7 7 16 7 0 12 5 4 7 2 2 20 0 10 2 5 14 18 10 4 13 3 11 2 19 20 2 14 1 4 4 0 0 4 3 19 14 5 6 13 18 6 1 16 19 2 19 18 16 9 20 3 2 6 11 1 10 13 5 12 17 11 20 8 4 8 8 5 1 10 6 0 9 3 8 9 3 8 17 5 4 7 17 12 13 0 7 7 18 16 16 11 11 10 14 4 8 3 7 3 6 10 5 19 4 8 3 7 5 4 15 10 9 6 15 6 8 13 16 2 14 11 13 18 20 15 10 15 3 20 7 19 18 18 4 19 1 6 8 18 2 4 14 15 4 7 3 2 2 18 12 14 19 1 0 8 3 2 15 18 0 0 2 14 6 3 17 0 0 3 5 11 1 8 0 4 7 10 8 19 12 10 10 12 13 15 5 14 6 16 17 10 5 3 11 15 4 4 5 10 4 7 3 8 10 20 18 19 12 17 5 7 14 16 16 14 3 10 8 5 11 12 7 20 15 10 7 16 14 19 17 18 20 18 18 7 20 4 18 0 14 12 3 5 3 10 17 2 8 9 20 4 3 12 13 13 6 12 6 13 5 7 4 17 5 13 5 6 4 18 15 3 7 9 13 13 20 18 9 16 2 6 19 19 19 3 12 9 15 12 14 0 18 5 12 0 8 6 10 17 15 20 11 1 20 2 1 17 2 7 0 7 5 9 0 14 6 0 9 4 9 4 3 15 12 11 20 0 6 10 14 9 8 19 10 15 14 7 20 5 13 2 7 12 1 4 2 4 11 12 2 12 16 11 4 15 2 20 17 4 14 2 10 1 8 0 3 13 2 16 4 0 17 14 1 16 10 20 18 4 13 3 15 2 10 1 11 6 6 19 14 10 12 0 14 8 4 15 2 0 6 13 19 3 4 15 15 13 7 19 9 9 17 7 3 0 6 7 2 13 5 6 15 10 4 19 15 9 14 6 1 15 15 12 5 19 1 5 11 14 10 12 12 4 12 13 13 14 20 13 11 17 9 12 0 2 2 1 15 17 1 3 14 0 0 2 10 4 7 17 13 9 20 13 18 14 20 0 17 1 10 14 9 7 12 11 6 8 17 15 20 17 4 12 18 12 2 5 12 19 7 16 7 11 18 1 13 0 7 15 11 1 16 14 13 20 16 19 5 1 18 3 9 10 6 9 2 13 18 0 2 13 7 20 17 9 5 16 8 11 9 17 13 16 4 18 5 18 4 2 4 2 16 9 17 11 20 14 15 14 8 17 20 3 12 1 0 4 15 20 10 11 15 7 9 0 10 9 16 3 8 15 0 18 12 19 0 17 10 3 4 5 10 11 10 15 5 15 1 13 4 6 3 18 8 9 10 10 10 18 12 10 13 4 15 9 17 7 17 17 8 0 20 0 3 2 7 19 3 11 17 5 6 14 9 3 13 4
487
4 19 19 10 18 18 16 12 17 14 12 10 1 10 15 6 15 20 19 4 6 16 9 18 4 16 16 13 2 6 16 11 4 3 12 3 6 11 9 2 12 15 3 19 16 16 11 1 3 5 6 13 15 16 3 6 17 5 3 10 0 16 14 9 20 20 15 5 6 10 6 15 10 5 11 15 14 16 5 8 2 3 2 4 20 10 14 13 18 17 2 2 8 15 13 1 11 9 6 19 15 9 20 16 1 8 17 18 0 12 14 11 11 16 3 9 8 18 16 13 20 8 13 6 15 1 15 12 1 17 16 7 5 9 0 5 5 3 15 0 5 16 17 15 0 12 4 17 4 5 5 12 5 1 20 17 19 10 17 8 3 1 1 8 2 5 8 14 2 5 12 10 4 0 1 15 6 9 0 9 11 5 11 5 8 7 2 18 19 19 1 1 18 15 2 9 19 16 19 18 7 15 0 9 8 14 0 14 7 12 16 6 19 6 9 6 4 9 6 9 16 17 12 4 20 1 10 18 0 16 14 14 12 14 1 0 1 2 16 13 0 18 14 19 13 10 11 13 13 13 11 11 19 5 0 16 19 8 6 7 8 18 3 14 17 4 9 7 7 17 12 18 10 15 6 15 7 5 8 13 3 0 9 19 6 20 10 12 10 9 9 0 16 7 18 0 0 16 9 20 11 1 10 15 6 2 14 13 18 8 11 20 13 6 12 15 9 1 18 12 2 10 17 7 5 17 18 19 17 12 7 20 20 2 2 20 11 16 16 15 0 3 7 16 3 8 15 13 17 16 9 1 16 19 19 9 8 19 6 3 4 9 19 3 20 12 17 6 8 12 1 7 4 15 13 16 18 19 3 15 2 19 12 15 15 15 5 3 9 8 15 19 16 3 13 20 7 15 9 11 8 3 4 5 3 19 0 6 2 0 20 10 0 3 9 13 3 19 19 3 18 15 6 9 6 9 8 19 14 7 2 18 10 5 6 19 14 1 13 1 6 18 16 3 0 19 7 17 17 8 3 20 7 18 19 19 19 7 2 11 7 6 14 8 9 19 4 16 9 11 17 18 11 14 4 8 5 12 4 8 6 4 6 20 18 4 5
279
12 11 0 7 8 20 9 19 12 8 11 12 2 20 6 5 0 8 17 14 0 16 4 7 15 12 5 9 8 12 1 19 3 12 20 0 5 15 17 11 20 16 14 17 8 5 16 11 4 13 15 8 5 15 3 14 17 11 15 20 15 4 18 15 15 0 13 8 19 9 6 14 3 8 7 14 10 0 4 15 18 12 13 5 5 12 11 6 13 17 7 10 4 7 6 0 7 7 3 18 12 6 3 8 5 1 14 11 15 18 1 8 20 15 14 18 2 9 2 2 19 15 15 3 5 11 4 16 13 18 15 0 17 14 17 16 20 14 9 1 17 18 19 1 13 18 3 8 12 5 9 19 4 17 3 1 2 12 10 13 13 3 5 19 3 0 9 15 13 19 7 20 7 5 15 9 17 11 0 14 15 6 20 8 3 16 9 18 15 12 1 14 13 7 9 15 11 16 12 5 3 4 7 5 0 7 8 20 14 16 4 19 16 14 15 9 11 15 2 9 20 10 12 14 15 18 20 9 14 0 3 15 7 15 2 1 13 17 20 3 5 5 8 3 16 19 17 19 11 16 7 16 3 1 15 5 15 8 0 10 7 4 20 17 20 20 4 19 11 16 1 12 6 8 9 7 2 5 1
416
2 7 18 9 1 11 15 16 4 11 10 10 13 9 2 5 18 0 0 13 2 6 10 5 2 6 5 15 15 5 14 16 20 18 19 4 14 11 11 20 11 14 2 18 16 7 14 16 19 7 13 9 12 12 12 6 4 19 0 19 20 8 13 20 18 12 17 19 13 13 1 2 5 18 3 5 11 5 3 18 0 1 16 15 18 11 4 13 19 16 1 14 4 11 18 20 4 4 10 11 1 12 18 10 14 19 5 19 2 1 0 0 12 11 11 4 0 5 15 7 19 20 18 3 7 13 13 7 13 14 0 11 18 5 1 1 11 0 19 10 2 7 6 6 20 6 19 3 15 10 13 5 0 14 14 9 1 17 16 8 18 1 0 15 8 16 9 12 11 0 15 19 8 2 19 4 13 12 0 0 18 7 3 2 9 17 10 17 9 12 4 9 16 2 2 8 20 15 1 15 15 2 9 4 10 18 4 14 11 11 12 17 19 8 15 16 0 12 6 19 11 3 1 20 18 7 8 18 13 6 5 17 15 11 10 5 1 8 1 3 1 3 8 3 12 14 9 19 2 0 14 4 3 11 14 8 16 12 2 13 2 2 7 4 10 10 16 6 3 18 9 9 10 5 13 4 8 7 2 0 11 11 0 6 5 3 18 13 11 3 20 19 18 8 15 6 17 15 0 9 10 10 18 6 18 3 0 7 11 14 14 0 20 20 3 1 19 12 16 15 7 4 15 18 9 0 20 7 9 3 5 13 1 10 7 7 12 8 15 15 4 9 8 6 10 9 12 2 20 20 3 3 1 12 1 12 15 8 20 9 7 15 18 14 5 6 7 11 19 1 18 0 14 17 20 0 2 11 20 19 6 7 19 17 17 5 6 14 8 13 18 18 9 1 15 4 12 15 8 3 5 16 11 10 16 15 0 15 0 0 2 18 8 9 20 18
988
0 0 0 0 0 0 0 0 0 0 0 0 0 0 0 0 0 0 0 0 0 0 0 0 0 0 0 0 0 0 0 0 0 0 0 0 0 0 0 0 0 0 0 0 0 0 0 0 0 0 0 0 0 0 0 0 0 0 0 0 0 0 0 0 0 0 0 0 0 0 0 0 0 0 0 0 0 0 0 0 0 0 0 0 0 0 0 0 0 0 0 0 0 0 0 0 0 0 0 0 0 0 0 0 0 0 0 0 0 0 0 0 0 0 0 0 0 0 0 0 0 0 0 0 0 0 0 0 0 0 0 0 0 0 0 0 0 0 0 0 0 0 0 0 0 0 0 0 0 0 0 0 0 0 0 0 0 0 0 0 0 0 0 0 0 0 0 0 0 0 0 0 0 0 0 0 0 0 0 0 0 0 0 0 0 0 0 0 0 0 0 0 0 0 0 0 0 0 0 0 0 0 0 0 0 0 0 0 0 0 0 0 0 0 0 0 0 0 0 0 0 0 0 0 0 0 0 0 0 0 0 0 0 0 0 0 0 0 0 0 0 0 0 0 0 0 0 0 0 0 0 0 0 0 0 0 0 0 0 0 0 0 0 0 0 0 0 0 0 0 0 0 0 0 0 0 0 0 0 0 0 0 0 0 0 0 0 0 0 0 0 0 0 0 0 0 0 0 0 0 0 0 0 0 0 0 0 0 0 0 0 0 0 0 0 0 0 0 0 0 0 0 0 0 0 0 0 0 0 0 0 0 0 0 0 0 0 0 0 0 0 0 0 0 0 0 0 0 0 0 0 0 0 0 0 0 0 0 0 0 0 0 0 0 0 0 0 0 0 0 0 0 0 0 0 0 0 0 0 0 0 0 0 0 0 0 0 0 0 0 0 0 0 0 0 0 0 0 0 0 0 0 0 0 0 0 0 0 0 0 0 0 0 0 0 0 0 0 0 0 0 0 0 0 0 0 0 0 0 0 0 0 0 0 0 0 0 0 0 0 0 0 0 0 0 0 0 0 0 0 0 0 0 0 0 0 0 0 0 0 0 0 0 0 0 0 0 0 0 0 0 0 0 0 0 0 0 0 0 0 0 0 0 0 0 0 0 0 0 0 0 0 0 0 0 0 0 0 0 0 0 0 0 0 0 0 0 0 0 0 0 0 0 0 0 0 0 0 0 0 0 0 0 0 0 0 0 0 0 0 0 0 0 0 0 0 0 0 0 0 0 0 0 0 0 0 0 0 0 0 0 0 0 0 0 0 0 0 0 0 0 0 0 0 0 0 0 0 0 0 0 0 0 0 0 0 0 0 0 0 0 0 0 0 0 0 0 0 0 0 0 0 0 0 0 0 0 0 0 0 0 0 0 0 0 0 0 0 0 0 0 0 0 0 0 0 0 0 0 0 0 0 0 0 0 0 0 0 0 0 0 0 0 0 0 0 0 0 0 0 0 0 0 0 0 0 0 0 0 0 0 0 0 0 0 0 0 0 0 0 0 0 0 0 0 0 0 0 0 0 0 0 0 0 0 0 0 0 0 0 0 0 0 0 0 0 0 0 0 0 0 0 0 0 0 0 0 0 0 0 0 0 0 0 0 0 0 0 0 0 0 0 0 0 0 0 0 0 0 0 0 0 0 0 0 0 0 0 0 0 0 0 0 0 0 0 0 0 0 0 0 0 0 0 0 0 0 0 0 0 0 0 0 0 0 0 0 0 0 0 0 0 0 0 0 0 0 0 0 0 0 0 0 0 0 0 0 0 0 0 0 0 0 0 0 0 0 0 0 0 0 0 0 0 0 0 0 0 0 0 0 0 0 0 0 0 0 0 0 0 0 0 0 0 0 0 0 0 0 0 0 0 0 0 0 0 0 0 0 0 0 0 0 0 0 0 0 0 0 0 0 0 0 0 0 0 0 0 0 0 0 0 0 0 0 0 0 0 0 0 0 0 0 0 0 0 0 0 0 0 0 0 0 0 0 0 0 0 0 0 0 0 0 0 0 0 0 0 0 0 0 0 0 0 0 0 0 0 0 0 0 0 0 0 0 0 0 0 0 0 0 0 0 0 0 0 0 0 0 0 0 0 0 0 0 0 0 0 0 0 0 0 0 0 0 0 0 0 0 0 0 0 0 0 0 0 0 0 0 0 0 0 0 0 0 0 0 0 0 0 0 0 0 0 0 0 0 0 0 0 0 0 0 0 0 0 0 0 0 0 0 0 0 0 0 0 0 0
57
200 200 200 200 200 200 200 200 200 200 200 200 200 200 200 200 200 200 200 200 200 200 200 200 200 200 200 200 200 200 200 200 200 200 200 200 200 200 200 200 200 200 200 200 200 200 200 200 200 200 200 200 200 200 200 200 200
704
0 0 0 0 0 0 0 0 0 0 0 0 0 0 0 0 0 0 0 0 0 0 0 0 0 0 0 0 0 0 0 0 0 0 0 0 0 0 0 0 0 0 0 0 0 0 0 0 0 0 0 0 0 0 0 0 0 0 0 0 0 0 0 0 0 0 0 0 0 0 0 0 0 0 0 0 0 0 0 0 0 0 0 0 0 0 0 0 0 0 0 0 0 0 0 0 0 0 0 0 0 0 0 0 0 0 0 0 0 0 0 0 0 0 0 0 0 0 0 0 0 0 0 0 0 0 0 0 0 0 0 0 0 0 0 0 0 0 0 0 0 0 0 0 0 0 0 0 0 0 0 0 0 0 0 0 0 0 0 0 0 0 0 0 0 0 0 0 0 0 0 0 0 0 0 0 0 0 0 0 0 0 0 0 0 0 0 0 0 0 0 0 0 0 0 0 0 0 0 0 0 0 0 0 0 0 0 0 0 0 0 0 0 0 0 0 0 0 0 0 0 0 0 0 0 0 0 0 0 0 0 0 0 0 0 0 0 0 0 0 0 0 0 0 0 0 0 0 0 0 0 0 0 0 0 0 0 0 0 0 0 0 0 0 0 0 0 0 0 0 0 0 0 0 0 0 0 0 0 0 0 0 0 0 0 0 0 0 0 0 0 0 0 0 0 0 0 0 0 0 0 0 0 0 0 0 0 0 0 0 0 0 0 0 0 0 0 0 0 0 0 0 0 0 0 0 0 0 0 0 0 0 0 0 0 0 0 0 0 0 0 0 0 0 0 0 0 0 0 0 0 0 0 0 0 0 0 0 0 0 0 0 0 0 0 0 0 0 0 0 0 0 0 0 0 0 0 0 0 0 0 0 0 0 0 0 0 0 0 0 0 0 0 0 0 0 0 0 0 0 0 0 0 0 0 0 0 0 0 0 0 0 0 0 0 0 0 0 0 0 0 0 0 0 0 0 0 0 0 0 0 0 0 0 0 0 0 0 0 0 0 0 0 0 0 0 0 0 0 0 0 0 0 0 0 0 0 0 0 0 0 0 0 0 0 0 0 0 0 0 0 0 0 0 0 0 0 0 0 0 0 0 0 0 0 0 0 0 0 0 0 0 0 0 0 0 0 0 0 0 0 0 0 0 0 0 0 0 0 0 0 0 0 0 0 0 0 0 0 0 0 0 0 0 0 0 0 0 0 0 0 0 0 0 0 0 0 0 0 0 0 0 0 0 0 0 0 0 0 0 0 0 0 0 0 0 0 0 0 0 0 0 0 0 0 0 0 0 0 0 0 0 0 0 0 0 0 0 0 0 0 0 0 0 0 0 0 0 0 0 0 0 0 0 0 0 0 0 0 0 0 0 0 0 0 0 0 0 0 0 0 0 0 0 0 0 0 0 0 0 0 0 0 0 0 0 0 0 0 0 0 0 0 0 0 0 0 0 0 0 0 0 0 0 0 0 0 0 0 0 0 0 0 0 0 0 0 0 0 0 0 0 0 0 0 0 0 0 0 0 0 0 0 0 0 0 0 0 0 0 0 0 0 0 0 0 0 0 0 0 0 0 0 0 0 0 0 0 0 0 0 0 0 0
779
4 16 153 8 5 7 13 11 3 10 12 17 18 5 1 3 0 9 13 1 11 6 183 9 4 11 7 1 12 0 180 8 16 11 4 10 14 13 16 159 3 10 1 0 2 14 16 6 20 4 18 10 179 193 175 1 4 17 3 1 18 15 19 19 6 13 4 179 7 18 7 15 164 19 12 18 8 14 17 19 19 13 11 11 20 1 20 3 10 165 1 20 16 164 186 13 7 174 2 20 5 13 8 4 173 4 16 16 175 7 20 184 13 176 13 18 15 175 159 17 13 20 3 2 9 15 11 19 1 10 188 20 4 10 1 6 8 0 8 198 15 20 198 3 9 178 15 19 16 17 2 18 16 5 0 160 11 191 6 8 18 17 158 19 7 8 8 17 14 6 19 151 156 3 20 5 11 18 2 183 18 5 189 13 9 169 15 10 188 0 16 16 176 187 15 15 5 17 10 16 17 6 197 184 20 167 8 9 194 5 17 13 6 5 0 11 14 163 174 17 9 168 19 160 4 13 3 16 186 2 14 18 182 3 12 19 13 1 200 195 20 186 7 6 19 2 157 16 1 8 11 173 5 4 165 13 19 17 11 17 183 19 3 0 3 18 8 16 161 16 7 189 7 18 16 16 163 13 0 3 200 7 3 19 0 1 3 14 5 152 20 159 17 17 20 10 19 16 20 182 12 2 9 18 17 18 13 3 10 12 6 15 12 5 20 14 0 6 176 10 18 12 9 5 1 18 2 12 12 16 19 154 3 192 20 167 4 16 11 9 2 18 0 1 0 9 19 2 2 16 169 5 1 16 7 20 13 177 7 15 10 170 158 11 12 195 16 9 1 170 9 7 13 155 0 11 9 7 13 15 17 11 20 10 0 10 9 194 161 193 3 5 2 187 171 0 6 3 9 14 178 16 196 7 14 194 161 3 18 8 2 18 14 186 167 11 198 18 6 1 187 9 5 3 13 5 2 171 4 6 2 16 6 197 2 9 159 14 12 14 187 8 9 172 17 14 14 180 0 6 1 19 18 20 3 4 12 12 0 20 151 18 1 150 13 14 4 13 172 193 8 7 8 197 2 167 14 1 19 14 5 173 17 6 15 12 9 19 1 157 15 0 14 1 182 17 11 10 2 7 184 10 196 192 18 2 158 7 10 8 4 11 1 7 11 14 1 14 18 19 6 3 188 20 10 19 8 9 12 3 160 9 1 19 183 16 10 178 9 11 12 19 18 17 2 15 16 174 4 0 6 9 4 6 20 163 198 8 3 7 3 166 12 9 4 3 5 4 3 5 0 13 8 199 9 151 7 8 20 12 20 17 7 2 12 2 9 18 18 7 10 3 20 15 0 197 14 16 6 4 11 6 154 1 10 1 3 13 2 20 166 1 9 12 16 18 3 165 167 2 3 153 198 3 3 19 194 15 18 175 11 17 15 9 8 4 5 17 7 18 1 13 7 12 13 200 183 16 2 3 193 10 9 8 162 8 13 170 161 2 5 18 188 11 20 1 15 19 6 20 9 5 190 6 4 12 175 14 1 6 18 9 5 18 20 7 14 18 7 12 194 13 1 11 192 13 7 3 20 176 10 170 6 190 8 3 8 2 12 20 15 11 0 181 20 0 14 10 11 160 182 1 0 10 18 20 16 13 8 157 9 10 12 10 176 5 8 16 0 176 7 4 192 15 154 8 12 8 0 155 20 15 13 15 10 6 14 19 0 5 15 9 14 185 8 14 10 17 4 6 15 9 199 0 191 8 13 184 20
446
0 200 73 95 99 108 68 101 60 91 72 102 82 100 71 95 50 96 113 82 60 94 69 62 90 76 114 63 90 111 65 89 98 83 75 112 100 73 93 118 87 81 89 53 53 63 113 93 92 54 68 76 65 51 111 63 64 105 114 83 72 120 65 105 113 97 120 52 94 75 75 107 98 90 97 78 99 108 80 86 63 51 56 60 89 80 103 94 68 54 68 112 108 68 101 109 114 63 114 95 74 94 99 59 107 95 112 80 92 63 119 74 91 106 61 79 59 61 61 118 117 114 120 81 115 104 84 61 59 102 79 67 76 100 60 95 85 113 69 50 115 114 98 100 70 55 73 75 97 113 100 120 114 97 101 91 69 91 64 66 94 101 91 54 98 108 60 119 97 52 111 57 114 101 104 86 110 102 60 92 57 105 60 95 90 74 82 67 87 102 86 115 107 117 51 89 109 52 73 111 57 60 86 80 86 74 78 81 65 79 93 75 53 102 75 81 87 50 82 108 94 98 56 85 65 103 84 67 98 118 80 84 118 58 88 90 116 77 69 102 67 62 111 64 110 78 116 73 96 97 82 75 120 75 114 65 90 68 99 116 93 120 53 51 80 54 97 57 90 85 60 87 99 68 113 89 110 76 100 82 79 77 54 52 105 96 63 82 76 59 108 114 83 109 88 69 70 113 83 113 78 120 71 95 61 110 65 52 118 106 91 51 98 65 63 115 111 89 59 95 91 91 56 84 52 119 54 88 115 117 79 51 104 118 65 83 116 107 113 94 72 60 95 80 108 90 119 111 63 114 89 51 98 103 88 57 67 101 111 83 77 61 50 102 118 70 114 98 86 115 81 64 99 97 65 96 86 65 96 112 115 92 89 103 111 94 62 61 94 79 73 51 99 58 80 56 56 50 81 96 67 63 108 90 100 119 91 74 66 88 50 114 70 79 100 86 114 55 81 98 93 83 75 51 51 86 66 56 120 56 119 71 117 74 95 112 54 81 97 56 59 64 110 103 79 200
660
19 6 4 17 16 18 7 19 8 155 7 190 12 17 5 154 8 7 4 179 19 0 2 9 14 3 175 14 163 153 10 0 4 180 160 3 9 7 197 0 12 168 13 9 13 12 9 185 4 5 3 17 19 20 13 9 3 184 16 15 4 15 160 12 6 156 2 8 8 179 183 190 20 17 20 180 16 13 200 17 11 194 13 200 15 175 10 7 0 10 20 17 166 192 18 150 154 9 3 1 160 16 11 1 3 20 197 2 10 152 2 1 12 3 7 170 17 1 164 7 157 8 18 14 2 6 178 4 1 5 19 153 8 13 8 172 8 0 18 5 181 176 1 10 10 11 6 0 18 166 4 3 194 17 18 156 195 3 8 6 4 164 17 0 10 18 3 199 12 11 3 6 9 20 18 16 195 20 12 7 12 8 14 20 187 19 193 16 1 152 19 11 17 0 14 16 17 3 7 9 2 10 186 11 193 150 1 193 173 5 172 172 19 167 2 182 15 11 6 18 167 174 194 13 172 11 188 19 1 10 4 10 5 8 19 1 6 20 2 20 191 10 10 1 6 3 151 12 9 5 15 174 4 10 12 10 13 4 12 157 12 159 18 5 5 170 18 14 171 8 15 12 10 200 155 17 177 19 19 5 20 9 15 12 17 18 2 6 13 151 163 7 152 16 14 3 11 17 169 183 7 0 19 9 0 15 195 1 5 9 6 8 192 14 19 8 13 9 169 3 5 9 188 6 15 19 8 19 18 12 3 177 20 154 8 5 184 4 183 10 192 199 15 16 164 16 160 18 1 11 16 165 6 156 0 15 3 4 0 17 1 6 19 12 2 19 175 193 6 1 0 0 0 155 174 11 14 14 18 4 9 9 10 18 0 152 18 2 5 157 20 7 6 15 18 17 1 18 8 10 0 7 169 1 198 14 167 0 11 6 9 5 180 7 16 3 12 3 6 12 2 11 19 0 7 16 11 0 1 20 18 7 1 12 13 20 5 193 15 175 13 6 11 7 1 10 20 10 1 180 19 17 4 9 10 5 177 152 15 12 19 17 17 5 5 12 20 184 19 0 191 152 7 2 8 19 168 8 6 19 13 4 20 167 10 17 18 1 5 14 199 14 19 6 11 2 16 20 150 2 7 8 15 6 15 10 14 180 4 3 7 18 15 18 17 10 156 17 162 0 150 19 20 13 175 0 178 14 174 9 165 20 5 10 7 196 3 15 3 15 17 14 14 15 9 7 10 1 14 9 174 16 9 0 174 19 151 1 8 5 18 14 10 151 14 16 4 4 0 10 14 13 18 198 12 0 4 4 154 0 19 1 12 12 19 165 3 191 19 198 20 184 18 7 161 1 4 5 14 12 152 13 3 151 16 5 0 14 186 18 14 168 2 20 13 0 161 174 17 180 2 13 15 7 7 20 20 17 14 12 9 198 12 18 158 14 9 15 4 13 173 12 8 186 8 15 176 11 173 0 196 17 5 170 7 159 13 5 3 176
20
0 200 64 78 62 105 109 77 110 109 70 110 55 110 80 77 105 73 68 200
975
10 173 18 155 9 1 169 15 20 4 2 6 152 4 11 18 18 9 7 9 196 7 184 14 4 15 10 12 8 10 6 3 0 14 151 168 5 1 7 2 17 5 19 12 5 13 198 20 8 165 6 0 16 200 15 19 13 16 6 16 8 178 20 13 1 12 9 9 7 164 170 173 19 20 9 19 159 17 17 16 4 9 12 178 7 20 199 18 187 7 3 17 9 162 163 15 4 2 2 18 10 171 6 12 5 8 14 180 0 7 16 8 13 196 13 7 197 15 1 172 13 14 5 10 9 0 7 10 2 7 14 184 167 15 18 2 20 1 12 3 2 7 159 173 14 1 15 5 13 19 16 11 153 2 7 7 6 20 11 1 1 6 11 189 194 160 3 9 4 1 18 17 2 0 6 197 12 18 5 6 181 2 3 4 0 4 16 11 3 17 1 12 5 2 7 15 18 10 12 8 197 15 6 13 5 17 185 15 6 1 1 9 11 12 18 11 10 11 19 3 7 20 180 165 20 178 19 178 18 6 12 17 15 168 197 175 13 2 16 9 191 6 11 1 184 188 19 12 10 18 3 7 20 4 8 180 2 1 166 18 20 10 12 19 19 16 7 17 16 0 178 0 0 10 16 3 12 10 16 8 11 17 0 11 196 18 18 183 185 3 4 8 3 17 6 1 10 175 19 15 2 16 13 16 13 14 1 15 19 12 12 7 13 177 0 7 185 158 1 0 18 197 163 15 184 5 4 15 200 3 19 172 19 8 189 2 13 15 152 12 19 9 5 13 8 19 3 16 6 2 0 177 13 0 168 1 170 10 12 8 185 7 20 6 151 17 174 11 199 6 7 152 14 8 13 150 177 19 1 11 19 188 3 165 2 187 1 17 19 5 11 12 8 19 16 4 16 12 12 3 158 3 1 16 18 0 16 10 5 17 12 10 8 5 19 9 2 15 170 2 6 177 13 9 196 13 10 10 14 15 16 189 3 12 157 19 14 13 154 6 15 19 15 2 197 19 20 2 19 10 18 5 11 20 5 10 7 166 14 14 168 10 19 9 12 18 175 4 160 0 186 11 19 12 13 17 11 187 19 9 4 8 14 3 179 9 7 10 11 6 9 2 9 11 15 13 2 153 183 11 157 20 5 16 9 13 4 15 16 0 10 183 0 16 13 10 16 17 11 15 11 9 3 4 15 157 7 17 7 151 12 176 1 19 10 11 165 9 19 8 165 11 16 14 7 13 2 19 7 4 160 19 3 7 15 7 191 6 17 20 4 7 3 7 164 180 14 17 167 4 5 12 9 181 151 18 4 0 14 0 6 3 1 19 10 4 17 11 0 6 5 8 18 12 13 200 13 194 10 17 18 193 152 8 13 8 4 157 3 4 14 7 181 9 2 5 18 12 15 7 8 16 13 4 1 9 188 160 11 6 4 164 0 200 150 6 14 179 3 8 162 9 18 14 14 14 11 9 7 20 20 7 2 4 151 7 199 11 14 17 15 19 19 17 10 6 6 151 8 180 10 2 167 0 19 10 1 13 11 11 1 12 12 15 14 10 18 6 2 8 14 167 19 9 20 10 159 5 1 7 18 19 19 5 176 196 164 163 168 199 18 15 18 15 188 17 9 13 186 183 20 16 7 195 8 15 163 15 17 3 192 171 191 3 181 14 14 9 5 1 18 18 13 9 20 12 4 4 199 18 185 2 8 6 0 166 14 14 194 6 11 194 177 1 7 1 3 7 9 11 163 13 153 12 2 169 9 6 8 9 11 5 1 14 5 3 170 198 0 13 6 18 173 194 19 19 14 2 17 12 13 2 6 173 2 19 10 0 1 7 15 14 0 175 13 158 161 8 171 15 13 3 12 5 18 8 12 1 3 9 17 0 199 3 11 2 20 14 11 9 18 15 5 1 20 17 12 4 18 10 164 15 7 1 6 3 19 195 10 9 11 17 13 200 9 14 199 7 20 19 196 184 15 20 10 1 5 5 16 3 14 17 1 20 16 12 19 1 19 182 1 5 176 14 16 19 11 9 13 1 11 18 19 9 1 19 164 13 16 154 11 4 10 167 16 13 168 19 156 20 156 10 187 6 189 192 18 9 15 19 20 189 179 17 13 0 12 13 1 12 16 2 8 179 180 3 2 13 12 13 19 12 194 152 187 183 8 8 1 162 2 19 8 153 11 15 14 164 0 20 182 17 185 193 1
978
0 200 88 94 90 90 95 60 117 101 51 100 116 97 93 103 54 113 86 64 87 76 51 93 118 88 54 67 64 75 87 110 74 106 82 111 69 70 117 106 54 97 56 86 56 56 63 56 61 56 105 66 76 88 64 52 83 106 116 115 99 74 50 60 93 60 86 110 104 81 113 97 113 80 97 120 85 115 87 120 83 101 64 120 52 83 98 52 106 51 76 112 60 60 68 95 52 92 94 57 53 81 85 110 81 65 92 67 54 62 80 104 107 76 91 64 76 63 74 60 90 59 70 115 91 103 65 80 53 86 104 86 59 105 59 93 116 118 58 70 74 66 120 92 107 79 94 61 78 100 63 116 78 66 103 102 110 56 113 114 103 88 105 118 62 51 66 77 114 79 80 59 52 104 110 101 99 87 57 96 67 120 69 99 112 62 82 57 115 78 73 109 72 53 71 77 104 69 55 119 80 109 64 55 84 116 73 75 70 70 80 59 90 107 105 72 84 75 110 119 93 93 54 99 73 70 74 89 70 90 65 90 62 101 59 99 63 61 60 70 118 100 59 75 90 67 82 119 77 77 100 114 109 85 117 120 87 78 74 62 104 120 107 107 74 70 100 62 61 75 60 54 51 107 83 55 64 60 111 67 83 117 55 119 67 89 60 86 67 90 117 108 64 96 82 104 56 95 110 86 76 120 77 81 59 82 112 76 52 92 58 102 104 70 68 103 55 116 100 118 56 99 115 91 93 95 91 94 62 91 83 59 103 98 101 96 54 100 103 111 93 67 50 90 64 106 120 57 104 85 102 109 105 58 72 93 105 111 68 74 115 50 71 116 60 61 62 80 86 76 79 83 111 63 57 88 106 100 80 114 94 99 107 69 116 64 106 61 53 120 85 64 105 80 84 51 78 98 76 103 109 116 91 110 57 85 102 68 112 59 100 82 58 107 92 80 117 112 104 102 87 81 88 104 114 86 52 67 86 91 119 53 95 116 94 98 73 77 64 110 99 68 118 116 98 55 63 119 78 53 78 120 118 102 84 119 59 70 106 108 99 94 53 83 52 116 74 70 93 103 80 63 114 87 80 69 114 64 90 89 119 114 106 106 58 80 119 51 77 74 118 108 91 106 64 88 104 62 89 112 109 62 53 73 95 91 80 76 56 117 68 95 76 113 80 58 73 86 104 104 84 95 63 115 66 70 58 84 65 104 80 61 80 51 52 113 116 77 103 97 71 102 71 90 115 86 106 116 78 102 78 97 99 115 90 119 97 51 84 88 61 66 112 95 70 116 70 59 68 53 88 102 58 52 96 92 88 75 91 91 79 119 54 93 76 110 120 54 88 113 120 54 67 60 110 73 107 70 54 82 85 106 57 86 53 65 95 71 101 60 85 72 90 91 95 97 90 120 73 89 65 65 107 88 113 79 85 114 101 107 57 67 90 81 110 119 58 98 85 113 117 90 110 66 67 77 65 63 52 69 79 120 116 88 86 84 65 66 60 112 86 114 69 120 89 81 97 59 100 79 113 62 113 100 73 79 69 100 57 94 76 81 94 100 90 99 114 90 78 91 51 81 54 74 100 84 66 51 120 78 81 55 71 73 58 112 101 62 62 119 110 109 109 120 73 88 72 66 105 88 72 67 116 119 50 113 83 53 66 67 80 55 100 91 110 100 70 115 69 62 61 63 52 104 104 93 106 97 112 89 110 56 98 71 84 92 70 95 116 94 99 88 120 68 50 64 79 99 112 106 111 91 83 104 103 112 104 116 88 95 93 93 110 59 75 74 94 106 85 57 81 64 113 92 104 84 118 117 54 61 86 94 72 68 58 81 72 117 57 100 98 73 80 96 91 81 101 85 101 118 85 64 108 74 103 57 101 115 54 84 57 102 68 105 96 70 112 107 86 62 64 92 106 90 96 89 70 81 58 100 68 84 79 81 95 110 50 112 55 53 86 66 108 118 76 109 98 79 84 88 60 54 111 71 81 58 89 105 81 72 83 64 86 65 84 99 117 56 119 72 115 51 96 82 111 99 62 84 67 62 101 101 83 100 118 84 82 52 104 93 104 73 119 88 95 83 109 81 88 118 58 96 71 117 111 50 114 112 89 114 90 83 57 59 85 75 82 83 82 74 93 58 114 113 104 94 97 59 95 102 109 101 117 106 73 90 110 98 82 111 110 78 84 90 63 54 67 60 92 94 96 116 69 119 84 89 113 200
798
181 63 128 46 33 35 41 53 10 26 57 117 29 149 54 42 152 40 117 184 61 95 94 57 130 53 67 170 196 16 183 10 165 65 28 138 174 160 65 66 73 39 1 144 48 190 10 94 51 89 168 13 145 59 121 186 10 115 17 120 8 142 181 35 56 183 20 142 129 188 80 126 120 190 60 187 183 88 70 60 197 66 38 106 36 92 3 41 28 101 147 154 153 57 26 120 126 104 148 32 107 139 71 53 0 71 145 112 186 16 104 103 51 69 198 64 26 23 51 147 41 40 187 34 17 21 11 125 179 0 186 163 9 180 134 109 12 116 138 110 114 77 63 1 175 122 85 21 44 96 173 186 15 33 58 91 126 6 24 58 155 93 17 170 166 152 80 177 16 98 51 174 95 34 120 128 180 160 133 98 63 158 137 170 153 125 37 121 0 41 130 84 38 15 16 52 70 32 102 165 119 15 173 144 133 154 17 188 174 86 98 100 146 52 158 45 110 68 196 113 106 25 55 157 144 48 183 188 198 51 104 137 159 20 119 118 132 154 31 84 109 200 101 125 143 10 112 121 135 126 139 171 53 131 28 81 52 118 156 66 2 1 156 12 62 52 68 176 19 58 41 141 34 106 38 132 76 109 145 42 129 18 124 53 61 141 109 121 173 128 148 145 151 66 109 118 154 187 189 137 19 166 132 100 86 130 83 83 78 64 89 157 70 162 129 29 45 174 108 174 34 2 113 51 180 118 73 58 146 164 94 38 60 128 110 42 26 34 9 32 199 44 78 172 124 160 105 107 18 50 17 88 86 125 7 143 102 142 88 83 150 148 175 55 92 131 144 122 116 34 13 4 118 39 113 96 154 25 186 101 46 44 45 136 71 162 157 112 150 49 126 85 118 173 69 109 180 183 28 77 46 68 87 148 129 178 99 196 138 10 163 108 187 31 184 116 192 106 166 110 22 134 129 82 125 9 44 146 48 30 93 168 104 45 92 39 17 114 76 35 190 98 3 123 194 196 158 58 9 146 11 152 191 177 60 119 33 140 80 11 6 5 138 88 14 139 180 12 120 126 144 2 91 121 12 66 179 95 18 151 132 182 114 200 164 93 155 91 133 90 156 13 30 129 186 147 180 153 20 102 23 140 71 15 45 171 199 171 94 47 22 24 182 35 199 105 133 134 18 167 182 197 174 99 175 9 131 88 150 8 135 71 198 13 46 115 35 196 182 75 64 74 8 131 154 127 38 65 87 114 115 187 72 20 96 195 98 21 31 156 65 89 200 77 51 188 110 23 15 79 46 70 173 135 132 104 74 50 148 136 136 147 199 75 64 137 97 154 119 33 62 16 59 90 16 50 175 68 6 153 136 92 115 25 88 16 22 104 163 99 142 130 83 163 127 132 151 64 57 151 93 0 113 124 47 129 133 169 84 72 109 86 119 50 180 107 105 129 118 15 194 44 91 67 66 3 32 12 175 176 114 130 49 91 67 136 4 116 179 12 157 80 80 74 71 153 1 37 142 85 9 133 161 167 136 20 8 183 52 81 73 78 8 97 127 46 47 78 78 25 115 197 132 113 24 89 94 182 193 181 186 2 51 6 139 95 107 103 194 126 192 125 125 65 96 86 123 139 46 51 122 83 13 37 0 191 155 7 110 172 167 3 24 93 127 187 152 118 21 111 190 60 63 157 186 200 150 79 107 86 143 1 42 70 78 82 121 182 42 8 151 6 130 23 120 165 140 41 152 32 55 47 74 143 123 163 170 112 14 48 120 200 15 127 146 71 11 200 79 30 197 30 16 184 121 187 92 115
237
78 185 128 154 34 158 99 78 114 21 91 99 48 53 189 161 54 179 7 142 33 197 182 189 126 47 73 5 103 146 45 58 100 56 118 41 150 36 60 161 76 59 35 173 200 172 69 195 192 3 52 14 94 165 83 75 121 20 19 3 89 141 51 196 189 107 17 25 103 90 37 108 149 62 69 78 113 27 15 29 44 51 179 55 176 156 44 28 161 158 16 42 133 112 133 86 181 39 11 17 23 124 4 12 27 82 100 116 28 108 66 48 127 153 155 190 86 10 8 7 104 72 111 119 172 10 181 56 97 12 31 129 87 101 150 34 92 10 52 112 16 28 61 128 11 195 58 140 20 188 27 107 165 142 83 13 115 39 184 65 49 170 142 188 141 16 89 152 88 144 60 134 115 150 134 74 49 170 173 199 66 63 138 162 111 134 117 22 5 74 105 127 127 59 100 126 129 147 24 58 29 152 45 116 130 52 52 170 74 137 198 143 166 176 152 14 156 80 102 66 148 85 195 115 101 49 174 108 177 94 96 80 0 19 136 141 151
197
0 0 0 0 0 0 0 0 0 0 0 0 0 0 0 0 0 0 0 0 0 0 0 0 0 0 0 0 0 0 0 0 0 0 0 0 0 0 0 0 0 0 0 0 0 0 0 0 0 0 0 0 0 0 0 0 0 0 0 0 0 0 0 0 0 0 0 0 0 0 0 0 0 0 0 0 0 0 0 0 0 0 0 0 0 0 0 0 0 0 0 0 0 0 0 0 0 0 0 0 0 0 0 0 0 0 0 0 0 0 0 0 0 0 0 0 0 0 0 0 0 0 0 0 0 0 0 0 0 0 0 0 0 0 0 0 0 0 0 0 0 0 0 0 0 0 0 0 0 0 0 0 0 0 0 0 0 0 0 0 0 0 0 0 0 0 0 0 0 0 0 0 0 0 0 0 0 0 0 0 0 0 0 0 0 0 0 0 0 0 0 0 0 0 0 0 0
884
0 0 0 0 0 0 0 0 0 0 0 0 0 0 0 0 0 0 0 0 0 0 0 0 0 0 0 0 0 0 0 0 0 0 0 0 0 0 0 0 0 0 0 0 0 0 0 0 0 0 0 0 0 0 0 0 0 0 0 0 0 0 0 0 0 0 0 0 0 0 0 0 0 0 0 0 0 0 0 0 0 0 0 0 0 0 0 0 0 0 0 0 0 0 0 0 0 0 0 0 0 0 0 0 0 0 0 0 0 0 0 0 0 0 0 0 0 0 0 0 0 0 0 0 0 0 0 0 0 0 0 0 0 0 0 0 0 0 0 0 0 0 0 0 0 0 0 0 0 0 0 0 0 0 0 0 0 0 0 0 0 0 0 0 0 0 0 0 0 0 0 0 0 0 0 0 0 0 0 0 0 0 0 0 0 0 0 0 0 0 0 0 0 0 0 0 0 0 0 0 0 0 0 0 0 0 0 0 0 0 0 0 0 0 0 0 0 0 0 0 0 0 0 0 0 0 0 0 0 0 0 0 0 0 0 0 0 0 0 0 0 0 0 0 0 0 0 0 0 0 0 0 0 0 0 0 0 0 0 0 0 0 0 0 0 0 0 0 0 0 0 0 0 0 0 0 0 0 0 0 0 0 0 0 0 0 0 0 0 0 0 0 0 0 0 0 0 0 0 0 0 0 0 0 0 0 0 0 0 0 0 0 0 0 0 0 0 0 0 0 0 0 0 0 0 0 0 0 0 0 0 0 0 0 0 0 0 0 0 0 0 0 0 0 0 0 0 0 0 0 0 0 0 0 0 0 0 0 0 0 0 0 0 0 0 0 0 0 0 0 0 0 0 0 0 0 0 0 0 0 0 0 0 0 0 0 0 0 0 0 0 0 0 0 0 0 0 0 0 0 0 0 0 0 0 0 0 0 0 0 0 0 0 0 0 0 0 0 0 0 0 0 0 0 0 0 0 0 0 0 0 0 0 0 0 0 0 0 0 0 0 0 0 0 0 0 0 0 0 0 0 0 0 0 0 0 0 0 0 0 0 0 0 0 0 0 0 0 0 0 0 0 0 0 0 0 0 0 0 0 0 0 0 0 0 0 0 0 0 0 0 0 0 0 0 0 0 0 0 0 0 0 0 0 0 0 0 0 0 0 0 0 0 0 0 0 0 0 0 0 0 0 0 0 0 0 0 0 0 0 0 0 0 0 0 0 0 0 0 0 0 0 0 0 0 0 0 0 0 0 0 0 0 0 0 0 0 0 0 0 0 0 0 0 0 0 0 0 0 0 0 0 0 0 0 0 0 0 0 0 0 0 0 0 0 0 0 0 0 0 0 0 0 0 0 0 0 0 0 0 0 0 0 0 0 0 0 0 0 0 0 0 0 0 0 0 0 0 0 0 0 0 0 0 0 0 0 0 0 0 0 0 0 0 0 0 0 0 0 0 0 0 0 0 0 0 0 0 0 0 0 0 0 0 0 0 0 0 0 0 0 0 0 0 0 0 0 0 0 0 0 0 0 0 0 0 0 0 0 0 0 0 0 0 0 0 0 0 0 0 0 0 0 0 0 0 0 0 0 0 0 0 0 0 0 0 0 0 0 0 0 0 0 0 0 0 0 0 0 0 0 0 0 0 0 0 0 0 0 0 0 0 0 0 0 0 0 0 0 0 0 0 0 0 0 0 0 0 0 0 0 0 0 0 0 0 0 0 0 0 0 0 0 0 0 0 0 0 0 0 0 0 0 0 0 0 0 0 0 0 0 0 0 0 0 0 0 0 0 0 0 0 0 0 0 0 0 0 0 0 0 0 0 0 0 0 0 0 0 0 0 0 0 0 0 0 0 0 0 0 0 0 0 0 0 0 0 0 0 0 0 0 0 0 0 0 0 0 0 0 0 0 0 0 0 0 0 0 0 0 0 0 0 0 0 0 0 0 0 0 0 0 0 0 0 0 0 0 0 0 0 0 0 0 0 0 0 0 0 0 0 0 0 0
325
200 200 200 200 200 200 200 200 200 200 200 200 200 200 200 200 200 200 200 200 200 200 200 200 200 200 200 200 200 200 200 200 200 200 200 200 200 200 200 200 200 200 200 200 200 200 200 200 200 200 200 200 200 200 200 200 200 200 200 200 200 200 200 200 200 200 200 200 200 200 200 200 200 200 200 200 200 200 200 200 200 200 200 200 200 200 200 200 200 200 200 200 200 200 200 200 200 200 200 200 200 200 200 200 200 200 200 200 200 200 200 200 200 200 200 200 200 200 200 200 200 200 200 200 200 200 200 200 200 200 200 200 200 200 200 200 200 200 200 200 200 200 200 200 200 200 200 200 200 200 200 200 200 200 200 200 200 200 200 200 200 200 200 200 200 200 200 200 200 200 200 200 200 200 200 200 200 200 200 200 200 200 200 200 200 200 200 200 200 200 200 200 200 200 200 200 200 200 200 200 200 200 200 200 200 200 200 200 200 200 200 200 200 200 200 200 200 200 200 200 200 200 200 200 200 200 200 200 200 200 200 200 200 200 200 200 200 200 200 200 200 200 200 200 200 200 200 200 200 200 200 200 200 200 200 200 200 200 200 200 200 200 200 200 200 200 200 200 200 200 200 200 200 200 200 200 200 200 200 200 200 200 200 200 200 200 200 200 200 200 200 200 200 200 200 200 200 200 200 200 200 200 200 200 200 200 200 200 200 200 200 200 200 200 200 200 200 200 200 200 200 200 200 200 200
190
42 139 200 42 42 139 42 166 139 113 200 200 113 139 200 200 113 166 166 166 42 139 42 42 166 166 200 42 200 200 113 166 166 200 42 113 139 200 139 113 42 166 139 200 113 200 42 113 200 139 166 113 200 139 113 166 42 166 113 200 113 113 139 200 139 113 166 200 42 113 42 42 200 200 200 113 166 166 139 166 166 113 113 166 42 42 166 139 139 166 139 166 166 166 42 42 166 42 113 139 42 113 166 166 166 42 200 139 42 166 200 113 166 42 42 113 166 113 42 42 139 200 113 42 113 42 139 113 166 113 42 139 113 139 200 139 139 200 166 166 42 113 139 139 139 166 42 42 200 42 42 139 200 139 200 42 200 139 200 113 166 139 113 42 166 200 113 42 113 166 42 42 113 42 42 42 42 166 113 139 42 200 113 139 113 113 113 139 113 42
523
0 200 53 80 57 78 52 96 103 53 109 103 58 99 93 55 98 71 89 63 69 93 83 63 70 72 54 62 90 86 80 77 63 113 110 75 54 88 78 62 65 84 57 81 51 82 102 113 51 116 112 77 106 76 64 90 57 52 96 110 55 118 93 72 73 51 50 96 52 69 87 92 72 104 50 83 91 85 52 117 69 52 67 117 75 117 87 116 79 79 86 73 112 109 61 116 115 80 77 83 53 109 83 99 90 118 76 65 110 112 106 117 81 103 51 81 86 56 81 77 120 64 63 55 99 50 68 60 65 64 59 118 119 116 88 120 59 108 109 59 98 73 82 52 88 65 115 111 60 78 119 63 101 70 109 77 120 51 62 119 79 59 56 94 63 56 88 69 96 117 97 106 78 106 65 87 112 56 114 75 61 90 98 97 94 69 58 81 68 103 97 104 93 75 56 102 118 101 112 62 64 66 86 65 92 99 107 64 116 54 58 109 52 109 70 71 95 55 54 67 89 76 97 66 100 72 78 86 113 64 86 112 115 111 105 103 79 107 97 91 60 87 66 93 95 85 51 92 109 120 62 64 82 81 72 112 89 56 66 72 91 119 85 53 111 98 97 65 106 115 54 107 90 113 102 99 85 63 95 57 93 102 102 55 102 112 96 110 54 75 50 79 87 80 103 70 69 92 120 115 109 80 112 93 64 106 56 81 94 100 52 67 77 74 85 75 84 70 113 67 97 108 73 73 111 74 94 66 108 109 82 88 54 91 56 94 68 106 91 70 106 100 108 96 86 106 91 81 86 88 120 90 87 88 110 58 58 120 113 74 50 62 93 97 105 64 87 78 52 71 64 77 97 86 64 91 67 90 68 112 108 112 83 72 104 74 74 65 92 106 96 102 103 104 105 85 111 71 58 55 64 104 58 118 55 91 115 73 104 85 100 75 87 93 103 115 96 66 68 56 54 87 110 59 67 115 78 109 100 51 86 104 107 64 115 53 65 81 75 61 75 116 118 118 116 77 85 72 75 114 66 95 110 90 52 118 83 79 55 116 64 91 95 66 79 102 72 75 108 112 110 73 52 102 116 86 114 57 74 104 53 74 87 70 70 80 56 70 120 59 71 58 109 52 85 114 115 95 105 115 113 91 84 107 92 109 111 51 111 113 78 55 78 77 91 90 72 78 70 94 112 100 200
169
1 14 0 0 7 18 14 1 14 10 16 12 15 10 19 11 14 18 20 9 0 3 19 16 7 10 7 5 12 10 14 7 10 0 2 12 20 3 19 2 17 18 3 3 9 18 19 18 6 12 11 20 7 7 15 18 11 20 11 19 19 10 4 18 0 11 8 13 6 10 18 10 9 8 3 17 1 17 0 10 3 3 4 6 19 11 11 4 19 0 15 13 3 14 6 16 0 12 16 13 20 11 3 3 0 13 0 14 1 14 5 15 9 14 5 6 9 14 7 20 0 8 18 0 5 19 7 5 15 7 11 0 3 7 9 11 9 12 6 5 19 16 16 0 8 2 9 3 8 8 0 7 18 19 11 16 14 12 5 6 5 3 11 0 3 12 5 9 9
525
200 200 200 200 200 200 200 200 200 200 200 200 200 200 200 200 200 200 200 200 200 200 200 200 200 200 200 200 200 200 200 200 200 200 200 200 200 200 200 200 200 200 200 200 200 200 200 200 200 200 200 200 200 200 200 200 200 200 200 200 200 200 200 200 200 200 200 200 200 200 200 200 200 200 200 200 200 200 200 200 200 200 200 200 200 200 200 200 200 200 200 200 200 200 200 200 200 200 200 200 200 200 200 200 200 200 200 200 200 200 200 200 200 200 200 200 200 200 200 200 200 200 200 200 200 200 200 200 200 200 200 200 200 200 200 200 200 200 200 200 200 200 200 200 200 200 200 200 200 200 200 200 200 200 200 200 200 200 200 200 200 200 200 200 200 200 200 200 200 200 200 200 200 200 200 200 200 200 200 200 200 200 200 200 200 200 200 200 200 200 200 200 200 200 200 200 200 200 200 200 200 200 200 200 200 200 200 200 200 200 200 200 200 200 200 200 200 200 200 200 200 200 200 200 200 200 200 200 200 200 200 200 200 200 200 200 200 200 200 200 200 200 200 200 200 200 200 200 200 200 200 200 200 200 200 200 200 200 200 200 200 200 200 200 200 200 200 200 200 200 200 200 200 200 200 200 200 200 200 200 200 200 200 200 200 200 200 200 200 200 200 200 200 200 200 200 200 200 200 200 200 200 200 200 200 200 200 200 200 200 200 200 200 200 200 200 200 200 200 200 200 200 200 200 200 200 200 200 200 200 200 200 200 200 200 200 200 200 200 200 200 200 200 200 200 200 200 200 200 200 200 200 200 200 200 200 200 200 200 200 200 200 200 200 200 200 200 200 200 200 200 200 200 200 200 200 200 200 200 200 200 200 200 200 200 200 200 200 200 200 200 200 200 200 200 200 200 200 200 200 200 200 200 200 200 200 200 200 200 200 200 200 200 200 200 200 200 200 200 200 200 200 200 200 200 200 200 200 200 200 200 200 200 200 200 200 200 200 200 200 200 200 200 200 200 200 200 200 200 200 200 200 200 200 200 200 200 200 200 200 200 200 200 200 200 200 200 200 200 200 200 200 200 200 200 200 200 200 200 200 200 200 200 200 200 200 200 200 200 200 200 200 200 200 200 200 200 200 200 200 200 200 200 200 200 200 200 200 200 200 200 200 200 200 200 200 200 200 200 200 200 200 200 200 200
339
19 124 24 165 26 7 148 187 194 12 24 35 13 15 151 122 111 33 54 159 166 83 175 94 162 22 155 119 36 186 25 188 53 124 5 110 77 126 154 24 67 194 168 151 72 135 21 161 173 189 136 15 92 107 182 10 150 32 80 75 72 87 45 144 117 8 186 86 80 131 79 55 14 9 184 12 86 64 26 96 147 165 32 4 134 113 88 153 48 196 101 78 38 9 72 57 166 200 21 148 77 128 146 58 196 142 146 178 35 42 114 113 192 61 87 49 70 92 16 97 173 151 47 57 37 7 135 108 36 81 115 111 173 45 56 56 123 145 11 41 151 3 173 32 200 72 135 127 128 26 13 168 135 71 22 53 191 52 155 195 157 87 17 159 146 75 131 95 188 25 193 162 138 53 147 144 47 68 165 34 196 178 5 174 81 129 190 46 113 26 30 5 103 184 11 130 192 199 29 44 137 34 192 43 118 49 85 173 154 55 193 118 135 92 65 15 30 4 38 52 41 124 5 153 67 17 196 134 81 181 49 30 109 59 130 193 114 58 165 34 184 127 71 175 124 36 120 149 183 87 132 142 56 137 32 115 109 149 80 64 129 182 183 116 75 111 153 63 187 115 176 69 96 111 85 142 97 33 155 67 31 82 69 93 4 143 73 44 104 65 72 133 21 62 110 102 172 178 177 82 88 180 31 47 35 97 108 109 56 77 66 69 19 5 198 193 87 73 164 25 99 53 162 160 144 30 158 65 116 59 48 22 192 174 46 198 117 112 107
866
0 200 96 98 59 56 100 107 114 71 54 107 63 96 105 61 84 68 115 52 83 65 120 107 90 62 115 111 93 88 65 114 70 80 96 114 83 107 113 54 116 52 84 68 120 110 84 67 97 96 91 95 77 66 68 109 90 69 83 85 64 70 69 82 66 82 71 64 56 77 63 54 62 61 79 61 102 70 80 107 104 66 70 70 116 120 67 89 79 107 116 78 89 113 87 83 90 110 120 115 100 76 91 55 102 108 114 109 66 73 52 107 115 105 57 89 117 67 115 55 63 109 109 98 106 118 114 118 70 108 86 62 82 60 109 103 76 56 94 71 99 112 108 110 97 71 98 61 80 111 111 93 64 100 109 84 81 114 88 110 73 96 83 67 101 95 120 54 85 98 74 99 112 76 105 93 100 117 120 63 54 88 99 88 104 108 117 62 79 120 111 71 69 103 62 100 109 92 82 62 88 63 110 78 56 77 63 114 55 52 93 104 99 62 84 111 118 81 84 91 53 107 111 115 79 50 69 104 95 101 59 104 117 85 92 101 76 109 109 89 94 52 59 76 115 82 103 52 109 115 105 58 75 51 56 113 120 89 72 64 115 112 51 97 75 115 100 92 106 115 65 58 93 65 97 72 111 59 117 116 85 115 116 105 67 77 80 61 88 76 61 111 67 118 67 96 67 116 96 76 51 114 110 77 64 96 98 88 101 57 114 69 109 56 65 95 90 101 94 59 118 58 85 109 89 100 60 110 87 99 53 89 74 69 96 103 110 109 63 62 86 114 114 50 63 67 90 88 92 94 77 87 66 102 85 111 83 81 93 91 84 67 92 113 85 104 75 115 53 84 58 100 64 68 95 87 108 96 73 108 77 50 74 55 93 106 58 101 102 63 75 80 101 89 99 82 99 69 83 86 73 55 95 120 91 107 73 52 66 115 115 76 118 110 80 107 100 111 86 67 77 60 88 118 108 50 63 118 108 78 63 61 79 82 57 93 79 106 91 97 79 80 116 97 113 103 77 90 62 50 94 119 85 101 87 120 74 81 86 119 117 119 61 102 59 102 76 74 57 62 60 58 95 72 84 86 108 58 81 118 95 55 94 59 59 69 120 82 106 86 107 58 95 52 92 99 99 118 51 91 69 95 116 114 84 111 70 104 68 60 110 88 111 81 66 67 112 71 94 96 83 98 66 110 112 63 85 66 52 63 50 61 85 59 95 113 79 73 101 108 52 57 84 94 99 62 69 91 75 53 117 118 66 69 119 72 101 64 114 108 113 61 64 99 108 116 65 67 120 73 70 103 68 115 55 114 82 108 104 66 110 59 74 91 116 52 70 52 105 71 66 96 96 83 63 85 58 116 81 98 76 97 74 85 114 100 119 69 53 105 93 107 112 105 64 67 88 104 59 79 117 62 78 78 75 90 82 58 91 112 110 116 94 61 61 93 66 107 55 89 50 105 99 61 82 88 109 115 94 79 79 63 97 83 112 106 103 89 75 100 54 102 115 91 64 104 104 50 63 60 82 64 77 120 110 107 60 65 56 115 91 115 64 100 71 114 85 107 76 90 67 103 53 119 86 119 74 104 87 64 96 91 99 103 116 54 109 70 99 107 92 113 89 60 66 90 59 120 96 51 95 106 83 107 120 93 105 53 95 103 114 118 53 113 76 105 110 112 108 87 88 96 99 90 92 66 75 101 55 64 116 66 74 74 76 112 53 94 118 61 94 73 112 89 116 91 116 71 109 87 79 93 90 71 53 89 81 50 71 105 113 93 94 61 84 101 94 59 60 82 79 90 93 87 113 99 94 66 64 56 85 68 54 87 118 78 82 85 62 78 57 79 55 50 99 110 110 87 63 112 72 64 94 118 50 101 94 57 66 51 108 84 80 59 90 52 91 113 52 120 84 101 86 61 95 79 111 75 56 119 85 111 113 114 74 93 82 117 64 78 92 52 71 93 97 200
386
14 187 14 0 14 5 13 9 16 7 17 1 10 11 150 195 4 18 7 163 4 20 11 15 165 7 8 179 14 9 14 20 11 10 4 9 12 163 198 0 8 15 10 6 5 171 4 11 9 16 20 8 8 0 19 18 7 13 8 11 11 173 166 6 2 20 12 14 10 6 6 14 4 197 15 13 153 8 6 19 191 13 0 5 2 18 3 17 5 7 5 181 19 7 155 4 15 9 3 20 14 12 174 3 18 187 9 17 14 18 8 14 1 167 10 4 3 6 5 12 188 14 0 11 177 1 7 4 10 18 14 10 9 4 14 7 19 4 12 2 170 185 19 5 17 13 186 2 6 16 191 15 184 19 5 173 181 10 7 10 6 15 19 16 169 11 194 175 9 2 179 2 151 16 7 14 0 9 7 9 17 10 14 14 1 13 150 173 19 7 6 197 163 5 150 18 9 190 166 11 14 173 159 14 16 185 14 5 184 3 173 10 17 6 194 8 9 8 189 0 12 173 7 9 8 6 193 7 162 169 15 8 11 16 15 168 8 17 12 152 168 7 165 19 1 12 4 12 160 8 18 1 1 1 12 190 11 19 14 4 196 11 18 198 17 16 2 16 16 15 8 4 178 7 10 0 1 15 5 14 6 163 12 10 166 4 6 12 12 2 16 12 9 4 18 0 0 168 12 12 4 12 0 10 20 20 19 198 4 173 187 167 10 9 180 171 16 4 6 10 1 179 4 19 11 183 165 15 18 12 2 187 3 11 7 196 11 178 8 0 16 182 178 20 0 8 183 5 10 7 16 14 7 0 9 167 20 167 8 18 196 18 9 5 6 18 186 13 10 10 6 15 20 7 19 14 159 0 8 12 2 7 1 196 9 17
128
59 59 121 121 121 121 59 121 121 59 59 121 121 59 59 121 59 59 121 121 121 59 59 121 59 59 59 121 121 59 59 121 121 121 59 121 59 121 59 59 121 59 121 59 121 59 59 121 121 59 59 121 59 59 59 59 121 121 59 121 121 121 121 59 121 59 59 59 121 59 121 59 59 121 121 59 59 121 59 121 59 121 59 59 59 121 121 121 121 59 121 121 59 59 59 121 121 121 121 59 59 121 121 59 121 59 121 121 59 121 121 121 121 121 59 59 121 121 59 59 59 121 121 59 121 121 59 59
165
8 19 19 13 17 18 14 5 12 7 9 17 5 15 3 12 10 1 9 14 10 19 17 8 0 1 15 8 2 2 6 17 2 7 17 16 3 3 12 11 0 12 7 7 11 17 12 17 18 16 15 2 17 1 4 15 2 9 13 4 1 16 18 2 18 8 6 16 14 15 3 19 18 11 9 9 14 20 14 6 11 20 1 4 11 17 9 7 6 14 9 2 2 8 9 2 7 3 8 7 18 18 1 18 14 7 13 6 13 13 6 14 14 0 10 12 14 10 9 10 9 4 20 7 8 20 8 17 14 5 20 18 15 7 4 17 7 12 16 14 0 8 3 1 0 4 18 15 0 2 9 13 19 1 6 5 7 5 3 16 11 14 15 16 9
957
176 36 143 117 117 117 76 76 117 117 137 176 176 36 176 176 76 76 176 143 76 36 117 117 117 76 176 36 176 137 143 176 137 143 117 117 143 76 117 76 117 36 117 176 137 36 76 137 143 76 143 76 176 176 137 117 36 117 143 76 36 117 176 76 76 176 76 137 143 76 36 143 117 176 176 143 36 176 143 117 36 137 143 143 36 143 176 36 176 76 36 76 176 176 117 137 176 117 36 137 137 143 176 76 137 36 176 76 176 117 76 117 143 137 117 117 36 117 76 176 36 117 76 36 176 117 143 176 137 143 76 143 137 36 176 117 176 176 143 143 36 36 76 137 137 117 36 176 76 137 143 137 117 117 76 117 143 117 117 143 76 117 117 76 117 137 117 76 143 176 117 137 36 137 176 76 36 117 143 176 117 76 176 76 36 117 137 36 176 137 36 76 176 137 176 143 76 176 137 143 36 36 36 143 76 117 176 117 76 117 117 76 137 143 36 137 143 137 137 76 36 76 137 117 176 117 143 143 76 137 176 117 143 76 176 137 76 176 176 117 137 36 143 176 76 36 137 137 36 176 176 176 137 137 137 137 137 176 117 76 36 176 117 176 36 36 176 137 76 76 137 76 137 176 143 137 36 76 36 76 176 36 176 143 137 117 137 143 36 117 143 117 143 143 76 137 117 176 117 36 176 36 36 117 117 36 117 76 137 36 117 137 76 176 143 137 36 143 117 176 117 176 137 143 117 176 137 36 137 143 76 36 117 176 117 137 36 143 76 176 117 117 176 143 36 117 76 76 137 36 137 137 143 137 36 36 143 143 76 143 76 117 117 137 36 137 137 117 176 137 143 117 76 143 117 36 76 143 117 117 137 117 36 36 176 36 76 117 137 176 117 176 117 143 76 76 76 117 137 117 117 143 137 176 76 117 76 176 137 143 117 117 36 143 36 36 137 176 143 36 76 36 117 137 143 143 137 176 36 137 143 137 36 143 76 117 76 117 36 137 176 117 76 176 76 36 76 36 117 117 176 76 143 176 76 76 137 36 76 117 36 137 176 176 36 137 76 176 176 76 143 117 76 176 36 36 117 76 143 176 117 137 76 143 176 137 117 176 143 117 137 143 76 143 76 137 137 117 76 176 143 176 137 143 137 137 137 76 76 36 176 36 176 117 176 76 137 137 36 117 143 143 176 137 137 137 76 36 117 176 117 36 176 176 36 76 36 143 117 76 137 137 176 76 36 76 36 143 36 76 176 137 137 137 143 176 36 176 36 76 137 143 36 176 36 143 36 176 117 176 176 176 36 176 143 36 143 36 117 143 117 36 76 143 117 176 176 137 176 76 143 117 36 76 76 117 117 76 117 176 143 143 117 137 117 176 143 143 143 137 137 36 143 176 143 137 143 143 143 143 137 143 36 36 137 76 76 137 137 76 176 137 76 76 117 117 76 176 76 143 137 143 76 76 176 176 137 143 117 36 143 36 36 36 176 176 117 76 143 117 36 143 117 36 176 143 36 36 176 176 176 137 36 137 117 76 137 76 76 76 143 137 137 36 117 137 137 176 117 176 76 143 137 143 117 117 76 176 143 36 143 36 36 117 176 137 76 176 137 76 176 76 36 137 176 117 137 76 36 76 143 76 176 36 176 137 143 117 176 143 76 137 76 36 137 76 117 36 176 137 76 36 36 143 76 117 36 36 76 143 137 176 143 137 117 36 36 143 176 176 143 143 36 176 76 36 76 143 137 36 137 36 76 76 36 143 76 137 36 137 137 176 76 117 36 117 176 176 117 137 117 36 137 117 137 176 76 137 76 76 36 137 117 117 36 176 36 176 143 143 176 143 117 176 76 76 143 76 36 143 143 143 117 137 176 176 137 176 117 143 76 143 117 117 117 137 117 117 176 36 137 117 76 36 117 176 76 143 76 137 137 137 117 176 143 117 76 117 143 176 176 176 143 176 36 143 137 176 36 137 176 137 36 137 36 176 137 36 76 137 117 76 76 143 143 117 143 76 176 137 117 143 36 117 76 76 76 36 76 137 137 117 176 36 36 143 143 117 143 76 143 137 137 143 137 143 36 117 76 117 143 137 117 117 176 117 176 117 143 176 76 117 36 176 117 137 36 137 176 143 117 117 36 36 143 143 36 76 176 137 36 176 117 137 137 176 36
934
192 33 62 97 97 33 62 192 192 97 97 97 33 62 97 192 152 97 192 97 152 62 97 192 62 33 33 62 192 97 97 192 192 152 62 192 192 33 152 33 192 62 152 192 62 62 152 33 192 33 97 62 62 192 97 192 62 33 97 97 97 33 97 192 62 152 33 192 192 152 62 192 33 33 97 62 62 62 192 62 192 152 62 33 192 62 62 152 33 192 97 152 62 62 97 152 33 33 62 152 62 192 97 97 97 192 152 152 33 152 33 33 62 97 62 62 97 62 152 97 97 97 62 97 62 62 152 192 62 97 152 97 33 192 33 33 97 97 152 62 152 33 97 97 33 33 192 152 62 97 97 62 33 152 62 33 152 62 62 97 33 192 62 62 33 62 152 97 152 192 192 62 33 62 152 62 62 62 97 192 152 62 62 62 62 152 33 152 62 152 62 152 62 33 97 62 33 97 62 33 192 97 152 97 97 62 62 62 33 192 33 192 152 97 152 33 33 192 192 62 192 97 33 97 192 152 62 33 62 62 97 192 62 152 33 192 33 152 152 97 192 192 33 97 97 152 33 152 152 62 97 152 33 33 62 33 152 152 152 152 152 33 152 62 62 62 192 152 62 97 62 192 152 62 62 152 152 33 62 192 33 192 152 192 97 97 33 192 97 152 97 152 97 33 33 152 192 62 152 152 97 62 192 152 97 62 192 33 62 97 97 97 192 152 97 62 33 97 33 192 97 152 62 62 97 33 97 33 33 152 192 33 152 97 33 62 97 62 192 152 97 192 33 62 97 152 192 192 152 97 152 62 192 62 33 152 152 192 33 192 97 152 33 62 152 192 152 33 33 97 62 97 152 33 62 152 97 97 33 192 33 152 97 152 33 192 62 62 62 97 97 62 97 33 97 97 152 152 97 97 152 97 97 97 62 152 97 62 62 152 97 33 192 62 33 97 33 152 152 33 62 192 62 192 152 33 97 152 62 192 192 62 33 62 192 97 152 62 33 192 62 97 97 97 62 33 33 152 62 62 62 152 152 62 192 62 192 152 62 152 33 192 97 33 152 152 62 33 62 33 62 62 192 97 192 192 97 62 62 192 152 97 192 97 33 62 62 97 192 62 152 152 62 192 33 152 192 192 62 97 152 97 97 152 97 152 62 152 192 152 192 97 97 152 192 192 97 152 152 33 97 192 97 97 62 192 97 97 152 62 33 152 62 62 33 152 33 33 62 33 97 33 97 33 152 62 62 97 62 192 33 152 192 192 33 33 62 152 97 62 33 97 62 192 97 97 192 97 192 97 192 97 97 97 192 33 152 152 192 97 62 152 192 97 152 62 152 97 97 62 62 62 192 192 192 192 152 33 192 33 62 192 152 33 33 192 97 33 97 152 192 97 33 97 62 97 152 97 33 152 97 97 152 62 97 33 62 97 62 97 97 192 192 62 33 62 152 62 152 33 33 62 192 62 97 33 192 62 33 62 97 152 152 33 33 62 62 97 97 152 33 62 152 62 62 62 192 97 33 62 152 192 192 62 97 33 62 152 62 62 33 152 192 62 152 152 192 152 152 62 97 62 192 33 33 33 152 152 33 62 152 33 192 192 62 62 97 152 62 97 97 152 97 97 97 33 192 62 192 33 62 152 192 33 97 62 97 97 97 192 152 62 62 33 152 192 192 192 33 192 97 192 97 62 152 192 97 62 192 33 152 192 62 192 97 33 33 152 192 97 62 192 152 97 97 33 97 62 62 192 192 192 152 62 97 152 152 152 62 62 152 62 33 33 192 33 33 62 62 62 33 33 152 152 97 33 97 192 192 152 33 33 62 97 33 192 33 152 97 152 33 62 152 62 62 97 192 62 152 192 33 152 152 97 152 192 192 152 97 33 192 97 192 33 62 62 62 33 192 97 192 152 152 192 97 152 97 192 97 33 192 152 152 62 97 33 33 33 192 33 192 33 97 33 97 97 97 97 192 192 152 152 97 33 152 62 192 62 192 152 62 152 62 192 97 33 97 97 62 62 192 152 97 62 62 97 62 97 192 33 192 97 152 152 33 152 33 33 152 33 192 192 33 152 97 33 192 97 97 152 62 192 152 33 33 152 152 192 152 152 192 97 97 152
273
19 196 14 5 12 17 0 167 11 18 12 6 18 4 7 161 11 6 12 182 17 178 12 16 178 15 10 4 9 13 18 18 16 7 11 12 1 11 155 8 6 20 5 2 8 196 18 8 18 12 157 174 16 4 182 20 17 17 16 163 152 19 12 19 9 10 12 20 4 5 16 0 1 199 15 9 156 18 157 14 152 17 176 9 1 4 16 155 20 162 152 0 7 9 181 8 20 168 2 11 199 6 169 6 15 18 13 18 20 200 8 18 7 162 10 11 9 4 183 13 180 19 12 8 3 9 18 157 10 9 164 4 14 5 9 198 10 156 152 19 0 13 0 157 3 19 2 169 2 0 17 7 8 7 11 18 14 162 10 1 7 8 8 3 5 14 20 18 10 200 5 3 181 1 18 3 10 5 2 6 7 8 16 0 174 10 14 17 190 174 197 14 191 13 5 10 20 13 17 0 9 3 19 8 170 17 3 15 3 171 13 158 3 16 12 166 3 184 13 10 7 19 20 7 11 173 197 10 7 151 10 14 10 3 177 0 200 169 6 155 0 14 20 19 175 5 0 13 13 10 0 170 4 8 4 19 13 20 4 17 7 13 15 14 7 1 170 11 2 11 10 1 5
779
49 18 119 68 120 87 110 186 85 2 96 72 67 79 144 142 183 27 134 24 31 35 105 112 18 170 180 173 10 93 64 146 39 76 45 77 162 98 42 120 9 48 169 105 120 53 196 62 7 4 97 136 87 27 172 191 94 149 123 190 171 140 91 17 44 39 165 181 26 196 23 114 125 197 104 84 190 50 44 107 37 2 191 71 95 61 120 198 193 37 79 191 40 101 104 154 160 184 1 186 154 151 15 22 93 195 142 18 84 121 182 98 121 130 169 15 148 172 126 137 188 154 52 87 198 62 47 107 60 188 43 79 93 191 117 122 72 80 62 134 144 192 0 123 118 127 190 86 179 99 110 101 87 187 160 102 20 171 8 152 3 181 104 41 146 174 130 118 137 139 197 106 166 44 138 139 61 108 151 54 4 89 102 13 178 190 162 136 83 13 28 180 27 75 47 131 33 199 46 2 91 114 105 59 135 91 86 75 74 69 187 80 177 183 187 130 66 14 15 184 138 191 147 128 58 165 167 113 59 78 47 70 172 16 18 125 44 39 112 193 45 89 78 104 151 71 94 96 127 68 142 24 181 150 152 135 1 127 8 200 128 117 104 190 52 192 119 199 133 85 14 186 24 181 155 25 51 149 30 174 4 37 97 26 133 125 118 152 105 185 178 168 195 6 72 73 164 117 65 64 70 192 161 89 32 126 164 99 170 63 41 162 100 168 132 68 151 22 177 185 0 63 161 157 159 66 177 193 160 119 88 110 17 37 177 134 196 122 160 183 162 55 117 85 181 8 199 86 73 51 80 158 119 34 147 176 67 32 58 174 40 19 88 129 53 59 178 10 43 53 43 34 182 153 168 78 141 42 63 107 191 85 178 139 188 94 14 46 141 85 106 29 146 37 52 109 113 87 65 116 157 37 57 16 84 171 156 88 156 145 14 75 53 49 88 196 196 71 43 27 53 141 145 127 14 88 166 164 101 52 36 141 49 120 191 164 131 67 0 168 172 82 47 78 100 145 158 44 194 118 86 11 177 158 128 85 117 106 60 111 13 138 91 200 145 67 133 188 191 49 35 120 6 16 139 121 125 86 139 8 193 35 144 88 108 151 25 159 1 154 144 128 28 181 43 48 11 100 29 13 61 146 130 156 100 193 55 168 127 197 12 129 47 41 8 45 117 182 141 134 150 65 139 119 20 154 8 117 93 176 179 67 186 169 36 24 52 105 123 160 69 139 131 74 154 116 74 51 140 161 3 97 149 29 162 43 190 98 122 175 97 84 8 64 63 186 88 151 187 172 108 46 63 119 149 166 82 184 191 195 63 61 95 175 178 80 122 97 11 141 190 37 41 50 16 93 12 107 29 185 8 81 181 53 14 120 150 25 53 18 16 180 22 12 109 37 47 41 139 60 4 192 31 168 68 43 138 127 84 197 98 149 83 85 138 126 75 100 16 96 91 111 12 196 157 44 87 121 172 103 135 193 58 120 59 116 182 59 35 126 88 179 139 123 38 27 162 86 48 143 174 149 145 76 124 141 194 45 84 121 145 144 199 145 171 31 7 25 10 133 77 57 75 176 115 177 54 188 23 76 190 180 173 88 194 175 90 57 73 137 163 94 7 171 53 86 76 86 188 198 95 23 74 106 168 31 192 175 113 151 82 137 81 43 92 177 89 9 108 177 138 86 172 106 168 37 135 111 91 163 187 69 135 125 84 94 114 38 135 5 190 169 94 50 134 148 74 120 30 91 128 33 130 177 12 177 122 40 158
904
3 0 18 6 3 18 3 9 16 18 16 11 178 2 7 182 2 2 1 176 150 16 10 191 161 18 1 18 13 8 5 9 15 178 7 9 179 3 194 153 12 16 20 3 2 151 153 7 196 20 11 8 13 0 183 10 4 17 1 192 2 169 1 0 16 19 175 175 189 20 3 11 3 159 3 1 17 12 168 1 0 14 7 19 19 3 13 12 13 2 8 1 166 177 8 4 7 158 18 11 13 13 4 12 17 20 17 192 19 16 11 12 171 0 7 174 20 11 6 11 8 1 19 6 186 1 5 167 11 200 190 11 19 196 7 155 10 13 12 6 13 10 5 16 18 20 179 9 6 15 16 7 6 17 8 2 18 9 7 17 6 199 20 193 170 6 13 12 14 9 4 18 10 5 14 13 7 8 12 17 11 3 6 3 2 14 14 188 13 13 4 153 1 15 14 20 20 156 20 18 9 5 172 155 7 4 180 14 20 159 5 12 6 20 187 10 6 4 4 5 200 11 189 5 200 163 8 16 170 15 9 8 9 188 18 18 174 9 1 156 162 19 9 17 14 150 0 19 182 12 20 181 7 2 8 13 17 2 153 174 7 6 11 9 20 18 1 5 185 4 20 4 5 18 8 6 10 8 5 5 4 11 12 168 9 3 194 7 0 2 178 18 4 12 166 159 20 6 20 186 6 15 5 8 11 154 11 15 5 9 20 1 169 175 13 18 8 2 17 17 16 14 17 9 17 10 14 18 0 154 186 2 6 1 6 11 20 175 167 20 4 2 8 4 15 1 14 151 6 0 15 15 160 1 3 154 1 0 13 18 10 6 191 11 9 190 20 15 16 153 189 192 11 14 17 12 159 9 3 2 8 14 6 1 17 165 11 172 19 6 188 4 17 14 5 13 12 17 10 2 178 16 1 19 4 13 0 20 12 3 3 17 19 13 0 18 14 6 164 9 9 150 19 20 5 167 18 166 1 4 18 11 13 3 10 168 11 20 7 19 11 0 18 11 5 6 169 17 157 4 13 3 8 7 17 19 7 0 155 14 11 20 5 10 3 14 15 3 3 18 13 16 20 0 7 15 18 0 0 3 9 14 10 2 5 162 20 187 15 19 2 153 7 6 1 20 2 8 180 185 0 170 5 12 16 13 188 2 5 10 4 173 17 10 164 3 0 3 3 0 12 3 13 14 9 168 12 5 11 9 188 12 11 183 181 2 6 5 179 2 17 19 4 178 196 11 15 20 2 17 7 1 3 174 20 0 182 3 10 0 14 13 7 17 16 13 2 4 3 182 10 8 2 11 18 197 0 13 6 12 6 4 3 1 17 17 11 2 14 19 4 11 164 19 182 19 13 11 17 7 2 7 0 4 15 8 0 13 7 196 16 12 0 184 1 11 7 1 15 6 18 11 6 197 14 2 10 5 8 7 3 0 13 6 12 153 16 13 5 18 5 193 1 178 9 1 17 3 1 7 2 17 15 15 0 11 15 179 9 14 20 10 9 195 193 11 8 5 10 18 14 11 187 16 17 169 18 11 20 16 15 4 13 150 12 15 2 176 195 7 173 0 10 180 11 10 2 20 8 11 18 3 16 5 3 4 0 7 19 19 5 5 186 13 11 5 16 159 19 15 16 2 18 14 14 192 14 9 8 159 177 10 17 6 19 191 197 13 17 2 13 19 191 7 156 2 14 188 4 160 6 5 14 190 0 15 6 13 7 6 3 14 0 4 19 2 10 3 13 11 14 195 13 8 1 2 20 12 0 19 5 15 160 10 16 6 5 19 17 12 1 199 3 14 3 10 2 16 14 155 14 3 5 13 20 1 9 15 18 15 6 7 2 15 3 161 6 14 6 7 1 0 183 2 12 11 6 15 168 1 191 14 16 0 0 16 11 12 20 14 11 181 5 160 17 189 4 14 11 7 173 6 15 16 184 1 16 16 13 0 11 167 15 166 10 14 7 0 19 159 18 12 1 7 18 11 8 3 1 10 7 12 8 8 6 170 14 1 2 16 14 11 5 154 7 9 18 3 5 172 16 17 10 8
446
70 20 198 170 124 70 20 198 20 170 20 70 20 20 170 20 198 70 198 124 20 198 70 70 20 20 170 70 70 20 70 170 124 198 198 198 70 198 170 170 124 170 70 170 170 198 20 198 20 170 70 198 124 198 198 198 20 70 20 170 170 170 124 70 198 70 198 198 198 20 70 198 124 124 70 170 170 170 198 170 124 198 20 20 198 20 70 70 198 124 20 70 70 170 198 70 198 20 70 20 124 198 198 124 70 170 124 170 124 124 20 198 70 170 124 20 170 124 198 198 70 70 124 124 20 124 20 70 198 70 198 20 198 198 198 70 70 124 70 20 20 124 198 170 124 198 124 198 20 170 170 198 198 170 20 198 20 70 124 170 70 70 198 198 70 20 124 170 170 170 20 70 170 124 198 170 70 170 124 70 20 170 20 20 20 124 124 124 170 124 198 124 170 70 20 70 20 198 20 170 198 198 70 70 198 70 20 70 124 170 198 198 70 124 198 20 70 124 20 70 198 70 198 70 198 124 70 70 70 170 170 170 20 20 70 170 170 20 198 20 124 170 170 124 20 170 70 20 124 170 198 70 198 170 124 124 20 198 70 124 170 20 124 198 170 198 124 124 20 70 70 124 198 170 198 124 198 198 198 20 198 20 124 198 198 70 198 124 198 70 198 124 198 124 20 170 124 70 170 170 170 20 70 124 70 20 20 124 70 198 198 70 70 20 198 124 70 124 198 124 170 170 70 20 170 124 124 20 20 198 124 20 20 170 170 124 70 20 124 198 124 170 70 124 170 70 20 170 70 170 170 198 170 70 70 70 20 170 170 70 20 170 70 198 124 20 20 198 124 170 124 20 20 170 124 170 170 70 124 70 70 124 70 124 170 198 124 198 124 170 124 20 20 170 124 70 198 20 170 20 70 198 124 70 124 124 70 170 124 124 20 70 170 170 20 70 70 170 124 70 170 70 70 124 198 70 20 198 70 70 20 170 124 20 198 20 20 198 198 70 124 124 124 124 198 124
455
0 200 120 99 117 85 55 65 82 101 55 67 88 94 92 89 70 112 118 86 91 97 102 73 64 71 85 92 102 82 88 79 90 116 53 72 58 54 117 113 87 117 104 53 54 56 63 97 78 105 74 80 56 68 107 79 116 65 120 83 68 116 64 111 62 79 72 116 55 88 68 76 115 113 90 79 101 72 57 93 74 50 100 104 104 66 93 78 93 117 56 114 71 103 78 96 66 115 112 57 90 77 84 113 65 77 54 100 92 59 95 89 104 119 66 75 57 90 120 103 99 76 112 68 62 64 93 92 108 55 104 78 95 72 120 108 109 68 99 70 57 92 110 118 114 62 91 101 73 117 108 90 105 99 53 74 118 70 94 97 59 105 97 58 103 119 90 99 63 104 51 94 57 112 109 105 106 95 92 103 104 57 64 111 56 119 112 79 96 63 62 68 72 92 111 119 80 111 120 102 58 51 98 55 66 107 56 73 83 113 56 117 64 115 98 83 93 62 110 78 89 94 62 74 77 86 80 85 63 54 91 115 86 107 57 93 105 78 109 112 56 74 116 103 67 103 94 66 95 108 71 52 106 110 88 90 101 72 58 81 79 107 61 90 67 106 112 108 106 81 89 73 61 108 106 97 53 88 57 57 68 79 79 98 87 64 55 118 90 100 74 77 116 93 71 112 111 83 108 58 117 56 109 102 97 60 92 105 79 104 95 89 85 58 109 103 57 104 88 52 97 99 75 115 94 78 105 109 70 110 117 107 61 96 103 78 59 79 63 76 70 61 114 54 112 109 74 69 86 101 58 118 119 59 109 112 80 97 66 110 107 78 75 109 81 113 106 80 79 89 51 83 71 116 51 94 57 85 102 64 115 114 72 80 97 101 81 118 66 116 116 116 99 118 80 93 60 97 51 79 63 65 83 99 94 53 112 57 95 50 83 82 107 86 114 115 117 59 89 101 110 115 95 99 102 90 59 101 104 55 86 55 114 63 84 70 55 72 107 88 80 56 66 119 98 100 118 80 111 85 75 115 99 65 200
185
17 15 16 8 20 9 168 17 14 0 6 12 12 182 13 4 15 9 12 3 13 20 2 11 177 4 18 7 15 1 4 10 3 20 193 9 20 5 5 184 4 198 4 190 10 190 17 6 9 2 7 20 8 6 5 197 2 172 12 20 19 20 18 19 15 198 0 18 11 16 16 5 14 6 13 17 14 6 20 169 19 17 183 181 17 2 197 0 1 17 18 193 2 200 174 10 4 19 175 16 17 155 15 193 14 14 19 186 7 165 17 9 5 15 8 15 190 10 12 18 1 12 17 11 20 13 4 6 4 1 6 6 17 2 3 18 1 196 6 16 14 13 19 10 12 14 4 2 12 18 177 3 17 16 11 5 19 3 185 7 169 18 7 13 160 0 8 1 14 9 0 6 176 17 180 11 5 164 3 188 18 16 18 182 171
591
5 19 9 16 3 16 7 3 4 13 10 5 10 5 2 0 2 14 13 7 12 8 14 1 13 18 12 3 4 5 16 1 1 13 12 12 19 12 9 17 20 18 12 1 11 11 12 6 0 7 6 18 13 15 5 19 10 12 18 19 8 5 13 4 12 19 4 2 14 4 6 5 17 3 20 18 12 19 4 17 20 11 7 10 3 3 9 0 13 0 15 15 14 12 1 16 11 17 1 20 2 8 15 17 6 7 19 11 14 10 5 1 19 18 4 7 18 10 6 9 10 20 10 19 6 11 20 1 4 20 0 7 20 12 5 11 2 0 16 1 8 15 18 12 0 11 2 20 12 2 3 10 6 10 2 0 17 12 16 9 14 7 7 5 12 19 6 4 12 4 13 16 13 0 17 17 9 6 9 17 17 1 17 20 3 9 6 19 8 18 6 4 15 2 12 3 11 9 4 20 2 1 2 2 5 11 5 9 19 2 18 12 5 9 3 1 19 18 19 0 5 2 0 18 9 20 1 11 8 14 4 8 9 0 17 16 2 0 7 18 1 15 19 17 2 19 1 3 15 2 15 14 14 3 18 9 6 19 14 15 15 16 15 1 20 15 15 6 12 18 1 15 4 1 6 3 11 6 16 3 10 16 0 13 3 12 7 2 14 17 15 20 19 18 10 15 0 17 1 8 8 10 0 6 15 14 15 16 5 19 6 19 4 11 20 15 7 18 12 10 12 5 12 4 20 12 18 12 6 13 0 20 14 1 13 13 4 19 0 9 15 7 6 15 12 17 9 9 12 14 14 20 6 17 17 3 12 19 10 9 15 15 9 10 13 1 19 8 1 8 13 14 20 6 5 16 8 1 16 17 16 0 9 14 13 17 12 18 2 19 20 20 11 6 13 17 11 14 0 15 18 5 7 12 5 16 4 17 6 11 6 3 15 5 6 19 3 20 11 20 2 19 2 20 10 14 3 17 11 9 1 3 13 14 12 5 4 1 10 11 6 19 12 5 3 19 1 19 4 0 8 12 3 18 12 2 15 16 9 7 3 16 18 10 3 13 4 6 1 1 0 7 17 5 5 16 19 2 4 5 9 2 13 1 9 8 17 19 6 6 19 1 2 16 13 4 7 3 20 16 5 18 1 19 11 2 1 16 9 18 9 6 2 17 8 11 11 3 4 12 13 11 15 11 20 17 14 4 13 16 3 18 6 7 9 13 0 11 19 15 8 3 16 16 11 9 19 0 2 10 3 8 18 6 17 3 2 4 10 11 1 8 5 3 1 17 4 3 20 10 18 10 9 11 15 8 10 18 9 1 17 19 10 6 4 17 3 20 1 3 2
584
0 0 0 0 0 0 0 0 0 0 0 0 0 0 0 0 0 0 0 0 0 0 0 0 0 0 0 0 0 0 0 0 0 0 0 0 0 0 0 0 0 0 0 0 0 0 0 0 0 0 0 0 0 0 0 0 0 0 0 0 0 0 0 0 0 0 0 0 0 0 0 0 0 0 0 0 0 0 0 0 0 0 0 0 0 0 0 0 0 0 0 0 0 0 0 0 0 0 0 0 0 0 0 0 0 0 0 0 0 0 0 0 0 0 0 0 0 0 0 0 0 0 0 0 0 0 0 0 0 0 0 0 0 0 0 0 0 0 0 0 0 0 0 0 0 0 0 0 0 0 0 0 0 0 0 0 0 0 0 0 0 0 0 0 0 0 0 0 0 0 0 0 0 0 0 0 0 0 0 0 0 0 0 0 0 0 0 0 0 0 0 0 0 0 0 0 0 0 0 0 0 0 0 0 0 0 0 0 0 0 0 0 0 0 0 0 0 0 0 0 0 0 0 0 0 0 0 0 0 0 0 0 0 0 0 0 0 0 0 0 0 0 0 0 0 0 0 0 0 0 0 0 0 0 0 0 0 0 0 0 0 0 0 0 0 0 0 0 0 0 0 0 0 0 0 0 0 0 0 0 0 0 0 0 0 0 0 0 0 0 0 0 0 0 0 0 0 0 0 0 0 0 0 0 0 0 0 0 0 0 0 0 0 0 0 0 0 0 0 0 0 0 0 0 0 0 0 0 0 0 0 0 0 0 0 0 0 0 0 0 0 0 0 0 0 0 0 0 0 0 0 0 0 0 0 0 0 0 0 0 0 0 0 0 0 0 0 0 0 0 0 0 0 0 0 0 0 0 0 0 0 0 0 0 0 0 0 0 0 0 0 0 0 0 0 0 0 0 0 0 0 0 0 0 0 0 0 0 0 0 0 0 0 0 0 0 0 0 0 0 0 0 0 0 0 0 0 0 0 0 0 0 0 0 0 0 0 0 0 0 0 0 0 0 0 0 0 0 0 0 0 0 0 0 0 0 0 0 0 0 0 0 0 0 0 0 0 0 0 0 0 0 0 0 0 0 0 0 0 0 0 0 0 0 0 0 0 0 0 0 0 0 0 0 0 0 0 0 0 0 0 0 0 0 0 0 0 0 0 0 0 0 0 0 0 0 0 0 0 0 0 0 0 0 0 0 0 0 0 0 0 0 0 0 0 0 0 0 0 0 0 0 0 0 0 0 0 0 0 0 0 0 0 0 0 0 0 0 0 0 0 0 0 0 0 0 0 0 0 0 0 0 0 0 0 0 0 0 0 0 0 0 0 0
844
3 7 195 19 197 16 19 13 18 19 12 10 4 11 17 183 154 20 6 8 158 2 9 18 1 17 153 1 12 4 160 17 7 18 0 166 7 18 14 1 12 20 5 10 12 199 15 9 20 10 11 174 19 7 20 4 11 18 13 189 2 0 11 10 3 17 18 14 9 179 17 180 20 8 3 13 19 5 12 10 9 1 9 8 12 1 13 15 2 19 12 4 10 17 1 18 5 6 18 153 182 8 6 16 172 19 19 11 181 10 17 4 6 154 179 5 3 9 189 3 13 2 18 182 18 19 0 0 4 15 11 19 9 175 5 157 179 15 12 17 11 16 18 171 19 0 0 4 19 2 176 15 169 15 13 160 15 17 15 5 19 10 10 6 1 9 12 164 10 16 11 5 7 17 0 9 3 197 20 186 3 6 19 15 3 154 11 16 0 15 195 0 13 10 10 11 14 2 19 11 167 0 10 161 19 13 13 1 14 10 10 10 167 4 6 13 18 12 13 14 12 2 15 16 11 164 20 12 3 20 184 12 20 18 4 14 17 16 158 8 19 0 199 0 18 183 5 1 12 170 18 15 5 156 6 6 20 4 4 14 7 151 13 9 6 151 13 19 18 15 2 0 173 160 6 1 20 2 174 12 18 13 7 189 12 17 190 15 18 19 19 7 183 20 18 196 9 14 18 18 7 177 9 3 11 3 13 9 19 19 12 9 14 20 8 1 2 163 19 13 7 13 11 13 18 157 14 197 8 3 9 14 183 12 1 13 190 12 8 20 20 11 17 3 182 13 7 167 10 5 4 170 16 16 5 17 4 9 13 17 18 2 3 3 20 14 200 12 4 19 0 10 9 19 190 200 13 5 154 19 200 0 8 4 5 158 19 15 1 9 180 9 4 186 2 14 5 5 1 14 163 1 153 9 2 14 18 9 187 17 154 20 4 151 169 13 20 151 192 0 152 17 20 163 5 7 13 8 19 20 17 9 18 0 18 154 17 170 15 0 198 176 186 13 18 14 151 12 15 0 5 19 11 189 12 13 9 15 17 5 17 176 159 3 158 191 18 8 20 1 9 194 4 3 13 9 4 5 17 159 11 175 9 19 12 14 12 3 160 15 2 9 3 6 20 20 160 9 5 11 176 169 10 20 4 159 1 20 185 11 16 4 4 0 185 14 200 10 157 154 197 199 0 8 6 184 173 18 198 18 17 178 3 0 177 19 8 2 18 168 11 5 10 20 5 2 20 8 156 13 12 10 198 17 20 15 10 16 18 156 8 163 170 15 0 177 5 8 17 18 16 194 15 0 0 15 1 14 20 163 11 161 16 0 3 16 5 11 4 12 5 18 19 17 8 8 17 11 17 3 196 150 191 20 2 5 15 17 15 180 6 19 20 9 11 6 3 11 10 17 4 15 14 186 10 20 177 3 19 177 11 1 9 7 20 1 15 186 6 19 0 181 171 196 8 181 16 20 0 17 7 7 16 6 15 181 8 6 9 17 10 15 3 14 15 3 13 20 18 175 4 12 150 4 180 5 6 11 4 13 19 196 162 168 18 12 6 0 17 175 150 2 16 8 0 0 13 10 1 1 9 9 18 195 10 6 6 192 8 152 12 1 10 188 16 1 166 5 199 19 12 1 2 170 20 6 13 6 11 11 11 14 167 17 18 197 2 20 1 20 10 150 17 17 7 195 15 16 6 188 167 11 174 7 6 4 6 1 16 177 5 10 1 10 13 10 4 193 151 18 1 8 0 8 3 151 13 6 152 198 6 11 188 17 12 10 1 20 18 7 14 18 19 166 5 15 9 17 18 13 14 7 2 4 151 2 7 16 17 1 2 12 3 0 12 9 15 9 20 10 3 16 5 9 154 2 18 13 20 4 18 13 15 20 16 6 8 192 15 158 18 6 6 6
276
128 127 140 183 50 13 38 82 79 183 169 140 46 57 36 146 92 147 102 63 30 87 2 139 21 176 41 86 124 157 90 96 94 164 67 81 160 41 114 157 8 18 24 132 180 124 48 25 71 70 181 182 105 151 32 102 50 58 164 28 24 25 33 170 195 25 125 21 129 199 196 63 199 26 46 38 128 144 188 10 189 183 93 10 133 136 52 21 134 101 63 45 88 146 50 138 45 98 29 154 182 200 141 42 45 153 89 81 123 145 128 21 141 57 20 171 46 93 19 90 3 48 35 150 146 43 103 187 109 71 170 66 18 98 52 144 41 68 187 96 191 183 73 126 95 82 87 106 103 31 71 22 38 73 187 64 53 95 94 144 85 13 59 11 58 87 23 68 43 21 81 109 184 173 35 112 144 141 133 133 81 198 160 75 71 76 40 192 166 109 67 77 111 189 165 166 9 159 168 12 49 88 0 131 174 197 167 192 1 161 121 55 115 125 6 191 185 85 116 30 17 31 150 186 182 163 58 81 169 19 14 107 6 32 184 90 48 47 3 126 155 133 114 160 177 125 110 194 110 101 63 81 84 25 191 18 21 137 11 35 77 104 93 20 161 121 145 174 185 187 50 141 192 21 58 80
497
22 22 119 119 119 119 6 123 119 6 119 6 6 6 6 6 119 119 123 58 119 123 22 123 58 58 119 123 119 123 58 119 22 22 119 22 6 123 22 6 6 6 6 119 119 58 6 6 123 123 6 22 123 58 22 6 123 6 119 6 6 119 58 58 22 119 123 22 123 119 123 119 58 119 6 123 22 58 58 22 123 58 22 58 22 6 58 22 6 58 58 6 123 119 119 123 58 58 22 6 58 22 119 22 119 22 6 22 22 123 22 58 58 58 123 22 22 6 58 123 22 119 119 123 123 22 22 119 119 119 119 22 6 58 123 123 6 6 123 119 119 22 123 123 119 22 22 6 119 123 58 6 58 22 58 6 119 58 22 119 22 58 123 6 119 6 6 58 6 119 119 22 6 58 119 58 22 22 123 6 123 6 58 22 22 123 123 22 123 6 123 119 119 123 119 6 22 22 58 123 6 6 119 22 123 58 119 22 58 123 119 119 6 58 6 123 22 6 6 6 123 58 119 119 119 22 58 119 119 119 58 22 123 22 6 119 119 119 58 58 6 6 119 119 123 119 6 58 22 123 119 119 58 22 22 22 119 119 58 22 6 119 22 119 119 58 119 123 58 58 58 123 22 22 58 22 6 22 22 123 119 22 58 123 6 6 58 119 123 22 58 58 123 58 58 58 123 6 123 123 22 119 22 58 123 22 6 22 119 58 58 123 119 58 22 123 58 6 6 6 6 6 58 123 22 123 58 123 123 58 123 123 119 22 58 123 58 6 119 58 6 6 58 22 6 6 119 119 22 58 58 119 119 6 123 22 6 119 123 58 22 123 119 58 58 119 6 6 123 58 6 119 119 22 123 6 58 6 22 6 22 123 58 22 123 123 123 22 22 22 123 123 58 119 123 123 22 119 22 22 123 6 123 22 58 119 22 119 123 6 58 123 123 58 119 6 58 123 6 22 119 123 123 22 123 22 58 119 22 6 6 123 6 58 6 58 123 58 22 6 6 123 22 22 119 119 22 22 6 6 119 119 22 119 58 58 58 123 22 58 119 58 123 22 6 123 6 6 123 22 6 123 58 58 6 58 119 123 119 6 58 6 22 58 22 119 6 6 123 123 119 58 22 119 6 119 22
858
9 10 1 12 19 5 20 9 18 6 0 0 7 18 5 3 8 1 15 5 19 3 17 5 9 15 8 0 17 17 15 0 15 11 13 16 1 7 14 19 1 14 15 17 16 12 6 4 19 15 11 11 6 1 7 12 3 0 10 9 1 8 2 9 4 5 17 5 12 5 16 2 9 18 18 0 14 13 4 3 1 16 9 18 2 12 14 6 9 17 18 6 18 12 12 10 20 4 14 20 1 15 6 16 8 13 5 3 15 20 8 13 10 18 1 20 18 11 15 18 16 19 18 18 18 0 3 7 8 13 17 7 0 13 4 2 17 6 10 2 5 1 19 15 11 10 19 1 0 9 14 20 10 1 20 14 9 13 19 16 10 2 14 0 1 9 0 5 16 19 4 8 3 12 6 7 19 10 10 1 9 20 20 17 16 12 15 0 17 4 3 8 13 17 3 15 11 18 7 20 18 4 19 6 15 12 1 3 1 4 18 9 2 18 10 2 11 9 13 6 20 5 11 16 16 8 15 7 18 12 16 18 2 13 1 18 10 4 15 15 4 18 20 6 19 5 4 7 6 8 5 17 7 18 13 17 15 19 15 13 15 9 17 0 17 12 8 3 15 10 5 16 12 11 5 4 2 2 2 3 18 16 9 19 0 11 8 12 7 12 13 15 9 17 17 0 10 19 1 11 15 0 3 11 0 10 8 4 10 1 19 10 7 17 5 5 7 1 13 13 0 11 13 4 4 1 11 16 16 4 1 10 2 2 17 14 18 15 0 12 13 0 13 5 7 14 1 3 12 10 17 15 2 11 9 13 18 10 0 18 16 4 13 17 16 13 14 1 6 11 6 8 13 5 14 14 20 16 5 15 11 4 3 3 8 20 19 8 13 20 18 0 19 11 10 9 1 4 20 10 18 18 18 16 1 8 3 5 13 14 6 11 15 5 16 9 8 17 8 16 8 0 12 12 17 8 20 19 7 3 7 5 12 6 4 15 17 0 17 6 18 11 7 8 12 16 14 8 14 3 12 10 16 6 9 6 10 6 17 20 19 8 9 7 13 17 2 19 8 0 9 0 1 20 14 18 6 16 9 1 7 5 8 7 9 13 19 20 10 3 20 9 3 0 4 15 7 4 7 10 0 20 1 15 18 8 10 15 18 3 20 0 1 11 2 3 17 7 1 15 3 17 8 18 2 12 12 20 4 12 9 5 5 13 18 18 15 0 9 1 20 11 1 6 19 12 20 19 18 11 7 7 3 17 0 5 13 4 8 6 11 1 7 2 7 5 0 12 9 3 1 3 11 14 4 5 12 0 6 9 0 10 15 3 10 4 7 8 15 20 1 16 3 10 20 0 17 10 12 2 15 2 2 4 17 20 11 10 3 16 10 5 18 11 0 11 14 3 3 10 11 9 16 13 6 1 18 8 12 6 17 4 4 11 19 17 19 11 16 11 18 1 15 6 3 5 3 4 1 18 9 18 12 19 13 6 1 18 15 12 12 1 18 5 11 7 11 7 5 10 12 2 13 10 16 16 13 4 9 9 20 11 15 15 13 20 12 20 5 14 10 19 18 13 15 15 15 4 3 8 12 3 19 1 16 14 15 10 18 11 17 9 8 14 11 11 4 18 13 8 0 2 12 7 1 11 9 18 13 10 13 9 9 12 0 14 8 4 11 3 17 7 12 14 19 17 6 3 14 17 7 16 1 0 16 7 20 19 18 0 4 3 14 19 10 3 11 6 20 4 5 17 9 15 14 13 18 6 18 3 8 7 3 15 18 8 14 15 10 3 8 4 0 20 3 6 10 20 7 8 4 19 12 10 10 4 20 18 15 3 10 9 8 8 2 4 18 20 0 1 11 11 7 0 0 18 15 15 20 12 13 13 6 15 16 20 9 16 5 18 4 16 17 17 16 4 13 1 3 0 11 15 5 15 15 10 10 15
11
138 96 167 100 58 64 192 94 73 101 86
767
115 134 89 177 37 163 158 55 88 150 160 173 65 48 36 184 28 119 97 121 117 56 111 59 104 78 95 132 22 105 189 170 25 85 77 144 167 17 6 50 144 78 182 63 18 21 91 66 129 186 115 151 4 14 63 159 124 53 76 78 84 90 151 115 35 55 122 184 94 74 136 154 21 88 187 89 117 27 167 177 74 126 123 30 140 190 185 150 54 22 3 59 7 192 41 59 176 14 30 14 168 153 173 125 86 163 116 49 185 90 128 20 136 195 65 55 144 89 49 19 199 150 41 36 54 74 192 142 16 55 90 72 158 152 175 105 50 199 6 130 162 118 121 17 122 69 124 11 154 1 110 188 171 124 121 169 40 154 60 104 18 85 153 139 153 11 28 30 162 117 102 182 90 167 84 161 106 33 44 175 55 52 68 84 26 178 116 139 151 119 2 82 130 92 46 21 176 132 100 76 24 115 52 7 154 40 14 157 18 143 136 3 198 159 42 107 123 38 103 59 105 163 21 160 6 78 29 73 63 168 18 173 115 45 72 113 41 124 82 98 165 29 51 33 59 57 22 192 56 118 148 110 170 64 95 0 75 0 15 7 22 6 15 30 149 52 39 102 6 123 53 157 48 36 65 178 183 126 137 147 47 27 86 159 108 33 65 172 149 55 50 39 2 70 44 28 6 112 146 114 0 119 158 88 10 128 10 82 123 175 80 61 87 152 3 118 178 87 70 143 156 2 20 87 72 120 107 76 130 1 180 20 147 27 50 169 12 173 103 189 144 33 85 54 51 75 11 94 64 115 177 78 176 164 8 187 116 6 156 188 102 25 59 20 91 73 50 73 82 127 190 180 64 27 189 36 85 85 85 158 90 53 169 141 116 140 174 144 158 177 96 140 74 11 169 173 197 196 51 184 55 64 150 50 22 181 72 134 50 30 104 176 145 147 99 68 11 15 178 5 123 79 23 173 22 41 10 156 118 138 117 123 46 87 143 156 170 12 181 116 54 167 161 120 193 56 146 104 37 30 128 9 27 180 175 81 108 127 126 63 34 101 137 51 131 145 0 160 170 168 101 2 127 199 66 84 40 124 152 105 26 171 11 173 1 20 51 157 22 59 71 128 90 4 159 3 32 80 32 130 97 95 52 37 77 8 106 132 200 53 10 55 102 194 95 58 15 90 145 36 66 55 185 179 167 13 95 182 140 1 84 43 58 3 142 90 93 105 136 72 149 184 5 60 47 123 162 37 23 54 86 198 102 179 187 42 135 68 148 104 163 32 154 184 12 118 138 7 163 54 74 60 128 142 159 136 10 124 56 163 167 36 62 105 83 28 149 100 17 96 126 116 57 134 60 174 86 106 68 155 143 200 172 57 40 41 106 18 112 136 143 115 156 8 182 10 165 171 71 75 87 192 127 139 189 102 94 160 153 117 159 191 110 184 66 83 112 24 68 113 111 170 193 41 84 20 107 101 41 166 151 15 86 183 200 63 53 59 105 172 55 26 186 186 59 16 66 46 45 25 24 167 187 168 14 131 104 12 5 68 142 84 169 108 159 181 164 130 154 33 67 35 5 17 8 69 6 65 97 75 114 52 63 72 1 92 83 148 38 193 139 61 145 159 110 119 34 88 166 98 127 185 181 43 171 160 174 21 87 81 183 154 23 9 17 101 69 138 136 102 94 12 185 74 3 92 140 46 86 26 196 84 163 22 10 24 27 161 80 1 94 117 60 132 65 2 195
770
194 98 24 158 65 41 133 75 39 195 57 59 13 158 116 163 101 145 3 199 171 87 62 38 12 174 123 91 199 94 190 143 36 47 131 0 85 140 155 146 124 47 90 97 79 16 184 19 195 60 72 190 163 22 104 43 163 107 101 193 28 67 198 150 55 80 123 9 186 76 21 96 124 59 158 128 119 112 118 126 142 193 185 157 186 81 61 21 151 197 8 113 42 100 147 22 132 191 68 180 53 45 92 42 131 168 189 158 81 59 74 98 198 130 140 146 73 192 138 95 192 169 80 4 56 124 122 197 5 15 82 167 6 167 93 115 122 32 133 10 183 27 122 60 172 42 38 100 95 42 112 25 140 124 60 61 109 23 159 133 139 157 12 28 17 46 23 94 33 15 58 152 17 48 56 199 28 58 191 76 178 106 160 182 85 127 149 175 25 73 64 159 151 103 181 10 54 185 66 60 62 185 175 72 150 64 146 197 28 123 174 113 147 61 96 86 60 3 170 96 161 113 18 92 74 56 119 37 20 89 65 176 90 43 118 75 120 188 154 30 80 17 76 31 171 193 101 101 132 163 184 62 99 9 6 129 160 109 186 71 8 34 182 105 76 55 81 85 82 193 200 171 123 40 60 113 101 132 58 30 70 114 155 95 36 49 8 143 135 192 70 78 136 67 74 175 103 177 12 200 17 140 148 106 47 41 78 183 49 168 51 14 93 119 118 130 151 77 104 109 91 39 186 103 71 57 120 98 34 81 150 48 75 188 121 19 42 127 98 68 142 131 95 152 184 112 101 25 134 118 57 168 200 125 19 53 121 40 67 94 151 93 141 165 158 177 95 8 107 120 124 9 118 142 82 52 42 92 180 29 16 183 134 58 160 50 101 59 17 57 18 17 180 27 64 77 99 77 68 153 194 57 16 77 116 78 79 48 119 93 93 115 113 191 76 51 53 107 129 170 120 89 1 81 63 98 17 63 91 194 115 56 189 116 189 78 15 109 94 183 70 92 49 24 104 143 165 18 44 99 30 147 55 43 86 135 157 32 121 31 141 118 46 36 181 193 180 44 35 64 58 60 135 72 191 72 60 44 26 132 135 54 79 58 61 34 183 174 5 31 16 55 78 37 46 20 64 183 101 141 25 153 110 29 119 176 59 112 183 167 121 28 21 114 85 170 144 5 66 128 132 118 161 140 26 147 187 187 154 7 94 18 176 191 52 26 154 83 51 99 196 140 116 97 186 69 5 175 10 39 179 50 19 8 53 39 186 142 200 162 175 141 131 137 27 198 43 108 98 193 79 40 170 136 54 73 193 152 93 62 191 151 94 103 153 23 174 36 8 186 90 26 59 97 141 119 151 192 140 127 26 171 162 111 187 142 68 33 192 67 145 175 69 35 116 137 169 139 117 166 81 10 132 33 125 21 34 6 66 160 101 81 128 191 135 35 135 179 186 25 22 33 48 39 65 148 58 13 168 172 28 58 81 110 80 186 152 124 108 45 160 179 12 33 193 190 34 168 153 120 112 112 11 118 180 64 67 163 72 129 34 179 1 44 102 70 116 129 119 103 161 140 42 169 183 86 128 160 93 124 131 187 143 40 0 156 16 166 148 173 194 36 84 67 199 180 29 141 45 43 55 149 101 39 58 189 77 97 133 4 71 17 129 100 42 79 153 130 127 41 160 67 1 65 171 31 193 117 10 124 172 123 3 44 65 94 137 115 184 55 60 194 59 163 14 21 118 53 83 2
693
0 0 0 0 0 0 0 0 0 0 0 0 0 0 0 0 0 0 0 0 0 0 0 0 0 0 0 0 0 0 0 0 0 0 0 0 0 0 0 0 0 0 0 0 0 0 0 0 0 0 0 0 0 0 0 0 0 0 0 0 0 0 0 0 0 0 0 0 0 0 0 0 0 0 0 0 0 0 0 0 0 0 0 0 0 0 0 0 0 0 0 0 0 0 0 0 0 0 0 0 0 0 0 0 0 0 0 0 0 0 0 0 0 0 0 0 0 0 0 0 0 0 0 0 0 0 0 0 0 0 0 0 0 0 0 0 0 0 0 0 0 0 0 0 0 0 0 0 0 0 0 0 0 0 0 0 0 0 0 0 0 0 0 0 0 0 0 0 0 0 0 0 0 0 0 0 0 0 0 0 0 0 0 0 0 0 0 0 0 0 0 0 0 0 0 0 0 0 0 0 0 0 0 0 0 0 0 0 0 0 0 0 0 0 0 0 0 0 0 0 0 0 0 0 0 0 0 0 0 0 0 0 0 0 0 0 0 0 0 0 0 0 0 0 0 0 0 0 0 0 0 0 0 0 0 0 0 0 0 0 0 0 0 0 0 0 0 0 0 0 0 0 0 0 0 0 0 0 0 0 0 0 0 0 0 0 0 0 0 0 0 0 0 0 0 0 0 0 0 0 0 0 0 0 0 0 0 0 0 0 0 0 0 0 0 0 0 0 0 0 0 0 0 0 0 0 0 0 0 0 0 0 0 0 0 0 0 0 0 0 0 0 0 0 0 0 0 0 0 0 0 0 0 0 0 0 0 0 0 0 0 0 0 0 0 0 0 0 0 0 0 0 0 0 0 0 0 0 0 0 0 0 0 0 0 0 0 0 0 0 0 0 0 0 0 0 0 0 0 0 0 0 0 0 0 0 0 0 0 0 0 0 0 0 0 0 0 0 0 0 0 0 0 0 0 0 0 0 0 0 0 0 0 0 0 0 0 0 0 0 0 0 0 0 0 0 0 0 0 0 0 0 0 0 0 0 0 0 0 0 0 0 0 0 0 0 0 0 0 0 0 0 0 0 0 0 0 0 0 0 0 0 0 0 0 0 0 0 0 0 0 0 0 0 0 0 0 0 0 0 0 0 0 0 0 0 0 0 0 0 0 0 0 0 0 0 0 0 0 0 0 0 0 0 0 0 0 0 0 0 0 0 0 0 0 0 0 0 0 0 0 0 0 0 0 0 0 0 0 0 0 0 0 0 0 0 0 0 0 0 0 0 0 0 0 0 0 0 0 0 0 0 0 0 0 0 0 0 0 0 0 0 0 0 0 0 0 0 0 0 0 0 0 0 0 0 0 0 0 0 0 0 0 0 0 0 0 0 0 0 0 0 0 0 0 0 0 0 0 0 0 0 0 0 0 0 0 0 0 0 0 0 0 0 0 0 0 0 0 0 0 0 0 0 0 0 0 0 0 0 0 0 0 0 0 0 0 0 0 0 0 0 0 0 0 0 0 0 0 0 0 0 0 0 0 0 0 0 0 0 0 0 0 0 0 0 0 0 0 0 0 0 0
549
0 200 90 90 53 70 92 94 69 79 119 65 56 58 92 86 112 71 92 109 101 82 78 84 63 73 51 50 116 100 63 50 91 114 54 93 93 97 67 61 92 86 111 111 89 73 113 87 103 88 72 93 116 115 118 84 83 57 102 117 71 115 103 68 102 64 106 53 99 112 78 55 78 86 117 70 86 104 67 57 109 117 73 82 55 61 109 103 98 71 76 97 92 56 81 84 115 80 98 75 70 62 112 61 81 66 80 90 112 71 50 55 97 65 99 118 56 85 51 119 70 102 106 54 50 67 71 117 110 57 119 105 57 117 73 79 101 57 85 101 93 62 71 108 113 118 59 58 71 74 91 98 101 85 78 85 108 81 53 114 119 59 80 97 52 109 117 114 111 107 70 64 58 69 72 87 53 75 93 67 97 78 91 74 109 103 104 76 115 66 87 81 112 92 59 104 64 58 54 114 61 102 85 83 80 79 68 54 114 89 118 108 110 108 65 118 80 61 97 89 116 71 64 58 75 86 57 87 59 58 93 96 90 88 109 108 118 102 112 77 71 115 75 115 56 62 96 63 92 78 70 60 98 99 114 73 84 117 114 57 115 95 105 118 94 80 97 81 74 70 111 120 106 93 118 82 64 92 56 80 61 106 79 100 63 93 112 114 120 91 70 119 65 103 57 83 80 57 82 105 117 62 60 105 60 119 61 79 57 118 83 73 62 104 101 114 66 101 60 118 97 65 99 97 62 67 55 59 74 80 116 90 99 112 55 116 79 92 55 60 98 79 115 85 52 68 111 88 70 107 70 120 69 91 103 51 103 81 79 87 99 69 53 99 111 82 81 59 93 64 63 81 72 109 64 86 60 58 57 111 56 78 105 55 56 59 70 71 88 81 71 88 88 50 111 52 87 96 51 61 108 95 106 85 50 94 98 108 87 117 78 112 95 112 100 86 104 104 102 69 86 96 52 107 108 68 94 65 99 103 62 50 61 112 120 90 99 50 59 100 112 89 76 90 69 83 94 81 76 90 107 119 108 87 85 102 59 99 54 100 78 70 70 77 69 55 113 107 92 57 82 98 118 90 60 50 98 64 100 60 104 71 85 67 74 73 115 102 55 63 109 86 84 92 106 63 92 114 82 63 95 93 71 119 120 84 60 101 95 110 93 107 53 72 57 110 60 83 113 85 114 104 64 88 80 118 68 93 73 64 120 56 57 77 114 52 111 56 110 54 83 88 110 50 115 66 99 108 200
758
22 22 22 22 22 22 150 22 150 22 22 22 150 150 22 22 22 22 150 150 22 150 150 150 150 150 22 150 150 150 22 22 22 150 150 22 22 22 150 150 150 22 22 150 22 22 150 22 22 150 150 22 22 150 22 22 150 150 150 150 22 22 22 22 150 22 22 150 22 150 22 22 150 150 22 150 150 150 150 150 22 150 150 22 150 22 22 22 150 22 22 150 22 22 150 150 22 150 22 150 22 150 22 22 22 150 150 150 22 150 22 22 150 22 22 150 22 22 150 150 150 22 150 22 22 22 150 22 150 150 150 150 150 150 150 22 22 150 150 22 22 150 22 22 150 150 150 150 22 22 150 22 22 22 22 150 150 150 22 22 150 150 150 22 22 150 22 22 150 22 22 150 22 22 22 22 150 22 150 150 150 150 22 150 150 150 150 150 22 150 22 150 22 150 150 150 150 150 150 150 150 150 22 150 150 150 22 150 22 150 150 150 22 150 150 150 22 22 22 22 150 150 150 150 22 150 150 150 22 22 150 150 150 22 150 150 22 150 150 22 22 22 22 22 22 22 22 22 150 150 22 150 22 22 150 150 150 150 22 150 150 150 150 22 150 22 22 22 150 22 150 150 22 22 22 22 150 22 22 150 22 22 22 150 150 22 22 150 150 22 22 150 150 150 150 22 150 22 22 150 22 22 22 22 22 150 150 22 150 22 22 22 22 22 22 150 22 22 22 150 22 22 150 150 22 150 22 150 22 150 22 22 150 22 150 22 22 22 22 150 22 22 150 22 22 150 150 150 150 150 150 150 150 22 150 22 150 22 22 22 22 22 150 150 22 22 150 150 22 150 150 22 22 150 150 22 22 150 150 22 150 22 22 22 22 22 22 150 150 150 22 22 150 150 22 22 22 22 150 22 150 150 22 22 150 22 22 22 22 22 150 150 22 150 150 22 150 22 150 150 150 22 22 150 150 22 150 22 150 22 22 150 150 22 150 22 22 22 150 22 22 150 150 22 150 22 22 150 150 150 150 22 150 150 150 22 150 150 22 150 22 150 150 150 150 150 150 150 150 22 150 22 22 150 150 150 22 22 150 22 22 150 150 150 22 150 150 150 22 150 22 150 22 150 22 22 22 150 150 150 150 22 22 150 150 150 22 22 22 22 150 22 150 150 150 22 22 150 22 22 22 150 22 22 22 22 22 22 150 150 22 150 22 150 150 22 22 150 22 22 22 22 150 22 150 22 150 22 150 150 22 150 22 150 150 150 150 150 22 150 22 22 22 22 150 22 150 150 150 150 150 22 22 150 150 150 22 150 150 150 150 22 22 22 150 22 22 22 22 22 22 22 22 22 22 150 22 150 150 22 22 150 22 150 22 150 22 150 22 22 22 22 22 150 150 150 150 22 22 150 150 22 22 150 22 22 150 22 22 150 150 150 150 150 150 150 150 150 22 150 22 22 150 22 150 22 22 150 150 22 150 22 150 150 150 150 22 150 22 22 22 150 150 150 22 150 22 22 150 150 22 150 150 22 150 22 150 22 22 150 150 22 150 150 22 22 22 22 22 150 22 22 22 22 22 150 22 22 150 150 150 22 150 150 150 22 150 150 22 22 150 22 150 22 22 150 22 22 22 22 150 22 22 150 150 150 150 22 22 150 22 22 150 22 22 22 150 22 22 22 150 150 22 22 22 22 22 150 22 22 22 22 150 22 22 150 22 150
65
200 200 200 200 200 200 200 200 200 200 200 200 200 200 200 200 200 200 200 200 200 200 200 200 200 200 200 200 200 200 200 200 200 200 200 200 200 200 200 200 200 200 200 200 200 200 200 200 200 200 200 200 200 200 200 200 200 200 200 200 200 200 200 200 200
614
176 92 112 144 169 83 138 147 194 112 123 59 48 177 91 141 142 89 79 31 120 34 187 74 37 118 119 1 148 161 117 146 71 31 8 169 47 163 162 135 20 153 57 149 74 38 192 192 72 74 187 52 154 14 109 153 151 45 64 76 164 197 145 77 144 128 55 126 82 85 178 192 27 46 131 195 82 190 140 26 44 100 43 157 65 89 158 64 90 147 15 183 115 187 33 184 190 108 109 193 8 200 41 171 172 83 97 130 78 135 69 55 34 141 126 113 199 65 31 63 39 136 51 102 37 107 74 191 90 16 87 189 66 121 23 26 58 136 44 148 102 122 33 16 107 31 45 52 24 44 81 54 200 13 41 158 124 200 83 192 2 91 162 94 129 98 31 33 145 23 178 139 76 21 29 92 171 159 173 34 158 149 162 36 46 110 127 14 66 88 178 21 193 116 8 175 199 102 155 127 83 79 35 133 71 128 54 113 178 168 63 30 3 136 170 1 37 104 34 143 21 173 47 150 53 132 16 59 90 48 200 144 75 38 183 29 158 81 11 95 48 121 122 141 10 159 5 198 33 135 161 17 108 153 158 144 107 22 29 131 4 125 85 186 49 143 151 111 113 89 18 131 109 170 189 83 71 156 70 13 180 146 144 64 126 197 15 140 45 14 86 93 10 90 171 192 193 66 21 163 80 188 140 167 146 140 196 73 179 0 175 148 55 46 192 170 110 131 29 126 76 15 147 85 162 4 177 165 114 47 54 12 54 54 74 117 76 162 187 55 93 194 114 17 51 155 37 114 136 116 141 122 162 21 171 173 51 144 139 116 188 154 66 13 124 127 188 64 19 176 85 177 10 62 145 30 34 20 24 31 130 77 77 166 4 43 99 83 89 12 188 105 26 59 185 95 132 77 125 1 99 94 4 65 187 28 194 85 148 0 104 78 19 1 71 191 27 10 140 89 81 106 185 162 162 153 174 53 71 90 31 146 116 168 127 80 34 56 38 148 31 94 102 181 16 151 9 62 70 79 107 128 149 8 84 0 126 68 65 64 196 166 33 69 128 187 107 176 178 16 4 118 166 32 33 193 52 161 39 130 147 193 57 116 23 56 194 1 93 157 42 154 7 66 147 88 118 115 72 28 25 163 5 66 188 136 46 139 108 74 33 138 134 153 182 85 159 52 95 149 190 164 189 69 104 199 126 1 101 37 46 71 125 48 139 24 41 15 198 6 45 16 116 173 194 87 109 70 153 170 62 68 192 37 59 123 187 122 122 124 96 32 134 122 58 42 161 48 146 176 91 13 171 180 156 9 167 143 76 114 53 13 186 122 195 6 50 167 179 175 151 106 18 147 163 192 178 195 181 115 28 128 76 95 170 189 59 22 121 79 134 108 13 18
589
72 133 86 156 149 125 23 131 161 77 71 4 121 161 153 66 129 102 137 88 104 190 85 97 181 100 160 73 187 117 127 123 78 3 16 22 107 143 45 74 118 59 17 40 147 43 23 46 3 80 75 9 60 180 183 40 153 187 119 166 54 32 145 58 146 138 11 125 119 116 16 50 198 30 146 131 150 166 188 46 199 132 105 88 157 56 69 39 41 104 88 190 43 15 47 24 147 68 174 70 191 143 186 187 184 197 171 171 43 115 147 63 182 2 50 183 0 8 11 73 139 178 41 53 176 80 25 148 200 174 24 122 139 178 161 42 11 20 170 88 101 94 188 156 193 30 78 49 103 108 178 160 19 83 49 88 88 183 108 179 172 107 153 63 21 82 38 4 80 54 8 97 80 90 21 67 103 53 184 160 133 62 76 35 20 156 9 110 42 38 91 68 32 176 119 35 46 197 98 138 150 39 197 174 101 128 191 47 57 133 174 8 16 187 17 61 9 0 187 135 115 123 151 163 21 15 144 25 50 150 189 96 79 64 93 23 200 81 48 21 67 107 153 175 183 61 158 53 119 14 11 101 24 28 78 35 104 45 35 4 14 101 109 116 190 200 58 135 142 61 29 106 4 52 45 130 43 52 161 82 52 130 15 28 170 187 179 142 161 166 5 24 49 16 122 102 111 109 192 35 15 4 69 34 176 0 43 154 95 32 85 28 17 21 190 56 112 148 182 8 62 148 28 184 169 200 20 112 29 166 140 181 25 59 188 99 35 84 148 45 177 31 4 125 61 91 42 192 98 177 31 48 127 144 17 9 161 112 92 197 133 56 106 174 38 71 85 25 167 45 156 52 45 198 26 111 142 144 101 128 36 130 116 146 159 55 196 121 140 193 147 171 101 89 44 14 61 96 124 198 41 115 50 56 183 73 185 52 76 81 48 146 15 131 51 103 135 73 4 119 59 166 147 14 173 154 116 177 50 98 91 185 33 83 191 179 167 132 22 107 124 12 88 35 100 72 148 179 158 106 79 130 17 60 63 186 183 37 8 51 139 16 41 82 98 51 28 159 186 96 161 25 36 38 194 95 44 107 69 86 157 160 161 176 69 79 91 125 180 72 79 116 94 128 22 165 85 200 72 178 154 107 30 89 164 200 133 118 102 197 196 141 13 104 99 154 4 195 167 122 138 99 74 54 167 85 169 72 123 115 42 175 22 50 59 20 65 199 70 23 90 5 74 119 166 57 97 135 99 78 148 158 3 134 125 85 177 145 51 200 166 64 27 185 73 153 39 136 4 161 138 125 18 48 38 26 134 188 148 160 130 91 95 152 79 0 188 115 163
88
15 16 13 3 18 9 3 19 19 1 18 10 17 20 6 19 4 0 20 8 15 12 1 18 5 2 1 18 7 11 7 8 6 8 0 19 3 11 10 2 12 15 8 2 15 11 6 15 11 7 0 3 2 6 5 11 18 8 6 18 10 4 4 17 4 18 6 10 20 12 3 8 5 20 3 9 7 20 11 13 5 10 11 0 5 19 4 5
800
200 200 200 200 200 200 200 200 200 200 200 200 200 200 200 200 200 200 200 200 200 200 200 200 200 200 200 200 200 200 200 200 200 200 200 200 200 200 200 200 200 200 200 200 200 200 200 200 200 200 200 200 200 200 200 200 200 200 200 200 200 200 200 200 200 200 200 200 200 200 200 200 200 200 200 200 200 200 200 200 200 200 200 200 200 200 200 200 200 200 200 200 200 200 200 200 200 200 200 200 200 200 200 200 200 200 200 200 200 200 200 200 200 200 200 200 200 200 200 200 200 200 200 200 200 200 200 200 200 200 200 200 200 200 200 200 200 200 200 200 200 200 200 200 200 200 200 200 200 200 200 200 200 200 200 200 200 200 200 200 200 200 200 200 200 200 200 200 200 200 200 200 200 200 200 200 200 200 200 200 200 200 200 200 200 200 200 200 200 200 200 200 200 200 200 200 200 200 200 200 200 200 200 200 200 200 200 200 200 200 200 200 200 200 200 200 200 200 200 200 200 200 200 200 200 200 200 200 200 200 200 200 200 200 200 200 200 200 200 200 200 200 200 200 200 200 200 200 200 200 200 200 200 200 200 200 200 200 200 200 200 200 200 200 200 200 200 200 200 200 200 200 200 200 200 200 200 200 200 200 200 200 200 200 200 200 200 200 200 200 200 200 200 200 200 200 200 200 200 200 200 200 200 200 200 200 200 200 200 200 200 200 200 200 200 200 200 200 200 200 200 200 200 200 200 200 200 200 200 200 200 200 200 200 200 200 200 200 200 200 200 200 200 200 200 200 200 200 200 200 200 200 200 200 200 200 200 200 200 200 200 200 200 200 200 200 200 200 200 200 200 200 200 200 200 200 200 200 200 200 200 200 200 200 200 200 200 200 200 200 200 200 200 200 200 200 200 200 200 200 200 200 200 200 200 200 200 200 200 200 200 200 200 200 200 200 200 200 200 200 200 200 200 200 200 200 200 200 200 200 200 200 200 200 200 200 200 200 200 200 200 200 200 200 200 200 200 200 200 200 200 200 200 200 200 200 200 200 200 200 200 200 200 200 200 200 200 200 200 200 200 200 200 200 200 200 200 200 200 200 200 200 200 200 200 200 200 200 200 200 200 200 200 200 200 200 200 200 200 200 200 200 200 200 200 200 200 200 200 200 200 200 200 200 200 200 200 200 200 200 200 200 200 200 200 200 200 200 200 200 200 200 200 200 200 200 200 200 200 200 200 200 200 200 200 200 200 200 200 200 200 200 200 200 200 200 200 200 200 200 200 200 200 200 200 200 200 200 200 200 200 200 200 200 200 200 200 200 200 200 200 200 200 200 200 200 200 200 200 200 200 200 200 200 200 200 200 200 200 200 200 200 200 200 200 200 200 200 200 200 200 200 200 200 200 200 200 200 200 200 200 200 200 200 200 200 200 200 200 200 200 200 200 200 200 200 200 200 200 200 200 200 200 200 200 200 200 200 200 200 200 200 200 200 200 200 200 200 200 200 200 200 200 200 200 200 200 200 200 200 200 200 200 200 200 200 200 200 200 200 200 200 200 200 200 200 200 200 200 200 200 200 200 200 200 200 200 200 200 200 200 200 200 200 200 200 200 200 200 200 200 200 200 200 200 200 200 200 200 200 200 200 200 200 200 200 200 200 200 200 200 200 200 200 200 200 200 200 200 200 200 200 200 200 200 200 200 200 200 200 200 200 200 200 200 200 200 200 200 200 200 200 200 200 200 200 200 200 200 200 200 200 200 200 200 200 200 200 200 200 200 200 200 200 200 200 200 200 200 200 200 200 200 200 200 200 200 200 200 200
239
200 105 135 158 38 182 192 150 61 138 145 113 72 164 78 9 199 55 181 18 123 85 26 23 102 189 195 0 53 164 70 14 62 40 59 39 82 101 11 77 136 34 95 27 183 25 18 31 119 27 194 96 116 159 168 163 95 97 182 2 19 14 42 87 140 40 22 49 74 175 76 57 113 161 146 167 97 116 99 109 103 2 179 188 66 69 106 24 158 196 64 192 32 63 188 97 100 72 182 184 6 123 145 73 23 133 144 188 15 183 131 140 196 84 20 12 26 131 67 113 178 133 133 45 113 193 144 45 31 135 110 105 67 47 89 185 8 125 144 108 91 190 132 100 132 14 128 145 95 87 187 122 125 63 116 196 15 22 57 72 2 124 178 29 129 3 149 62 157 37 89 34 129 124 111 23 3 30 32 36 19 67 12 106 26 113 89 174 165 76 193 31 166 35 75 86 182 105 140 45 138 149 193 95 29 122 35 17 136 33 29 11 24 158 39 104 99 19 182 182 81 128 86 0 123 35 113 20 142 32 35 104 3 117 107 138 128 138 176
307
20 2 4 2 19 12 17 10 11 13 13 17 7 16 2 11 3 17 14 18 0 7 20 12 12 0 2 12 10 14 3 7 18 5 17 10 5 0 8 12 20 4 0 15 10 13 18 14 3 19 1 5 8 20 2 19 3 2 2 14 12 15 16 3 14 19 9 15 4 9 10 16 11 20 4 14 14 4 14 12 2 7 8 12 8 11 20 19 4 20 8 1 9 6 10 14 0 10 16 18 4 0 1 5 7 2 11 3 15 19 18 12 8 4 13 7 9 14 14 6 8 12 10 2 10 5 16 8 11 5 5 13 6 3 15 3 0 20 9 9 13 6 20 16 1 15 19 10 5 4 1 20 2 4 8 11 13 4 14 18 5 12 8 12 0 10 8 9 2 9 0 10 7 9 14 6 20 17 7 10 9 0 20 2 20 2 19 13 11 4 12 7 11 20 2 13 8 17 11 10 14 12 20 3 18 12 1 7 11 14 14 4 9 10 5 8 2 13 5 11 0 13 7 8 11 5 8 12 3 7 4 4 14 12 6 18 12 16 11 10 3 20 14 5 2 19 6 12 1 15 14 2 8 19 9 3 19 7 9 10 12 6 10 17 5 19 18 20 2 11 1 10 1 2 3 12 19 4 16 6 11 18 8 3 0 13 13 3 5 0 20 7 14 9 11 7 14 3 10 5 6 4 6 16 20 7 8
291
200 200 200 200 200 200 200 200 200 200 200 200 200 200 200 200 200 200 200 200 200 200 200 200 200 200 200 200 200 200 200 200 200 200 200 200 200 200 200 200 200 200 200 200 200 200 200 200 200 200 200 200 200 200 200 200 200 200 200 200 200 200 200 200 200 200 200 200 200 200 200 200 200 200 200 200 200 200 200 200 200 200 200 200 200 200 200 200 200 200 200 200 200 200 200 200 200 200 200 200 200 200 200 200 200 200 200 200 200 200 200 200 200 200 200 200 200 200 200 200 200 200 200 200 200 200 200 200 200 200 200 200 200 200 200 200 200 200 200 200 200 200 200 200 200 200 200 200 200 200 200 200 200 200 200 200 200 200 200 200 200 200 200 200 200 200 200 200 200 200 200 200 200 200 200 200 200 200 200 200 200 200 200 200 200 200 200 200 200 200 200 200 200 200 200 200 200 200 200 200 200 200 200 200 200 200 200 200 200 200 200 200 200 200 200 200 200 200 200 200 200 200 200 200 200 200 200 200 200 200 200 200 200 200 200 200 200 200 200 200 200 200 200 200 200 200 200 200 200 200 200 200 200 200 200 200 200 200 200 200 200 200 200 200 200 200 200 200 200 200 200 200 200 200 200 200 200 200 200 200 200 200 200 200 200 200 200 200 200 200 200
103
0 7 9 16 8 4 16 15 5 2 11 3 11 15 17 16 6 0 6 19 10 3 3 3 12 19 16 2 13 8 20 19 18 14 8 4 9 19 9 3 16 6 11 15 10 1 19 9 13 16 3 20 12 15 8 5 1 3 11 6 7 14 10 19 15 17 1 7 13 4 8 16 3 13 0 19 8 18 4 15 20 13 5 9 8 11 4 7 2 13 19 14 10 2 2 10 9 6 4 18 13 2 13
951
12 9 15 9 12 1 196 9 0 171 166 4 3 0 154 15 19 167 14 3 18 9 150 6 12 6 12 17 167 2 15 13 15 5 13 13 188 6 20 15 7 7 6 12 179 13 192 1 16 150 2 20 18 14 0 173 200 20 17 7 198 153 169 19 2 173 12 1 14 5 183 17 7 3 9 165 176 2 4 16 18 2 0 12 19 6 3 7 7 5 0 8 190 8 179 18 10 6 9 1 0 4 179 20 13 15 17 0 3 19 5 4 14 0 5 15 155 173 14 6 162 178 12 16 0 11 6 173 170 8 10 17 153 12 174 7 0 7 1 19 16 4 168 14 13 151 8 0 6 3 8 17 19 7 3 18 11 11 11 4 19 17 173 17 11 193 16 5 17 19 13 15 2 199 16 171 159 13 14 20 4 191 7 7 16 8 5 4 5 1 7 10 0 2 18 156 195 20 7 7 2 11 10 3 166 17 1 170 10 18 12 6 8 7 10 155 6 6 6 178 18 19 10 16 10 18 3 181 8 4 18 20 6 4 7 174 174 9 20 0 1 2 172 20 186 192 8 18 171 20 16 16 198 150 2 0 0 2 196 10 163 19 172 1 3 166 178 166 19 2 185 3 17 4 190 17 3 11 2 4 18 174 11 11 4 11 6 180 8 7 11 4 6 11 14 15 181 8 16 196 15 12 198 19 192 5 6 155 3 19 12 12 18 13 0 182 3 18 4 14 7 154 16 6 3 10 6 10 176 8 3 8 9 8 13 17 11 6 185 15 198 17 14 198 163 190 7 178 11 188 173 15 8 13 16 6 18 168 8 8 20 6 15 16 152 19 17 8 150 12 4 181 9 168 2 156 1 176 15 18 11 5 15 0 19 12 20 13 16 7 10 3 5 13 167 150 1 10 16 0 8 5 18 5 20 2 0 160 13 6 8 18 6 181 12 19 5 20 6 13 14 1 7 17 11 12 167 9 181 0 0 11 10 198 15 12 0 165 0 5 6 17 1 160 12 15 170 4 4 168 20 1 6 170 11 6 1 152 164 2 12 6 173 1 6 180 18 16 14 170 0 2 159 18 163 173 2 15 3 182 4 1 18 171 6 19 19 6 15 20 18 16 20 195 2 10 7 13 12 2 8 20 11 19 3 153 185 10 17 4 14 180 10 11 18 19 6 0 195 8 9 8 17 163 3 4 9 17 176 15 15 2 6 10 16 15 5 0 20 5 13 11 14 15 0 161 8 10 17 188 1 15 10 20 196 8 15 7 18 0 13 16 15 9 6 178 153 176 195 13 1 4 12 9 4 17 190 3 7 13 158 1 18 12 7 5 182 174 185 3 6 2 15 6 11 16 1 193 13 192 10 14 18 1 4 13 14 173 14 152 12 9 14 186 1 14 4 0 189 20 0 150 9 7 16 10 0 20 16 1 8 5 3 157 20 13 195 153 1 5 152 15 19 12 11 9 19 13 185 2 199 185 2 7 10 7 7 6 4 5 11 17 181 2 18 4 4 4 1 176 10 3 11 165 8 5 5 150 20 185 1 0 20 4 1 1 4 20 4 0 8 11 20 5 7 14 9 1 5 20 1 161 14 13 165 200 8 7 200 8 13 9 158 17 4 5 10 6 161 6 179 18 11 17 9 8 186 8 9 11 11 8 3 180 8 11 6 12 0 14 11 187 16 10 1 186 15 3 2 12 10 16 9 2 3 20 13 9 9 8 11 13 183 18 3 5 4 190 5 0 0 1 164 5 9 16 13 159 8 13 1 10 6 187 9 18 4 7 156 159 14 1 13 5 3 9 9 16 12 3 12 12 5 11 1 1 6 9 190 15 9 9 1 181 9 3 175 13 0 20 15 11 10 5 6 182 2 20 155 16 197 19 13 164 186 19 15 12 169 10 158 9 9 17 182 10 3 7 9 18 10 6 9 153 7 16 5 4 194 18 18 10 14 196 5 0 7 2 5 7 1 3 14 20 14 173 14 166 8 0 6 6 2 12 0 7 7 3 4 11 199 166 152 6 15 15 152 15 6 0 17 10 8 4 17 10 20 17 194 12 197 182 167 18 9 9 178 6 186 153 12 5 20 10 8 8 9 199 18 5 6 16 150 6 1 15 19 166 190 1 16 7 0 7 184 18 9 11 1 159 13
864
0 0 0 0 0 0 0 0 0 0 0 0 0 0 0 0 0 0 0 0 0 0 0 0 0 0 0 0 0 0 0 0 0 0 0 0 0 0 0 0 0 0 0 0 0 0 0 0 0 0 0 0 0 0 0 0 0 0 0 0 0 0 0 0 0 0 0 0 0 0 0 0 0 0 0 0 0 0 0 0 0 0 0 0 0 0 0 0 0 0 0 0 0 0 0 0 0 0 0 0 0 0 0 0 0 0 0 0 0 0 0 0 0 0 0 0 0 0 0 0 0 0 0 0 0 0 0 0 0 0 0 0 0 0 0 0 0 0 0 0 0 0 0 0 0 0 0 0 0 0 0 0 0 0 0 0 0 0 0 0 0 0 0 0 0 0 0 0 0 0 0 0 0 0 0 0 0 0 0 0 0 0 0 0 0 0 0 0 0 0 0 0 0 0 0 0 0 0 0 0 0 0 0 0 0 0 0 0 0 0 0 0 0 0 0 0 0 0 0 0 0 0 0 0 0 0 0 0 0 0 0 0 0 0 0 0 0 0 0 0 0 0 0 0 0 0 0 0 0 0 0 0 0 0 0 0 0 0 0 0 0 0 0 0 0 0 0 0 0 0 0 0 0 0 0 0 0 0 0 0 0 0 0 0 0 0 0 0 0 0 0 0 0 0 0 0 0 0 0 0 0 0 0 0 0 0 0 0 0 0 0 0 0 0 0 0 0 0 0 0 0 0 0 0 0 0 0 0 0 0 0 0 0 0 0 0 0 0 0 0 0 0 0 0 0 0 0 0 0 0 0 0 0 0 0 0 0 0 0 0 0 0 0 0 0 0 0 0 0 0 0 0 0 0 0 0 0 0 0 0 0 0 0 0 0 0 0 0 0 0 0 0 0 0 0 0 0 0 0 0 0 0 0 0 0 0 0 0 0 0 0 0 0 0 0 0 0 0 0 0 0 0 0 0 0 0 0 0 0 0 0 0 0 0 0 0 0 0 0 0 0 0 0 0 0 0 0 0 0 0 0 0 0 0 0 0 0 0 0 0 0 0 0 0 0 0 0 0 0 0 0 0 0 0 0 0 0 0 0 0 0 0 0 0 0 0 0 0 0 0 0 0 0 0 0 0 0 0 0 0 0 0 0 0 0 0 0 0 0 0 0 0 0 0 0 0 0 0 0 0 0 0 0 0 0 0 0 0 0 0 0 0 0 0 0 0 0 0 0 0 0 0 0 0 0 0 0 0 0 0 0 0 0 0 0 0 0 0 0 0 0 0 0 0 0 0 0 0 0 0 0 0 0 0 0 0 0 0 0 0 0 0 0 0 0 0 0 0 0 0 0 0 0 0 0 0 0 0 0 0 0 0 0 0 0 0 0 0 0 0 0 0 0 0 0 0 0 0 0 0 0 0 0 0 0 0 0 0 0 0 0 0 0 0 0 0 0 0 0 0 0 0 0 0 0 0 0 0 0 0 0 0 0 0 0 0 0 0 0 0 0 0 0 0 0 0 0 0 0 0 0 0 0 0 0 0 0 0 0 0 0 0 0 0 0 0 0 0 0 0 0 0 0 0 0 0 0 0 0 0 0 0 0 0 0 0 0 0 0 0 0 0 0 0 0 0 0 0 0 0 0 0 0 0 0 0 0 0 0 0 0 0 0 0 0 0 0 0 0 0 0 0 0 0 0 0 0 0 0 0 0 0 0 0 0 0 0 0 0 0 0 0 0 0 0 0 0 0 0 0 0 0 0 0 0 0 0 0 0 0 0 0 0 0 0 0 0 0 0 0 0 0 0 0 0 0 0 0 0 0 0 0 0 0 0 0 0 0 0 0 0 0 0 0 0 0 0 0 0 0 0 0 0 0 0 0 0 0 0 0 0 0 0 0 0 0 0 0 0 0 0 0 0 0 0 0 0 0 0 0 0 0 0 0 0 0 0 0 0 0 0 0 0 0
558
0 200 82 64 102 76 82 79 62 65 83 77 104 87 93 55 73 58 81 50 108 57 61 105 116 52 95 96 107 96 116 95 64 71 90 109 93 67 117 80 81 107 113 95 93 100 75 111 80 70 110 87 74 68 78 89 79 51 87 90 55 50 100 95 55 87 52 53 88 79 86 64 118 120 120 56 68 101 88 71 93 94 103 95 69 90 67 109 120 117 106 77 97 110 89 72 93 71 63 118 95 60 102 101 80 106 79 62 51 98 92 71 112 79 103 62 57 87 117 81 60 55 116 85 102 119 109 53 62 80 76 85 51 99 67 50 94 83 54 84 58 110 85 93 59 75 104 108 106 110 84 109 74 92 115 114 60 114 62 86 72 79 59 69 57 59 84 99 112 51 120 74 59 55 94 110 70 68 98 105 98 80 103 85 57 110 110 68 110 92 120 76 97 97 107 60 84 56 94 74 116 103 105 115 62 107 86 95 55 71 54 114 54 105 60 96 58 108 52 114 96 72 77 86 113 102 70 59 84 106 88 112 118 106 115 53 56 105 53 91 73 104 98 98 119 110 119 106 96 84 109 118 76 98 89 106 64 63 80 70 68 64 65 83 117 51 76 84 120 70 71 76 81 61 80 63 79 79 80 92 84 65 51 62 119 113 71 88 73 66 58 63 93 120 113 70 61 53 117 74 93 78 55 116 59 70 77 81 57 81 93 52 65 106 80 68 107 109 104 61 71 65 56 59 86 89 119 88 120 58 96 115 93 60 53 64 55 119 50 100 105 118 73 52 52 85 109 75 64 109 105 89 103 90 116 62 97 113 104 112 65 62 92 71 66 62 108 105 82 95 118 106 52 57 68 73 73 74 80 96 60 68 96 120 76 81 63 54 117 58 71 105 52 107 64 104 58 72 74 102 57 78 107 102 80 102 102 84 73 91 120 87 57 54 91 66 65 117 115 98 64 117 68 76 109 103 106 92 53 95 78 108 71 88 104 115 113 51 114 89 106 92 50 107 66 69 68 88 68 57 70 114 96 76 81 56 68 99 104 52 119 52 79 115 55 81 105 112 110 71 116 76 114 57 62 95 116 118 106 57 73 64 90 83 85 118 64 57 80 67 84 53 51 73 61 52 79 53 71 55 54 89 103 59 91 100 99 115 97 73 83 74 54 119 73 87 114 72 95 71 91 118 79 103 68 114 77 74 113 116 98 114 91 70 57 103 66 67 59 120 80 86 104 50 78 115 59 99 50 112 80 115 113 119 79 114 90 200
150
17 9 164 16 153 16 5 5 155 9 2 19 15 15 195 171 1 3 18 7 182 14 2 11 10 199 5 9 162 184 0 20 176 17 4 14 19 11 11 152 6 11 8 152 5 14 0 8 156 153 15 17 19 4 164 3 13 15 15 0 17 9 168 15 13 18 198 9 0 8 175 14 10 190 163 0 19 154 182 18 5 4 18 4 0 18 171 11 7 156 6 1 16 7 12 190 13 199 16 14 20 15 10 197 0 18 197 4 10 1 20 10 4 197 185 13 153 0 190 8 20 0 1 11 19 8 14 164 17 163 16 11 7 15 175 19 8 8 173 3 4 167 13 12 6 20 1 5 14 3
330
0 0 0 0 0 0 0 0 0 0 0 0 0 0 0 0 0 0 0 0 0 0 0 0 0 0 0 0 0 0 0 0 0 0 0 0 0 0 0 0 0 0 0 0 0 0 0 0 0 0 0 0 0 0 0 0 0 0 0 0 0 0 0 0 0 0 0 0 0 0 0 0 0 0 0 0 0 0 0 0 0 0 0 0 0 0 0 0 0 0 0 0 0 0 0 0 0 0 0 0 0 0 0 0 0 0 0 0 0 0 0 0 0 0 0 0 0 0 0 0 0 0 0 0 0 0 0 0 0 0 0 0 0 0 0 0 0 0 0 0 0 0 0 0 0 0 0 0 0 0 0 0 0 0 0 0 0 0 0 0 0 0 0 0 0 0 0 0 0 0 0 0 0 0 0 0 0 0 0 0 0 0 0 0 0 0 0 0 0 0 0 0 0 0 0 0 0 0 0 0 0 0 0 0 0 0 0 0 0 0 0 0 0 0 0 0 0 0 0 0 0 0 0 0 0 0 0 0 0 0 0 0 0 0 0 0 0 0 0 0 0 0 0 0 0 0 0 0 0 0 0 0 0 0 0 0 0 0 0 0 0 0 0 0 0 0 0 0 0 0 0 0 0 0 0 0 0 0 0 0 0 0 0 0 0 0 0 0 0 0 0 0 0 0 0 0 0 0 0 0 0 0 0 0 0 0 0 0 0 0 0 0 0 0 0 0 0 0 0 0 0 0 0 0 0 0 0 0 0 0
938
130 59 18 6 60 124 178 78 69 179 155 99 89 149 133 29 132 199 63 174 102 68 148 123 199 164 164 78 38 109 84 76 89 153 197 129 88 112 129 72 99 123 111 175 48 113 80 13 50 92 146 14 94 138 197 130 190 71 182 88 177 99 163 98 114 69 112 91 35 155 131 14 108 115 42 104 37 15 39 49 107 171 88 15 67 39 155 155 172 190 112 175 146 147 49 54 64 163 136 148 17 179 2 61 175 145 131 23 22 83 53 190 186 54 50 196 20 35 181 48 85 181 112 158 105 166 49 131 160 15 72 38 24 105 58 20 141 96 104 125 70 187 30 116 162 132 12 53 195 79 18 118 45 87 165 118 156 143 155 36 167 2 124 130 158 196 190 85 181 139 45 26 21 52 171 198 127 55 47 26 160 23 36 54 91 141 130 95 166 1 114 39 103 86 44 72 37 177 184 154 137 6 133 178 77 159 6 159 126 34 37 89 40 4 98 11 85 131 191 139 113 163 189 78 32 160 29 101 71 135 136 193 61 164 199 124 178 179 21 156 86 58 64 2 12 148 164 3 120 35 133 10 48 26 42 170 151 166 109 68 108 193 190 5 2 191 165 67 38 138 127 15 64 94 23 161 169 103 144 164 176 121 136 57 96 69 31 72 41 41 159 153 120 21 28 20 127 53 158 181 175 140 24 102 167 0 73 126 33 150 19 57 96 189 18 196 157 23 53 71 13 185 193 57 117 135 181 42 42 109 3 102 161 116 121 122 198 47 88 107 45 84 33 73 150 96 102 161 170 183 90 102 61 142 21 110 198 195 166 161 138 192 19 51 105 167 108 45 160 145 105 93 121 1 33 48 123 166 4 34 172 78 57 123 129 179 158 83 71 140 87 38 94 97 2 7 62 199 145 149 163 82 118 87 172 123 48 44 48 169 193 23 127 6 77 75 149 43 117 25 99 2 52 127 159 188 70 15 43 42 179 28 20 100 167 130 89 41 9 13 149 52 123 59 103 75 59 172 54 183 183 124 61 145 64 28 3 177 8 107 59 106 120 164 76 96 99 7 101 160 168 156 18 3 24 169 153 135 84 98 154 134 56 4 88 5 12 20 123 9 154 171 86 138 83 182 23 14 25 43 66 57 148 155 164 9 34 177 200 36 17 160 2 149 142 126 123 133 81 72 93 101 121 193 19 130 148 150 113 122 116 145 198 136 37 103 103 17 50 30 197 51 46 36 128 32 155 131 44 160 182 113 164 118 183 114 176 93 84 34 133 66 91 175 85 18 23 42 191 174 154 94 94 142 63 158 98 143 150 162 34 161 163 152 96 117 50 186 121 176 67 34 30 133 80 125 78 179 177 145 163 75 15 68 64 20 27 20 180 70 30 166 6 156 144 167 34 199 197 121 25 95 142 136 187 6 29 189 42 129 184 168 190 154 97 140 44 154 124 143 113 177 44 64 179 11 169 116 92 82 12 29 183 98 126 61 114 35 137 77 139 8 112 173 37 186 189 61 118 130 107 34 103 30 95 148 199 111 46 96 124 88 119 71 118 6 166 119 137 131 174 46 193 86 61 199 148 176 50 93 50 116 152 84 168 158 119 195 66 70 83 51 147 69 24 63 200 108 55 134 71 122 92 43 78 163 83 37 22 27 54 106 78 41 92 177 148 68 4 119 126 101 32 95 36 20 11 88 134 107 33 70 158 177 185 171 115 188 59 151 92 102 151 55 99 156 194 81 144 10 77 110 124 130 134 67 50 96 31 75 185 55 50 99 113 197 18 45 140 138 182 149 127 188 42 190 86 182 115 10 143 198 189 144 194 103 43 191 194 144 67 75 4 16 51 144 177 130 20 168 111 5 146 66 34 134 191 87 60 103 67 86 78 180 146 151 112 168 50 74 163 98 104 18 81 87 104 44 126 131 135 178 74 197 73 152 193 166 43 69 17 191 40 159 71 105 37 11 95 93 185 144 175 13 168 174 170 97 25 20 171 98 186 89 157 192 188 111 56 40 85 51 172 7 25 59 52 23 45 125 121 187 55 12 180 89 31 118 37 18 178 162 74 11 48 15 24 67 109 14 82 192 41 38 63 83 23 32 48 94 98 56 162 79 110 152 124 39
772
190 198 198 198 178 190 178 190 178 190 198 178 190 178 190 190 190 198 190 190 190 198 190 198 178 198 178 190 198 190 178 198 178 178 198 178 178 178 190 190 178 178 178 178 178 178 178 178 198 190 190 178 178 178 198 178 178 178 178 198 178 198 190 198 178 178 190 198 190 198 190 178 198 190 198 178 178 178 190 198 178 198 198 198 178 198 198 190 190 178 190 190 178 178 190 198 198 198 190 198 198 198 198 190 178 178 190 190 178 178 198 178 198 178 178 178 190 198 198 178 198 178 190 198 178 190 198 190 178 178 198 178 178 190 190 190 198 198 190 198 198 190 198 178 198 198 190 190 178 198 178 178 198 198 178 190 190 178 190 178 190 198 198 178 190 190 178 190 178 178 178 178 190 190 198 178 190 178 198 198 190 190 178 178 190 190 178 198 178 198 190 178 190 190 198 190 198 198 178 178 190 190 178 198 178 178 198 198 198 190 198 190 198 190 190 178 198 190 190 190 190 178 198 198 198 190 190 198 190 178 198 178 198 190 198 178 178 198 190 190 178 198 178 198 178 198 198 178 178 178 198 190 190 178 198 198 178 178 190 178 198 178 198 190 190 198 198 190 198 178 178 198 178 198 198 178 190 198 198 190 198 178 190 190 190 198 198 198 190 190 178 198 198 198 190 178 190 190 198 190 190 190 198 190 190 198 190 198 198 198 178 198 178 190 178 178 190 178 178 190 178 178 190 178 190 190 198 190 178 198 190 198 178 198 198 198 190 178 198 178 198 190 198 178 178 190 190 190 198 198 198 178 190 178 178 178 198 198 178 190 190 198 178 178 178 178 190 190 190 198 198 178 198 178 178 178 178 198 178 198 198 190 178 190 190 198 178 198 178 178 178 190 198 178 198 190 190 178 178 198 178 190 198 198 178 198 198 190 190 178 178 198 190 198 198 178 178 190 190 198 190 198 190 178 198 190 178 178 178 178 198 190 178 190 178 178 178 178 178 198 190 178 190 198 198 190 178 190 178 198 198 198 198 178 198 178 198 198 198 190 178 190 190 190 198 178 178 198 198 178 178 198 198 178 178 178 178 178 190 198 198 178 190 198 198 190 198 198 178 198 198 198 190 198 190 178 198 198 198 198 198 190 198 198 190 198 178 178 190 198 178 198 178 198 178 198 178 190 190 190 198 198 190 190 198 198 190 178 190 198 198 178 190 190 178 178 178 190 178 178 190 178 190 178 190 198 190 198 198 178 198 190 190 198 198 190 190 198 198 178 178 190 198 178 198 178 178 190 190 190 198 178 190 190 190 198 198 190 198 198 198 198 190 178 178 190 178 190 198 178 178 190 198 198 198 190 190 190 198 190 198 178 178 198 178 190 190 198 178 178 190 178 178 190 178 190 198 190 198 178 190 190 178 190 190 198 178 190 190 178 198 178 178 190 178 190 198 190 190 190 178 198 190 190 190 178 198 198 198 190 198 198 178 190 198 178 190 178 190 198 190 198 178 178 198 190 178 190 190 178 190 178 190 178 178 198 198 190 178 198 190 190 178 178 190 190 178 178 190 198 190 178 178 178 178 190 190 178 190 178 178 178 178 190 190 198 178 178 198 190 178 198 178 190 198 190 190 198 198 190 178 198 190 198 190 178 190 178 198 190 190 198 198 190 198 198 198 178 198 178 190 178 190 198 178 190 178 198 198 178 198 178 178 190 198 178 190 190 190 198 178 178 190 178 178 190 190 190 198 198 198 178
830
0 0 0 0 0 0 0 0 0 0 0 0 0 0 0 0 0 0 0 0 0 0 0 0 0 0 0 0 0 0 0 0 0 0 0 0 0 0 0 0 0 0 0 0 0 0 0 0 0 0 0 0 0 0 0 0 0 0 0 0 0 0 0 0 0 0 0 0 0 0 0 0 0 0 0 0 0 0 0 0 0 0 0 0 0 0 0 0 0 0 0 0 0 0 0 0 0 0 0 0 0 0 0 0 0 0 0 0 0 0 0 0 0 0 0 0 0 0 0 0 0 0 0 0 0 0 0 0 0 0 0 0 0 0 0 0 0 0 0 0 0 0 0 0 0 0 0 0 0 0 0 0 0 0 0 0 0 0 0 0 0 0 0 0 0 0 0 0 0 0 0 0 0 0 0 0 0 0 0 0 0 0 0 0 0 0 0 0 0 0 0 0 0 0 0 0 0 0 0 0 0 0 0 0 0 0 0 0 0 0 0 0 0 0 0 0 0 0 0 0 0 0 0 0 0 0 0 0 0 0 0 0 0 0 0 0 0 0 0 0 0 0 0 0 0 0 0 0 0 0 0 0 0 0 0 0 0 0 0 0 0 0 0 0 0 0 0 0 0 0 0 0 0 0 0 0 0 0 0 0 0 0 0 0 0 0 0 0 0 0 0 0 0 0 0 0 0 0 0 0 0 0 0 0 0 0 0 0 0 0 0 0 0 0 0 0 0 0 0 0 0 0 0 0 0 0 0 0 0 0 0 0 0 0 0 0 0 0 0 0 0 0 0 0 0 0 0 0 0 0 0 0 0 0 0 0 0 0 0 0 0 0 0 0 0 0 0 0 0 0 0 0 0 0 0 0 0 0 0 0 0 0 0 0 0 0 0 0 0 0 0 0 0 0 0 0 0 0 0 0 0 0 0 0 0 0 0 0 0 0 0 0 0 0 0 0 0 0 0 0 0 0 0 0 0 0 0 0 0 0 0 0 0 0 0 0 0 0 0 0 0 0 0 0 0 0 0 0 0 0 0 0 0 0 0 0 0 0 0 0 0 0 0 0 0 0 0 0 0 0 0 0 0 0 0 0 0 0 0 0 0 0 0 0 0 0 0 0 0 0 0 0 0 0 0 0 0 0 0 0 0 0 0 0 0 0 0 0 0 0 0 0 0 0 0 0 0 0 0 0 0 0 0 0 0 0 0 0 0 0 0 0 0 0 0 0 0 0 0 0 0 0 0 0 0 0 0 0 0 0 0 0 0 0 0 0 0 0 0 0 0 0 0 0 0 0 0 0 0 0 0 0 0 0 0 0 0 0 0 0 0 0 0 0 0 0 0 0 0 0 0 0 0 0 0 0 0 0 0 0 0 0 0 0 0 0 0 0 0 0 0 0 0 0 0 0 0 0 0 0 0 0 0 0 0 0 0 0 0 0 0 0 0 0 0 0 0 0 0 0 0 0 0 0 0 0 0 0 0 0 0 0 0 0 0 0 0 0 0 0 0 0 0 0 0 0 0 0 0 0 0 0 0 0 0 0 0 0 0 0 0 0 0 0 0 0 0 0 0 0 0 0 0 0 0 0 0 0 0 0 0 0 0 0 0 0 0 0 0 0 0 0 0 0 0 0 0 0 0 0 0 0 0 0 0 0 0 0 0 0 0 0 0 0 0 0 0 0 0 0 0 0 0 0 0 0 0 0 0 0 0 0 0 0 0 0 0 0 0 0 0 0 0 0 0 0 0 0 0 0 0 0 0 0 0 0 0 0 0 0 0 0 0 0 0 0 0 0 0 0 0 0 0 0 0 0 0 0 0 0 0 0 0 0 0 0 0 0 0 0 0 0 0 0 0 0 0 0 0 0 0 0 0 0 0 0 0 0 0 0
41
159 14 162 187 10 174 9 9 4 7 9 16 0 20 14 8 11 8 8 6 12 12 1 15 18 16 14 13 15 177 7 10 158 154 9 19 18 7 5 14 194
983
0 200 64 105 58 88 93 89 56 97 87 55 66 93 94 80 75 100 82 79 94 61 92 67 92 71 76 92 64 102 110 72 50 105 75 53 78 97 74 89 64 76 111 98 106 102 103 101 74 72 60 59 73 101 66 53 68 69 100 65 94 73 100 105 58 101 107 72 59 118 113 111 51 58 118 61 82 113 113 86 72 65 59 95 72 89 65 61 104 100 84 57 57 92 119 53 59 106 68 104 104 117 108 90 118 68 102 89 92 99 119 50 58 111 85 51 113 77 88 107 78 106 52 69 102 73 94 97 84 93 111 102 97 65 113 74 64 116 61 60 54 64 115 74 85 77 74 106 70 107 66 97 115 107 70 118 50 105 82 56 78 104 85 64 68 115 102 81 85 71 107 98 100 107 101 62 111 82 112 65 64 75 118 74 107 107 113 54 108 56 109 72 64 112 105 50 59 65 66 70 53 81 65 86 97 64 103 113 98 100 54 109 53 63 79 60 72 83 68 97 96 80 82 88 97 76 95 97 62 55 95 95 102 112 65 73 111 95 80 75 60 89 84 84 60 62 97 53 118 96 58 68 53 61 63 95 101 63 87 65 87 52 67 91 77 61 75 86 115 94 84 56 81 105 74 118 59 110 78 103 54 109 84 73 53 71 108 61 108 82 115 67 76 109 64 70 119 51 55 76 120 113 89 89 90 108 95 54 105 110 91 93 81 101 63 89 87 56 98 82 93 87 112 85 81 96 59 63 93 113 103 57 69 83 78 70 51 102 59 115 78 95 50 92 61 56 62 86 100 53 62 52 111 93 75 96 59 56 115 88 51 69 115 74 114 86 89 112 67 89 119 65 52 103 120 118 110 56 70 72 85 116 111 71 52 98 101 103 68 50 79 63 56 105 67 114 114 76 120 69 98 78 82 64 62 53 85 110 101 56 76 70 83 110 59 105 59 109 113 72 114 103 73 68 77 116 108 107 89 114 115 51 58 111 61 120 92 79 91 83 98 97 90 84 86 93 84 119 60 55 115 109 108 98 98 66 85 81 83 88 62 79 71 115 109 107 81 119 83 59 58 97 83 66 73 66 101 74 98 67 53 105 109 107 66 51 78 91 53 103 67 73 115 108 89 118 53 91 103 120 105 78 85 69 102 79 94 91 118 97 102 88 87 118 109 95 63 90 119 83 113 86 72 92 95 66 99 72 117 70 87 97 64 101 77 86 84 103 115 89 84 116 70 66 111 74 84 96 96 61 99 103 64 70 66 88 87 80 81 67 85 54 81 104 85 119 114 104 77 62 93 56 71 58 97 66 102 64 71 101 62 88 67 81 51 96 110 88 77 66 52 103 67 110 82 65 65 65 89 103 93 82 59 92 109 114 105 113 111 85 91 110 82 80 62 115 92 76 68 55 58 120 71 74 104 76 50 103 68 73 90 62 63 55 109 110 101 50 75 120 103 75 91 87 115 82 55 88 87 102 53 55 74 58 91 54 112 58 90 65 116 85 80 100 50 94 104 103 68 90 114 67 68 110 91 79 108 116 79 81 110 57 82 71 61 59 87 79 69 88 86 91 113 98 52 84 120 52 71 63 114 85 110 74 63 115 61 119 90 98 58 116 86 113 63 75 102 79 99 62 83 104 57 71 107 107 51 85 115 120 98 51 79 89 56 75 83 51 58 58 92 113 55 60 69 81 111 107 72 93 107 107 114 108 106 96 51 77 96 75 118 114 79 82 70 80 81 118 106 111 93 120 77 96 64 114 100 90 54 51 91 73 73 73 96 83 83 87 83 94 100 67 104 61 58 94 62 63 81 94 65 82 83 102 100 68 50 102 120 95 65 69 56 66 73 56 120 60 66 60 66 81 90 71 76 108 50 110 105 76 95 68 94 71 53 96 107 87 115 57 70 100 101 113 104 73 111 62 93 74 73 99 95 85 63 74 108 52 79 108 94 82 56 57 95 78 63 60 54 93 113 59 82 111 100 113 53 104 64 72 65 91 97 61 50 117 120 61 88 92 98 76 82 97 76 88 60 113 118 83 85 116 50 96 102 105 94 109 50 73 102 95 71 104 56 75 91 70 114 54 64 110 90 88 106 99 102 119 110 119 120 73 99 51 117 119 112 77 75 115 117 94 72 112 105 87 65 51 95 120 81 97 76 99 72 105 82 72 52 69 92 114 70 75 116 68 59 65 109 71 74 107 100 80 68 81 70 88 91 94 112 105 200
425
72 168 124 81 63 193 26 183 39 175 138 195 15 40 132 175 60 94 127 179 23 40 150 36 193 106 129 104 186 79 171 168 45 124 90 15 83 197 24 46 71 81 112 34 71 94 191 49 27 85 165 169 19 37 200 42 60 133 98 199 126 32 198 1 77 86 65 30 60 170 57 20 10 61 193 35 185 31 13 161 5 200 9 154 32 92 154 18 30 100 85 145 43 71 81 1 131 24 154 51 155 198 76 118 4 167 46 34 8 17 83 66 119 99 168 118 129 100 6 99 165 150 30 177 113 31 185 12 4 165 11 158 105 154 115 81 86 87 59 146 100 52 91 145 48 45 89 66 160 174 42 139 62 158 123 35 157 166 166 161 125 23 44 145 74 160 132 60 114 103 190 177 184 112 79 38 143 21 75 60 37 99 38 45 73 0 135 38 83 174 63 38 127 44 200 46 54 104 20 96 3 25 54 60 108 187 2 187 31 153 195 141 183 47 119 188 187 31 88 54 139 154 136 91 137 179 71 6 38 113 72 189 48 50 129 60 136 99 6 195 3 141 129 145 177 91 17 17 123 30 139 79 136 173 36 158 113 93 98 122 147 120 166 61 102 3 62 155 121 193 22 6 22 77 22 84 21 184 20 154 9 126 71 39 96 34 161 125 154 143 40 177 16 129 39 122 166 162 9 35 27 96 89 194 5 169 53 136 199 158 138 11 158 126 29 61 42 108 117 36 119 185 8 35 141 146 43 200 32 81 48 142 87 105 27 88 21 23 132 56 41 15 49 145 127 165 158 193 123 166 53 176 163 58 143 123 127 163 89 52 101 52 113 150 100 61 41 192 140 51 127 116 44 9 68 60 61 151 6 188 115 114 16 17 96 138 157 93 75 124 30 194 149 4 21 130 145 126 34 175 161 171 94 8 83 175 102 68 125 7 99 152 113 195 174 70 181 195 64 53 54 124 153 0 47
968
0 200 79 119 98 76 85 115 82 114 106 51 80 115 100 59 100 102 66 72 60 63 93 86 59 75 114 112 69 115 61 83 92 72 117 96 110 109 65 66 103 51 80 57 92 106 58 117 53 109 104 86 114 74 115 75 86 118 111 117 94 51 83 91 78 95 98 115 71 68 65 78 113 77 88 97 56 66 94 69 101 97 97 72 69 110 68 101 66 91 101 74 103 73 75 120 68 81 72 108 59 60 98 119 65 113 95 91 66 91 95 82 110 65 66 114 107 54 79 106 107 94 119 89 53 54 67 69 93 50 61 65 85 98 103 105 80 116 54 75 84 99 94 59 115 84 77 88 67 86 85 74 116 60 82 62 73 83 92 106 88 58 58 52 64 108 58 103 51 99 93 74 92 98 87 99 106 92 85 62 66 84 90 106 78 77 68 89 69 91 67 67 98 81 84 59 94 109 77 78 87 97 88 85 95 84 50 64 72 117 104 118 115 105 82 87 60 118 63 110 62 96 68 66 72 106 104 64 87 90 109 61 79 82 53 92 88 60 95 117 96 83 75 56 70 106 61 84 57 84 117 95 52 98 96 90 98 95 66 62 57 53 116 113 79 69 119 72 120 97 65 74 67 55 76 78 113 87 62 114 67 66 65 58 60 119 57 112 75 74 98 53 107 104 61 65 90 95 69 80 62 58 106 118 77 89 104 80 106 86 111 119 64 119 93 119 77 58 56 63 113 54 99 108 71 101 76 90 55 57 80 64 53 109 71 90 83 100 86 87 67 113 97 92 79 113 60 103 98 55 74 56 109 91 87 80 74 99 104 72 90 77 120 104 88 68 82 56 91 69 52 116 74 64 71 101 94 56 71 70 51 62 77 58 115 96 55 115 106 61 51 91 80 65 52 120 102 87 114 69 80 77 76 111 51 61 91 75 80 115 50 77 62 63 116 79 113 84 85 111 61 57 106 102 85 103 119 113 109 89 87 64 54 104 77 61 70 85 57 74 114 63 73 61 79 91 63 110 116 71 69 116 112 76 90 63 116 59 98 80 107 64 65 82 77 64 57 105 120 79 51 82 86 71 65 55 115 62 78 70 96 59 95 119 69 90 82 80 82 110 114 110 66 67 83 61 113 91 118 63 64 90 61 83 81 87 64 70 76 64 79 76 53 81 105 115 95 108 95 117 79 59 81 118 78 100 70 90 63 109 82 101 91 78 105 54 65 63 115 107 90 101 111 54 96 116 107 107 109 62 111 96 93 62 113 72 86 120 76 69 72 54 98 55 93 80 66 50 65 71 68 117 68 72 105 50 84 57 51 76 60 106 83 77 52 87 118 89 52 115 111 99 51 117 112 120 112 64 94 109 65 118 70 83 57 60 106 105 88 117 71 82 88 75 68 82 52 57 60 97 79 83 93 76 97 66 74 70 92 81 112 88 109 53 62 51 113 73 109 75 66 63 110 110 98 51 109 56 93 97 101 117 81 74 85 89 70 94 70 74 57 83 57 81 63 70 118 108 83 62 63 106 103 95 56 77 79 61 54 108 93 78 107 51 106 58 96 95 97 111 78 90 67 84 109 107 82 89 110 64 70 82 85 68 107 92 74 96 82 67 73 100 70 108 52 102 120 54 86 88 54 89 60 82 76 114 103 66 72 114 71 82 55 80 79 75 81 114 112 113 94 74 77 75 83 55 75 79 66 118 97 68 67 77 96 95 113 82 97 70 59 68 55 51 117 96 74 90 75 115 113 90 120 97 63 112 108 84 100 63 112 62 69 97 67 90 77 50 50 77 63 91 98 87 54 107 52 100 68 56 92 72 60 104 110 74 62 118 65 64 93 59 113 71 81 66 76 62 105 65 69 69 83 71 63 61 51 109 69 75 68 84 69 82 72 95 54 71 120 101 107 110 106 55 110 112 88 115 51 113 59 113 53 83 83 103 89 94 86 68 58 57 51 62 102 57 119 95 85 53 58 118 94 86 120 109 113 54 100 73 51 94 96 84 116 120 84 78 63 104 72 69 105 92 91 80 113 104 105 69 113 90 107 93 80 62 114 62 85 101 116 62 118 55 100 74 101 69 58 67 67 73 105 97 77 112 115 102 68 51 76 90 111 106 93 79 67 88 97 58 61 107 107 93 55 111 108 74 73 115 117 96 59 97 93 111 117 95 61 107 78 120 50 112 103 116 58 200
660
2 164 198 2 10 150 4 2 6 6 9 5 4 17 190 11 167 4 17 1 2 10 183 9 174 14 0 20 17 17 18 163 4 13 7 20 18 12 154 182 5 1 170 16 4 1 5 19 20 2 15 1 8 5 13 8 8 16 3 18 16 12 13 8 181 1 10 2 153 166 13 161 9 19 1 181 161 14 10 17 3 0 8 10 3 6 164 154 18 15 3 194 8 7 6 1 1 0 170 1 17 1 9 10 194 5 10 2 4 10 18 4 9 171 15 164 10 17 191 1 4 6 7 11 9 183 15 7 1 9 3 6 5 12 10 17 9 2 2 15 1 20 18 167 17 1 3 7 15 16 16 9 1 5 0 13 10 8 16 176 7 18 0 1 16 17 15 189 6 20 12 13 163 17 14 4 167 10 7 17 5 16 3 4 11 6 2 5 3 3 6 11 17 7 7 188 168 10 8 8 3 19 12 159 6 5 11 8 15 20 195 2 15 12 185 0 164 5 182 6 1 10 18 19 17 6 2 19 19 13 195 12 8 1 156 8 18 17 8 4 10 9 20 17 189 2 11 3 9 1 160 18 8 18 18 7 180 195 7 0 156 15 5 2 7 8 3 15 4 1 13 13 13 13 10 6 183 17 19 9 8 16 176 16 19 4 19 5 191 9 14 8 20 189 176 4 19 169 2 156 8 3 197 151 4 19 164 193 20 0 15 18 2 184 20 13 8 17 16 18 8 17 17 19 7 18 7 13 5 8 15 2 8 12 174 13 3 17 195 3 16 19 17 16 18 175 9 16 154 7 16 8 16 193 10 18 18 1 16 6 13 1 4 6 190 4 4 18 2 158 19 20 12 7 7 5 6 18 18 3 7 167 20 2 165 16 10 1 155 170 5 4 9 0 16 10 14 15 18 171 1 14 18 2 2 3 1 2 174 194 18 153 5 6 8 12 161 8 16 8 18 166 18 5 3 5 183 10 196 16 151 8 8 9 4 4 11 188 9 20 19 12 9 14 20 18 13 13 10 9 10 2 16 18 1 3 15 6 16 12 9 0 11 4 19 0 8 13 196 17 3 179 2 5 160 12 153 18 5 159 3 2 18 185 20 14 15 6 16 4 13 5 10 12 11 8 6 5 8 9 5 5 0 8 15 4 195 11 1 172 158 20 3 8 4 18 189 1 7 152 10 12 11 1 7 19 20 10 194 169 3 16 16 7 6 18 182 11 15 17 17 12 1 9 13 8 18 5 166 8 16 1 2 20 7 11 18 14 11 9 1 186 7 19 176 9 4 9 12 1 12 17 10 155 9 18 3 3 14 19 5 0 8 166 14 6 1 12 14 10 7 1 15 9 16 18 7 12 11 2 191 19 7 13 0 19 7 159 5 180 199 2 15 13 164 6 175 18 17 13 8 11 2 4 155 9 15 16 167 7 13 12 16 12 161 19 11 2 12 18 180 7 17 15 18 11 8 9 171 13 20 177 195 11 18 3 192 19 152 7
396
84 84 84 21 84 80 80 142 84 80 80 21 21 84 21 21 21 84 84 21 21 21 84 142 21 84 142 142 80 84 80 142 21 84 84 142 142 21 80 84 142 80 21 142 21 80 21 142 142 84 84 21 80 21 21 21 142 80 142 142 21 142 84 80 142 80 80 80 80 142 80 80 80 142 84 21 142 21 80 21 21 21 80 21 80 80 21 80 80 21 142 142 142 84 142 84 142 142 80 84 80 80 21 142 84 142 80 142 84 80 80 21 80 142 21 84 142 84 80 21 21 80 80 21 142 21 21 21 80 21 80 142 80 142 84 84 142 21 80 84 84 84 84 80 142 84 21 80 80 142 80 80 84 142 142 21 80 21 80 80 84 84 21 142 142 142 142 80 142 21 21 84 84 80 84 80 84 142 21 21 80 84 84 21 21 21 80 80 84 21 80 142 84 21 142 142 142 21 80 84 84 142 142 80 21 84 21 21 84 80 21 21 80 142 142 84 142 80 142 21 84 21 80 21 21 80 142 142 142 80 80 84 142 84 142 21 21 84 21 21 80 84 142 80 142 142 142 84 80 21 142 142 84 142 84 84 84 142 142 84 142 21 84 21 142 84 80 21 21 80 80 142 80 142 142 21 80 80 84 80 21 80 142 142 80 21 80 21 80 84 80 142 80 142 84 80 21 21 21 80 84 21 21 80 142 84 21 80 21 80 80 142 80 142 21 80 80 84 80 21 80 142 80 84 21 21 21 142 21 84 142 80 142 84 21 84 142 80 84 21 142 21 84 21 80 142 84 80 84 142 21 80 84 84 142 142 80 142 80 80 80 80 80 142 80 80 21 80 80 84 80 80 84 21 142 142 21 80 21 80 80 84 84 142 142 84 80 84 80 21 84 142 142 142 80 84
566
0 200 80 96 66 71 108 54 118 118 105 87 104 104 89 51 99 118 52 52 74 85 109 54 52 103 120 103 103 61 59 116 81 114 92 54 94 51 79 63 64 112 99 115 102 117 111 94 52 114 65 70 60 89 64 106 78 114 117 85 57 78 109 82 109 77 107 90 96 101 99 104 55 83 119 51 95 92 66 59 105 61 50 99 114 107 100 83 118 103 63 76 76 104 107 58 91 95 85 78 110 69 62 55 52 96 109 74 105 70 114 107 95 71 114 72 110 76 57 77 112 63 70 67 99 111 71 77 116 78 96 96 70 51 93 109 100 112 60 87 105 111 104 94 80 117 116 64 67 92 55 73 97 106 50 64 80 55 115 87 106 78 116 117 53 54 67 82 66 113 74 63 112 62 88 70 96 117 83 119 108 117 115 102 76 107 83 57 85 118 68 80 111 98 75 55 59 111 86 104 110 55 63 97 61 102 53 115 109 101 67 93 58 90 75 97 50 77 88 68 113 69 104 73 88 119 55 83 75 70 71 93 69 92 118 105 81 60 66 82 106 52 54 104 75 99 84 110 91 97 116 107 115 119 88 58 102 69 120 57 98 68 94 77 64 52 99 81 114 74 54 58 51 84 111 68 102 115 112 110 69 54 64 116 118 72 67 52 96 85 94 85 78 98 82 77 56 55 111 61 103 91 94 82 95 74 100 94 78 98 106 89 86 56 62 113 54 103 80 106 94 90 104 94 83 93 107 67 52 98 108 79 79 62 111 60 78 53 85 93 102 88 112 55 95 102 116 67 105 95 80 61 74 77 84 106 102 70 61 110 116 66 69 89 71 55 120 100 73 108 69 100 117 67 112 113 85 61 104 97 102 114 102 74 78 83 97 119 78 117 90 110 88 67 96 64 70 118 55 55 68 84 90 82 106 53 105 85 93 100 54 80 118 71 86 111 113 54 106 73 92 115 87 106 80 109 93 73 116 55 54 51 95 103 103 92 65 93 70 52 106 79 59 112 100 75 52 109 64 116 64 89 108 109 77 65 79 99 50 79 86 77 96 82 58 82 94 119 118 109 113 53 90 60 66 55 99 65 89 110 100 85 70 98 118 81 104 69 66 62 54 94 50 88 75 79 107 61 91 109 71 108 60 58 89 62 51 51 55 80 93 61 58 92 51 74 98 70 57 89 84 75 77 106 85 115 94 87 80 92 95 95 87 98 107 76 106 109 52 75 66 80 66 72 105 59 87 63 55 97 109 88 117 110 71 68 67 71 117 75 91 73 107 120 110 200
78
0 0 0 0 0 0 0 0 0 0 0 0 0 0 0 0 0 0 0 0 0 0 0 0 0 0 0 0 0 0 0 0 0 0 0 0 0 0 0 0 0 0 0 0 0 0 0 0 0 0 0 0 0 0 0 0 0 0 0 0 0 0 0 0 0 0 0 0 0 0 0 0 0 0 0 0 0 0
395
47 15 92 119 90 47 92 92 90 135 15 92 47 90 119 92 135 90 47 92 90 119 47 135 135 15 90 15 119 90 47 92 47 119 15 135 15 135 15 92 15 119 92 119 47 135 90 90 92 119 135 92 47 15 119 135 135 90 92 90 92 47 47 92 47 15 92 15 90 15 47 15 119 92 47 47 92 90 47 92 47 119 90 92 47 47 15 47 135 92 92 119 119 135 135 15 92 119 47 90 90 135 15 90 90 119 47 15 135 92 15 15 15 47 15 92 47 92 90 47 90 90 92 90 90 119 90 47 90 135 135 92 90 90 119 92 47 15 90 135 47 119 47 92 92 135 90 135 92 135 47 119 119 119 92 135 135 119 119 92 92 119 15 119 15 135 92 92 135 119 92 135 119 119 90 135 15 15 47 15 92 90 92 92 135 92 90 47 135 119 90 119 15 135 119 119 15 90 92 92 135 92 47 119 47 119 119 15 47 92 119 92 47 119 92 119 90 47 90 135 15 90 135 90 47 47 15 92 135 90 15 15 47 135 90 135 135 92 47 135 90 90 135 135 119 92 47 135 47 90 135 90 135 47 119 47 47 90 15 90 90 15 47 15 135 15 47 92 119 92 119 90 92 47 135 90 15 90 90 119 15 92 90 119 92 119 119 92 15 90 15 135 135 92 92 47 15 15 90 135 135 135 119 15 90 92 15 119 47 135 135 119 47 90 119 135 135 15 15 47 47 119 90 92 119 90 92 135 135 15 135 92 135 119 119 92 119 15 15 90 92 47 135 47 90 90 92 92 47 135 119 90 135 90 92 92 119 135 90 135 135 92 92 135 47 135 119 90 119 47 47 135 15 119 135 90 90 47 92 92 119 47 135 119 135 135 92 92 135 119 119 15 92 92 119
662
56 29 1 60 16 122 190 8 100 21 169 97 140 55 144 79 171 167 153 135 74 42 143 169 193 59 25 126 96 26 76 128 177 162 127 84 109 163 32 9 193 47 180 48 198 30 13 119 73 138 2 155 140 61 186 142 150 91 15 176 143 41 69 186 0 124 8 158 65 9 200 192 173 162 49 99 116 36 172 190 60 33 130 175 30 49 196 62 175 190 162 154 11 158 67 22 91 135 62 24 141 103 85 162 186 9 13 152 17 174 130 83 84 61 81 62 188 104 80 199 147 183 136 33 26 143 51 188 104 53 72 134 60 192 38 106 98 92 79 182 156 150 127 33 172 197 159 147 120 90 192 94 24 7 195 87 182 173 176 118 18 116 130 49 178 26 45 78 193 52 63 190 10 42 117 67 11 117 102 95 100 48 59 26 33 192 54 53 110 136 26 66 56 34 28 33 30 164 49 51 164 23 146 103 174 70 192 169 92 94 21 187 159 147 74 199 163 142 98 43 78 185 164 53 78 63 2 188 112 187 93 148 62 58 96 142 111 58 191 156 143 174 40 197 193 62 79 111 146 184 172 10 0 181 31 12 121 151 193 68 162 122 24 46 88 4 33 30 124 108 122 145 178 145 124 165 156 74 95 176 120 21 32 10 9 75 56 137 127 106 149 57 40 47 142 6 174 24 108 160 154 39 171 93 133 25 18 43 1 61 52 96 83 199 116 55 185 41 180 57 81 12 23 54 174 55 11 180 55 139 138 142 196 29 124 106 93 3 63 172 48 192 131 122 81 17 123 112 130 166 6 96 107 179 14 105 135 54 72 56 150 106 174 150 128 169 171 93 108 68 62 21 173 123 116 96 169 126 10 113 22 177 141 149 164 115 118 20 74 160 26 70 11 63 125 185 197 76 33 24 114 183 132 152 57 83 182 173 100 170 198 46 156 147 39 91 86 70 162 188 175 80 97 23 19 52 80 2 162 81 178 118 122 148 94 3 134 79 11 114 168 148 110 75 124 191 135 123 158 108 176 59 172 112 101 81 35 50 17 144 121 167 178 180 143 116 142 28 51 76 94 152 129 181 113 48 75 115 186 122 11 111 107 64 112 2 175 85 146 197 97 189 66 33 127 47 120 59 148 135 137 40 165 189 154 90 174 116 64 117 126 118 111 123 166 122 64 15 60 151 40 21 11 176 119 80 54 125 36 10 94 19 64 41 86 116 141 30 178 114 89 132 165 185 128 130 156 200 31 135 138 144 39 13 163 120 141 103 164 17 32 7 38 136 104 111 132 85 67 179 8 111 19 139 49 143 64 144 179 14 148 127 44 48 116 2 172 155 28 183 174 47 55 73 192 62 167 107 85 56 19 97 93 113 119 156 113 20 90 107 199 62 69 27 186 135 150 98 4 135 73 199 44 164 94 135 82 136 181 19 192 61 175 25 16 96 25 79 76 101 146 44 198 130 91 56 163 12 160 194 125 88 91 190 193 16 153 168 145 59 58 12
2
92 58
860
185 165 10 1 16 11 20 11 19 7 13 151 151 153 184 3 17 12 18 157 12 191 186 161 171 19 2 162 5 5 183 18 13 3 19 11 198 4 14 9 14 175 9 0 10 191 8 189 5 14 8 151 17 4 20 9 198 20 19 4 12 4 18 1 17 4 11 178 15 9 5 3 159 6 150 12 12 9 6 18 11 10 198 191 16 19 6 13 5 13 12 4 10 20 15 13 20 0 11 17 174 19 7 4 1 15 8 8 19 187 20 0 9 10 0 183 2 9 5 18 3 4 178 10 13 16 154 8 169 5 15 195 17 5 150 10 184 10 10 159 2 9 173 5 6 4 17 5 14 1 10 13 15 19 17 18 10 2 4 190 14 18 190 10 4 6 198 8 8 19 171 1 20 3 161 167 197 13 8 11 164 14 10 18 5 18 6 6 2 4 11 10 19 5 2 16 164 12 20 14 1 14 3 168 13 12 15 4 19 18 5 20 0 181 16 7 14 0 10 2 4 2 16 156 7 2 0 1 10 7 10 5 185 6 14 15 19 7 2 2 4 165 19 184 189 12 182 13 14 12 179 10 11 3 169 11 13 17 0 17 18 19 150 3 5 13 0 3 2 155 4 10 181 188 12 6 192 1 12 13 12 20 185 181 10 20 17 177 12 196 178 159 0 6 19 2 17 0 6 150 11 6 200 5 189 7 192 5 179 12 163 153 14 157 16 3 8 18 5 5 158 19 5 200 4 13 17 20 14 11 15 4 2 10 11 18 189 2 12 17 10 4 6 10 6 18 20 13 14 16 157 157 18 14 10 20 157 13 162 6 19 7 16 3 7 185 13 17 19 7 14 17 9 17 5 11 6 14 12 157 152 18 19 11 2 20 17 14 160 16 16 1 16 15 16 19 19 179 10 13 171 5 17 7 12 174 4 178 5 7 20 199 16 193 12 19 20 20 194 11 171 8 1 8 16 11 15 173 15 12 5 4 194 186 7 7 10 6 164 150 3 12 17 17 8 12 19 152 7 4 14 6 13 3 1 7 7 13 157 10 7 155 16 183 181 9 8 2 3 7 7 3 6 5 10 18 12 200 15 0 5 6 3 172 13 11 17 172 195 6 11 20 7 189 4 8 184 3 11 9 18 17 1 14 11 4 20 152 4 1 3 1 6 17 0 13 162 6 12 14 4 6 16 18 13 185 0 17 157 20 8 2 11 9 15 6 16 15 15 13 8 6 10 158 6 19 189 186 168 17 18 15 14 13 7 3 188 2 1 2 15 20 159 152 195 182 17 185 3 161 9 150 8 19 196 19 9 16 20 11 4 1 14 1 11 18 18 158 20 20 16 17 6 7 10 10 11 180 14 180 14 6 3 20 18 9 7 4 154 19 167 5 10 17 1 4 0 19 4 1 8 12 19 183 5 8 2 7 17 7 15 19 183 9 17 14 15 18 179 18 14 180 178 170 170 19 11 10 17 0 152 176 8 12 0 14 20 0 192 3 10 4 6 191 15 12 9 13 162 18 7 4 0 0 152 7 6 13 12 14 1 3 1 163 7 198 10 8 6 5 14 0 15 161 11 8 7 19 3 1 7 17 16 7 8 4 13 12 12 188 4 9 9 4 12 10 13 9 10 6 18 163 151 5 163 167 5 185 7 1 12 4 3 7 3 8 11 20 164 11 11 158 8 0 20 0 158 0 172 7 13 1 11 7 1 18 7 3 5 11 7 6 18 4 10 0 20 11 3 183 184 9 2 172 8 189 3 14 8 20 16 15 12 7 152 9 14 164 13 14 9 16 19 3 6 7 2 150 11 10 150 179 13 4 3 14 172 11 14 6 6 18 5 8 6 0 15 4 20 19 16 0 2 19 10 1 17 187 7 17 14 172 19 12 3 19 19 7 4 3 3 20 8 1 9 188 15 7 13 12 14 180 3 152 0 15 20 20 12 0
283
160 193 160 160 98 98 126 98 106 193 98 21 21 160 126 126 193 98 126 193 160 193 160 160 160 21 160 106 98 160 126 160 160 21 21 193 126 98 126 21 106 126 193 98 160 21 160 160 21 21 193 106 193 160 193 98 106 193 98 98 193 193 193 126 160 160 98 193 193 193 106 21 98 126 106 193 160 106 126 160 106 21 106 98 160 126 160 160 106 21 193 126 106 193 160 193 98 160 126 193 98 106 106 98 160 160 193 98 160 126 106 160 21 160 98 98 160 21 98 98 98 21 98 106 160 193 193 126 193 160 126 21 126 160 106 106 106 160 106 106 21 126 160 193 98 106 98 126 98 106 106 98 193 126 21 106 193 193 160 106 21 126 21 193 21 98 106 126 126 98 160 106 21 160 21 21 193 98 106 98 106 126 106 106 21 193 193 160 98 21 21 193 193 193 160 193 160 160 21 21 160 193 193 126 106 160 126 160 21 106 126 106 160 126 106 126 21 126 193 98 98 193 106 98 160 126 98 98 160 106 98 160 126 126 21 98 106 160 106 98 21 193 126 160 98 160 160 98 193 106 193 21 98 106 126 126 193 21 193 126 160 21 193 98 193 98 126 21 98 126 193 106 21 193 21 98 160 106 160 106 21 21 98
780
142 46 12 12 52 12 142 142 52 46 12 52 52 52 52 46 52 46 12 12 142 46 46 12 12 46 52 52 46 12 142 12 46 46 52 46 46 142 12 46 46 46 52 52 46 52 12 52 12 142 142 52 142 46 46 142 46 46 142 46 12 52 142 46 142 52 46 142 142 142 12 46 12 142 142 12 46 46 46 46 142 52 52 52 12 12 12 12 46 142 142 52 12 12 52 142 46 46 12 12 12 52 12 46 12 52 12 46 142 46 12 52 12 142 52 46 12 12 12 12 12 142 12 12 12 46 142 52 12 142 12 46 46 46 142 12 12 46 12 12 46 46 142 142 46 46 52 46 12 52 46 46 142 52 12 142 12 52 12 142 52 46 142 52 142 142 52 46 46 46 46 52 142 142 12 142 46 46 46 52 52 46 52 12 142 12 52 12 12 12 12 46 46 46 46 142 142 12 12 12 52 12 12 12 12 46 12 12 142 12 52 142 12 52 52 46 12 46 46 12 46 142 142 12 46 52 46 142 12 52 52 46 142 12 142 142 142 46 52 142 46 52 52 52 46 12 12 52 52 12 46 12 142 12 142 142 52 12 46 12 46 142 52 46 142 142 46 142 12 46 142 46 142 12 142 52 52 142 12 46 12 12 12 52 142 142 142 142 12 142 142 52 12 142 12 142 46 12 46 52 142 46 52 52 46 12 12 12 52 52 46 142 46 52 52 12 46 142 12 12 46 12 46 142 52 52 52 52 142 46 46 12 46 52 12 46 52 142 52 52 12 142 52 52 12 52 52 46 12 12 52 52 52 142 142 12 52 52 12 52 142 52 52 46 46 46 142 46 12 52 52 142 142 46 142 142 46 46 12 12 12 52 52 12 12 52 12 142 12 12 142 142 142 46 46 142 46 12 52 12 52 52 52 12 12 46 52 52 12 12 142 142 12 142 12 142 142 142 52 142 52 142 52 52 142 52 12 142 142 52 52 46 142 12 52 142 12 142 46 12 12 52 52 142 46 142 52 46 52 12 12 46 12 46 142 12 46 12 12 52 52 46 142 52 142 142 52 12 46 46 52 52 12 52 142 12 52 142 52 52 46 12 142 52 142 52 46 12 46 12 46 12 46 46 52 142 46 12 142 52 46 12 12 12 12 12 12 46 52 52 12 12 46 52 142 142 12 52 12 52 12 12 12 52 142 142 46 52 52 12 12 46 12 12 12 142 12 46 52 46 46 12 142 12 12 52 142 142 12 12 142 142 52 12 142 46 142 52 142 142 142 142 12 142 142 46 12 46 46 142 46 46 12 12 46 46 52 46 52 12 52 12 52 52 142 12 52 12 52 46 46 46 46 52 12 12 46 142 46 12 142 46 12 12 52 52 12 12 12 52 46 142 142 12 46 12 52 46 142 142 12 46 52 46 142 52 12 52 52 12 12 12 12 52 52 12 52 52 46 52 52 52 46 12 142 46 46 46 12 46 12 142 46 46 52 46 12 142 142 46 46 142 142 142 52 142 12 142 52 46 12 46 142 46 52 12 12 12 46 52 52 12 46 52 46 46 12 12 52 46 46 52 12 142 12 46 12 52 52 142 46 46 12 52 46 46 142 46 46 12 12 46 142 142 52 12 142 52 52 142 142 46 142 12 52 142 52 46 142 52 52 142 142 142 52 12 52 142 52 12 46 46 52 12 142 46 52 142 52 12 52 52 12 52 46 12 52 52 142 142 46 12 52 142 52 142 52 46 142 142 142 46 142 12 52 46 52 12 52 46
95
0 0 0 0 0 0 0 0 0 0 0 0 0 0 0 0 0 0 0 0 0 0 0 0 0 0 0 0 0 0 0 0 0 0 0 0 0 0 0 0 0 0 0 0 0 0 0 0 0 0 0 0 0 0 0 0 0 0 0 0 0 0 0 0 0 0 0 0 0 0 0 0 0 0 0 0 0 0 0 0 0 0 0 0 0 0 0 0 0 0 0 0 0 0 0
220
0 0 0 0 0 0 0 0 0 0 0 0 0 0 0 0 0 0 0 0 0 0 0 0 0 0 0 0 0 0 0 0 0 0 0 0 0 0 0 0 0 0 0 0 0 0 0 0 0 0 0 0 0 0 0 0 0 0 0 0 0 0 0 0 0 0 0 0 0 0 0 0 0 0 0 0 0 0 0 0 0 0 0 0 0 0 0 0 0 0 0 0 0 0 0 0 0 0 0 0 0 0 0 0 0 0 0 0 0 0 0 0 0 0 0 0 0 0 0 0 0 0 0 0 0 0 0 0 0 0 0 0 0 0 0 0 0 0 0 0 0 0 0 0 0 0 0 0 0 0 0 0 0 0 0 0 0 0 0 0 0 0 0 0 0 0 0 0 0 0 0 0 0 0 0 0 0 0 0 0 0 0 0 0 0 0 0 0 0 0 0 0 0 0 0 0 0 0 0 0 0 0 0 0 0 0 0 0 0 0 0 0 0 0 0 0 0 0 0 0
270
0 0 0 0 0 0 0 0 0 0 0 0 0 0 0 0 0 0 0 0 0 0 0 0 0 0 0 0 0 0 0 0 0 0 0 0 0 0 0 0 0 0 0 0 0 0 0 0 0 0 0 0 0 0 0 0 0 0 0 0 0 0 0 0 0 0 0 0 0 0 0 0 0 0 0 0 0 0 0 0 0 0 0 0 0 0 0 0 0 0 0 0 0 0 0 0 0 0 0 0 0 0 0 0 0 0 0 0 0 0 0 0 0 0 0 0 0 0 0 0 0 0 0 0 0 0 0 0 0 0 0 0 0 0 0 0 0 0 0 0 0 0 0 0 0 0 0 0 0 0 0 0 0 0 0 0 0 0 0 0 0 0 0 0 0 0 0 0 0 0 0 0 0 0 0 0 0 0 0 0 0 0 0 0 0 0 0 0 0 0 0 0 0 0 0 0 0 0 0 0 0 0 0 0 0 0 0 0 0 0 0 0 0 0 0 0 0 0 0 0 0 0 0 0 0 0 0 0 0 0 0 0 0 0 0 0 0 0 0 0 0 0 0 0 0 0 0 0 0 0 0 0 0 0 0 0 0 0 0 0 0 0 0 0 0 0 0 0 0 0
239
2 7 156 164 6 20 9 5 1 0 12 11 19 15 13 5 8 0 7 17 171 12 2 171 170 18 2 0 13 7 19 16 20 8 2 16 20 13 11 1 20 9 5 13 19 7 14 1 5 18 10 5 13 153 8 6 152 16 13 18 8 6 3 0 182 17 8 2 1 189 198 6 7 8 9 18 4 14 2 20 6 3 6 167 1 3 18 17 20 2 5 19 15 11 1 20 6 13 180 7 1 1 20 12 17 151 15 193 6 165 10 13 9 181 187 20 173 150 6 10 20 5 20 20 14 9 195 11 17 13 155 17 5 14 6 11 5 20 169 5 20 195 19 20 176 20 2 18 20 4 10 6 155 197 7 7 3 162 8 8 186 20 18 19 181 4 3 173 12 17 196 14 3 12 9 10 6 3 6 5 15 15 2 16 166 0 13 2 13 14 15 0 166 18 4 1 161 18 19 5 6 2 20 197 182 9 153 191 158 164 9 10 4 10 16 166 13 16 5 18 163 8 18 5 1 16 5 14 0 13 14 1 2 190 1 2 162 1 2
43
0 200 112 60 82 120 53 74 97 105 116 76 87 81 76 77 55 100 61 100 86 70 64 63 110 102 67 77 117 77 70 106 50 66 81 55 50 102 90 75 56 89 200
30
0 200 105 81 86 105 119 116 60 94 75 115 59 54 69 63 114 81 73 72 86 112 112 78 53 114 53 108 58 200
863
74 58 123 58 130 9 84 63 20 183 35 153 200 121 58 3 180 37 155 93 199 50 53 173 93 121 37 161 126 122 185 166 151 151 100 86 184 88 150 165 32 50 93 198 140 38 95 55 88 90 60 58 69 2 127 76 66 154 86 36 124 121 160 36 36 3 187 185 109 168 115 166 112 196 98 113 12 12 66 162 164 144 86 87 159 105 22 43 44 23 170 196 146 11 60 85 99 130 36 176 146 109 132 24 171 65 142 16 52 180 78 1 32 24 191 53 72 144 163 198 124 95 4 56 49 165 196 25 187 162 147 186 163 165 107 111 186 80 26 193 65 166 198 13 110 153 21 60 104 107 67 112 183 77 51 121 3 117 92 8 18 44 101 127 172 187 76 63 173 200 52 3 36 122 73 119 116 122 34 4 46 65 23 106 160 182 144 77 152 187 132 153 81 52 61 114 96 165 191 117 9 36 101 8 103 104 119 19 168 162 191 94 91 168 97 58 48 17 166 66 97 40 153 46 177 33 200 143 10 15 116 74 184 178 67 68 101 30 67 70 20 80 195 69 103 92 11 156 143 86 80 110 92 150 191 154 138 184 193 66 56 95 74 182 91 19 35 26 123 189 50 150 193 170 118 26 133 101 185 104 38 112 25 65 101 80 52 99 126 139 14 158 2 142 170 138 173 0 115 98 72 19 109 199 125 15 81 162 175 170 44 43 129 60 181 195 0 109 47 63 109 175 153 197 102 138 108 17 27 8 200 48 60 113 77 108 175 164 66 92 96 56 65 145 77 145 148 163 77 172 199 39 189 97 171 29 150 17 144 141 109 198 199 35 55 121 184 157 117 191 180 31 25 5 150 153 33 182 180 187 193 21 18 176 12 16 80 130 181 163 98 89 87 172 126 178 13 187 20 3 37 164 152 41 60 166 41 62 142 131 94 96 58 138 162 37 35 95 89 26 34 164 58 89 87 130 106 147 114 40 125 115 148 21 146 0 64 156 37 110 67 124 115 106 193 138 2 21 4 35 147 83 75 128 158 38 36 66 9 2 127 144 40 134 49 99 73 82 124 71 160 38 120 163 51 0 25 77 13 149 136 86 28 191 190 52 65 118 174 21 180 192 126 135 137 67 163 10 92 72 157 128 29 138 100 135 37 167 144 152 116 125 176 27 75 80 41 76 59 126 12 65 200 159 18 84 136 98 173 98 16 122 125 85 157 6 164 16 29 27 123 103 42 154 43 50 173 117 167 152 178 12 97 6 85 192 103 29 134 91 37 131 14 127 140 192 46 2 13 69 197 75 178 135 6 80 134 106 114 46 196 15 195 188 22 132 174 36 173 94 6 100 122 160 31 133 154 188 185 24 39 98 109 1 93 126 151 181 118 108 20 66 144 6 61 13 20 56 28 69 142 40 19 91 72 157 55 12 135 185 45 92 73 115 63 114 99 40 99 117 23 111 125 119 198 77 189 109 67 0 197 100 170 115 33 104 0 128 101 11 16 60 156 76 170 107 110 193 80 112 103 109 129 192 73 108 148 150 64 139 55 2 103 184 36 103 178 150 5 94 42 70 3 1 125 170 173 41 180 54 146 188 173 73 110 60 152 193 59 184 39 14 148 179 4 17 19 168 36 98 53 120 24 72 155 9 107 20 12 27 77 119 155 106 120 197 13 110 26 143 184 127 64 186 87 136 101 35 75 8 100 194 159 83 179 87 102 149 161 17 131 68 145 1 198 60 9 115 195 194 172 166 105 170 200 70 77 32 124 187 72 166 194 35 118 20 127 152 107 24 167 167 59 8 20 75 80 156 133 89 70 147 3 26 72 192 146 13 160 189 0 88 61 74 40 90 106 191 171 173 156 194 136 130 133 70 119 137 6 147 92 75 52 105 20 135 114 38 67 76 128 9 144 110 160 9 179 25 155 137 5 97 170 127 174 125 42 78 26 175 19 93 25
546
0 200 79 88 100 109 62 54 87 116 116 119 109 101 82 102 63 60 89 73 108 63 72 102 59 61 112 117 89 90 107 113 108 78 119 80 58 98 73 101 103 113 57 85 84 92 101 65 78 67 85 67 64 93 58 90 50 112 80 76 61 58 95 111 83 86 66 69 68 119 89 106 80 106 117 92 58 76 114 71 73 79 115 118 60 68 99 117 99 114 90 98 95 60 60 88 97 105 116 120 111 57 119 109 87 115 95 51 84 110 55 59 64 98 51 83 107 74 90 99 67 109 93 74 54 99 50 93 90 119 87 53 98 90 76 54 87 96 120 70 111 86 107 72 84 112 91 102 70 74 89 99 109 81 109 92 68 59 67 96 112 120 90 112 76 65 86 112 118 112 112 112 92 77 114 53 64 60 82 56 72 83 53 70 119 108 50 67 64 95 108 63 55 111 76 108 90 64 75 60 71 62 70 65 74 92 111 60 61 62 74 75 50 82 52 54 76 115 105 82 104 52 51 101 58 81 66 60 64 69 109 107 110 93 52 67 64 58 79 53 56 91 86 116 117 66 65 74 87 90 70 75 67 55 93 115 83 111 63 86 96 111 73 83 82 59 100 87 64 83 64 115 53 51 53 72 110 77 117 53 62 116 112 83 110 79 96 63 114 66 64 118 115 78 103 118 87 86 53 97 102 64 80 113 70 79 53 102 51 69 100 96 96 56 80 68 105 76 100 103 72 100 103 65 108 93 88 65 75 92 112 50 76 86 56 56 65 101 86 114 79 96 79 91 104 60 68 97 73 53 79 76 71 52 59 107 76 111 69 116 117 70 111 120 106 109 83 120 103 54 111 66 103 64 94 55 70 113 113 114 68 92 73 116 68 75 80 83 54 58 86 117 96 69 70 65 93 56 74 95 110 88 96 74 112 86 57 107 115 83 88 63 53 108 56 113 78 105 88 64 67 85 89 119 79 76 96 67 66 102 110 57 118 103 111 61 54 56 107 93 69 79 69 84 112 67 88 84 119 115 55 89 112 114 62 107 67 115 115 51 58 98 92 98 98 66 56 112 110 84 116 53 66 117 86 96 71 56 69 99 73 102 61 58 82 103 63 109 72 111 59 59 59 89 87 92 52 91 96 95 98 67 78 110 93 106 118 82 66 52 52 105 71 78 100 74 105 81 85 63 66 69 110 52 84 76 83 66 72 51 61 59 108 75 59 112 73 118 95 50 96 105 104 72 76 200
650
0 200 100 119 73 102 94 113 79 105 119 116 61 85 55 107 64 61 118 109 77 116 65 115 81 119 100 59 54 120 58 106 62 68 103 79 115 90 56 95 70 83 72 53 118 52 84 60 98 54 73 57 92 67 103 90 82 64 70 112 103 62 81 58 105 110 57 81 110 64 117 66 78 96 56 115 55 115 116 78 105 77 94 53 57 89 55 90 71 65 64 89 68 92 77 70 114 56 112 79 93 62 99 113 109 65 53 101 93 61 88 55 116 115 76 114 96 97 51 75 93 100 107 66 100 57 65 82 68 108 104 71 94 118 82 97 54 116 72 69 105 60 94 85 84 116 60 86 57 78 114 80 98 100 94 53 82 57 83 91 79 111 95 95 119 58 72 114 80 96 90 77 64 65 98 98 119 117 85 53 65 71 117 84 63 62 110 101 92 62 115 60 55 102 58 82 117 95 80 113 94 67 50 98 98 111 60 91 118 53 65 59 58 74 101 118 107 91 118 71 82 116 57 107 85 96 98 92 86 114 58 103 113 65 115 72 68 61 76 71 78 102 93 50 109 93 98 58 73 102 114 118 100 107 77 53 55 97 99 70 115 112 115 86 66 107 99 119 69 95 56 55 70 68 51 78 97 73 94 85 67 79 101 52 95 57 59 84 85 58 56 54 86 72 99 67 89 50 101 54 73 106 73 73 96 78 112 120 81 86 101 56 62 111 110 95 100 65 97 97 94 72 73 73 92 65 82 111 117 71 78 56 50 107 101 51 105 83 106 54 101 114 59 101 80 77 56 70 100 70 61 82 76 109 52 53 112 76 55 83 64 52 93 68 77 108 98 77 116 73 71 87 114 104 60 53 78 81 115 65 80 103 115 113 94 50 66 86 98 109 85 52 84 115 90 117 82 95 91 119 72 80 64 81 117 60 85 52 110 118 62 56 68 54 52 80 96 67 67 85 70 71 68 75 120 107 90 69 89 54 99 86 117 104 72 89 54 108 93 78 119 68 81 66 100 59 66 76 114 114 89 115 96 82 96 62 89 94 88 72 119 81 107 87 119 62 105 54 52 89 55 93 96 78 78 112 55 86 59 59 70 75 54 53 113 105 108 86 94 120 98 88 100 70 112 66 107 86 102 59 55 74 98 93 89 76 78 75 59 53 108 93 75 98 118 54 103 120 86 91 111 105 112 93 116 90 83 119 105 106 77 107 82 97 92 69 60 65 72 117 99 57 120 75 72 99 114 117 74 68 109 65 72 63 116 111 105 101 77 66 77 63 84 94 67 120 109 107 85 98 113 98 117 56 73 82 77 93 117 92 72 76 95 64 116 94 89 55 100 99 82 81 78 64 60 120 50 70 56 91 87 76 62 120 116 54 107 60 60 72 71 60 114 91 106 70 111 61 91 114 64 84 59 115 55 90 72 68 112 72 84 56 87 64 84 80 71 111 54 116 88 63 84 119 99 120 58 83 81 200
352
200 200 200 200 200 200 200 200 200 200 200 200 200 200 200 200 200 200 200 200 200 200 200 200 200 200 200 200 200 200 200 200 200 200 200 200 200 200 200 200 200 200 200 200 200 200 200 200 200 200 200 200 200 200 200 200 200 200 200 200 200 200 200 200 200 200 200 200 200 200 200 200 200 200 200 200 200 200 200 200 200 200 200 200 200 200 200 200 200 200 200 200 200 200 200 200 200 200 200 200 200 200 200 200 200 200 200 200 200 200 200 200 200 200 200 200 200 200 200 200 200 200 200 200 200 200 200 200 200 200 200 200 200 200 200 200 200 200 200 200 200 200 200 200 200 200 200 200 200 200 200 200 200 200 200 200 200 200 200 200 200 200 200 200 200 200 200 200 200 200 200 200 200 200 200 200 200 200 200 200 200 200 200 200 200 200 200 200 200 200 200 200 200 200 200 200 200 200 200 200 200 200 200 200 200 200 200 200 200 200 200 200 200 200 200 200 200 200 200 200 200 200 200 200 200 200 200 200 200 200 200 200 200 200 200 200 200 200 200 200 200 200 200 200 200 200 200 200 200 200 200 200 200 200 200 200 200 200 200 200 200 200 200 200 200 200 200 200 200 200 200 200 200 200 200 200 200 200 200 200 200 200 200 200 200 200 200 200 200 200 200 200 200 200 200 200 200 200 200 200 200 200 200 200 200 200 200 200 200 200 200 200 200 200 200 200 200 200 200 200 200 200 200 200 200 200 200 200 200 200 200 200 200 200 200 200 200 200 200 200 200 200 200 200 200 200 200 200 200 200 200 200
966
200 200 200 200 200 200 200 200 200 200 200 200 200 200 200 200 200 200 200 200 200 200 200 200 200 200 200 200 200 200 200 200 200 200 200 200 200 200 200 200 200 200 200 200 200 200 200 200 200 200 200 200 200 200 200 200 200 200 200 200 200 200 200 200 200 200 200 200 200 200 200 200 200 200 200 200 200 200 200 200 200 200 200 200 200 200 200 200 200 200 200 200 200 200 200 200 200 200 200 200 200 200 200 200 200 200 200 200 200 200 200 200 200 200 200 200 200 200 200 200 200 200 200 200 200 200 200 200 200 200 200 200 200 200 200 200 200 200 200 200 200 200 200 200 200 200 200 200 200 200 200 200 200 200 200 200 200 200 200 200 200 200 200 200 200 200 200 200 200 200 200 200 200 200 200 200 200 200 200 200 200 200 200 200 200 200 200 200 200 200 200 200 200 200 200 200 200 200 200 200 200 200 200 200 200 200 200 200 200 200 200 200 200 200 200 200 200 200 200 200 200 200 200 200 200 200 200 200 200 200 200 200 200 200 200 200 200 200 200 200 200 200 200 200 200 200 200 200 200 200 200 200 200 200 200 200 200 200 200 200 200 200 200 200 200 200 200 200 200 200 200 200 200 200 200 200 200 200 200 200 200 200 200 200 200 200 200 200 200 200 200 200 200 200 200 200 200 200 200 200 200 200 200 200 200 200 200 200 200 200 200 200 200 200 200 200 200 200 200 200 200 200 200 200 200 200 200 200 200 200 200 200 200 200 200 200 200 200 200 200 200 200 200 200 200 200 200 200 200 200 200 200 200 200 200 200 200 200 200 200 200 200 200 200 200 200 200 200 200 200 200 200 200 200 200 200 200 200 200 200 200 200 200 200 200 200 200 200 200 200 200 200 200 200 200 200 200 200 200 200 200 200 200 200 200 200 200 200 200 200 200 200 200 200 200 200 200 200 200 200 200 200 200 200 200 200 200 200 200 200 200 200 200 200 200 200 200 200 200 200 200 200 200 200 200 200 200 200 200 200 200 200 200 200 200 200 200 200 200 200 200 200 200 200 200 200 200 200 200 200 200 200 200 200 200 200 200 200 200 200 200 200 200 200 200 200 200 200 200 200 200 200 200 200 200 200 200 200 200 200 200 200 200 200 200 200 200 200 200 200 200 200 200 200 200 200 200 200 200 200 200 200 200 200 200 200 200 200 200 200 200 200 200 200 200 200 200 200 200 200 200 200 200 200 200 200 200 200 200 200 200 200 200 200 200 200 200 200 200 200 200 200 200 200 200 200 200 200 200 200 200 200 200 200 200 200 200 200 200 200 200 200 200 200 200 200 200 200 200 200 200 200 200 200 200 200 200 200 200 200 200 200 200 200 200 200 200 200 200 200 200 200 200 200 200 200 200 200 200 200 200 200 200 200 200 200 200 200 200 200 200 200 200 200 200 200 200 200 200 200 200 200 200 200 200 200 200 200 200 200 200 200 200 200 200 200 200 200 200 200 200 200 200 200 200 200 200 200 200 200 200 200 200 200 200 200 200 200 200 200 200 200 200 200 200 200 200 200 200 200 200 200 200 200 200 200 200 200 200 200 200 200 200 200 200 200 200 200 200 200 200 200 200 200 200 200 200 200 200 200 200 200 200 200 200 200 200 200 200 200 200 200 200 200 200 200 200 200 200 200 200 200 200 200 200 200 200 200 200 200 200 200 200 200 200 200 200 200 200 200 200 200 200 200 200 200 200 200 200 200 200 200 200 200 200 200 200 200 200 200 200 200 200 200 200 200 200 200 200 200 200 200 200 200 200 200 200 200 200 200 200 200 200 200 200 200 200 200 200 200 200 200 200 200 200 200 200 200 200 200 200 200 200 200 200 200 200 200 200 200 200 200 200 200 200 200 200 200 200 200 200 200 200 200 200 200 200 200 200 200 200 200 200 200 200 200 200 200 200 200 200 200 200 200 200 200 200 200 200 200 200 200 200 200 200 200 200 200 200 200 200 200 200 200 200 200 200 200 200 200 200 200 200 200 200 200 200 200 200 200 200 200 200 200 200 200 200 200 200 200 200 200 200 200 200 200 200 200 200 200 200 200 200 200 200 200 200 200 200 200 200 200 200 200 200 200 200 200 200 200 200 200 200 200 200 200 200 200 200 200 200 200 200 200 200 200 200 200 200 200 200 200 200 200 200 200
605
0 0 0 0 0 0 0 0 0 0 0 0 0 0 0 0 0 0 0 0 0 0 0 0 0 0 0 0 0 0 0 0 0 0 0 0 0 0 0 0 0 0 0 0 0 0 0 0 0 0 0 0 0 0 0 0 0 0 0 0 0 0 0 0 0 0 0 0 0 0 0 0 0 0 0 0 0 0 0 0 0 0 0 0 0 0 0 0 0 0 0 0 0 0 0 0 0 0 0 0 0 0 0 0 0 0 0 0 0 0 0 0 0 0 0 0 0 0 0 0 0 0 0 0 0 0 0 0 0 0 0 0 0 0 0 0 0 0 0 0 0 0 0 0 0 0 0 0 0 0 0 0 0 0 0 0 0 0 0 0 0 0 0 0 0 0 0 0 0 0 0 0 0 0 0 0 0 0 0 0 0 0 0 0 0 0 0 0 0 0 0 0 0 0 0 0 0 0 0 0 0 0 0 0 0 0 0 0 0 0 0 0 0 0 0 0 0 0 0 0 0 0 0 0 0 0 0 0 0 0 0 0 0 0 0 0 0 0 0 0 0 0 0 0 0 0 0 0 0 0 0 0 0 0 0 0 0 0 0 0 0 0 0 0 0 0 0 0 0 0 0 0 0 0 0 0 0 0 0 0 0 0 0 0 0 0 0 0 0 0 0 0 0 0 0 0 0 0 0 0 0 0 0 0 0 0 0 0 0 0 0 0 0 0 0 0 0 0 0 0 0 0 0 0 0 0 0 0 0 0 0 0 0 0 0 0 0 0 0 0 0 0 0 0 0 0 0 0 0 0 0 0 0 0 0 0 0 0 0 0 0 0 0 0 0 0 0 0 0 0 0 0 0 0 0 0 0 0 0 0 0 0 0 0 0 0 0 0 0 0 0 0 0 0 0 0 0 0 0 0 0 0 0 0 0 0 0 0 0 0 0 0 0 0 0 0 0 0 0 0 0 0 0 0 0 0 0 0 0 0 0 0 0 0 0 0 0 0 0 0 0 0 0 0 0 0 0 0 0 0 0 0 0 0 0 0 0 0 0 0 0 0 0 0 0 0 0 0 0 0 0 0 0 0 0 0 0 0 0 0 0 0 0 0 0 0 0 0 0 0 0 0 0 0 0 0 0 0 0 0 0 0 0 0 0 0 0 0 0 0 0 0 0 0 0 0 0 0 0 0 0 0 0 0 0 0 0 0 0 0 0 0 0 0 0 0 0 0 0 0 0 0 0 0 0 0 0 0 0 0 0 0 0 0 0 0 0 0 0 0 0 0 0 0 0 0 0 0 0 0 0 0 0 0 0 0 0 0 0 0 0 0 0 0 0 0 0 0 0 0 0 0 0 0 0 0 0 0 0 0 0 0 0 0 0
389
200 200 200 200 200 200 200 200 200 200 200 200 200 200 200 200 200 200 200 200 200 200 200 200 200 200 200 200 200 200 200 200 200 200 200 200 200 200 200 200 200 200 200 200 200 200 200 200 200 200 200 200 200 200 200 200 200 200 200 200 200 200 200 200 200 200 200 200 200 200 200 200 200 200 200 200 200 200 200 200 200 200 200 200 200 200 200 200 200 200 200 200 200 200 200 200 200 200 200 200 200 200 200 200 200 200 200 200 200 200 200 200 200 200 200 200 200 200 200 200 200 200 200 200 200 200 200 200 200 200 200 200 200 200 200 200 200 200 200 200 200 200 200 200 200 200 200 200 200 200 200 200 200 200 200 200 200 200 200 200 200 200 200 200 200 200 200 200 200 200 200 200 200 200 200 200 200 200 200 200 200 200 200 200 200 200 200 200 200 200 200 200 200 200 200 200 200 200 200 200 200 200 200 200 200 200 200 200 200 200 200 200 200 200 200 200 200 200 200 200 200 200 200 200 200 200 200 200 200 200 200 200 200 200 200 200 200 200 200 200 200 200 200 200 200 200 200 200 200 200 200 200 200 200 200 200 200 200 200 200 200 200 200 200 200 200 200 200 200 200 200 200 200 200 200 200 200 200 200 200 200 200 200 200 200 200 200 200 200 200 200 200 200 200 200 200 200 200 200 200 200 200 200 200 200 200 200 200 200 200 200 200 200 200 200 200 200 200 200 200 200 200 200 200 200 200 200 200 200 200 200 200 200 200 200 200 200 200 200 200 200 200 200 200 200 200 200 200 200 200 200 200 200 200 200 200 200 200 200 200 200 200 200 200 200 200 200 200 200 200 200 200 200 200 200 200 200 200 200 200 200 200 200 200 200 200 200 200 200
137
70 55 55 70 55 55 70 55 70 55 70 55 70 55 70 55 55 70 70 70 70 55 70 55 70 70 55 70 55 55 70 55 70 55 55 55 55 55 70 70 70 55 70 70 70 70 55 55 70 70 70 55 55 55 55 70 70 70 55 70 70 55 70 70 70 70 70 70 70 70 70 55 70 70 55 55 70 55 55 55 55 70 70 70 70 55 55 55 55 55 55 70 55 70 70 70 70 70 55 55 55 55 55 55 70 55 70 55 55 55 55 70 70 55 55 70 55 70 55 70 70 55 55 55 70 70 55 70 70 70 55 70 70 70 55 55 70
444
200 200 200 200 200 200 200 200 200 200 200 200 200 200 200 200 200 200 200 200 200 200 200 200 200 200 200 200 200 200 200 200 200 200 200 200 200 200 200 200 200 200 200 200 200 200 200 200 200 200 200 200 200 200 200 200 200 200 200 200 200 200 200 200 200 200 200 200 200 200 200 200 200 200 200 200 200 200 200 200 200 200 200 200 200 200 200 200 200 200 200 200 200 200 200 200 200 200 200 200 200 200 200 200 200 200 200 200 200 200 200 200 200 200 200 200 200 200 200 200 200 200 200 200 200 200 200 200 200 200 200 200 200 200 200 200 200 200 200 200 200 200 200 200 200 200 200 200 200 200 200 200 200 200 200 200 200 200 200 200 200 200 200 200 200 200 200 200 200 200 200 200 200 200 200 200 200 200 200 200 200 200 200 200 200 200 200 200 200 200 200 200 200 200 200 200 200 200 200 200 200 200 200 200 200 200 200 200 200 200 200 200 200 200 200 200 200 200 200 200 200 200 200 200 200 200 200 200 200 200 200 200 200 200 200 200 200 200 200 200 200 200 200 200 200 200 200 200 200 200 200 200 200 200 200 200 200 200 200 200 200 200 200 200 200 200 200 200 200 200 200 200 200 200 200 200 200 200 200 200 200 200 200 200 200 200 200 200 200 200 200 200 200 200 200 200 200 200 200 200 200 200 200 200 200 200 200 200 200 200 200 200 200 200 200 200 200 200 200 200 200 200 200 200 200 200 200 200 200 200 200 200 200 200 200 200 200 200 200 200 200 200 200 200 200 200 200 200 200 200 200 200 200 200 200 200 200 200 200 200 200 200 200 200 200 200 200 200 200 200 200 200 200 200 200 200 200 200 200 200 200 200 200 200 200 200 200 200 200 200 200 200 200 200 200 200 200 200 200 200 200 200 200 200 200 200 200 200 200 200 200 200 200 200 200 200 200 200 200 200 200 200 200 200 200 200 200 200 200 200 200 200 200 200 200 200 200 200 200 200 200 200 200 200
221
200 200 200 200 200 200 200 200 200 200 200 200 200 200 200 200 200 200 200 200 200 200 200 200 200 200 200 200 200 200 200 200 200 200 200 200 200 200 200 200 200 200 200 200 200 200 200 200 200 200 200 200 200 200 200 200 200 200 200 200 200 200 200 200 200 200 200 200 200 200 200 200 200 200 200 200 200 200 200 200 200 200 200 200 200 200 200 200 200 200 200 200 200 200 200 200 200 200 200 200 200 200 200 200 200 200 200 200 200 200 200 200 200 200 200 200 200 200 200 200 200 200 200 200 200 200 200 200 200 200 200 200 200 200 200 200 200 200 200 200 200 200 200 200 200 200 200 200 200 200 200 200 200 200 200 200 200 200 200 200 200 200 200 200 200 200 200 200 200 200 200 200 200 200 200 200 200 200 200 200 200 200 200 200 200 200 200 200 200 200 200 200 200 200 200 200 200 200 200 200 200 200 200 200 200 200 200 200 200 200 200 200 200 200 200 200 200 200 200 200 200
36
0 200 59 54 72 120 83 101 101 108 88 75 95 52 105 111 86 98 70 86 75 82 85 88 117 108 118 96 88 119 58 74 106 89 75 200
542
0 200 51 99 111 52 94 100 58 89 94 101 117 74 59 55 97 76 61 88 117 86 120 115 80 93 93 86 79 60 88 96 68 105 71 89 120 99 83 79 113 56 56 88 83 86 88 110 109 92 97 112 70 55 93 82 115 55 66 119 103 53 93 55 104 104 68 69 55 119 91 103 85 69 114 62 67 75 62 82 105 107 79 116 50 71 111 72 115 101 61 90 89 59 92 90 70 62 95 61 109 84 68 113 112 73 72 89 83 99 60 101 62 114 115 114 90 88 83 99 73 78 63 51 118 55 60 82 69 89 116 59 117 54 57 112 59 107 120 69 92 73 103 69 60 110 66 116 52 95 80 81 50 71 81 96 105 54 60 108 120 65 108 88 110 70 105 56 100 78 69 94 62 93 90 78 59 104 113 59 89 82 58 84 87 95 106 104 67 88 91 58 50 60 59 51 87 73 101 78 67 107 63 107 63 104 86 95 103 62 71 66 61 96 56 58 97 116 114 104 67 101 103 106 111 93 59 117 51 56 56 103 71 77 54 69 73 96 86 115 92 92 76 88 69 75 67 102 71 115 90 63 66 51 119 93 95 110 84 87 53 69 103 110 60 57 72 93 51 100 63 63 105 114 119 118 114 99 104 63 102 117 98 108 97 80 118 99 100 62 52 97 83 53 85 101 111 64 78 87 95 63 53 119 80 67 109 80 110 119 91 97 71 77 109 82 61 76 108 120 106 59 74 70 112 53 113 85 117 62 59 85 78 80 65 57 107 110 55 64 95 118 66 54 79 104 53 93 86 56 105 78 101 86 53 112 106 81 82 88 57 69 76 99 73 104 117 94 72 85 58 117 59 56 92 96 87 73 118 61 56 103 116 99 89 76 85 63 114 99 112 120 89 51 65 73 101 79 103 67 95 80 102 78 59 88 108 87 57 115 84 64 64 63 111 82 73 118 81 63 87 53 107 57 94 95 82 61 119 74 62 103 116 106 64 51 90 91 90 68 105 104 120 53 117 79 96 117 54 57 59 79 103 59 64 53 88 107 118 77 88 85 83 86 63 80 76 52 63 58 87 107 76 90 101 69 88 94 51 69 115 91 82 101 106 112 97 105 100 119 113 101 85 103 102 81 105 74 93 57 109 83 99 104 99 89 88 114 106 107 76 91 67 118 83 113 54 110 77 115 100 57 94 92 79 61 99 90 112 82 86 73 58 119 68 80 52 56 109 118 66 200
730
200 200 200 200 200 200 200 200 200 200 200 200 200 200 200 200 200 200 200 200 200 200 200 200 200 200 200 200 200 200 200 200 200 200 200 200 200 200 200 200 200 200 200 200 200 200 200 200 200 200 200 200 200 200 200 200 200 200 200 200 200 200 200 200 200 200 200 200 200 200 200 200 200 200 200 200 200 200 200 200 200 200 200 200 200 200 200 200 200 200 200 200 200 200 200 200 200 200 200 200 200 200 200 200 200 200 200 200 200 200 200 200 200 200 200 200 200 200 200 200 200 200 200 200 200 200 200 200 200 200 200 200 200 200 200 200 200 200 200 200 200 200 200 200 200 200 200 200 200 200 200 200 200 200 200 200 200 200 200 200 200 200 200 200 200 200 200 200 200 200 200 200 200 200 200 200 200 200 200 200 200 200 200 200 200 200 200 200 200 200 200 200 200 200 200 200 200 200 200 200 200 200 200 200 200 200 200 200 200 200 200 200 200 200 200 200 200 200 200 200 200 200 200 200 200 200 200 200 200 200 200 200 200 200 200 200 200 200 200 200 200 200 200 200 200 200 200 200 200 200 200 200 200 200 200 200 200 200 200 200 200 200 200 200 200 200 200 200 200 200 200 200 200 200 200 200 200 200 200 200 200 200 200 200 200 200 200 200 200 200 200 200 200 200 200 200 200 200 200 200 200 200 200 200 200 200 200 200 200 200 200 200 200 200 200 200 200 200 200 200 200 200 200 200 200 200 200 200 200 200 200 200 200 200 200 200 200 200 200 200 200 200 200 200 200 200 200 200 200 200 200 200 200 200 200 200 200 200 200 200 200 200 200 200 200 200 200 200 200 200 200 200 200 200 200 200 200 200 200 200 200 200 200 200 200 200 200 200 200 200 200 200 200 200 200 200 200 200 200 200 200 200 200 200 200 200 200 200 200 200 200 200 200 200 200 200 200 200 200 200 200 200 200 200 200 200 200 200 200 200 200 200 200 200 200 200 200 200 200 200 200 200 200 200 200 200 200 200 200 200 200 200 200 200 200 200 200 200 200 200 200 200 200 200 200 200 200 200 200 200 200 200 200 200 200 200 200 200 200 200 200 200 200 200 200 200 200 200 200 200 200 200 200 200 200 200 200 200 200 200 200 200 200 200 200 200 200 200 200 200 200 200 200 200 200 200 200 200 200 200 200 200 200 200 200 200 200 200 200 200 200 200 200 200 200 200 200 200 200 200 200 200 200 200 200 200 200 200 200 200 200 200 200 200 200 200 200 200 200 200 200 200 200 200 200 200 200 200 200 200 200 200 200 200 200 200 200 200 200 200 200 200 200 200 200 200 200 200 200 200 200 200 200 200 200 200 200 200 200 200 200 200 200 200 200 200 200 200 200 200 200 200 200 200 200 200 200 200 200 200 200 200 200 200 200 200 200 200 200 200 200 200 200 200 200 200 200 200 200 200 200 200 200 200 200 200 200 200 200 200 200 200 200 200 200 200 200 200 200 200 200 200 200 200 200 200 200 200 200 200 200 200 200 200 200 200 200 200 200 200 200 200 200 200 200 200 200 200 200 200 200 200 200 200 200 200 200 200 200 200 200 200 200 200 200 200 200 200 200 200 200 200 200 200 200 200 200 200 200 200 200 200 200 200 200 200 200 200 200 200
39
177 0 178 153 28 90 172 62 187 111 17 148 148 100 21 197 20 95 18 28 137 127 48 116 181 15 144 177 36 100 50 141 128 43 68 126 116 4 3
311
38 48 73 48 38 38 73 38 73 73 73 48 73 73 38 73 73 73 73 73 73 73 73 48 38 48 73 38 38 73 38 48 73 73 73 73 73 73 48 73 38 38 38 73 73 38 73 48 73 73 48 38 48 73 73 38 48 48 73 48 73 73 73 48 73 38 73 73 38 48 73 38 73 73 48 38 73 38 73 38 48 38 73 73 73 73 38 73 48 73 38 48 73 73 73 48 73 73 73 73 48 48 48 48 73 48 48 48 48 38 73 73 38 73 48 73 73 73 73 73 73 73 73 73 38 48 38 48 73 48 38 73 48 38 73 73 48 38 73 38 73 73 73 73 73 73 73 73 38 73 73 73 73 73 73 48 48 73 73 38 73 73 48 73 73 48 38 48 73 38 73 73 73 48 73 73 73 73 48 73 73 73 38 73 48 48 48 73 38 73 38 73 48 73 38 73 73 38 73 73 48 48 73 73 73 73 73 73 38 73 38 73 73 38 73 48 73 48 38 38 73 38 73 73 38 48 73 73 73 73 73 48 48 73 48 73 73 38 73 73 73 48 48 73 73 73 48 38 73 38 48 73 73 38 73 38 38 73 73 48 73 73 73 48 38 73 73 73 38 73 73 48 73 48 38 73 73 48 73 48 38 38 38 73 73 48 48 38 73 48 38 73 38 73 73 73 73 73 73 48 48 48 73 48 73 38 38 73 73 73 73
366
200 200 200 200 200 200 200 200 200 200 200 200 200 200 200 200 200 200 200 200 200 200 200 200 200 200 200 200 200 200 200 200 200 200 200 200 200 200 200 200 200 200 200 200 200 200 200 200 200 200 200 200 200 200 200 200 200 200 200 200 200 200 200 200 200 200 200 200 200 200 200 200 200 200 200 200 200 200 200 200 200 200 200 200 200 200 200 200 200 200 200 200 200 200 200 200 200 200 200 200 200 200 200 200 200 200 200 200 200 200 200 200 200 200 200 200 200 200 200 200 200 200 200 200 200 200 200 200 200 200 200 200 200 200 200 200 200 200 200 200 200 200 200 200 200 200 200 200 200 200 200 200 200 200 200 200 200 200 200 200 200 200 200 200 200 200 200 200 200 200 200 200 200 200 200 200 200 200 200 200 200 200 200 200 200 200 200 200 200 200 200 200 200 200 200 200 200 200 200 200 200 200 200 200 200 200 200 200 200 200 200 200 200 200 200 200 200 200 200 200 200 200 200 200 200 200 200 200 200 200 200 200 200 200 200 200 200 200 200 200 200 200 200 200 200 200 200 200 200 200 200 200 200 200 200 200 200 200 200 200 200 200 200 200 200 200 200 200 200 200 200 200 200 200 200 200 200 200 200 200 200 200 200 200 200 200 200 200 200 200 200 200 200 200 200 200 200 200 200 200 200 200 200 200 200 200 200 200 200 200 200 200 200 200 200 200 200 200 200 200 200 200 200 200 200 200 200 200 200 200 200 200 200 200 200 200 200 200 200 200 200 200 200 200 200 200 200 200 200 200 200 200 200 200 200 200 200 200 200 200 200 200 200 200 200 200
621
200 200 200 200 200 200 200 200 200 200 200 200 200 200 200 200 200 200 200 200 200 200 200 200 200 200 200 200 200 200 200 200 200 200 200 200 200 200 200 200 200 200 200 200 200 200 200 200 200 200 200 200 200 200 200 200 200 200 200 200 200 200 200 200 200 200 200 200 200 200 200 200 200 200 200 200 200 200 200 200 200 200 200 200 200 200 200 200 200 200 200 200 200 200 200 200 200 200 200 200 200 200 200 200 200 200 200 200 200 200 200 200 200 200 200 200 200 200 200 200 200 200 200 200 200 200 200 200 200 200 200 200 200 200 200 200 200 200 200 200 200 200 200 200 200 200 200 200 200 200 200 200 200 200 200 200 200 200 200 200 200 200 200 200 200 200 200 200 200 200 200 200 200 200 200 200 200 200 200 200 200 200 200 200 200 200 200 200 200 200 200 200 200 200 200 200 200 200 200 200 200 200 200 200 200 200 200 200 200 200 200 200 200 200 200 200 200 200 200 200 200 200 200 200 200 200 200 200 200 200 200 200 200 200 200 200 200 200 200 200 200 200 200 200 200 200 200 200 200 200 200 200 200 200 200 200 200 200 200 200 200 200 200 200 200 200 200 200 200 200 200 200 200 200 200 200 200 200 200 200 200 200 200 200 200 200 200 200 200 200 200 200 200 200 200 200 200 200 200 200 200 200 200 200 200 200 200 200 200 200 200 200 200 200 200 200 200 200 200 200 200 200 200 200 200 200 200 200 200 200 200 200 200 200 200 200 200 200 200 200 200 200 200 200 200 200 200 200 200 200 200 200 200 200 200 200 200 200 200 200 200 200 200 200 200 200 200 200 200 200 200 200 200 200 200 200 200 200 200 200 200 200 200 200 200 200 200 200 200 200 200 200 200 200 200 200 200 200 200 200 200 200 200 200 200 200 200 200 200 200 200 200 200 200 200 200 200 200 200 200 200 200 200 200 200 200 200 200 200 200 200 200 200 200 200 200 200 200 200 200 200 200 200 200 200 200 200 200 200 200 200 200 200 200 200 200 200 200 200 200 200 200 200 200 200 200 200 200 200 200 200 200 200 200 200 200 200 200 200 200 200 200 200 200 200 200 200 200 200 200 200 200 200 200 200 200 200 200 200 200 200 200 200 200 200 200 200 200 200 200 200 200 200 200 200 200 200 200 200 200 200 200 200 200 200 200 200 200 200 200 200 200 200 200 200 200 200 200 200 200 200 200 200 200 200 200 200 200 200 200 200 200 200 200 200 200 200 200 200 200 200 200 200 200 200 200 200 200 200 200 200 200 200 200 200 200 200 200 200 200 200 200 200 200 200 200 200 200 200 200 200 200 200 200 200 200 200 200 200 200 200 200 200 200 200 200 200 200 200 200 200 200 200 200 200 200 200 200 200 200 200
208
138 138 28 28 28 165 165 8 165 165 28 138 184 165 28 138 184 138 138 28 28 165 8 138 28 184 165 138 165 165 138 8 138 138 138 184 8 138 28 138 28 28 138 138 8 8 184 8 165 28 184 165 138 138 8 184 28 28 184 28 165 184 28 138 138 138 165 28 28 28 8 165 184 184 28 184 165 8 8 28 184 184 28 138 138 138 138 8 184 138 165 28 28 184 184 138 28 138 184 184 28 138 28 165 8 138 138 28 138 28 8 184 184 138 138 184 184 184 165 8 8 138 8 165 138 138 138 138 138 138 165 138 184 28 165 165 28 28 8 28 28 138 28 138 165 28 165 184 138 138 138 184 8 28 165 184 8 165 165 138 28 138 138 184 8 165 184 184 165 28 165 8 28 138 138 28 28 165 165 165 28 165 184 138 165 184 28 28 8 28 8 138 184 28 28 28 184 8 138 165 184 184 8 138 165 184 184 138
228
185 196 185 185 196 185 185 196 185 196 185 185 185 196 196 196 185 196 185 196 196 185 196 196 196 185 196 196 185 196 196 185 196 196 196 196 196 196 185 196 185 185 196 196 185 185 185 185 185 185 196 196 196 185 196 185 185 185 185 185 196 196 196 196 185 196 196 185 196 185 185 196 185 196 185 185 196 196 196 196 196 196 185 185 196 185 196 185 196 196 196 196 196 185 185 196 196 185 196 196 196 196 196 185 185 196 196 196 196 196 196 196 185 185 185 196 196 196 196 196 196 196 196 196 196 196 185 196 185 185 185 185 196 196 196 196 196 185 196 196 196 196 196 196 196 196 185 196 196 196 196 196 185 196 196 196 185 185 196 196 196 196 185 196 196 185 185 196 196 185 185 185 185 196 196 185 185 185 185 185 185 196 196 185 185 196 185 185 185 185 185 196 185 185 185 185 196 196 196 196 196 185 196 196 185 196 185 185 196 196 185 196 196 185 185 185 196 196 196 185 185 185 196 185 185 185 185 185
637
20 64 176 83 150 24 5 10 40 154 44 124 93 158 154 177 136 64 96 195 58 38 103 139 175 7 81 124 173 176 83 64 198 19 164 94 69 103 131 89 7 158 144 68 84 75 46 28 193 14 4 59 172 65 161 138 58 6 35 22 0 186 93 46 29 181 100 102 91 66 66 9 106 108 102 194 97 38 166 143 146 39 35 113 79 79 171 3 136 57 22 102 121 128 107 89 46 70 17 88 188 120 65 158 15 103 48 94 147 49 64 16 185 193 87 107 70 86 70 143 80 171 47 27 143 99 128 142 154 85 56 129 19 113 97 35 126 172 11 0 53 134 84 161 47 50 41 51 182 174 192 192 124 90 125 140 51 45 128 118 9 102 54 15 18 166 20 150 139 20 106 19 9 137 175 195 47 126 106 117 62 180 114 93 139 166 40 77 95 81 29 77 93 141 141 121 138 81 172 14 128 33 87 165 60 71 190 122 146 133 6 125 156 12 131 84 99 200 4 10 31 85 101 184 180 30 196 5 61 96 125 35 99 120 99 166 1 81 121 135 93 103 31 90 167 146 14 0 39 153 162 144 44 0 33 72 166 163 88 28 160 148 121 153 182 167 123 133 134 57 106 95 110 75 100 66 59 1 161 53 33 114 188 35 9 22 111 186 115 56 125 70 170 133 6 169 109 185 132 197 31 127 75 63 121 23 107 20 118 151 10 199 80 4 136 90 16 136 62 187 143 134 14 127 136 57 92 78 103 142 145 153 167 12 3 84 138 26 53 170 174 155 177 104 84 135 18 42 149 22 84 24 198 69 92 126 124 110 5 151 4 41 185 157 71 27 76 113 88 23 80 38 151 32 130 135 51 119 154 175 90 63 157 151 99 115 22 1 131 24 63 133 184 117 73 89 84 56 184 46 176 51 32 187 148 36 8 164 63 35 95 2 5 106 45 134 74 145 97 21 148 7 181 36 103 130 59 33 33 38 64 1 65 190 155 164 110 11 141 171 19 6 142 121 152 88 43 99 0 166 144 100 173 62 17 58 115 147 23 103 169 161 13 41 184 151 133 95 145 91 83 80 162 120 67 43 33 77 124 122 116 107 123 57 88 71 157 200 96 195 56 118 126 96 47 78 61 53 1 0 121 74 178 145 133 94 122 144 93 70 118 23 151 159 192 52 157 197 109 42 140 46 90 195 88 50 19 48 155 131 18 103 188 169 25 77 162 177 79 157 179 48 73 195 88 110 195 191 6 138 90 2 60 198 188 131 81 33 84 103 140 200 134 41 8 92 46 145 160 22 57 80 173 189 107 105 80 72 24 38 71 19 192 119 67 84 141 193 131 181 152 2 136 142 173 180 44 118 14 44 6 22 175 194 198 6 108 15 40 184 138 24 113 1 169 138 86 159 160 152 101 59 31 88 24 188 14 85 1 147 127 183 83 120 54 162 114
365
148 148 9 59 59 59 9 59 148 148 9 9 59 59 148 148 59 9 148 9 148 148 148 148 148 9 9 9 9 148 59 148 148 148 59 148 9 148 9 9 9 9 59 9 148 148 9 59 9 59 148 148 59 59 148 148 9 59 9 148 59 59 9 148 9 148 59 59 9 9 59 9 148 59 59 9 9 59 9 9 59 59 148 148 148 59 9 59 9 59 59 59 148 59 148 59 59 148 9 148 148 9 148 9 148 148 148 148 148 9 9 148 9 59 9 148 9 148 9 148 9 9 148 148 148 59 9 148 59 148 9 148 59 148 148 148 59 148 148 148 9 9 9 9 148 9 148 9 59 9 148 59 148 59 9 59 148 59 148 59 59 9 9 9 9 9 9 59 59 9 148 9 59 9 148 9 59 148 9 148 148 9 148 9 59 9 59 9 59 9 59 9 9 148 148 59 148 9 148 148 9 148 59 9 148 59 9 148 148 59 148 9 148 9 148 148 9 59 59 9 59 59 9 9 59 9 148 148 59 9 148 148 9 148 59 148 59 9 148 148 9 9 148 59 148 148 148 9 148 148 59 59 9 59 59 148 9 148 59 148 9 9 59 9 148 148 59 9 9 59 148 9 9 9 9 148 148 9 148 59 9 59 148 9 9 59 59 148 9 148 59 9 59 148 9 9 59 59 9 59 9 9 9 148 59 9 59 9 9 148 148 148 59 148 59 9 59 9 59 59 59 148 148 9 148 59 9 9 148 59 59 59 9 9 9 148 59 148 148 59 59 9 59 59 148 148 9 59 9 9 9 148 9 9 59 148 59 148 59 59 59 148 148 148 148
985
0 200 106 111 63 91 68 83 50 63 99 69 65 86 79 57 69 111 79 60 74 68 70 73 117 78 96 84 59 53 110 99 53 106 86 60 114 90 84 66 79 86 111 70 54 71 96 63 60 77 115 61 69 117 103 65 97 73 82 66 93 113 87 115 59 82 115 79 84 60 105 72 111 50 85 86 74 114 58 92 98 65 92 62 74 106 93 112 64 73 56 120 97 114 61 60 92 73 89 116 93 85 69 105 74 96 55 117 113 116 90 84 59 64 77 108 93 98 117 88 69 118 95 87 69 64 103 57 55 91 86 111 58 67 52 72 74 118 69 86 51 100 52 52 55 84 83 85 117 77 112 110 109 101 99 117 83 115 79 61 104 114 109 83 109 76 86 100 120 71 94 102 119 51 66 80 96 80 56 87 57 115 98 67 69 82 89 68 65 57 66 106 113 113 101 65 101 90 69 91 119 65 84 98 105 90 113 56 112 59 118 55 63 56 64 113 52 56 64 117 62 72 55 113 112 119 98 63 117 78 57 86 58 99 89 83 56 112 73 66 68 111 91 51 107 119 88 105 55 80 58 109 72 119 55 83 82 110 83 96 94 55 109 66 80 84 68 55 57 99 82 97 62 55 74 87 77 100 104 98 50 98 54 82 52 66 119 65 104 68 75 59 99 118 94 119 103 67 72 57 68 70 86 111 115 113 118 110 64 55 85 101 115 53 53 86 90 51 67 107 57 90 56 50 75 75 110 78 109 92 107 52 108 102 79 112 72 95 51 64 118 95 89 81 50 62 79 85 98 79 112 57 68 109 103 112 103 118 102 117 103 92 83 88 100 82 96 70 86 59 68 87 120 52 87 60 107 66 75 113 55 86 78 91 52 116 83 84 80 98 112 108 117 65 87 54 69 63 50 56 104 53 66 72 104 106 64 83 53 100 59 114 101 88 96 79 67 73 108 104 69 55 59 70 53 70 107 91 52 60 92 88 102 99 95 88 62 118 67 76 101 97 92 64 54 54 66 66 55 57 56 97 86 112 77 52 54 52 90 88 105 88 114 82 65 72 103 50 100 80 68 68 56 55 116 92 61 111 93 88 84 52 90 55 102 54 67 73 67 110 90 110 79 92 83 55 112 116 111 102 58 76 106 119 74 113 95 105 52 80 108 54 56 89 56 60 111 76 109 77 90 76 105 70 120 95 86 73 101 96 81 95 70 71 84 84 85 88 81 94 51 113 98 90 114 74 85 57 69 90 110 79 79 51 107 113 55 88 99 114 72 103 72 68 101 116 82 69 62 101 89 87 117 94 63 78 72 115 77 85 50 114 111 93 85 89 100 102 109 96 64 82 98 97 70 68 83 79 53 53 71 116 79 109 68 88 66 60 67 62 99 82 59 113 88 85 62 110 107 61 80 118 76 85 104 103 117 90 57 60 111 68 120 104 72 63 72 60 69 65 65 108 103 86 119 109 117 96 76 85 107 65 119 83 79 97 93 57 70 59 95 98 60 64 97 93 89 52 79 103 56 104 88 119 91 56 51 96 89 108 64 73 62 79 119 116 52 59 66 98 82 53 113 61 112 52 117 81 91 118 83 60 82 91 68 82 115 55 78 108 96 64 112 89 60 93 67 50 68 72 56 103 87 118 55 90 93 71 114 91 110 51 74 120 94 50 52 105 61 117 80 78 59 94 103 76 51 60 95 54 71 77 96 101 76 61 81 95 84 82 118 90 86 90 104 70 74 106 78 63 84 90 81 75 56 110 61 80 86 72 56 76 68 100 56 118 104 96 85 85 109 113 112 90 71 67 68 84 63 111 107 119 78 110 120 98 108 78 91 114 73 73 84 68 84 117 77 115 69 59 75 82 94 98 84 57 56 61 61 108 69 50 66 80 92 97 73 86 116 78 74 83 68 59 95 61 82 98 63 76 55 116 120 52 86 60 103 101 92 68 78 81 55 115 54 93 73 76 97 86 84 92 106 93 63 97 72 105 100 113 51 75 100 84 54 66 112 109 54 98 102 94 82 115 106 56 52 117 98 100 97 118 95 60 62 113 67 66 96 71 98 115 62 64 73 80 110 55 91 52 67 100 107 62 108 87 113 101 113 116 101 107 102 109 55 58 70 63 104 119 92 119 108 93 51 95 108 53 65 58 86 72 96 89 77 63 110 102 70 107 119 94 96 85 113 104 106 118 85 80 117 57 64 95 60 113 116 73 67 87 86 63 53 63 200
948
0 200 117 53 96 107 64 114 114 78 67 83 101 71 90 102 59 111 109 108 88 96 98 110 82 116 101 90 94 106 99 82 54 72 65 97 67 106 104 61 87 73 98 54 72 115 116 104 65 84 87 74 60 81 106 102 103 96 64 52 73 103 83 60 66 50 81 64 57 101 92 59 100 60 80 64 107 90 92 101 85 52 68 62 120 78 63 90 77 78 88 61 107 58 98 78 61 51 62 116 83 92 85 106 80 79 109 107 94 110 73 55 79 81 59 60 82 81 95 64 93 57 65 92 55 69 106 82 80 106 118 50 57 91 117 77 64 101 118 117 112 80 96 79 63 63 56 54 59 74 69 112 79 117 75 107 77 60 94 94 58 60 78 66 120 105 61 72 102 57 109 79 110 119 66 75 120 95 54 82 102 83 57 96 61 58 90 86 69 81 120 84 112 120 69 106 104 85 101 115 114 103 117 111 86 75 117 74 120 104 74 78 79 73 74 80 97 102 92 84 109 58 100 106 56 66 69 73 104 80 112 102 94 84 95 119 77 91 66 89 67 96 111 118 63 91 82 114 87 111 63 70 67 107 68 92 90 115 69 94 101 73 119 90 89 92 60 113 76 52 57 106 53 81 88 53 78 116 67 52 88 58 58 53 99 110 85 96 79 80 105 117 99 104 119 106 105 60 56 99 72 105 84 118 74 62 68 76 120 79 72 55 105 72 74 119 94 107 118 53 59 110 58 53 116 95 70 82 100 62 100 78 115 115 109 65 108 102 70 69 114 98 61 63 74 110 70 63 81 109 111 57 86 50 109 70 114 61 97 76 68 118 100 65 87 70 105 81 66 117 90 61 76 81 90 91 84 109 63 57 81 79 110 65 107 112 112 50 87 103 65 118 61 92 112 115 53 107 69 59 102 73 73 108 82 88 111 51 72 70 88 51 99 60 77 95 111 53 98 115 96 102 95 55 78 62 111 69 92 52 81 119 108 73 54 62 61 89 91 73 96 80 73 102 50 92 59 116 118 72 84 110 54 103 104 105 97 106 97 113 57 90 100 53 83 96 99 92 94 83 71 84 66 98 74 71 106 70 111 81 51 104 117 75 104 90 61 99 73 112 97 52 74 58 108 66 80 106 66 60 73 98 60 84 70 87 118 96 75 50 51 117 117 117 98 113 69 68 95 77 96 114 99 90 92 95 83 72 99 53 59 63 91 113 84 82 117 116 61 88 54 64 70 73 99 112 53 82 57 58 64 58 55 65 98 79 67 59 55 53 99 87 53 50 99 117 56 117 77 93 79 54 71 109 67 99 80 105 109 65 119 110 119 102 83 113 76 77 76 98 96 85 75 57 80 57 74 77 55 58 104 96 118 90 107 60 83 68 58 65 65 68 116 97 56 111 52 89 57 85 87 81 114 50 72 98 107 52 66 91 90 81 99 98 105 97 68 94 108 108 71 86 108 99 113 69 64 100 58 110 98 54 69 62 111 51 88 119 74 120 50 74 56 72 69 84 116 73 52 120 61 66 76 118 77 98 103 83 52 57 109 78 62 107 96 69 98 94 85 57 82 108 115 73 117 83 82 62 111 73 82 64 91 91 116 71 96 66 117 77 79 77 106 55 67 56 64 98 113 92 57 61 90 109 74 111 58 61 117 64 64 77 119 118 56 59 98 100 118 104 118 57 101 112 71 117 97 98 52 95 56 84 76 99 74 58 96 63 62 90 79 50 73 91 117 108 114 55 110 64 81 97 71 81 57 58 56 103 117 119 60 96 98 77 103 55 104 65 91 57 103 72 106 94 54 95 61 99 80 96 62 52 85 80 101 114 71 57 103 91 110 116 89 61 89 99 53 56 108 111 102 56 114 61 97 75 102 119 97 98 68 71 97 76 98 112 75 76 96 88 81 114 81 80 97 108 81 50 108 97 120 112 106 93 65 117 100 111 62 112 81 70 52 95 99 75 50 110 53 101 67 89 112 102 102 95 52 74 94 69 71 53 104 84 97 102 100 107 101 88 54 90 100 95 83 120 71 59 87 97 86 70 64 85 66 114 96 117 58 91 112 120 73 53 84 51 119 81 85 82 96 82 50 62 89 117 112 105 83 83 74 65 91 84 57 55 95 101 98 75 120 70 105 113 109 78 101 200
550
139 139 152 139 139 171 139 171 152 152 152 152 152 139 152 139 171 139 139 139 171 139 139 139 139 152 139 152 152 152 139 171 171 152 139 152 139 171 139 139 171 171 139 171 171 171 152 139 152 139 171 171 139 152 152 152 171 171 139 171 139 139 139 171 139 171 152 139 171 152 139 152 152 152 139 139 139 171 171 139 171 139 171 171 152 139 139 171 139 139 171 152 139 171 171 152 171 171 152 139 152 171 139 152 152 139 152 152 139 139 152 171 152 171 139 152 171 139 171 152 139 152 139 139 171 139 139 139 171 139 152 152 171 152 171 152 139 171 139 171 152 152 152 171 139 139 171 152 139 152 171 139 152 152 152 152 139 139 171 152 171 171 171 171 171 139 139 171 171 152 152 152 171 171 139 171 139 152 139 152 171 171 171 171 171 152 171 152 152 171 171 171 139 152 171 139 139 152 171 139 139 171 152 152 171 171 152 152 171 152 152 152 139 171 152 152 139 171 171 152 171 171 139 152 152 152 152 152 139 139 171 171 171 152 139 139 139 139 139 139 139 139 171 152 152 139 152 139 152 139 171 171 171 171 152 152 171 139 171 171 171 139 171 171 152 171 171 139 152 171 171 139 171 171 171 139 152 139 152 152 139 139 139 139 152 171 139 171 139 171 171 139 171 139 152 171 139 139 139 171 171 171 139 139 139 139 139 139 171 139 152 152 139 139 139 152 171 152 171 139 171 152 139 152 171 139 139 139 171 152 152 171 139 139 171 152 152 152 152 171 139 152 171 171 171 171 152 171 139 171 171 139 171 139 139 139 139 139 171 171 152 139 139 152 152 152 139 152 152 139 171 152 152 152 171 139 152 171 152 152 171 152 139 152 139 152 139 152 152 171 171 152 152 171 171 152 139 139 139 171 139 171 139 171 152 152 152 171 152 152 171 152 139 171 139 152 152 152 152 171 152 152 152 171 139 152 171 152 152 139 139 152 152 139 139 171 152 139 139 152 152 139 171 152 171 171 171 171 139 171 152 139 139 139 152 139 171 171 171 152 139 152 139 171 171 171 139 139 171 171 171 171 152 139 139 171 152 171 171 152 139 152 171 152 171 152 152 152 171 152 139 152 152 139 171 152 139 139 152 152 171 152 171 152 171 139 171 139 171 152 171 152 139 139 152 171 152 139 152 139 171 139 139 139 171 152 152 152 152 139 139 152 139 152 171 171 152 139 139 139 171 171 171 152 152 139 152 152 152 171
527
16 16 9 14 13 0 17 10 20 19 8 3 15 15 6 4 0 9 2 2 17 19 10 15 9 10 18 20 19 10 1 12 2 17 12 1 19 9 18 17 13 8 1 15 12 14 2 7 15 11 10 16 5 2 12 6 15 18 2 3 3 15 6 1 18 3 3 2 9 9 6 4 13 19 7 6 12 1 18 6 10 20 0 11 11 6 3 20 13 15 6 15 11 6 16 6 14 19 4 4 16 19 12 15 9 7 1 13 1 4 8 13 6 0 14 15 14 11 10 19 20 18 1 12 8 18 12 16 9 14 9 0 10 7 3 16 12 5 17 18 1 3 5 14 15 6 17 7 20 17 0 8 3 3 0 12 10 0 10 17 19 15 3 2 16 9 1 3 15 6 17 4 6 2 11 20 9 4 2 18 12 1 2 5 2 8 4 17 5 15 17 16 11 1 11 2 8 8 0 5 1 18 5 10 14 10 6 8 18 6 17 14 8 5 12 11 14 4 10 1 19 8 11 10 16 3 15 10 5 1 1 17 17 1 11 3 5 18 9 14 19 10 5 18 20 4 5 5 15 4 3 14 13 17 17 4 15 12 8 20 19 15 1 9 10 6 8 17 18 20 3 18 0 20 11 17 5 12 9 14 3 7 6 3 4 0 5 7 3 1 8 10 4 18 13 15 2 0 20 6 8 16 19 11 7 15 14 13 14 14 12 10 15 18 13 9 10 10 4 11 15 18 2 1 0 19 17 10 4 3 20 18 2 5 7 11 6 7 8 0 8 10 10 16 11 20 1 5 17 10 5 18 13 5 0 17 17 5 14 14 2 8 14 11 19 10 18 12 10 11 0 14 2 0 5 16 0 12 3 4 20 8 16 3 7 2 3 13 10 15 1 11 7 13 2 20 11 3 1 1 13 9 0 11 5 6 8 20 0 15 8 15 10 4 7 0 9 20 14 16 6 18 20 4 0 19 9 16 11 15 16 12 14 20 5 18 20 17 20 16 7 2 0 13 9 19 2 10 6 2 14 5 10 16 13 2 3 0 1 15 11 20 15 18 5 20 1 8 4 5 5 2 4 6 2 16 1 15 20 17 18 18 3 3 19 8 2 12 14 4 1 6 0 19 12 9 12 6 6 1 4 10 7 15 13 16 1 7 17 11 20 20 12 18 14 3 4 1 9 0 12 7 4 2 8 9 1
110
189 189 154 43 148 162 162 189 43 43 189 189 43 154 162 43 154 154 43 154 189 189 162 43 148 162 43 162 189 154 43 162 162 43 154 148 43 43 189 154 154 154 148 148 148 189 43 43 154 43 154 162 154 154 162 43 162 189 43 154 189 154 189 162 154 43 162 162 189 148 189 148 189 154 43 189 154 43 189 43 43 189 148 189 162 43 189 148 162 154 154 43 154 43 43 162 189 43 189 154 148 148 154 189 154 43 148 43 162 154
160
0 200 96 61 91 82 85 66 81 56 105 58 90 77 118 97 119 89 102 85 105 51 105 118 116 85 72 82 102 69 108 65 100 54 101 58 65 77 65 120 118 68 99 95 65 68 54 114 63 85 61 113 98 117 55 58 100 94 105 74 100 74 50 66 120 76 79 66 70 108 74 50 116 105 104 76 61 115 86 60 79 91 113 107 65 53 96 106 108 69 118 100 107 50 63 58 99 93 119 75 60 58 87 71 86 98 77 117 114 69 108 96 60 67 80 94 111 55 118 89 114 67 63 70 92 97 100 61 100 81 115 107 76 76 101 63 109 116 114 64 101 68 111 57 51 53 116 90 70 57 115 75 69 111 107 111 119 61 87 200
992
4 191 18 18 2 182 0 11 184 12 19 16 190 15 166 166 18 10 199 16 14 2 7 3 20 4 1 3 6 176 11 166 4 9 20 11 16 5 4 4 186 176 190 13 2 2 0 3 19 190 10 5 165 3 11 199 3 4 14 17 0 194 15 16 17 16 183 19 1 158 189 18 2 9 14 8 7 194 15 11 199 13 200 16 166 153 12 19 19 13 179 9 2 18 1 13 7 4 14 11 152 6 13 16 195 20 12 15 13 166 12 15 168 18 0 2 7 195 4 7 10 2 155 15 193 151 16 20 14 0 12 12 9 16 20 11 16 170 19 11 14 11 8 18 6 9 5 12 2 12 169 168 188 175 2 161 7 20 5 1 20 11 4 184 9 178 18 18 10 12 156 12 15 4 19 16 10 7 18 1 19 13 4 10 5 183 16 3 17 191 17 3 155 16 11 160 10 14 18 7 19 196 18 20 167 14 174 12 13 3 167 3 8 17 13 11 3 4 0 2 152 12 17 0 184 156 10 3 198 8 11 15 153 15 19 3 166 182 9 2 4 1 1 4 10 6 161 12 16 7 7 20 18 185 7 20 18 12 163 181 13 19 4 8 9 13 14 16 11 190 10 192 13 6 16 16 196 192 184 2 15 14 10 15 2 9 4 19 18 20 15 160 8 172 13 17 189 16 20 151 0 19 10 19 9 164 14 20 163 167 14 0 4 15 18 20 3 16 4 15 165 2 0 8 10 19 7 20 0 151 16 14 156 3 4 9 166 9 6 8 2 2 7 19 11 18 2 1 18 16 17 0 2 8 186 9 15 20 15 16 3 159 13 155 4 1 15 9 17 17 153 1 13 157 13 20 2 161 3 15 0 11 193 20 18 15 164 168 4 10 166 11 20 2 189 5 5 5 16 6 13 3 13 9 11 7 159 10 3 19 18 17 4 7 12 1 2 16 4 11 11 20 6 1 199 151 4 1 11 0 18 8 1 3 4 0 18 16 9 19 4 11 18 18 8 6 17 2 8 4 4 13 0 11 0 8 151 11 8 17 1 8 14 11 14 16 7 16 188 1 0 18 16 5 1 3 19 4 9 5 20 180 11 1 9 189 186 7 12 198 6 16 9 10 20 199 7 5 191 191 15 17 5 15 156 3 3 16 4 18 13 15 5 19 9 16 19 6 15 4 158 10 2 8 19 11 5 15 2 12 5 193 15 2 9 192 6 2 5 178 6 4 14 11 170 8 18 7 2 5 8 193 169 9 5 175 10 16 16 168 14 6 10 8 15 7 14 16 156 18 18 8 4 8 9 19 9 1 12 4 9 12 18 16 4 9 4 7 5 4 11 19 14 0 179 177 20 159 17 7 7 186 0 160 11 13 1 19 9 13 18 4 150 3 11 157 169 8 183 168 170 18 180 158 11 17 193 17 10 1 9 171 12 173 170 18 8 0 5 8 6 19 17 160 16 5 158 163 157 15 154 184 13 170 6 12 6 152 8 10 166 13 12 3 15 18 5 15 15 19 18 2 15 189 7 18 13 10 0 13 8 8 167 14 19 177 14 183 1 189 3 154 159 162 3 18 150 151 20 0 1 9 9 18 16 1 16 5 162 6 16 180 155 8 18 11 8 2 2 13 19 16 10 13 167 1 11 0 19 6 16 9 8 16 3 154 3 199 185 10 19 13 5 17 186 6 183 4 13 169 181 14 163 187 18 14 14 1 199 16 3 170 16 3 5 2 8 185 193 16 13 12 4 18 0 193 9 17 4 160 12 16 19 0 16 165 0 5 10 1 2 19 9 19 14 4 9 4 16 19 7 13 6 20 15 159 4 6 161 7 160 0 17 13 8 198 14 4 14 17 161 15 17 19 18 174 1 165 16 170 197 1 13 154 7 19 182 0 163 151 4 1 2 12 9 3 12 162 11 8 5 5 19 3 167 11 9 0 15 176 5 0 12 4 163 3 10 17 16 14 4 17 187 165 6 20 20 5 18 3 11 152 165 6 17 0 190 200 11 5 174 8 11 7 13 195 4 16 7 7 153 17 1 13 7 12 5 157 11 162 10 1 16 14 16 161 14 18 18 171 14 198 191 20 15 0 6 4 15 1 14 166 20 0 15 3 184 7 10 13 5 3 16 12 18 5 0 10 155 5 13 184 5 172 8 5 153 3 4 3 0 2 20 171 19 4 198 19 183 9 2 7 4 14 20 12 13 5 5 152 15 7 3 0 20 8 13 9 12 3 7 15
843
0 0 0 0 0 0 0 0 0 0 0 0 0 0 0 0 0 0 0 0 0 0 0 0 0 0 0 0 0 0 0 0 0 0 0 0 0 0 0 0 0 0 0 0 0 0 0 0 0 0 0 0 0 0 0 0 0 0 0 0 0 0 0 0 0 0 0 0 0 0 0 0 0 0 0 0 0 0 0 0 0 0 0 0 0 0 0 0 0 0 0 0 0 0 0 0 0 0 0 0 0 0 0 0 0 0 0 0 0 0 0 0 0 0 0 0 0 0 0 0 0 0 0 0 0 0 0 0 0 0 0 0 0 0 0 0 0 0 0 0 0 0 0 0 0 0 0 0 0 0 0 0 0 0 0 0 0 0 0 0 0 0 0 0 0 0 0 0 0 0 0 0 0 0 0 0 0 0 0 0 0 0 0 0 0 0 0 0 0 0 0 0 0 0 0 0 0 0 0 0 0 0 0 0 0 0 0 0 0 0 0 0 0 0 0 0 0 0 0 0 0 0 0 0 0 0 0 0 0 0 0 0 0 0 0 0 0 0 0 0 0 0 0 0 0 0 0 0 0 0 0 0 0 0 0 0 0 0 0 0 0 0 0 0 0 0 0 0 0 0 0 0 0 0 0 0 0 0 0 0 0 0 0 0 0 0 0 0 0 0 0 0 0 0 0 0 0 0 0 0 0 0 0 0 0 0 0 0 0 0 0 0 0 0 0 0 0 0 0 0 0 0 0 0 0 0 0 0 0 0 0 0 0 0 0 0 0 0 0 0 0 0 0 0 0 0 0 0 0 0 0 0 0 0 0 0 0 0 0 0 0 0 0 0 0 0 0 0 0 0 0 0 0 0 0 0 0 0 0 0 0 0 0 0 0 0 0 0 0 0 0 0 0 0 0 0 0 0 0 0 0 0 0 0 0 0 0 0 0 0 0 0 0 0 0 0 0 0 0 0 0 0 0 0 0 0 0 0 0 0 0 0 0 0 0 0 0 0 0 0 0 0 0 0 0 0 0 0 0 0 0 0 0 0 0 0 0 0 0 0 0 0 0 0 0 0 0 0 0 0 0 0 0 0 0 0 0 0 0 0 0 0 0 0 0 0 0 0 0 0 0 0 0 0 0 0 0 0 0 0 0 0 0 0 0 0 0 0 0 0 0 0 0 0 0 0 0 0 0 0 0 0 0 0 0 0 0 0 0 0 0 0 0 0 0 0 0 0 0 0 0 0 0 0 0 0 0 0 0 0 0 0 0 0 0 0 0 0 0 0 0 0 0 0 0 0 0 0 0 0 0 0 0 0 0 0 0 0 0 0 0 0 0 0 0 0 0 0 0 0 0 0 0 0 0 0 0 0 0 0 0 0 0 0 0 0 0 0 0 0 0 0 0 0 0 0 0 0 0 0 0 0 0 0 0 0 0 0 0 0 0 0 0 0 0 0 0 0 0 0 0 0 0 0 0 0 0 0 0 0 0 0 0 0 0 0 0 0 0 0 0 0 0 0 0 0 0 0 0 0 0 0 0 0 0 0 0 0 0 0 0 0 0 0 0 0 0 0 0 0 0 0 0 0 0 0 0 0 0 0 0 0 0 0 0 0 0 0 0 0 0 0 0 0 0 0 0 0 0 0 0 0 0 0 0 0 0 0 0 0 0 0 0 0 0 0 0 0 0 0 0 0 0 0 0 0 0 0 0 0 0 0 0 0 0 0 0 0 0 0 0 0 0 0 0 0 0 0 0 0 0 0 0 0 0 0 0 0 0 0 0 0 0 0 0 0 0 0 0 0 0 0 0 0 0 0 0 0 0 0 0 0 0 0 0 0 0 0 0 0 0 0 0 0 0 0 0 0 0 0 0 0 0 0 0 0 0 0 0 0 0 0 0 0 0 0 0 0 0 0 0 0 0
532
12 3 4 18 1 9 20 4 9 14 5 16 9 6 7 5 1 0 2 3 6 3 9 7 9 10 15 0 10 3 7 10 5 4 13 14 17 5 1 20 17 3 0 12 8 1 13 2 17 13 1 9 19 1 15 13 18 0 17 8 13 12 6 4 11 1 2 18 13 6 18 18 11 10 11 16 14 17 20 13 12 13 14 5 10 17 18 1 19 12 4 6 2 12 12 12 15 19 0 18 11 6 18 17 8 11 2 10 11 20 10 17 10 10 19 7 4 20 0 5 16 3 12 4 1 0 7 10 19 2 10 1 20 6 4 19 5 10 18 15 15 12 6 14 16 5 16 14 0 14 18 3 18 13 10 15 1 7 18 19 3 1 12 5 19 3 12 2 17 6 17 9 19 19 17 7 18 16 4 8 2 17 16 1 1 2 12 7 11 2 7 14 14 13 13 12 10 9 19 6 20 1 17 10 9 12 9 15 10 10 15 20 8 17 18 1 20 9 10 17 3 0 4 5 10 1 6 20 7 19 15 12 11 17 13 16 2 18 8 14 16 12 3 3 10 10 3 10 11 10 18 8 20 13 17 0 15 3 17 11 20 19 8 18 6 1 4 1 12 13 7 0 2 3 10 1 18 8 4 19 0 14 2 16 16 1 14 20 14 12 6 12 18 15 15 2 0 5 14 15 13 1 9 13 0 9 18 1 6 1 19 5 11 5 1 8 0 11 17 11 7 18 6 16 5 6 15 18 16 2 3 11 17 16 19 10 18 8 12 3 13 17 20 17 3 0 15 15 6 6 18 7 18 18 8 14 7 13 3 6 16 11 18 18 11 8 17 4 8 20 5 6 6 16 2 19 1 11 11 10 4 14 16 6 20 2 13 16 13 16 2 15 13 7 16 8 6 16 14 11 3 16 4 14 12 11 7 0 1 7 7 20 17 14 18 2 14 11 8 0 17 14 6 4 13 13 7 19 14 5 3 0 16 4 5 18 7 6 3 15 20 13 0 7 1 12 20 6 9 12 2 1 2 14 1 19 13 19 13 17 8 19 8 10 18 1 5 13 14 12 5 8 1 15 19 2 2 4 20 3 6 5 2 18 6 16 20 10 0 14 10 20 12 10 16 9 4 2 1 7 15 8 12 14 18 1 16 6 8 20 10 10 1 6 0 3 19 2 17 5 11 2 3 17 17 1 4 4 9 5 3 9
902
21 29 29 181 29 181 29 181 29 181 21 29 29 29 29 181 181 181 21 181 21 29 29 21 21 29 21 181 29 29 21 21 29 181 29 181 29 21 181 181 181 29 29 21 21 181 21 29 21 181 29 181 181 21 181 29 181 21 21 21 181 29 29 181 29 29 181 21 181 29 181 181 181 29 21 181 181 181 21 29 21 21 29 181 29 181 181 181 21 21 21 181 21 181 29 21 29 181 29 29 21 21 21 181 181 21 181 181 21 181 181 21 181 21 181 21 181 181 29 29 21 21 21 29 21 181 21 21 181 21 181 181 181 181 29 29 181 21 29 181 21 29 181 29 181 29 181 181 29 181 29 21 181 181 21 181 29 21 29 181 29 181 21 29 29 29 21 29 181 29 21 21 29 29 181 29 181 181 181 21 29 21 29 181 181 181 21 21 21 29 29 29 29 29 21 21 29 29 181 29 29 21 29 181 29 29 181 29 181 29 181 29 29 21 29 181 29 181 29 29 21 29 21 21 181 21 181 29 21 29 21 181 29 29 29 21 21 29 29 181 29 21 181 181 181 29 21 21 21 181 29 21 29 21 29 181 181 29 181 181 21 29 21 29 181 29 29 181 29 181 181 21 21 29 21 21 29 21 21 21 181 29 29 29 21 29 181 181 21 181 21 21 21 21 21 21 29 21 181 21 21 21 21 181 21 21 181 29 21 21 29 21 181 21 29 29 181 181 21 181 21 21 21 181 21 29 29 181 29 29 21 29 21 29 29 181 181 181 29 181 181 29 21 29 29 21 21 21 29 29 21 29 29 181 21 181 181 29 181 29 21 21 21 29 181 181 21 29 181 29 21 29 29 181 21 181 181 29 181 181 29 21 181 21 181 29 21 181 21 181 29 29 21 21 181 29 21 29 21 181 29 29 29 181 21 29 21 21 21 29 29 21 21 29 29 21 21 29 181 21 21 29 21 181 21 21 21 29 29 29 21 181 29 181 21 21 21 29 29 21 21 29 21 181 21 21 29 21 181 181 21 21 21 181 21 21 29 21 29 21 29 29 21 181 29 21 21 29 29 21 181 181 29 21 21 21 181 181 21 21 21 21 181 29 21 21 181 29 181 29 29 29 181 21 29 181 181 21 29 21 181 29 181 29 29 21 181 21 181 181 29 29 181 181 29 181 29 29 181 181 21 29 181 29 21 29 181 29 29 181 181 181 181 181 181 181 181 21 21 181 181 181 29 29 181 181 21 181 181 181 21 181 181 29 21 21 21 181 29 29 21 21 21 29 181 29 21 181 21 29 21 21 29 181 21 29 181 21 181 181 21 21 21 29 181 181 29 181 21 21 29 181 29 181 181 29 29 29 181 29 181 29 29 21 181 21 181 181 21 29 21 181 181 181 21 21 21 181 181 21 21 181 181 21 21 21 29 21 21 21 29 29 21 181 21 181 29 29 29 181 29 29 21 29 29 21 181 21 29 181 21 21 181 29 21 21 29 21 29 21 181 21 181 181 21 181 29 181 181 181 181 181 29 29 21 181 29 181 29 29 29 29 21 181 29 181 29 29 29 181 21 181 181 29 29 21 21 29 181 29 181 29 29 21 21 29 21 21 21 29 29 181 21 181 21 29 29 181 181 29 21 29 29 21 21 29 29 29 181 181 181 21 181 29 21 21 29 21 21 181 29 29 21 21 29 21 181 181 181 21 29 21 21 29 29 21 29 29 21 29 29 21 21 21 181 21 21 181 181 181 29 181 29 21 29 21 21 181 181 181 181 181 21 29 29 181 21 21 29 21 181 21 29 29 181 181 21 21 21 21 29 29 29 21 21 29 21 181 29 21 181 21 181 21 29 181 181 21 21 21 29 29 181 21 181 21 21 181 29 21 181 181 29 29 29 181 181 181 29 181 21 21 181 181 21 29 21 21 21 21 29 181 181 29 29 29 181 181 21 29 29 21 29 21 181 181 29 21 181 21 29 21 21 181 181 181 29 181 181 181 181 21 181 29 181 29 181 29 21 181 181 21 21 181 21 181 181 181 21 29 21 181
44
20 12 11 18 18 18 0 4 12 9 20 4 4 12 6 19 1 0 2 11 17 7 15 11 4 8 9 19 7 11 4 20 5 10 19 0 5 4 15 0 3 3 19 20
287
0 200 54 62 69 63 103 109 105 75 68 64 61 60 67 113 69 73 88 81 111 79 118 89 74 107 84 70 97 112 102 101 99 109 101 65 64 61 62 54 95 52 50 111 59 78 120 82 104 81 112 104 105 116 64 68 109 90 61 116 92 95 111 89 107 88 75 81 96 105 67 80 97 119 71 81 99 91 101 77 72 113 107 105 98 77 51 102 109 118 82 75 111 53 83 63 54 94 104 115 89 61 55 97 107 105 80 76 54 53 117 113 103 94 111 85 77 74 85 63 75 97 111 84 111 82 108 53 101 57 92 115 64 63 101 56 108 80 52 90 102 98 87 104 82 90 68 91 56 105 74 84 110 94 71 63 55 59 70 75 79 71 108 100 103 50 83 77 109 52 97 71 80 117 76 102 113 84 97 61 95 101 93 73 73 64 114 82 65 115 50 74 84 70 110 54 84 66 112 79 59 115 66 71 53 54 81 85 120 69 50 105 53 72 77 51 59 79 88 65 98 71 92 79 74 94 71 69 69 66 62 71 115 67 95 116 60 105 120 59 89 68 118 107 62 119 83 105 80 93 50 98 66 64 75 107 106 107 92 83 63 105 95 75 86 96 119 95 91 79 52 55 101 100 85 96 105 92 108 54 62 60 116 89 83 115 200
772
196 16 18 8 174 155 4 16 17 9 10 12 10 7 18 158 179 193 6 16 15 174 183 197 18 150 161 6 6 18 9 190 17 18 11 158 19 20 13 2 20 13 7 13 1 5 9 172 7 17 3 20 7 10 10 195 5 15 6 10 10 15 5 8 7 5 4 16 160 9 10 200 8 166 10 16 16 186 12 20 195 0 10 163 1 20 157 16 5 151 18 20 172 4 160 17 179 19 3 2 154 18 16 14 13 189 155 6 0 20 2 20 11 9 0 12 10 12 5 12 12 20 11 180 8 18 170 1 17 20 5 16 5 151 9 5 9 165 17 3 194 20 6 19 2 15 197 15 0 158 2 1 15 17 5 6 15 16 11 15 196 4 174 190 153 155 152 11 6 14 20 20 8 15 8 11 18 17 9 0 157 14 3 197 16 5 13 0 20 9 6 15 5 4 6 16 160 12 8 9 162 17 1 1 7 1 9 13 162 16 13 151 171 19 153 9 9 10 17 12 8 12 20 6 19 156 151 14 14 188 13 4 9 16 11 198 12 0 10 9 2 19 12 165 2 3 12 4 1 20 7 17 159 12 6 17 5 19 7 13 15 18 15 12 7 17 6 188 5 13 188 153 20 0 9 17 6 0 16 16 12 11 0 20 177 4 161 11 9 10 14 9 158 3 12 12 10 9 17 9 12 17 13 9 11 1 11 7 160 5 6 15 4 4 6 19 11 13 18 180 19 6 183 10 1 18 184 8 183 8 2 7 4 16 199 15 15 18 12 168 1 8 20 20 12 17 10 19 14 4 19 14 8 4 155 169 12 2 20 5 15 10 10 2 170 6 11 10 17 16 5 6 8 4 4 6 187 3 11 9 18 17 17 196 179 0 5 9 18 8 19 169 6 0 8 0 11 199 160 16 1 183 3 0 11 13 12 1 8 13 9 2 7 194 19 12 5 1 5 11 19 11 15 10 7 11 19 19 165 10 10 2 192 14 157 162 2 2 17 190 9 2 17 162 200 17 3 13 1 10 19 1 2 3 19 4 180 11 2 17 3 3 2 187 15 20 151 200 153 15 13 1 8 177 0 5 18 12 183 1 193 16 1 7 11 18 17 5 169 156 18 18 2 5 8 10 15 19 9 190 190 7 168 1 12 7 17 4 4 14 16 5 1 6 20 164 162 10 11 9 6 15 4 180 5 0 12 17 6 5 13 0 3 20 2 5 15 20 15 19 12 20 159 5 8 179 16 13 6 1 9 2 2 0 190 6 2 171 156 175 0 169 18 10 10 2 10 2 1 1 11 14 16 178 3 184 4 161 1 20 165 157 10 6 17 18 154 12 193 8 2 16 16 194 6 190 18 2 5 180 17 7 187 5 19 157 5 17 13 191 20 8 3 16 9 20 13 193 13 2 5 178 16 8 9 17 7 164 189 161 11 10 1 1 15 2 179 20 185 197 15 9 12 5 18 4 0 0 183 1 15 0 194 8 0 17 15 20 12 6 1 15 17 10 9 9 11 2 5 0 16 14 12 19 6 10 12 10 6 183 0 18 186 17 8 20 15 14 0 2 19 3 2 6 10 2 19 159 7 8 18 0 16 15 18 16 9 2 3 169 17 7 0 172 3 160 15 2 194 5 178 0 17 10 2 19 3 16 5 13 4 14 11 11 17 9 1 13 3 11 17 13 7 20 12 3 17 7 5 197 19 4 182 162 9 2 15 181 1 168 20 10 197 16 5 9 189 5 14 19 20 162
633
0 0 0 0 0 0 0 0 0 0 0 0 0 0 0 0 0 0 0 0 0 0 0 0 0 0 0 0 0 0 0 0 0 0 0 0 0 0 0 0 0 0 0 0 0 0 0 0 0 0 0 0 0 0 0 0 0 0 0 0 0 0 0 0 0 0 0 0 0 0 0 0 0 0 0 0 0 0 0 0 0 0 0 0 0 0 0 0 0 0 0 0 0 0 0 0 0 0 0 0 0 0 0 0 0 0 0 0 0 0 0 0 0 0 0 0 0 0 0 0 0 0 0 0 0 0 0 0 0 0 0 0 0 0 0 0 0 0 0 0 0 0 0 0 0 0 0 0 0 0 0 0 0 0 0 0 0 0 0 0 0 0 0 0 0 0 0 0 0 0 0 0 0 0 0 0 0 0 0 0 0 0 0 0 0 0 0 0 0 0 0 0 0 0 0 0 0 0 0 0 0 0 0 0 0 0 0 0 0 0 0 0 0 0 0 0 0 0 0 0 0 0 0 0 0 0 0 0 0 0 0 0 0 0 0 0 0 0 0 0 0 0 0 0 0 0 0 0 0 0 0 0 0 0 0 0 0 0 0 0 0 0 0 0 0 0 0 0 0 0 0 0 0 0 0 0 0 0 0 0 0 0 0 0 0 0 0 0 0 0 0 0 0 0 0 0 0 0 0 0 0 0 0 0 0 0 0 0 0 0 0 0 0 0 0 0 0 0 0 0 0 0 0 0 0 0 0 0 0 0 0 0 0 0 0 0 0 0 0 0 0 0 0 0 0 0 0 0 0 0 0 0 0 0 0 0 0 0 0 0 0 0 0 0 0 0 0 0 0 0 0 0 0 0 0 0 0 0 0 0 0 0 0 0 0 0 0 0 0 0 0 0 0 0 0 0 0 0 0 0 0 0 0 0 0 0 0 0 0 0 0 0 0 0 0 0 0 0 0 0 0 0 0 0 0 0 0 0 0 0 0 0 0 0 0 0 0 0 0 0 0 0 0 0 0 0 0 0 0 0 0 0 0 0 0 0 0 0 0 0 0 0 0 0 0 0 0 0 0 0 0 0 0 0 0 0 0 0 0 0 0 0 0 0 0 0 0 0 0 0 0 0 0 0 0 0 0 0 0 0 0 0 0 0 0 0 0 0 0 0 0 0 0 0 0 0 0 0 0 0 0 0 0 0 0 0 0 0 0 0 0 0 0 0 0 0 0 0 0 0 0 0 0 0 0 0 0 0 0 0 0 0 0 0 0 0 0 0 0 0 0 0 0 0 0 0 0 0 0 0 0 0 0 0 0 0 0 0 0 0 0 0 0 0 0 0 0 0 0 0 0 0 0 0 0 0 0 0 0 0 0 0 0 0 0 0 0 0 0 0 0 0 0 0 0 0 0 0 0 0 0 0 0 0 0 0 0 0 0 0 0 0 0
739
2 9 6 6 7 19 13 15 19 12 11 4 20 5 17 0 1 19 1 12 10 1 5 14 6 12 16 4 3 9 13 4 2 8 0 2 2 12 5 12 18 19 9 9 18 3 14 14 5 8 11 12 9 5 12 19 14 12 2 20 20 0 18 5 7 5 14 20 6 18 12 12 6 1 10 7 0 19 2 5 0 9 10 9 5 10 18 2 6 12 4 11 0 6 5 13 0 15 7 15 0 18 16 15 9 11 17 12 3 2 17 3 3 0 11 3 14 16 17 7 2 18 3 16 18 5 15 7 18 14 14 15 0 7 0 17 11 18 20 20 4 14 14 19 6 11 12 7 15 11 15 14 6 8 9 7 6 5 14 18 11 2 4 16 15 3 15 10 3 19 5 7 10 2 15 19 11 8 19 11 12 12 16 8 19 17 10 12 13 20 5 18 20 10 18 1 9 16 19 17 14 17 20 7 17 5 11 11 4 15 20 14 2 6 2 20 11 12 6 16 11 5 17 20 8 18 20 15 15 4 6 12 15 8 14 9 5 15 2 4 9 0 10 4 6 11 18 3 7 6 13 13 13 0 20 7 5 12 4 5 15 19 1 18 11 14 17 3 11 20 13 7 6 3 9 8 3 16 14 20 5 1 6 0 13 4 13 20 4 10 3 11 13 10 15 10 10 9 1 17 1 11 18 7 12 17 18 17 0 9 0 5 2 6 7 14 6 13 15 3 2 11 5 13 18 6 17 19 3 1 19 8 12 2 7 5 0 11 9 7 18 5 20 9 2 7 16 17 14 5 3 17 3 5 12 1 10 19 15 8 14 0 17 14 19 5 10 15 5 10 4 18 17 0 8 2 15 16 20 9 5 11 0 17 11 15 15 20 0 11 7 12 11 19 16 17 4 8 3 8 16 13 18 1 7 10 16 1 16 10 4 14 4 0 14 13 17 16 18 18 15 0 12 5 8 1 16 1 0 4 6 18 0 8 19 2 6 15 0 17 1 12 12 12 7 19 1 9 7 14 15 15 14 16 18 10 0 4 20 9 6 16 12 8 3 15 7 17 0 15 8 19 8 4 1 8 12 12 10 6 12 19 17 6 8 7 11 20 20 20 8 1 8 18 12 13 9 1 5 2 3 16 1 3 17 8 4 9 10 20 7 16 19 19 13 20 2 16 20 7 15 9 10 13 9 17 3 2 11 9 14 16 19 20 19 17 3 11 17 13 19 11 16 1 5 2 19 6 9 9 16 8 19 16 20 11 19 11 5 14 17 8 4 6 4 17 20 17 0 14 11 3 5 4 8 19 4 14 5 0 17 11 16 20 11 3 15 17 4 9 11 6 10 5 15 14 16 8 19 3 1 5 10 14 6 16 2 17 13 2 18 13 20 19 0 6 4 12 3 13 2 3 17 7 17 3 20 1 5 9 9 16 11 5 15 17 18 11 14 7 13 14 8 16 20 15 18 2 12 0 15 0 18 0 6 0 13 8 14 9 15 11 15 6 5 13 4 8 6 5 18 1 10 16 4 3 3 17 20 5 4 19 1 8 1 5 3 12 3 20 0 6 9 12 8 13 16 16 8 2 6 2 17 1 9 0 15 6 10 2 15 19 14 12 17 16 11 19 14 11 0 19 6 6 7 13 18 13 10 7 15 18 6 12 5 13 11 9 11
275
0 0 0 0 0 0 0 0 0 0 0 0 0 0 0 0 0 0 0 0 0 0 0 0 0 0 0 0 0 0 0 0 0 0 0 0 0 0 0 0 0 0 0 0 0 0 0 0 0 0 0 0 0 0 0 0 0 0 0 0 0 0 0 0 0 0 0 0 0 0 0 0 0 0 0 0 0 0 0 0 0 0 0 0 0 0 0 0 0 0 0 0 0 0 0 0 0 0 0 0 0 0 0 0 0 0 0 0 0 0 0 0 0 0 0 0 0 0 0 0 0 0 0 0 0 0 0 0 0 0 0 0 0 0 0 0 0 0 0 0 0 0 0 0 0 0 0 0 0 0 0 0 0 0 0 0 0 0 0 0 0 0 0 0 0 0 0 0 0 0 0 0 0 0 0 0 0 0 0 0 0 0 0 0 0 0 0 0 0 0 0 0 0 0 0 0 0 0 0 0 0 0 0 0 0 0 0 0 0 0 0 0 0 0 0 0 0 0 0 0 0 0 0 0 0 0 0 0 0 0 0 0 0 0 0 0 0 0 0 0 0 0 0 0 0 0 0 0 0 0 0 0 0 0 0 0 0 0 0 0 0 0 0 0 0 0 0 0 0 0 0 0 0 0 0
464
141 200 87 141 141 141 135 200 87 112 135 112 52 112 112 52 200 112 135 112 135 52 135 141 141 87 112 135 87 52 200 87 135 112 200 112 135 200 200 52 52 52 135 141 52 112 135 87 112 200 112 112 135 112 87 135 141 52 200 141 87 141 135 135 141 141 135 135 52 87 112 141 87 200 141 200 135 141 52 200 135 52 52 200 135 87 141 52 52 87 200 112 87 135 112 135 87 52 141 87 135 87 112 87 141 52 52 87 141 135 200 112 135 87 200 200 135 112 87 112 87 87 200 135 52 200 112 135 52 200 112 141 52 135 141 200 141 87 135 87 135 52 87 87 87 52 112 87 200 200 200 87 112 200 87 112 135 135 200 135 52 112 135 52 112 141 135 112 135 135 200 112 52 87 135 135 87 135 87 52 141 135 87 141 141 52 135 52 87 200 135 141 87 87 200 200 87 112 112 52 200 112 135 200 52 200 87 141 200 200 135 141 112 87 135 200 87 135 112 87 52 112 200 112 135 141 135 87 52 141 112 141 141 112 200 52 52 141 87 87 141 135 135 52 87 200 135 135 112 200 52 112 141 141 87 135 52 52 135 135 52 135 52 141 141 87 200 112 87 112 112 112 141 52 200 112 112 141 135 141 200 200 112 200 52 135 52 52 200 52 200 52 135 135 200 141 141 135 87 112 135 87 200 87 112 112 52 135 135 87 87 135 141 141 200 52 135 135 52 135 135 112 141 52 141 141 135 200 141 112 87 87 135 200 112 141 135 200 141 112 200 141 52 200 112 87 135 200 112 200 200 87 200 141 141 141 87 112 141 200 112 87 52 141 200 52 200 200 87 135 135 52 200 135 200 200 135 200 112 112 112 112 52 200 135 112 135 200 87 141 135 200 200 112 200 135 135 200 52 200 52 87 87 200 52 200 52 200 141 200 200 141 52 87 112 112 112 135 141 141 141 200 52 135 87 87 87 87 141 200 87 141 112 141 200 135 52 112 52 135 200 52 200 135 141 112 52 87 200 135 141 52 200 135 135 87 135 52 52 52 112 135 135 135
248
16 6 13 5 8 6 170 189 20 18 20 19 188 1 7 12 153 15 151 6 4 13 2 18 4 0 19 168 5 12 155 14 3 180 12 15 7 13 2 18 185 11 6 6 157 2 6 152 11 1 5 0 18 174 172 20 5 7 9 14 13 13 17 16 6 8 7 5 18 2 6 2 152 15 14 19 17 189 14 17 7 14 19 19 5 6 176 6 0 11 2 6 12 168 20 8 182 0 11 17 197 19 10 185 0 2 12 10 12 11 8 17 19 8 197 15 183 10 12 178 4 151 1 2 17 175 184 1 3 9 2 8 20 17 9 7 0 3 159 19 8 18 9 3 4 0 7 0 0 3 13 166 4 16 5 14 17 17 10 9 4 14 163 175 14 187 17 18 8 179 191 19 3 12 7 0 16 191 12 10 158 14 0 3 3 17 8 9 3 8 9 19 169 16 4 171 4 150 13 192 12 156 10 8 166 15 4 13 7 196 163 19 3 175 151 5 171 174 2 12 7 14 195 0 15 172 1 16 19 0 7 3 18 2 13 18 11 0 16 8 184 12 13 16 5 7 1 8
601
18 14 4 17 2 9 8 17 7 11 3 11 11 15 9 15 18 7 16 5 14 9 12 12 15 10 18 14 14 18 14 20 15 15 16 5 14 5 9 14 8 17 7 15 2 14 16 19 11 5 19 19 1 13 6 5 9 16 13 19 13 0 2 13 20 5 1 3 15 8 16 11 1 17 0 0 13 16 11 7 1 14 9 5 13 16 3 6 17 6 3 3 5 19 2 20 20 15 3 5 9 19 17 2 10 7 8 0 7 14 18 0 15 17 2 6 11 2 3 1 8 7 7 0 20 6 19 11 18 11 5 2 18 5 20 17 19 10 7 2 18 6 4 8 18 1 3 15 13 12 13 14 16 13 20 11 20 10 20 15 15 20 6 4 1 5 2 13 12 1 19 12 12 6 10 15 16 2 5 6 17 15 12 17 15 6 8 15 20 1 15 13 3 5 7 15 9 5 6 13 18 9 9 8 15 17 2 16 15 0 19 14 16 6 19 6 5 16 9 1 16 2 4 12 7 13 2 7 4 2 11 7 5 2 5 15 5 9 0 7 5 12 20 12 10 12 19 16 5 15 19 17 11 4 6 0 10 10 8 7 17 7 8 0 0 7 5 5 13 0 14 2 8 12 0 1 7 1 3 16 10 7 19 9 0 9 11 20 13 13 15 8 0 15 8 18 18 15 3 13 9 5 11 16 3 2 0 11 12 2 12 19 0 6 2 17 14 4 7 11 15 13 20 1 11 10 19 4 3 7 8 0 12 15 16 10 0 12 10 2 18 12 17 20 17 1 9 8 4 11 11 2 4 4 1 19 10 1 15 4 1 19 11 9 10 13 3 13 18 12 9 3 3 18 16 7 0 8 4 11 18 7 5 5 12 5 1 11 6 5 15 17 19 14 5 15 13 20 8 8 12 12 9 16 6 6 16 6 12 17 5 12 20 7 14 3 13 7 3 1 8 9 17 12 18 19 16 6 20 2 3 18 15 16 10 10 20 6 13 5 8 9 2 5 13 17 17 2 6 7 12 9 18 8 6 17 5 10 6 2 18 17 4 15 5 10 4 3 0 1 14 17 0 0 4 6 19 6 12 10 20 17 0 12 16 2 5 4 12 18 14 19 8 16 17 19 7 19 9 4 14 14 15 10 14 14 5 20 0 12 12 11 14 19 13 13 14 1 19 0 4 11 0 9 16 2 7 10 3 4 9 7 14 18 1 3 8 18 0 19 1 1 1 3 4 15 7 11 13 4 11 14 11 13 8 7 7 0 3 2 3 3 11 9 20 17 10 8 14 14 8 15 3 12 13 0 16 13 19 4 12 2 10 16 15 12 18 0 10 3 10 2 12 20 18 3 13 12 13 10 2
359
118 145 106 107 90 182 176 72 119 14 139 127 137 31 126 113 117 180 100 188 27 143 77 8 165 198 192 74 1 27 37 118 98 46 81 155 115 85 125 52 176 106 79 194 154 114 179 48 30 121 124 65 115 39 12 128 22 61 118 5 140 96 29 198 43 147 129 180 94 53 118 115 129 181 156 75 98 30 98 9 199 170 122 77 54 149 196 188 127 179 164 3 173 76 139 110 86 87 10 103 30 86 108 73 126 129 86 194 52 13 139 56 199 94 167 84 105 139 22 71 133 26 184 69 188 108 107 68 83 173 62 113 78 189 49 62 105 144 127 16 81 24 127 167 131 59 132 18 10 20 3 190 42 6 135 47 66 40 148 157 84 180 191 43 9 14 37 43 26 124 170 56 54 16 81 56 191 62 59 115 108 53 41 87 43 76 28 51 160 186 37 91 86 83 3 72 116 140 65 80 93 186 66 28 167 93 176 198 179 5 114 193 190 4 34 197 36 106 80 4 199 124 176 200 67 166 148 199 146 60 148 73 195 166 66 127 142 181 77 183 24 80 162 6 162 88 56 190 58 130 97 19 153 58 137 30 192 5 167 35 44 158 172 56 17 61 108 135 105 58 20 91 33 137 76 118 7 84 133 51 22 146 50 171 191 22 56 88 6 46 182 126 159 192 0 83 100 79 129 167 46 192 162 72 65 77 33 175 114 36 159 132 35 17 89 12 12 164 179 158 96 184 167 10 76 198 50 31 40 166 117 176 182 73 39 121 155 175 120 99 24 47 43 8 181 21 73 185 76 187 136 48 139 71 124 39 29 142 160
991
200 200 200 200 200 200 200 200 200 200 200 200 200 200 200 200 200 200 200 200 200 200 200 200 200 200 200 200 200 200 200 200 200 200 200 200 200 200 200 200 200 200 200 200 200 200 200 200 200 200 200 200 200 200 200 200 200 200 200 200 200 200 200 200 200 200 200 200 200 200 200 200 200 200 200 200 200 200 200 200 200 200 200 200 200 200 200 200 200 200 200 200 200 200 200 200 200 200 200 200 200 200 200 200 200 200 200 200 200 200 200 200 200 200 200 200 200 200 200 200 200 200 200 200 200 200 200 200 200 200 200 200 200 200 200 200 200 200 200 200 200 200 200 200 200 200 200 200 200 200 200 200 200 200 200 200 200 200 200 200 200 200 200 200 200 200 200 200 200 200 200 200 200 200 200 200 200 200 200 200 200 200 200 200 200 200 200 200 200 200 200 200 200 200 200 200 200 200 200 200 200 200 200 200 200 200 200 200 200 200 200 200 200 200 200 200 200 200 200 200 200 200 200 200 200 200 200 200 200 200 200 200 200 200 200 200 200 200 200 200 200 200 200 200 200 200 200 200 200 200 200 200 200 200 200 200 200 200 200 200 200 200 200 200 200 200 200 200 200 200 200 200 200 200 200 200 200 200 200 200 200 200 200 200 200 200 200 200 200 200 200 200 200 200 200 200 200 200 200 200 200 200 200 200 200 200 200 200 200 200 200 200 200 200 200 200 200 200 200 200 200 200 200 200 200 200 200 200 200 200 200 200 200 200 200 200 200 200 200 200 200 200 200 200 200 200 200 200 200 200 200 200 200 200 200 200 200 200 200 200 200 200 200 200 200 200 200 200 200 200 200 200 200 200 200 200 200 200 200 200 200 200 200 200 200 200 200 200 200 200 200 200 200 200 200 200 200 200 200 200 200 200 200 200 200 200 200 200 200 200 200 200 200 200 200 200 200 200 200 200 200 200 200 200 200 200 200 200 200 200 200 200 200 200 200 200 200 200 200 200 200 200 200 200 200 200 200 200 200 200 200 200 200 200 200 200 200 200 200 200 200 200 200 200 200 200 200 200 200 200 200 200 200 200 200 200 200 200 200 200 200 200 200 200 200 200 200 200 200 200 200 200 200 200 200 200 200 200 200 200 200 200 200 200 200 200 200 200 200 200 200 200 200 200 200 200 200 200 200 200 200 200 200 200 200 200 200 200 200 200 200 200 200 200 200 200 200 200 200 200 200 200 200 200 200 200 200 200 200 200 200 200 200 200 200 200 200 200 200 200 200 200 200 200 200 200 200 200 200 200 200 200 200 200 200 200 200 200 200 200 200 200 200 200 200 200 200 200 200 200 200 200 200 200 200 200 200 200 200 200 200 200 200 200 200 200 200 200 200 200 200 200 200 200 200 200 200 200 200 200 200 200 200 200 200 200 200 200 200 200 200 200 200 200 200 200 200 200 200 200 200 200 200 200 200 200 200 200 200 200 200 200 200 200 200 200 200 200 200 200 200 200 200 200 200 200 200 200 200 200 200 200 200 200 200 200 200 200 200 200 200 200 200 200 200 200 200 200 200 200 200 200 200 200 200 200 200 200 200 200 200 200 200 200 200 200 200 200 200 200 200 200 200 200 200 200 200 200 200 200 200 200 200 200 200 200 200 200 200 200 200 200 200 200 200 200 200 200 200 200 200 200 200 200 200 200 200 200 200 200 200 200 200 200 200 200 200 200 200 200 200 200 200 200 200 200 200 200 200 200 200 200 200 200 200 200 200 200 200 200 200 200 200 200 200 200 200 200 200 200 200 200 200 200 200 200 200 200 200 200 200 200 200 200 200 200 200 200 200 200 200 200 200 200 200 200 200 200 200 200 200 200 200 200 200 200 200 200 200 200 200 200 200 200 200 200 200 200 200 200 200 200 200 200 200 200 200 200 200 200 200 200 200 200 200 200 200 200 200 200 200 200 200 200 200 200 200 200 200 200 200 200 200 200 200 200 200 200 200 200 200 200 200 200 200 200 200 200 200 200 200 200 200 200 200 200 200 200 200 200 200 200 200 200 200 200 200 200 200 200 200 200 200 200 200 200 200 200 200 200 200 200 200 200 200 200 200 200 200 200 200 200 200 200 200 200 200 200 200 200 200 200 200 200 200 200 200 200 200 200 200 200 200 200 200 200 200 200 200 200 200 200 200 200 200 200 200 200 200 200 200 200 200 200 200 200 200 200 200 200 200 200 200 200 200 200 200 200 200 200 200
579
13 9 5 7 14 15 5 0 4 16 20 9 15 10 6 18 20 19 15 3 18 2 2 15 5 16 5 1 5 19 14 17 12 9 19 3 17 10 13 20 16 10 18 6 11 13 12 5 9 19 20 7 0 6 6 3 9 11 13 11 4 15 7 11 7 2 7 20 18 11 0 5 14 19 12 18 11 2 17 16 19 2 12 14 17 10 6 19 14 12 19 3 20 3 14 9 13 8 16 20 9 7 14 2 12 6 18 8 6 10 8 17 15 4 12 1 12 17 10 12 12 7 5 12 20 6 6 19 4 3 16 6 8 3 10 9 3 2 19 2 20 13 16 8 1 1 17 0 14 18 12 5 8 15 19 7 16 17 11 9 18 4 0 4 19 13 7 2 7 9 14 20 7 5 17 20 9 4 0 13 14 12 9 15 2 6 0 15 8 18 7 6 6 18 14 14 20 10 3 14 20 19 6 3 10 2 16 11 14 9 8 3 2 9 13 1 10 16 8 5 12 5 6 17 4 13 9 12 10 1 2 15 12 3 4 16 8 13 1 19 15 15 13 4 4 19 20 8 17 6 12 0 2 10 5 8 11 18 8 14 3 1 14 4 11 1 15 9 0 10 20 7 20 9 10 12 13 15 7 15 0 10 7 3 1 18 8 20 10 6 15 12 20 5 4 8 4 0 6 16 16 2 10 3 13 18 6 1 1 10 1 6 1 0 1 16 2 17 13 20 16 12 17 9 17 8 5 2 1 12 13 6 16 3 5 14 0 19 15 8 8 8 13 1 2 14 1 3 1 11 16 9 8 16 17 11 10 19 6 7 4 11 14 4 7 4 1 15 7 6 12 0 15 19 13 2 11 11 8 11 16 14 2 14 20 19 4 0 20 8 0 5 10 0 9 4 14 19 2 7 14 2 6 20 8 15 7 18 18 4 14 4 18 16 18 0 15 16 6 5 0 12 13 18 18 15 19 14 19 6 4 14 15 17 9 13 15 15 0 8 14 3 12 17 18 16 9 4 20 8 1 15 12 18 0 10 14 1 16 0 4 4 1 10 12 20 3 8 8 7 17 0 11 6 19 7 20 13 10 19 1 14 19 6 13 5 14 14 16 10 9 19 4 7 2 17 10 3 13 1 7 3 1 16 12 11 16 17 11 8 1 15 11 15 10 0 20 13 0 19 11 17 6 8 1 0 12 2 16 0 12 4 5 13 9 8 19 3 0 11 8 12 9 7 9 8 20 5 7 1 3 1 12 13 0 10 17 11 4 11 11 8 17 19 3 3 9 14 10 5 8 15 17 2 6 14 4 10 17
788
4 152 1 20 11 3 20 20 8 3 15 11 5 6 11 20 4 9 19 13 16 1 8 15 8 166 185 4 5 162 5 8 19 173 2 7 20 156 17 13 166 185 8 2 165 18 173 20 182 6 11 13 4 14 15 11 152 13 16 195 16 13 10 20 0 150 172 7 7 8 9 6 0 6 18 11 17 18 12 14 19 16 197 17 3 6 163 10 3 1 7 2 10 6 8 19 13 8 194 163 7 16 13 20 20 20 16 195 8 19 190 1 6 9 180 7 12 13 4 9 9 5 7 1 160 14 168 3 0 2 3 170 153 7 0 20 11 1 1 16 6 7 18 2 0 193 13 6 9 7 194 0 0 8 150 17 8 12 1 198 4 0 0 7 10 14 165 179 17 17 8 8 162 15 0 19 14 13 15 185 12 6 16 5 20 9 13 18 176 10 0 0 2 2 12 16 7 160 150 12 7 2 167 177 13 20 0 15 198 163 151 16 9 8 10 4 6 0 3 3 182 165 19 179 16 13 6 18 15 20 195 200 11 13 12 10 7 4 20 17 4 16 17 1 2 18 16 5 1 15 9 0 188 3 5 3 20 19 9 10 11 0 11 20 15 14 11 16 157 12 183 1 10 190 14 18 4 14 166 16 19 8 189 177 1 1 169 11 186 15 13 3 5 162 3 9 19 15 5 12 17 18 17 2 12 14 19 11 14 13 4 16 5 185 20 19 4 11 19 1 180 184 13 19 2 11 12 19 5 4 15 10 4 2 9 5 19 7 1 19 19 15 191 11 190 14 13 5 20 175 10 19 14 153 176 4 18 3 14 12 2 11 20 4 17 17 17 10 3 156 8 7 187 11 184 3 0 9 11 9 13 8 7 1 7 156 5 16 4 15 6 15 19 1 8 163 173 189 12 196 1 174 2 19 8 6 16 17 0 15 13 3 18 156 12 6 14 12 12 11 3 19 5 200 159 10 13 1 7 14 16 20 2 168 17 2 13 9 1 162 4 12 3 177 15 182 6 173 14 12 15 159 4 17 12 18 166 161 158 3 5 7 12 168 10 17 5 1 197 6 191 194 186 11 18 2 10 13 193 20 11 151 17 7 15 20 4 197 7 2 5 6 8 11 4 180 0 8 2 157 11 173 11 152 11 20 182 153 176 18 5 4 169 12 15 5 2 186 9 15 5 180 1 3 19 10 6 1 13 10 199 15 20 7 13 155 190 15 17 12 14 0 5 16 20 10 11 14 10 11 1 169 13 189 14 19 13 20 16 17 9 20 10 3 9 11 173 8 11 2 3 11 12 15 186 8 18 12 14 185 173 16 180 194 9 8 3 11 19 3 192 163 4 12 9 5 1 183 194 20 18 173 12 14 195 12 2 183 175 195 2 5 19 17 153 5 6 156 19 14 7 2 10 9 17 14 14 10 11 6 4 7 17 9 3 167 5 11 181 16 162 162 17 19 17 13 1 18 15 1 12 4 154 180 0 196 177 13 155 1 14 1 158 10 12 165 13 4 6 10 2 0 15 12 6 1 8 18 14 13 9 15 150 14 1 19 2 5 20 184 4 15 12 182 3 19 150 15 4 10 14 150 19 11 12 176 12 3 154 181 11 190 6 8 17 181 10 20 189 13 155 9 14 0 1 18 169 3 167 2 9 19 15 15 8 10 19 15 15 12 158 0 6 150 6 4 14 161 3 14 1 14 3 0 9 12 179 6 3 0 12 162 196 6 9 11 184 183 5 7 2 0 156 11 190 19 177 10 7 5 19 13 178 161 18 3 13 189
50
200 200 200 200 200 200 200 200 200 200 200 200 200 200 200 200 200 200 200 200 200 200 200 200 200 200 200 200 200 200 200 200 200 200 200 200 200 200 200 200 200 200 200 200 200 200 200 200 200 200
376
13 18 5 14 13 18 2 200 183 16 153 0 185 172 1 199 8 151 1 3 13 8 3 12 15 2 6 5 16 20 20 13 0 16 11 15 9 16 156 7 17 12 17 17 17 16 10 20 4 6 8 14 8 3 19 17 4 3 17 8 16 0 17 0 14 3 179 12 7 1 1 10 1 17 2 13 16 0 200 9 19 1 3 12 13 7 162 1 18 1 3 13 12 0 11 193 176 12 3 18 2 18 15 8 175 0 19 0 6 186 19 18 10 2 7 20 13 12 12 3 175 9 1 158 1 15 169 6 18 8 175 20 192 8 8 20 164 196 2 156 6 13 11 13 11 15 2 18 6 16 7 15 1 7 6 0 178 10 12 2 15 0 17 155 150 191 189 11 19 5 20 176 8 187 188 4 20 197 160 7 14 2 9 6 18 6 15 12 7 196 170 14 12 198 0 7 18 12 196 0 17 17 20 3 2 154 5 3 6 11 4 3 175 2 17 16 1 14 18 6 192 176 2 9 9 14 7 20 9 19 19 1 20 17 9 18 2 19 10 17 12 163 10 18 19 181 2 4 11 5 4 14 10 156 191 18 9 6 14 5 16 10 10 176 5 11 7 4 16 4 199 1 20 185 18 15 4 6 200 17 19 161 169 6 10 168 18 20 9 17 7 158 14 10 5 17 13 5 10 6 14 159 151 7 20 8 12 8 199 6 7 7 155 7 152 12 2 191 15 10 19 9 8 14 6 15 10 180 16 12 14 0 17 172 20 12 5 1 18 0 12 199 197 13 20 10 5 19 198 12 3 15 178 17 170 2 15 7 185 18 16 3 199 4 16 6 19 3 10 10 8 7 5 18 9 193
455
0 0 0 0 0 0 0 0 0 0 0 0 0 0 0 0 0 0 0 0 0 0 0 0 0 0 0 0 0 0 0 0 0 0 0 0 0 0 0 0 0 0 0 0 0 0 0 0 0 0 0 0 0 0 0 0 0 0 0 0 0 0 0 0 0 0 0 0 0 0 0 0 0 0 0 0 0 0 0 0 0 0 0 0 0 0 0 0 0 0 0 0 0 0 0 0 0 0 0 0 0 0 0 0 0 0 0 0 0 0 0 0 0 0 0 0 0 0 0 0 0 0 0 0 0 0 0 0 0 0 0 0 0 0 0 0 0 0 0 0 0 0 0 0 0 0 0 0 0 0 0 0 0 0 0 0 0 0 0 0 0 0 0 0 0 0 0 0 0 0 0 0 0 0 0 0 0 0 0 0 0 0 0 0 0 0 0 0 0 0 0 0 0 0 0 0 0 0 0 0 0 0 0 0 0 0 0 0 0 0 0 0 0 0 0 0 0 0 0 0 0 0 0 0 0 0 0 0 0 0 0 0 0 0 0 0 0 0 0 0 0 0 0 0 0 0 0 0 0 0 0 0 0 0 0 0 0 0 0 0 0 0 0 0 0 0 0 0 0 0 0 0 0 0 0 0 0 0 0 0 0 0 0 0 0 0 0 0 0 0 0 0 0 0 0 0 0 0 0 0 0 0 0 0 0 0 0 0 0 0 0 0 0 0 0 0 0 0 0 0 0 0 0 0 0 0 0 0 0 0 0 0 0 0 0 0 0 0 0 0 0 0 0 0 0 0 0 0 0 0 0 0 0 0 0 0 0 0 0 0 0 0 0 0 0 0 0 0 0 0 0 0 0 0 0 0 0 0 0 0 0 0 0 0 0 0 0 0 0 0 0 0 0 0 0 0 0 0 0 0 0 0 0 0 0 0 0 0 0 0 0 0 0 0 0 0 0 0 0 0 0 0 0 0 0 0 0 0 0 0 0 0 0 0 0 0 0 0 0 0 0 0 0 0 0 0 0 0 0 0 0 0 0 0 0
345
2 9 11 18 18 13 17 19 16 4 20 15 7 15 6 187 193 5 0 19 11 16 5 8 14 170 10 16 182 175 9 157 167 186 17 15 6 9 176 153 14 19 1 0 14 0 11 186 7 10 2 164 12 6 18 8 3 4 194 5 2 6 12 14 7 190 17 2 8 170 11 168 13 162 163 15 0 3 185 13 20 12 11 193 13 9 1 2 10 7 198 10 14 4 1 17 14 17 10 2 14 20 163 12 20 189 9 5 8 11 7 186 20 13 6 152 169 11 20 18 17 7 167 12 19 5 169 2 7 10 17 18 190 1 18 165 18 1 14 17 1 14 4 9 16 20 13 4 12 4 153 11 9 0 17 1 14 1 0 1 19 0 15 12 16 10 5 170 5 15 199 13 198 165 181 6 1 20 8 176 174 5 10 151 190 194 8 9 3 17 174 17 1 19 14 12 8 0 11 18 4 176 0 151 20 16 14 6 2 18 7 10 166 1 18 16 20 18 7 9 168 2 20 168 6 1 14 12 3 20 14 15 8 6 19 16 175 1 5 9 167 167 18 184 180 173 184 2 177 11 180 11 14 2 2 0 177 4 3 10 6 7 166 8 5 177 18 3 168 7 177 152 11 11 14 5 0 17 152 1 20 11 13 12 152 176 16 14 14 17 17 15 10 17 3 4 17 9 9 199 14 19 12 12 194 14 18 11 166 20 15 20 20 3 168 158 20 16 12 178 8 6 6 4 0 14 157 10 10 19 5 18 196 3 152 9 12 3 19 13 8 12 18 177 169
404
0 0 0 0 0 0 0 0 0 0 0 0 0 0 0 0 0 0 0 0 0 0 0 0 0 0 0 0 0 0 0 0 0 0 0 0 0 0 0 0 0 0 0 0 0 0 0 0 0 0 0 0 0 0 0 0 0 0 0 0 0 0 0 0 0 0 0 0 0 0 0 0 0 0 0 0 0 0 0 0 0 0 0 0 0 0 0 0 0 0 0 0 0 0 0 0 0 0 0 0 0 0 0 0 0 0 0 0 0 0 0 0 0 0 0 0 0 0 0 0 0 0 0 0 0 0 0 0 0 0 0 0 0 0 0 0 0 0 0 0 0 0 0 0 0 0 0 0 0 0 0 0 0 0 0 0 0 0 0 0 0 0 0 0 0 0 0 0 0 0 0 0 0 0 0 0 0 0 0 0 0 0 0 0 0 0 0 0 0 0 0 0 0 0 0 0 0 0 0 0 0 0 0 0 0 0 0 0 0 0 0 0 0 0 0 0 0 0 0 0 0 0 0 0 0 0 0 0 0 0 0 0 0 0 0 0 0 0 0 0 0 0 0 0 0 0 0 0 0 0 0 0 0 0 0 0 0 0 0 0 0 0 0 0 0 0 0 0 0 0 0 0 0 0 0 0 0 0 0 0 0 0 0 0 0 0 0 0 0 0 0 0 0 0 0 0 0 0 0 0 0 0 0 0 0 0 0 0 0 0 0 0 0 0 0 0 0 0 0 0 0 0 0 0 0 0 0 0 0 0 0 0 0 0 0 0 0 0 0 0 0 0 0 0 0 0 0 0 0 0 0 0 0 0 0 0 0 0 0 0 0 0 0 0 0 0 0 0 0 0 0 0 0 0 0 0 0 0 0 0 0 0 0 0 0 0 0 0 0 0 0 0 0 0 0 0 0 0 0 0 0 0 0 0
954
197 15 190 15 16 17 16 2 183 0 16 16 10 182 15 14 8 10 17 0 4 20 3 9 19 17 6 14 5 11 11 11 3 13 5 1 13 17 200 12 7 1 162 5 2 197 1 10 161 7 20 6 152 197 191 3 7 2 169 19 176 3 19 195 18 6 153 5 5 0 6 11 165 2 16 9 2 4 7 18 3 8 11 9 4 7 15 2 17 8 14 172 2 19 14 20 159 18 5 10 5 180 6 18 15 6 5 8 20 17 17 17 8 167 185 3 163 182 1 2 13 17 13 11 15 1 16 1 13 4 196 4 18 2 4 7 18 185 13 20 13 8 7 199 177 0 8 4 16 19 184 9 13 13 15 1 2 167 181 7 4 5 4 19 16 1 0 8 11 9 13 18 4 186 163 7 6 13 5 1 3 7 10 13 185 5 15 15 6 2 17 19 6 0 16 18 11 9 178 8 8 8 11 1 11 5 173 0 11 8 7 5 11 11 6 12 192 16 12 8 13 20 19 15 4 1 12 5 19 15 154 182 10 8 18 18 19 3 174 11 20 19 15 16 5 18 166 152 157 5 20 17 0 17 20 190 1 11 181 7 16 3 17 6 186 19 17 158 7 20 19 152 15 8 15 0 10 6 17 6 9 3 11 6 14 176 14 9 152 196 166 6 17 7 15 5 1 183 15 9 20 164 13 1 10 5 3 19 15 5 12 2 153 10 5 5 0 1 17 8 2 166 10 4 2 20 16 5 20 156 7 13 20 15 12 6 3 192 15 188 189 161 3 13 16 152 7 5 153 195 15 9 7 16 4 13 4 19 6 168 19 2 3 200 18 9 1 2 6 185 20 197 3 7 14 155 6 175 5 20 157 163 8 0 9 167 9 10 15 5 8 15 17 157 15 178 12 5 7 14 6 12 4 1 6 6 3 19 2 12 18 165 12 3 5 18 174 18 0 188 20 188 169 187 181 177 0 16 9 16 10 6 18 9 1 12 20 9 165 18 5 4 181 181 5 190 155 197 16 12 5 5 2 7 197 17 18 12 18 19 6 7 15 17 9 4 13 18 15 0 19 15 5 200 6 16 171 0 7 193 18 16 14 20 5 0 7 176 168 13 9 1 14 19 9 156 0 7 11 14 10 190 1 9 175 199 8 16 19 4 9 8 185 18 11 8 2 20 7 13 18 10 18 13 9 180 17 153 20 12 188 5 182 18 17 18 2 12 3 15 198 8 158 16 15 11 166 7 7 2 15 13 14 10 9 187 20 12 13 14 19 20 4 169 20 13 4 11 10 191 2 10 13 19 1 3 1 182 13 183 17 189 16 16 18 196 0 9 7 20 8 18 20 12 6 19 15 154 16 6 16 0 4 20 18 1 7 14 10 9 20 185 8 16 15 8 4 12 198 13 2 11 170 14 6 156 8 15 9 13 16 10 183 12 20 189 7 4 19 19 18 168 1 18 14 3 17 20 9 12 0 14 2 8 6 6 0 20 3 5 17 5 14 17 0 20 197 8 3 192 16 7 17 153 15 6 4 20 8 14 0 1 2 9 170 18 12 13 19 12 10 16 11 16 8 9 18 5 7 19 14 16 19 7 15 8 20 19 15 5 5 1 174 0 153 1 189 13 9 6 163 4 2 7 166 0 19 196 13 3 170 200 8 1 13 16 13 186 8 8 191 2 3 18 2 15 11 12 13 3 19 199 20 5 15 172 11 9 16 16 9 13 1 4 15 1 12 183 152 1 11 16 16 3 12 13 1 2 3 161 0 154 14 192 7 1 194 164 0 14 184 2 18 19 2 4 5 1 10 16 12 18 151 8 6 3 18 15 13 1 5 14 1 0 19 3 168 18 9 2 175 1 5 197 198 19 160 2 0 187 19 9 4 200 9 5 12 15 16 10 165 182 17 20 11 162 1 18 5 180 192 196 6 5 12 2 2 0 2 155 6 188 5 193 8 178 13 191 16 5 9 179 20 169 9 17 5 18 4 19 2 16 10 194 9 5 13 153 5 17 3 2 0 5 5 179 18 20 155 2 10 0 2 3 20 5 12 161 20 1 6 3 2 17 12 16 2 178 193 156 14 19 16 7 152 10 172 19 9 163 17 10 15 3 14 1 17 3 193 13 11 10 168 16 19 198 8 9 18 167 194 9 162 7
470
180 184 114 193 120 24 77 63 194 28 177 5 184 114 20 181 191 122 119 130 152 113 111 73 118 25 154 129 198 31 94 7 11 89 33 16 49 54 131 40 17 104 122 25 167 136 162 158 119 78 72 44 108 3 115 134 199 196 113 75 128 124 106 152 115 64 33 12 58 77 183 139 32 157 119 33 32 185 13 168 66 64 114 118 63 48 24 135 47 56 147 62 2 82 48 153 30 186 26 127 12 88 72 141 143 115 73 50 134 69 29 134 58 87 123 174 192 54 131 94 77 7 190 195 80 116 24 105 103 97 41 140 197 121 46 161 5 118 158 4 43 127 177 15 56 110 82 116 56 164 33 27 55 166 4 106 18 139 190 69 78 25 34 157 68 35 99 123 27 166 135 16 41 117 137 84 198 198 155 60 174 15 62 69 121 129 10 171 113 11 145 193 71 175 110 112 124 27 19 120 7 7 41 18 59 68 71 172 164 174 50 41 158 39 172 45 132 156 61 192 98 103 34 104 60 72 6 32 196 89 161 87 9 106 51 168 111 108 174 82 174 27 1 11 75 50 68 104 125 134 11 148 131 51 29 156 171 70 96 93 20 161 183 36 78 62 174 95 193 127 51 47 130 19 166 169 136 158 84 162 154 36 122 37 127 44 122 187 172 110 198 196 124 32 159 23 176 8 195 80 61 163 153 33 17 121 66 123 82 157 81 106 102 102 176 72 52 165 82 167 3 133 101 92 128 101 54 128 27 33 125 42 152 132 26 162 145 32 113 19 139 24 146 62 94 125 92 176 54 130 16 81 47 177 111 130 118 164 194 175 75 74 131 98 120 110 175 166 116 114 44 38 140 77 186 22 86 16 10 43 115 107 61 112 4 195 140 26 56 43 169 28 170 87 168 1 93 127 33 37 176 11 84 178 187 121 65 53 93 28 197 59 17 112 116 51 134 152 165 123 81 156 160 63 193 2 52 48 56 62 56 72 142 76 177 190 190 178 112 163 141 114 124 1 20 173 59 137 131 85 31 198 12 10 196 44 124 55 60 121 155 43 77 91 142 97 49 120 123 180
387
200 200 200 200 200 200 200 200 200 200 200 200 200 200 200 200 200 200 200 200 200 200 200 200 200 200 200 200 200 200 200 200 200 200 200 200 200 200 200 200 200 200 200 200 200 200 200 200 200 200 200 200 200 200 200 200 200 200 200 200 200 200 200 200 200 200 200 200 200 200 200 200 200 200 200 200 200 200 200 200 200 200 200 200 200 200 200 200 200 200 200 200 200 200 200 200 200 200 200 200 200 200 200 200 200 200 200 200 200 200 200 200 200 200 200 200 200 200 200 200 200 200 200 200 200 200 200 200 200 200 200 200 200 200 200 200 200 200 200 200 200 200 200 200 200 200 200 200 200 200 200 200 200 200 200 200 200 200 200 200 200 200 200 200 200 200 200 200 200 200 200 200 200 200 200 200 200 200 200 200 200 200 200 200 200 200 200 200 200 200 200 200 200 200 200 200 200 200 200 200 200 200 200 200 200 200 200 200 200 200 200 200 200 200 200 200 200 200 200 200 200 200 200 200 200 200 200 200 200 200 200 200 200 200 200 200 200 200 200 200 200 200 200 200 200 200 200 200 200 200 200 200 200 200 200 200 200 200 200 200 200 200 200 200 200 200 200 200 200 200 200 200 200 200 200 200 200 200 200 200 200 200 200 200 200 200 200 200 200 200 200 200 200 200 200 200 200 200 200 200 200 200 200 200 200 200 200 200 200 200 200 200 200 200 200 200 200 200 200 200 200 200 200 200 200 200 200 200 200 200 200 200 200 200 200 200 200 200 200 200 200 200 200 200 200 200 200 200 200 200 200 200 200 200 200 200 200 200 200 200 200 200 200 200 200 200 200 200 200 200 200 200 200 200 200 200 200 200 200 200 200 200 200 200 200 200 200
200
0 200 88 110 105 91 51 100 67 95 76 102 111 68 65 115 83 109 112 105 61 67 73 74 67 82 69 118 90 57 116 100 115 102 53 90 111 56 91 77 66 69 83 88 109 57 84 51 71 95 74 115 67 99 53 79 78 54 111 71 116 115 118 73 112 50 99 67 50 93 81 104 68 66 114 56 84 118 56 84 72 57 71 59 105 116 118 51 102 90 103 110 86 57 89 104 70 66 100 57 63 97 93 117 115 78 118 81 77 56 82 80 76 64 93 68 52 103 74 99 61 120 64 76 113 91 101 82 69 65 73 84 60 67 80 114 55 53 110 104 102 95 61 90 100 103 108 67 84 117 56 61 54 69 120 66 111 82 71 101 65 97 56 107 80 98 71 60 120 58 95 55 90 83 91 106 89 92 81 109 120 90 64 62 63 57 109 89 104 90 78 83 52 87 98 113 71 77 70 200
265
0 200 87 98 99 59 56 79 69 80 104 104 55 114 64 65 104 117 108 120 86 100 83 108 59 114 50 110 98 52 71 116 115 109 54 80 62 70 66 96 68 110 53 72 76 86 109 55 107 117 82 83 68 115 54 96 56 118 115 92 69 58 50 56 100 63 120 75 78 51 105 113 119 90 89 114 109 97 106 115 76 111 55 114 76 99 101 120 52 65 112 108 71 100 51 58 65 52 116 76 85 110 98 80 58 70 111 83 57 69 110 83 101 90 92 58 86 51 109 82 87 117 69 62 92 76 70 118 80 62 61 57 93 58 85 91 90 62 64 50 52 60 85 92 61 52 102 53 52 53 96 63 95 102 88 94 55 69 105 106 77 115 88 51 117 79 70 83 67 54 56 106 106 56 57 111 74 104 98 50 91 106 54 83 110 90 115 104 51 84 99 99 94 108 72 120 53 87 120 62 50 76 118 107 91 105 52 72 112 84 96 100 98 94 100 120 117 57 53 84 92 98 69 72 65 93 71 72 86 98 59 99 69 66 103 59 100 113 66 65 72 113 51 90 66 110 73 113 111 98 66 109 53 96 93 104 86 75 87 101 105 113 112 69 200
675
200 200 200 200 200 200 200 200 200 200 200 200 200 200 200 200 200 200 200 200 200 200 200 200 200 200 200 200 200 200 200 200 200 200 200 200 200 200 200 200 200 200 200 200 200 200 200 200 200 200 200 200 200 200 200 200 200 200 200 200 200 200 200 200 200 200 200 200 200 200 200 200 200 200 200 200 200 200 200 200 200 200 200 200 200 200 200 200 200 200 200 200 200 200 200 200 200 200 200 200 200 200 200 200 200 200 200 200 200 200 200 200 200 200 200 200 200 200 200 200 200 200 200 200 200 200 200 200 200 200 200 200 200 200 200 200 200 200 200 200 200 200 200 200 200 200 200 200 200 200 200 200 200 200 200 200 200 200 200 200 200 200 200 200 200 200 200 200 200 200 200 200 200 200 200 200 200 200 200 200 200 200 200 200 200 200 200 200 200 200 200 200 200 200 200 200 200 200 200 200 200 200 200 200 200 200 200 200 200 200 200 200 200 200 200 200 200 200 200 200 200 200 200 200 200 200 200 200 200 200 200 200 200 200 200 200 200 200 200 200 200 200 200 200 200 200 200 200 200 200 200 200 200 200 200 200 200 200 200 200 200 200 200 200 200 200 200 200 200 200 200 200 200 200 200 200 200 200 200 200 200 200 200 200 200 200 200 200 200 200 200 200 200 200 200 200 200 200 200 200 200 200 200 200 200 200 200 200 200 200 200 200 200 200 200 200 200 200 200 200 200 200 200 200 200 200 200 200 200 200 200 200 200 200 200 200 200 200 200 200 200 200 200 200 200 200 200 200 200 200 200 200 200 200 200 200 200 200 200 200 200 200 200 200 200 200 200 200 200 200 200 200 200 200 200 200 200 200 200 200 200 200 200 200 200 200 200 200 200 200 200 200 200 200 200 200 200 200 200 200 200 200 200 200 200 200 200 200 200 200 200 200 200 200 200 200 200 200 200 200 200 200 200 200 200 200 200 200 200 200 200 200 200 200 200 200 200 200 200 200 200 200 200 200 200 200 200 200 200 200 200 200 200 200 200 200 200 200 200 200 200 200 200 200 200 200 200 200 200 200 200 200 200 200 200 200 200 200 200 200 200 200 200 200 200 200 200 200 200 200 200 200 200 200 200 200 200 200 200 200 200 200 200 200 200 200 200 200 200 200 200 200 200 200 200 200 200 200 200 200 200 200 200 200 200 200 200 200 200 200 200 200 200 200 200 200 200 200 200 200 200 200 200 200 200 200 200 200 200 200 200 200 200 200 200 200 200 200 200 200 200 200 200 200 200 200 200 200 200 200 200 200 200 200 200 200 200 200 200 200 200 200 200 200 200 200 200 200 200 200 200 200 200 200 200 200 200 200 200 200 200 200 200 200 200 200 200 200 200 200 200 200 200 200 200 200 200 200 200 200 200 200 200 200 200 200 200 200 200 200 200 200 200 200 200 200 200 200 200 200 200 200 200 200 200 200 200 200 200 200 200 200 200 200 200 200 200 200 200 200 200 200 200 200 200 200 200 200 200 200 200 200 200 200 200
271
139 19 16 53 195 23 167 172 9 124 34 88 148 66 125 184 44 8 46 158 23 99 4 90 104 83 184 118 74 47 5 171 84 123 57 151 163 35 167 59 45 187 49 181 89 191 11 119 139 100 2 1 172 38 94 103 84 40 181 40 70 95 79 129 109 188 120 11 104 133 20 29 135 128 106 62 15 179 174 90 186 28 140 104 22 52 31 187 38 142 88 130 144 10 27 164 127 89 72 103 154 137 28 122 153 131 86 88 60 80 113 17 147 119 11 5 69 95 29 101 72 167 50 146 172 29 111 131 76 86 120 11 71 114 73 72 169 95 190 69 73 141 31 116 50 53 198 47 70 131 42 160 44 76 35 1 48 104 149 89 184 88 21 22 6 8 117 82 90 143 166 124 0 52 171 62 65 180 184 29 56 145 84 57 163 191 88 56 95 107 68 60 119 186 160 30 6 114 188 151 180 145 5 68 56 71 151 80 8 4 200 185 72 172 89 86 128 181 104 78 124 17 62 32 44 183 171 43 16 94 8 26 7 98 24 7 113 106 102 171 16 53 106 88 80 155 165 15 56 17 132 69 148 114 144 64 128 15 60 152 99 1 151 90 96 144 164 160 186 56 38
500
158 56 65 56 24 65 65 158 56 56 65 182 182 182 56 65 158 65 24 158 24 24 182 65 56 56 65 182 56 182 24 182 158 158 24 24 24 182 158 158 182 65 158 24 182 182 56 158 158 158 65 65 182 158 182 56 182 65 158 182 24 24 56 182 24 24 56 158 182 65 158 158 158 182 24 65 56 65 182 182 24 65 56 158 24 65 56 24 182 24 24 65 24 182 65 56 24 56 158 56 158 158 24 56 65 24 24 65 158 182 56 65 158 158 56 24 158 158 24 56 158 24 158 24 56 182 24 65 182 56 24 65 158 65 56 24 158 65 24 182 182 56 65 56 182 56 56 56 182 56 65 24 24 24 24 24 56 182 65 24 182 158 65 65 158 182 56 56 182 65 65 56 158 65 24 65 65 65 65 65 182 158 56 65 65 24 65 24 65 158 65 182 65 158 182 56 158 24 182 158 158 182 65 56 65 24 65 56 65 182 158 65 65 158 56 65 56 158 24 24 158 56 56 24 24 24 158 56 182 24 182 56 182 24 158 65 24 24 182 56 65 56 158 158 182 56 158 158 182 158 24 56 182 56 65 56 158 182 24 158 182 65 158 65 65 158 56 65 65 56 65 158 65 182 24 56 24 56 65 24 65 24 56 158 56 158 182 65 65 182 158 24 56 56 56 158 24 24 56 65 158 65 182 24 182 56 182 56 158 24 158 182 158 158 158 182 182 65 24 65 65 56 158 56 24 56 158 56 158 182 65 65 65 65 24 158 158 182 65 56 24 158 65 158 182 65 56 65 24 24 182 158 24 24 182 56 158 65 158 158 24 65 56 65 158 65 182 158 56 182 56 56 65 24 56 158 158 24 158 158 65 182 56 65 65 65 65 56 182 56 24 182 24 24 158 56 182 56 158 56 65 56 56 56 56 24 158 158 65 56 182 182 24 158 24 56 56 24 24 24 65 158 65 24 65 56 24 182 56 182 24 182 56 65 65 56 65 65 56 65 56 65 65 24 24 65 182 65 158 56 158 158 158 56 182 182 65 182 158 158 158 65 158 24 65 24 24 158 56 24 182 182 65 158 65 56 65 56 56 65 182 24 56 24 24 56 158 158 65 56 182 56 24 182 158 56 65 182 65 56
241
172 173 174 3 165 8 6 195 19 20 7 177 5 13 3 196 163 4 17 8 6 16 19 6 185 3 16 20 12 173 13 5 12 185 11 2 20 0 151 17 12 11 165 16 15 5 1 19 12 0 18 9 2 18 153 1 189 15 13 8 14 168 16 11 17 5 12 171 6 3 198 6 187 171 14 17 7 10 14 6 14 5 17 15 4 1 6 5 198 11 10 14 173 4 3 8 20 8 1 193 19 16 14 2 10 19 3 186 177 178 179 18 2 1 13 6 1 3 164 2 12 180 3 14 5 11 168 18 16 19 14 15 4 11 16 186 13 0 10 12 14 197 198 6 5 15 10 6 168 14 12 13 162 16 13 18 15 14 0 0 166 173 20 184 0 17 15 8 193 1 11 8 13 7 170 10 12 14 19 9 2 153 199 5 7 14 184 176 158 9 4 16 199 10 6 19 6 7 1 14 2 15 13 19 2 195 169 2 2 12 184 12 20 179 6 18 151 18 12 18 6 11 159 11 166 14 20 4 9 174 14 9 190 15 5 160 5 20 20 163 8
499
3 3 18 13 15 12 0 10 15 7 7 10 13 2 20 19 15 0 4 20 14 7 3 19 17 8 0 12 14 0 16 7 17 2 15 2 1 11 11 10 8 8 17 3 4 10 6 18 2 3 8 20 19 16 14 13 11 9 1 13 14 12 17 14 19 3 12 5 18 6 2 17 3 5 18 12 0 17 11 13 4 3 15 0 7 2 6 20 9 6 13 18 13 14 7 11 20 20 18 9 13 4 2 8 9 0 11 4 7 13 17 19 2 15 19 15 3 8 12 18 9 6 16 3 12 14 19 12 10 13 5 2 1 6 5 2 9 5 6 9 17 15 0 15 20 15 12 16 13 4 13 1 17 18 8 0 19 16 7 7 1 19 20 14 6 11 3 12 0 3 1 14 20 1 11 11 8 12 8 16 17 10 2 1 9 6 16 1 19 10 1 19 3 5 11 4 3 9 3 7 6 13 2 8 19 0 1 11 8 12 10 19 6 15 8 6 5 18 5 8 17 20 8 0 18 9 4 4 15 2 19 9 11 18 11 12 12 18 14 1 15 18 14 20 3 6 11 0 3 15 9 15 0 4 19 2 8 6 6 16 10 3 15 15 6 0 3 9 17 17 11 6 15 8 5 15 15 6 19 3 9 19 8 8 2 9 9 14 5 0 1 0 10 10 4 9 7 17 17 20 0 8 9 12 10 7 6 7 15 4 2 2 8 19 5 14 14 12 10 2 19 6 15 1 1 6 2 16 15 19 0 17 3 2 4 1 11 4 12 2 10 3 9 9 15 9 17 13 15 9 1 2 2 9 17 5 12 19 17 12 17 20 13 6 11 12 12 18 20 12 2 12 20 10 11 7 5 14 10 2 9 14 6 5 2 8 9 3 11 14 13 8 17 6 8 2 8 15 14 9 14 0 20 12 1 10 2 18 0 12 20 3 8 8 20 10 1 18 9 18 8 14 19 7 1 12 7 20 5 0 9 13 9 11 12 13 16 6 16 14 8 4 15 1 2 12 8 4 7 5 9 16 5 8 12 8 13 15 3 4 14 17 8 5 11 0 18 7 6 16 1 8 18 9 5 2 16 3 15 11 13 1 11 13 17 2 13 6 10 7 18 13 5 2 20 20 17 9 15
49
200 200 200 200 200 200 200 200 200 200 200 200 200 200 200 200 200 200 200 200 200 200 200 200 200 200 200 200 200 200 200 200 200 200 200 200 200 200 200 200 200 200 200 200 200 200 200 200 200
965
58 100 100 190 58 190 100 100 190 198 122 122 122 190 58 100 58 58 190 100 100 58 198 100 58 58 198 190 190 58 100 190 100 190 122 58 198 122 190 100 122 190 122 58 100 58 100 198 58 58 100 100 190 58 100 122 58 198 58 190 190 198 58 58 198 190 122 100 58 100 100 122 122 198 58 100 122 122 122 122 100 58 58 198 190 122 190 198 100 58 100 100 58 190 198 122 122 198 190 122 190 100 122 190 100 122 58 190 122 190 58 100 58 198 190 198 100 100 198 100 190 198 190 58 100 58 100 198 100 122 122 122 100 198 122 100 198 190 100 198 190 122 198 122 198 122 100 190 198 190 100 122 190 122 100 58 100 122 198 190 190 190 122 58 58 58 198 122 58 190 198 58 198 100 58 198 198 190 198 190 190 198 100 190 58 198 190 122 190 58 100 100 190 190 198 190 100 198 100 198 190 198 198 100 58 58 122 122 122 58 122 122 122 198 122 58 122 190 122 100 198 198 100 198 190 100 58 190 58 190 122 122 198 100 58 58 100 122 190 198 198 58 58 190 58 190 122 190 190 122 58 58 122 122 58 190 198 122 198 122 122 58 100 198 190 58 122 58 198 198 198 122 100 122 100 198 100 100 100 198 58 198 190 58 58 198 190 190 190 198 198 198 122 198 100 190 100 100 100 198 58 100 190 198 190 58 190 58 198 198 198 58 100 58 58 190 58 198 198 190 198 190 58 190 198 198 122 190 198 58 122 100 190 190 100 58 122 122 190 100 100 122 198 58 190 100 198 198 100 58 198 190 100 198 58 190 122 100 100 122 100 58 100 58 122 100 198 190 100 58 100 122 190 122 190 198 198 100 100 122 58 198 122 198 190 190 190 58 190 198 58 100 198 100 122 122 198 100 122 190 198 190 190 198 100 198 122 122 190 58 122 122 122 122 122 58 58 198 122 58 100 190 100 58 198 190 58 122 122 100 100 58 122 198 100 122 122 100 122 122 190 190 122 58 198 58 100 122 190 58 122 100 58 58 100 122 100 58 100 190 122 58 100 198 58 100 198 122 198 190 190 190 190 198 100 58 190 122 122 190 100 122 58 58 122 100 122 190 122 58 58 198 190 198 100 198 190 198 122 122 198 58 100 58 100 100 122 190 58 100 58 100 190 198 122 58 100 58 198 58 100 58 122 122 190 122 122 100 190 190 58 58 58 198 198 58 122 190 198 100 100 190 58 58 190 122 58 58 198 198 190 100 100 198 198 58 58 100 190 190 198 58 58 100 58 100 100 122 122 198 198 122 190 100 58 190 190 122 100 100 198 198 100 58 198 198 100 198 58 100 100 190 100 100 198 190 58 190 122 198 190 58 100 198 122 190 198 100 58 122 100 100 100 198 122 58 100 122 58 122 198 58 122 198 100 190 100 190 100 198 58 100 122 190 198 100 58 190 58 190 190 122 100 58 100 122 190 190 122 100 190 190 190 198 58 58 122 198 198 100 198 198 122 190 190 58 58 190 100 100 100 100 100 100 198 100 100 58 190 100 122 58 198 58 122 198 122 190 198 190 198 190 122 198 100 190 190 100 122 100 190 100 198 100 122 190 58 58 190 122 198 190 100 122 58 100 100 198 198 122 190 198 100 58 58 58 198 58 122 198 122 198 58 100 58 122 122 190 190 58 190 198 100 190 100 58 190 58 198 100 198 122 198 122 58 58 58 100 122 100 122 190 122 58 198 58 122 198 58 122 100 100 190 190 58 58 58 58 122 190 58 100 190 198 58 190 122 58 100 100 100 198 198 58 198 58 58 100 122 198 122 100 190 58 122 190 198 190 100 190 198 58 198 122 100 198 58 58 58 100 122 198 122 190 122 198 58 100 100 100 198 122 100 58 58 190 100 100 58 190 190 122 58 122 100 100 122 198 122 58 198 198 100 58 190 122 100 100 100 198 198 190 122 198 122 100 190 122 190 190 190 190 122 58 198 100 100 190 100 100 58 100 58 100 122 58 122 190 198 198 198 122 122 198 100 198 190 122 198 100 58 190 198 122 58 198 58 100 198 198 58 190 100 58 58 122 122 190 58 58 198 198 58 198 58 58 58 198 100 190 58 58 198 58 190 100 122 198 58 58 198 100 122 190 122 122 190 122 58 122 190 58 100 198 100 198 100 122 58 58 100 58 122 122 122
144
0 0 0 0 0 0 0 0 0 0 0 0 0 0 0 0 0 0 0 0 0 0 0 0 0 0 0 0 0 0 0 0 0 0 0 0 0 0 0 0 0 0 0 0 0 0 0 0 0 0 0 0 0 0 0 0 0 0 0 0 0 0 0 0 0 0 0 0 0 0 0 0 0 0 0 0 0 0 0 0 0 0 0 0 0 0 0 0 0 0 0 0 0 0 0 0 0 0 0 0 0 0 0 0 0 0 0 0 0 0 0 0 0 0 0 0 0 0 0 0 0 0 0 0 0 0 0 0 0 0 0 0 0 0 0 0 0 0 0 0 0 0 0 0
569
0 200 98 118 105 85 56 52 91 77 86 99 68 79 87 88 99 53 80 108 111 78 63 69 61 106 61 62 77 59 113 61 55 119 94 95 106 106 67 101 114 56 112 65 113 109 71 51 50 105 69 92 50 52 63 113 64 74 110 66 53 50 85 120 100 50 102 105 98 62 54 55 71 89 100 88 115 90 61 52 118 82 80 87 108 102 54 110 86 73 75 69 67 73 58 90 116 83 108 106 103 72 92 59 67 83 57 65 65 117 107 117 112 77 93 119 59 53 107 83 102 71 75 109 52 93 117 75 54 79 72 71 50 101 87 104 85 52 111 52 97 89 106 97 108 105 99 117 101 93 87 83 85 79 97 115 115 120 73 90 83 64 97 59 97 115 107 119 103 112 92 116 89 54 61 55 94 113 113 98 75 61 106 51 118 70 90 57 87 114 57 75 81 102 57 82 116 67 116 91 117 62 102 55 100 61 70 106 82 51 110 68 81 115 56 78 79 64 67 57 72 65 74 102 94 89 55 76 107 109 117 97 91 116 109 117 82 67 81 54 81 85 103 71 109 108 56 111 62 79 113 62 55 62 104 70 114 72 100 109 64 70 78 79 106 89 84 98 89 111 67 114 115 61 66 90 56 104 88 106 53 91 62 105 116 56 96 92 51 97 92 71 95 66 59 65 65 65 88 103 89 113 100 92 114 74 55 63 77 92 85 92 112 52 78 57 70 92 89 89 80 98 72 96 118 118 98 53 59 77 118 101 66 51 107 82 84 71 114 80 67 69 62 93 92 118 53 98 58 65 60 102 107 70 90 80 118 69 50 81 99 79 77 52 88 87 72 76 73 55 61 106 70 94 90 112 77 97 107 100 82 75 106 60 66 116 111 102 102 86 84 92 97 82 77 83 57 105 55 81 96 95 110 83 75 90 63 113 110 68 62 99 65 96 112 108 100 83 76 68 118 104 119 119 110 87 91 118 72 64 76 112 79 52 50 72 72 90 61 110 115 119 87 117 78 75 87 68 50 98 107 105 90 118 113 95 65 79 113 89 78 72 82 96 101 108 72 56 119 94 116 87 84 68 75 73 120 105 94 74 92 69 96 86 82 51 53 76 98 81 73 113 118 102 85 118 102 80 71 115 79 78 86 83 82 82 108 67 98 114 106 58 97 71 52 75 84 80 105 73 88 82 83 57 64 73 114 109 64 63 104 106 63 72 55 108 99 114 89 110 61 87 53 77 67 93 81 55 79 63 73 92 56 75 57 65 95 62 80 81 65 115 62 102 66 63 108 72 200
491
12 13 15 15 8 18 5 11 5 17 17 17 14 8 8 2 10 2 5 10 6 0 13 7 6 18 3 13 12 17 2 20 0 4 20 18 17 3 0 17 6 14 17 4 6 0 7 6 17 13 11 3 20 13 10 14 15 2 11 7 1 12 10 3 10 5 11 1 20 7 10 1 13 17 6 3 7 19 2 18 12 15 5 3 11 5 1 6 9 3 2 19 6 1 8 16 3 17 9 9 19 2 5 7 5 3 13 15 13 2 16 17 13 10 17 20 3 2 5 18 5 14 3 20 15 18 9 14 10 3 14 14 2 10 10 18 5 15 17 16 10 4 17 15 2 17 2 15 20 7 14 9 7 2 3 2 1 12 16 9 1 18 10 8 3 2 7 4 16 6 9 5 2 16 13 4 20 7 12 15 20 7 12 15 4 4 7 4 5 4 13 19 8 3 5 14 0 14 17 16 7 3 6 11 0 18 20 11 1 3 19 17 6 7 15 16 19 2 19 12 9 14 19 17 10 13 8 14 16 12 2 16 15 12 1 11 7 9 17 18 4 19 9 3 13 16 15 13 2 18 7 10 14 19 1 10 9 0 18 1 0 10 18 13 3 15 5 10 13 13 5 15 9 1 3 2 12 6 19 15 8 14 0 1 19 8 2 0 3 2 0 17 20 20 19 4 11 18 1 2 16 17 20 1 3 5 16 12 15 18 15 19 20 1 6 5 9 17 6 7 14 20 12 14 4 0 12 7 13 16 6 13 6 15 9 6 10 3 0 1 19 2 4 9 1 16 8 16 13 18 6 6 16 0 3 8 11 1 17 13 0 11 11 1 5 19 3 11 13 11 17 19 0 9 16 7 7 17 17 10 12 4 16 15 18 8 12 3 4 19 4 4 18 13 1 17 5 7 5 5 8 15 20 14 12 12 13 13 5 9 14 6 2 14 19 13 9 4 6 7 11 3 16 8 2 15 14 0 0 16 13 10 2 16 6 14 4 20 19 2 16 2 1 14 13 9 10 17 0 15 0 5 17 15 19 2 6 20 12 17 12 16 7 16 2 17 4 18 20 20 7 15 17 14 1 6 8 18 17 8 5 2 9 2 17 4 12 1 11 11 20
323
0 0 0 0 0 0 0 0 0 0 0 0 0 0 0 0 0 0 0 0 0 0 0 0 0 0 0 0 0 0 0 0 0 0 0 0 0 0 0 0 0 0 0 0 0 0 0 0 0 0 0 0 0 0 0 0 0 0 0 0 0 0 0 0 0 0 0 0 0 0 0 0 0 0 0 0 0 0 0 0 0 0 0 0 0 0 0 0 0 0 0 0 0 0 0 0 0 0 0 0 0 0 0 0 0 0 0 0 0 0 0 0 0 0 0 0 0 0 0 0 0 0 0 0 0 0 0 0 0 0 0 0 0 0 0 0 0 0 0 0 0 0 0 0 0 0 0 0 0 0 0 0 0 0 0 0 0 0 0 0 0 0 0 0 0 0 0 0 0 0 0 0 0 0 0 0 0 0 0 0 0 0 0 0 0 0 0 0 0 0 0 0 0 0 0 0 0 0 0 0 0 0 0 0 0 0 0 0 0 0 0 0 0 0 0 0 0 0 0 0 0 0 0 0 0 0 0 0 0 0 0 0 0 0 0 0 0 0 0 0 0 0 0 0 0 0 0 0 0 0 0 0 0 0 0 0 0 0 0 0 0 0 0 0 0 0 0 0 0 0 0 0 0 0 0 0 0 0 0 0 0 0 0 0 0 0 0 0 0 0 0 0 0 0 0 0 0 0 0 0 0 0 0 0 0 0 0 0 0 0 0 0 0 0 0 0 0 0 0 0 0 0 0
672
200 200 200 200 200 200 200 200 200 200 200 200 200 200 200 200 200 200 200 200 200 200 200 200 200 200 200 200 200 200 200 200 200 200 200 200 200 200 200 200 200 200 200 200 200 200 200 200 200 200 200 200 200 200 200 200 200 200 200 200 200 200 200 200 200 200 200 200 200 200 200 200 200 200 200 200 200 200 200 200 200 200 200 200 200 200 200 200 200 200 200 200 200 200 200 200 200 200 200 200 200 200 200 200 200 200 200 200 200 200 200 200 200 200 200 200 200 200 200 200 200 200 200 200 200 200 200 200 200 200 200 200 200 200 200 200 200 200 200 200 200 200 200 200 200 200 200 200 200 200 200 200 200 200 200 200 200 200 200 200 200 200 200 200 200 200 200 200 200 200 200 200 200 200 200 200 200 200 200 200 200 200 200 200 200 200 200 200 200 200 200 200 200 200 200 200 200 200 200 200 200 200 200 200 200 200 200 200 200 200 200 200 200 200 200 200 200 200 200 200 200 200 200 200 200 200 200 200 200 200 200 200 200 200 200 200 200 200 200 200 200 200 200 200 200 200 200 200 200 200 200 200 200 200 200 200 200 200 200 200 200 200 200 200 200 200 200 200 200 200 200 200 200 200 200 200 200 200 200 200 200 200 200 200 200 200 200 200 200 200 200 200 200 200 200 200 200 200 200 200 200 200 200 200 200 200 200 200 200 200 200 200 200 200 200 200 200 200 200 200 200 200 200 200 200 200 200 200 200 200 200 200 200 200 200 200 200 200 200 200 200 200 200 200 200 200 200 200 200 200 200 200 200 200 200 200 200 200 200 200 200 200 200 200 200 200 200 200 200 200 200 200 200 200 200 200 200 200 200 200 200 200 200 200 200 200 200 200 200 200 200 200 200 200 200 200 200 200 200 200 200 200 200 200 200 200 200 200 200 200 200 200 200 200 200 200 200 200 200 200 200 200 200 200 200 200 200 200 200 200 200 200 200 200 200 200 200 200 200 200 200 200 200 200 200 200 200 200 200 200 200 200 200 200 200 200 200 200 200 200 200 200 200 200 200 200 200 200 200 200 200 200 200 200 200 200 200 200 200 200 200 200 200 200 200 200 200 200 200 200 200 200 200 200 200 200 200 200 200 200 200 200 200 200 200 200 200 200 200 200 200 200 200 200 200 200 200 200 200 200 200 200 200 200 200 200 200 200 200 200 200 200 200 200 200 200 200 200 200 200 200 200 200 200 200 200 200 200 200 200 200 200 200 200 200 200 200 200 200 200 200 200 200 200 200 200 200 200 200 200 200 200 200 200 200 200 200 200 200 200 200 200 200 200 200 200 200 200 200 200 200 200 200 200 200 200 200 200 200 200 200 200 200 200 200 200 200 200 200 200 200 200 200 200 200 200 200 200 200 200 200 200 200 200 200 200 200 200 200 200 200 200 200 200 200 200 200 200 200 200 200 200 200 200 200 200 200 200 200 200 200 200 200 200 200 200 200 200 200 200 200 200 200 200 200 200 200 200 200 200 200 200
446
0 200 53 85 102 54 95 73 61 81 87 65 95 101 118 112 74 96 90 110 117 56 75 90 72 92 109 94 120 91 117 61 95 76 88 102 86 111 71 67 85 50 55 68 59 63 112 52 96 103 82 111 60 105 98 72 73 78 71 119 116 76 62 67 54 100 87 111 102 65 88 62 68 112 89 74 98 116 66 66 95 76 105 92 71 101 56 78 69 80 102 90 81 96 92 89 72 116 80 113 57 103 73 114 80 80 62 80 110 60 115 52 71 70 115 104 71 91 85 98 76 85 57 78 114 97 82 65 66 94 70 67 56 112 57 119 75 99 104 85 88 50 88 101 74 86 61 73 50 112 97 70 102 93 97 52 73 107 53 93 86 109 111 84 53 67 58 64 86 63 93 53 79 112 107 55 72 59 79 74 73 106 89 69 117 108 63 96 61 68 119 64 101 81 101 71 65 110 90 58 98 61 72 77 97 71 89 50 114 56 88 67 93 73 73 61 93 70 108 53 85 92 95 113 80 93 63 108 116 91 92 109 60 73 58 52 55 119 102 50 83 74 75 89 58 95 117 100 104 57 75 98 120 83 110 73 56 117 61 59 111 90 62 81 98 99 70 83 91 100 69 76 82 102 107 94 85 51 69 64 106 107 72 56 81 92 104 105 50 87 53 80 101 80 68 75 112 96 98 103 84 70 65 81 74 55 104 109 100 65 100 76 101 58 104 87 72 79 91 85 81 97 93 84 79 106 85 90 51 57 86 84 60 51 88 102 114 63 101 71 100 117 73 57 103 108 104 91 61 60 81 105 96 76 77 110 64 73 59 63 72 93 79 75 111 75 109 74 65 67 51 82 65 60 51 55 84 65 82 83 60 68 83 63 68 94 96 105 80 117 80 57 118 66 81 110 76 50 50 104 117 77 77 91 92 84 53 78 65 99 90 80 88 94 67 91 70 119 83 95 113 91 99 118 59 113 57 101 101 120 96 119 77 64 96 69 96 57 53 87 65 86 102 97 118 200
483
0 200 95 78 84 116 119 66 72 98 120 105 90 109 110 91 117 91 91 95 53 64 101 101 73 73 68 76 94 68 69 75 83 51 54 117 85 78 59 68 92 93 62 54 60 102 87 68 111 101 54 107 107 95 55 74 106 96 82 69 113 84 71 80 84 105 56 82 91 75 108 111 63 77 65 105 58 100 71 105 75 59 107 91 104 65 54 118 93 81 63 66 63 96 70 63 72 53 105 75 91 115 105 105 71 51 57 95 60 55 109 71 59 54 101 97 118 51 98 87 81 112 103 116 93 65 63 107 105 71 116 77 115 82 119 65 74 103 83 85 76 93 62 96 83 103 118 72 107 61 81 52 67 82 80 96 92 111 70 53 82 80 56 119 70 99 76 59 92 95 56 55 90 87 71 101 71 115 109 65 114 82 56 83 66 113 67 61 81 85 77 101 87 64 65 73 76 107 91 119 95 63 102 58 93 89 105 104 105 117 61 94 53 74 58 101 77 82 78 106 76 96 71 65 51 105 60 117 113 66 111 78 109 50 79 88 59 61 108 51 70 93 67 98 93 64 120 56 92 81 99 115 88 76 51 99 120 105 53 116 84 60 106 101 105 91 76 113 60 57 51 107 60 119 51 51 88 60 69 113 70 95 98 103 93 70 61 69 57 74 111 64 54 66 98 62 59 112 65 94 102 51 114 71 63 120 104 72 100 59 68 92 87 110 73 117 71 59 64 75 118 100 56 111 85 104 73 65 91 62 90 115 99 102 118 69 68 118 80 70 79 59 87 77 98 116 66 78 111 74 115 92 67 87 90 54 101 103 89 117 85 75 59 110 73 84 85 96 110 50 86 83 101 90 65 63 88 75 55 69 104 96 77 106 79 104 73 55 114 66 118 91 108 68 104 88 84 60 97 61 110 72 113 64 72 89 94 79 65 92 85 113 51 65 115 98 119 59 85 72 112 114 84 92 103 76 53 97 116 110 113 75 119 72 90 102 79 52 81 52 52 96 59 71 84 82 87 115 66 118 93 89 53 118 72 112 88 70 83 112 99 117 63 119 59 55 109 92 54 107 119 64 66 100 75 90 53 54 77 89 51 91 200
504
11 9 199 15 172 3 9 20 7 9 7 162 177 1 9 4 1 8 19 13 163 18 152 14 11 8 14 154 13 18 6 8 5 0 17 14 9 10 4 191 14 178 176 16 7 180 0 19 12 190 8 1 3 0 9 2 19 169 160 11 16 2 4 0 9 5 1 6 156 15 20 10 6 7 3 172 14 19 3 15 2 13 11 0 17 9 11 155 19 7 5 4 18 0 2 155 168 6 176 169 11 14 16 1 10 9 188 183 178 7 9 19 153 167 10 7 4 5 3 1 9 9 12 19 10 13 17 7 18 6 198 17 5 17 171 7 8 14 8 9 12 14 11 8 18 1 6 17 171 3 2 10 9 167 5 20 0 169 15 7 0 20 17 1 14 4 183 2 6 11 5 172 3 10 19 171 4 11 167 7 190 16 17 10 13 4 10 9 7 2 16 11 0 7 2 3 15 168 2 4 10 9 4 8 18 1 159 181 19 12 18 2 195 164 0 12 10 1 196 0 14 11 198 2 7 168 0 15 9 1 8 1 153 3 10 3 9 157 175 174 17 18 2 20 15 14 163 170 12 1 16 0 179 4 178 0 5 15 4 3 165 150 4 9 20 19 6 0 167 5 0 10 4 154 5 6 6 4 9 179 18 18 181 4 4 13 20 11 0 7 18 12 5 2 5 179 15 160 8 12 19 19 1 14 6 15 18 19 8 16 12 191 4 8 10 10 18 0 19 2 0 13 170 163 195 168 1 8 15 19 13 7 156 18 4 19 7 12 17 8 1 18 14 20 2 9 196 4 175 11 17 16 178 12 16 13 1 20 6 13 170 150 12 3 13 11 12 13 160 19 15 18 14 8 198 172 3 4 0 4 6 164 2 10 4 15 12 151 1 2 7 19 162 17 13 1 2 0 17 6 7 176 13 7 18 0 7 14 191 197 15 15 20 175 7 18 159 11 0 18 150 9 17 20 17 20 12 2 10 151 179 3 2 17 16 7 181 170 13 2 9 157 191 2 169 14 6 16 14 14 1 7 14 165 0 17 20 9 7 162 11 9 186 0 8 6 7 2 0 10 6 3 10 15 5 176 6 0 10 19 20 0 199 155 16 4 19 20 164 11 11 17 12 5 2 4 7 1 10 13 16 10 18 10
391
148 4 197 73 197 197 148 148 148 148 4 4 73 197 148 4 148 148 148 73 148 148 73 148 197 148 73 197 197 4 4 73 4 73 148 4 73 4 197 73 73 73 73 197 197 73 148 4 197 148 148 148 148 4 148 4 4 148 73 197 73 148 148 4 4 73 148 73 197 73 148 148 148 197 4 4 73 148 148 148 148 73 4 148 197 148 4 197 73 148 73 4 73 4 73 197 4 197 148 197 148 73 148 4 148 73 73 4 197 4 73 4 73 148 197 73 148 197 197 73 4 4 4 197 4 148 73 73 4 4 148 197 4 197 73 4 73 197 4 4 148 197 197 73 73 73 148 4 4 197 148 148 4 148 148 4 73 197 197 4 73 197 148 73 148 73 4 73 73 73 4 4 148 148 4 148 4 197 4 197 148 4 148 4 148 148 4 4 4 148 4 197 148 73 73 148 197 148 148 197 197 197 197 148 197 4 4 4 197 197 148 73 4 73 148 4 197 197 73 148 197 148 73 197 197 73 73 4 148 197 197 4 73 4 4 148 4 73 73 197 197 197 197 4 197 197 73 148 4 148 148 73 148 197 148 148 148 4 73 197 197 148 148 73 197 148 148 4 197 148 4 4 148 4 197 73 4 4 4 4 73 197 4 197 73 73 148 197 73 4 73 73 197 148 197 148 148 4 4 197 197 4 4 148 4 148 73 197 148 4 148 73 73 73 4 148 73 4 148 148 197 73 197 197 73 197 197 197 73 197 148 73 197 148 73 148 197 197 197 197 148 73 73 148 197 197 4 197 148 73 4 73 73 4 148 73 197 4 148 73 73 4 73 197 73 148 73 197 4 73 148 148 197 4 197 4 197 197 148 197 4 148 4 148 73 148 148 73 148 148 73
109
8 4 3 7 14 16 10 19 150 186 16 19 161 7 179 0 174 20 3 15 9 13 3 5 11 7 4 7 8 9 0 3 3 11 12 8 4 5 3 18 17 18 151 0 171 200 19 194 20 193 155 15 13 7 13 6 12 169 0 14 20 15 9 9 184 0 19 11 18 14 15 5 172 4 1 7 10 5 6 13 18 17 177 19 19 14 7 5 0 14 18 20 161 184 13 180 9 171 15 1 14 20 13 20 195 11 9 5 0
271
15 15 15 9 20 14 14 9 7 13 20 16 17 13 4 19 0 3 6 15 12 1 1 11 1 13 4 20 4 4 20 17 8 1 20 2 15 7 11 20 3 19 1 13 7 7 19 14 16 7 0 5 6 2 10 19 1 8 7 4 5 18 11 13 13 12 3 19 15 17 0 3 20 3 8 6 3 5 16 5 12 12 8 17 20 20 10 5 20 11 20 19 18 3 17 15 2 12 12 3 12 3 1 1 20 8 9 17 19 5 8 16 17 15 16 16 13 5 10 10 11 11 2 13 19 15 7 5 5 8 4 14 0 4 18 20 14 6 0 3 18 8 2 11 2 8 1 19 8 19 16 17 12 3 16 6 9 1 7 19 19 0 8 3 16 1 12 10 14 3 6 12 5 0 19 12 10 6 18 9 1 13 18 16 3 0 16 13 15 11 5 11 1 8 17 13 1 3 4 9 13 2 15 1 16 7 17 17 5 15 1 6 9 12 9 18 6 15 6 9 10 5 15 20 0 20 9 1 13 13 8 18 15 4 3 10 5 16 12 11 5 19 3 17 0 14 19 13 6 9 7 14 8 16 9 14 0 13 6 9 20 14 14 10 5 20 19 3 16 19 7
516
0 200 71 73 97 93 82 83 95 110 80 88 119 99 58 99 67 112 111 94 86 76 80 55 94 89 65 105 54 82 105 52 89 53 117 111 85 113 91 112 73 76 97 110 57 60 115 104 94 109 62 107 55 81 101 71 107 84 113 52 70 118 98 82 104 59 97 108 86 88 92 90 69 82 79 118 113 105 98 120 104 118 76 80 53 68 87 79 56 75 83 83 115 65 109 102 56 94 71 78 59 107 110 117 68 116 89 106 60 63 62 119 116 117 74 119 94 84 59 79 86 88 90 118 72 54 63 70 107 102 87 83 59 110 53 96 111 97 53 67 51 52 55 118 59 72 106 75 55 68 73 83 60 120 63 63 118 73 66 64 102 115 86 116 75 80 117 64 79 109 60 73 109 75 81 110 82 99 60 80 113 116 74 59 71 50 116 60 75 95 113 116 118 79 94 92 80 79 83 73 115 114 64 80 118 63 87 61 64 94 78 118 90 77 69 119 103 81 109 56 71 110 99 115 97 117 56 81 77 117 75 93 72 103 112 100 99 55 65 119 110 105 111 62 72 73 69 53 75 67 57 80 81 113 66 92 76 96 58 108 110 82 61 94 69 58 71 73 59 54 52 84 90 69 77 100 94 94 94 114 96 81 74 68 105 50 100 103 109 87 71 87 85 60 103 100 65 115 68 110 59 112 83 74 106 59 60 118 96 118 61 97 102 99 85 106 82 100 64 114 80 63 82 73 76 90 82 73 78 79 92 54 70 117 114 55 90 61 110 107 74 76 102 67 50 73 114 58 86 91 99 65 66 99 55 67 108 115 99 102 66 62 59 59 57 51 75 104 118 51 87 61 62 88 84 90 82 113 112 80 114 101 100 103 71 82 92 53 118 66 82 115 103 66 71 86 106 66 62 80 60 65 90 65 84 94 87 116 82 83 72 59 70 78 56 64 120 90 97 76 115 102 51 81 70 91 88 103 111 88 81 90 75 118 51 94 99 79 85 63 68 87 72 94 73 83 72 106 112 110 51 105 94 98 83 106 107 63 51 59 95 79 102 94 102 106 97 104 55 73 67 73 65 90 70 107 68 97 86 101 110 76 78 70 62 94 120 100 61 106 104 101 101 95 63 84 114 60 67 90 89 79 77 56 106 113 84 83 114 79 56 86 103 110 56 200
276
34 129 129 34 190 129 129 34 190 34 190 34 129 129 129 34 34 190 34 34 34 129 190 129 190 190 129 129 34 129 34 34 34 34 190 190 190 129 190 129 34 129 129 190 34 34 190 34 129 129 129 190 34 34 34 129 190 34 190 34 34 190 129 129 190 34 34 34 129 129 34 129 129 34 34 129 129 129 129 34 190 129 190 190 34 34 129 34 34 34 129 190 190 129 129 34 190 129 190 129 129 129 34 34 129 129 34 190 129 34 129 190 34 190 190 129 34 34 34 129 190 34 34 129 34 34 190 129 190 129 129 129 190 34 129 129 34 129 190 190 190 129 190 129 129 129 190 129 34 129 129 129 34 190 190 129 34 34 129 34 190 129 34 190 190 34 129 129 129 129 190 34 190 129 34 190 190 190 129 129 34 34 190 190 129 34 129 129 34 129 190 129 129 34 190 190 190 34 190 129 190 129 129 190 190 190 190 34 34 34 129 129 190 190 190 129 190 129 34 34 129 190 34 190 34 129 34 129 34 129 129 34 190 34 190 129 129 129 190 190 190 129 190 34 34 129 190 129 190 129 190 34 129 190 34 190 34 129 129 34 190 34 129 190 129 129 129 190 129 34 129 129 34 190 129 190
443
0 0 0 0 0 0 0 0 0 0 0 0 0 0 0 0 0 0 0 0 0 0 0 0 0 0 0 0 0 0 0 0 0 0 0 0 0 0 0 0 0 0 0 0 0 0 0 0 0 0 0 0 0 0 0 0 0 0 0 0 0 0 0 0 0 0 0 0 0 0 0 0 0 0 0 0 0 0 0 0 0 0 0 0 0 0 0 0 0 0 0 0 0 0 0 0 0 0 0 0 0 0 0 0 0 0 0 0 0 0 0 0 0 0 0 0 0 0 0 0 0 0 0 0 0 0 0 0 0 0 0 0 0 0 0 0 0 0 0 0 0 0 0 0 0 0 0 0 0 0 0 0 0 0 0 0 0 0 0 0 0 0 0 0 0 0 0 0 0 0 0 0 0 0 0 0 0 0 0 0 0 0 0 0 0 0 0 0 0 0 0 0 0 0 0 0 0 0 0 0 0 0 0 0 0 0 0 0 0 0 0 0 0 0 0 0 0 0 0 0 0 0 0 0 0 0 0 0 0 0 0 0 0 0 0 0 0 0 0 0 0 0 0 0 0 0 0 0 0 0 0 0 0 0 0 0 0 0 0 0 0 0 0 0 0 0 0 0 0 0 0 0 0 0 0 0 0 0 0 0 0 0 0 0 0 0 0 0 0 0 0 0 0 0 0 0 0 0 0 0 0 0 0 0 0 0 0 0 0 0 0 0 0 0 0 0 0 0 0 0 0 0 0 0 0 0 0 0 0 0 0 0 0 0 0 0 0 0 0 0 0 0 0 0 0 0 0 0 0 0 0 0 0 0 0 0 0 0 0 0 0 0 0 0 0 0 0 0 0 0 0 0 0 0 0 0 0 0 0 0 0 0 0 0 0 0 0 0 0 0 0 0 0 0 0 0 0 0 0 0 0 0 0 0 0 0 0 0 0 0 0 0 0 0 0 0 0 0 0 0 0 0 0 0 0 0 0 0 0 0 0 0 0 0 0 0 0 0 0 0 0 0 0
767
9 6 2 16 16 4 171 155 7 1 6 1 0 10 12 154 2 13 16 4 7 10 154 9 184 11 11 11 1 18 153 3 19 9 17 12 15 6 6 18 181 17 15 0 12 0 18 16 19 11 2 6 191 16 10 8 18 3 2 0 16 11 1 13 20 19 17 193 11 14 19 18 4 14 7 184 183 4 4 16 164 17 4 9 6 184 198 15 179 14 15 4 17 6 2 13 0 12 151 8 12 196 19 14 8 11 20 20 160 175 175 2 194 6 167 199 12 17 192 11 5 0 16 7 6 172 5 160 2 3 18 12 6 11 14 0 9 14 15 7 5 7 6 163 14 17 3 11 18 15 15 2 11 18 2 6 0 6 1 179 192 11 15 3 176 15 173 14 15 18 0 9 7 11 20 1 196 13 10 12 191 9 13 14 1 170 2 173 157 15 0 11 195 189 9 3 12 20 8 11 6 13 183 0 18 10 19 2 195 4 191 1 20 6 16 2 13 14 162 16 151 11 13 184 186 1 13 18 19 20 156 20 17 5 165 15 13 6 155 17 5 16 16 9 13 2 3 9 7 4 0 183 182 158 18 4 166 3 3 180 20 14 1 9 20 6 20 196 8 8 13 4 3 2 6 13 15 12 2 4 0 192 16 3 0 7 3 11 2 17 150 3 5 6 191 1 8 4 6 19 0 19 18 173 9 10 6 171 7 183 1 19 12 4 166 12 19 18 4 15 168 17 189 11 11 5 1 15 13 157 15 165 16 2 19 197 161 14 1 14 8 188 0 160 14 156 19 7 18 17 10 161 18 0 18 4 12 20 0 0 19 7 9 8 178 14 155 174 13 20 171 15 2 7 13 3 5 8 12 2 20 14 10 4 3 19 0 1 15 13 3 15 20 2 160 20 17 2 0 18 12 3 187 10 15 19 184 18 179 14 200 163 14 4 12 18 8 169 11 154 18 154 13 0 12 2 190 6 3 13 5 11 15 194 179 11 6 0 9 1 154 172 191 15 7 10 0 9 3 164 9 1 13 2 0 7 17 0 0 1 11 0 161 18 188 3 3 2 19 10 18 16 5 9 20 0 9 12 5 3 14 13 200 177 5 16 10 4 2 9 11 11 8 180 17 20 11 2 3 0 9 0 7 9 10 8 4 168 20 175 14 162 15 6 1 0 1 172 9 194 18 11 5 152 152 17 7 196 17 17 9 7 150 197 8 17 14 18 162 6 7 7 8 11 176 3 2 155 4 14 5 191 5 194 9 195 15 9 6 6 15 4 188 2 14 156 5 17 10 15 6 12 16 18 3 18 4 16 14 18 18 3 15 10 11 12 19 191 11 8 18 6 0 7 9 17 4 18 17 8 10 14 187 1 196 16 16 172 18 13 5 9 6 20 19 169 162 158 14 18 15 12 187 181 5 13 172 15 8 16 151 19 15 14 2 8 18 17 7 6 187 16 18 15 9 197 2 1 2 12 16 12 19 188 163 156 13 14 0 20 11 13 153 17 16 200 18 0 15 8 20 18 9 5 12 13 154 5 186 20 16 2 13 15 11 4 3 5 17 9 13 12 1 167 4 19 4 10 7 11 5 11 18 10 1 12 16 8 4 8 15 155 9 20 10 10 2 175 7 19 158 1 7 6 20 5 20 20 6 11 12 180 200 196 10 20 12 10 5 195 2 10 17 1 17 192 5 14 2 7 198 189 15 10 6 12 9 159 17 4 13 6 176 19 176 4 6
94
5 2 19 10 7 14 14 5 14 1 4 14 15 16 5 15 12 19 1 15 11 10 6 10 6 15 11 10 14 0 20 14 5 17 8 9 10 3 6 8 20 20 10 9 2 3 7 3 9 16 13 3 11 9 2 5 8 0 5 15 1 1 6 4 0 5 13 16 4 8 9 14 7 18 8 5 12 18 20 2 6 16 14 6 13 10 14 6 19 5 4 6 11 19
296
10 11 3 13 14 10 9 6 13 3 18 6 0 20 10 4 19 7 1 13 5 6 0 7 13 8 17 20 6 14 8 16 1 8 17 12 3 12 14 2 16 12 13 12 7 16 20 3 9 4 3 6 1 14 1 0 8 15 20 3 16 13 6 4 4 6 1 0 1 5 7 0 14 16 1 5 6 1 10 4 11 2 17 12 9 8 0 20 9 11 15 8 5 0 8 6 12 2 20 2 1 0 18 3 4 3 15 19 14 8 16 16 6 7 9 8 16 20 10 14 7 13 9 19 12 6 11 17 14 20 17 7 13 19 9 13 7 13 11 3 11 15 20 12 15 4 2 7 12 11 6 12 12 16 2 12 13 4 11 3 18 9 19 0 16 16 15 5 3 18 10 11 0 16 17 0 19 0 18 2 14 9 0 11 11 12 10 13 9 11 0 12 20 14 15 8 14 11 10 13 19 1 8 5 4 11 14 12 3 10 12 2 5 14 13 8 19 0 0 9 12 20 7 9 8 7 4 0 16 4 10 2 20 9 5 19 15 19 4 5 8 13 2 4 18 4 1 15 13 20 5 15 17 1 0 9 14 9 17 1 19 18 15 3 8 1 12 13 13 4 19 3 13 6 20 10 18 8 16 14 9 10 2 6 13 13 14 16 5 15 5 14 4 14 5 16
794
200 200 200 200 200 200 200 200 200 200 200 200 200 200 200 200 200 200 200 200 200 200 200 200 200 200 200 200 200 200 200 200 200 200 200 200 200 200 200 200 200 200 200 200 200 200 200 200 200 200 200 200 200 200 200 200 200 200 200 200 200 200 200 200 200 200 200 200 200 200 200 200 200 200 200 200 200 200 200 200 200 200 200 200 200 200 200 200 200 200 200 200 200 200 200 200 200 200 200 200 200 200 200 200 200 200 200 200 200 200 200 200 200 200 200 200 200 200 200 200 200 200 200 200 200 200 200 200 200 200 200 200 200 200 200 200 200 200 200 200 200 200 200 200 200 200 200 200 200 200 200 200 200 200 200 200 200 200 200 200 200 200 200 200 200 200 200 200 200 200 200 200 200 200 200 200 200 200 200 200 200 200 200 200 200 200 200 200 200 200 200 200 200 200 200 200 200 200 200 200 200 200 200 200 200 200 200 200 200 200 200 200 200 200 200 200 200 200 200 200 200 200 200 200 200 200 200 200 200 200 200 200 200 200 200 200 200 200 200 200 200 200 200 200 200 200 200 200 200 200 200 200 200 200 200 200 200 200 200 200 200 200 200 200 200 200 200 200 200 200 200 200 200 200 200 200 200 200 200 200 200 200 200 200 200 200 200 200 200 200 200 200 200 200 200 200 200 200 200 200 200 200 200 200 200 200 200 200 200 200 200 200 200 200 200 200 200 200 200 200 200 200 200 200 200 200 200 200 200 200 200 200 200 200 200 200 200 200 200 200 200 200 200 200 200 200 200 200 200 200 200 200 200 200 200 200 200 200 200 200 200 200 200 200 200 200 200 200 200 200 200 200 200 200 200 200 200 200 200 200 200 200 200 200 200 200 200 200 200 200 200 200 200 200 200 200 200 200 200 200 200 200 200 200 200 200 200 200 200 200 200 200 200 200 200 200 200 200 200 200 200 200 200 200 200 200 200 200 200 200 200 200 200 200 200 200 200 200 200 200 200 200 200 200 200 200 200 200 200 200 200 200 200 200 200 200 200 200 200 200 200 200 200 200 200 200 200 200 200 200 200 200 200 200 200 200 200 200 200 200 200 200 200 200 200 200 200 200 200 200 200 200 200 200 200 200 200 200 200 200 200 200 200 200 200 200 200 200 200 200 200 200 200 200 200 200 200 200 200 200 200 200 200 200 200 200 200 200 200 200 200 200 200 200 200 200 200 200 200 200 200 200 200 200 200 200 200 200 200 200 200 200 200 200 200 200 200 200 200 200 200 200 200 200 200 200 200 200 200 200 200 200 200 200 200 200 200 200 200 200 200 200 200 200 200 200 200 200 200 200 200 200 200 200 200 200 200 200 200 200 200 200 200 200 200 200 200 200 200 200 200 200 200 200 200 200 200 200 200 200 200 200 200 200 200 200 200 200 200 200 200 200 200 200 200 200 200 200 200 200 200 200 200 200 200 200 200 200 200 200 200 200 200 200 200 200 200 200 200 200 200 200 200 200 200 200 200 200 200 200 200 200 200 200 200 200 200 200 200 200 200 200 200 200 200 200 200 200 200 200 200 200 200 200 200 200 200 200 200 200 200 200 200 200 200 200 200 200 200 200 200 200 200 200 200 200 200 200 200 200 200 200 200 200 200 200 200 200 200 200 200 200 200 200 200 200 200 200 200 200 200 200 200 200 200 200 200 200 200 200 200 200 200 200 200 200 200 200 200 200 200 200 200 200 200 200 200 200 200 200 200 200 200 200 200 200 200 200 200 200 200 200 200 200 200 200 200 200 200 200 200 200 200 200
831
14 157 189 11 0 0 4 18 173 192 6 13 18 19 19 10 4 172 5 17 6 3 187 193 20 0 12 18 20 182 9 3 2 0 14 3 7 1 16 13 9 7 13 8 1 14 196 5 157 4 173 2 6 11 0 5 193 9 20 153 16 179 14 10 17 2 200 20 1 13 7 13 11 0 16 12 14 19 6 183 19 3 19 0 17 20 17 151 17 178 16 0 186 198 8 9 15 16 20 13 181 2 182 4 13 7 12 4 15 157 6 5 13 14 12 14 173 160 13 10 11 181 20 20 4 13 177 9 20 20 187 2 9 16 182 5 20 15 194 1 5 19 16 20 176 1 182 8 150 16 155 11 19 183 3 182 16 19 1 15 14 5 10 14 19 4 4 11 171 10 6 13 15 166 0 16 10 10 20 18 4 10 5 2 16 12 14 15 2 177 19 165 15 4 16 176 6 3 11 16 3 10 5 10 0 19 10 8 9 190 153 15 191 150 151 19 164 7 6 188 18 9 9 12 16 10 18 5 9 5 8 6 20 2 9 1 193 8 2 4 6 2 8 158 17 0 10 18 1 1 173 195 19 16 20 5 161 194 9 14 2 3 8 10 12 9 2 175 11 174 13 2 193 8 3 10 1 179 15 4 17 0 1 14 15 12 17 155 6 10 183 9 14 19 4 10 192 0 9 12 8 19 9 9 14 13 7 8 14 6 17 8 4 16 161 10 0 17 3 157 152 8 198 20 169 7 176 14 8 10 10 152 7 3 1 9 166 11 7 179 154 20 4 1 5 174 0 151 5 155 5 1 3 2 11 8 165 3 8 2 16 20 7 16 9 4 17 3 17 3 16 3 0 7 170 20 18 20 4 8 4 9 13 13 0 10 189 175 20 180 0 17 10 0 190 5 5 14 16 10 174 162 10 18 3 9 13 1 11 199 174 194 6 189 3 7 9 15 1 11 19 17 5 5 177 6 14 173 1 9 155 6 11 9 18 18 192 14 19 2 173 153 16 7 3 20 10 6 10 17 19 17 10 18 4 178 20 6 5 14 153 6 8 2 195 17 18 12 11 200 12 0 0 5 16 17 3 9 0 9 17 14 12 1 6 15 4 18 1 13 12 7 12 10 178 8 178 16 175 11 9 171 1 159 9 164 180 17 4 160 192 193 164 11 1 1 166 175 15 161 4 16 192 181 2 20 15 15 4 12 198 8 8 0 0 9 4 0 10 13 0 1 12 17 9 3 175 0 196 2 158 2 10 154 8 2 19 20 12 1 10 7 14 16 192 13 4 7 2 168 16 171 8 19 2 15 11 3 7 156 174 18 8 176 5 157 15 190 14 3 18 1 15 6 12 17 20 4 173 20 0 174 1 1 1 17 1 0 180 3 7 7 15 18 9 20 16 0 2 193 2 168 1 6 10 15 16 9 14 191 1 4 0 2 7 18 17 184 5 4 7 2 8 12 4 5 19 5 2 6 1 19 186 4 20 8 8 162 19 10 9 14 18 13 4 190 198 195 172 166 6 10 18 16 3 9 4 16 192 10 15 10 15 7 18 2 4 17 17 3 2 20 4 190 18 20 7 182 6 188 0 3 10 11 6 12 194 16 6 154 10 6 170 15 173 191 5 13 11 16 156 182 14 16 20 1 5 18 19 15 200 181 18 19 167 0 10 2 9 191 6 174 6 8 9 161 12 16 0 199 6 8 18 12 192 17 16 192 15 191 15 14 10 197 17 181 7 20 15 199 6 13 1 167 14 17 14 10 15 6 16 13 183 17 18 192 2 16 0 2 13 171 6 193 4 5 158 8 9 9 8 175 13 18 168 17 6 11 18 169 185 2 1 11 4 186 197 15 169 4 20 4 10 6 17 20 177 15 2 19 17
859
200 200 200 200 200 200 200 200 200 200 200 200 200 200 200 200 200 200 200 200 200 200 200 200 200 200 200 200 200 200 200 200 200 200 200 200 200 200 200 200 200 200 200 200 200 200 200 200 200 200 200 200 200 200 200 200 200 200 200 200 200 200 200 200 200 200 200 200 200 200 200 200 200 200 200 200 200 200 200 200 200 200 200 200 200 200 200 200 200 200 200 200 200 200 200 200 200 200 200 200 200 200 200 200 200 200 200 200 200 200 200 200 200 200 200 200 200 200 200 200 200 200 200 200 200 200 200 200 200 200 200 200 200 200 200 200 200 200 200 200 200 200 200 200 200 200 200 200 200 200 200 200 200 200 200 200 200 200 200 200 200 200 200 200 200 200 200 200 200 200 200 200 200 200 200 200 200 200 200 200 200 200 200 200 200 200 200 200 200 200 200 200 200 200 200 200 200 200 200 200 200 200 200 200 200 200 200 200 200 200 200 200 200 200 200 200 200 200 200 200 200 200 200 200 200 200 200 200 200 200 200 200 200 200 200 200 200 200 200 200 200 200 200 200 200 200 200 200 200 200 200 200 200 200 200 200 200 200 200 200 200 200 200 200 200 200 200 200 200 200 200 200 200 200 200 200 200 200 200 200 200 200 200 200 200 200 200 200 200 200 200 200 200 200 200 200 200 200 200 200 200 200 200 200 200 200 200 200 200 200 200 200 200 200 200 200 200 200 200 200 200 200 200 200 200 200 200 200 200 200 200 200 200 200 200 200 200 200 200 200 200 200 200 200 200 200 200 200 200 200 200 200 200 200 200 200 200 200 200 200 200 200 200 200 200 200 200 200 200 200 200 200 200 200 200 200 200 200 200 200 200 200 200 200 200 200 200 200 200 200 200 200 200 200 200 200 200 200 200 200 200 200 200 200 200 200 200 200 200 200 200 200 200 200 200 200 200 200 200 200 200 200 200 200 200 200 200 200 200 200 200 200 200 200 200 200 200 200 200 200 200 200 200 200 200 200 200 200 200 200 200 200 200 200 200 200 200 200 200 200 200 200 200 200 200 200 200 200 200 200 200 200 200 200 200 200 200 200 200 200 200 200 200 200 200 200 200 200 200 200 200 200 200 200 200 200 200 200 200 200 200 200 200 200 200 200 200 200 200 200 200 200 200 200 200 200 200 200 200 200 200 200 200 200 200 200 200 200 200 200 200 200 200 200 200 200 200 200 200 200 200 200 200 200 200 200 200 200 200 200 200 200 200 200 200 200 200 200 200 200 200 200 200 200 200 200 200 200 200 200 200 200 200 200 200 200 200 200 200 200 200 200 200 200 200 200 200 200 200 200 200 200 200 200 200 200 200 200 200 200 200 200 200 200 200 200 200 200 200 200 200 200 200 200 200 200 200 200 200 200 200 200 200 200 200 200 200 200 200 200 200 200 200 200 200 200 200 200 200 200 200 200 200 200 200 200 200 200 200 200 200 200 200 200 200 200 200 200 200 200 200 200 200 200 200 200 200 200 200 200 200 200 200 200 200 200 200 200 200 200 200 200 200 200 200 200 200 200 200 200 200 200 200 200 200 200 200 200 200 200 200 200 200 200 200 200 200 200 200 200 200 200 200 200 200 200 200 200 200 200 200 200 200 200 200 200 200 200 200 200 200 200 200 200 200 200 200 200 200 200 200 200 200 200 200 200 200 200 200 200 200 200 200 200 200 200 200 200 200 200 200 200 200 200 200 200 200 200 200 200 200 200 200 200 200 200 200 200 200 200 200 200 200 200 200 200 200 200 200 200 200 200 200 200 200 200 200 200 200 200 200 200 200 200 200 200 200 200 200 200 200 200 200 200 200 200 200 200 200 200 200 200 200 200 200 200 200 200 200 200 200 200 200 200 200 200 200 200 200 200 200 200 200 200 200 200 200 200 200 200 200 200 200 200 200 200 200 200 200
10
9 6 9 7 13 18 13 7 4 2
331
20 183 4 176 19 17 5 1 164 197 4 16 189 9 8 190 159 9 3 16 19 165 0 10 17 17 169 17 150 1 2 5 7 166 7 8 0 172 6 5 0 17 17 0 10 5 8 3 186 2 9 5 4 20 6 9 3 0 6 182 180 7 18 190 16 6 12 15 18 2 9 15 188 8 20 16 154 13 18 183 10 8 3 0 12 150 182 16 4 15 5 14 189 16 13 187 195 190 12 1 8 13 16 7 172 11 15 13 14 0 20 20 14 6 16 5 11 19 173 8 11 10 9 172 6 185 10 6 4 4 0 12 17 4 11 17 15 4 0 18 0 19 193 17 10 16 9 9 2 15 0 165 14 159 4 1 179 1 7 6 15 18 14 8 5 18 12 6 12 190 20 16 5 20 19 4 2 184 165 16 19 0 10 19 18 12 182 4 152 9 1 4 13 175 4 163 152 188 0 6 18 3 4 17 7 19 16 8 17 2 16 11 0 1 11 3 200 195 8 12 20 167 18 11 14 171 6 187 190 190 7 19 15 1 151 2 18 5 13 176 1 0 15 4 15 12 196 183 166 10 172 18 20 15 16 18 17 8 9 3 7 19 12 156 194 4 13 18 174 4 10 11 11 8 1 163 2 17 176 4 16 12 1 15 4 16 5 6 10 19 7 8 164 14 183 2 12 5 182 4 7 158 12 15 10 184 12 181 12 16 19 10 184 5 5 1 19 18 9 0 7 8 17 4 19 10 15 18 6 19 2
335
200 200 200 200 200 200 200 200 200 200 200 200 200 200 200 200 200 200 200 200 200 200 200 200 200 200 200 200 200 200 200 200 200 200 200 200 200 200 200 200 200 200 200 200 200 200 200 200 200 200 200 200 200 200 200 200 200 200 200 200 200 200 200 200 200 200 200 200 200 200 200 200 200 200 200 200 200 200 200 200 200 200 200 200 200 200 200 200 200 200 200 200 200 200 200 200 200 200 200 200 200 200 200 200 200 200 200 200 200 200 200 200 200 200 200 200 200 200 200 200 200 200 200 200 200 200 200 200 200 200 200 200 200 200 200 200 200 200 200 200 200 200 200 200 200 200 200 200 200 200 200 200 200 200 200 200 200 200 200 200 200 200 200 200 200 200 200 200 200 200 200 200 200 200 200 200 200 200 200 200 200 200 200 200 200 200 200 200 200 200 200 200 200 200 200 200 200 200 200 200 200 200 200 200 200 200 200 200 200 200 200 200 200 200 200 200 200 200 200 200 200 200 200 200 200 200 200 200 200 200 200 200 200 200 200 200 200 200 200 200 200 200 200 200 200 200 200 200 200 200 200 200 200 200 200 200 200 200 200 200 200 200 200 200 200 200 200 200 200 200 200 200 200 200 200 200 200 200 200 200 200 200 200 200 200 200 200 200 200 200 200 200 200 200 200 200 200 200 200 200 200 200 200 200 200 200 200 200 200 200 200 200 200 200 200 200 200 200 200 200 200 200 200 200 200 200 200 200 200 200 200 200 200 200 200
312
52 181 0 52 52 118 52 0 0 129 129 118 52 52 181 190 190 190 118 0 118 190 0 190 181 52 52 181 0 129 0 190 129 190 52 118 190 52 118 190 181 118 181 190 52 52 0 118 0 190 0 181 118 181 118 190 118 181 52 181 118 129 129 52 190 0 129 0 181 181 118 129 0 129 181 52 190 129 181 0 190 190 129 190 129 129 181 181 190 129 118 118 181 118 129 118 181 118 0 190 181 118 0 190 118 129 52 129 0 0 0 181 129 52 181 181 52 190 129 129 0 52 0 118 118 129 190 181 0 118 129 129 190 0 190 190 190 52 129 118 190 190 129 52 181 181 118 181 181 0 0 181 118 52 0 0 181 181 129 129 181 181 118 52 181 181 0 118 118 52 118 190 0 181 129 181 52 0 190 181 190 52 181 118 52 181 0 181 129 0 52 129 52 0 52 0 181 190 129 181 118 190 190 181 190 118 52 0 0 52 0 129 181 52 0 190 118 129 181 129 0 190 52 118 52 181 52 118 118 190 190 118 0 0 118 0 52 181 190 129 129 190 190 190 181 181 129 52 190 190 0 118 181 129 118 190 52 190 52 190 129 129 52 181 0 181 129 129 52 0 118 118 181 190 118 0 118 129 52 190 129 118 0 190 129 52 129 190 129 190 181 118 129 118 129 129 0 0 118 0 0 190 129 52 129 129 52 181 52 52 118 190
791
0 200 73 78 116 55 57 106 102 62 55 78 116 85 103 55 74 67 99 112 68 83 65 75 101 97 119 52 120 116 54 92 120 71 95 104 87 93 74 66 92 77 82 53 79 51 92 92 74 80 105 115 81 60 89 90 55 63 87 116 75 67 114 75 113 83 64 77 74 75 115 90 53 99 55 111 83 116 97 110 108 87 55 66 68 79 109 93 56 70 108 90 120 96 80 71 111 74 59 116 119 88 90 105 51 120 93 120 99 66 78 89 109 120 88 103 74 52 116 86 100 68 81 115 85 94 65 81 62 106 78 71 109 73 70 60 103 77 69 50 54 81 81 64 80 111 58 62 109 57 54 50 73 73 59 117 116 108 60 110 95 106 74 64 63 85 107 73 69 75 59 81 110 91 62 110 83 79 90 96 103 56 106 67 116 69 107 73 64 56 71 120 96 86 119 101 102 73 77 108 54 87 72 111 99 67 116 84 54 105 52 71 100 69 110 81 52 72 93 96 69 58 108 73 88 57 108 82 106 119 107 69 55 108 59 104 68 117 104 90 84 82 95 91 102 115 103 69 54 53 76 51 54 114 56 112 103 98 79 51 57 120 58 116 102 84 109 119 80 95 58 105 102 119 120 92 109 106 93 99 62 97 88 51 68 119 78 54 120 95 101 75 111 116 98 103 99 79 73 71 105 104 97 71 86 87 96 88 116 104 81 78 95 65 87 115 93 89 63 85 108 106 94 72 87 70 83 71 83 59 116 73 95 56 113 52 69 67 62 120 66 95 115 106 91 91 95 77 118 52 110 119 117 56 51 98 75 77 102 65 67 99 115 113 85 87 120 117 120 52 81 71 57 69 61 93 54 107 55 61 73 119 113 56 97 81 56 85 102 55 111 98 108 114 80 77 93 117 69 76 62 75 110 78 115 80 109 96 70 119 117 60 114 74 117 79 100 67 60 52 116 97 94 99 90 84 100 75 59 53 103 109 53 59 51 52 92 88 53 104 75 73 115 95 67 112 75 51 74 96 74 81 63 97 52 98 115 61 108 111 88 97 114 60 88 87 94 96 95 86 97 120 51 71 80 70 77 111 79 114 87 69 60 100 83 94 111 86 52 91 70 112 100 70 62 94 56 79 105 90 77 99 93 110 77 98 80 68 61 94 70 83 80 102 84 99 101 107 88 92 82 59 103 120 118 61 105 102 67 93 69 84 69 113 65 117 65 66 95 110 66 81 107 67 71 96 111 117 52 67 85 107 53 109 115 55 96 60 82 105 70 117 94 113 105 79 120 72 98 93 106 107 104 65 61 116 60 69 78 50 86 52 119 110 102 95 96 90 90 94 83 88 85 94 106 82 119 91 111 67 95 87 65 87 57 63 106 57 119 108 99 118 95 81 84 107 82 67 69 59 53 116 71 91 100 110 97 61 68 104 64 97 104 103 69 115 75 63 75 88 110 96 62 81 104 55 101 113 103 75 78 57 89 58 55 101 96 69 116 76 67 74 54 105 110 57 106 88 65 117 101 103 97 91 73 113 63 81 119 68 76 97 50 98 89 75 86 96 77 86 87 105 118 70 88 89 50 67 74 57 64 52 55 112 119 68 101 66 83 71 79 102 80 84 69 120 94 98 111 115 107 95 68 84 85 104 57 59 95 111 82 53 108 88 55 56 59 92 96 113 93 65 65 52 90 87 64 50 86 61 75 68 78 87 103 96 54 103 90 88 83 120 89 93 72 77 63 79 98 60 70 85 119 110 67 66 63 83 105 120 106 74 100 77 93 65 90 67 103 64 200
771
0 0 0 0 0 0 0 0 0 0 0 0 0 0 0 0 0 0 0 0 0 0 0 0 0 0 0 0 0 0 0 0 0 0 0 0 0 0 0 0 0 0 0 0 0 0 0 0 0 0 0 0 0 0 0 0 0 0 0 0 0 0 0 0 0 0 0 0 0 0 0 0 0 0 0 0 0 0 0 0 0 0 0 0 0 0 0 0 0 0 0 0 0 0 0 0 0 0 0 0 0 0 0 0 0 0 0 0 0 0 0 0 0 0 0 0 0 0 0 0 0 0 0 0 0 0 0 0 0 0 0 0 0 0 0 0 0 0 0 0 0 0 0 0 0 0 0 0 0 0 0 0 0 0 0 0 0 0 0 0 0 0 0 0 0 0 0 0 0 0 0 0 0 0 0 0 0 0 0 0 0 0 0 0 0 0 0 0 0 0 0 0 0 0 0 0 0 0 0 0 0 0 0 0 0 0 0 0 0 0 0 0 0 0 0 0 0 0 0 0 0 0 0 0 0 0 0 0 0 0 0 0 0 0 0 0 0 0 0 0 0 0 0 0 0 0 0 0 0 0 0 0 0 0 0 0 0 0 0 0 0 0 0 0 0 0 0 0 0 0 0 0 0 0 0 0 0 0 0 0 0 0 0 0 0 0 0 0 0 0 0 0 0 0 0 0 0 0 0 0 0 0 0 0 0 0 0 0 0 0 0 0 0 0 0 0 0 0 0 0 0 0 0 0 0 0 0 0 0 0 0 0 0 0 0 0 0 0 0 0 0 0 0 0 0 0 0 0 0 0 0 0 0 0 0 0 0 0 0 0 0 0 0 0 0 0 0 0 0 0 0 0 0 0 0 0 0 0 0 0 0 0 0 0 0 0 0 0 0 0 0 0 0 0 0 0 0 0 0 0 0 0 0 0 0 0 0 0 0 0 0 0 0 0 0 0 0 0 0 0 0 0 0 0 0 0 0 0 0 0 0 0 0 0 0 0 0 0 0 0 0 0 0 0 0 0 0 0 0 0 0 0 0 0 0 0 0 0 0 0 0 0 0 0 0 0 0 0 0 0 0 0 0 0 0 0 0 0 0 0 0 0 0 0 0 0 0 0 0 0 0 0 0 0 0 0 0 0 0 0 0 0 0 0 0 0 0 0 0 0 0 0 0 0 0 0 0 0 0 0 0 0 0 0 0 0 0 0 0 0 0 0 0 0 0 0 0 0 0 0 0 0 0 0 0 0 0 0 0 0 0 0 0 0 0 0 0 0 0 0 0 0 0 0 0 0 0 0 0 0 0 0 0 0 0 0 0 0 0 0 0 0 0 0 0 0 0 0 0 0 0 0 0 0 0 0 0 0 0 0 0 0 0 0 0 0 0 0 0 0 0 0 0 0 0 0 0 0 0 0 0 0 0 0 0 0 0 0 0 0 0 0 0 0 0 0 0 0 0 0 0 0 0 0 0 0 0 0 0 0 0 0 0 0 0 0 0 0 0 0 0 0 0 0 0 0 0 0 0 0 0 0 0 0 0 0 0 0 0 0 0 0 0 0 0 0 0 0 0 0 0 0 0 0 0 0 0 0 0 0 0 0 0 0 0 0 0 0 0 0 0 0 0 0 0 0 0 0 0 0 0 0 0 0 0 0 0 0 0 0 0 0 0 0 0 0 0 0 0 0 0 0 0 0 0 0 0 0 0 0 0 0 0 0 0 0 0 0 0 0 0 0 0 0 0 0 0 0 0 0 0
574
5 4 10 14 13 18 9 19 10 11 8 20 0 16 9 18 13 4 2 8 10 16 13 6 13 6 4 20 5 16 18 11 17 6 12 17 0 15 17 4 1 12 2 0 5 17 20 8 15 9 16 8 6 4 14 12 8 7 15 2 11 10 6 15 1 14 19 19 11 18 16 5 17 5 8 20 11 6 10 10 1 1 14 12 10 7 17 19 3 19 8 5 18 16 18 9 13 17 16 6 8 11 17 18 2 1 2 8 13 10 11 4 5 17 12 3 9 14 6 2 14 6 17 20 14 16 19 4 7 11 9 19 0 12 17 0 6 4 5 5 17 8 3 0 16 12 0 16 19 19 4 18 11 9 6 16 2 1 13 9 2 18 15 16 0 2 12 14 4 17 2 1 6 15 6 10 3 16 2 6 1 13 5 17 10 2 18 3 9 2 9 1 19 15 17 9 6 16 20 18 17 12 10 4 20 14 0 3 15 4 13 17 0 1 14 14 7 0 2 0 19 1 16 19 19 4 17 14 13 5 19 19 18 8 11 12 9 9 2 18 16 12 5 7 7 18 3 9 14 18 0 11 6 3 12 2 9 10 6 4 3 14 13 20 15 4 14 7 5 17 20 9 16 2 14 13 5 2 8 12 15 0 3 18 5 7 12 6 12 18 19 3 8 20 9 15 15 14 19 5 20 4 14 8 3 2 18 11 16 12 12 8 3 19 17 5 19 2 1 14 4 5 11 20 14 11 5 7 3 9 13 3 4 5 13 12 19 0 11 9 14 6 12 11 16 20 13 3 10 18 3 0 12 18 8 7 2 6 1 8 13 17 9 0 18 15 4 16 11 1 14 6 13 10 6 8 8 10 16 6 13 3 16 17 13 17 18 18 17 14 15 15 19 10 11 9 17 10 19 14 14 6 1 13 13 11 16 9 18 12 11 9 18 2 3 19 3 12 10 4 9 10 2 8 4 4 6 20 10 6 13 7 19 13 20 12 14 20 14 15 2 14 20 3 13 6 12 0 13 10 12 5 12 5 20 17 3 1 16 20 20 4 9 7 18 3 17 3 17 7 2 15 9 8 10 3 8 15 8 20 2 0 6 12 19 20 6 14 12 5 4 6 18 1 11 3 10 3 1 1 6 18 7 2 1 12 2 13 1 0 0 4 2 19 19 8 20 8 16 4 19 14 5 8 17 11 11 0 12 1 8 6 1 13 8 10 14 15 20 10 18 3 14 15 19 2 14 11 0 16 13 15 19 13 12 3 2 7 3 13 19 8 20 0 16 1 14 20 1 12 15 11 18 19
774
0 200 96 54 79 72 120 110 82 64 73 81 110 52 64 87 61 117 65 106 102 115 116 60 116 85 90 58 107 93 110 92 65 107 98 73 103 72 108 89 58 56 82 82 86 57 91 62 70 105 82 73 60 73 96 63 97 56 118 78 111 107 95 51 93 59 89 95 106 83 53 91 66 59 94 118 54 82 90 97 79 76 118 101 56 88 118 59 83 107 93 114 69 85 75 113 60 109 52 118 50 95 55 50 94 116 96 82 70 105 72 100 74 67 73 62 72 108 62 57 80 117 111 69 97 100 116 92 76 76 98 66 67 98 115 51 56 67 103 101 119 115 62 91 99 87 63 88 111 62 50 104 52 82 82 99 80 61 103 53 65 78 116 53 98 53 112 96 59 73 61 110 62 89 78 104 112 61 54 103 74 69 103 99 57 59 73 91 106 102 113 66 53 53 119 87 60 81 60 107 86 111 71 92 73 85 97 61 100 104 88 98 53 105 79 50 111 99 74 91 68 96 64 77 117 93 63 73 61 77 66 66 111 104 74 72 92 89 81 113 83 104 63 117 90 65 118 106 55 99 72 116 111 60 120 110 85 82 107 69 78 71 51 110 61 97 76 89 60 110 96 92 112 82 74 79 102 80 104 89 103 104 114 83 77 98 55 60 119 92 61 87 106 68 60 51 110 93 110 58 74 54 84 103 118 115 71 85 106 102 64 79 96 66 104 71 112 115 104 104 108 50 109 95 109 59 70 76 60 78 81 117 63 113 117 71 81 97 92 104 98 80 53 116 55 105 100 85 118 75 59 98 102 73 111 71 74 90 73 72 89 105 62 117 90 66 95 89 57 83 100 71 55 78 96 83 63 84 114 104 66 116 96 80 100 74 56 64 97 96 68 96 113 119 73 118 89 111 52 55 97 59 87 57 50 116 88 116 69 77 62 100 100 61 77 108 86 103 64 101 55 80 112 114 120 77 113 71 55 60 69 70 66 93 65 87 54 107 50 111 119 71 54 94 87 109 78 115 97 97 62 84 53 62 68 53 119 116 80 108 80 113 52 99 102 92 85 113 94 82 104 98 113 72 85 56 60 117 70 108 75 69 69 74 100 107 70 102 75 51 95 91 66 51 115 111 86 66 66 81 89 62 79 68 107 77 97 88 75 106 78 86 87 68 104 66 64 67 60 90 87 111 63 52 78 57 95 68 78 103 64 50 72 98 88 85 109 77 92 62 96 116 112 110 52 113 55 88 53 51 51 54 90 120 98 68 71 98 84 94 56 54 111 113 57 118 113 65 80 68 96 91 65 55 106 58 116 107 51 63 103 115 112 83 80 92 58 95 58 78 96 53 87 77 113 53 65 110 82 108 97 105 101 109 84 50 114 83 100 63 57 73 78 118 88 84 96 74 55 93 105 66 110 110 108 71 115 68 73 100 106 98 66 55 51 67 55 50 89 52 83 112 120 109 107 104 85 103 51 52 112 86 76 77 116 75 111 87 67 73 117 98 106 64 79 86 96 114 85 107 95 55 97 97 77 97 54 57 82 73 70 112 56 70 59 95 96 109 97 58 53 74 93 66 88 68 105 108 112 69 65 117 60 71 113 105 63 102 51 119 77 92 63 87 97 111 66 104 104 95 53 61 80 84 63 52 104 113 67 94 102 109 114 95 62 81 85 98 55 108 78 108 89 59 103 93 85 56 90 71 118 95 65 100 58 111 93 77 105 120 77 105 58 63 76 99 108 52 51 64 119 98 82 200
8
62 194 62 194 111 111 62 111
686
0 0 0 0 0 0 0 0 0 0 0 0 0 0 0 0 0 0 0 0 0 0 0 0 0 0 0 0 0 0 0 0 0 0 0 0 0 0 0 0 0 0 0 0 0 0 0 0 0 0 0 0 0 0 0 0 0 0 0 0 0 0 0 0 0 0 0 0 0 0 0 0 0 0 0 0 0 0 0 0 0 0 0 0 0 0 0 0 0 0 0 0 0 0 0 0 0 0 0 0 0 0 0 0 0 0 0 0 0 0 0 0 0 0 0 0 0 0 0 0 0 0 0 0 0 0 0 0 0 0 0 0 0 0 0 0 0 0 0 0 0 0 0 0 0 0 0 0 0 0 0 0 0 0 0 0 0 0 0 0 0 0 0 0 0 0 0 0 0 0 0 0 0 0 0 0 0 0 0 0 0 0 0 0 0 0 0 0 0 0 0 0 0 0 0 0 0 0 0 0 0 0 0 0 0 0 0 0 0 0 0 0 0 0 0 0 0 0 0 0 0 0 0 0 0 0 0 0 0 0 0 0 0 0 0 0 0 0 0 0 0 0 0 0 0 0 0 0 0 0 0 0 0 0 0 0 0 0 0 0 0 0 0 0 0 0 0 0 0 0 0 0 0 0 0 0 0 0 0 0 0 0 0 0 0 0 0 0 0 0 0 0 0 0 0 0 0 0 0 0 0 0 0 0 0 0 0 0 0 0 0 0 0 0 0 0 0 0 0 0 0 0 0 0 0 0 0 0 0 0 0 0 0 0 0 0 0 0 0 0 0 0 0 0 0 0 0 0 0 0 0 0 0 0 0 0 0 0 0 0 0 0 0 0 0 0 0 0 0 0 0 0 0 0 0 0 0 0 0 0 0 0 0 0 0 0 0 0 0 0 0 0 0 0 0 0 0 0 0 0 0 0 0 0 0 0 0 0 0 0 0 0 0 0 0 0 0 0 0 0 0 0 0 0 0 0 0 0 0 0 0 0 0 0 0 0 0 0 0 0 0 0 0 0 0 0 0 0 0 0 0 0 0 0 0 0 0 0 0 0 0 0 0 0 0 0 0 0 0 0 0 0 0 0 0 0 0 0 0 0 0 0 0 0 0 0 0 0 0 0 0 0 0 0 0 0 0 0 0 0 0 0 0 0 0 0 0 0 0 0 0 0 0 0 0 0 0 0 0 0 0 0 0 0 0 0 0 0 0 0 0 0 0 0 0 0 0 0 0 0 0 0 0 0 0 0 0 0 0 0 0 0 0 0 0 0 0 0 0 0 0 0 0 0 0 0 0 0 0 0 0 0 0 0 0 0 0 0 0 0 0 0 0 0 0 0 0 0 0 0 0 0 0 0 0 0 0 0 0 0 0 0 0 0 0 0 0 0 0 0 0 0 0 0 0 0 0 0 0 0 0 0 0 0 0 0 0 0 0 0 0 0 0 0 0 0 0 0 0 0 0 0 0 0 0 0 0 0 0 0 0 0 0 0 0 0 0 0 0 0 0 0 0 0 0 0 0 0 0 0 0 0 0 0 0 0 0 0 0 0 0 0 0 0 0 0
119
0 200 78 116 85 92 78 59 71 119 108 73 99 62 86 89 95 93 68 62 61 108 55 104 66 117 98 73 78 106 96 112 86 59 100 50 76 119 65 92 94 62 67 84 105 98 56 75 56 84 116 65 78 100 109 86 81 115 68 50 73 108 61 86 79 53 120 56 83 109 57 58 54 60 86 73 91 50 86 89 80 77 64 95 78 100 111 85 58 75 94 68 58 102 51 81 52 55 83 105 118 69 94 93 112 96 99 117 111 50 80 78 75 90 96 65 70 114 200
712
39 78 182 182 78 40 176 40 78 40 78 75 78 75 78 39 78 78 78 75 176 40 39 75 176 78 75 176 182 78 40 176 75 40 75 40 75 182 40 40 182 176 40 40 39 182 78 182 182 78 75 182 182 176 39 75 75 39 78 75 75 39 75 176 40 40 39 40 40 182 78 40 40 40 40 182 39 40 78 75 78 75 39 176 40 78 75 78 78 39 182 176 182 78 78 176 176 176 182 78 40 39 78 75 40 39 39 78 182 40 40 39 176 176 40 75 78 176 182 176 39 78 176 182 39 78 182 39 78 75 75 40 78 75 40 39 40 40 182 40 75 182 75 39 40 40 78 40 75 176 78 176 176 40 39 182 176 40 182 75 40 182 39 78 39 75 39 75 182 78 75 40 75 78 182 39 182 176 176 182 39 176 39 40 78 40 40 182 40 78 182 39 75 182 176 39 176 176 75 39 75 39 39 182 40 78 39 75 182 176 40 39 75 75 176 78 78 176 40 39 182 39 39 39 176 75 39 176 78 78 39 40 40 39 78 176 40 75 182 176 39 176 176 39 40 78 78 40 40 176 40 78 176 40 39 176 78 75 40 75 182 176 40 40 182 176 182 75 40 40 176 39 40 39 39 39 182 39 75 176 75 78 182 40 75 40 40 39 75 78 39 40 78 40 182 75 40 182 39 39 75 39 182 78 182 75 39 176 78 75 40 176 78 39 176 182 78 78 182 176 40 78 176 75 176 40 40 40 176 176 182 176 40 182 39 40 182 75 75 40 39 75 182 39 40 176 182 75 75 176 176 39 39 75 75 182 176 182 78 40 78 182 75 75 176 78 39 75 40 182 176 176 75 39 182 78 182 39 182 78 176 75 40 75 176 75 176 39 176 182 78 39 39 78 176 176 39 75 39 182 75 78 176 78 75 75 176 176 182 75 39 182 39 176 39 78 40 182 39 182 182 182 40 40 39 40 78 182 40 75 75 75 75 39 176 78 39 78 78 40 40 40 39 39 75 182 182 40 78 78 176 39 182 75 39 78 40 39 75 40 40 39 176 75 39 75 40 75 39 182 39 75 182 182 182 75 39 176 182 182 75 176 75 75 39 39 40 75 182 39 75 40 75 78 176 75 176 176 182 176 176 182 182 176 182 176 78 78 75 40 176 40 182 39 40 182 176 40 75 78 39 40 176 182 78 176 176 39 40 40 39 78 182 78 40 40 182 39 75 75 39 39 75 39 40 182 75 75 75 78 39 39 40 75 75 39 75 176 75 75 182 78 182 182 182 40 75 78 176 78 40 39 176 40 39 78 75 39 40 78 176 182 182 75 78 78 182 39 39 182 78 182 75 176 39 176 40 75 78 39 78 182 176 39 176 40 75 40 75 78 39 75 75 182 182 40 176 75 78 75 39 78 176 39 176 75 78 75 78 39 176 78 40 78 78 176 78 182 40 39 176 176 182 39 78 182 176 39 182 40 78 40 182 182 176 182 75 40 39 39 40 78 182 75 40 40 39 40 182 182 75 39 40 176 78 75 39 176 78 182 75 78 78 40 39 176 176 176 39 176 40 40 176 182 39 176 78 39 182 176 78 39 176 40 75 40 182 176 40 40 39 40
812
16 152 12 5 2 11 173 11 2 1 168 15 178 6 4 3 0 13 15 13 173 152 5 155 13 0 13 8 15 15 2 7 1 13 9 17 6 10 1 167 14 12 17 197 12 3 10 150 4 153 20 188 4 3 14 168 16 10 9 18 185 13 1 177 179 2 0 18 9 14 18 11 14 9 168 13 171 13 20 13 8 200 12 9 0 9 4 12 16 9 5 176 8 1 18 19 17 13 2 7 5 158 19 14 3 5 199 16 20 11 15 15 12 11 4 11 18 1 198 14 8 152 4 164 16 20 9 0 2 176 3 5 18 12 170 165 3 18 154 173 8 3 4 17 20 150 20 0 2 13 3 196 14 18 20 186 6 194 7 11 13 13 7 3 11 3 6 156 18 12 13 13 12 183 11 10 184 19 5 3 9 5 5 157 20 0 161 154 184 10 2 8 3 5 9 19 4 7 9 16 10 10 9 1 14 17 10 200 3 4 7 17 18 11 16 9 0 13 161 189 16 8 0 4 183 12 13 200 17 12 17 1 20 3 2 150 14 7 0 166 1 0 14 0 6 13 5 17 19 164 4 14 3 8 4 18 13 15 16 11 0 1 10 2 4 13 16 19 4 7 170 9 1 169 3 3 199 11 2 0 8 14 6 166 11 6 18 16 15 12 185 187 2 169 10 177 158 164 13 164 2 18 11 12 20 1 192 195 173 193 20 190 3 10 191 0 9 161 11 12 8 16 19 0 165 9 11 5 153 2 3 14 0 11 8 7 17 17 5 0 193 2 163 7 2 11 2 1 12 12 18 16 20 0 9 20 13 11 8 8 6 5 10 182 3 16 13 3 19 3 180 4 8 16 13 4 165 8 2 1 11 15 195 14 20 3 186 5 11 3 0 0 187 176 9 4 11 8 19 4 180 13 196 18 16 9 20 6 16 196 163 197 20 18 17 3 15 185 4 4 6 7 17 191 151 13 8 6 19 173 12 1 18 2 6 17 18 6 18 4 18 4 19 13 13 0 10 5 8 12 194 200 14 6 12 11 8 9 5 19 5 19 11 8 8 20 6 10 15 20 20 7 156 1 2 11 9 8 172 11 192 20 175 17 16 174 1 19 15 14 16 185 10 8 5 5 5 10 18 181 6 10 20 3 4 0 6 14 20 10 2 7 2 187 11 2 18 12 12 183 5 6 14 155 0 5 12 11 17 176 3 162 5 0 7 3 150 18 196 6 19 10 189 6 10 20 164 0 5 2 5 10 0 15 200 7 1 14 2 0 19 162 184 4 19 10 7 16 15 15 196 1 179 8 7 5 7 4 18 150 1 11 189 13 12 18 9 0 14 10 10 12 5 20 4 3 11 6 8 13 7 5 2 18 16 7 18 19 17 173 20 12 5 8 6 182 152 18 2 8 174 9 8 10 170 7 17 2 14 19 20 193 10 17 12 179 16 5 16 18 15 6 8 19 165 16 7 9 164 20 16 12 168 19 14 9 14 11 8 14 2 169 5 11 1 4 182 15 13 2 4 11 7 0 10 16 12 5 1 154 11 2 15 12 170 8 19 3 7 5 9 2 5 13 8 179 16 13 6 187 153 17 14 17 18 6 4 4 178 16 3 5 198 0 12 10 5 197 2 16 8 18 13 1 7 0 14 13 19 11 8 11 15 4 3 160 13 18 178 15 13 194 11 15 7 189 13 16 3 10 0 12 10 2 150 6 15 190 20 4 2 8 16 12 3 15 10 173 0 18 6 17 1 183 16 4 8 18 20 16 3 168 9 7 19 163 2 184 17 7 11 4 18 18 4 162 10 4 6 195 172 175 5 18 0 2 3 160 6 11 4 3
837
0 0 0 0 0 0 0 0 0 0 0 0 0 0 0 0 0 0 0 0 0 0 0 0 0 0 0 0 0 0 0 0 0 0 0 0 0 0 0 0 0 0 0 0 0 0 0 0 0 0 0 0 0 0 0 0 0 0 0 0 0 0 0 0 0 0 0 0 0 0 0 0 0 0 0 0 0 0 0 0 0 0 0 0 0 0 0 0 0 0 0 0 0 0 0 0 0 0 0 0 0 0 0 0 0 0 0 0 0 0 0 0 0 0 0 0 0 0 0 0 0 0 0 0 0 0 0 0 0 0 0 0 0 0 0 0 0 0 0 0 0 0 0 0 0 0 0 0 0 0 0 0 0 0 0 0 0 0 0 0 0 0 0 0 0 0 0 0 0 0 0 0 0 0 0 0 0 0 0 0 0 0 0 0 0 0 0 0 0 0 0 0 0 0 0 0 0 0 0 0 0 0 0 0 0 0 0 0 0 0 0 0 0 0 0 0 0 0 0 0 0 0 0 0 0 0 0 0 0 0 0 0 0 0 0 0 0 0 0 0 0 0 0 0 0 0 0 0 0 0 0 0 0 0 0 0 0 0 0 0 0 0 0 0 0 0 0 0 0 0 0 0 0 0 0 0 0 0 0 0 0 0 0 0 0 0 0 0 0 0 0 0 0 0 0 0 0 0 0 0 0 0 0 0 0 0 0 0 0 0 0 0 0 0 0 0 0 0 0 0 0 0 0 0 0 0 0 0 0 0 0 0 0 0 0 0 0 0 0 0 0 0 0 0 0 0 0 0 0 0 0 0 0 0 0 0 0 0 0 0 0 0 0 0 0 0 0 0 0 0 0 0 0 0 0 0 0 0 0 0 0 0 0 0 0 0 0 0 0 0 0 0 0 0 0 0 0 0 0 0 0 0 0 0 0 0 0 0 0 0 0 0 0 0 0 0 0 0 0 0 0 0 0 0 0 0 0 0 0 0 0 0 0 0 0 0 0 0 0 0 0 0 0 0 0 0 0 0 0 0 0 0 0 0 0 0 0 0 0 0 0 0 0 0 0 0 0 0 0 0 0 0 0 0 0 0 0 0 0 0 0 0 0 0 0 0 0 0 0 0 0 0 0 0 0 0 0 0 0 0 0 0 0 0 0 0 0 0 0 0 0 0 0 0 0 0 0 0 0 0 0 0 0 0 0 0 0 0 0 0 0 0 0 0 0 0 0 0 0 0 0 0 0 0 0 0 0 0 0 0 0 0 0 0 0 0 0 0 0 0 0 0 0 0 0 0 0 0 0 0 0 0 0 0 0 0 0 0 0 0 0 0 0 0 0 0 0 0 0 0 0 0 0 0 0 0 0 0 0 0 0 0 0 0 0 0 0 0 0 0 0 0 0 0 0 0 0 0 0 0 0 0 0 0 0 0 0 0 0 0 0 0 0 0 0 0 0 0 0 0 0 0 0 0 0 0 0 0 0 0 0 0 0 0 0 0 0 0 0 0 0 0 0 0 0 0 0 0 0 0 0 0 0 0 0 0 0 0 0 0 0 0 0 0 0 0 0 0 0 0 0 0 0 0 0 0 0 0 0 0 0 0 0 0 0 0 0 0 0 0 0 0 0 0 0 0 0 0 0 0 0 0 0 0 0 0 0 0 0 0 0 0 0 0 0 0 0 0 0 0 0 0 0 0 0 0 0 0 0 0 0 0 0 0 0 0 0 0 0 0 0 0 0 0 0 0 0 0 0 0 0 0 0 0 0 0 0 0 0 0 0 0 0 0 0 0 0 0 0 0 0 0 0 0 0 0 0 0 0 0 0 0 0 0 0 0 0 0 0 0 0 0 0 0 0 0 0 0 0 0 0 0 0 0 0 0 0 0 0 0 0 0 0 0 0 0 0
468
9 178 174 7 175 11 11 16 12 5 15 12 10 5 1 188 3 8 13 17 4 183 5 9 13 14 17 9 12 190 1 3 15 12 187 0 3 160 2 184 19 19 161 2 2 197 11 183 194 8 197 9 12 179 13 8 163 8 12 1 12 15 20 14 8 159 5 11 4 11 18 18 0 5 3 8 14 3 8 10 5 10 159 13 191 10 5 20 16 154 4 186 20 18 199 18 13 2 180 175 6 6 10 181 12 19 11 186 19 9 4 3 10 20 13 3 14 156 12 15 20 4 7 12 176 9 17 6 3 10 193 0 3 186 18 3 7 8 197 13 3 17 13 10 15 10 8 7 3 152 18 1 1 7 176 185 193 167 5 189 4 17 1 12 16 1 3 9 197 2 15 169 4 14 19 16 8 3 175 2 11 16 3 13 20 151 4 15 13 15 8 18 17 150 14 11 8 2 5 1 4 6 9 20 6 8 10 8 15 6 12 19 5 18 5 15 17 14 3 9 19 13 13 11 5 178 5 3 2 4 11 2 11 11 190 7 151 13 11 9 3 1 7 171 4 16 7 19 9 16 11 8 4 18 6 4 3 190 13 19 169 13 2 10 5 20 0 6 4 18 171 9 16 6 5 2 157 178 7 7 16 6 157 7 20 176 6 17 187 19 160 15 196 2 166 195 15 2 7 17 19 156 195 19 1 1 6 6 15 8 13 19 10 12 10 2 182 16 2 20 166 15 10 8 12 7 188 177 8 153 2 4 169 18 17 17 172 18 4 181 8 9 10 12 17 198 4 1 4 20 19 9 170 2 153 7 5 12 159 3 20 8 0 5 16 11 13 5 0 3 0 180 192 8 14 3 13 12 15 5 10 4 17 19 0 0 11 13 161 7 20 20 16 3 5 4 9 172 178 19 0 150 193 3 20 19 13 9 18 171 5 11 6 11 18 1 155 19 16 16 19 176 6 2 0 15 195 193 8 19 189 19 193 11 6 192 18 198 165 2 1 9 3 19 5 7 18 2 17 6 16 15 15 12 19 0 20 6 15 13 168 11 16 13 4 13 20 17
885
4 120 98 119 121 18 163 98 156 76 41 57 84 64 68 137 140 33 121 147 168 111 25 42 127 199 68 24 153 46 181 65 72 165 94 137 197 159 131 72 66 99 11 29 158 118 65 193 106 124 110 134 35 70 38 26 36 8 141 170 173 127 60 148 91 161 14 65 100 97 101 97 35 15 160 199 119 99 70 24 142 85 36 158 44 0 38 159 32 40 43 121 97 16 61 158 47 177 193 48 105 58 126 91 156 38 178 128 128 145 49 70 86 151 195 64 26 131 120 91 109 160 172 18 185 196 167 110 40 177 91 24 172 5 147 40 35 139 91 104 50 108 80 24 73 63 166 179 48 84 39 74 187 87 80 169 142 77 120 175 81 197 199 104 93 68 17 174 29 198 155 155 46 22 113 186 8 61 195 2 181 115 45 120 13 157 54 175 60 181 69 111 167 154 143 126 36 161 29 28 111 102 112 133 5 172 180 93 88 33 104 31 92 60 37 137 92 125 86 82 135 66 59 17 148 72 78 79 100 19 49 35 151 161 31 90 47 31 188 194 129 18 73 117 140 125 144 129 138 92 111 3 90 122 187 152 119 144 88 198 77 5 158 20 118 194 77 158 59 134 34 67 77 153 86 91 137 195 93 142 123 132 95 139 65 73 9 13 25 98 26 23 30 125 112 44 34 199 141 4 88 63 97 166 199 134 122 165 140 102 17 84 90 57 7 83 12 21 3 157 47 200 194 33 6 59 19 40 6 163 23 146 128 146 99 146 19 36 130 166 67 94 184 148 32 32 140 98 190 117 102 183 74 71 163 1 91 134 155 20 110 169 56 68 77 189 181 195 146 22 131 20 15 86 10 26 162 83 148 136 180 122 143 162 172 139 143 174 187 19 150 141 164 153 69 182 183 36 108 60 152 116 11 193 61 30 163 70 26 1 41 92 118 45 70 81 115 60 88 143 31 89 111 56 64 6 57 27 147 105 160 185 125 156 46 127 112 20 143 182 46 154 100 77 188 22 59 99 72 103 35 24 45 1 32 143 140 123 93 13 98 7 184 166 156 72 93 61 180 121 158 129 152 113 58 72 188 18 16 114 46 76 44 189 69 116 89 140 40 99 10 158 168 164 98 133 109 41 54 61 174 180 49 97 2 93 180 22 149 59 100 89 16 148 96 6 42 28 194 99 10 95 20 76 151 189 2 22 144 122 49 161 189 86 185 117 81 179 112 48 65 90 113 63 35 116 96 57 70 167 181 125 179 114 20 182 45 127 76 64 98 172 169 80 103 56 15 118 183 91 163 127 50 156 170 110 168 96 147 162 36 124 101 12 40 123 70 146 162 157 52 6 191 182 59 84 68 79 190 76 135 139 80 169 153 74 23 114 176 18 69 66 45 146 30 152 54 160 165 132 91 8 111 197 128 9 6 27 155 48 151 51 104 10 162 82 61 0 188 199 78 65 186 92 6 155 119 104 131 69 111 92 175 61 72 168 54 3 61 92 39 6 124 14 29 76 113 180 151 128 62 94 192 151 133 139 35 199 115 112 32 78 167 35 45 168 124 82 100 78 62 196 53 142 74 170 92 102 181 186 60 176 122 80 148 84 128 163 45 118 134 30 47 26 101 78 196 69 9 95 160 174 51 90 104 166 14 142 115 69 129 101 142 100 196 77 83 86 119 59 34 84 126 5 118 41 171 90 44 175 113 55 38 79 125 26 189 10 98 61 168 135 35 21 157 167 83 23 116 77 27 74 150 119 69 154 22 157 58 13 75 19 0 107 71 57 154 8 44 197 1 183 90 55 73 4 191 194 106 149 169 142 169 140 163 107 12 112 123 110 66 32 43 103 141 109 95 63 71 88 116 149 178 113 7 28 112 192 160 55 60 136 3 131 76 26 88 40 1 129 75 75 109 188 161 108 137 22 136 107 173 112 89 125 13 180 17 195 139 46 75 125 192 165 29 36 53 90 37 173 135 182 197 60 87 60 190 144 25 71 69 87 100 1 81
728
200 200 200 200 200 200 200 200 200 200 200 200 200 200 200 200 200 200 200 200 200 200 200 200 200 200 200 200 200 200 200 200 200 200 200 200 200 200 200 200 200 200 200 200 200 200 200 200 200 200 200 200 200 200 200 200 200 200 200 200 200 200 200 200 200 200 200 200 200 200 200 200 200 200 200 200 200 200 200 200 200 200 200 200 200 200 200 200 200 200 200 200 200 200 200 200 200 200 200 200 200 200 200 200 200 200 200 200 200 200 200 200 200 200 200 200 200 200 200 200 200 200 200 200 200 200 200 200 200 200 200 200 200 200 200 200 200 200 200 200 200 200 200 200 200 200 200 200 200 200 200 200 200 200 200 200 200 200 200 200 200 200 200 200 200 200 200 200 200 200 200 200 200 200 200 200 200 200 200 200 200 200 200 200 200 200 200 200 200 200 200 200 200 200 200 200 200 200 200 200 200 200 200 200 200 200 200 200 200 200 200 200 200 200 200 200 200 200 200 200 200 200 200 200 200 200 200 200 200 200 200 200 200 200 200 200 200 200 200 200 200 200 200 200 200 200 200 200 200 200 200 200 200 200 200 200 200 200 200 200 200 200 200 200 200 200 200 200 200 200 200 200 200 200 200 200 200 200 200 200 200 200 200 200 200 200 200 200 200 200 200 200 200 200 200 200 200 200 200 200 200 200 200 200 200 200 200 200 200 200 200 200 200 200 200 200 200 200 200 200 200 200 200 200 200 200 200 200 200 200 200 200 200 200 200 200 200 200 200 200 200 200 200 200 200 200 200 200 200 200 200 200 200 200 200 200 200 200 200 200 200 200 200 200 200 200 200 200 200 200 200 200 200 200 200 200 200 200 200 200 200 200 200 200 200 200 200 200 200 200 200 200 200 200 200 200 200 200 200 200 200 200 200 200 200 200 200 200 200 200 200 200 200 200 200 200 200 200 200 200 200 200 200 200 200 200 200 200 200 200 200 200 200 200 200 200 200 200 200 200 200 200 200 200 200 200 200 200 200 200 200 200 200 200 200 200 200 200 200 200 200 200 200 200 200 200 200 200 200 200 200 200 200 200 200 200 200 200 200 200 200 200 200 200 200 200 200 200 200 200 200 200 200 200 200 200 200 200 200 200 200 200 200 200 200 200 200 200 200 200 200 200 200 200 200 200 200 200 200 200 200 200 200 200 200 200 200 200 200 200 200 200 200 200 200 200 200 200 200 200 200 200 200 200 200 200 200 200 200 200 200 200 200 200 200 200 200 200 200 200 200 200 200 200 200 200 200 200 200 200 200 200 200 200 200 200 200 200 200 200 200 200 200 200 200 200 200 200 200 200 200 200 200 200 200 200 200 200 200 200 200 200 200 200 200 200 200 200 200 200 200 200 200 200 200 200 200 200 200 200 200 200 200 200 200 200 200 200 200 200 200 200 200 200 200 200 200 200 200 200 200 200 200 200 200 200 200 200 200 200 200 200 200 200 200 200 200 200 200 200 200 200 200 200 200 200 200 200 200 200 200 200 200 200 200 200 200 200 200 200 200 200 200 200 200 200 200 200 200 200 200 200 200 200 200 200 200 200 200 200 200 200 200 200 200 200 200 200 200 200 200 200 200 200 200 200 200 200 200 200 200 200 200 200 200 200 200 200
502
0 200 66 67 71 70 81 61 77 54 71 75 73 68 81 55 62 77 73 67 52 120 60 69 52 103 77 69 71 105 56 56 110 104 75 101 98 79 75 57 87 90 61 105 100 64 110 87 109 86 98 51 53 63 88 89 80 117 113 53 65 59 112 61 57 83 74 75 56 78 118 71 52 71 91 116 108 51 118 110 68 65 56 76 74 92 56 105 66 106 57 53 118 74 111 107 94 85 116 74 93 50 97 67 115 87 77 55 96 114 50 106 113 74 105 52 98 83 105 61 85 93 70 71 106 87 81 92 51 86 53 67 68 107 51 80 105 70 103 104 99 100 58 95 94 101 56 78 99 52 65 115 80 94 66 81 106 119 108 95 108 65 59 65 95 79 103 89 103 117 71 63 114 77 93 58 58 56 102 77 112 104 91 62 96 51 58 113 100 71 70 50 101 116 116 90 98 59 78 75 79 100 87 87 98 85 57 77 82 84 115 91 115 73 111 62 71 58 112 97 93 105 81 101 117 114 89 109 59 50 72 93 68 79 103 55 53 74 73 98 84 53 74 97 77 100 64 107 68 105 83 109 110 74 53 62 72 54 74 57 62 106 60 66 62 119 120 78 74 107 97 91 88 120 110 117 76 74 75 105 91 107 70 115 65 76 116 77 88 67 117 90 55 76 97 78 113 74 69 53 84 107 114 80 88 95 52 50 54 107 84 109 81 94 60 53 83 91 84 55 97 110 61 108 77 78 88 53 61 97 96 52 87 97 54 53 115 70 97 113 63 70 90 57 102 56 113 69 81 55 100 94 56 116 116 76 93 79 73 55 66 113 67 97 85 80 69 67 88 54 104 117 75 96 93 72 116 52 93 72 54 92 96 104 51 53 51 73 93 107 59 57 90 106 72 96 78 73 79 82 100 98 64 116 51 86 56 93 95 83 120 68 65 59 51 115 103 59 103 59 83 65 62 120 116 51 92 52 68 96 92 56 92 64 101 90 59 79 109 67 81 94 117 116 81 95 51 109 53 59 64 104 116 51 62 51 105 105 75 63 111 102 96 51 54 77 94 93 78 116 95 109 65 63 76 63 86 96 54 102 60 82 59 96 77 107 81 65 92 60 75 108 82 97 62 59 106 107 67 59 88 200
49
24 137 30 54 61 29 101 34 24 182 100 137 183 147 16 73 88 44 145 15 188 177 61 121 121 25 82 52 157 102 65 83 75 28 197 23 62 186 164 100 8 83 185 90 9 75 54 199 39
547
0 0 0 0 0 0 0 0 0 0 0 0 0 0 0 0 0 0 0 0 0 0 0 0 0 0 0 0 0 0 0 0 0 0 0 0 0 0 0 0 0 0 0 0 0 0 0 0 0 0 0 0 0 0 0 0 0 0 0 0 0 0 0 0 0 0 0 0 0 0 0 0 0 0 0 0 0 0 0 0 0 0 0 0 0 0 0 0 0 0 0 0 0 0 0 0 0 0 0 0 0 0 0 0 0 0 0 0 0 0 0 0 0 0 0 0 0 0 0 0 0 0 0 0 0 0 0 0 0 0 0 0 0 0 0 0 0 0 0 0 0 0 0 0 0 0 0 0 0 0 0 0 0 0 0 0 0 0 0 0 0 0 0 0 0 0 0 0 0 0 0 0 0 0 0 0 0 0 0 0 0 0 0 0 0 0 0 0 0 0 0 0 0 0 0 0 0 0 0 0 0 0 0 0 0 0 0 0 0 0 0 0 0 0 0 0 0 0 0 0 0 0 0 0 0 0 0 0 0 0 0 0 0 0 0 0 0 0 0 0 0 0 0 0 0 0 0 0 0 0 0 0 0 0 0 0 0 0 0 0 0 0 0 0 0 0 0 0 0 0 0 0 0 0 0 0 0 0 0 0 0 0 0 0 0 0 0 0 0 0 0 0 0 0 0 0 0 0 0 0 0 0 0 0 0 0 0 0 0 0 0 0 0 0 0 0 0 0 0 0 0 0 0 0 0 0 0 0 0 0 0 0 0 0 0 0 0 0 0 0 0 0 0 0 0 0 0 0 0 0 0 0 0 0 0 0 0 0 0 0 0 0 0 0 0 0 0 0 0 0 0 0 0 0 0 0 0 0 0 0 0 0 0 0 0 0 0 0 0 0 0 0 0 0 0 0 0 0 0 0 0 0 0 0 0 0 0 0 0 0 0 0 0 0 0 0 0 0 0 0 0 0 0 0 0 0 0 0 0 0 0 0 0 0 0 0 0 0 0 0 0 0 0 0 0 0 0 0 0 0 0 0 0 0 0 0 0 0 0 0 0 0 0 0 0 0 0 0 0 0 0 0 0 0 0 0 0 0 0 0 0 0 0 0 0 0 0 0 0 0 0 0 0 0 0 0 0 0 0 0 0 0 0 0 0 0 0 0 0 0 0 0 0 0 0 0 0 0 0 0 0 0 0 0 0 0 0 0 0 0 0 0 0 0 0 0 0 0 0 0 0 0 0 0 0 0 0
767
0 200 71 62 58 114 79 50 98 75 75 67 113 71 97 105 84 89 84 54 83 117 53 64 109 66 63 115 82 53 70 82 91 109 87 62 91 66 84 98 68 55 73 114 77 106 64 112 105 57 68 119 104 78 109 95 105 94 83 119 109 93 90 101 87 102 53 99 108 77 62 67 106 60 99 88 54 117 107 114 81 86 85 74 75 102 113 69 114 104 113 103 118 78 119 81 96 118 102 101 120 77 81 118 81 63 61 120 113 98 107 87 114 93 50 73 90 99 69 114 93 103 51 74 78 90 90 77 97 107 55 109 59 51 62 80 87 90 107 65 69 84 110 58 87 89 103 55 89 106 108 89 73 111 58 66 114 64 98 63 117 53 58 107 56 102 78 114 119 107 114 104 81 91 88 115 77 101 52 83 50 58 117 107 71 71 119 70 57 71 55 92 106 84 64 103 89 105 110 86 90 59 115 89 74 72 72 112 100 54 104 99 62 64 84 73 99 83 70 87 74 68 85 118 76 88 86 54 82 74 50 105 103 67 91 110 91 116 65 75 94 66 50 67 59 81 62 51 58 91 120 56 99 110 112 76 110 105 119 77 73 89 113 117 111 90 106 99 110 71 60 72 55 51 94 104 76 53 52 106 68 71 96 112 118 69 73 56 52 75 113 104 105 91 118 116 93 106 72 91 97 112 86 118 105 94 52 117 102 77 91 102 53 97 66 78 57 55 69 110 94 52 89 109 80 115 65 65 92 106 102 106 119 63 67 113 63 57 98 93 78 67 112 59 88 78 83 111 69 70 93 104 80 104 80 59 80 104 67 103 74 76 61 113 66 88 65 90 117 112 84 81 86 57 113 50 119 64 52 56 87 58 110 66 117 71 64 97 54 78 118 78 89 63 105 74 77 103 105 102 82 115 75 66 117 55 81 116 63 59 84 94 88 64 81 105 69 53 60 105 55 62 93 99 109 51 67 94 120 75 102 51 90 58 50 60 82 64 55 55 108 60 119 93 94 86 113 76 74 82 98 52 61 95 111 92 112 78 65 104 50 70 70 79 81 100 95 51 99 86 87 79 120 63 63 81 56 95 73 86 108 65 78 107 64 114 101 115 91 98 60 59 119 54 101 99 102 82 63 56 102 100 81 64 71 95 113 91 53 50 61 114 112 109 88 89 96 52 75 62 110 106 80 100 114 72 102 80 98 111 113 119 93 52 108 88 70 113 75 75 57 111 119 96 51 71 50 100 77 88 55 76 103 71 118 118 100 71 58 60 117 110 76 55 79 99 111 116 58 113 97 106 53 61 100 105 54 67 74 61 100 102 68 81 110 95 114 71 100 96 74 83 89 116 93 51 83 51 84 72 103 86 90 111 109 60 66 71 75 58 116 75 80 79 62 110 106 99 109 73 65 111 86 115 85 52 112 64 63 120 108 70 113 84 110 95 79 86 104 93 102 112 87 120 92 76 110 66 110 96 120 57 114 52 55 120 115 64 114 61 61 94 66 63 51 68 55 64 82 51 69 108 95 88 62 110 71 88 115 84 118 106 111 74 116 57 120 96 104 108 102 109 100 76 111 97 111 51 81 68 67 100 57 79 56 56 104 118 108 67 60 106 77 66 113 101 114 86 96 89 108 90 61 107 109 118 119 58 54 105 76 97 88 64 80 103 63 103 83 88 62 83 52 72 101 114 106 106 93 70 95 84 63 107 54 92 71 54 83 52 59 62 50 57 64 108 200
986
10 14 8 12 8 17 12 2 11 18 12 2 5 19 1 15 17 1 5 15 15 17 5 8 17 1 8 9 11 0 1 11 11 19 9 5 17 16 7 20 5 6 7 15 5 10 12 19 11 8 12 16 13 20 11 7 11 16 9 12 9 7 12 12 17 19 20 18 17 17 19 15 4 13 14 19 3 13 1 10 15 0 13 14 15 0 10 9 12 15 8 20 5 14 17 2 12 12 3 19 9 20 6 8 0 2 6 11 19 16 8 13 19 14 19 8 8 6 18 16 11 15 16 5 8 12 16 6 8 7 17 13 2 15 0 18 14 8 2 13 12 3 15 1 19 3 7 19 0 3 7 5 19 14 10 16 6 9 2 16 17 10 3 16 17 8 10 7 8 6 7 12 17 10 7 5 20 12 11 6 5 10 0 17 0 0 8 1 14 2 3 11 1 17 15 9 12 4 2 11 8 2 19 18 13 8 5 10 11 1 17 13 5 18 0 8 16 17 15 8 4 12 19 6 8 19 4 6 8 20 11 14 18 6 10 15 12 16 5 3 6 6 3 8 13 19 0 10 1 10 6 17 1 5 1 11 0 0 10 16 3 4 10 4 1 2 3 11 1 9 7 15 2 7 11 10 0 17 17 0 18 9 19 18 14 5 18 10 14 14 17 6 7 16 9 16 10 5 13 4 20 19 2 20 14 3 8 6 6 5 5 20 8 1 7 3 15 17 14 7 9 10 3 10 19 14 20 20 19 7 1 3 3 6 6 1 14 4 9 0 7 0 5 7 8 5 14 19 7 14 13 14 5 12 1 19 11 6 16 17 1 3 20 17 6 5 15 14 6 16 11 9 12 2 15 8 8 13 0 12 9 7 2 8 1 13 4 6 0 14 7 3 14 13 2 0 10 19 10 16 8 17 1 5 13 10 0 19 16 16 3 0 5 18 2 7 8 0 17 7 17 10 4 3 20 7 1 5 14 12 17 11 7 8 6 18 2 5 14 14 8 2 12 18 17 0 18 9 4 16 4 20 1 14 1 17 8 0 8 8 17 11 13 15 1 7 15 10 15 16 19 18 10 19 7 17 13 13 19 14 5 15 8 7 2 14 5 11 11 19 19 20 7 12 1 15 12 5 4 4 3 4 4 6 0 6 16 16 16 3 1 16 14 2 19 12 3 9 17 14 0 18 19 12 19 2 6 9 8 14 7 7 16 20 11 17 14 8 3 20 3 13 0 0 16 11 7 5 18 1 10 4 20 8 19 15 11 20 4 17 9 13 18 17 13 9 14 17 8 8 9 7 16 3 3 2 8 1 12 6 8 14 12 12 14 6 4 10 17 17 8 3 2 11 10 6 4 5 14 7 4 2 7 6 5 20 17 12 1 6 14 8 6 16 17 15 3 5 20 18 15 6 12 11 17 1 13 1 7 0 10 12 9 18 15 6 4 5 19 15 10 17 7 4 3 7 13 18 8 11 1 15 16 17 19 15 7 7 11 16 6 8 4 11 14 20 5 4 9 5 15 11 20 14 4 5 14 13 3 8 4 5 11 4 9 10 13 3 20 0 5 9 20 1 17 6 15 1 18 2 13 6 5 18 20 15 20 4 3 10 13 8 8 14 1 11 6 19 17 10 0 16 7 13 17 16 14 5 18 13 2 12 1 4 2 12 8 3 6 9 3 9 16 13 9 17 7 7 16 5 2 11 4 6 7 10 15 1 13 11 8 13 4 9 17 11 20 6 17 0 12 1 20 20 1 13 8 19 1 12 2 2 2 0 20 12 8 1 8 16 18 8 17 0 7 20 0 10 18 12 19 14 18 5 17 3 5 17 8 12 11 11 8 7 7 9 18 17 18 15 4 18 18 9 3 4 20 14 7 7 17 16 5 12 2 16 15 0 9 1 17 6 1 9 7 11 17 6 16 10 19 13 16 20 16 0 6 12 15 8 16 17 9 1 19 17 4 8 20 1 16 20 0 10 12 4 7 3 14 5 12 10 15 15 13 19 7 9 9 20 12 10 13 6 11 14 15 6 10 14 16 5 0 19 17 10 11 10 8 15 11 20 19 12 14 3 1 14 18 13 3 2 4 3 20 19 9 17 2 16 17 8 3 17 2 19 4 7 0 9 0 14 4 5 4 17 11 3 10 18 1 15 0 4 8 19 3 6 20 8 20 10 0 14 10 10 13 16 5 10 4 7 10 13 16 13 6 1 20 2 5 5 3 1 17 13
346
49 68 118 118 49 46 118 49 68 105 118 118 49 46 105 46 46 105 118 105 68 118 105 68 105 68 68 68 49 46 46 105 118 105 105 105 46 118 68 46 118 46 68 105 68 68 49 105 105 118 68 118 49 68 49 105 49 46 49 105 105 68 118 68 46 46 68 105 105 49 68 105 46 68 105 118 118 46 118 68 68 68 105 46 49 118 105 118 46 49 105 46 118 68 105 118 46 118 68 105 105 49 105 118 105 68 118 68 68 118 105 68 105 68 46 105 118 118 118 49 49 118 105 118 105 105 105 46 118 118 118 49 49 68 118 118 105 118 49 68 46 49 46 105 46 118 49 68 105 105 68 46 105 49 46 118 105 118 118 105 49 118 68 118 46 46 118 68 68 68 46 46 118 68 105 105 105 49 49 46 68 46 68 105 46 49 49 49 46 49 49 49 105 49 49 118 118 118 46 105 49 105 105 105 105 68 118 118 118 118 49 105 49 118 49 105 46 49 68 118 46 68 118 68 118 68 68 46 68 105 105 118 68 105 68 46 46 46 46 118 49 49 46 68 68 105 118 105 46 46 68 118 68 118 105 68 49 68 118 68 46 118 46 68 46 49 49 49 46 49 105 118 68 105 49 118 105 46 49 49 118 118 68 105 46 68 105 118 49 118 105 68 49 46 46 68 118 105 105 49 105 105 68 68 105 68 105 49 46 68 118 118 46 118 68 49 46 68 118 105 118 105 46 49 68 118 105 105 46 46 105 49 105 68 68 46 118 49 105 105 49 68 105 49 118 68
957
66 51 105 170 138 17 112 134 65 195 157 63 18 60 2 90 15 140 199 9 124 159 162 90 168 191 188 160 45 154 167 69 169 60 168 198 87 118 33 134 149 164 106 144 129 106 57 172 85 21 8 185 82 191 141 72 153 131 83 74 3 113 13 189 52 79 157 106 107 32 162 11 132 86 177 66 86 183 122 43 6 72 104 182 180 176 125 36 158 194 142 14 165 73 78 155 39 132 87 174 12 18 23 188 160 83 20 34 119 18 48 18 115 146 53 47 46 61 88 153 142 182 153 139 90 71 189 78 48 60 58 152 86 2 39 77 1 138 104 153 166 53 68 77 187 123 53 105 83 114 89 157 14 46 7 71 71 112 172 133 61 164 43 137 129 79 124 80 11 174 180 102 154 163 136 197 82 173 62 8 116 9 186 195 120 36 19 107 179 68 85 16 21 88 123 78 66 152 103 147 129 24 15 108 75 168 19 165 188 182 39 57 196 187 69 192 125 34 78 130 113 45 182 1 188 95 44 173 196 121 45 56 56 54 105 70 74 177 17 79 195 34 198 150 89 181 161 145 93 60 45 153 47 156 93 118 188 147 48 87 56 112 44 150 88 66 168 20 49 49 22 190 155 87 78 128 38 103 187 88 196 160 32 162 21 140 30 113 51 174 144 183 16 63 166 136 91 101 111 152 24 195 121 189 76 135 161 9 97 56 127 0 99 123 0 87 150 115 87 88 38 136 200 27 133 156 154 40 116 60 45 31 17 43 172 140 193 41 73 35 125 22 88 81 69 11 47 131 84 57 79 101 114 69 56 17 200 177 168 73 55 109 36 159 30 6 64 55 117 101 117 103 86 35 63 63 44 117 70 0 164 92 21 181 112 7 49 43 135 83 181 10 150 177 50 188 120 186 144 180 185 112 146 144 98 126 113 181 198 86 80 147 121 135 23 178 64 152 107 177 151 163 21 105 21 152 84 119 177 24 6 185 2 35 148 109 175 147 154 115 162 147 127 93 95 97 0 7 145 49 181 97 75 157 1 185 23 193 94 70 87 119 75 94 82 114 81 96 198 38 119 67 86 122 169 111 14 155 52 174 162 83 108 140 19 44 70 137 188 183 11 166 70 135 173 7 158 7 120 182 81 195 45 149 9 145 78 56 111 181 193 44 137 93 156 116 28 113 171 5 71 82 7 158 197 29 101 181 73 32 194 197 198 65 176 8 20 179 145 39 83 16 81 196 142 11 60 93 152 169 75 124 125 20 39 48 17 59 98 148 160 155 135 59 197 111 104 189 72 56 192 39 100 139 103 7 125 136 189 128 53 87 156 14 64 19 32 5 109 111 155 107 188 67 189 143 124 102 123 83 77 49 117 189 121 67 163 106 79 44 48 4 162 165 180 167 111 104 179 190 23 97 122 134 139 114 164 45 195 137 95 177 97 185 111 141 168 122 77 55 150 115 74 99 32 11 146 197 133 108 167 42 11 1 41 0 181 88 161 40 191 59 169 114 131 195 118 95 0 132 127 126 48 186 131 139 19 194 169 25 147 158 82 89 66 7 186 33 46 37 136 17 154 14 152 74 20 116 60 112 7 132 73 159 9 156 154 94 95 175 16 196 160 81 152 53 144 139 31 4 174 178 180 73 72 66 164 86 33 31 152 62 109 125 114 119 29 83 83 152 49 62 10 35 129 90 197 17 79 194 161 144 2 197 168 160 178 198 41 47 175 73 48 135 75 150 58 62 52 95 30 47 135 49 111 109 58 110 182 94 16 69 64 146 7 55 90 96 138 40 118 151 1 129 94 183 21 142 158 198 1 126 105 21 68 167 75 145 15 131 44 157 4 112 117 80 160 186 164 196 72 33 126 35 118 95 17 176 168 111 12 54 19 142 137 135 47 154 0 144 17 77 191 41 3 151 171 26 146 192 123 53 112 117 191 113 29 58 8 3 199 54 139 116 102 110 27 111 80 197 92 182 197 15 192 137 85 55 53 178 186 96 197 90 128 146 191 113 79 98 120 193 61 132 69 69 163 133 145 60 194 133 39 0 100 38 175 89 44 37 54 186 58 95 17 25 156 3 161 188 18 69 44 45 144 68 3 22 55 161 139 51 160 47 90 69 163 62 97 124 88 64 56 33 170 127 164 174 8 13 118 47 27 76 56 182 144
825
199 129 14 99 146 101 96 137 100 65 158 90 196 183 66 112 155 77 93 91 169 14 9 140 121 186 103 99 166 18 98 199 174 179 76 103 8 80 20 186 199 125 90 32 191 154 34 190 67 140 25 157 162 72 191 3 195 192 63 61 64 15 158 169 127 144 171 130 85 88 51 190 137 196 59 1 158 2 17 91 21 1 8 62 104 30 19 2 71 54 53 12 6 140 80 103 23 58 123 90 139 161 157 191 110 182 186 34 119 163 81 2 160 144 104 15 175 35 115 149 24 136 134 108 84 150 96 52 45 104 17 7 3 181 195 92 126 4 32 90 104 192 133 121 164 149 155 1 124 130 147 18 79 95 15 123 127 0 3 41 184 134 42 137 36 41 129 10 153 106 194 60 144 78 169 118 156 76 160 136 62 14 18 173 171 92 119 189 125 77 59 155 140 32 110 200 185 44 77 102 9 120 48 112 72 118 172 44 33 16 114 46 16 4 74 56 191 53 124 5 72 6 8 95 30 81 195 160 69 93 90 85 138 81 71 178 32 175 79 168 24 185 54 196 11 76 69 115 46 87 66 66 139 143 114 138 40 20 152 63 2 54 186 57 3 65 184 105 158 179 37 195 107 95 114 96 47 96 89 147 128 44 125 136 10 180 85 60 98 140 81 155 118 71 8 139 76 123 149 62 88 15 171 130 85 185 151 74 42 91 58 73 192 111 116 187 149 76 41 163 30 72 137 64 191 70 5 145 103 122 170 152 181 34 180 55 12 62 87 164 112 81 138 155 89 105 173 67 163 154 28 177 73 14 20 170 34 104 76 89 21 133 74 65 77 0 41 169 61 177 150 133 5 52 78 9 47 105 0 101 4 106 166 181 63 85 131 143 18 193 35 79 4 41 108 147 34 181 152 99 199 60 180 8 187 51 82 39 45 12 174 157 102 189 71 196 10 20 145 165 94 156 151 111 96 112 152 35 130 120 62 8 61 87 150 90 119 139 130 1 193 24 112 72 25 121 156 63 123 158 179 144 186 38 98 189 177 7 6 17 174 75 190 165 196 24 50 42 159 88 54 41 175 97 167 141 141 54 178 184 52 161 57 114 14 64 64 185 17 95 99 106 95 168 197 168 121 94 18 198 112 30 166 56 70 90 66 67 16 97 41 194 159 51 76 160 128 197 66 10 15 109 77 165 96 114 123 40 147 146 12 194 161 81 70 100 144 177 111 108 2 30 116 178 163 22 110 68 173 146 65 29 118 45 139 163 67 72 172 100 188 148 58 128 4 84 32 185 34 56 25 44 35 0 152 200 146 43 166 34 192 9 163 74 148 159 125 48 166 161 61 114 8 200 7 191 58 127 56 184 139 85 143 131 177 64 79 181 107 82 170 107 15 150 52 79 130 102 176 32 61 79 16 97 23 26 132 38 25 88 25 171 181 60 152 87 195 173 49 197 168 17 74 123 73 180 152 140 38 131 178 52 16 94 80 85 27 194 85 180 142 39 34 0 119 6 165 119 51 157 132 27 88 64 15 94 200 49 49 93 118 177 63 102 74 27 187 189 130 178 65 110 93 197 69 68 120 2 69 86 119 107 42 22 24 54 100 191 54 185 124 138 141 92 108 24 61 181 46 101 115 91 188 97 13 90 148 171 194 106 20 85 185 90 62 192 14 56 62 70 83 132 50 134 159 27 188 179 68 77 69 23 23 107 36 136 195 171 140 82 41 143 173 108 24 126 177 59 79 135 124 43 70 28 12 175 182 113 42 143 118 120 174 60 26 133 57 120 164 69 87 73 190 6 57 58 103 11 145 21 132 94 19 143 16 69 24 86 145 140 79 19 74 101 199 187 86 141 71 136 112 59 134 88 118
991
82 73 72 177 185 4 176 137 172 35 172 33 180 68 42 52 59 19 1 110 10 8 5 22 157 165 66 171 94 101 40 169 151 195 70 0 28 153 48 152 182 98 95 144 99 121 28 157 174 82 36 174 28 146 81 22 133 48 199 108 63 151 65 159 33 25 188 153 176 160 154 158 33 4 61 102 112 77 187 61 1 93 141 113 95 47 84 172 195 112 5 122 26 72 111 92 20 165 179 171 45 137 158 192 100 186 34 94 117 91 154 175 12 59 113 7 140 99 21 67 175 154 183 51 71 163 109 0 63 106 169 160 10 13 48 29 4 181 190 160 153 104 191 63 46 168 119 87 161 112 197 158 36 38 18 33 45 31 163 32 158 187 47 128 197 33 176 43 49 44 7 130 80 72 35 11 65 107 0 12 98 183 68 107 36 133 139 57 175 54 28 164 100 82 140 136 165 60 62 197 49 130 158 129 132 140 5 33 79 188 194 76 132 161 131 134 45 190 132 134 85 120 74 121 29 43 30 96 199 143 67 65 160 168 100 15 174 89 84 125 51 35 33 200 85 164 25 130 160 29 77 197 5 162 199 12 47 50 23 153 10 182 104 172 195 132 41 185 101 91 26 58 22 165 92 177 48 178 79 52 85 30 102 65 33 113 85 181 110 32 149 81 90 75 50 96 162 1 152 68 133 150 197 9 88 133 42 168 77 127 185 145 91 64 90 95 152 8 101 11 63 165 57 118 118 90 169 94 154 182 2 91 134 199 13 45 103 3 162 192 198 32 58 123 197 150 143 146 118 8 188 107 167 22 119 86 2 198 84 64 24 159 120 152 181 170 116 32 53 74 120 9 182 70 115 185 12 70 48 118 9 11 41 136 33 108 190 46 143 158 9 91 166 139 57 136 146 37 92 100 173 129 30 112 197 17 46 175 113 74 140 188 71 51 36 9 197 93 59 104 54 12 120 153 134 122 21 181 27 20 10 44 182 198 92 70 10 181 100 141 184 124 76 12 100 38 56 153 108 85 192 41 166 193 155 163 80 156 166 132 91 140 135 34 143 107 10 21 187 71 138 18 154 75 98 55 53 12 32 8 60 45 110 140 95 28 117 187 192 64 75 79 0 34 134 7 144 87 71 95 23 104 34 45 2 6 10 37 140 135 138 67 111 13 186 162 49 11 48 121 172 12 199 167 137 161 14 176 184 61 137 64 40 166 168 74 64 54 133 30 92 171 124 141 93 59 36 170 101 147 94 135 26 39 181 42 19 45 69 4 32 77 178 193 18 126 37 132 121 51 149 135 57 108 171 120 42 135 64 192 126 184 104 160 94 200 5 27 165 92 23 116 4 173 83 136 117 153 198 139 170 194 110 70 60 151 119 176 16 89 42 124 44 143 167 50 64 136 35 83 74 157 58 96 2 43 126 79 28 193 21 148 47 148 82 72 157 45 93 56 76 59 72 23 108 181 92 75 62 23 131 169 193 190 62 139 55 130 141 126 16 38 123 140 113 15 165 20 140 18 72 57 73 127 55 83 80 166 98 53 106 170 86 190 93 127 192 125 124 144 29 109 70 81 122 154 141 12 66 33 187 153 84 90 46 120 66 73 163 169 78 160 10 119 109 157 150 180 190 46 66 120 33 140 93 133 129 125 1 106 126 124 15 8 123 102 192 183 49 105 133 108 42 199 66 50 132 187 144 102 153 173 185 64 173 46 148 10 117 150 128 45 76 135 116 48 21 127 199 138 184 54 53 129 139 138 96 125 28 189 100 161 60 110 122 48 181 189 23 180 35 3 113 179 152 87 84 23 177 185 27 144 108 93 27 50 64 23 80 119 100 103 133 25 91 88 146 187 164 16 36 139 134 167 194 26 169 57 68 118 153 128 162 103 21 127 164 10 160 89 173 86 125 30 131 96 31 133 81 189 45 38 129 10 97 155 128 176 145 53 71 143 168 93 182 32 38 125 51 88 128 31 177 78 8 182 108 4 123 109 180 42 178 110 185 75 72 118 174 157 134 78 86 131 27 124 186 6 13 122 31 2 150 166 64 173 9 47 3 177 91 66 115 114 140 66 188 5 164 71 120 99 7 174 178 190 33 92 83 183 152 155 159 0 102 33 65 25 157 90 3 189 175 53 154 1 59 143 127 41 51 77 10 42 128 129 160 190 24 153 90 178 56 139 18 61 191 56 193 6 86 3 13 173 96 171 95 141 106 88 92 80 24 162 61 1 132 100 83 138 86
964
8 13 8 3 9 2 6 20 196 16 17 183 4 2 1 0 19 155 10 8 4 0 3 5 5 18 7 5 17 6 19 20 20 16 17 9 19 3 20 190 20 7 16 8 18 19 19 12 9 8 187 6 18 4 6 2 20 1 18 173 10 167 19 16 5 6 20 19 4 2 19 9 197 15 3 16 1 15 11 16 12 8 14 5 151 4 3 0 158 162 13 10 0 5 2 18 192 0 7 11 8 1 12 13 2 0 7 2 19 10 14 4 14 160 12 16 16 3 18 10 18 193 13 9 12 6 13 16 15 18 10 20 188 15 17 196 8 169 19 3 2 13 15 19 187 157 193 4 0 157 196 1 1 10 2 13 176 2 9 10 6 15 3 13 3 10 13 187 18 10 170 19 11 11 173 2 9 1 14 3 14 178 11 187 195 193 2 9 4 175 11 182 10 13 10 15 155 6 12 1 6 189 14 0 197 189 8 6 11 7 183 161 1 5 12 11 179 11 6 2 2 191 4 153 18 16 16 2 20 152 8 155 161 14 6 14 20 11 4 10 9 155 11 3 178 196 17 2 8 18 199 9 0 12 191 15 2 157 2 1 195 7 11 2 2 9 16 8 5 9 187 9 10 165 7 15 5 10 3 1 20 1 11 13 10 15 4 16 0 20 190 5 175 4 173 192 17 9 19 3 3 182 19 7 8 7 20 162 18 16 191 5 10 164 19 0 168 9 8 2 13 1 158 18 8 3 151 15 200 10 17 4 4 2 150 196 20 190 1 8 189 15 154 7 154 19 2 15 12 163 19 15 8 7 3 18 19 7 14 11 192 0 2 4 5 11 12 3 198 17 4 17 10 20 9 5 0 5 12 15 15 159 9 5 10 5 5 12 15 9 5 1 13 15 15 2 8 7 3 11 192 20 0 7 10 16 3 18 18 9 1 20 10 20 6 166 19 19 15 10 19 15 9 3 170 6 3 10 14 19 178 12 180 19 7 9 16 18 13 0 13 6 1 4 0 11 1 164 5 3 6 8 18 178 14 20 20 8 7 186 15 170 5 8 12 7 8 2 19 0 6 3 20 4 19 190 1 20 3 173 19 15 17 14 2 11 4 6 20 2 6 2 11 8 174 1 6 15 167 18 8 2 14 9 15 5 185 19 180 8 2 4 176 20 154 197 152 2 5 4 194 182 11 173 186 14 17 17 14 2 20 7 4 10 180 182 7 2 16 0 14 9 6 5 196 2 182 164 16 183 19 197 14 12 184 13 1 10 5 20 8 11 13 7 4 186 11 18 198 9 18 15 6 15 8 8 6 18 13 180 19 7 4 1 156 5 20 20 16 4 14 4 15 13 5 153 6 7 17 10 12 4 20 20 8 4 13 9 170 171 5 10 195 7 182 3 0 0 4 5 13 10 197 13 15 3 13 14 16 12 4 5 184 15 15 1 20 19 5 4 6 189 3 16 10 4 2 19 185 163 17 192 162 167 18 5 12 17 17 15 15 7 182 3 17 11 17 14 14 20 3 165 186 12 14 3 4 6 166 3 153 18 18 11 162 2 10 9 19 8 189 186 199 9 168 1 11 1 19 186 191 9 167 11 4 9 20 150 171 3 5 7 3 16 9 1 20 191 5 6 3 11 13 10 18 169 20 162 1 3 20 18 6 16 6 4 16 8 11 18 12 3 5 191 19 185 13 185 8 16 181 10 12 6 18 18 6 13 3 9 164 9 9 5 184 18 184 20 4 2 5 13 14 4 171 185 15 16 7 6 17 14 19 5 175 2 11 187 155 17 7 15 13 14 0 20 16 4 20 8 16 15 16 20 19 18 15 20 3 19 189 5 4 13 165 8 15 182 2 11 18 193 4 7 2 14 2 3 169 19 6 2 6 5 10 162 8 10 7 11 9 7 20 7 172 13 18 18 168 195 14 8 184 4 188 19 15 156 194 4 0 16 155 161 16 11 1 17 4 17 7 1 9 6 17 20 18 194 1 200 164 10 12 10 16 6 20 1 7 6 19 174 15 18 161 7 173 194 179 5 11 10 187 15 17 16 15 20 0 2 167 5 9 187 20 154 19 8 193 17 17 188 5 8 20 10 169 196 2 3 168 9 178 160 8 153 16 4 12 187 2 19 165 1 14 11 10 19 193 18 6 156 9 15 17 7 8 14 19 4 19 157 156 6
223
0 0 0 0 0 0 0 0 0 0 0 0 0 0 0 0 0 0 0 0 0 0 0 0 0 0 0 0 0 0 0 0 0 0 0 0 0 0 0 0 0 0 0 0 0 0 0 0 0 0 0 0 0 0 0 0 0 0 0 0 0 0 0 0 0 0 0 0 0 0 0 0 0 0 0 0 0 0 0 0 0 0 0 0 0 0 0 0 0 0 0 0 0 0 0 0 0 0 0 0 0 0 0 0 0 0 0 0 0 0 0 0 0 0 0 0 0 0 0 0 0 0 0 0 0 0 0 0 0 0 0 0 0 0 0 0 0 0 0 0 0 0 0 0 0 0 0 0 0 0 0 0 0 0 0 0 0 0 0 0 0 0 0 0 0 0 0 0 0 0 0 0 0 0 0 0 0 0 0 0 0 0 0 0 0 0 0 0 0 0 0 0 0 0 0 0 0 0 0 0 0 0 0 0 0 0 0 0 0 0 0 0 0 0 0 0 0 0 0 0 0 0 0
421
150 119 2 2 150 64 150 116 119 64 119 116 150 64 2 2 116 64 116 119 2 116 150 2 116 2 2 64 64 116 150 2 119 2 119 116 2 64 64 150 116 64 119 119 119 64 119 150 2 119 119 2 2 150 64 2 119 119 116 116 2 119 2 64 119 116 64 119 119 116 2 64 2 2 150 119 64 119 2 64 116 116 119 2 150 150 64 150 116 150 116 116 64 150 2 116 119 119 64 150 2 64 150 150 2 116 2 2 64 116 150 64 2 119 2 2 116 116 119 119 116 2 119 150 119 2 116 150 2 116 2 119 2 64 116 64 2 116 64 116 150 150 150 150 150 119 64 119 119 119 116 116 2 64 119 150 2 116 116 150 119 64 2 116 119 116 116 150 64 116 116 116 119 64 119 116 119 119 116 150 64 150 119 64 150 116 119 119 119 119 119 64 2 2 2 119 150 116 64 116 64 150 150 64 2 150 150 2 2 116 2 116 150 64 119 150 116 64 119 119 150 64 150 150 150 64 119 119 116 150 150 64 116 2 2 116 2 64 2 116 116 150 119 2 119 119 116 116 2 116 116 150 64 150 64 116 64 119 119 119 116 2 116 119 119 2 150 116 2 119 2 116 116 116 119 150 2 64 119 119 64 150 119 2 116 2 64 116 2 116 2 2 116 150 2 150 64 119 64 150 116 150 119 150 150 64 150 119 119 2 2 119 2 2 150 2 2 119 119 119 116 150 116 150 2 119 64 64 150 150 150 2 116 64 64 150 116 64 2 150 119 2 150 119 119 64 2 119 2 2 119 2 150 119 119 64 116 116 119 119 119 150 2 64 64 119 2 64 119 116 64 2 119 116 64 150 116 116 2 150 64 150 2 116 119 119 116 119 64 150 150 119 150 116 116 116 64 2 119 116 2 150 119 150 119 116 119 64 116 150 116 116 64 119 2 64 119 64 2 119 150
979
200 200 200 200 200 200 200 200 200 200 200 200 200 200 200 200 200 200 200 200 200 200 200 200 200 200 200 200 200 200 200 200 200 200 200 200 200 200 200 200 200 200 200 200 200 200 200 200 200 200 200 200 200 200 200 200 200 200 200 200 200 200 200 200 200 200 200 200 200 200 200 200 200 200 200 200 200 200 200 200 200 200 200 200 200 200 200 200 200 200 200 200 200 200 200 200 200 200 200 200 200 200 200 200 200 200 200 200 200 200 200 200 200 200 200 200 200 200 200 200 200 200 200 200 200 200 200 200 200 200 200 200 200 200 200 200 200 200 200 200 200 200 200 200 200 200 200 200 200 200 200 200 200 200 200 200 200 200 200 200 200 200 200 200 200 200 200 200 200 200 200 200 200 200 200 200 200 200 200 200 200 200 200 200 200 200 200 200 200 200 200 200 200 200 200 200 200 200 200 200 200 200 200 200 200 200 200 200 200 200 200 200 200 200 200 200 200 200 200 200 200 200 200 200 200 200 200 200 200 200 200 200 200 200 200 200 200 200 200 200 200 200 200 200 200 200 200 200 200 200 200 200 200 200 200 200 200 200 200 200 200 200 200 200 200 200 200 200 200 200 200 200 200 200 200 200 200 200 200 200 200 200 200 200 200 200 200 200 200 200 200 200 200 200 200 200 200 200 200 200 200 200 200 200 200 200 200 200 200 200 200 200 200 200 200 200 200 200 200 200 200 200 200 200 200 200 200 200 200 200 200 200 200 200 200 200 200 200 200 200 200 200 200 200 200 200 200 200 200 200 200 200 200 200 200 200 200 200 200 200 200 200 200 200 200 200 200 200 200 200 200 200 200 200 200 200 200 200 200 200 200 200 200 200 200 200 200 200 200 200 200 200 200 200 200 200 200 200 200 200 200 200 200 200 200 200 200 200 200 200 200 200 200 200 200 200 200 200 200 200 200 200 200 200 200 200 200 200 200 200 200 200 200 200 200 200 200 200 200 200 200 200 200 200 200 200 200 200 200 200 200 200 200 200 200 200 200 200 200 200 200 200 200 200 200 200 200 200 200 200 200 200 200 200 200 200 200 200 200 200 200 200 200 200 200 200 200 200 200 200 200 200 200 200 200 200 200 200 200 200 200 200 200 200 200 200 200 200 200 200 200 200 200 200 200 200 200 200 200 200 200 200 200 200 200 200 200 200 200 200 200 200 200 200 200 200 200 200 200 200 200 200 200 200 200 200 200 200 200 200 200 200 200 200 200 200 200 200 200 200 200 200 200 200 200 200 200 200 200 200 200 200 200 200 200 200 200 200 200 200 200 200 200 200 200 200 200 200 200 200 200 200 200 200 200 200 200 200 200 200 200 200 200 200 200 200 200 200 200 200 200 200 200 200 200 200 200 200 200 200 200 200 200 200 200 200 200 200 200 200 200 200 200 200 200 200 200 200 200 200 200 200 200 200 200 200 200 200 200 200 200 200 200 200 200 200 200 200 200 200 200 200 200 200 200 200 200 200 200 200 200 200 200 200 200 200 200 200 200 200 200 200 200 200 200 200 200 200 200 200 200 200 200 200 200 200 200 200 200 200 200 200 200 200 200 200 200 200 200 200 200 200 200 200 200 200 200 200 200 200 200 200 200 200 200 200 200 200 200 200 200 200 200 200 200 200 200 200 200 200 200 200 200 200 200 200 200 200 200 200 200 200 200 200 200 200 200 200 200 200 200 200 200 200 200 200 200 200 200 200 200 200 200 200 200 200 200 200 200 200 200 200 200 200 200 200 200 200 200 200 200 200 200 200 200 200 200 200 200 200 200 200 200 200 200 200 200 200 200 200 200 200 200 200 200 200 200 200 200 200 200 200 200 200 200 200 200 200 200 200 200 200 200 200 200 200 200 200 200 200 200 200 200 200 200 200 200 200 200 200 200 200 200 200 200 200 200 200 200 200 200 200 200 200 200 200 200 200 200 200 200 200 200 200 200 200 200 200 200 200 200 200 200 200 200 200 200 200 200 200 200 200 200 200 200 200 200 200 200 200 200 200 200 200 200 200 200 200 200 200 200 200 200 200 200 200 200 200 200 200 200 200 200 200 200 200 200 200 200 200 200 200 200 200 200 200 200 200 200 200 200 200 200 200 200 200 200 200 200 200 200 200 200 200 200 200 200 200 200 200 200 200 200 200 200 200 200 200 200 200 200 200 200 200 200 200 200 200 200
580
0 0 0 0 0 0 0 0 0 0 0 0 0 0 0 0 0 0 0 0 0 0 0 0 0 0 0 0 0 0 0 0 0 0 0 0 0 0 0 0 0 0 0 0 0 0 0 0 0 0 0 0 0 0 0 0 0 0 0 0 0 0 0 0 0 0 0 0 0 0 0 0 0 0 0 0 0 0 0 0 0 0 0 0 0 0 0 0 0 0 0 0 0 0 0 0 0 0 0 0 0 0 0 0 0 0 0 0 0 0 0 0 0 0 0 0 0 0 0 0 0 0 0 0 0 0 0 0 0 0 0 0 0 0 0 0 0 0 0 0 0 0 0 0 0 0 0 0 0 0 0 0 0 0 0 0 0 0 0 0 0 0 0 0 0 0 0 0 0 0 0 0 0 0 0 0 0 0 0 0 0 0 0 0 0 0 0 0 0 0 0 0 0 0 0 0 0 0 0 0 0 0 0 0 0 0 0 0 0 0 0 0 0 0 0 0 0 0 0 0 0 0 0 0 0 0 0 0 0 0 0 0 0 0 0 0 0 0 0 0 0 0 0 0 0 0 0 0 0 0 0 0 0 0 0 0 0 0 0 0 0 0 0 0 0 0 0 0 0 0 0 0 0 0 0 0 0 0 0 0 0 0 0 0 0 0 0 0 0 0 0 0 0 0 0 0 0 0 0 0 0 0 0 0 0 0 0 0 0 0 0 0 0 0 0 0 0 0 0 0 0 0 0 0 0 0 0 0 0 0 0 0 0 0 0 0 0 0 0 0 0 0 0 0 0 0 0 0 0 0 0 0 0 0 0 0 0 0 0 0 0 0 0 0 0 0 0 0 0 0 0 0 0 0 0 0 0 0 0 0 0 0 0 0 0 0 0 0 0 0 0 0 0 0 0 0 0 0 0 0 0 0 0 0 0 0 0 0 0 0 0 0 0 0 0 0 0 0 0 0 0 0 0 0 0 0 0 0 0 0 0 0 0 0 0 0 0 0 0 0 0 0 0 0 0 0 0 0 0 0 0 0 0 0 0 0 0 0 0 0 0 0 0 0 0 0 0 0 0 0 0 0 0 0 0 0 0 0 0 0 0 0 0 0 0 0 0 0 0 0 0 0 0 0 0 0 0 0 0 0 0 0 0 0 0 0 0 0 0 0 0 0 0 0 0 0 0 0 0 0 0 0 0 0 0 0 0 0 0 0 0 0 0 0 0 0 0 0 0 0 0 0 0 0 0 0 0 0 0 0 0 0 0 0 0 0 0 0 0 0 0 0 0 0 0 0 0 0 0 0 0 0 0 0 0 0 0 0 0 0
90
96 33 181 71 47 149 2 130 14 170 116 186 181 119 80 199 26 150 58 24 170 133 147 160 173 5 164 76 74 73 48 114 151 63 91 195 143 41 59 5 156 104 26 168 149 55 156 172 150 135 173 156 113 54 63 102 130 84 178 61 174 28 56 43 50 156 73 153 142 109 96 189 132 162 95 85 157 52 147 31 137 73 147 163 171 91 164 107 115 148
396
0 200 79 58 114 52 99 113 50 101 85 70 99 97 92 85 104 84 92 73 50 50 71 116 60 61 68 99 81 78 80 62 70 81 55 82 76 66 52 91 107 102 104 104 80 80 96 119 120 51 90 55 52 78 94 64 110 102 111 103 57 81 84 64 67 78 92 73 55 71 64 71 110 100 58 110 87 93 76 70 110 119 93 84 97 118 86 107 53 62 109 115 105 114 110 105 89 100 70 82 62 61 84 115 111 115 99 82 61 112 118 79 63 72 101 106 108 119 89 60 75 117 66 119 92 78 78 62 81 71 118 84 76 117 87 97 75 117 63 88 112 82 112 96 90 96 83 116 85 109 70 119 103 60 77 66 100 85 68 74 95 75 56 74 60 118 80 95 115 97 51 79 85 80 113 110 117 84 67 94 98 115 59 110 110 96 110 111 63 77 81 115 108 119 76 68 103 65 72 92 62 119 102 93 57 52 63 113 50 116 110 112 53 106 76 81 97 96 68 76 71 76 111 64 106 61 71 60 83 70 115 69 67 103 116 59 103 71 77 74 113 91 114 53 79 104 74 51 84 69 77 67 106 115 112 58 75 51 98 70 92 60 104 89 60 84 85 102 71 78 108 82 104 92 70 107 59 100 97 53 67 89 84 96 84 87 109 100 50 117 67 119 107 58 120 66 98 63 88 91 62 119 85 53 80 90 81 112 62 81 58 58 79 72 61 86 89 120 112 50 69 60 82 77 105 50 58 86 95 114 92 90 90 64 108 54 108 111 120 82 64 50 94 109 86 105 70 98 109 104 84 107 110 119 109 117 54 88 84 108 102 97 86 78 109 78 103 109 71 54 67 108 78 59 80 87 107 83 88 50 67 96 64 86 101 83 97 109 88 87 88 95 55 92 67 200
679
192 184 184 184 192 184 192 184 192 192 184 184 192 192 184 192 184 184 192 192 192 184 184 192 192 184 184 184 184 184 184 184 184 192 192 192 184 184 192 184 192 184 184 192 184 192 184 192 192 184 184 192 184 184 184 192 192 192 192 184 184 192 184 184 184 184 184 184 192 184 184 184 192 192 192 184 192 192 184 184 192 184 184 192 192 184 184 192 192 184 192 184 184 192 192 192 184 184 192 192 192 184 184 184 184 192 184 184 192 192 192 192 184 192 184 184 184 192 184 184 184 192 192 184 184 192 192 184 192 184 192 192 192 192 192 184 192 192 192 192 192 184 192 184 192 192 184 184 184 184 192 192 184 184 192 184 184 184 192 192 192 192 184 184 184 184 184 184 184 184 192 184 192 192 192 192 192 184 192 192 192 192 192 192 192 184 184 184 192 192 184 192 184 184 192 184 192 192 192 184 192 192 192 192 192 192 184 184 192 184 184 192 184 192 192 192 184 184 192 192 192 192 192 184 192 192 184 184 192 192 192 184 192 184 192 192 184 192 192 184 184 192 184 192 184 184 184 184 184 192 192 184 184 184 192 184 184 192 192 184 192 192 192 192 184 184 184 184 192 184 184 192 192 192 184 184 192 184 192 184 192 184 192 192 184 192 184 192 192 184 184 184 184 192 184 192 192 192 192 192 184 192 192 192 184 184 192 184 192 192 184 184 184 192 184 184 192 192 192 192 192 192 184 184 184 184 184 192 192 184 184 184 184 192 184 192 184 192 192 184 184 184 192 192 192 192 192 192 184 184 184 192 184 184 192 192 192 184 192 192 184 192 192 184 184 184 184 192 192 184 192 192 184 192 192 184 184 184 192 192 184 184 184 192 192 184 184 192 184 192 184 192 192 184 192 184 184 192 192 184 192 192 184 184 184 192 192 192 192 184 192 184 184 192 192 184 192 192 184 184 192 192 184 184 192 184 184 192 192 192 192 192 192 192 192 184 192 184 192 184 184 184 192 192 192 192 184 184 192 184 184 192 192 192 192 184 192 192 184 184 192 184 184 184 192 192 192 184 192 184 184 184 192 184 192 192 192 184 192 192 184 184 184 192 184 184 192 184 192 192 192 192 184 192 192 192 192 184 192 184 184 184 184 192 184 184 184 192 184 184 184 184 192 192 192 184 184 192 184 192 184 192 184 192 192 192 192 184 192 192 192 192 184 192 192 184 184 192 192 192 184 184 192 184 184 192 192 192 184 192 192 192 192 192 184 192 184 192 184 184 184 184 192 184 192 184 192 192 192 184 192 184 184 192 192 184 184 192 192 192 192 192 192 184 192 192 192 184 192 192 192 184 192 192 184 192 192 192 184 184 184 192 192 192 192 192 192 192 184 184 184 192 192 184 192 192 192 192 192 184 192 192 192 192 184 184 184 184 184 192 184 192 184 192 184 192 192 192 184 192 192 184 184 192 192 192 192 184 184 184 192 192 192 192 192 184 192 184 192 184 192 184 184 184 184 184 192 184 184 184 184 184 192 184 184 192 192 184 192
590
133 115 197 5 143 140 199 131 110 123 100 128 163 109 23 156 9 92 177 38 196 75 102 197 71 88 52 140 4 86 116 159 114 112 11 107 138 153 31 176 81 102 16 30 29 80 179 141 42 135 172 199 136 126 185 189 151 90 39 187 14 57 68 69 16 152 164 162 2 15 95 157 194 31 75 126 26 131 31 50 22 36 81 149 56 74 40 106 96 55 147 45 158 104 37 116 97 12 136 158 136 169 120 12 37 10 67 26 152 167 186 173 165 114 25 164 145 102 96 141 153 186 57 4 124 94 98 4 92 182 141 68 19 97 48 8 132 141 136 186 29 35 73 19 98 86 51 163 148 34 199 82 124 135 181 119 26 139 82 173 200 163 17 78 128 167 46 128 46 153 52 176 200 61 151 78 88 75 17 88 122 15 83 170 80 130 178 171 194 9 43 12 46 196 186 9 59 100 65 56 60 99 172 8 192 98 131 45 63 90 198 70 136 29 75 58 47 41 158 146 24 5 11 147 28 57 88 34 36 1 180 125 129 110 109 126 31 170 112 137 23 10 126 128 152 63 99 154 46 182 115 171 80 51 85 121 127 14 96 44 34 199 11 166 199 2 57 106 200 33 199 190 47 10 119 32 8 194 15 141 2 163 157 38 190 168 34 199 137 185 126 176 95 140 185 63 94 148 185 35 94 75 65 88 140 20 141 191 179 121 161 122 46 188 173 123 20 7 114 105 189 25 28 52 118 76 141 4 150 36 76 119 175 128 51 64 52 14 30 198 112 43 54 65 18 25 166 165 109 116 169 134 28 77 106 0 78 190 74 176 129 158 96 190 173 150 129 102 107 100 113 27 9 51 153 156 127 73 69 149 108 90 174 15 67 45 53 124 105 36 192 179 20 48 156 152 117 145 76 130 162 16 51 183 85 66 61 96 11 196 146 168 87 86 89 87 151 89 155 2 144 109 130 69 99 171 82 133 54 102 73 159 171 26 186 199 0 98 199 50 15 60 184 131 113 53 124 150 93 165 184 86 108 9 120 113 187 78 200 128 189 88 111 167 81 112 156 70 179 43 76 175 76 191 62 106 51 94 122 78 151 5 155 121 98 113 27 199 14 123 180 120 200 22 31 154 64 1 64 46 124 58 17 122 111 163 92 47 11 39 56 40 195 72 171 188 98 104 29 100 49 69 99 23 124 9 7 90 76 30 59 187 29 197 19 150 81 104 93 52 66 105 75 60 135 115 170 39 61 137 150 15 73 29 68 128 79 77 15 110 16 188 152 96 116 77 110 13 75 44 71 45 133 16 149 59 41 5 138 196 47 88 173 82 191 144 0 148 142 124
135
64 31 31 38 64 33 31 168 64 64 31 168 33 38 64 31 64 31 168 64 31 33 64 64 64 33 64 33 168 168 33 38 31 31 38 168 38 33 38 33 38 168 31 64 64 31 64 38 168 38 38 64 31 168 168 38 38 168 168 33 38 33 38 33 33 31 168 168 33 38 64 33 38 64 64 38 64 31 64 31 31 168 38 168 38 168 31 38 31 31 31 38 38 31 38 64 168 31 168 31 168 33 168 38 33 38 33 168 31 38 33 64 168 168 31 31 31 168 31 33 33 31 38 64 168 168 33 31 64 33 168 38 38 33 168
545
200 200 200 200 200 200 200 200 200 200 200 200 200 200 200 200 200 200 200 200 200 200 200 200 200 200 200 200 200 200 200 200 200 200 200 200 200 200 200 200 200 200 200 200 200 200 200 200 200 200 200 200 200 200 200 200 200 200 200 200 200 200 200 200 200 200 200 200 200 200 200 200 200 200 200 200 200 200 200 200 200 200 200 200 200 200 200 200 200 200 200 200 200 200 200 200 200 200 200 200 200 200 200 200 200 200 200 200 200 200 200 200 200 200 200 200 200 200 200 200 200 200 200 200 200 200 200 200 200 200 200 200 200 200 200 200 200 200 200 200 200 200 200 200 200 200 200 200 200 200 200 200 200 200 200 200 200 200 200 200 200 200 200 200 200 200 200 200 200 200 200 200 200 200 200 200 200 200 200 200 200 200 200 200 200 200 200 200 200 200 200 200 200 200 200 200 200 200 200 200 200 200 200 200 200 200 200 200 200 200 200 200 200 200 200 200 200 200 200 200 200 200 200 200 200 200 200 200 200 200 200 200 200 200 200 200 200 200 200 200 200 200 200 200 200 200 200 200 200 200 200 200 200 200 200 200 200 200 200 200 200 200 200 200 200 200 200 200 200 200 200 200 200 200 200 200 200 200 200 200 200 200 200 200 200 200 200 200 200 200 200 200 200 200 200 200 200 200 200 200 200 200 200 200 200 200 200 200 200 200 200 200 200 200 200 200 200 200 200 200 200 200 200 200 200 200 200 200 200 200 200 200 200 200 200 200 200 200 200 200 200 200 200 200 200 200 200 200 200 200 200 200 200 200 200 200 200 200 200 200 200 200 200 200 200 200 200 200 200 200 200 200 200 200 200 200 200 200 200 200 200 200 200 200 200 200 200 200 200 200 200 200 200 200 200 200 200 200 200 200 200 200 200 200 200 200 200 200 200 200 200 200 200 200 200 200 200 200 200 200 200 200 200 200 200 200 200 200 200 200 200 200 200 200 200 200 200 200 200 200 200 200 200 200 200 200 200 200 200 200 200 200 200 200 200 200 200 200 200 200 200 200 200 200 200 200 200 200 200 200 200 200 200 200 200 200 200 200 200 200 200 200 200 200 200 200 200 200 200 200 200 200 200 200 200 200 200 200 200 200 200 200 200 200 200 200 200 200 200 200 200 200 200 200 200 200 200 200 200 200 200 200 200 200 200 200 200 200 200 200 200 200 200 200 200 200 200 200 200 200 200 200 200 200 200
618
200 200 200 200 200 200 200 200 200 200 200 200 200 200 200 200 200 200 200 200 200 200 200 200 200 200 200 200 200 200 200 200 200 200 200 200 200 200 200 200 200 200 200 200 200 200 200 200 200 200 200 200 200 200 200 200 200 200 200 200 200 200 200 200 200 200 200 200 200 200 200 200 200 200 200 200 200 200 200 200 200 200 200 200 200 200 200 200 200 200 200 200 200 200 200 200 200 200 200 200 200 200 200 200 200 200 200 200 200 200 200 200 200 200 200 200 200 200 200 200 200 200 200 200 200 200 200 200 200 200 200 200 200 200 200 200 200 200 200 200 200 200 200 200 200 200 200 200 200 200 200 200 200 200 200 200 200 200 200 200 200 200 200 200 200 200 200 200 200 200 200 200 200 200 200 200 200 200 200 200 200 200 200 200 200 200 200 200 200 200 200 200 200 200 200 200 200 200 200 200 200 200 200 200 200 200 200 200 200 200 200 200 200 200 200 200 200 200 200 200 200 200 200 200 200 200 200 200 200 200 200 200 200 200 200 200 200 200 200 200 200 200 200 200 200 200 200 200 200 200 200 200 200 200 200 200 200 200 200 200 200 200 200 200 200 200 200 200 200 200 200 200 200 200 200 200 200 200 200 200 200 200 200 200 200 200 200 200 200 200 200 200 200 200 200 200 200 200 200 200 200 200 200 200 200 200 200 200 200 200 200 200 200 200 200 200 200 200 200 200 200 200 200 200 200 200 200 200 200 200 200 200 200 200 200 200 200 200 200 200 200 200 200 200 200 200 200 200 200 200 200 200 200 200 200 200 200 200 200 200 200 200 200 200 200 200 200 200 200 200 200 200 200 200 200 200 200 200 200 200 200 200 200 200 200 200 200 200 200 200 200 200 200 200 200 200 200 200 200 200 200 200 200 200 200 200 200 200 200 200 200 200 200 200 200 200 200 200 200 200 200 200 200 200 200 200 200 200 200 200 200 200 200 200 200 200 200 200 200 200 200 200 200 200 200 200 200 200 200 200 200 200 200 200 200 200 200 200 200 200 200 200 200 200 200 200 200 200 200 200 200 200 200 200 200 200 200 200 200 200 200 200 200 200 200 200 200 200 200 200 200 200 200 200 200 200 200 200 200 200 200 200 200 200 200 200 200 200 200 200 200 200 200 200 200 200 200 200 200 200 200 200 200 200 200 200 200 200 200 200 200 200 200 200 200 200 200 200 200 200 200 200 200 200 200 200 200 200 200 200 200 200 200 200 200 200 200 200 200 200 200 200 200 200 200 200 200 200 200 200 200 200 200 200 200 200 200 200 200 200 200 200 200 200 200 200 200 200 200 200 200 200 200 200 200 200 200 200 200 200 200 200 200 200 200 200 200 200 200 200 200 200 200 200 200 200 200 200
945
12 109 6 109 109 6 109 12 12 67 36 109 109 36 6 12 12 6 12 12 12 12 67 6 12 36 12 12 67 67 6 6 109 36 6 109 109 6 36 67 67 67 6 67 67 12 12 67 67 6 109 6 36 6 109 36 12 67 109 12 6 36 12 67 109 6 109 6 12 67 67 109 6 109 109 67 12 12 36 67 109 109 6 36 12 6 12 36 109 6 12 109 36 67 36 67 109 6 36 67 36 12 67 6 6 109 36 12 6 109 36 109 12 109 6 36 109 67 109 67 12 12 67 67 67 67 6 109 36 6 12 36 6 109 67 12 36 67 12 6 109 67 6 12 6 109 12 36 109 67 12 12 12 36 67 67 109 6 6 6 109 6 109 12 67 6 6 12 36 6 6 36 6 109 109 67 67 6 12 67 109 6 67 67 12 6 109 36 67 12 12 67 36 6 109 6 12 109 109 6 12 6 6 6 36 12 36 12 67 12 109 12 109 6 36 67 12 67 12 36 67 12 109 12 67 12 36 67 6 109 36 36 36 67 12 12 109 36 109 109 6 36 12 109 12 6 6 109 67 109 6 36 67 109 67 109 67 109 6 36 109 109 36 36 12 12 109 6 109 12 67 67 12 67 6 109 67 6 12 109 12 109 12 6 67 36 6 6 6 109 36 12 12 67 36 12 67 36 109 67 12 6 6 12 67 36 36 6 12 12 12 12 36 109 67 12 36 12 67 6 109 6 36 67 36 67 67 6 109 109 6 36 12 109 36 6 109 6 109 12 12 67 12 36 36 6 109 109 109 67 12 109 67 36 67 109 36 109 12 36 6 12 12 12 109 36 67 109 109 36 12 67 109 12 36 12 12 36 67 12 6 6 6 36 12 12 36 109 36 109 67 12 109 6 36 67 6 6 12 6 36 67 36 36 109 109 36 109 36 109 109 12 12 109 109 6 67 12 6 67 109 67 109 12 12 12 36 6 67 12 67 6 12 109 67 109 6 36 6 12 6 36 12 12 6 12 109 6 67 67 67 109 36 36 6 109 109 67 109 36 67 12 109 67 6 109 109 6 6 36 67 67 109 6 6 109 6 12 109 12 6 6 109 12 6 6 36 6 6 67 12 12 12 12 6 6 67 12 67 67 109 6 6 36 6 67 109 109 36 12 36 67 109 36 109 6 67 67 12 67 6 6 67 36 6 36 6 6 67 67 6 6 109 67 36 67 109 36 6 12 36 109 67 109 6 6 36 36 6 36 109 109 36 12 12 12 6 67 12 67 6 109 36 109 109 12 12 12 6 36 36 67 67 109 6 67 67 67 67 36 12 36 36 6 36 109 67 6 36 12 6 109 6 12 36 6 12 109 67 109 12 6 109 67 67 67 67 36 36 12 109 67 36 67 36 109 109 67 109 36 36 12 109 12 67 67 67 12 67 109 36 67 36 12 67 109 67 12 109 109 36 6 12 36 12 109 36 109 6 12 6 12 6 36 6 109 109 36 36 67 36 6 36 67 67 109 67 36 67 36 67 36 36 67 67 6 67 109 36 67 6 109 12 6 109 109 109 67 6 12 67 12 109 36 36 6 36 12 36 12 109 67 109 12 36 12 12 12 36 36 36 12 67 67 6 109 36 109 109 67 12 36 109 6 12 109 109 67 6 109 67 12 6 36 12 12 67 67 36 67 67 12 6 6 6 67 12 109 36 6 109 109 12 12 36 12 6 12 36 36 109 67 12 36 109 6 6 109 67 67 36 36 67 67 67 6 109 6 67 6 6 12 109 67 67 36 36 67 36 6 67 36 67 67 109 36 6 109 36 109 109 109 109 109 109 67 67 36 6 67 12 36 36 6 67 109 6 67 12 67 109 12 12 109 109 109 67 6 12 12 36 6 6 36 6 36 109 6 109 12 109 109 36 109 6 12 6 36 6 36 12 67 6 12 12 109 6 12 12 12 6 12 6 6 36 6 67 6 12 109 6 36 67 6 109 109 12 109 6 6 67 6 109 109 67 109 6 12 12 6 109 6 12 67 67 67 12 12 6 12 36 109 12 67 6 67 67 67 6 36 12 67 12 12 6 36 6 109 67 6 109 12 67 109 67 36 36 6 6 109 67 12 67 67 12 36 36 67 109 36 109 36 36 12 109
909
56 63 31 32 31 156 32 56 41 31 41 63 56 41 156 32 63 32 63 63 56 56 31 31 32 63 63 32 56 41 32 63 63 56 31 156 32 32 32 63 32 156 156 32 63 63 156 156 156 63 32 41 156 41 156 32 41 56 56 41 31 63 32 41 31 56 41 32 156 41 41 31 156 63 32 63 63 32 32 32 63 32 156 56 156 63 56 63 56 32 31 32 56 56 63 156 32 63 56 156 156 41 32 56 31 31 31 156 156 31 56 63 31 31 31 41 41 56 56 32 156 56 32 41 56 56 156 156 32 41 56 32 56 56 63 56 41 156 31 63 41 32 63 32 41 156 41 156 31 63 56 56 63 56 63 31 56 156 56 31 41 32 56 31 56 156 32 32 41 156 32 32 41 41 63 63 63 156 31 31 32 41 56 32 56 41 31 32 32 31 41 56 156 32 41 63 63 63 31 56 31 31 63 31 156 41 63 156 63 41 63 63 32 156 56 41 56 156 156 156 56 32 56 156 63 63 156 31 56 156 32 32 41 41 56 156 63 41 31 32 56 156 31 41 156 156 63 56 63 56 63 56 63 156 156 31 156 31 56 156 156 63 31 63 56 156 56 31 56 32 31 63 156 31 41 31 156 56 63 63 31 41 32 56 156 56 31 63 32 41 32 41 31 32 156 32 31 156 32 156 156 31 63 56 41 41 31 32 56 32 156 41 56 41 31 63 56 63 156 63 156 56 31 31 56 63 156 32 41 32 41 31 63 32 56 56 41 56 156 31 63 156 56 32 41 56 31 56 41 41 31 41 41 41 31 32 41 32 56 56 31 32 31 41 41 31 31 56 41 41 41 32 63 31 31 56 31 56 32 31 31 156 56 56 32 156 41 31 41 156 156 56 31 63 156 31 63 31 156 31 56 32 156 56 156 31 32 156 32 41 56 32 31 63 63 156 156 31 41 63 32 32 32 41 31 63 156 156 32 32 41 63 56 156 56 156 31 31 56 63 63 63 56 32 63 41 56 56 156 41 56 41 63 156 63 156 31 63 56 156 31 63 63 156 156 63 41 56 31 41 31 156 41 31 31 41 156 32 56 32 56 41 32 32 41 32 156 156 31 63 156 41 56 156 63 156 41 41 156 63 56 56 156 156 31 31 41 56 31 63 63 31 156 56 41 63 32 41 31 56 32 32 156 32 156 41 63 56 63 63 41 56 32 63 56 41 56 31 63 32 63 63 156 41 56 56 156 56 31 41 156 31 156 31 63 56 31 156 31 56 156 63 41 156 32 63 56 41 31 31 156 56 63 56 41 31 56 156 41 156 156 31 32 41 32 156 32 56 32 41 41 56 63 32 31 32 156 63 31 32 63 63 156 31 56 156 56 63 31 32 32 63 56 156 32 56 41 32 41 156 32 31 32 31 156 56 63 63 32 63 32 156 63 32 31 31 56 31 41 41 31 63 31 156 156 32 63 32 32 63 56 63 156 32 32 56 32 41 156 32 63 63 32 41 156 41 31 156 32 31 63 41 156 56 56 56 31 32 63 56 31 31 156 156 31 63 32 56 31 63 32 41 156 156 63 56 56 41 31 32 63 156 156 63 156 56 63 31 56 32 56 31 41 32 56 41 31 31 32 56 41 156 63 31 31 156 156 32 32 31 63 63 31 156 31 56 156 32 41 56 32 63 56 156 32 56 63 156 156 41 41 156 56 156 31 41 31 156 41 31 41 32 56 31 156 41 32 32 56 41 63 56 156 31 63 56 41 63 63 41 156 63 32 31 41 41 56 32 63 56 31 31 41 31 63 31 41 41 156 32 41 41 32 41 41 31 32 31 63 63 156 32 31 63 31 31 156 63 56 41 63 32 156 156 41 63 56 56 63 41 63 32 31 32 32 56 32 156 63 56 156 41 63 32 156 41 32 31 31 156 156 63 156 41 32 56 41 31 32 31 41 63 32 41 156 32 31 156 156 31 156 63 63 41 63 156 31 63 56 156 56 41 32 41 63 156 63 56 156 63 156 32 63 56 156 156 56 41 56 156 32 32 63 31 41 41 156 56 41
951
200 200 200 200 200 200 200 200 200 200 200 200 200 200 200 200 200 200 200 200 200 200 200 200 200 200 200 200 200 200 200 200 200 200 200 200 200 200 200 200 200 200 200 200 200 200 200 200 200 200 200 200 200 200 200 200 200 200 200 200 200 200 200 200 200 200 200 200 200 200 200 200 200 200 200 200 200 200 200 200 200 200 200 200 200 200 200 200 200 200 200 200 200 200 200 200 200 200 200 200 200 200 200 200 200 200 200 200 200 200 200 200 200 200 200 200 200 200 200 200 200 200 200 200 200 200 200 200 200 200 200 200 200 200 200 200 200 200 200 200 200 200 200 200 200 200 200 200 200 200 200 200 200 200 200 200 200 200 200 200 200 200 200 200 200 200 200 200 200 200 200 200 200 200 200 200 200 200 200 200 200 200 200 200 200 200 200 200 200 200 200 200 200 200 200 200 200 200 200 200 200 200 200 200 200 200 200 200 200 200 200 200 200 200 200 200 200 200 200 200 200 200 200 200 200 200 200 200 200 200 200 200 200 200 200 200 200 200 200 200 200 200 200 200 200 200 200 200 200 200 200 200 200 200 200 200 200 200 200 200 200 200 200 200 200 200 200 200 200 200 200 200 200 200 200 200 200 200 200 200 200 200 200 200 200 200 200 200 200 200 200 200 200 200 200 200 200 200 200 200 200 200 200 200 200 200 200 200 200 200 200 200 200 200 200 200 200 200 200 200 200 200 200 200 200 200 200 200 200 200 200 200 200 200 200 200 200 200 200 200 200 200 200 200 200 200 200 200 200 200 200 200 200 200 200 200 200 200 200 200 200 200 200 200 200 200 200 200 200 200 200 200 200 200 200 200 200 200 200 200 200 200 200 200 200 200 200 200 200 200 200 200 200 200 200 200 200 200 200 200 200 200 200 200 200 200 200 200 200 200 200 200 200 200 200 200 200 200 200 200 200 200 200 200 200 200 200 200 200 200 200 200 200 200 200 200 200 200 200 200 200 200 200 200 200 200 200 200 200 200 200 200 200 200 200 200 200 200 200 200 200 200 200 200 200 200 200 200 200 200 200 200 200 200 200 200 200 200 200 200 200 200 200 200 200 200 200 200 200 200 200 200 200 200 200 200 200 200 200 200 200 200 200 200 200 200 200 200 200 200 200 200 200 200 200 200 200 200 200 200 200 200 200 200 200 200 200 200 200 200 200 200 200 200 200 200 200 200 200 200 200 200 200 200 200 200 200 200 200 200 200 200 200 200 200 200 200 200 200 200 200 200 200 200 200 200 200 200 200 200 200 200 200 200 200 200 200 200 200 200 200 200 200 200 200 200 200 200 200 200 200 200 200 200 200 200 200 200 200 200 200 200 200 200 200 200 200 200 200 200 200 200 200 200 200 200 200 200 200 200 200 200 200 200 200 200 200 200 200 200 200 200 200 200 200 200 200 200 200 200 200 200 200 200 200 200 200 200 200 200 200 200 200 200 200 200 200 200 200 200 200 200 200 200 200 200 200 200 200 200 200 200 200 200 200 200 200 200 200 200 200 200 200 200 200 200 200 200 200 200 200 200 200 200 200 200 200 200 200 200 200 200 200 200 200 200 200 200 200 200 200 200 200 200 200 200 200 200 200 200 200 200 200 200 200 200 200 200 200 200 200 200 200 200 200 200 200 200 200 200 200 200 200 200 200 200 200 200 200 200 200 200 200 200 200 200 200 200 200 200 200 200 200 200 200 200 200 200 200 200 200 200 200 200 200 200 200 200 200 200 200 200 200 200 200 200 200 200 200 200 200 200 200 200 200 200 200 200 200 200 200 200 200 200 200 200 200 200 200 200 200 200 200 200 200 200 200 200 200 200 200 200 200 200 200 200 200 200 200 200 200 200 200 200 200 200 200 200 200 200 200 200 200 200 200 200 200 200 200 200 200 200 200 200 200 200 200 200 200 200 200 200 200 200 200 200 200 200 200 200 200 200 200 200 200 200 200 200 200 200 200 200 200 200 200 200 200 200 200 200 200 200 200 200 200 200 200 200 200 200 200 200 200 200 200 200 200 200 200 200 200 200 200 200 200 200 200 200 200 200 200 200 200 200 200 200 200 200 200 200 200 200 200 200 200 200 200 200 200 200 200 200 200 200 200 200 200 200 200 200 200
443
47 54 106 106 47 47 151 54 106 54 106 106 106 54 151 54 106 54 151 106 54 106 54 54 106 106 106 54 151 47 106 54 54 151 106 151 151 54 47 54 54 151 54 54 106 151 106 54 54 47 151 54 106 106 54 151 106 47 106 47 47 47 47 106 106 106 151 151 106 151 106 106 54 47 106 151 54 106 151 54 106 47 106 54 54 47 106 47 106 54 151 47 106 151 54 54 54 54 47 54 47 47 106 47 47 47 54 151 47 151 106 47 54 54 47 47 54 54 54 47 54 47 47 47 106 54 54 151 106 47 54 151 47 151 47 54 106 106 47 151 151 47 106 106 151 47 47 151 54 151 106 54 47 54 106 47 54 47 47 47 47 151 151 47 151 47 47 54 151 54 106 106 47 151 151 47 151 47 151 54 54 54 151 47 54 54 106 54 54 54 54 106 151 54 47 151 47 54 106 151 54 151 106 106 54 151 47 54 54 54 106 106 151 47 47 54 151 151 151 54 54 47 47 106 47 151 54 47 151 151 106 47 54 47 54 151 106 151 151 54 54 54 54 54 106 54 106 47 54 151 151 47 151 47 47 106 47 54 47 151 106 47 54 54 106 151 54 106 151 151 54 54 151 54 47 151 54 151 151 47 47 47 54 151 151 47 106 151 47 54 106 151 151 151 47 151 106 47 54 151 54 151 47 47 106 151 106 54 47 54 151 151 54 47 151 151 54 54 151 106 106 151 54 151 106 54 54 47 151 47 151 47 106 106 54 106 106 54 47 151 151 47 54 47 106 151 54 106 47 54 47 47 151 54 106 54 106 151 54 151 54 47 47 54 54 47 54 151 106 47 151 151 106 54 47 54 151 106 151 106 47 106 151 106 54 151 151 106 54 47 106 54 47 54 106 54 151 106 151 106 106 47 151 106 47 151 47 54 47 47 151 151 106 151 106 106 106 47 106 151 106 106 106 47 106 106 47 47 47 151 47 106 106 54 47 54 106 106 151 151 151 54 151
598
0 200 88 77 67 70 79 68 82 79 62 63 95 79 53 98 74 101 65 88 76 79 65 93 75 106 74 106 54 100 55 120 88 86 81 60 120 88 56 102 65 93 102 103 105 54 62 86 104 50 92 72 99 70 63 107 73 109 81 65 50 58 66 54 91 63 51 107 53 97 99 101 55 66 57 65 73 76 92 64 110 53 73 67 103 68 55 75 114 101 62 54 107 99 89 94 77 110 102 82 76 98 76 89 63 68 107 103 61 101 109 89 106 84 90 111 86 79 110 112 88 102 59 57 95 86 72 94 103 66 99 113 102 79 70 96 115 105 58 105 87 114 54 61 64 84 68 73 104 58 96 58 86 97 98 54 87 93 82 103 116 58 110 51 86 82 64 111 83 88 111 91 52 119 71 58 52 64 114 56 75 84 97 66 109 79 111 106 60 118 109 86 78 69 97 73 104 96 99 85 114 101 53 50 103 69 93 87 118 118 63 62 70 58 109 88 110 108 71 93 75 107 118 83 114 117 85 109 68 102 113 83 94 77 57 81 86 88 56 66 76 62 62 59 50 94 92 55 111 59 115 112 52 80 67 65 56 118 111 101 117 53 91 95 91 57 116 113 70 70 105 99 83 67 81 76 87 95 105 62 78 104 98 69 92 116 104 64 71 74 105 111 118 88 103 107 84 102 60 75 83 92 84 78 52 55 105 99 95 58 62 56 72 106 91 58 84 99 85 105 51 80 54 58 50 114 52 104 73 86 71 67 93 82 95 65 73 90 67 67 56 65 53 81 75 66 59 80 93 66 63 119 98 104 83 119 74 80 68 66 120 54 118 89 57 105 98 69 69 55 101 74 119 75 63 104 82 68 68 87 114 65 117 99 55 50 83 88 63 62 58 99 109 90 119 109 83 109 118 102 92 90 52 113 104 65 57 106 104 50 105 91 84 98 118 97 99 98 94 63 58 97 119 118 105 59 93 89 106 91 103 52 73 101 116 63 77 117 56 70 109 64 69 87 61 55 50 63 111 88 60 98 81 57 93 82 94 71 96 108 57 73 93 56 69 68 82 117 98 80 75 117 78 67 80 103 112 80 71 104 62 54 104 72 117 57 81 115 103 65 89 82 73 81 96 118 57 79 65 90 75 85 56 86 109 51 88 114 84 65 83 97 64 104 51 88 97 104 84 89 84 103 114 59 62 60 97 106 69 55 74 84 118 100 110 105 117 58 65 81 56 98 67 107 94 88 70 77 113 67 89 56 69 50 70 116 63 74 103 53 72 62 88 97 57 57 53 52 99 102 83 87 75 87 110 120 79 74 90 62 90 112 67 114 68 114 119 70 60 120 65 116 52 92 72 64 54 200
623
12 10 13 5 20 13 14 4 5 3 13 16 1 0 4 16 18 6 20 5 5 4 18 10 4 2 17 3 14 12 5 13 17 7 14 11 5 14 12 19 10 6 14 5 15 16 7 14 3 6 3 0 17 7 17 8 16 14 8 11 7 13 8 7 4 10 13 12 11 0 16 6 7 8 10 5 1 10 1 2 9 4 6 16 6 20 14 12 2 3 16 16 17 4 4 7 3 17 13 15 11 5 15 5 9 5 3 3 13 0 14 7 13 7 14 3 4 12 5 13 7 15 16 16 18 4 2 5 3 19 3 9 9 13 19 12 10 4 7 20 15 12 13 7 1 11 2 7 1 5 8 11 15 17 18 5 3 15 9 8 9 1 9 1 15 7 3 3 2 12 19 6 4 12 17 18 15 15 18 11 6 9 8 4 16 17 11 15 11 3 5 1 16 7 3 5 2 6 8 14 9 9 4 18 3 14 9 6 1 15 13 1 4 18 2 20 6 17 0 1 1 4 15 12 8 10 6 6 4 4 11 1 10 8 0 5 5 12 7 5 0 1 4 16 13 3 9 20 10 10 16 13 12 19 19 12 3 2 7 16 6 18 7 2 8 13 19 3 17 12 11 1 13 8 16 16 18 7 13 13 11 9 7 19 12 13 6 15 0 14 12 2 1 5 16 12 10 5 14 6 5 1 12 19 7 19 9 5 0 10 19 3 1 1 19 4 10 20 20 0 6 11 2 14 10 4 5 16 11 0 3 11 0 14 5 16 6 0 11 16 0 12 19 18 5 4 20 5 13 6 11 20 0 17 11 10 10 15 16 14 3 2 1 6 15 17 17 2 12 6 6 16 0 19 13 20 13 8 17 5 20 9 17 13 3 20 0 11 3 2 9 5 18 3 12 2 18 13 18 14 18 13 2 0 14 11 2 4 20 14 11 12 11 9 2 9 11 5 0 20 14 17 1 6 1 12 15 17 7 7 10 7 11 15 16 17 2 8 6 5 7 15 11 16 14 16 20 13 0 8 4 0 20 8 2 12 8 18 3 9 10 12 4 5 6 4 17 19 11 7 2 9 6 18 3 10 15 1 16 14 20 9 8 12 9 2 13 19 10 3 7 12 8 19 18 18 2 8 11 20 9 8 8 10 4 9 13 3 2 20 8 13 4 3 6 11 1 6 16 7 6 9 4 0 17 0 17 4 9 14 2 2 8 13 7 1 5 15 0 18 6 10 19 2 19 18 20 5 12 11 17 3 15 8 7 3 16 19 2 14 1 0 6 1 1 18 4 4 17 6 6 1 5 14 20 3 8 3 18 3 10 5 2 13 3 5 5 4 14 9 20 16 10 2 10 9 7 0 6 6 4 1 20 0 2 6 15 10 16 1 0 13 6 4 16 18 17 6 19 5 3 19 2
701
92 92 92 33 92 33 92 33 92 92 92 92 92 33 33 33 92 92 92 33 33 33 92 33 92 33 33 33 92 92 92 33 33 92 92 92 33 33 33 92 92 92 92 92 92 33 33 33 92 92 33 33 92 92 33 33 33 92 92 92 92 92 33 33 92 33 92 33 33 33 33 33 92 33 92 92 33 33 33 92 92 33 33 92 33 33 33 92 92 33 92 33 33 33 33 92 33 33 33 92 92 33 33 33 92 33 33 92 33 92 92 92 33 92 92 33 92 33 92 33 33 92 92 33 33 33 92 92 92 92 33 92 33 33 33 33 33 33 33 92 33 92 92 33 33 92 92 33 33 92 92 33 92 33 92 33 33 33 33 92 33 92 33 92 92 92 33 33 33 33 92 92 92 92 33 92 92 92 33 92 92 92 92 92 33 92 92 33 92 33 33 33 92 92 33 33 33 92 92 33 92 92 33 33 33 33 33 33 33 33 92 92 92 92 92 33 33 92 92 33 92 92 92 33 92 33 33 92 33 92 92 92 92 33 92 33 92 92 92 92 33 33 33 92 33 33 92 92 92 92 92 92 92 33 92 33 92 92 92 33 33 33 92 33 33 33 92 33 92 33 92 33 33 33 92 92 92 33 92 33 92 92 33 33 33 33 33 92 92 92 92 33 92 33 33 33 92 33 92 92 33 92 33 33 33 92 92 92 92 92 92 92 92 33 33 92 92 92 92 92 92 92 92 33 92 92 33 33 92 92 33 33 92 33 33 33 33 33 92 33 92 33 33 92 92 33 92 92 92 92 33 33 33 33 33 33 92 33 92 33 92 92 33 33 92 92 33 33 92 92 92 92 33 33 92 92 92 33 92 33 33 33 33 33 33 92 33 33 92 92 92 92 33 33 33 33 92 33 33 33 92 92 33 92 33 33 92 92 92 92 33 33 33 92 92 92 33 33 92 92 92 33 33 92 33 33 33 92 92 33 33 92 92 92 92 33 92 92 33 92 33 33 92 33 92 33 33 92 33 92 92 92 92 92 33 92 92 92 33 92 33 92 33 92 33 92 92 92 33 92 92 92 33 92 92 33 92 33 33 33 33 33 92 92 92 33 33 92 92 92 33 92 92 33 33 92 92 92 92 92 33 92 33 33 92 92 92 33 92 92 33 33 33 33 33 33 33 92 92 92 33 33 92 92 33 92 92 33 92 33 33 92 92 92 92 33 33 92 92 92 92 92 92 33 33 92 92 33 33 92 33 33 33 92 92 33 92 92 33 92 92 92 92 33 33 92 92 33 92 33 33 92 92 33 33 33 33 92 33 33 92 33 33 33 92 92 33 92 33 33 33 92 33 92 92 33 33 92 92 92 33 33 33 92 33 92 33 92 92 33 33 33 92 92 92 33 92 33 33 92 33 33 92 92 33 92 33 33 33 92 33 33 33 92 33 33 33 92 92 92 33 33 33 92 33 92 33 33 92 92 33 92 33 33 92 33 92 92 92 92 33 33 33 92 33 92 92 92 33 33 92 92 33 92 92 92 33 92 33 33 33 33 33 33 33 33 92 33 92 92 92 92 33 92 33 92 92 33 92 33 92
761
0 200 118 114 64 87 107 60 75 84 84 114 85 106 72 99 62 77 95 52 80 63 91 109 51 88 67 54 113 116 57 95 105 78 60 117 56 65 111 67 86 80 101 115 73 74 117 100 73 115 111 85 64 103 104 86 111 96 64 66 88 60 54 53 110 110 110 114 107 66 53 86 83 101 85 65 97 110 98 66 114 63 68 61 90 106 83 67 93 106 97 112 100 92 62 73 108 83 94 75 72 65 102 95 55 110 69 76 97 80 62 57 52 61 54 88 90 81 110 108 55 91 92 102 77 95 101 101 58 103 93 71 108 67 73 94 90 70 60 82 60 76 79 64 95 82 107 52 105 53 69 66 58 81 61 54 62 55 86 86 71 71 64 89 59 79 70 87 73 56 81 68 93 62 120 56 98 111 87 80 91 76 58 78 79 117 66 85 81 102 66 114 66 118 59 67 63 59 59 114 117 108 62 50 107 116 78 59 77 57 99 71 86 114 110 112 97 102 88 57 80 53 116 71 96 51 120 65 116 100 80 76 116 53 76 58 92 52 60 115 105 106 59 79 90 61 78 67 89 56 99 97 119 106 91 117 109 53 79 56 89 93 57 94 56 80 88 84 96 101 120 76 65 116 84 78 68 54 114 65 92 75 102 52 87 118 61 63 65 66 55 109 110 77 114 51 116 91 87 101 78 94 71 51 101 94 103 116 62 50 120 112 92 96 119 106 107 57 84 63 88 101 105 99 66 55 111 55 97 63 100 83 112 66 76 74 116 120 64 92 104 74 85 78 85 56 70 109 106 111 65 95 61 71 92 114 95 75 74 101 79 59 87 80 97 64 67 95 72 104 109 79 55 61 59 99 84 118 117 115 79 94 55 59 76 113 60 60 98 54 115 111 92 70 95 63 108 71 88 115 51 92 58 68 90 88 58 51 74 107 62 61 85 92 114 98 52 54 55 59 89 55 110 62 79 69 57 63 103 76 89 67 76 63 72 106 98 54 82 117 101 63 107 64 73 88 65 98 66 71 59 111 67 96 58 52 117 60 120 113 120 80 113 113 85 82 64 119 65 74 120 120 56 66 116 88 106 104 69 81 96 88 90 119 96 94 77 97 54 50 116 72 76 97 105 93 51 63 92 61 54 82 84 118 72 113 59 81 104 58 53 57 115 68 62 54 99 108 88 117 101 76 76 60 88 85 111 85 54 83 95 95 77 74 115 60 69 88 78 101 67 65 99 63 98 100 117 71 81 111 60 98 80 120 63 78 79 59 74 67 103 91 108 98 102 56 103 88 82 98 96 87 53 97 92 96 113 67 90 79 69 88 71 92 106 76 72 70 112 105 102 72 107 52 72 97 54 52 112 76 98 99 67 81 88 107 82 102 112 112 103 54 64 61 103 71 65 60 106 65 105 52 81 110 92 54 105 85 67 96 76 118 102 117 50 67 77 97 53 89 112 74 97 110 54 88 62 84 61 118 57 95 117 95 82 71 92 55 65 65 79 99 50 77 80 100 86 110 57 96 78 69 108 105 108 54 82 82 67 88 97 60 50 62 116 115 56 94 84 97 66 95 114 105 64 77 58 99 106 117 63 102 106 100 113 114 106 117 79 80 84 97 51 111 107 79 85 104 118 110 114 52 51 91 100 95 57 101 112 71 75 61 106 67 72 75 90 104 88 90 93 99 116 76 58 88 85 101 111 71 112 68 113 71 95 60 111 112 113 56 200
590
0 200 104 82 79 97 91 56 66 56 85 119 98 68 98 56 119 72 84 70 79 98 77 75 66 81 57 56 74 78 99 61 80 75 85 67 117 66 86 83 79 60 53 105 97 62 87 75 117 107 65 114 53 75 69 81 60 118 51 115 79 71 88 92 71 107 62 99 100 85 62 68 69 64 104 109 72 107 62 54 107 106 93 84 93 65 60 111 111 76 116 69 106 86 77 100 104 97 57 94 72 73 73 56 81 78 65 66 97 75 85 56 68 58 112 50 80 114 88 74 101 55 94 57 66 80 109 97 78 116 102 101 97 93 98 96 87 60 120 58 91 102 51 120 109 58 113 55 92 72 84 98 51 64 72 83 66 63 119 69 87 119 75 76 77 85 84 88 116 103 75 101 114 111 52 109 113 67 97 85 56 55 88 83 84 72 107 80 113 72 65 65 69 100 75 55 61 74 92 51 106 61 98 85 69 94 105 58 63 55 53 81 53 70 77 106 72 68 51 56 51 53 112 80 86 52 54 72 93 116 106 60 62 54 74 88 57 86 67 96 91 88 53 80 103 119 63 114 110 73 111 117 56 71 87 51 116 59 50 57 113 70 113 103 108 71 57 51 84 90 50 107 63 57 88 80 52 81 110 107 103 74 64 118 70 94 79 67 74 82 85 69 107 107 79 103 65 80 98 50 67 59 73 98 63 80 66 104 73 62 82 52 94 100 100 53 52 110 64 81 51 115 75 97 62 61 87 116 74 90 63 70 63 74 74 57 95 56 90 55 88 120 93 89 68 55 55 116 99 53 110 97 77 91 93 72 77 105 100 97 101 80 97 70 106 70 107 82 109 86 96 67 81 81 83 116 104 56 104 92 94 91 112 86 66 77 59 112 58 87 52 111 53 94 86 78 110 75 51 110 73 115 103 75 95 88 63 79 56 54 104 70 90 93 90 52 92 67 114 76 55 57 66 92 81 89 83 119 83 73 74 101 94 99 62 118 89 111 52 103 104 60 65 61 102 104 95 90 73 58 52 120 110 114 84 112 85 119 75 83 78 89 63 111 74 104 96 69 71 111 71 94 74 52 100 113 62 100 62 80 101 75 81 91 96 98 89 107 52 70 95 115 99 97 72 110 56 66 60 53 101 93 120 93 71 66 63 73 59 52 83 102 50 86 61 109 62 74 93 86 109 76 51 81 94 72 62 66 73 67 61 69 117 92 101 113 99 100 69 98 84 105 71 53 105 120 71 75 108 120 110 115 108 67 115 73 54 51 53 111 71 59 89 93 106 75 87 110 55 98 75 76 60 95 66 80 60 63 92 59 72 97 50 116 97 69 119 77 72 200
151
200 200 200 200 200 200 200 200 200 200 200 200 200 200 200 200 200 200 200 200 200 200 200 200 200 200 200 200 200 200 200 200 200 200 200 200 200 200 200 200 200 200 200 200 200 200 200 200 200 200 200 200 200 200 200 200 200 200 200 200 200 200 200 200 200 200 200 200 200 200 200 200 200 200 200 200 200 200 200 200 200 200 200 200 200 200 200 200 200 200 200 200 200 200 200 200 200 200 200 200 200 200 200 200 200 200 200 200 200 200 200 200 200 200 200 200 200 200 200 200 200 200 200 200 200 200 200 200 200 200 200 200 200 200 200 200 200 200 200 200 200 200 200 200 200 200 200 200 200 200 200
813
149 1 85 13 37 23 135 130 25 155 124 117 6 156 137 181 99 35 6 12 120 189 54 69 183 24 60 24 38 104 198 124 46 2 9 177 65 6 16 70 125 28 158 181 182 63 2 158 115 177 72 96 81 57 113 158 40 163 53 140 76 170 181 52 182 121 60 42 122 88 74 198 67 62 193 127 119 59 17 47 129 166 21 158 161 90 149 95 120 3 110 120 151 123 11 162 40 22 168 34 73 39 166 13 178 51 191 171 199 192 29 69 86 63 93 59 133 15 29 2 84 194 104 78 4 159 193 183 189 151 106 154 47 24 16 21 23 187 62 142 118 144 64 52 10 23 166 195 197 106 140 32 190 65 141 187 182 12 105 167 62 10 54 72 50 95 161 63 70 161 46 21 184 56 182 186 179 183 187 123 81 143 83 34 150 69 12 159 45 89 86 157 18 198 65 164 129 192 97 30 148 110 163 90 157 30 180 17 1 148 181 145 156 154 192 2 93 168 155 140 130 166 159 23 93 34 8 162 146 199 69 174 53 89 155 99 188 171 89 116 151 97 7 46 3 98 9 146 106 85 73 10 124 44 8 13 144 135 25 191 174 100 156 175 24 142 34 20 7 158 73 33 189 150 133 62 74 98 73 46 23 152 42 45 190 93 34 156 111 113 195 139 186 5 143 131 181 111 7 119 128 18 178 126 96 134 179 72 131 56 181 186 43 130 195 161 98 124 94 83 127 90 125 23 54 53 61 14 60 172 15 92 137 179 101 14 2 79 194 149 150 67 32 197 195 22 77 155 33 53 28 154 63 126 88 173 97 176 107 104 184 139 197 35 115 147 34 44 8 95 66 98 79 0 56 80 122 172 190 162 25 141 42 142 198 184 146 108 28 94 153 135 164 96 147 125 148 134 82 93 1 174 186 120 42 11 154 19 43 194 90 134 18 192 160 4 157 147 125 60 39 165 42 101 150 31 87 4 180 170 173 137 81 111 17 144 181 31 112 98 126 171 54 147 39 103 129 162 88 67 195 45 105 139 183 16 159 165 187 150 75 51 30 50 150 23 153 14 106 146 117 80 114 46 130 81 121 98 95 133 172 100 138 78 84 190 85 188 150 161 137 139 47 173 189 24 83 159 69 144 47 144 24 84 35 37 151 69 157 97 105 183 172 191 38 155 102 85 112 32 101 42 106 38 186 146 78 23 67 90 118 191 119 34 15 59 148 145 160 138 152 177 195 81 10 199 200 93 190 93 38 188 24 135 185 122 64 36 118 84 126 93 54 180 63 131 146 166 107 131 110 177 77 85 113 189 79 7 148 119 68 67 40 60 107 192 156 62 56 128 159 21 67 53 154 98 15 191 26 52 4 27 139 80 112 7 163 137 160 106 151 165 26 35 5 17 114 122 119 88 76 15 129 131 164 10 65 18 51 125 82 185 12 1 46 142 104 152 112 117 123 15 189 80 25 97 176 162 103 198 65 146 155 46 179 86 49 5 108 95 45 194 61 135 31 51 101 93 122 7 4 124 119 51 34 107 46 80 116 20 67 36 185 199 139 173 155 31 63 8 186 115 122 159 50 76 29 28 56 152 3 71 25 66 93 181 29 93 118 194 63 82 167 190 23 62 1 95 88 159 169 48 158 43 2 55 187 195 26 33 193 200 28 115 5 176 199 109 58 146 188 178 49 147 188 79 180 40 123 89 74 142 97 57 86 104 197 40 92 116 109 122 4 166 133 60 22 55 147 158 112 185 187 103 125 153 28 156 183 54 88 10 141 86 58 86 123 134 142 112 18 95 75 55 68 73 99 183 60 165 133 174 66 175 111 108 98 195 89 117 39 4 187
920
0 0 0 0 0 0 0 0 0 0 0 0 0 0 0 0 0 0 0 0 0 0 0 0 0 0 0 0 0 0 0 0 0 0 0 0 0 0 0 0 0 0 0 0 0 0 0 0 0 0 0 0 0 0 0 0 0 0 0 0 0 0 0 0 0 0 0 0 0 0 0 0 0 0 0 0 0 0 0 0 0 0 0 0 0 0 0 0 0 0 0 0 0 0 0 0 0 0 0 0 0 0 0 0 0 0 0 0 0 0 0 0 0 0 0 0 0 0 0 0 0 0 0 0 0 0 0 0 0 0 0 0 0 0 0 0 0 0 0 0 0 0 0 0 0 0 0 0 0 0 0 0 0 0 0 0 0 0 0 0 0 0 0 0 0 0 0 0 0 0 0 0 0 0 0 0 0 0 0 0 0 0 0 0 0 0 0 0 0 0 0 0 0 0 0 0 0 0 0 0 0 0 0 0 0 0 0 0 0 0 0 0 0 0 0 0 0 0 0 0 0 0 0 0 0 0 0 0 0 0 0 0 0 0 0 0 0 0 0 0 0 0 0 0 0 0 0 0 0 0 0 0 0 0 0 0 0 0 0 0 0 0 0 0 0 0 0 0 0 0 0 0 0 0 0 0 0 0 0 0 0 0 0 0 0 0 0 0 0 0 0 0 0 0 0 0 0 0 0 0 0 0 0 0 0 0 0 0 0 0 0 0 0 0 0 0 0 0 0 0 0 0 0 0 0 0 0 0 0 0 0 0 0 0 0 0 0 0 0 0 0 0 0 0 0 0 0 0 0 0 0 0 0 0 0 0 0 0 0 0 0 0 0 0 0 0 0 0 0 0 0 0 0 0 0 0 0 0 0 0 0 0 0 0 0 0 0 0 0 0 0 0 0 0 0 0 0 0 0 0 0 0 0 0 0 0 0 0 0 0 0 0 0 0 0 0 0 0 0 0 0 0 0 0 0 0 0 0 0 0 0 0 0 0 0 0 0 0 0 0 0 0 0 0 0 0 0 0 0 0 0 0 0 0 0 0 0 0 0 0 0 0 0 0 0 0 0 0 0 0 0 0 0 0 0 0 0 0 0 0 0 0 0 0 0 0 0 0 0 0 0 0 0 0 0 0 0 0 0 0 0 0 0 0 0 0 0 0 0 0 0 0 0 0 0 0 0 0 0 0 0 0 0 0 0 0 0 0 0 0 0 0 0 0 0 0 0 0 0 0 0 0 0 0 0 0 0 0 0 0 0 0 0 0 0 0 0 0 0 0 0 0 0 0 0 0 0 0 0 0 0 0 0 0 0 0 0 0 0 0 0 0 0 0 0 0 0 0 0 0 0 0 0 0 0 0 0 0 0 0 0 0 0 0 0 0 0 0 0 0 0 0 0 0 0 0 0 0 0 0 0 0 0 0 0 0 0 0 0 0 0 0 0 0 0 0 0 0 0 0 0 0 0 0 0 0 0 0 0 0 0 0 0 0 0 0 0 0 0 0 0 0 0 0 0 0 0 0 0 0 0 0 0 0 0 0 0 0 0 0 0 0 0 0 0 0 0 0 0 0 0 0 0 0 0 0 0 0 0 0 0 0 0 0 0 0 0 0 0 0 0 0 0 0 0 0 0 0 0 0 0 0 0 0 0 0 0 0 0 0 0 0 0 0 0 0 0 0 0 0 0 0 0 0 0 0 0 0 0 0 0 0 0 0 0 0 0 0 0 0 0 0 0 0 0 0 0 0 0 0 0 0 0 0 0 0 0 0 0 0 0 0 0 0 0 0 0 0 0 0 0 0 0 0 0 0 0 0 0 0 0 0 0 0 0 0 0 0 0 0 0 0 0 0 0 0 0 0 0 0 0 0 0 0 0 0 0 0 0 0 0 0 0 0 0 0 0 0 0 0 0 0 0 0 0 0 0 0 0 0 0 0 0 0 0 0 0 0 0 0 0 0 0 0 0 0 0 0 0 0 0 0 0 0 0 0 0 0 0 0 0 0 0 0 0 0 0 0 0 0 0 0 0 0 0 0 0 0 0 0 0 0 0 0 0 0 0 0 0 0 0 0 0 0 0 0 0 0 0 0
255
200 200 200 200 200 200 200 200 200 200 200 200 200 200 200 200 200 200 200 200 200 200 200 200 200 200 200 200 200 200 200 200 200 200 200 200 200 200 200 200 200 200 200 200 200 200 200 200 200 200 200 200 200 200 200 200 200 200 200 200 200 200 200 200 200 200 200 200 200 200 200 200 200 200 200 200 200 200 200 200 200 200 200 200 200 200 200 200 200 200 200 200 200 200 200 200 200 200 200 200 200 200 200 200 200 200 200 200 200 200 200 200 200 200 200 200 200 200 200 200 200 200 200 200 200 200 200 200 200 200 200 200 200 200 200 200 200 200 200 200 200 200 200 200 200 200 200 200 200 200 200 200 200 200 200 200 200 200 200 200 200 200 200 200 200 200 200 200 200 200 200 200 200 200 200 200 200 200 200 200 200 200 200 200 200 200 200 200 200 200 200 200 200 200 200 200 200 200 200 200 200 200 200 200 200 200 200 200 200 200 200 200 200 200 200 200 200 200 200 200 200 200 200 200 200 200 200 200 200 200 200 200 200 200 200 200 200 200 200 200 200 200 200 200 200 200 200 200 200 200 200 200 200 200 200
616
167 135 23 198 169 10 192 7 77 9 5 138 133 92 197 197 171 160 68 90 77 182 181 65 127 82 95 165 70 15 163 172 95 198 94 168 114 99 81 76 189 104 143 152 47 118 105 11 66 21 86 131 200 116 25 133 121 76 2 142 17 79 74 2 162 25 30 112 105 128 154 113 152 31 45 41 71 98 58 59 45 43 115 16 96 11 118 199 134 13 16 118 148 9 90 121 185 150 46 80 5 164 139 0 12 54 197 180 103 60 143 166 195 99 172 53 132 163 96 38 68 118 0 53 190 187 11 178 144 131 178 167 172 75 30 123 105 35 157 127 82 44 83 66 61 139 21 141 83 147 40 118 124 108 8 67 70 43 8 89 182 131 158 125 87 148 169 126 168 107 161 126 32 103 157 77 161 165 44 42 82 106 145 183 54 20 197 34 19 92 92 178 19 152 98 103 139 96 56 8 93 96 0 100 34 179 200 76 37 84 84 110 136 104 110 168 7 112 122 20 66 156 90 74 152 63 122 68 111 53 144 80 58 169 173 81 94 192 136 96 100 22 131 2 154 85 183 139 43 122 11 1 2 17 25 132 70 185 194 26 183 51 170 123 2 98 81 198 149 94 188 67 123 148 46 200 150 83 188 10 27 144 87 71 75 115 146 77 106 120 128 80 122 116 114 146 117 109 80 53 54 190 17 48 89 88 68 195 107 58 12 167 145 183 28 63 34 22 191 55 15 156 128 65 169 149 130 190 152 1 155 82 137 159 45 178 23 153 161 184 93 9 194 69 184 68 142 167 22 45 21 37 16 78 180 133 63 73 149 33 142 172 188 30 166 54 6 103 117 157 192 9 37 85 117 52 47 26 198 72 102 24 139 81 52 30 69 32 11 83 197 128 127 137 108 193 171 100 177 76 71 86 163 48 118 168 183 64 170 91 114 6 73 141 94 143 155 156 114 83 84 145 14 87 75 127 74 73 196 150 160 78 75 148 15 56 51 157 105 111 17 185 104 130 62 114 121 49 103 55 6 182 28 60 128 189 134 175 145 178 50 12 98 193 183 174 169 196 45 58 110 166 186 115 24 17 100 28 148 16 142 49 124 142 88 137 17 161 117 157 187 163 169 41 12 68 129 131 68 94 137 36 193 78 6 147 10 119 152 138 180 141 200 57 1 145 156 100 21 163 181 6 120 190 149 73 43 118 155 170 41 185 173 163 120 69 16 117 77 174 187 142 198 45 169 144 137 140 160 9 82 139 154 150 82 133 108 25 117 190 42 42 190 187 171 62 129 137 31 172 177 40 8 184 65 141 74 102 135 142 23 148 162 41 11 178 47 125 82 147 166 43 186 194 190 116 153 192 175 26 32 174 94 139 96 135 18 170 18 132 94 30 15 15 19 187
680
2 16 9 7 1 2 4 0 4 4 2 7 1 1 14 13 4 19 5 18 3 12 15 20 7 4 16 18 5 19 18 20 16 9 10 1 10 8 16 11 11 13 18 11 17 17 17 3 8 16 2 17 4 17 16 16 12 4 18 4 3 12 16 9 17 19 15 5 20 8 16 15 10 10 18 13 20 5 0 11 0 0 15 12 11 12 15 12 6 7 7 20 7 3 14 2 20 15 18 14 8 17 5 11 6 20 15 2 13 12 12 8 5 15 0 7 6 1 16 20 6 13 0 14 7 1 17 18 2 20 20 17 3 8 6 14 17 14 13 18 8 11 17 7 13 19 7 1 5 2 11 14 2 14 10 12 4 18 4 1 2 3 7 5 6 8 5 2 9 19 20 15 13 8 11 6 14 5 16 17 5 3 7 6 17 0 1 6 14 11 0 15 14 7 1 13 16 3 9 2 2 17 5 7 6 5 3 9 0 10 20 14 13 7 11 3 15 19 1 2 7 19 0 15 10 17 4 9 7 18 8 20 5 1 11 18 1 0 16 15 2 1 8 6 3 17 5 0 8 12 15 14 14 13 7 9 15 0 6 18 18 18 2 17 4 12 4 5 8 18 11 18 4 2 13 15 9 19 13 12 1 5 2 9 13 6 2 2 13 19 15 17 12 17 7 7 2 18 14 5 5 6 17 0 3 13 9 13 16 0 10 3 5 13 1 10 18 13 20 8 18 18 2 20 0 19 15 15 14 13 17 17 19 17 13 17 12 17 2 17 18 19 19 18 3 13 1 18 9 6 2 10 7 12 1 16 10 17 6 1 14 7 17 0 5 16 5 9 18 17 20 20 2 17 10 9 9 6 7 4 7 5 15 13 20 9 1 19 13 4 20 9 14 15 9 4 11 20 9 19 10 12 19 6 0 10 6 13 17 8 11 8 18 12 6 19 11 1 20 18 19 18 7 1 0 13 4 7 2 2 14 1 10 14 11 19 18 8 12 1 7 15 14 19 7 2 17 18 9 4 16 12 6 17 0 16 15 13 3 5 15 12 6 16 11 1 19 1 17 0 16 6 0 10 7 14 1 11 13 6 0 19 7 3 4 18 19 19 9 4 8 13 20 3 9 17 13 3 4 3 19 10 13 1 18 10 17 9 13 11 0 10 18 13 18 9 4 14 13 18 16 1 2 19 15 3 13 7 1 18 3 10 15 11 1 10 14 2 10 5 17 7 5 16 2 5 6 2 12 1 3 1 7 14 19 5 0 17 19 16 14 5 7 13 11 7 13 10 13 18 19 11 18 6 13 19 13 20 10 3 20 0 16 11 9 9 11 16 2 11 0 19 19 12 15 9 11 10 10 1 15 8 10 15 14 10 12 14 19 13 15 5 19 17 3 8 19 17 15 2 4 12 8 13 14 5 13 11 10 14 9 18 7 6 3 16 5 6 12 19 6 2 11 11 12 20 18 0 1 18 4 4 16 2 17 12 6 8 12 15 0 5 16 18 4 7 6 16 16 18 20 14 18 5 4 9 13 19 5 16
692
0 200 81 70 117 119 83 76 93 89 59 75 85 103 100 79 116 111 88 51 104 91 105 55 103 53 119 50 92 113 102 51 66 99 81 57 67 50 118 65 110 112 101 90 102 106 58 103 76 100 106 92 70 63 113 56 89 97 78 51 55 57 88 114 71 77 118 88 103 113 86 62 54 73 60 70 92 70 67 114 59 53 89 99 63 110 95 73 71 61 113 107 78 60 90 59 98 67 107 56 112 111 97 113 98 62 73 97 106 109 104 74 59 67 62 61 101 103 69 115 73 120 51 91 68 113 112 75 61 96 103 83 54 74 95 88 84 118 59 101 109 57 90 75 88 103 93 58 75 83 83 111 67 87 95 103 98 80 120 86 95 57 63 114 110 103 110 110 65 95 52 116 97 76 80 51 113 54 74 89 84 71 101 66 73 94 52 59 100 104 64 82 118 119 50 60 89 101 116 91 95 69 107 60 99 59 57 77 86 62 71 60 62 72 77 118 116 68 92 94 97 56 67 112 50 105 63 102 80 117 99 112 103 64 51 115 53 96 93 79 60 50 75 95 72 108 59 52 78 98 111 79 95 65 82 86 58 102 114 82 97 110 71 89 103 57 95 68 115 62 120 80 75 53 60 70 57 87 83 62 116 80 111 58 87 74 56 106 120 60 97 95 61 56 105 53 103 112 69 103 64 115 91 60 77 91 57 86 113 98 95 89 83 107 54 61 85 61 58 98 114 63 102 59 81 73 109 73 91 77 51 57 118 56 101 119 119 90 109 112 82 116 112 86 107 52 78 115 87 73 117 114 115 71 61 61 50 61 117 64 87 106 90 103 76 67 59 82 116 56 97 95 119 116 80 91 61 113 79 77 50 97 105 91 67 111 85 119 53 61 94 56 56 115 88 73 112 63 66 57 92 50 52 52 100 63 101 111 61 97 111 114 115 101 106 55 77 56 64 97 108 104 120 111 56 51 51 111 70 82 102 87 76 117 53 55 118 72 51 60 60 96 97 117 91 86 66 82 64 68 103 81 119 116 97 80 57 116 53 50 106 50 59 103 70 118 102 117 61 93 92 100 101 110 68 57 113 109 68 114 118 112 82 63 81 103 105 107 58 94 65 82 52 94 105 89 94 84 99 88 61 73 82 118 61 106 119 96 118 114 89 109 52 53 107 64 97 102 92 99 83 110 112 109 119 77 86 103 112 113 79 55 109 56 85 88 103 54 116 115 104 80 67 103 77 77 80 108 112 109 107 69 69 118 106 81 116 112 103 88 97 80 74 66 97 55 116 53 58 102 67 93 119 54 62 68 107 100 72 61 117 52 93 111 62 59 108 65 87 73 72 72 97 104 73 87 117 58 60 102 66 58 88 69 116 102 50 114 100 97 51 71 53 77 103 118 95 67 112 54 112 58 55 54 50 87 113 93 77 51 111 100 86 90 88 93 81 105 96 74 102 89 56 90 102 53 112 65 62 120 77 109 79 74 94 85 65 91 50 103 91 93 57 116 86 82 61 57 104 84 50 108 66 119 61 95 117 113 75 76 62 50 101 77 73 108 104 74 56 79 55 200
770
39 89 182 58 194 141 129 124 101 177 143 48 127 67 15 188 19 120 42 91 72 159 153 169 86 172 136 16 175 147 90 39 62 159 50 91 103 11 155 26 127 166 23 106 15 9 24 95 66 80 90 60 11 153 60 136 175 179 106 176 17 16 142 96 49 162 146 142 200 44 90 1 43 106 124 14 149 43 176 47 15 13 179 122 94 162 163 57 176 5 60 123 19 195 155 177 123 62 26 103 85 167 83 21 91 12 4 167 158 126 62 132 147 54 70 178 11 101 104 1 33 93 81 116 172 90 179 45 137 147 24 19 103 79 180 128 50 170 155 152 123 141 78 40 52 158 96 149 155 77 125 131 87 180 16 128 103 190 69 176 119 122 170 124 83 131 200 90 56 198 197 187 128 177 166 65 87 14 46 86 106 2 161 194 162 48 52 68 62 114 93 88 106 41 140 102 134 176 174 70 108 66 43 23 25 174 1 82 149 27 51 84 170 1 134 141 194 80 13 108 103 193 120 85 118 33 138 128 58 33 29 123 79 35 184 88 125 190 81 80 118 159 46 44 87 174 85 11 127 8 119 120 43 72 111 134 110 7 99 28 99 177 98 104 45 20 58 59 47 199 145 44 146 109 41 142 137 159 42 129 198 197 196 105 136 163 199 127 8 62 74 84 107 90 114 151 92 165 153 170 96 161 25 184 115 166 33 141 25 123 130 164 74 131 145 175 73 86 157 64 10 187 145 139 145 157 102 197 19 3 7 25 2 199 191 61 124 24 153 147 32 23 165 155 19 77 110 159 194 39 94 177 63 30 119 128 126 168 71 16 113 84 146 80 36 90 86 89 94 158 48 192 53 195 116 124 34 16 95 87 52 171 58 0 144 42 163 26 171 177 155 32 150 128 45 83 154 131 15 130 126 56 113 183 83 183 180 127 91 88 86 167 62 158 140 176 169 33 166 14 127 43 196 96 161 88 156 98 15 189 16 56 63 100 190 82 98 168 73 132 112 18 107 111 181 17 8 196 103 95 186 133 71 89 101 152 177 143 15 59 48 45 175 58 139 141 92 23 29 162 99 89 157 115 124 74 118 27 16 151 30 47 174 62 170 19 78 87 46 200 49 142 86 35 44 66 132 73 23 145 65 47 45 34 187 23 182 124 113 142 161 56 181 66 27 7 107 89 148 142 187 43 56 95 161 45 141 155 144 133 181 92 193 18 54 168 171 118 162 148 140 67 52 115 121 133 111 152 147 106 89 93 76 49 151 145 140 188 79 79 154 54 89 62 187 56 7 102 163 175 127 145 160 193 63 96 171 162 95 15 79 116 161 36 152 96 157 64 27 191 183 198 166 123 81 111 75 93 78 51 92 160 69 135 61 16 31 161 52 151 164 19 134 0 171 13 189 94 131 73 149 88 181 191 82 28 4 131 181 114 95 26 143 23 35 180 114 68 13 123 30 136 48 21 108 81 115 28 93 10 113 106 196 66 133 59 94 54 30 147 198 125 84 129 59 184 161 187 109 197 97 94 151 124 151 182 98 123 100 106 20 32 78 74 97 75 37 145 13 13 171 169 27 91 52 110 114 176 188 113 46 68 55 106 79 40 177 15 46 149 174 142 81 29 189 196 19 98 176 128 194 129 74 71 61 89 190 98 24 131 17 84 136 16 191 27 191 42 81 92 71 22 134 200 199 118 189 103 135 192 156 91 184 58 42 10 134 96 71 91 36 176 55 174 119 158 60 96 124 199
987
46 42 42 42 34 42 34 42 46 34 46 34 34 34 46 42 34 42 42 42 34 46 34 34 46 34 34 34 42 46 42 34 34 34 46 34 34 42 42 42 46 42 46 46 46 34 42 34 42 46 42 46 42 42 34 42 34 46 46 46 42 46 42 46 42 34 42 34 46 34 42 34 42 46 34 42 46 46 34 46 34 42 42 46 46 34 42 34 34 34 46 42 34 42 46 34 42 42 46 46 46 34 34 46 46 34 46 34 42 46 34 42 46 42 46 46 46 46 42 34 34 42 46 34 42 34 46 46 34 34 34 34 42 42 42 42 34 34 46 34 46 42 46 34 42 34 34 42 34 34 42 42 46 42 42 42 42 42 42 42 34 46 34 34 42 34 46 42 34 34 46 46 46 46 46 46 34 42 42 46 46 42 34 46 34 34 46 34 34 42 42 34 42 42 34 34 34 34 34 34 46 46 34 42 34 46 42 34 34 46 46 46 34 42 42 34 34 34 34 42 46 34 46 34 42 42 34 46 42 42 34 46 42 42 34 34 46 46 34 46 42 42 34 42 42 34 46 42 34 42 46 46 46 42 42 46 46 46 34 34 46 42 42 46 34 46 34 34 46 34 42 34 46 34 34 42 42 34 34 42 34 34 34 42 42 34 34 46 34 42 42 46 42 34 34 46 42 34 42 42 46 42 42 42 34 34 46 46 46 46 46 42 34 42 34 34 34 46 42 46 34 34 42 46 34 34 34 46 46 34 34 46 46 34 46 34 42 42 34 42 34 34 46 34 46 46 42 46 46 46 34 46 34 46 46 42 34 46 42 42 34 46 34 46 42 42 42 46 34 34 34 46 46 34 46 46 42 34 46 42 42 34 42 34 42 42 34 46 46 42 34 34 34 46 42 34 34 46 34 34 34 34 34 46 34 34 46 42 34 42 42 42 34 34 42 34 42 34 46 34 46 34 46 42 42 42 34 42 34 42 42 42 42 42 34 42 46 46 46 34 46 34 46 42 42 34 46 34 42 46 34 46 34 34 46 42 46 34 34 42 46 46 46 42 42 34 46 46 46 34 42 46 42 42 42 34 42 42 34 46 34 42 46 42 42 34 46 42 46 34 42 42 34 46 34 34 34 46 46 46 34 42 46 34 46 46 46 34 34 34 42 42 42 46 34 34 34 34 34 46 46 42 46 46 46 42 42 46 46 46 46 46 42 34 46 42 34 34 46 46 42 34 46 46 42 34 42 42 34 42 42 34 34 46 34 46 42 42 34 34 42 46 34 34 34 34 46 46 34 34 34 46 42 42 46 34 42 42 34 46 42 42 46 46 34 46 34 46 42 46 42 46 34 42 42 34 46 46 42 46 42 34 34 34 46 34 34 42 42 46 34 46 34 42 34 46 46 46 42 34 46 46 42 34 42 46 46 46 42 42 46 46 34 42 46 34 42 46 42 34 34 42 46 42 46 46 42 46 46 34 42 46 34 46 46 42 46 34 34 46 46 42 34 46 42 42 34 34 34 34 42 46 46 46 42 42 34 46 42 34 42 46 46 42 46 46 46 34 42 46 34 42 46 34 34 46 46 46 46 46 34 46 42 46 46 34 34 42 34 34 34 42 42 34 46 42 34 46 46 34 34 46 46 46 34 34 46 46 46 34 34 42 34 46 46 42 46 42 34 46 46 34 42 42 42 46 34 46 42 46 46 42 46 42 34 34 42 42 42 46 34 34 46 46 34 42 34 34 34 42 34 46 42 34 46 46 46 34 34 42 46 42 42 46 42 42 46 46 34 46 46 46 46 42 42 34 34 34 46 46 34 42 46 46 46 46 46 42 34 46 34 42 42 34 42 46 34 46 46 34 34 42 46 42 46 46 34 46 34 42 34 46 46 42 46 34 42 42 42 42 46 34 46 34 46 46 46 42 46 34 34 46 42 46 46 34 42 42 34 34 46 42 34 42 46 34 46 46 34 34 42 42 46 34 42 42 42 46 46 42 46 34 46 46 42 34 46 42 34 42 42 42 46 34 46 46 34 42 42 34 46 42 46 34 42 46 46 42 42 34 42 34 46 34 46 46 34 46 46 34 46 42 34 42 42 42 42 46 42 34 42 46 46 34 42 42 46 42 34 34 42 42 34 46 42 46 34 34 42 46 34 46 34 34 34 34 42 46 34 34 42 46 42 34 42 46 46 42 34 34 42 46 42 42 46 46 46 42 42 46 42 46 34 34 34 42 34
746
0 4 16 196 12 190 13 195 7 190 13 197 1 6 18 15 7 17 5 12 9 14 3 6 8 12 10 2 190 3 8 6 8 20 8 7 20 2 8 0 3 4 182 0 188 7 20 167 1 18 11 162 0 5 3 159 199 18 20 1 3 20 1 15 9 11 15 1 6 6 7 17 15 1 171 155 19 17 7 18 17 197 17 10 6 3 16 162 5 178 10 18 19 178 16 16 3 15 11 182 15 4 7 4 170 197 16 197 20 16 2 9 11 5 168 16 11 18 0 9 1 16 3 180 1 0 178 1 11 11 4 1 8 12 11 0 18 15 13 12 18 176 197 2 10 5 198 13 3 16 7 186 3 8 4 0 0 13 7 8 8 9 1 19 5 4 12 4 1 0 4 2 10 15 183 10 18 174 5 7 9 20 197 6 13 14 177 14 159 9 0 164 6 15 3 5 13 17 16 174 10 14 6 20 7 159 15 14 1 15 164 20 13 10 11 0 4 20 7 3 8 162 0 176 11 3 186 5 1 198 168 13 3 8 18 18 1 193 19 7 181 3 15 0 13 16 6 6 158 12 171 156 6 5 1 12 9 158 9 17 5 19 13 3 161 7 11 2 6 15 10 15 7 166 18 194 1 171 0 2 7 15 9 1 4 5 19 1 15 19 0 0 0 14 1 18 7 163 13 13 2 20 175 6 198 152 12 14 14 173 17 176 11 18 18 3 11 197 4 8 163 19 2 6 11 6 11 13 18 200 12 17 190 19 16 16 10 6 10 182 1 174 12 181 192 176 9 4 11 185 189 4 7 1 8 11 1 13 3 17 20 7 19 14 4 8 0 167 5 12 176 4 4 15 181 20 4 14 17 7 17 11 3 18 179 6 3 167 14 178 0 7 2 5 195 15 19 12 194 3 19 18 0 19 20 10 1 14 13 1 16 16 18 14 1 9 8 13 14 11 182 5 20 14 4 15 166 8 164 194 18 15 13 187 11 190 1 9 8 4 7 19 6 8 10 0 190 12 1 5 18 3 10 16 14 9 2 186 11 185 20 12 16 187 14 184 14 0 13 180 181 3 8 7 16 1 3 17 180 14 11 2 6 19 12 11 14 15 20 162 189 7 13 15 193 8 0 1 19 20 3 16 165 16 2 4 11 8 8 14 1 3 1 14 18 15 7 19 190 193 15 14 9 12 1 4 151 150 1 19 193 188 15 1 5 7 9 1 2 2 3 8 200 16 1 6 16 9 12 1 15 8 7 13 11 10 11 18 198 177 18 19 11 181 3 9 13 152 1 5 14 8 18 19 8 5 161 16 3 18 10 1 180 9 17 5 11 18 19 198 12 173 12 10 18 19 13 15 166 8 6 4 1 19 13 17 10 18 4 8 16 150 20 3 3 5 10 8 18 3 16 0 18 6 15 12 16 18 16 13 185 10 17 4 0 171 17 2 190 13 8 3 7 165 4 20 14 167 185 0 18 181 9 162 7 160 13 20 17 8 6 17 20 13 1 11 8 0 8 197 10 8 19 184 17 9 17 14 6 3 5 8 172 11 13 199 1 11 13 11 0 18 15 1 2 164 1 3 188 2 1 16 196 14 19 4 13 16 10 20 197 20 163 9 17 9 3 17 4 174 20 12 14 3 12 0 1 19 10 19 13 7 0 6 9 18 0 8 1 156 7 15 16 8 7 10
9
0 0 0 0 0 0 0 0 0
761
200 200 200 200 200 200 200 200 200 200 200 200 200 200 200 200 200 200 200 200 200 200 200 200 200 200 200 200 200 200 200 200 200 200 200 200 200 200 200 200 200 200 200 200 200 200 200 200 200 200 200 200 200 200 200 200 200 200 200 200 200 200 200 200 200 200 200 200 200 200 200 200 200 200 200 200 200 200 200 200 200 200 200 200 200 200 200 200 200 200 200 200 200 200 200 200 200 200 200 200 200 200 200 200 200 200 200 200 200 200 200 200 200 200 200 200 200 200 200 200 200 200 200 200 200 200 200 200 200 200 200 200 200 200 200 200 200 200 200 200 200 200 200 200 200 200 200 200 200 200 200 200 200 200 200 200 200 200 200 200 200 200 200 200 200 200 200 200 200 200 200 200 200 200 200 200 200 200 200 200 200 200 200 200 200 200 200 200 200 200 200 200 200 200 200 200 200 200 200 200 200 200 200 200 200 200 200 200 200 200 200 200 200 200 200 200 200 200 200 200 200 200 200 200 200 200 200 200 200 200 200 200 200 200 200 200 200 200 200 200 200 200 200 200 200 200 200 200 200 200 200 200 200 200 200 200 200 200 200 200 200 200 200 200 200 200 200 200 200 200 200 200 200 200 200 200 200 200 200 200 200 200 200 200 200 200 200 200 200 200 200 200 200 200 200 200 200 200 200 200 200 200 200 200 200 200 200 200 200 200 200 200 200 200 200 200 200 200 200 200 200 200 200 200 200 200 200 200 200 200 200 200 200 200 200 200 200 200 200 200 200 200 200 200 200 200 200 200 200 200 200 200 200 200 200 200 200 200 200 200 200 200 200 200 200 200 200 200 200 200 200 200 200 200 200 200 200 200 200 200 200 200 200 200 200 200 200 200 200 200 200 200 200 200 200 200 200 200 200 200 200 200 200 200 200 200 200 200 200 200 200 200 200 200 200 200 200 200 200 200 200 200 200 200 200 200 200 200 200 200 200 200 200 200 200 200 200 200 200 200 200 200 200 200 200 200 200 200 200 200 200 200 200 200 200 200 200 200 200 200 200 200 200 200 200 200 200 200 200 200 200 200 200 200 200 200 200 200 200 200 200 200 200 200 200 200 200 200 200 200 200 200 200 200 200 200 200 200 200 200 200 200 200 200 200 200 200 200 200 200 200 200 200 200 200 200 200 200 200 200 200 200 200 200 200 200 200 200 200 200 200 200 200 200 200 200 200 200 200 200 200 200 200 200 200 200 200 200 200 200 200 200 200 200 200 200 200 200 200 200 200 200 200 200 200 200 200 200 200 200 200 200 200 200 200 200 200 200 200 200 200 200 200 200 200 200 200 200 200 200 200 200 200 200 200 200 200 200 200 200 200 200 200 200 200 200 200 200 200 200 200 200 200 200 200 200 200 200 200 200 200 200 200 200 200 200 200 200 200 200 200 200 200 200 200 200 200 200 200 200 200 200 200 200 200 200 200 200 200 200 200 200 200 200 200 200 200 200 200 200 200 200 200 200 200 200 200 200 200 200 200 200 200 200 200 200 200 200 200 200 200 200 200 200 200 200 200 200 200 200 200 200 200 200 200 200 200 200 200 200 200 200 200 200 200 200 200 200 200 200 200 200 200 200 200 200 200 200 200 200 200 200 200 200 200 200 200 200 200 200 200 200 200 200 200 200 200 200 200 200 200 200 200 200 200 200 200 200 200 200 200 200 200 200 200 200 200 200 200 200 200
636
13 5 0 14 20 9 7 4 11 4 11 14 11 18 12 13 15 13 11 13 8 2 4 9 20 11 20 15 13 19 13 3 5 4 4 11 7 17 20 7 5 11 20 3 9 2 14 9 0 18 2 11 12 0 8 10 7 2 13 0 4 2 19 3 2 5 19 6 20 11 13 12 0 9 1 6 16 3 13 3 17 7 16 9 12 2 14 12 4 6 9 2 5 10 9 17 18 7 8 4 5 5 7 3 13 14 14 3 5 17 6 2 14 0 5 10 13 0 1 18 12 19 2 19 3 13 5 19 3 13 16 5 0 10 1 18 15 19 16 4 6 9 8 9 4 7 7 11 2 17 8 18 0 7 20 0 16 12 0 10 0 16 7 20 1 1 5 13 15 4 2 17 0 12 3 8 15 3 7 14 9 0 7 10 12 19 4 6 20 5 6 9 12 2 4 3 11 0 18 7 0 3 11 14 13 14 13 10 13 15 4 14 5 12 1 17 7 18 9 2 13 3 8 8 15 13 6 15 3 0 17 7 14 0 9 17 4 3 16 16 14 10 5 3 19 13 9 20 1 12 12 16 11 3 4 9 18 16 1 2 7 17 0 17 3 2 4 12 10 8 14 6 1 2 9 4 14 2 14 18 12 0 12 18 0 16 13 12 17 17 0 3 8 6 6 7 19 0 17 14 8 11 7 17 6 15 7 17 8 16 2 10 1 11 18 14 2 11 6 5 0 10 0 12 8 5 3 15 1 10 12 6 7 5 16 11 15 15 11 4 9 4 13 3 19 6 8 19 3 5 9 17 9 5 0 17 12 4 12 19 12 8 20 5 10 3 9 18 14 16 2 1 3 8 4 9 13 9 2 9 1 3 8 10 3 19 1 17 13 14 19 15 8 11 17 12 5 14 2 13 15 11 13 14 13 8 11 18 8 19 8 9 19 13 8 11 2 4 3 4 14 6 14 6 4 14 19 5 3 5 7 15 0 3 11 7 7 12 11 11 19 18 11 9 8 16 9 16 1 12 8 2 16 7 10 3 0 16 7 2 7 2 10 10 11 1 19 1 9 4 0 17 17 13 4 10 16 16 14 8 3 7 19 7 7 19 2 3 13 7 6 8 13 10 18 8 15 19 9 6 18 20 18 15 11 3 10 19 7 13 5 5 7 20 1 5 0 2 19 20 15 14 13 5 20 12 4 15 7 10 19 18 0 17 15 5 20 16 3 16 1 19 2 19 9 10 8 2 11 4 19 16 7 11 15 15 17 8 14 6 7 6 10 8 15 6 6 15 17 17 9 0 11 0 9 19 13 17 8 19 16 15 18 11 9 15 8 6 19 8 16 3 12 3 11 19 4 2 11 11 8 5 16 8 0 15 10 4 1 8 4 4 13 10 15 7 15 20 5 11 3 13 11 1 5 13 17 14 9 5 10 12 7 1 10 20
504
0 0 142 142 0 142 0 142 0 0 0 0 142 56 0 56 56 142 56 0 56 142 0 0 0 142 142 142 56 56 0 142 142 0 142 142 0 142 56 0 56 0 56 56 0 56 56 0 0 0 142 56 0 56 56 142 56 56 56 56 0 142 142 56 142 56 0 0 56 56 142 56 56 56 56 142 0 0 142 142 142 56 56 142 0 56 56 0 0 142 142 56 142 0 142 0 56 0 142 0 0 142 56 0 56 142 0 56 142 56 142 142 0 142 142 142 0 142 56 56 56 142 0 0 142 56 56 56 142 56 0 142 0 56 56 56 0 142 142 56 142 0 142 56 0 56 0 142 0 0 56 142 0 56 142 56 142 56 0 142 142 0 56 142 142 0 142 56 56 0 56 56 56 56 0 56 56 56 0 0 0 142 142 56 0 142 0 0 142 56 142 56 142 56 56 56 142 142 56 56 142 0 0 0 0 142 56 56 0 56 56 142 56 0 0 142 142 56 142 142 56 0 142 0 56 142 142 56 0 0 0 56 56 56 142 142 0 56 56 142 0 56 142 56 142 142 0 0 0 142 142 0 56 142 56 0 142 56 56 142 56 0 0 0 0 142 0 0 0 0 56 0 142 0 0 0 142 0 56 142 56 56 0 56 142 56 142 142 142 56 142 142 0 0 56 142 56 56 56 142 142 0 56 142 142 56 0 56 142 0 0 56 142 142 0 0 0 0 0 56 142 56 56 142 56 142 142 0 56 0 142 0 142 0 56 142 56 0 56 142 56 56 0 142 0 142 0 56 142 0 0 0 142 56 142 0 0 0 0 56 56 142 0 56 0 0 0 142 0 0 56 0 142 142 0 56 56 142 56 142 0 0 142 56 142 56 56 0 0 0 0 56 56 142 56 142 0 56 142 56 142 56 0 0 56 0 56 56 56 0 56 142 142 0 0 56 0 142 56 0 142 142 0 56 142 56 142 0 0 142 56 0 142 142 56 142 142 142 142 56 142 56 142 142 142 0 142 56 0 142 142 0 56 142 142 142 56 56 0 0 0 0 56 142 0 56 56 0 56 0 56 0 0 142 56 56 0 56 56 56 142 142 56 0 142 142 56 56 142 56 142 142 0 56 142 142 0 0 0 56 142 56 56 56
64
19 9 189 8 167 10 19 4 3 18 17 2 10 20 3 19 5 10 10 19 200 1 199 185 10 9 15 2 8 17 10 3 6 155 16 15 3 6 190 0 18 199 10 17 178 5 153 14 19 11 2 4 178 14 16 190 19 13 4 191 0 17 4 11
479
200 200 200 200 200 200 200 200 200 200 200 200 200 200 200 200 200 200 200 200 200 200 200 200 200 200 200 200 200 200 200 200 200 200 200 200 200 200 200 200 200 200 200 200 200 200 200 200 200 200 200 200 200 200 200 200 200 200 200 200 200 200 200 200 200 200 200 200 200 200 200 200 200 200 200 200 200 200 200 200 200 200 200 200 200 200 200 200 200 200 200 200 200 200 200 200 200 200 200 200 200 200 200 200 200 200 200 200 200 200 200 200 200 200 200 200 200 200 200 200 200 200 200 200 200 200 200 200 200 200 200 200 200 200 200 200 200 200 200 200 200 200 200 200 200 200 200 200 200 200 200 200 200 200 200 200 200 200 200 200 200 200 200 200 200 200 200 200 200 200 200 200 200 200 200 200 200 200 200 200 200 200 200 200 200 200 200 200 200 200 200 200 200 200 200 200 200 200 200 200 200 200 200 200 200 200 200 200 200 200 200 200 200 200 200 200 200 200 200 200 200 200 200 200 200 200 200 200 200 200 200 200 200 200 200 200 200 200 200 200 200 200 200 200 200 200 200 200 200 200 200 200 200 200 200 200 200 200 200 200 200 200 200 200 200 200 200 200 200 200 200 200 200 200 200 200 200 200 200 200 200 200 200 200 200 200 200 200 200 200 200 200 200 200 200 200 200 200 200 200 200 200 200 200 200 200 200 200 200 200 200 200 200 200 200 200 200 200 200 200 200 200 200 200 200 200 200 200 200 200 200 200 200 200 200 200 200 200 200 200 200 200 200 200 200 200 200 200 200 200 200 200 200 200 200 200 200 200 200 200 200 200 200 200 200 200 200 200 200 200 200 200 200 200 200 200 200 200 200 200 200 200 200 200 200 200 200 200 200 200 200 200 200 200 200 200 200 200 200 200 200 200 200 200 200 200 200 200 200 200 200 200 200 200 200 200 200 200 200 200 200 200 200 200 200 200 200 200 200 200 200 200 200 200 200 200 200 200 200 200 200 200 200 200 200 200 200 200 200 200 200 200 200 200 200 200 200 200 200 200 200 200 200 200 200 200 200 200 200 200 200 200 200 200 200 200 200 200 200
389
200 200 200 200 200 200 200 200 200 200 200 200 200 200 200 200 200 200 200 200 200 200 200 200 200 200 200 200 200 200 200 200 200 200 200 200 200 200 200 200 200 200 200 200 200 200 200 200 200 200 200 200 200 200 200 200 200 200 200 200 200 200 200 200 200 200 200 200 200 200 200 200 200 200 200 200 200 200 200 200 200 200 200 200 200 200 200 200 200 200 200 200 200 200 200 200 200 200 200 200 200 200 200 200 200 200 200 200 200 200 200 200 200 200 200 200 200 200 200 200 200 200 200 200 200 200 200 200 200 200 200 200 200 200 200 200 200 200 200 200 200 200 200 200 200 200 200 200 200 200 200 200 200 200 200 200 200 200 200 200 200 200 200 200 200 200 200 200 200 200 200 200 200 200 200 200 200 200 200 200 200 200 200 200 200 200 200 200 200 200 200 200 200 200 200 200 200 200 200 200 200 200 200 200 200 200 200 200 200 200 200 200 200 200 200 200 200 200 200 200 200 200 200 200 200 200 200 200 200 200 200 200 200 200 200 200 200 200 200 200 200 200 200 200 200 200 200 200 200 200 200 200 200 200 200 200 200 200 200 200 200 200 200 200 200 200 200 200 200 200 200 200 200 200 200 200 200 200 200 200 200 200 200 200 200 200 200 200 200 200 200 200 200 200 200 200 200 200 200 200 200 200 200 200 200 200 200 200 200 200 200 200 200 200 200 200 200 200 200 200 200 200 200 200 200 200 200 200 200 200 200 200 200 200 200 200 200 200 200 200 200 200 200 200 200 200 200 200 200 200 200 200 200 200 200 200 200 200 200 200 200 200 200 200 200 200 200 200 200 200 200 200 200 200 200 200 200 200 200 200 200 200 200 200 200 200 200 200 200
743
66 66 200 66 98 200 66 66 98 66 98 200 200 98 200 98 200 98 98 66 98 200 200 200 66 66 200 98 66 200 66 200 200 66 66 98 66 200 98 98 200 200 66 200 200 200 200 200 66 98 200 200 98 200 66 98 200 200 98 200 200 98 200 200 98 200 200 200 98 66 98 200 200 98 66 66 66 66 200 200 66 98 98 98 200 98 200 200 66 66 98 98 98 200 200 98 200 66 200 200 200 98 98 98 98 66 66 66 200 66 200 98 98 98 98 98 66 200 200 200 66 66 66 200 66 98 98 66 66 66 200 98 200 66 200 66 66 200 98 200 66 200 200 98 200 98 66 200 98 98 66 98 66 66 98 200 200 98 200 200 66 98 66 200 98 98 98 200 200 200 200 66 98 66 200 200 66 98 66 98 200 98 200 98 66 200 98 98 66 66 200 200 66 200 200 98 98 200 98 98 200 66 98 98 200 200 98 98 200 66 200 98 200 200 98 66 98 98 98 66 66 98 200 98 200 66 98 200 66 200 98 66 200 200 200 200 98 98 66 98 66 98 98 98 98 66 98 200 66 200 200 200 200 200 98 66 200 66 98 98 66 200 98 66 66 98 66 200 66 200 98 66 98 66 200 200 98 200 66 98 66 200 200 66 98 98 98 66 66 98 200 98 98 66 200 66 98 200 66 66 98 200 200 200 98 66 200 66 66 98 66 200 66 200 200 98 200 200 66 98 98 200 98 66 98 98 66 98 66 66 98 200 98 98 98 66 66 66 98 66 200 98 66 98 98 98 200 200 66 200 66 98 98 66 200 98 200 98 200 98 98 98 200 200 98 200 98 98 98 66 98 66 66 66 200 98 98 66 200 66 66 200 98 98 200 98 200 98 98 200 98 66 98 66 200 66 200 66 66 66 98 200 200 200 66 200 66 98 66 200 66 200 200 98 66 98 66 200 200 66 200 200 98 200 98 98 66 98 66 98 66 200 98 200 200 200 200 98 98 66 66 98 98 98 200 66 200 200 66 98 98 66 66 98 66 200 200 98 66 200 98 66 66 66 66 200 200 66 200 66 66 98 66 200 98 200 98 98 200 200 200 98 200 98 66 200 66 200 200 200 200 66 66 98 200 98 98 200 98 66 66 98 66 98 66 98 66 98 66 98 98 98 66 66 98 200 200 98 98 98 66 98 98 98 66 200 200 98 66 66 66 66 66 200 200 200 200 66 200 98 98 200 66 200 98 98 200 98 200 98 200 66 200 98 200 98 66 66 98 66 66 98 200 66 200 98 66 66 98 98 200 66 98 200 200 200 98 66 66 200 200 98 98 200 200 66 66 98 98 200 66 66 200 98 66 98 98 66 98 200 200 98 66 98 200 200 200 66 98 66 66 98 200 66 200 66 98 66 200 66 98 200 66 66 66 200 98 200 98 98 200 200 66 66 200 200 66 98 200 98 98 66 98 200 200 98 98 66 200 98 98 98 200 98 98 66 98 66 200 66 200 200 200 98 66 98 98 66 66 98 66 98 200 98 98 66 200 200 98 98 200 200 66 98 200 98 200 200 66 98 200 98 98 200 98 66 66 66 66 66 66 66 98 98 200 98 66 66 98 66 66 98 66 98 200 66 66 66 66 98 98 200 66 200 200 66 200 200 98 200 98 200 98 66 200 98 66 200 66 66 98 200 98
305
43 140 165 132 171 107 66 200 38 101 188 167 131 85 5 72 100 172 47 155 50 149 91 200 56 137 46 1 29 129 21 70 119 115 192 109 108 95 130 70 189 94 188 66 92 23 41 65 84 71 0 127 105 197 79 46 7 147 21 123 114 94 116 102 120 178 57 21 1 19 122 157 127 151 18 108 61 142 131 101 95 81 135 185 132 155 162 97 164 50 197 64 150 6 41 138 175 68 87 61 97 51 117 61 142 110 150 193 51 131 64 8 54 97 151 147 21 152 88 163 174 55 168 114 132 93 26 96 136 107 197 55 124 14 90 104 104 85 70 14 179 51 6 94 121 25 72 0 189 200 89 141 63 57 200 169 66 175 60 104 182 197 192 126 65 90 155 162 143 137 49 170 3 45 173 194 105 109 16 140 131 23 48 163 108 115 126 189 21 23 62 56 55 86 11 18 148 134 20 140 69 162 107 124 25 157 144 150 30 7 122 11 49 8 189 165 123 13 82 25 116 16 101 164 0 147 167 120 87 57 96 191 58 112 161 52 26 184 12 109 73 110 104 7 154 104 138 178 91 151 140 53 188 148 79 129 72 29 177 75 182 139 131 28 67 147 166 48 192 18 49 99 24 10 150 81 46 46 9 86 129 125 14 181 151 162 167 137 121 52 103 56 200 26 1 197 59 38 94 81 117 121 71 66 12
464
3 21 22 3 144 102 21 3 144 21 3 22 186 22 186 186 21 22 3 144 144 102 186 22 3 3 102 22 22 186 3 22 186 3 102 186 3 144 22 144 21 3 102 186 102 102 3 102 21 144 21 102 186 186 102 186 144 102 3 22 22 22 144 186 144 3 144 22 21 144 21 144 102 144 186 22 21 22 144 102 21 186 21 186 21 186 144 186 3 186 186 22 186 102 21 144 144 144 21 144 3 186 186 144 144 21 22 144 102 144 22 22 22 21 22 186 186 186 21 144 21 186 21 102 102 102 21 3 144 21 102 22 3 186 22 102 144 3 22 186 102 144 144 102 3 21 102 102 21 102 22 3 144 3 186 22 102 186 102 186 186 102 144 22 21 186 21 186 144 102 3 186 186 22 186 144 21 22 22 102 21 102 186 21 3 22 21 22 186 22 22 3 144 144 102 21 144 3 21 22 3 3 102 21 21 186 22 3 186 102 186 144 102 186 3 102 21 144 21 144 186 21 144 144 22 186 186 21 21 3 22 186 186 102 144 22 22 102 21 3 186 3 144 3 3 144 186 3 144 186 102 144 102 186 102 186 144 144 3 102 102 3 22 144 3 21 21 22 102 102 186 186 186 144 144 186 22 144 144 186 22 102 186 102 144 186 144 144 22 186 186 22 186 22 21 102 144 186 186 144 3 144 102 102 22 102 102 22 3 22 22 144 144 186 22 21 22 22 3 22 21 144 144 3 3 102 144 22 22 102 144 22 22 144 102 186 22 144 102 186 21 102 144 102 22 21 144 21 102 22 102 21 21 102 21 3 186 102 102 186 3 3 144 102 186 144 22 144 22 102 102 144 102 3 21 102 144 21 144 22 22 186 102 144 3 102 3 186 186 21 22 102 186 186 186 102 22 3 21 21 102 186 22 144 144 22 22 186 144 102 144 102 3 102 3 21 22 3 3 102 186 102 22 3 144 22 21 144 21 21 22 21 144 144 22 21 21 144 102 22 144 144 144 21 144 144 186 102 21 3 21 21 3 102 21 102 21 144 22 144 22 22 102 102
842
37 57 37 57 37 57 37 57 37 37 57 37 37 37 57 37 37 37 37 37 57 37 37 37 57 37 37 57 57 37 37 57 57 57 37 57 57 37 57 37 37 37 57 37 57 57 37 57 57 57 57 57 57 57 57 57 57 37 57 37 57 37 37 57 37 37 37 57 37 57 37 37 57 57 57 37 37 37 57 57 37 57 37 57 37 37 37 57 57 57 57 57 57 57 37 37 57 37 57 37 57 37 37 37 37 37 37 37 57 37 57 37 57 57 57 57 37 37 57 57 57 37 37 57 37 57 37 57 57 57 37 57 37 37 57 37 37 57 37 57 37 37 37 37 57 57 57 37 37 57 37 37 57 57 57 37 37 57 57 57 57 57 57 57 37 57 37 57 37 57 57 57 57 57 37 37 37 37 57 37 37 57 37 57 57 37 57 37 37 37 57 37 37 57 37 37 37 37 57 57 57 57 57 57 37 57 57 37 37 57 57 57 57 57 37 57 57 57 37 57 37 37 57 37 37 57 37 57 37 37 57 37 37 37 37 37 37 57 57 37 57 37 37 57 37 57 37 37 57 37 57 57 57 37 37 57 37 57 57 57 57 37 57 57 57 57 37 57 37 57 37 57 37 37 57 37 57 57 37 37 57 37 37 57 57 57 37 37 37 37 57 37 37 37 57 37 57 37 37 57 37 37 37 57 37 57 37 57 57 37 37 37 37 37 57 57 37 37 37 37 37 37 57 57 57 37 57 37 37 37 37 57 57 57 57 37 37 57 37 37 57 37 57 37 37 37 37 37 37 57 57 37 57 57 37 37 37 57 57 57 57 37 37 57 37 57 57 57 37 37 37 37 57 57 37 37 57 37 57 37 37 37 57 57 57 37 37 57 57 57 37 37 37 37 37 57 37 37 37 57 57 37 57 57 57 57 57 57 57 57 57 57 37 57 37 37 37 37 37 57 57 57 57 37 57 57 37 57 57 57 37 37 57 57 37 57 57 57 37 57 37 57 57 37 37 57 37 37 57 57 57 37 37 37 37 37 37 37 37 57 57 57 57 57 37 57 57 37 57 37 57 37 57 37 57 37 57 37 37 57 37 37 57 57 37 37 57 57 37 37 37 57 57 37 57 57 37 57 37 57 37 37 37 57 57 37 37 57 57 57 57 57 57 37 57 37 37 57 37 57 57 37 37 37 37 57 57 57 57 37 57 57 57 37 37 37 57 57 37 57 57 57 57 57 37 57 37 37 57 37 37 37 57 37 37 57 57 37 37 37 57 57 57 37 57 57 57 37 57 37 37 37 37 37 37 57 57 37 37 37 37 57 37 37 37 37 57 57 57 37 57 57 37 57 37 37 57 37 37 37 37 37 37 57 57 57 57 37 37 57 37 37 57 37 37 57 57 37 37 37 37 57 57 37 57 57 37 57 57 37 37 57 57 37 57 37 57 37 57 57 57 37 57 37 57 37 37 37 57 57 37 57 37 37 37 37 57 57 37 37 57 57 57 57 37 37 57 37 57 57 57 57 57 57 37 37 57 57 37 37 57 37 57 37 57 57 37 37 57 57 57 57 37 57 57 37 57 57 57 57 57 57 57 37 57 57 57 57 57 37 57 57 37 57 57 37 57 57 37 57 57 37 37 57 57 57 37 37 37 37 37 57 37 37 37 37 57 57 37 57 37 37 37 37 37 57 37 37 37 37 37 57 37 37 37 37 57 57 57 37 57 37 57 57 57 37 37 57 57 57 57 37 57 57 57 37 57 37 37 37 57 37 37 57 57 57 57 37 37 57 57 37 57 57 37 57 57 37 37 37 57 57 57 57 37 37 37 37 57 57 37 37 37 57 57 37 37 57 57 37 57 57 57 37 37 37 57 37 57 57 57 57 57 57 57 37 37 57 57 37 37 37
314
0 0 0 0 0 0 0 0 0 0 0 0 0 0 0 0 0 0 0 0 0 0 0 0 0 0 0 0 0 0 0 0 0 0 0 0 0 0 0 0 0 0 0 0 0 0 0 0 0 0 0 0 0 0 0 0 0 0 0 0 0 0 0 0 0 0 0 0 0 0 0 0 0 0 0 0 0 0 0 0 0 0 0 0 0 0 0 0 0 0 0 0 0 0 0 0 0 0 0 0 0 0 0 0 0 0 0 0 0 0 0 0 0 0 0 0 0 0 0 0 0 0 0 0 0 0 0 0 0 0 0 0 0 0 0 0 0 0 0 0 0 0 0 0 0 0 0 0 0 0 0 0 0 0 0 0 0 0 0 0 0 0 0 0 0 0 0 0 0 0 0 0 0 0 0 0 0 0 0 0 0 0 0 0 0 0 0 0 0 0 0 0 0 0 0 0 0 0 0 0 0 0 0 0 0 0 0 0 0 0 0 0 0 0 0 0 0 0 0 0 0 0 0 0 0 0 0 0 0 0 0 0 0 0 0 0 0 0 0 0 0 0 0 0 0 0 0 0 0 0 0 0 0 0 0 0 0 0 0 0 0 0 0 0 0 0 0 0 0 0 0 0 0 0 0 0 0 0 0 0 0 0 0 0 0 0 0 0 0 0 0 0 0 0 0 0 0 0 0 0 0 0 0 0 0 0 0 0 0 0 0 0 0 0
461
200 200 200 200 200 200 200 200 200 200 200 200 200 200 200 200 200 200 200 200 200 200 200 200 200 200 200 200 200 200 200 200 200 200 200 200 200 200 200 200 200 200 200 200 200 200 200 200 200 200 200 200 200 200 200 200 200 200 200 200 200 200 200 200 200 200 200 200 200 200 200 200 200 200 200 200 200 200 200 200 200 200 200 200 200 200 200 200 200 200 200 200 200 200 200 200 200 200 200 200 200 200 200 200 200 200 200 200 200 200 200 200 200 200 200 200 200 200 200 200 200 200 200 200 200 200 200 200 200 200 200 200 200 200 200 200 200 200 200 200 200 200 200 200 200 200 200 200 200 200 200 200 200 200 200 200 200 200 200 200 200 200 200 200 200 200 200 200 200 200 200 200 200 200 200 200 200 200 200 200 200 200 200 200 200 200 200 200 200 200 200 200 200 200 200 200 200 200 200 200 200 200 200 200 200 200 200 200 200 200 200 200 200 200 200 200 200 200 200 200 200 200 200 200 200 200 200 200 200 200 200 200 200 200 200 200 200 200 200 200 200 200 200 200 200 200 200 200 200 200 200 200 200 200 200 200 200 200 200 200 200 200 200 200 200 200 200 200 200 200 200 200 200 200 200 200 200 200 200 200 200 200 200 200 200 200 200 200 200 200 200 200 200 200 200 200 200 200 200 200 200 200 200 200 200 200 200 200 200 200 200 200 200 200 200 200 200 200 200 200 200 200 200 200 200 200 200 200 200 200 200 200 200 200 200 200 200 200 200 200 200 200 200 200 200 200 200 200 200 200 200 200 200 200 200 200 200 200 200 200 200 200 200 200 200 200 200 200 200 200 200 200 200 200 200 200 200 200 200 200 200 200 200 200 200 200 200 200 200 200 200 200 200 200 200 200 200 200 200 200 200 200 200 200 200 200 200 200 200 200 200 200 200 200 200 200 200 200 200 200 200 200 200 200 200 200 200 200 200 200 200 200 200 200 200 200 200 200 200 200 200 200 200 200 200 200 200 200 200 200 200 200 200 200 200 200 200 200 200 200 200
612
200 200 200 200 200 200 200 200 200 200 200 200 200 200 200 200 200 200 200 200 200 200 200 200 200 200 200 200 200 200 200 200 200 200 200 200 200 200 200 200 200 200 200 200 200 200 200 200 200 200 200 200 200 200 200 200 200 200 200 200 200 200 200 200 200 200 200 200 200 200 200 200 200 200 200 200 200 200 200 200 200 200 200 200 200 200 200 200 200 200 200 200 200 200 200 200 200 200 200 200 200 200 200 200 200 200 200 200 200 200 200 200 200 200 200 200 200 200 200 200 200 200 200 200 200 200 200 200 200 200 200 200 200 200 200 200 200 200 200 200 200 200 200 200 200 200 200 200 200 200 200 200 200 200 200 200 200 200 200 200 200 200 200 200 200 200 200 200 200 200 200 200 200 200 200 200 200 200 200 200 200 200 200 200 200 200 200 200 200 200 200 200 200 200 200 200 200 200 200 200 200 200 200 200 200 200 200 200 200 200 200 200 200 200 200 200 200 200 200 200 200 200 200 200 200 200 200 200 200 200 200 200 200 200 200 200 200 200 200 200 200 200 200 200 200 200 200 200 200 200 200 200 200 200 200 200 200 200 200 200 200 200 200 200 200 200 200 200 200 200 200 200 200 200 200 200 200 200 200 200 200 200 200 200 200 200 200 200 200 200 200 200 200 200 200 200 200 200 200 200 200 200 200 200 200 200 200 200 200 200 200 200 200 200 200 200 200 200 200 200 200 200 200 200 200 200 200 200 200 200 200 200 200 200 200 200 200 200 200 200 200 200 200 200 200 200 200 200 200 200 200 200 200 200 200 200 200 200 200 200 200 200 200 200 200 200 200 200 200 200 200 200 200 200 200 200 200 200 200 200 200 200 200 200 200 200 200 200 200 200 200 200 200 200 200 200 200 200 200 200 200 200 200 200 200 200 200 200 200 200 200 200 200 200 200 200 200 200 200 200 200 200 200 200 200 200 200 200 200 200 200 200 200 200 200 200 200 200 200 200 200 200 200 200 200 200 200 200 200 200 200 200 200 200 200 200 200 200 200 200 200 200 200 200 200 200 200 200 200 200 200 200 200 200 200 200 200 200 200 200 200 200 200 200 200 200 200 200 200 200 200 200 200 200 200 200 200 200 200 200 200 200 200 200 200 200 200 200 200 200 200 200 200 200 200 200 200 200 200 200 200 200 200 200 200 200 200 200 200 200 200 200 200 200 200 200 200 200 200 200 200 200 200 200 200 200 200 200 200 200 200 200 200 200 200 200 200 200 200 200 200 200 200 200 200 200 200 200 200 200 200 200 200 200 200 200 200 200 200 200 200 200 200 200 200 200 200 200 200 200 200 200 200 200 200 200 200 200 200 200 200 200 200 200 200 200 200 200 200 200 200 200
520
19 4 1 15 3 20 18 7 5 18 18 11 5 4 4 16 6 15 3 5 7 15 1 4 6 19 0 0 2 1 2 19 9 14 17 12 8 4 8 7 10 15 8 14 19 18 13 12 9 12 11 5 7 3 7 14 17 4 7 5 0 6 17 10 8 13 4 16 7 11 6 2 17 5 6 6 2 7 6 15 1 17 8 17 4 0 13 17 0 8 2 9 19 15 12 1 6 16 10 18 5 11 20 11 18 16 12 13 13 0 9 19 15 15 20 1 3 19 13 7 7 12 11 4 9 4 6 14 20 9 4 7 12 12 17 2 7 1 12 7 13 20 1 20 12 4 19 1 8 14 15 6 6 3 4 2 19 8 5 4 19 0 13 13 16 2 17 13 1 14 8 5 17 13 1 6 13 16 4 9 13 5 10 2 6 5 11 20 7 6 13 12 1 4 8 19 14 2 13 12 18 4 13 16 14 4 8 1 16 11 14 17 10 8 8 9 17 18 1 7 15 15 5 15 8 9 17 0 16 7 12 17 10 10 12 20 11 17 15 13 5 0 1 3 2 0 18 4 19 15 10 2 13 7 13 10 16 9 2 10 17 12 0 7 18 18 2 15 6 4 12 16 15 4 14 7 14 9 4 16 2 15 2 3 18 9 1 10 1 14 6 20 9 11 11 11 16 20 10 1 14 4 20 20 7 13 2 11 8 10 12 1 7 18 5 4 0 20 9 19 17 3 15 7 9 5 12 13 4 16 15 9 16 5 10 2 17 18 5 14 11 7 1 9 11 11 4 7 3 19 7 9 20 9 15 3 9 1 19 4 19 4 9 18 16 15 13 5 14 18 0 0 20 19 12 18 18 8 2 2 9 17 12 15 17 10 14 4 12 14 5 11 9 6 1 9 14 2 20 13 20 5 4 13 17 10 12 11 5 19 1 3 0 17 19 17 19 6 10 4 15 16 18 10 10 20 9 1 16 9 20 20 19 7 5 2 11 19 18 5 18 5 13 11 18 20 1 4 0 20 5 20 5 17 17 18 7 6 18 18 3 0 17 0 4 17 3 7 14 2 13 5 17 19 4 12 18 5 12 3 7 14 5 8 13 20 12 8 3 7 2 10 2 1 18 9 19 16 14 6 7 12 8 9 11 2 6 18 16 12 17 18 6 15 2 2 7 14 13 7
450
18 133 95 91 196 157 27 156 11 2 183 154 101 109 165 8 27 67 144 83 171 126 15 26 197 67 9 166 84 42 154 177 164 168 18 22 164 124 131 18 147 199 134 174 132 65 96 153 162 109 58 118 19 106 125 31 144 142 65 19 55 158 98 141 40 189 136 92 5 160 18 110 130 120 99 71 4 67 184 162 149 141 46 129 72 146 140 118 101 36 94 138 59 162 199 165 199 97 3 103 101 72 46 154 181 24 175 95 20 188 93 166 191 144 17 135 65 87 74 109 61 198 83 60 74 183 133 170 114 54 69 189 20 76 106 73 80 59 94 186 5 112 125 9 73 3 161 128 17 58 78 137 154 134 123 181 130 164 57 12 68 27 179 106 109 186 27 26 83 123 67 100 101 44 57 54 99 72 160 90 46 44 176 180 71 142 117 66 199 9 176 26 65 163 62 36 55 145 38 21 3 11 193 51 190 151 95 111 57 53 186 125 159 127 14 142 119 39 26 194 132 101 125 156 135 70 95 121 189 97 198 166 56 68 173 200 65 7 154 20 38 145 41 91 136 100 1 33 162 186 66 123 68 20 91 35 151 61 135 170 111 148 154 56 88 128 13 52 87 156 97 192 157 19 180 129 50 147 59 52 135 71 3 112 112 115 92 130 189 44 125 112 15 57 83 126 102 178 169 149 128 157 172 2 85 75 28 148 177 110 28 192 37 23 180 85 180 108 48 143 182 34 115 160 189 128 2 176 109 195 32 123 138 140 42 72 160 27 76 182 177 121 116 120 172 199 64 190 85 157 124 46 44 85 60 168 20 21 64 65 158 160 35 54 157 125 171 41 95 75 74 19 82 166 100 161 167 162 20 19 14 9 132 114 22 188 98 123 167 100 25 93 91 159 143 175 43 173 60 114 48 1 132 166 139 146 191 1 135 121 182 71 43 26 152 60 97 79 187 34 185 130 87 128 91 69 127 119 104 71 22 200 198 83 157 79 79 46 43 104 109 112 6 138 79 166 166 176 194 171
76
0 0 0 0 0 0 0 0 0 0 0 0 0 0 0 0 0 0 0 0 0 0 0 0 0 0 0 0 0 0 0 0 0 0 0 0 0 0 0 0 0 0 0 0 0 0 0 0 0 0 0 0 0 0 0 0 0 0 0 0 0 0 0 0 0 0 0 0 0 0 0 0 0 0 0 0
223
4 55 189 158 4 55 175 175 4 109 189 189 158 4 55 158 4 189 4 158 4 158 158 4 158 4 189 55 55 158 158 158 4 189 175 109 189 158 4 158 189 175 4 55 175 189 109 175 189 158 189 158 55 4 175 55 158 109 189 55 55 158 189 109 109 4 189 175 158 55 175 158 175 158 189 158 4 109 55 109 109 158 158 158 158 109 189 175 109 158 158 109 158 189 189 189 189 55 158 109 189 175 158 55 189 4 189 158 109 158 175 109 55 4 175 109 189 158 55 4 109 109 109 158 4 158 109 4 189 189 175 55 189 189 175 109 109 55 189 189 189 4 158 158 158 158 109 189 55 189 55 4 158 109 158 189 175 55 55 175 109 175 175 55 4 55 55 4 175 109 158 189 189 4 175 175 4 189 55 55 175 55 189 189 189 55 109 55 175 189 189 175 109 189 4 4 4 189 109 175 175 189 175 189 175 189 158 4 189 189 55 109 109 4 175 175 175 189 55 189 109 189 189
527
1 4 16 3 13 158 13 14 188 8 19 159 5 178 11 0 8 6 3 11 11 18 182 8 1 4 12 9 158 20 19 154 5 8 17 9 3 18 2 9 12 200 1 19 18 7 7 17 0 17 15 15 6 8 6 160 172 159 175 2 20 186 0 181 8 13 150 0 16 17 14 18 1 10 177 17 16 13 5 15 1 18 17 5 18 0 0 0 15 10 2 177 15 166 7 4 11 180 9 18 182 18 165 18 16 3 2 16 15 192 0 20 17 1 16 13 11 19 198 8 5 17 7 0 3 13 20 19 9 7 9 8 15 16 3 3 184 2 164 16 9 19 2 176 1 13 15 8 176 157 7 19 19 10 159 185 5 5 0 14 1 3 11 14 17 14 4 18 16 20 15 15 159 3 154 13 8 200 6 20 16 15 13 3 1 12 3 16 1 2 13 17 7 3 2 186 5 183 5 0 11 7 19 1 7 17 158 6 19 9 18 0 8 9 1 4 160 16 7 11 167 20 9 9 178 181 177 13 17 161 1 190 157 2 184 13 6 14 14 16 4 13 14 6 10 18 152 6 2 7 179 164 19 18 16 5 18 14 13 8 17 7 17 2 14 199 19 10 17 7 183 188 12 12 12 11 5 17 4 8 5 17 0 152 11 194 1 7 167 5 6 5 11 1 7 14 16 14 20 16 5 185 9 4 5 12 19 164 176 1 16 9 179 11 197 0 7 16 166 9 167 180 0 1 5 2 7 17 11 1 15 20 5 1 10 17 8 16 15 8 16 12 162 11 18 176 13 20 16 153 4 18 14 14 1 2 13 3 19 11 20 11 6 10 1 12 7 4 19 9 182 9 18 153 2 166 187 17 8 6 10 2 18 10 15 174 7 8 2 10 1 19 5 13 11 7 1 7 5 150 15 9 151 13 10 0 10 20 154 4 15 15 20 5 19 183 3 19 2 156 150 9 5 17 16 4 14 154 15 170 173 15 12 163 186 18 179 18 9 17 20 5 4 15 9 15 196 8 19 155 177 176 152 18 12 189 2 156 19 4 9 15 13 160 11 5 5 18 11 4 1 2 191 167 6 173 15 6 2 7 162 179 5 19 6 14 8 3 5 20 10 18 16 0 4 0 152 11 9 14 11 15 2 9 8 160 7 20 19 9 14 15 16 10 10 152 155 0 6 15 8 6 16 0 179 4 2
749
184 1 85 184 1 1 85 85 85 1 1 169 184 85 184 1 85 1 1 184 169 169 184 169 85 85 169 1 85 169 85 85 1 1 85 85 1 85 85 85 85 184 85 184 1 85 184 1 169 184 85 1 169 85 1 85 169 169 85 184 1 85 184 169 169 169 85 1 85 85 85 1 85 1 1 85 85 169 1 85 1 1 85 85 169 1 85 85 184 85 184 184 169 85 169 169 1 184 169 1 85 184 1 184 85 169 85 169 1 184 85 85 184 85 85 85 184 169 85 184 184 1 85 85 85 85 1 85 85 85 85 85 85 85 169 169 184 169 1 184 85 169 85 85 169 1 184 85 1 169 85 1 169 85 169 85 184 85 184 169 169 85 85 184 85 184 169 184 169 184 184 85 1 85 169 85 169 184 1 1 85 85 184 1 1 169 184 85 184 85 169 85 85 85 85 85 169 184 184 85 85 1 85 169 184 85 169 85 85 85 184 1 169 169 1 184 1 169 169 184 85 85 85 85 169 169 85 1 85 169 169 169 1 1 85 169 169 85 85 1 1 85 169 184 169 85 184 169 169 85 85 169 169 85 169 85 169 1 169 85 85 169 85 169 85 169 85 1 169 184 1 85 169 169 85 184 169 1 1 85 169 85 169 184 85 85 184 85 85 85 1 1 169 1 85 85 184 184 1 85 85 85 85 169 184 169 85 169 85 85 85 85 184 169 1 1 85 169 184 85 184 85 169 184 85 169 184 85 1 1 184 184 169 169 85 85 85 169 169 169 1 85 85 184 169 1 184 85 85 184 184 1 184 1 169 85 1 85 85 85 85 85 184 85 169 169 1 169 169 184 85 169 1 184 1 184 169 169 169 1 169 85 85 1 85 184 85 184 85 184 85 1 184 169 1 85 85 1 1 184 85 169 1 184 85 169 1 85 169 169 85 1 85 85 85 85 1 169 1 169 184 184 169 184 184 169 85 85 85 85 169 184 169 169 184 1 184 169 1 85 1 85 85 1 85 169 85 85 169 1 85 184 85 85 85 85 85 1 1 1 85 184 184 85 184 85 1 85 184 85 85 85 85 169 184 1 85 1 184 184 1 85 169 85 169 169 169 85 85 85 1 184 85 184 1 85 1 169 184 1 85 85 184 184 85 1 85 85 1 85 85 85 85 184 184 169 1 85 85 169 85 85 184 1 85 169 85 169 169 184 169 184 184 1 169 184 169 1 85 169 1 1 1 85 85 184 85 1 1 184 184 169 169 169 169 85 85 184 85 184 85 85 85 169 169 85 85 85 85 184 184 85 85 169 184 85 169 169 169 1 1 1 184 184 85 1 85 85 85 85 85 85 85 1 1 169 85 184 184 85 85 85 85 169 1 184 184 85 85 184 169 85 85 85 1 169 169 184 85 85 184 85 184 1 85 85 85 1 85 184 85 169 1 85 85 184 85 1 1 169 85 1 85 85 1 1 85 85 1 169 1 184 1 184 85 85 85 1 85 85 85 1 85 184 184 85 85 1 184 1 184 184 1 169 85 184 85 184 184 184 169 1 85 1 1 85 169 85 85 85 85 184 184 184 1 184 169 1 1 85 184 1 85 85 85 85 184 184 85 85 169 85 184 184 85 85 184 85 1 169 85 85 1 184 85 184 1 85 85 85 85 184 169 85 85 184 85 184 1 184 169 85 169 169 85 85 85 1 169
777
200 200 200 200 200 200 200 200 200 200 200 200 200 200 200 200 200 200 200 200 200 200 200 200 200 200 200 200 200 200 200 200 200 200 200 200 200 200 200 200 200 200 200 200 200 200 200 200 200 200 200 200 200 200 200 200 200 200 200 200 200 200 200 200 200 200 200 200 200 200 200 200 200 200 200 200 200 200 200 200 200 200 200 200 200 200 200 200 200 200 200 200 200 200 200 200 200 200 200 200 200 200 200 200 200 200 200 200 200 200 200 200 200 200 200 200 200 200 200 200 200 200 200 200 200 200 200 200 200 200 200 200 200 200 200 200 200 200 200 200 200 200 200 200 200 200 200 200 200 200 200 200 200 200 200 200 200 200 200 200 200 200 200 200 200 200 200 200 200 200 200 200 200 200 200 200 200 200 200 200 200 200 200 200 200 200 200 200 200 200 200 200 200 200 200 200 200 200 200 200 200 200 200 200 200 200 200 200 200 200 200 200 200 200 200 200 200 200 200 200 200 200 200 200 200 200 200 200 200 200 200 200 200 200 200 200 200 200 200 200 200 200 200 200 200 200 200 200 200 200 200 200 200 200 200 200 200 200 200 200 200 200 200 200 200 200 200 200 200 200 200 200 200 200 200 200 200 200 200 200 200 200 200 200 200 200 200 200 200 200 200 200 200 200 200 200 200 200 200 200 200 200 200 200 200 200 200 200 200 200 200 200 200 200 200 200 200 200 200 200 200 200 200 200 200 200 200 200 200 200 200 200 200 200 200 200 200 200 200 200 200 200 200 200 200 200 200 200 200 200 200 200 200 200 200 200 200 200 200 200 200 200 200 200 200 200 200 200 200 200 200 200 200 200 200 200 200 200 200 200 200 200 200 200 200 200 200 200 200 200 200 200 200 200 200 200 200 200 200 200 200 200 200 200 200 200 200 200 200 200 200 200 200 200 200 200 200 200 200 200 200 200 200 200 200 200 200 200 200 200 200 200 200 200 200 200 200 200 200 200 200 200 200 200 200 200 200 200 200 200 200 200 200 200 200 200 200 200 200 200 200 200 200 200 200 200 200 200 200 200 200 200 200 200 200 200 200 200 200 200 200 200 200 200 200 200 200 200 200 200 200 200 200 200 200 200 200 200 200 200 200 200 200 200 200 200 200 200 200 200 200 200 200 200 200 200 200 200 200 200 200 200 200 200 200 200 200 200 200 200 200 200 200 200 200 200 200 200 200 200 200 200 200 200 200 200 200 200 200 200 200 200 200 200 200 200 200 200 200 200 200 200 200 200 200 200 200 200 200 200 200 200 200 200 200 200 200 200 200 200 200 200 200 200 200 200 200 200 200 200 200 200 200 200 200 200 200 200 200 200 200 200 200 200 200 200 200 200 200 200 200 200 200 200 200 200 200 200 200 200 200 200 200 200 200 200 200 200 200 200 200 200 200 200 200 200 200 200 200 200 200 200 200 200 200 200 200 200 200 200 200 200 200 200 200 200 200 200 200 200 200 200 200 200 200 200 200 200 200 200 200 200 200 200 200 200 200 200 200 200 200 200 200 200 200 200 200 200 200 200 200 200 200 200 200 200 200 200 200 200 200 200 200 200 200 200 200 200 200 200 200 200 200 200 200 200 200 200 200 200 200 200 200 200 200 200 200 200 200 200 200 200 200 200 200 200 200 200 200 200 200 200 200 200 200 200 200 200 200 200 200 200 200 200 200 200 200 200 200 200 200 200 200 200 200 200 200 200 200 200 200 200 200 200 200 200 200
343
181 142 11 160 171 133 63 11 45 101 124 15 180 109 138 59 75 191 121 156 182 109 160 65 160 28 41 13 65 190 4 123 172 176 180 133 146 7 143 139 167 145 56 107 23 61 95 106 94 73 71 126 49 45 26 173 187 160 138 43 159 187 146 71 31 62 61 40 19 128 94 172 79 1 197 106 23 94 190 177 83 188 93 176 21 52 108 126 148 124 200 61 39 38 18 53 158 154 20 75 138 17 48 200 84 190 158 117 44 51 189 116 156 4 177 32 6 44 19 158 158 147 157 190 193 129 182 152 129 32 87 140 185 99 151 74 43 194 74 59 182 75 135 159 137 35 130 46 88 140 19 84 19 154 169 191 122 36 115 93 84 103 10 35 152 71 31 29 68 37 102 21 110 151 132 111 183 46 65 187 178 11 131 54 69 187 94 137 93 65 166 30 6 116 118 60 136 178 74 198 127 128 138 173 117 177 120 7 86 140 1 85 174 69 27 147 37 65 108 150 195 97 49 19 24 74 65 128 21 175 117 19 81 146 181 113 34 138 120 96 118 41 57 190 90 188 89 175 113 132 182 81 54 63 133 48 119 189 111 183 102 61 130 190 191 180 107 5 67 9 186 23 58 172 146 46 135 95 129 125 153 191 130 113 179 49 118 3 103 119 163 185 112 3 91 200 51 26 130 188 64 168 122 145 25 88 197 40 31 77 178 123 36 139 84 16 88 150 186 152 163 179 196 162 109 134 157 82 156 196 183 157 117 128 123 168 15 195 59 18 58 137 137
134
200 200 200 200 200 200 200 200 200 200 200 200 200 200 200 200 200 200 200 200 200 200 200 200 200 200 200 200 200 200 200 200 200 200 200 200 200 200 200 200 200 200 200 200 200 200 200 200 200 200 200 200 200 200 200 200 200 200 200 200 200 200 200 200 200 200 200 200 200 200 200 200 200 200 200 200 200 200 200 200 200 200 200 200 200 200 200 200 200 200 200 200 200 200 200 200 200 200 200 200 200 200 200 200 200 200 200 200 200 200 200 200 200 200 200 200 200 200 200 200 200 200 200 200 200 200 200 200 200 200 200 200 200 200
596
0 0 0 0 0 0 0 0 0 0 0 0 0 0 0 0 0 0 0 0 0 0 0 0 0 0 0 0 0 0 0 0 0 0 0 0 0 0 0 0 0 0 0 0 0 0 0 0 0 0 0 0 0 0 0 0 0 0 0 0 0 0 0 0 0 0 0 0 0 0 0 0 0 0 0 0 0 0 0 0 0 0 0 0 0 0 0 0 0 0 0 0 0 0 0 0 0 0 0 0 0 0 0 0 0 0 0 0 0 0 0 0 0 0 0 0 0 0 0 0 0 0 0 0 0 0 0 0 0 0 0 0 0 0 0 0 0 0 0 0 0 0 0 0 0 0 0 0 0 0 0 0 0 0 0 0 0 0 0 0 0 0 0 0 0 0 0 0 0 0 0 0 0 0 0 0 0 0 0 0 0 0 0 0 0 0 0 0 0 0 0 0 0 0 0 0 0 0 0 0 0 0 0 0 0 0 0 0 0 0 0 0 0 0 0 0 0 0 0 0 0 0 0 0 0 0 0 0 0 0 0 0 0 0 0 0 0 0 0 0 0 0 0 0 0 0 0 0 0 0 0 0 0 0 0 0 0 0 0 0 0 0 0 0 0 0 0 0 0 0 0 0 0 0 0 0 0 0 0 0 0 0 0 0 0 0 0 0 0 0 0 0 0 0 0 0 0 0 0 0 0 0 0 0 0 0 0 0 0 0 0 0 0 0 0 0 0 0 0 0 0 0 0 0 0 0 0 0 0 0 0 0 0 0 0 0 0 0 0 0 0 0 0 0 0 0 0 0 0 0 0 0 0 0 0 0 0 0 0 0 0 0 0 0 0 0 0 0 0 0 0 0 0 0 0 0 0 0 0 0 0 0 0 0 0 0 0 0 0 0 0 0 0 0 0 0 0 0 0 0 0 0 0 0 0 0 0 0 0 0 0 0 0 0 0 0 0 0 0 0 0 0 0 0 0 0 0 0 0 0 0 0 0 0 0 0 0 0 0 0 0 0 0 0 0 0 0 0 0 0 0 0 0 0 0 0 0 0 0 0 0 0 0 0 0 0 0 0 0 0 0 0 0 0 0 0 0 0 0 0 0 0 0 0 0 0 0 0 0 0 0 0 0 0 0 0 0 0 0 0 0 0 0 0 0 0 0 0 0 0 0 0 0 0 0 0 0 0 0 0 0 0 0 0 0 0 0 0 0 0 0 0 0 0 0 0 0 0 0 0 0 0 0 0 0 0 0 0 0 0 0 0 0 0 0 0 0 0 0 0 0 0 0 0 0 0 0 0 0 0 0 0 0 0 0 0 0 0 0 0 0 0 0 0 0 0 0 0 0 0 0 0 0 0 0 0
944
0 0 0 0 0 0 0 0 0 0 0 0 0 0 0 0 0 0 0 0 0 0 0 0 0 0 0 0 0 0 0 0 0 0 0 0 0 0 0 0 0 0 0 0 0 0 0 0 0 0 0 0 0 0 0 0 0 0 0 0 0 0 0 0 0 0 0 0 0 0 0 0 0 0 0 0 0 0 0 0 0 0 0 0 0 0 0 0 0 0 0 0 0 0 0 0 0 0 0 0 0 0 0 0 0 0 0 0 0 0 0 0 0 0 0 0 0 0 0 0 0 0 0 0 0 0 0 0 0 0 0 0 0 0 0 0 0 0 0 0 0 0 0 0 0 0 0 0 0 0 0 0 0 0 0 0 0 0 0 0 0 0 0 0 0 0 0 0 0 0 0 0 0 0 0 0 0 0 0 0 0 0 0 0 0 0 0 0 0 0 0 0 0 0 0 0 0 0 0 0 0 0 0 0 0 0 0 0 0 0 0 0 0 0 0 0 0 0 0 0 0 0 0 0 0 0 0 0 0 0 0 0 0 0 0 0 0 0 0 0 0 0 0 0 0 0 0 0 0 0 0 0 0 0 0 0 0 0 0 0 0 0 0 0 0 0 0 0 0 0 0 0 0 0 0 0 0 0 0 0 0 0 0 0 0 0 0 0 0 0 0 0 0 0 0 0 0 0 0 0 0 0 0 0 0 0 0 0 0 0 0 0 0 0 0 0 0 0 0 0 0 0 0 0 0 0 0 0 0 0 0 0 0 0 0 0 0 0 0 0 0 0 0 0 0 0 0 0 0 0 0 0 0 0 0 0 0 0 0 0 0 0 0 0 0 0 0 0 0 0 0 0 0 0 0 0 0 0 0 0 0 0 0 0 0 0 0 0 0 0 0 0 0 0 0 0 0 0 0 0 0 0 0 0 0 0 0 0 0 0 0 0 0 0 0 0 0 0 0 0 0 0 0 0 0 0 0 0 0 0 0 0 0 0 0 0 0 0 0 0 0 0 0 0 0 0 0 0 0 0 0 0 0 0 0 0 0 0 0 0 0 0 0 0 0 0 0 0 0 0 0 0 0 0 0 0 0 0 0 0 0 0 0 0 0 0 0 0 0 0 0 0 0 0 0 0 0 0 0 0 0 0 0 0 0 0 0 0 0 0 0 0 0 0 0 0 0 0 0 0 0 0 0 0 0 0 0 0 0 0 0 0 0 0 0 0 0 0 0 0 0 0 0 0 0 0 0 0 0 0 0 0 0 0 0 0 0 0 0 0 0 0 0 0 0 0 0 0 0 0 0 0 0 0 0 0 0 0 0 0 0 0 0 0 0 0 0 0 0 0 0 0 0 0 0 0 0 0 0 0 0 0 0 0 0 0 0 0 0 0 0 0 0 0 0 0 0 0 0 0 0 0 0 0 0 0 0 0 0 0 0 0 0 0 0 0 0 0 0 0 0 0 0 0 0 0 0 0 0 0 0 0 0 0 0 0 0 0 0 0 0 0 0 0 0 0 0 0 0 0 0 0 0 0 0 0 0 0 0 0 0 0 0 0 0 0 0 0 0 0 0 0 0 0 0 0 0 0 0 0 0 0 0 0 0 0 0 0 0 0 0 0 0 0 0 0 0 0 0 0 0 0 0 0 0 0 0 0 0 0 0 0 0 0 0 0 0 0 0 0 0 0 0 0 0 0 0 0 0 0 0 0 0 0 0 0 0 0 0 0 0 0 0 0 0 0 0 0 0 0 0 0 0 0 0 0 0 0 0 0 0 0 0 0 0 0 0 0 0 0 0 0 0 0 0 0 0 0 0 0 0 0 0 0 0 0 0 0 0 0 0 0 0 0 0 0 0 0 0 0 0 0 0 0 0 0 0 0 0 0 0 0 0 0 0 0 0 0 0 0 0 0 0 0 0 0 0 0 0 0 0 0 0 0 0 0 0 0 0 0 0 0 0 0 0 0 0 0 0 0 0 0 0 0 0 0 0 0 0 0 0 0 0 0 0 0 0 0 0 0 0 0 0 0 0 0 0 0 0 0 0 0 0 0 0 0 0 0 0 0 0 0 0 0 0 0 0 0 0 0 0 0 0 0 0 0 0 0 0 0 0 0 0 0 0 0 0 0 0 0 0 0 0 0
900
5 7 8 4 17 4 14 17 7 13 18 13 10 5 4 11 16 13 7 11 5 19 17 15 7 18 4 7 7 14 6 20 12 19 9 15 10 12 11 3 19 20 9 17 11 8 13 5 2 3 11 7 10 8 20 13 11 5 0 18 13 11 7 15 9 6 17 8 10 1 20 4 7 9 12 14 5 10 0 17 0 14 7 10 17 7 7 1 8 12 17 4 16 1 4 9 19 0 0 14 10 15 4 16 9 10 19 18 14 8 0 14 9 12 3 17 17 15 9 2 0 16 20 18 18 1 3 5 16 17 8 1 17 14 13 6 18 3 14 11 16 8 17 4 2 10 15 5 20 6 14 10 14 20 4 8 19 16 18 20 7 6 17 19 16 10 15 17 11 19 6 9 19 5 20 15 3 0 14 14 18 9 17 11 6 10 15 7 17 1 7 0 14 11 14 15 12 16 3 12 6 10 18 5 3 9 16 7 2 8 8 1 10 15 5 3 18 17 15 4 1 3 19 8 8 14 1 9 3 7 16 7 19 19 20 1 1 7 10 0 2 5 6 0 20 9 8 13 19 14 6 8 6 10 18 19 13 10 19 4 14 5 3 14 7 7 17 5 9 17 5 10 1 4 6 10 2 3 17 11 4 2 14 14 0 5 3 19 5 20 8 16 13 7 6 9 17 18 0 4 4 16 14 15 3 3 17 4 18 17 16 12 16 9 13 19 6 8 12 17 17 17 10 8 18 18 20 3 19 11 12 18 11 19 7 7 19 1 2 14 20 6 19 1 8 13 7 13 13 17 9 12 6 8 10 15 19 5 17 0 20 1 3 14 17 19 7 20 6 6 3 4 13 17 6 13 10 14 13 6 19 5 2 8 8 2 11 17 13 11 5 13 16 17 10 11 4 13 4 8 8 4 16 12 5 14 1 8 4 12 5 10 13 4 20 3 7 14 6 17 20 2 6 7 11 14 4 18 13 17 12 13 1 20 2 3 2 9 1 3 17 0 3 0 2 18 8 15 12 19 15 4 9 11 6 5 14 9 9 13 12 11 14 11 10 0 17 16 8 2 14 14 0 0 0 6 9 5 11 4 3 15 9 10 14 10 17 11 20 7 15 11 19 2 5 2 7 0 15 1 16 15 17 9 0 13 6 9 5 17 1 7 19 11 3 19 4 16 8 7 19 8 6 12 16 3 6 3 11 3 8 8 5 0 15 8 9 1 0 13 7 16 17 5 17 17 9 14 3 6 6 4 16 7 9 6 20 14 5 9 18 19 3 3 18 3 5 0 15 3 0 9 2 20 7 4 16 14 3 1 3 20 11 14 8 18 17 4 2 16 16 12 14 4 20 13 13 18 17 20 14 20 4 10 3 12 14 9 14 13 13 6 16 13 0 7 20 4 4 7 20 5 12 3 13 16 9 8 6 19 0 17 19 12 8 18 8 10 18 1 6 12 0 9 4 13 12 1 15 7 14 14 2 16 13 10 4 2 17 20 7 2 12 14 19 5 11 5 20 1 19 17 8 5 10 12 11 4 15 10 0 4 18 5 0 17 17 18 10 11 3 15 17 0 15 13 7 13 3 6 2 11 9 8 5 16 13 14 19 0 6 2 2 6 3 2 9 16 9 7 14 5 10 11 5 10 15 15 3 20 0 10 9 4 8 2 12 11 10 5 5 18 17 0 14 3 13 9 11 19 11 12 2 10 19 7 13 8 17 6 17 13 17 8 1 8 4 8 0 16 17 12 15 12 0 18 2 9 19 11 17 20 8 8 12 13 2 6 2 17 9 6 14 16 5 9 19 17 4 11 3 9 20 10 0 11 3 7 1 8 10 13 11 7 8 17 4 13 8 0 20 17 13 7 7 14 9 4 14 3 9 0 13 0 9 19 8 0 10 0 6 0 4 7 7 9 14 8 8 6 10 9 13 4 17 13 11 3 8 13 6 14 0 10 8 19 12 9 8 9 16 19 13 6 17 3 20 13 5 3 13 17 16 6 7 15 7 2 1 18 1 18 2 12 1 14 7 8 2 2
121
200 200 200 200 200 200 200 200 200 200 200 200 200 200 200 200 200 200 200 200 200 200 200 200 200 200 200 200 200 200 200 200 200 200 200 200 200 200 200 200 200 200 200 200 200 200 200 200 200 200 200 200 200 200 200 200 200 200 200 200 200 200 200 200 200 200 200 200 200 200 200 200 200 200 200 200 200 200 200 200 200 200 200 200 200 200 200 200 200 200 200 200 200 200 200 200 200 200 200 200 200 200 200 200 200 200 200 200 200 200 200 200 200 200 200 200 200 200 200 200 200
210
0 0 0 0 0 0 0 0 0 0 0 0 0 0 0 0 0 0 0 0 0 0 0 0 0 0 0 0 0 0 0 0 0 0 0 0 0 0 0 0 0 0 0 0 0 0 0 0 0 0 0 0 0 0 0 0 0 0 0 0 0 0 0 0 0 0 0 0 0 0 0 0 0 0 0 0 0 0 0 0 0 0 0 0 0 0 0 0 0 0 0 0 0 0 0 0 0 0 0 0 0 0 0 0 0 0 0 0 0 0 0 0 0 0 0 0 0 0 0 0 0 0 0 0 0 0 0 0 0 0 0 0 0 0 0 0 0 0 0 0 0 0 0 0 0 0 0 0 0 0 0 0 0 0 0 0 0 0 0 0 0 0 0 0 0 0 0 0 0 0 0 0 0 0 0 0 0 0 0 0 0 0 0 0 0 0 0 0 0 0 0 0 0 0 0 0 0 0 0 0 0 0 0 0 0 0 0 0 0 0
799
0 0 0 0 0 0 0 0 0 0 0 0 0 0 0 0 0 0 0 0 0 0 0 0 0 0 0 0 0 0 0 0 0 0 0 0 0 0 0 0 0 0 0 0 0 0 0 0 0 0 0 0 0 0 0 0 0 0 0 0 0 0 0 0 0 0 0 0 0 0 0 0 0 0 0 0 0 0 0 0 0 0 0 0 0 0 0 0 0 0 0 0 0 0 0 0 0 0 0 0 0 0 0 0 0 0 0 0 0 0 0 0 0 0 0 0 0 0 0 0 0 0 0 0 0 0 0 0 0 0 0 0 0 0 0 0 0 0 0 0 0 0 0 0 0 0 0 0 0 0 0 0 0 0 0 0 0 0 0 0 0 0 0 0 0 0 0 0 0 0 0 0 0 0 0 0 0 0 0 0 0 0 0 0 0 0 0 0 0 0 0 0 0 0 0 0 0 0 0 0 0 0 0 0 0 0 0 0 0 0 0 0 0 0 0 0 0 0 0 0 0 0 0 0 0 0 0 0 0 0 0 0 0 0 0 0 0 0 0 0 0 0 0 0 0 0 0 0 0 0 0 0 0 0 0 0 0 0 0 0 0 0 0 0 0 0 0 0 0 0 0 0 0 0 0 0 0 0 0 0 0 0 0 0 0 0 0 0 0 0 0 0 0 0 0 0 0 0 0 0 0 0 0 0 0 0 0 0 0 0 0 0 0 0 0 0 0 0 0 0 0 0 0 0 0 0 0 0 0 0 0 0 0 0 0 0 0 0 0 0 0 0 0 0 0 0 0 0 0 0 0 0 0 0 0 0 0 0 0 0 0 0 0 0 0 0 0 0 0 0 0 0 0 0 0 0 0 0 0 0 0 0 0 0 0 0 0 0 0 0 0 0 0 0 0 0 0 0 0 0 0 0 0 0 0 0 0 0 0 0 0 0 0 0 0 0 0 0 0 0 0 0 0 0 0 0 0 0 0 0 0 0 0 0 0 0 0 0 0 0 0 0 0 0 0 0 0 0 0 0 0 0 0 0 0 0 0 0 0 0 0 0 0 0 0 0 0 0 0 0 0 0 0 0 0 0 0 0 0 0 0 0 0 0 0 0 0 0 0 0 0 0 0 0 0 0 0 0 0 0 0 0 0 0 0 0 0 0 0 0 0 0 0 0 0 0 0 0 0 0 0 0 0 0 0 0 0 0 0 0 0 0 0 0 0 0 0 0 0 0 0 0 0 0 0 0 0 0 0 0 0 0 0 0 0 0 0 0 0 0 0 0 0 0 0 0 0 0 0 0 0 0 0 0 0 0 0 0 0 0 0 0 0 0 0 0 0 0 0 0 0 0 0 0 0 0 0 0 0 0 0 0 0 0 0 0 0 0 0 0 0 0 0 0 0 0 0 0 0 0 0 0 0 0 0 0 0 0 0 0 0 0 0 0 0 0 0 0 0 0 0 0 0 0 0 0 0 0 0 0 0 0 0 0 0 0 0 0 0 0 0 0 0 0 0 0 0 0 0 0 0 0 0 0 0 0 0 0 0 0 0 0 0 0 0 0 0 0 0 0 0 0 0 0 0 0 0 0 0 0 0 0 0 0 0 0 0 0 0 0 0 0 0 0 0 0 0 0 0 0 0 0 0 0 0 0 0 0 0 0 0 0 0 0 0 0 0 0 0 0 0 0 0 0 0 0 0 0 0 0 0 0 0 0 0 0 0 0 0 0 0 0 0 0 0 0 0 0 0 0 0 0 0 0 0 0 0 0 0 0 0 0 0 0 0 0 0 0 0 0 0 0 0 0 0 0 0 0 0
80
0 0 0 0 0 0 0 0 0 0 0 0 0 0 0 0 0 0 0 0 0 0 0 0 0 0 0 0 0 0 0 0 0 0 0 0 0 0 0 0 0 0 0 0 0 0 0 0 0 0 0 0 0 0 0 0 0 0 0 0 0 0 0 0 0 0 0 0 0 0 0 0 0 0 0 0 0 0 0 0
982
182 126 21 58 92 160 81 154 84 89 61 31 111 110 4 120 122 12 153 121 184 128 187 155 59 161 147 2 109 40 82 70 171 30 11 67 169 67 154 108 95 120 79 174 37 58 24 143 76 18 77 133 24 87 155 133 75 89 179 75 36 87 67 84 156 27 15 68 93 80 99 11 125 138 13 171 16 129 41 1 173 133 197 46 156 167 50 32 2 182 130 96 190 131 146 84 74 29 54 74 123 28 157 88 126 183 154 31 135 58 150 116 32 178 114 57 48 106 98 192 197 199 104 18 126 106 67 17 91 3 121 96 194 103 11 111 20 70 44 27 157 68 92 70 129 107 35 112 149 44 176 41 75 152 142 179 126 128 12 141 54 171 195 178 166 187 168 45 93 6 66 181 9 62 33 27 53 157 38 200 90 126 146 75 95 64 128 23 12 78 183 79 160 123 194 194 90 87 110 26 13 103 187 45 63 50 160 188 1 189 99 84 173 155 127 191 124 175 180 158 25 78 113 199 143 142 144 19 139 36 10 197 129 44 33 167 136 41 59 126 51 61 199 7 67 92 85 155 32 35 55 107 193 79 189 100 143 110 159 20 123 9 71 196 52 117 51 71 34 111 113 136 185 194 12 156 195 128 134 197 160 129 14 75 59 152 60 1 132 41 164 11 178 200 168 29 116 7 189 19 143 107 89 27 190 81 100 54 151 150 125 102 147 35 53 113 17 174 118 91 72 47 71 89 116 125 126 109 50 52 20 166 121 105 4 22 108 146 177 24 137 97 9 170 137 29 92 37 198 111 69 93 81 188 198 74 117 180 42 152 108 193 43 64 113 69 185 107 49 151 117 143 111 121 33 84 164 74 52 160 111 8 192 127 38 178 11 192 11 135 192 90 77 26 80 138 77 194 156 159 176 197 59 140 64 165 90 7 83 88 75 87 58 28 196 126 138 78 82 121 128 6 92 175 161 89 171 86 95 61 55 29 171 101 69 80 32 20 37 71 38 101 131 175 155 119 92 58 159 7 52 21 141 3 129 82 97 173 190 45 43 78 129 94 11 121 44 84 32 162 134 70 116 178 16 97 153 59 189 63 153 105 64 85 44 189 122 151 38 29 136 192 82 54 124 11 70 64 173 89 158 32 184 148 174 99 9 69 14 106 106 71 5 15 30 49 191 11 181 100 168 165 154 61 146 81 79 128 31 152 147 43 54 188 58 96 15 0 173 16 39 173 76 141 16 86 154 177 30 168 102 176 66 185 63 25 73 109 37 182 24 63 129 182 200 2 200 177 62 165 37 193 177 67 100 71 45 145 1 110 158 72 116 30 44 170 37 34 60 199 170 14 81 79 150 156 39 193 3 165 104 30 20 121 83 175 192 120 110 107 18 76 59 84 66 190 15 52 167 67 179 151 111 163 23 60 97 38 113 176 187 139 53 24 190 93 95 49 33 186 76 147 176 185 26 200 173 12 158 93 66 51 169 85 3 3 74 102 133 13 172 86 41 9 150 49 190 139 119 112 109 84 11 185 153 63 147 143 64 10 129 72 190 8 68 124 19 31 55 89 139 6 45 69 176 91 11 187 193 135 105 139 143 103 137 103 83 172 3 192 45 56 44 164 125 197 23 197 70 8 28 87 136 163 87 128 105 138 142 129 4 84 106 65 190 31 5 179 99 67 13 189 117 53 200 135 146 8 22 51 27 33 110 51 0 170 62 138 64 194 16 180 129 145 175 108 191 164 162 11 44 171 182 96 12 76 60 191 89 134 35 22 199 54 140 91 120 143 7 191 155 20 197 152 86 195 161 126 156 60 139 139 60 5 186 30 40 127 143 31 191 67 103 70 176 186 11 124 20 84 174 13 100 10 46 42 22 120 181 194 107 52 135 17 178 144 183 109 195 4 43 38 51 111 88 169 162 50 53 7 147 189 158 145 7 199 63 79 84 107 68 186 128 107 61 158 74 152 131 82 32 180 180 41 69 11 115 111 24 169 197 16 116 33 80 200 187 153 183 117 111 111 121 21 45 91 32 79 26 30 41 115 149 146 196 40 119 190 30 16 190 35 192 108 104 1 148 197 150 186 109 90 147 125 169 123 174 188 145 115 102 136 54 117 164 23 89 68 53 35 80 20 74 183 10 87 148 77 97 190 165 132 84 189 132 142 121 195 44 199 160 99 168 83 81 166 197 182 193 46 7 143 151 23 97 141 66 15 198 160 81 71
395
89 14 8 8 8 51 14 89 14 136 14 8 14 8 180 8 14 89 51 51 180 51 180 180 8 51 89 8 89 51 8 89 14 8 14 51 51 180 180 14 51 14 180 14 89 180 89 14 14 8 180 180 89 51 89 136 8 89 136 51 89 51 136 14 51 136 89 89 14 8 51 180 8 14 89 136 51 51 180 51 180 89 51 136 14 136 136 8 14 89 180 180 89 51 51 180 14 136 14 180 51 136 136 14 14 180 89 89 180 89 136 8 180 51 14 8 8 180 8 136 51 51 8 180 136 51 51 51 8 89 51 136 180 89 180 51 180 14 136 180 180 136 136 51 89 136 51 136 136 14 8 89 14 136 14 14 14 89 8 136 180 51 136 136 14 136 51 51 89 136 89 51 89 136 180 51 180 8 89 8 8 136 180 180 180 14 51 89 51 136 14 136 51 180 51 14 136 14 14 51 89 180 8 89 89 180 51 51 136 136 8 14 180 51 136 180 8 14 89 89 14 89 89 51 14 180 8 136 14 14 89 89 89 136 51 180 136 51 51 180 136 180 136 136 14 136 51 14 136 8 14 180 89 14 51 89 89 8 89 180 14 51 136 14 180 136 14 180 14 89 14 180 8 89 180 8 51 136 180 14 180 8 8 14 8 89 51 8 14 14 8 8 136 89 180 136 51 89 180 136 8 51 136 14 89 14 14 51 14 136 180 180 136 8 89 8 89 180 89 51 8 8 51 8 8 89 14 14 180 8 51 89 14 136 8 180 180 51 14 136 14 89 8 136 180 180 89 180 51 89 51 8 89 14 51 89 180 51 89 14 14 14 51 136 180 51 8 8 136 8 180 89 51 136 8 180 89 51 180 136 136 180 136 14 136 180 89 8 180 180 136 136 14 89 51
468
0 200 71 83 57 81 75 94 101 59 107 74 88 64 93 68 72 60 101 56 90 110 100 113 55 71 111 89 94 111 109 59 76 70 62 118 95 63 86 55 78 120 72 53 99 112 98 73 81 56 93 105 104 103 94 100 67 82 53 52 72 106 50 80 71 118 118 55 104 66 114 81 95 117 108 94 92 85 114 106 71 114 83 86 99 76 54 107 56 84 116 92 63 105 111 90 66 60 80 63 72 64 82 55 63 64 116 75 95 62 92 76 116 120 85 119 120 54 104 82 92 95 94 55 62 120 102 75 76 84 53 119 67 117 110 80 68 114 106 108 115 59 60 66 54 66 107 77 51 97 114 98 82 68 57 111 92 64 113 93 111 103 93 82 104 61 90 103 58 118 104 103 66 61 52 107 89 91 67 60 64 71 59 97 110 50 86 76 83 102 102 72 69 120 54 80 69 51 105 77 99 106 114 56 59 73 72 55 63 93 61 62 118 116 109 72 58 80 110 62 98 80 94 87 80 51 59 98 78 118 68 116 59 94 86 75 111 72 83 93 120 63 95 66 69 100 94 80 114 106 86 57 82 118 55 71 68 81 118 104 106 105 116 91 58 106 74 119 111 79 98 57 104 88 86 68 73 91 58 98 109 58 99 91 50 63 115 101 115 98 117 100 97 73 71 75 81 109 78 63 77 77 97 78 66 107 73 118 81 81 106 89 88 116 86 63 80 61 93 67 51 73 118 117 104 78 94 113 114 62 78 91 50 94 80 97 66 92 111 91 108 78 114 71 115 93 72 56 71 70 51 78 105 61 104 114 57 112 109 73 98 111 114 66 79 103 88 101 56 85 105 53 118 84 61 104 70 108 93 103 79 109 80 90 50 88 92 117 82 85 81 90 120 102 58 88 114 63 104 89 112 87 50 60 113 69 78 58 110 77 111 61 84 117 120 120 108 106 117 109 72 110 83 105 57 59 70 73 76 96 89 70 71 67 99 67 67 93 88 60 53 90 86 72 65 69 79 62 68 108 104 95 120 100 104 76 61 117 88 81 117 99 86 106 64 82 111 200
461
0 200 96 74 72 72 52 88 79 59 51 69 83 74 101 71 78 91 60 72 81 62 81 105 104 113 52 118 62 107 109 114 102 80 98 87 75 81 113 54 105 51 66 94 104 112 101 70 115 71 64 63 105 80 55 71 98 59 52 104 55 77 55 87 63 56 90 65 71 113 63 63 100 63 72 65 96 114 55 100 100 95 68 57 85 96 103 97 75 52 75 97 105 100 92 97 113 70 114 105 109 113 91 61 105 84 67 73 112 107 77 107 74 92 62 98 70 82 52 89 69 69 108 110 107 109 104 105 84 80 116 75 76 103 104 64 87 53 114 67 96 114 78 107 120 54 106 65 90 54 110 86 119 56 88 93 71 60 107 60 75 104 67 52 72 113 54 80 100 83 94 102 53 107 61 102 58 98 100 97 109 61 93 81 119 80 87 108 119 113 59 107 94 94 114 101 53 100 113 92 99 88 85 108 112 60 50 111 114 95 75 68 82 60 96 114 89 105 53 67 66 118 66 67 60 75 61 61 77 73 114 84 73 112 58 64 104 73 104 68 51 87 69 94 95 81 101 59 97 107 115 90 54 68 93 66 109 77 65 112 91 100 93 110 76 98 76 92 80 117 91 111 51 107 56 93 77 116 114 116 57 74 111 72 94 76 87 80 50 73 110 117 66 98 97 101 117 120 97 75 65 74 101 65 93 75 113 83 72 60 65 60 84 110 84 78 99 82 57 113 50 68 63 76 75 81 50 59 54 110 86 101 55 115 71 112 112 90 71 95 73 51 92 94 83 73 59 60 71 102 108 103 101 55 68 74 103 109 91 50 66 117 104 106 58 108 118 84 105 113 68 71 105 56 59 73 86 63 80 58 58 91 57 70 93 51 61 88 57 109 107 105 96 71 99 108 58 115 84 68 105 101 88 82 71 82 76 108 85 50 85 51 106 50 115 84 65 109 101 58 82 54 93 108 104 105 93 118 77 115 98 63 83 112 64 90 88 111 56 81 73 94 77 80 61 91 116 72 115 100 115 115 98 77 107 67 59 108 69 96 200
435
0 0 0 0 0 0 0 0 0 0 0 0 0 0 0 0 0 0 0 0 0 0 0 0 0 0 0 0 0 0 0 0 0 0 0 0 0 0 0 0 0 0 0 0 0 0 0 0 0 0 0 0 0 0 0 0 0 0 0 0 0 0 0 0 0 0 0 0 0 0 0 0 0 0 0 0 0 0 0 0 0 0 0 0 0 0 0 0 0 0 0 0 0 0 0 0 0 0 0 0 0 0 0 0 0 0 0 0 0 0 0 0 0 0 0 0 0 0 0 0 0 0 0 0 0 0 0 0 0 0 0 0 0 0 0 0 0 0 0 0 0 0 0 0 0 0 0 0 0 0 0 0 0 0 0 0 0 0 0 0 0 0 0 0 0 0 0 0 0 0 0 0 0 0 0 0 0 0 0 0 0 0 0 0 0 0 0 0 0 0 0 0 0 0 0 0 0 0 0 0 0 0 0 0 0 0 0 0 0 0 0 0 0 0 0 0 0 0 0 0 0 0 0 0 0 0 0 0 0 0 0 0 0 0 0 0 0 0 0 0 0 0 0 0 0 0 0 0 0 0 0 0 0 0 0 0 0 0 0 0 0 0 0 0 0 0 0 0 0 0 0 0 0 0 0 0 0 0 0 0 0 0 0 0 0 0 0 0 0 0 0 0 0 0 0 0 0 0 0 0 0 0 0 0 0 0 0 0 0 0 0 0 0 0 0 0 0 0 0 0 0 0 0 0 0 0 0 0 0 0 0 0 0 0 0 0 0 0 0 0 0 0 0 0 0 0 0 0 0 0 0 0 0 0 0 0 0 0 0 0 0 0 0 0 0 0 0 0 0 0 0 0 0 0 0 0 0 0 0 0 0 0 0 0 0 0 0 0 0 0 0 0 0 0 0 0 0 0 0 0 0 0 0 0 0 0 0 0 0 0 0 0 0 0 0 0 0 0 0 0 0 0 0 0 0 0 0 0 0 0 0 0 0 0 0
362
4 187 9 12 183 18 164 5 160 16 10 0 4 20 175 16 15 18 10 159 2 168 10 9 8 12 13 13 9 2 15 0 7 163 3 4 12 15 7 3 2 183 3 3 6 17 18 0 5 2 194 3 10 2 13 4 0 2 17 3 7 16 0 3 17 167 174 11 15 17 153 0 182 15 15 17 16 169 8 11 14 13 191 8 17 14 17 167 18 7 18 20 15 11 20 17 0 3 181 5 10 4 19 13 14 5 8 4 170 13 2 8 1 1 7 15 20 18 168 200 6 14 168 156 160 15 19 13 2 159 4 1 14 13 4 11 2 12 18 4 15 15 2 19 12 9 18 186 4 1 13 11 9 9 9 155 1 180 153 1 10 10 14 9 4 180 18 14 5 2 169 198 182 191 4 200 4 3 172 182 184 14 9 8 7 0 156 11 200 190 13 2 8 17 8 20 9 18 4 1 155 16 9 7 14 6 10 4 13 20 4 3 12 12 13 6 167 13 5 168 188 20 166 14 169 180 19 19 9 17 9 15 8 181 5 8 18 9 17 3 11 15 11 3 13 6 20 20 1 16 10 10 16 14 7 5 12 198 18 12 9 12 13 7 151 3 185 15 7 7 3 16 18 15 155 8 169 171 154 1 5 7 161 19 3 0 1 8 18 2 154 4 150 14 18 2 4 1 173 198 10 14 18 196 11 16 7 170 197 187 2 1 13 10 19 159 196 162 18 181 9 14 4 4 1 151 5 4 20 163 11 7 154 10 7 18 7 1 1 12 0 11 14 20 0 15 16 0 4 14 8 18 0 11 13 20 8 11 11 18 1 0
675
46 46 46 46 115 115 46 115 46 115 115 46 46 115 46 115 115 115 46 46 46 46 115 115 115 115 115 46 115 46 115 46 115 115 46 46 46 46 115 46 46 115 115 115 115 115 115 115 46 46 46 115 46 46 115 46 115 46 46 46 46 46 115 46 115 46 115 46 115 46 46 115 115 115 46 46 46 46 115 46 115 46 46 115 115 115 46 115 115 46 115 46 46 46 46 115 115 115 115 115 46 46 46 115 46 46 46 115 46 46 46 115 115 46 115 115 115 115 115 115 46 46 115 46 115 46 115 46 115 46 115 46 115 115 115 46 115 115 46 115 46 115 46 46 115 115 46 46 46 46 46 46 115 115 115 115 115 115 46 46 46 46 46 115 115 115 115 115 46 46 115 115 46 115 115 115 115 46 115 46 46 115 46 115 115 115 46 46 115 115 46 115 115 115 115 46 46 46 46 115 115 115 115 46 46 46 46 46 46 115 46 46 115 115 115 115 46 46 115 46 46 115 46 115 115 46 46 115 46 46 115 46 115 46 46 46 46 46 46 46 46 115 115 46 115 46 115 46 46 46 115 115 46 46 115 115 115 46 115 115 115 115 46 46 46 46 46 115 115 115 115 46 115 115 46 46 115 46 115 46 115 46 46 115 46 46 46 46 115 46 46 46 46 46 46 115 115 46 115 115 46 46 46 46 46 115 115 46 46 115 46 115 46 115 46 46 46 115 46 115 115 115 46 115 46 115 46 115 115 115 115 115 115 46 115 46 115 115 115 46 115 46 115 115 46 115 115 46 46 115 46 46 46 115 115 46 115 115 115 46 115 115 46 46 46 115 46 46 115 115 46 115 115 115 115 46 115 46 46 46 46 46 46 46 115 46 115 115 46 46 46 46 46 46 46 115 46 115 115 46 46 115 46 115 46 46 115 46 46 115 46 46 115 46 46 46 115 115 46 115 115 46 115 46 46 46 46 46 46 46 115 46 46 46 46 115 46 115 115 115 115 115 115 46 46 46 115 46 46 46 115 115 46 46 46 115 46 115 46 115 115 115 115 46 46 115 115 46 46 46 115 46 115 115 115 115 115 46 115 46 46 46 115 115 115 46 115 115 46 46 115 46 46 46 46 115 115 46 115 115 115 46 115 115 115 115 46 46 115 46 115 46 46 46 46 46 115 46 115 115 46 46 46 46 46 115 46 46 115 46 46 46 115 115 46 46 115 46 46 115 46 115 46 115 46 46 46 46 46 115 46 115 46 115 115 115 115 115 46 115 115 115 46 115 46 46 46 46 115 115 115 46 115 115 115 115 46 115 46 46 46 46 46 46 115 46 46 46 115 46 115 115 115 46 46 115 46 46 46 46 46 115 115 46 115 46 115 46 115 115 46 46 46 115 115 115 46 115 46 46 46 115 115 46 115 46 46 115 115 46 46 46 115 115 115 115 46 115 115 115 46 115 115 46 46 115 46 46 115 115 115 115 115 46 115 115 115 46 46 115 115 46 46 46 115 46 115 46 46 46 46 46 46 115 46
496
0 0 0 0 0 0 0 0 0 0 0 0 0 0 0 0 0 0 0 0 0 0 0 0 0 0 0 0 0 0 0 0 0 0 0 0 0 0 0 0 0 0 0 0 0 0 0 0 0 0 0 0 0 0 0 0 0 0 0 0 0 0 0 0 0 0 0 0 0 0 0 0 0 0 0 0 0 0 0 0 0 0 0 0 0 0 0 0 0 0 0 0 0 0 0 0 0 0 0 0 0 0 0 0 0 0 0 0 0 0 0 0 0 0 0 0 0 0 0 0 0 0 0 0 0 0 0 0 0 0 0 0 0 0 0 0 0 0 0 0 0 0 0 0 0 0 0 0 0 0 0 0 0 0 0 0 0 0 0 0 0 0 0 0 0 0 0 0 0 0 0 0 0 0 0 0 0 0 0 0 0 0 0 0 0 0 0 0 0 0 0 0 0 0 0 0 0 0 0 0 0 0 0 0 0 0 0 0 0 0 0 0 0 0 0 0 0 0 0 0 0 0 0 0 0 0 0 0 0 0 0 0 0 0 0 0 0 0 0 0 0 0 0 0 0 0 0 0 0 0 0 0 0 0 0 0 0 0 0 0 0 0 0 0 0 0 0 0 0 0 0 0 0 0 0 0 0 0 0 0 0 0 0 0 0 0 0 0 0 0 0 0 0 0 0 0 0 0 0 0 0 0 0 0 0 0 0 0 0 0 0 0 0 0 0 0 0 0 0 0 0 0 0 0 0 0 0 0 0 0 0 0 0 0 0 0 0 0 0 0 0 0 0 0 0 0 0 0 0 0 0 0 0 0 0 0 0 0 0 0 0 0 0 0 0 0 0 0 0 0 0 0 0 0 0 0 0 0 0 0 0 0 0 0 0 0 0 0 0 0 0 0 0 0 0 0 0 0 0 0 0 0 0 0 0 0 0 0 0 0 0 0 0 0 0 0 0 0 0 0 0 0 0 0 0 0 0 0 0 0 0 0 0 0 0 0 0 0 0 0 0 0 0 0 0 0 0 0 0 0 0 0 0 0 0 0 0 0 0 0 0 0 0 0 0 0 0 0 0 0 0 0 0 0 0 0 0 0 0 0 0 0 0 0 0 0 0 0 0 0 0 0 0 0 0 0
232
200 200 200 200 200 200 200 200 200 200 200 200 200 200 200 200 200 200 200 200 200 200 200 200 200 200 200 200 200 200 200 200 200 200 200 200 200 200 200 200 200 200 200 200 200 200 200 200 200 200 200 200 200 200 200 200 200 200 200 200 200 200 200 200 200 200 200 200 200 200 200 200 200 200 200 200 200 200 200 200 200 200 200 200 200 200 200 200 200 200 200 200 200 200 200 200 200 200 200 200 200 200 200 200 200 200 200 200 200 200 200 200 200 200 200 200 200 200 200 200 200 200 200 200 200 200 200 200 200 200 200 200 200 200 200 200 200 200 200 200 200 200 200 200 200 200 200 200 200 200 200 200 200 200 200 200 200 200 200 200 200 200 200 200 200 200 200 200 200 200 200 200 200 200 200 200 200 200 200 200 200 200 200 200 200 200 200 200 200 200 200 200 200 200 200 200 200 200 200 200 200 200 200 200 200 200 200 200 200 200 200 200 200 200 200 200 200 200 200 200 200 200 200 200 200 200 200 200 200 200 200 200
398
200 200 200 200 200 200 200 200 200 200 200 200 200 200 200 200 200 200 200 200 200 200 200 200 200 200 200 200 200 200 200 200 200 200 200 200 200 200 200 200 200 200 200 200 200 200 200 200 200 200 200 200 200 200 200 200 200 200 200 200 200 200 200 200 200 200 200 200 200 200 200 200 200 200 200 200 200 200 200 200 200 200 200 200 200 200 200 200 200 200 200 200 200 200 200 200 200 200 200 200 200 200 200 200 200 200 200 200 200 200 200 200 200 200 200 200 200 200 200 200 200 200 200 200 200 200 200 200 200 200 200 200 200 200 200 200 200 200 200 200 200 200 200 200 200 200 200 200 200 200 200 200 200 200 200 200 200 200 200 200 200 200 200 200 200 200 200 200 200 200 200 200 200 200 200 200 200 200 200 200 200 200 200 200 200 200 200 200 200 200 200 200 200 200 200 200 200 200 200 200 200 200 200 200 200 200 200 200 200 200 200 200 200 200 200 200 200 200 200 200 200 200 200 200 200 200 200 200 200 200 200 200 200 200 200 200 200 200 200 200 200 200 200 200 200 200 200 200 200 200 200 200 200 200 200 200 200 200 200 200 200 200 200 200 200 200 200 200 200 200 200 200 200 200 200 200 200 200 200 200 200 200 200 200 200 200 200 200 200 200 200 200 200 200 200 200 200 200 200 200 200 200 200 200 200 200 200 200 200 200 200 200 200 200 200 200 200 200 200 200 200 200 200 200 200 200 200 200 200 200 200 200 200 200 200 200 200 200 200 200 200 200 200 200 200 200 200 200 200 200 200 200 200 200 200 200 200 200 200 200 200 200 200 200 200 200 200 200 200 200 200 200 200 200 200 200 200 200 200 200 200 200 200 200 200 200 200 200 200 200 200 200 200 200 200 200 200 200
993
0 0 0 0 0 0 0 0 0 0 0 0 0 0 0 0 0 0 0 0 0 0 0 0 0 0 0 0 0 0 0 0 0 0 0 0 0 0 0 0 0 0 0 0 0 0 0 0 0 0 0 0 0 0 0 0 0 0 0 0 0 0 0 0 0 0 0 0 0 0 0 0 0 0 0 0 0 0 0 0 0 0 0 0 0 0 0 0 0 0 0 0 0 0 0 0 0 0 0 0 0 0 0 0 0 0 0 0 0 0 0 0 0 0 0 0 0 0 0 0 0 0 0 0 0 0 0 0 0 0 0 0 0 0 0 0 0 0 0 0 0 0 0 0 0 0 0 0 0 0 0 0 0 0 0 0 0 0 0 0 0 0 0 0 0 0 0 0 0 0 0 0 0 0 0 0 0 0 0 0 0 0 0 0 0 0 0 0 0 0 0 0 0 0 0 0 0 0 0 0 0 0 0 0 0 0 0 0 0 0 0 0 0 0 0 0 0 0 0 0 0 0 0 0 0 0 0 0 0 0 0 0 0 0 0 0 0 0 0 0 0 0 0 0 0 0 0 0 0 0 0 0 0 0 0 0 0 0 0 0 0 0 0 0 0 0 0 0 0 0 0 0 0 0 0 0 0 0 0 0 0 0 0 0 0 0 0 0 0 0 0 0 0 0 0 0 0 0 0 0 0 0 0 0 0 0 0 0 0 0 0 0 0 0 0 0 0 0 0 0 0 0 0 0 0 0 0 0 0 0 0 0 0 0 0 0 0 0 0 0 0 0 0 0 0 0 0 0 0 0 0 0 0 0 0 0 0 0 0 0 0 0 0 0 0 0 0 0 0 0 0 0 0 0 0 0 0 0 0 0 0 0 0 0 0 0 0 0 0 0 0 0 0 0 0 0 0 0 0 0 0 0 0 0 0 0 0 0 0 0 0 0 0 0 0 0 0 0 0 0 0 0 0 0 0 0 0 0 0 0 0 0 0 0 0 0 0 0 0 0 0 0 0 0 0 0 0 0 0 0 0 0 0 0 0 0 0 0 0 0 0 0 0 0 0 0 0 0 0 0 0 0 0 0 0 0 0 0 0 0 0 0 0 0 0 0 0 0 0 0 0 0 0 0 0 0 0 0 0 0 0 0 0 0 0 0 0 0 0 0 0 0 0 0 0 0 0 0 0 0 0 0 0 0 0 0 0 0 0 0 0 0 0 0 0 0 0 0 0 0 0 0 0 0 0 0 0 0 0 0 0 0 0 0 0 0 0 0 0 0 0 0 0 0 0 0 0 0 0 0 0 0 0 0 0 0 0 0 0 0 0 0 0 0 0 0 0 0 0 0 0 0 0 0 0 0 0 0 0 0 0 0 0 0 0 0 0 0 0 0 0 0 0 0 0 0 0 0 0 0 0 0 0 0 0 0 0 0 0 0 0 0 0 0 0 0 0 0 0 0 0 0 0 0 0 0 0 0 0 0 0 0 0 0 0 0 0 0 0 0 0 0 0 0 0 0 0 0 0 0 0 0 0 0 0 0 0 0 0 0 0 0 0 0 0 0 0 0 0 0 0 0 0 0 0 0 0 0 0 0 0 0 0 0 0 0 0 0 0 0 0 0 0 0 0 0 0 0 0 0 0 0 0 0 0 0 0 0 0 0 0 0 0 0 0 0 0 0 0 0 0 0 0 0 0 0 0 0 0 0 0 0 0 0 0 0 0 0 0 0 0 0 0 0 0 0 0 0 0 0 0 0 0 0 0 0 0 0 0 0 0 0 0 0 0 0 0 0 0 0 0 0 0 0 0 0 0 0 0 0 0 0 0 0 0 0 0 0 0 0 0 0 0 0 0 0 0 0 0 0 0 0 0 0 0 0 0 0 0 0 0 0 0 0 0 0 0 0 0 0 0 0 0 0 0 0 0 0 0 0 0 0 0 0 0 0 0 0 0 0 0 0 0 0 0 0 0 0 0 0 0 0 0 0 0 0 0 0 0 0 0 0 0 0 0 0 0 0 0 0 0 0 0 0 0 0 0 0 0 0 0 0 0 0 0 0 0 0 0 0 0 0 0 0 0 0 0 0 0 0 0 0 0 0 0 0 0 0 0 0 0 0 0 0 0 0 0 0 0 0 0 0 0 0 0 0 0 0 0 0 0 0 0 0 0 0 0 0 0 0 0 0 0 0 0 0 0 0 0 0 0 0 0 0 0 0 0 0 0 0 0 0 0 0 0 0 0 0 0 0 0 0 0
187
151 151 183 183 183 151 151 183 183 151 183 183 151 151 151 183 183 151 183 183 183 183 183 151 183 151 183 183 183 151 151 151 151 151 183 151 183 183 183 183 183 151 151 183 183 183 151 151 151 183 183 151 183 183 151 183 151 183 151 183 183 151 151 183 183 183 151 151 183 183 183 151 183 183 151 183 183 151 151 151 183 183 151 151 151 183 151 183 183 151 183 151 183 183 183 183 183 183 151 183 151 183 183 151 183 151 183 183 151 183 183 183 151 183 151 151 151 151 151 151 183 151 183 183 151 151 183 183 183 151 151 151 151 183 151 183 151 183 183 183 151 151 151 151 183 151 151 183 183 151 183 183 151 151 183 151 183 183 151 183 151 183 183 183 151 183 183 183 183 183 151 151 183 183 183 183 183 151 183 151 183 183 151 183 183 183 151
865
0 200 98 100 110 79 102 94 113 52 65 61 88 87 107 115 94 83 72 64 56 115 71 97 119 95 54 90 68 84 94 92 62 50 79 102 108 94 87 91 94 63 89 97 104 117 78 100 67 66 88 77 88 60 91 112 62 59 71 115 107 66 58 109 66 90 107 68 69 71 116 116 67 104 117 97 96 109 67 68 112 117 52 117 85 74 70 78 111 50 55 55 61 93 56 74 108 90 59 56 60 76 55 55 68 50 111 103 91 109 112 102 59 66 114 82 112 110 74 91 79 79 92 120 116 120 53 115 62 101 111 81 109 97 102 69 118 83 88 95 80 98 86 58 120 117 101 97 104 55 67 113 81 69 53 68 82 75 56 79 77 117 63 106 93 57 60 67 60 57 62 78 79 51 120 73 110 104 113 101 75 115 58 77 117 109 64 103 54 62 93 116 117 104 62 68 79 76 111 117 84 87 71 67 107 56 114 52 118 86 84 105 78 77 96 108 81 114 98 70 58 69 108 100 99 70 67 108 53 86 96 107 59 102 87 104 117 118 55 120 118 111 110 82 89 84 105 118 109 116 101 55 70 77 78 120 108 103 106 81 99 115 72 53 59 64 81 64 114 54 54 82 82 120 94 99 94 78 55 113 96 73 67 50 71 92 85 78 73 73 85 55 69 82 111 94 79 69 88 75 63 71 120 73 76 108 57 88 102 116 82 87 82 95 90 64 59 73 63 67 52 98 96 68 101 76 77 69 116 56 113 77 114 111 62 103 71 92 64 94 73 117 53 90 114 68 115 51 91 120 94 108 97 56 72 84 80 99 98 104 111 104 114 70 106 85 110 97 50 109 118 97 113 68 60 67 84 68 52 97 92 86 94 72 94 58 111 120 83 58 100 65 52 54 116 109 72 91 100 57 91 113 56 115 69 75 109 63 74 84 88 51 92 115 86 68 106 53 109 61 113 101 66 100 58 54 94 117 114 105 90 102 83 54 110 91 98 62 86 59 90 97 115 54 64 80 111 74 61 76 99 59 106 62 119 69 88 100 100 87 54 91 90 99 61 65 97 56 86 112 67 56 91 107 101 82 87 80 63 97 92 110 114 50 70 107 100 71 75 113 96 101 50 107 69 72 68 75 51 70 57 113 86 111 102 106 80 101 100 85 53 101 70 102 66 104 65 119 105 50 62 61 68 111 99 58 59 50 65 71 85 70 88 80 68 115 69 105 54 82 115 91 57 106 95 72 93 120 58 90 83 72 88 72 120 92 120 108 107 99 115 90 102 52 95 65 79 54 80 116 71 104 92 103 55 115 90 103 53 91 118 93 93 106 102 61 97 103 89 113 71 77 88 88 58 88 71 120 89 98 92 85 83 62 104 54 81 91 69 119 55 81 113 82 87 72 117 109 53 54 97 81 84 89 89 69 62 69 109 96 79 59 63 106 71 70 50 54 80 60 111 93 67 82 114 92 58 113 69 96 108 79 71 74 73 91 115 107 54 84 105 91 99 70 83 90 64 72 89 60 104 73 70 60 66 118 118 62 64 70 105 104 111 68 117 99 50 99 112 57 52 85 96 56 59 110 90 91 62 88 108 106 92 87 86 65 104 60 101 106 95 95 58 100 87 115 107 63 52 106 80 67 75 80 51 111 105 74 109 86 105 80 99 111 52 63 60 98 77 61 90 106 69 106 82 118 88 80 67 80 120 103 102 54 77 81 87 52 50 73 68 118 68 100 85 86 64 94 107 94 84 73 120 103 94 102 114 84 52 73 53 107 70 96 64 115 111 59 70 104 65 113 79 55 81 106 92 97 108 89 75 50 81 92 78 81 50 111 82 101 73 68 115 94 70 57 79 70 120 87 84 73 107 95 51 60 81 65 100 56 117 104 52 97 112 87 106 101 86 53 115 104 65 82 54 60 51 95 55 66 96 67 69 78 107 51 76 85 119 61 84 59 53 104 200
690
0 200 111 80 120 75 62 107 65 104 95 102 86 71 50 85 117 73 113 107 90 56 73 102 59 116 91 54 53 53 113 86 95 107 88 83 92 70 69 67 54 60 95 50 87 52 81 102 80 97 110 88 68 113 102 100 115 107 60 55 94 99 89 70 100 109 60 112 79 111 69 83 74 86 57 71 66 51 74 87 88 95 85 105 62 86 104 59 61 84 53 70 81 85 82 50 110 120 108 58 55 108 66 76 74 66 66 98 108 98 52 102 64 53 57 50 71 113 115 65 87 60 53 51 119 97 93 103 70 100 117 73 110 102 60 115 98 91 86 116 83 88 93 61 84 99 66 59 101 101 96 70 55 97 101 91 70 96 108 60 73 76 99 73 71 59 104 62 111 67 73 104 93 61 119 65 99 118 54 107 113 83 61 111 76 63 76 82 102 53 98 76 97 110 120 88 94 54 114 108 70 52 95 99 78 64 60 70 60 80 85 87 52 107 74 53 60 73 67 90 117 87 85 66 85 68 115 84 76 110 68 106 109 77 75 70 105 80 91 75 81 87 71 89 117 100 113 57 74 98 118 63 50 97 99 80 64 76 73 85 95 64 99 84 94 73 58 111 119 95 93 60 72 100 70 76 61 83 84 93 112 91 82 63 52 77 71 65 104 103 62 86 57 104 93 73 77 67 120 74 94 98 109 91 79 103 83 119 70 97 110 65 77 114 118 91 105 53 88 54 68 57 65 109 102 79 80 65 74 110 71 108 83 116 69 58 63 61 75 80 60 52 117 55 120 111 65 66 53 94 118 111 69 76 92 51 58 72 107 68 54 118 115 63 93 61 100 101 58 90 64 91 91 65 71 60 72 58 97 90 67 64 55 99 114 108 69 63 63 57 56 92 94 117 58 84 94 53 101 105 118 99 51 74 62 74 76 89 54 94 106 115 100 64 57 115 53 105 62 52 63 86 65 69 109 78 119 102 68 100 71 110 79 98 93 73 87 113 105 72 96 100 90 69 63 86 71 110 81 117 95 61 56 77 84 96 91 96 54 108 110 57 74 117 86 72 96 117 59 114 118 106 116 70 73 84 50 80 85 66 80 66 106 63 106 114 52 103 106 52 58 73 115 114 71 112 97 102 95 72 94 92 70 59 116 92 60 82 117 108 87 68 52 85 63 119 108 92 94 97 100 63 70 70 100 107 65 65 101 101 85 69 93 107 74 103 66 70 103 56 118 105 52 60 85 74 98 74 57 68 62 82 99 84 79 71 67 53 103 63 117 103 108 118 112 81 56 107 82 89 105 85 106 74 62 52 119 118 86 100 57 57 89 88 65 117 75 108 95 64 77 66 98 91 81 80 98 67 97 111 77 58 83 93 63 91 69 78 93 111 112 95 58 53 113 63 109 58 51 63 65 108 93 100 104 62 97 65 58 60 65 61 107 82 55 80 98 119 109 112 83 81 84 92 92 64 88 77 78 65 96 119 105 89 87 61 53 82 92 59 61 118 60 70 95 63 105 104 86 97 83 89 57 60 113 82 101 104 73 76 111 110 116 92 89 92 87 103 88 200
